view,order,leaf_group,folio,locus,total_bits,total_events,glyph_bits,glyph_events,boundary_bits,boundary_events,oov_events,bits_per_event,glyph_bits_per_glyph
token_reset_eot,3,f102,f102r1,"f102r1.1,@Lc",27.39559524124693,7,23.841278812468847,6,3.5543164287780815,1,0,3.913656463035276,3.9735464687448077
token_reset_eot,3,f102,f102r1,"f102r1.10,+P0",107.19766554591182,48,103.18727518132343,39,4.010390364588386,9,0,2.2332846988731627,2.6458275687518826
token_reset_eot,3,f102,f102r1,"f102r1.11,+P0",102.63475665498348,46,97.2920872781627,38,5.342669376820787,8,0,2.2311903620648583,2.5603180862674395
token_reset_eot,3,f102,f102r1,"f102r1.12,@Lc",40.34154242084219,7,34.44032854875695,6,5.901213872085238,1,0,5.763077488691741,5.740054758126159
token_reset_eot,3,f102,f102r1,"f102r1.13,@P0",119.43883642001296,48,117.63443641487214,41,1.8044000051408227,7,0,2.4883090920836035,2.8691325954846865
token_reset_eot,3,f102,f102r1,"f102r1.14,+P0",130.88411489261242,51,122.63947971147974,40,8.244635181132658,11,0,2.5663551939727927,3.0659869927869936
token_reset_eot,3,f102,f102r1,"f102r1.15,+P0",101.75453612292162,45,99.62589903018105,36,2.128637092740588,9,0,2.2612119138427027,2.7673860841716955
token_reset_eot,3,f102,f102r1,"f102r1.16,+P0",140.29829411899675,51,136.04733388746573,41,4.2509602315310175,10,0,2.75094694350974,3.318227655791847
token_reset_eot,3,f102,f102r1,"f102r1.17,+P0",73.41513633282582,31,72.9627844828421,25,0.45235184998373884,6,0,2.368230204284704,2.9185113793136837
token_reset_eot,3,f102,f102r1,"f102r1.2,@Lf",28.097237338826158,10,27.777054007383544,9,0.3201833314426132,1,0,2.809723733882616,3.086339334153727
token_reset_eot,3,f102,f102r1,"f102r1.3,@P0",101.5845817924649,42,100.13626870899772,35,1.4483130834671798,7,0,2.418680518868212,2.861036248828506
token_reset_eot,3,f102,f102r1,"f102r1.4,+P0",110.30119403133034,44,109.72294615700315,38,0.5782478743271944,6,0,2.5068453188938715,2.8874459515000828
token_reset_eot,3,f102,f102r1,"f102r1.5,+P0",133.5014494772149,53,124.19245278445712,43,9.308996692757791,10,0,2.518895273154998,2.8881965763827235
token_reset_eot,3,f102,f102r1,"f102r1.6,+P0",43.1864887696303,22,42.45128455654209,18,0.7352042130882112,4,0,1.9630222168013773,2.3584046975856716
token_reset_eot,3,f102,f102r1,"f102r1.7,@Lc",19.716328076149143,8,19.65798113839367,7,0.05834693775547275,1,0,2.464541009518643,2.808283019770524
token_reset_eot,3,f102,f102r1,"f102r1.8,@P0",109.57116124946145,47,106.71001136285918,39,2.8611498866022753,8,0,2.331301303180031,2.7361541375092098
token_reset_eot,3,f102,f102r1,"f102r1.9,+P0",110.10537728597262,49,108.58693156383588,42,1.5184457221367584,7,0,2.2470485160402576,2.585403132472283
token_reset_eot,3,f102,f102r2,"f102r2.1,@Lc",25.59620151085209,7,25.50842793552917,6,0.08777357532292104,1,0,3.6566002158360127,4.251404655921529
token_reset_eot,3,f102,f102r2,"f102r2.10,+P0",108.38751807033722,41,106.14693631754504,32,2.2405817527921763,9,0,2.643598001715542,3.3170917599232825
token_reset_eot,3,f102,f102r2,"f102r2.11,+P0",137.14283590217272,53,124.53103492839115,41,12.611800973781532,12,0,2.587600677399485,3.0373423153266135
token_reset_eot,3,f102,f102r2,"f102r2.12,+P0",101.67668950850297,43,92.25423872419015,33,9.422450784312815,10,0,2.3645741746163482,2.7955829916421258
token_reset_eot,3,f102,f102r2,"f102r2.13,@Lc",44.21672643429866,9,44.10072792235721,8,0.11599851194144876,1,0,4.912969603810962,5.512590990294651
token_reset_eot,3,f102,f102r2,"f102r2.16,@P0",145.58018516649543,47,143.78925954643677,39,1.7909256200586492,8,0,3.097450748223307,3.6869040909342763
token_reset_eot,3,f102,f102r2,"f102r2.17,+P0",146.02681688644384,55,142.73626347240256,45,3.290553414041299,10,0,2.6550330342989787,3.17191696605339
token_reset_eot,3,f102,f102r2,"f102r2.18,+P0",91.66479191485479,49,88.6969920962885,38,2.967799818566291,11,0,1.870710039078669,2.3341313709549603
token_reset_eot,3,f102,f102r2,"f102r2.19,+P0",135.70254449654917,57,119.26672617173907,45,16.435818324810096,12,0,2.3807463946763012,2.6503716927053125
token_reset_eot,3,f102,f102r2,"f102r2.2,@P0",122.27952773953643,33,117.69602959499969,25,4.583498144536744,8,0,3.705440234531407,4.707841183799988
token_reset_eot,3,f102,f102r2,"f102r2.20,+P0",111.64230358482644,41,93.34534962903545,32,18.296953955791,9,0,2.7229830142640594,2.917042175907358
token_reset_eot,3,f102,f102r2,"f102r2.21,@Lf",28.611248130441425,9,25.05693170166334,8,3.5543164287780815,1,0,3.179027570049047,3.1321164627079177
token_reset_eot,3,f102,f102r2,"f102r2.22,@Lf",29.692069810638806,10,29.633965088724196,9,0.05810472191461011,1,0,2.9692069810638806,3.2926627876360217
token_reset_eot,3,f102,f102r2,"f102r2.3,+P0",77.12144348216289,33,73.45712422120965,27,3.664319260953236,6,0,2.337013438853421,2.7206342304151723
token_reset_eot,3,f102,f102r2,"f102r2.4,+P0",89.26450736464173,36,86.87935131950995,29,2.385156045131793,7,0,2.479569649017826,2.995839700672757
token_reset_eot,3,f102,f102r2,"f102r2.5,+P0",78.15440463617941,35,72.89509611534744,27,5.259308520831974,8,0,2.232982989605126,2.699818374642498
token_reset_eot,3,f102,f102r2,"f102r2.6,+P0",94.9890760692652,45,88.24999137030743,36,6.7390846989577735,9,0,2.110868357094782,2.451388649175206
token_reset_eot,3,f102,f102r2,"f102r2.8,@P0",117.16465469736897,47,108.95640653312073,38,8.208248164248253,9,0,2.492864993561042,2.867273856134756
token_reset_eot,3,f102,f102r2,"f102r2.9,+P0",134.24264455804843,49,129.60569561182564,40,4.636948946222747,9,0,2.739645807307111,3.2401423902956408
token_reset_eot,3,f102,f102v1,"f102v1.1,@Lc",23.21347751275582,7,23.196401104275438,6,0.01707640848038279,1,0,3.316211073250831,3.866066850712573
token_reset_eot,3,f102,f102v1,"f102v1.10,+P0",100.0971661792543,46,98.58297285987467,36,1.5141933193796557,10,0,2.1760253517229198,2.7384159127742964
token_reset_eot,3,f102,f102v1,"f102v1.11,+P0",94.49080269449838,48,91.59048435613778,38,2.9003183383605977,10,0,1.9685583894687164,2.410275904108889
token_reset_eot,3,f102,f102v1,"f102v1.12,+P0",127.3949776938927,45,120.18615483613125,35,7.208822857761455,10,1,2.8309995043087266,3.4338901381751787
token_reset_eot,3,f102,f102v1,"f102v1.13,+P0",95.92495057442177,44,93.466314634312,34,2.4586359401097697,10,0,2.18011251305504,2.749009253950353
token_reset_eot,3,f102,f102v1,"f102v1.14,+P0",61.13102174450423,25,59.72146540685727,20,1.4095563376469562,5,0,2.4452408697801693,2.9860732703428634
token_reset_eot,3,f102,f102v1,"f102v1.16,@Lf",19.195112984157742,8,19.164040570240296,7,0.031072413917447604,1,0,2.3993891230197177,2.7377200814628995
token_reset_eot,3,f102,f102v1,"f102v1.17,@Lf",24.146008626545747,9,24.1149362126283,8,0.031072413917447604,1,0,2.6828898473939717,3.0143670265785376
token_reset_eot,3,f102,f102v1,"f102v1.18,@Lf",25.06008549042157,8,21.907052249607418,7,3.1530332408141546,1,0,3.1325106863026964,3.1295788928010597
token_reset_eot,3,f102,f102v1,"f102v1.19,@P0",121.1957788743101,45,118.38742303701176,37,2.8083558372983237,8,0,2.6932395305402244,3.1996600820813987
token_reset_eot,3,f102,f102v1,"f102v1.2,@Lf",11.056190138142577,7,11.02511772422513,6,0.031072413917447604,1,0,1.579455734020368,1.8375196207041882
token_reset_eot,3,f102,f102v1,"f102v1.20,+P0",94.95070866272557,50,93.97112846509653,41,0.9795801976290571,9,0,1.8990141732545114,2.2919787430511347
token_reset_eot,3,f102,f102v1,"f102v1.21,+P0",96.9130556248056,48,96.63128568054049,40,0.28176994426509083,8,0,2.01902199218345,2.415782142013512
token_reset_eot,3,f102,f102v1,"f102v1.22,+P0",93.63833239221124,47,91.71191730458852,39,1.9264150876227157,8,0,1.9923049445151328,2.3515876231945776
token_reset_eot,3,f102,f102v1,"f102v1.23,+P0",94.73047027904771,47,91.6254631755288,39,3.1050071035189077,8,0,2.015541920830802,2.3493708506545845
token_reset_eot,3,f102,f102v1,"f102v1.24,+P0",47.895403883390614,19,46.84128058223148,15,1.0541233011591287,4,0,2.520810730704769,3.122752038815432
token_reset_eot,3,f102,f102v1,"f102v1.3,@Lf",11.056190138142577,7,11.02511772422513,6,0.031072413917447604,1,0,1.579455734020368,1.8375196207041882
token_reset_eot,3,f102,f102v1,"f102v1.4,@Lf",24.444715611005368,8,24.386368673249894,7,0.05834693775547275,1,0,3.055589451375671,3.4837669533214135
token_reset_eot,3,f102,f102v1,"f102v1.5,@Lf",17.46012619784786,6,17.40202147593325,5,0.05810472191461011,1,0,2.9100210329746434,3.48040429518665
token_reset_eot,3,f102,f102v1,"f102v1.6,@Lf",46.774131113488146,7,46.3253451179091,6,0.44878599557904736,1,0,6.6820187304983065,7.720890852984851
token_reset_eot,3,f102,f102v1,"f102v1.7,@P0",116.2210105267063,43,115.14062443700783,35,1.0803860896984565,8,0,2.702814198295495,3.289732126771652
token_reset_eot,3,f102,f102v1,"f102v1.8,+P0",111.72260267582755,46,109.07747340295461,36,2.6451292728729436,10,0,2.4287522320832076,3.029929816748739
token_reset_eot,3,f102,f102v1,"f102v1.9,+P0",112.29735742419403,52,106.37854383377294,42,5.918813590421116,10,0,2.159564565849885,2.532822472232689
token_reset_eot,3,f102,f102v2,"f102v2.1,@Lc",29.545047610685153,8,29.1437556921031,7,0.40129191858205243,1,0,3.693130951335644,4.163393670300443
token_reset_eot,3,f102,f102v2,"f102v2.10,@Lf",11.876561952604133,6,11.845489538686685,5,0.031072413917447604,1,0,1.9794269921006888,2.369097907737337
token_reset_eot,3,f102,f102v2,"f102v2.11,@Lf",9.432253152955528,5,9.112069821512915,4,0.3201833314426132,1,0,1.8864506305911057,2.2780174553782286
token_reset_eot,3,f102,f102v2,"f102v2.12,@Lf",24.927749984523032,8,24.90429838369961,7,0.023451600823422177,1,0,3.115968748065379,3.5577569119570875
token_reset_eot,3,f102,f102v2,"f102v2.13,@Lf",11.168521725760566,5,11.071206265562974,4,0.09731546019759274,1,0,2.2337043451521135,2.7678015663907436
token_reset_eot,3,f102,f102v2,"f102v2.14,@Lf",15.589526735859943,6,14.917497837357049,5,0.6720288985028938,1,0,2.598254455976657,2.9834995674714095
token_reset_eot,3,f102,f102v2,"f102v2.15,@Lf",23.362159195332257,8,23.063164086664578,7,0.298995108667678,1,0,2.920269899416532,3.2947377266663684
token_reset_eot,3,f102,f102v2,"f102v2.17,@P0",129.49224065001832,41,110.64285008990532,33,18.849390560113022,8,0,3.158347332927276,3.35281363908804
token_reset_eot,3,f102,f102v2,"f102v2.18,+P0",85.3035904006826,31,80.42947985414176,25,4.874110546540843,6,0,2.7517287226026643,3.2171791941656704
token_reset_eot,3,f102,f102v2,"f102v2.19,+P0",140.63839112511718,43,107.54704555397983,30,33.09134557113739,13,0,3.2706602587236553,3.5849015184659945
token_reset_eot,3,f102,f102v2,"f102v2.2,+Lc",29.322250306149297,7,29.283762628968454,6,0.03848767718084306,1,0,4.1888929008784705,4.880627104828076
token_reset_eot,3,f102,f102v2,"f102v2.20,+P0",117.63087762357162,57,110.89451577190151,46,6.736361851670108,11,0,2.063699607431081,2.410750342867424
token_reset_eot,3,f102,f102v2,"f102v2.21,+P0",140.67988124018382,57,129.92215536268256,43,10.757725877501265,14,0,2.4680680919330493,3.021445473550757
token_reset_eot,3,f102,f102v2,"f102v2.22,+P0",121.17438466395083,55,111.41403865354548,41,9.760346010405328,14,0,2.2031706302536516,2.717415576915743
token_reset_eot,3,f102,f102v2,"f102v2.23,+P0",72.0374315537523,30,71.19840627789868,23,0.8390252758536049,7,0,2.40124771845841,3.095582881647769
token_reset_eot,3,f102,f102v2,"f102v2.24,@Lc",15.807682456637103,7,15.756381301257955,6,0.05130115537914905,1,0,2.2582403509481574,2.626063550209659
token_reset_eot,3,f102,f102v2,"f102v2.25,@Lf",15.22828353550931,5,15.203903573820359,4,0.024379961688951016,1,0,3.0456567071018616,3.8009758934550897
token_reset_eot,3,f102,f102v2,"f102v2.26,@Lf",18.246058490279456,5,18.194757334900306,4,0.05130115537914905,1,0,3.649211698055891,4.5486893337250764
token_reset_eot,3,f102,f102v2,"f102v2.27,@Lf",17.36125822465459,8,17.345206774320655,7,0.016051450333934823,1,0,2.170157278081824,2.4778866820458076
token_reset_eot,3,f102,f102v2,"f102v2.28,@Lf",20.412980924032734,6,20.396167398640976,5,0.01681352539175814,1,0,3.402163487338789,4.079233479728195
token_reset_eot,3,f102,f102v2,"f102v2.29,@Lf",9.526324251996346,3,9.165338320625528,2,0.3609859313708184,1,0,3.1754414173321153,4.582669160312764
token_reset_eot,3,f102,f102v2,"f102v2.3,@Lf",13.404582446877022,5,13.084399115434408,4,0.3201833314426132,1,0,2.6809164893754045,3.271099778858602
token_reset_eot,3,f102,f102v2,"f102v2.30,@P0",153.15612718920326,51,148.80090045135313,42,4.355226737850103,9,0,3.003061317435358,3.5428785821750743
token_reset_eot,3,f102,f102v2,"f102v2.31,+P0",144.88399288733973,47,137.91275344733617,38,6.9712394400035675,9,0,3.0826381465391433,3.629282985456215
token_reset_eot,3,f102,f102v2,"f102v2.32,+P0",109.32457082463701,48,103.8619624577888,36,5.462608366848221,12,0,2.277595225513271,2.885054512716356
token_reset_eot,3,f102,f102v2,"f102v2.33,+P0",101.32229673659515,41,83.95668281758758,30,17.36561391900756,11,0,2.4712755301608573,2.798556093919586
token_reset_eot,3,f102,f102v2,"f102v2.34,+P0",105.55339191710621,47,103.17038196780312,39,2.383009949303086,8,0,2.245816849300132,2.6453944094308492
token_reset_eot,3,f102,f102v2,"f102v2.35,+P0",105.1790682619086,51,99.54319832982122,41,5.635869932087373,10,0,2.0623346718021294,2.4278828860932005
token_reset_eot,3,f102,f102v2,"f102v2.36,+P0",86.82526902870113,44,85.65268957024443,35,1.172579458456694,9,0,1.9733015688341167,2.4472197020069837
token_reset_eot,3,f102,f102v2,"f102v2.37,+P0",103.28254883285692,47,101.50053542095624,37,1.7820134119006785,10,0,2.197501038996956,2.743257714079898
token_reset_eot,3,f102,f102v2,"f102v2.38,+P0",96.47488891505468,45,90.51000879760132,35,5.9648801174533554,10,0,2.1438864203345482,2.5860002513600375
token_reset_eot,3,f102,f102v2,"f102v2.39,+P0",55.53616418963742,22,55.12968982529223,18,0.40647436434518586,4,0,2.5243710995289734,3.0627605458495686
token_reset_eot,3,f102,f102v2,"f102v2.4,@Lf",7.212352390097382,4,6.892169058654769,3,0.3201833314426132,1,0,1.8030880975243455,2.2973896862182563
token_reset_eot,3,f102,f102v2,"f102v2.5,@Lf",23.234129041452,5,23.13681358125441,4,0.09731546019759274,1,0,4.6468258082904,5.784203395313602
token_reset_eot,3,f102,f102v2,"f102v2.6,@Lf",12.536599142661467,6,12.17561321129065,5,0.3609859313708184,1,0,2.089433190443578,2.43512264225813
token_reset_eot,3,f102,f102v2,"f102v2.7,@Lf",9.40654231394787,5,8.734513415444976,4,0.6720288985028938,1,0,1.881308462789574,2.183628353861244
token_reset_eot,3,f102,f102v2,"f102v2.8,@Lf",14.451708705666185,6,14.393603983751575,5,0.05810472191461011,1,0,2.408618117611031,2.878720796750315
token_reset_eot,3,f106,f106r,"f106r.1,@P0",155.8811931708174,66,144.7263791172001,55,11.1548140536173,11,0,2.3618362601639,2.6313887112218204
token_reset_eot,3,f106,f106r,"f106r.10,+P0",113.94369948167834,59,113.2899942390138,50,0.6537052426645312,9,0,1.9312491437572599,2.265799884780276
token_reset_eot,3,f106,f106r,"f106r.11,+P0",125.9913044088137,55,124.28082590083216,43,1.710478507981526,12,0,2.2907509892511584,2.8902517651356314
token_reset_eot,3,f106,f106r,"f106r.12,+P0",53.15682180410818,29,50.77915974056873,24,2.377662063539452,5,0,1.8329938553140752,2.115798322523697
token_reset_eot,3,f106,f106r,"f106r.13,+P0",133.06949648908514,58,124.62640670043115,47,8.443089788653968,11,0,2.2943016636049163,2.6516256744772586
token_reset_eot,3,f106,f106r,"f106r.14,+P0",84.92228837384053,45,82.89206355274398,37,2.0302248210965663,8,0,1.887161963863123,2.2403260419660533
token_reset_eot,3,f106,f106r,"f106r.15,+P0",133.82027078194926,58,129.26879631957024,48,4.5514744623790255,10,0,2.3072460479646426,2.69309992332438
token_reset_eot,3,f106,f106r,"f106r.16,+P0",134.31941749793307,58,131.82052444361352,46,2.4988930543195544,12,0,2.315852025826432,2.8656635748611636
token_reset_eot,3,f106,f106r,"f106r.17,+P0",94.55752278418501,37,93.51684901614601,31,1.0406737680389897,6,0,2.555608723896892,3.016672548907936
token_reset_eot,3,f106,f106r,"f106r.18,+P0",136.3337156049362,66,129.37018442241384,55,6.96353118252238,11,0,2.0656623576505484,2.3521851713166155
token_reset_eot,3,f106,f106r,"f106r.19,+P0",117.18289548005836,59,113.65362582436428,49,3.5292696556940952,10,0,1.986150770848447,2.3194617515176383
token_reset_eot,3,f106,f106r,"f106r.2,+P0",131.60731057597576,63,118.07220839398451,51,13.535102181991228,12,0,2.089004929777393,2.3151413410585198
token_reset_eot,3,f106,f106r,"f106r.20,+P0",97.76687642194291,56,96.52785705785946,46,1.239019364083445,10,0,1.7458370789632662,2.098431675170858
token_reset_eot,3,f106,f106r,"f106r.21,+P0",64.66725104557655,37,61.32421687150153,31,3.34303417407502,6,0,1.7477635417723392,1.9782005442419848
token_reset_eot,3,f106,f106r,"f106r.22,+P0",135.67587567101182,61,134.10689248082565,51,1.5689831901861746,10,0,2.2241946831313415,2.629546911388738
token_reset_eot,3,f106,f106r,"f106r.23,+P0",104.85512294239646,52,103.02644058131034,42,1.828682361086112,10,0,2.016444671969163,2.4530104900311986
token_reset_eot,3,f106,f106r,"f106r.24,+P0",130.7795281348428,59,125.86497973233851,50,4.914548402504283,9,0,2.2166021717769966,2.5172995946467704
token_reset_eot,3,f106,f106r,"f106r.25,+P0",115.14025072189168,56,108.68023873437545,45,6.460011987516231,11,0,2.0560759057480658,2.4151164163194543
token_reset_eot,3,f106,f106r,"f106r.26,+P0",24.372987425055555,10,22.080921790174422,8,2.292065634881135,2,0,2.4372987425055554,2.7601152237718027
token_reset_eot,3,f106,f106r,"f106r.27,+P0",152.02698812909733,55,151.05529725177288,45,0.9716908773244196,10,0,2.764127056892679,3.3567843833727307
token_reset_eot,3,f106,f106r,"f106r.28,+P0",129.19386390720132,56,119.62152139433555,44,9.572342512865772,12,0,2.3070332840571663,2.718670940780353
token_reset_eot,3,f106,f106r,"f106r.29,+P0",113.73308212168371,52,111.29464281955451,41,2.4384393021291797,11,0,2.187174656186225,2.7145034834037687
token_reset_eot,3,f106,f106r,"f106r.3,+P0",68.23091326300182,32,66.90656185902866,26,1.3243514039731634,6,0,2.132216039468807,2.573329302270333
token_reset_eot,3,f106,f106r,"f106r.30,+P0",140.25188103497726,52,123.16312946004865,39,17.0887515749286,13,0,2.6971515583649475,3.158028960514068
token_reset_eot,3,f106,f106r,"f106r.31,+P0",87.73501669711261,29,85.82559538165617,23,1.9094213154564204,6,0,3.0253454033487106,3.731547625289399
token_reset_eot,3,f106,f106r,"f106r.32,+P0",141.64207416992335,57,137.25618919310145,47,4.385884976821876,10,0,2.484948669647778,2.920344450917052
token_reset_eot,3,f106,f106r,"f106r.33,+P0",96.82764775225169,46,95.13650401012798,37,1.6911437421236957,9,0,2.1049488641793848,2.571256865138594
token_reset_eot,3,f106,f106r,"f106r.34,+P0",151.83975112105122,58,142.31759346812595,49,9.522157652925236,9,0,2.6179267434664,2.9044406830229788
token_reset_eot,3,f106,f106r,"f106r.35,+P0",47.76894128457833,25,47.34044874236268,20,0.428492542215657,5,0,1.9107576513831332,2.367022437118134
token_reset_eot,3,f106,f106r,"f106r.36,+P0",116.77832948428197,57,111.26167398178637,47,5.516655502495615,10,0,2.048742622531263,2.367269659186944
token_reset_eot,3,f106,f106r,"f106r.37,+P0",48.141261055143886,17,44.81850862431257,14,3.3227524308313194,3,0,2.8318388855966994,3.201322044593755
token_reset_eot,3,f106,f106r,"f106r.38,+P0",140.3490637646534,56,126.43153081251369,45,13.917532952139709,11,0,2.506233281511668,2.809589573611415
token_reset_eot,3,f106,f106r,"f106r.39,+P0",133.75361806866596,52,130.71282792679617,41,3.0407901418697825,11,0,2.5721849628589606,3.1881177543121018
token_reset_eot,3,f106,f106r,"f106r.4,+P0",143.64749627249026,63,142.6435655989821,53,1.0039306735082014,10,0,2.280118988452226,2.6913880301694735
token_reset_eot,3,f106,f106r,"f106r.40,+P0",95.60703855929758,51,94.50925959193363,40,1.097778967363956,11,0,1.8746478148881878,2.3627314897983407
token_reset_eot,3,f106,f106r,"f106r.41,+P0",70.89302439192421,34,66.18211439664,28,4.7109099952842,6,0,2.0850889527036536,2.363646942737143
token_reset_eot,3,f106,f106r,"f106r.42,+P0",139.60074199808884,55,137.9368806654383,45,1.6638613326505145,10,1,2.5381953090561606,3.065264014787518
token_reset_eot,3,f106,f106r,"f106r.43,+P0",115.40476347902299,57,111.79390834369336,46,3.610855135329617,11,0,2.024644973316193,2.4303023552976817
token_reset_eot,3,f106,f106r,"f106r.44,+P0",125.20611912310268,52,119.49670826925862,42,5.709410853844049,10,0,2.4078099831365902,2.8451597206966337
token_reset_eot,3,f106,f106r,"f106r.45,+P0",103.10576033251357,48,97.87366282261286,38,5.232097509900689,10,0,2.148036673594033,2.5756227058582333
token_reset_eot,3,f106,f106r,"f106r.46,+P0",92.45493064684436,53,91.31815508523067,44,1.13677556161367,9,0,1.7444326537140444,2.0754126155734243
token_reset_eot,3,f106,f106r,"f106r.47,+P0",69.71813144088733,33,68.95558334133068,27,0.7625480995566382,6,0,2.1126706497238588,2.5539104941233584
token_reset_eot,3,f106,f106r,"f106r.5,+P0",129.70502909075665,58,118.63372296101969,47,11.07130612973696,11,0,2.2362936050130457,2.5241217651280783
token_reset_eot,3,f106,f106r,"f106r.6,+P0",132.2465380857875,64,126.41850297988958,53,5.828035105897919,11,0,2.06635215759043,2.385254773205464
token_reset_eot,3,f106,f106r,"f106r.7,+P0",84.29715268669725,37,78.16743841507532,30,6.129714271621913,7,0,2.2783014239647903,2.605581280502511
token_reset_eot,3,f106,f106r,"f106r.8,+P0",137.34316459956113,63,131.3074749429943,52,6.035689656566837,11,0,2.1800502317390658,2.5251437489037367
token_reset_eot,3,f106,f106r,"f106r.9,+P0",79.66337101294843,39,74.43529687992617,32,5.228074133022269,7,0,2.0426505387935494,2.326103027497693
token_reset_eot,3,f106,f106v,"f106v.1,@P0",174.22968028569187,59,164.7323204808758,48,9.497359804816094,11,0,2.953045428571049,3.4319233433515794
token_reset_eot,3,f106,f106v,"f106v.10,+P0",89.11450277093131,40,88.28537361782976,33,0.8291291531015448,7,0,2.2278625692732827,2.675314352055447
token_reset_eot,3,f106,f106v,"f106v.11,+P0",132.1974867175394,64,130.88778778446763,53,1.3096989330717443,11,0,2.065585729961553,2.469580901593729
token_reset_eot,3,f106,f106v,"f106v.12,+P0",115.83732985619744,58,107.21845860181075,48,8.618871254386693,10,0,1.9971953423482318,2.233717887537724
token_reset_eot,3,f106,f106v,"f106v.13,+P0",141.27450557361394,55,138.81678335850486,44,2.457722215109132,11,0,2.568627374065708,3.1549268945114743
token_reset_eot,3,f106,f106v,"f106v.14,+P0",82.0239744574513,34,81.51935023779049,27,0.5046242196608087,7,0,2.412469836983862,3.0192351939922406
token_reset_eot,3,f106,f106v,"f106v.15,+P0",132.4304539397442,59,131.5496368154007,50,0.8808171243435314,9,0,2.2445839650804102,2.630992736308014
token_reset_eot,3,f106,f106v,"f106v.16,+P0",112.35206998426395,61,110.10614756098279,50,2.2459224232811636,11,0,1.8418372128567861,2.2021229512196556
token_reset_eot,3,f106,f106v,"f106v.17,+P0",59.787987660066335,30,58.577516436803,25,1.2104712232633286,5,0,1.9929329220022112,2.34310065747212
token_reset_eot,3,f106,f106v,"f106v.18,+P0",139.22169867588752,59,134.9393003742206,49,4.282398301666895,10,0,2.35968980806589,2.7538632729432777
token_reset_eot,3,f106,f106v,"f106v.19,+P0",83.72696648908155,40,81.25880075859072,31,2.468165730490835,9,0,2.093174162227039,2.621251637373894
token_reset_eot,3,f106,f106v,"f106v.2,+P0",141.11885383780657,61,128.1587458941488,48,12.960107943657766,13,0,2.3134238334066652,2.669973872794767
token_reset_eot,3,f106,f106v,"f106v.20,+P0",168.3203052212063,52,162.87350765789017,43,5.446797563316095,9,0,3.2369289465616595,3.7877559920439574
token_reset_eot,3,f106,f106v,"f106v.21,+P0",88.82126462901417,43,81.72014481567281,35,7.10111981334137,8,0,2.065610805325911,2.3348612804477944
token_reset_eot,3,f106,f106v,"f106v.22,+P0",132.75305318940167,56,128.52174471615868,47,4.231308473242977,9,0,2.3705902355250297,2.7345052067267805
token_reset_eot,3,f106,f106v,"f106v.23,+P0",104.94242635458805,59,101.26522818951221,46,3.677198165075835,13,0,1.7786851924506448,2.2014180041198306
token_reset_eot,3,f106,f106v,"f106v.24,+P0",148.6233176087266,56,146.06235138694979,46,2.5609662217768503,10,0,2.6539878144415465,3.175268508411952
token_reset_eot,3,f106,f106v,"f106v.25,+P0",57.38906409842698,28,54.10295828708004,22,3.2861058113469315,6,0,2.049609432086678,2.4592253766854566
token_reset_eot,3,f106,f106v,"f106v.26,+P0",133.8491790004103,56,130.97789691396477,45,2.8712820864455253,11,0,2.390163910721612,2.910619931421439
token_reset_eot,3,f106,f106v,"f106v.27,+P0",87.31957488303527,35,82.87945827756275,29,4.440116605472526,6,0,2.4948449966581507,2.8579123543987155
token_reset_eot,3,f106,f106v,"f106v.28,+P0",109.82998466739737,60,108.52292882364515,50,1.3070558437522386,10,0,1.830499744456623,2.1704585764729027
token_reset_eot,3,f106,f106v,"f106v.29,+P0",112.75854296020889,56,111.45574734937642,45,1.3027956108324794,11,0,2.01354541000373,2.4767943855416985
token_reset_eot,3,f106,f106v,"f106v.3,+P0",131.92148141071087,61,126.07088681173114,48,5.8505945989796855,13,0,2.162647236241162,2.626476808577732
token_reset_eot,3,f106,f106v,"f106v.30,+P0",134.83026566245323,60,131.68082535977535,51,3.1494403026778746,9,0,2.2471710943742207,2.5819769678387323
token_reset_eot,3,f106,f106v,"f106v.31,+P0",65.72966620686904,23,60.79723437962047,19,4.932431827248561,4,0,2.8578115742116976,3.1998544410326564
token_reset_eot,3,f106,f106v,"f106v.32,+P0",144.51662260932443,61,142.59881778269397,50,1.9178048266304515,11,0,2.3691249608085974,2.8519763556538793
token_reset_eot,3,f106,f106v,"f106v.33,+P0",76.3324578350049,34,75.10922381129205,26,1.2232340237128554,8,0,2.2450722892648503,2.8888163004343097
token_reset_eot,3,f106,f106v,"f106v.34,+P0",145.5868983602546,61,142.9237578930268,49,2.663140467227816,12,0,2.3866704649222066,2.9168113855719753
token_reset_eot,3,f106,f106v,"f106v.35,+P0",114.9307227817659,59,107.38083665366723,47,7.549886128098671,12,0,1.9479783522333203,2.2846986522056856
token_reset_eot,3,f106,f106v,"f106v.36,+P0",37.93953085974793,22,37.20432664665972,18,0.7352042130882112,4,0,1.7245241299885423,2.0669070359255404
token_reset_eot,3,f106,f106v,"f106v.37,+P0",190.85885894779312,64,184.88995049954966,52,5.968908448243479,12,0,2.9821696710592676,3.5555759711451858
token_reset_eot,3,f106,f106v,"f106v.38,+P0",112.64412184124359,59,111.03513373138337,49,1.6089881098602326,10,0,1.9092224040888743,2.266023137375171
token_reset_eot,3,f106,f106v,"f106v.39,+P0",33.548861960527304,20,32.51592688214311,16,1.0329350783841935,4,0,1.6774430980263653,2.0322454301339445
token_reset_eot,3,f106,f106v,"f106v.4,+P0",102.7588821311765,40,94.23917048538965,32,8.519711645786845,8,0,2.5689720532794125,2.9449740776684266
token_reset_eot,3,f106,f106v,"f106v.40,+P0",146.6960193362188,63,139.80602108073953,51,6.889998255479242,12,0,2.3285082434320445,2.741294530994893
token_reset_eot,3,f106,f106v,"f106v.41,+P0",85.4263209437323,49,84.7846035750641,40,0.6417173686682034,9,0,1.7433943049741287,2.1196150893766026
token_reset_eot,3,f106,f106v,"f106v.42,+P0",122.03427829011855,60,120.62466924549932,48,1.409609044619197,12,0,2.0339046381686425,2.513013942614569
token_reset_eot,3,f106,f106v,"f106v.43,+P0",106.45933969520516,58,104.71885932806845,46,1.7404803671366935,12,0,1.835505856813882,2.2764969419145316
token_reset_eot,3,f106,f106v,"f106v.44,+P0",111.97555922260831,55,107.78428998296208,44,4.191269239646234,11,0,2.0359192585928785,2.449642954158229
token_reset_eot,3,f106,f106v,"f106v.45,+P0",139.7319673681917,58,137.86284687429722,47,1.8691204938944963,11,0,2.409171851175719,2.93325206115526
token_reset_eot,3,f106,f106v,"f106v.46,+P0",108.99592911155483,53,107.1600607624592,42,1.8358683490956345,11,0,2.056526964368959,2.5514300181537903
token_reset_eot,3,f106,f106v,"f106v.47,+P0",31.477397038691237,11,31.410044432978154,9,0.06735260571308387,2,0,2.8615815489719307,3.4900049369975727
token_reset_eot,3,f106,f106v,"f106v.5,+P0",150.34000811919958,63,144.37298272904522,51,5.967025390154371,12,0,2.38634933522539,2.83084279860873
token_reset_eot,3,f106,f106v,"f106v.6,+P0",121.45546543608597,57,117.46789911762173,47,3.987566318464254,10,0,2.1307976392295784,2.49931700250259
token_reset_eot,3,f106,f106v,"f106v.7,+P0",150.90483096833898,62,145.15274149747984,49,5.752089470859142,13,0,2.4339488865861125,2.9623008468873437
token_reset_eot,3,f106,f106v,"f106v.8,+P0",45.7005241884807,21,41.77095541867621,16,3.9295687698044897,5,0,2.1762154375466998,2.610684713667263
token_reset_eot,3,f106,f106v,"f106v.9,+P0",158.02016370692547,58,156.37124021463796,48,1.6489234922875307,10,0,2.7244855811538873,3.257734171138291
token_reset_eot,3,f11,f11r,"f11r.1,@P0",122.27143706900273,40,120.70175364574766,32,1.5696834232550827,8,0,3.0567859267250683,3.7719298014296143
token_reset_eot,3,f11,f11r,"f11r.2,+P0",107.9939749454787,44,103.9410872986495,35,4.052887646829189,9,0,2.454408521488152,2.969745351389986
token_reset_eot,3,f11,f11r,"f11r.3,+P0",106.41312663941753,43,101.33208152320734,33,5.081045116210162,10,0,2.4747238753352914,3.070669137066889
token_reset_eot,3,f11,f11r,"f11r.4,+P0",41.34905733604462,19,40.435273652895155,14,0.9137836831494618,5,0,2.1762661755812958,2.888233832349654
token_reset_eot,3,f11,f11r,"f11r.5,+P0",122.83323579690558,40,111.21746990272585,29,11.615765894179741,11,1,3.0708308949226395,3.835085169059512
token_reset_eot,3,f11,f11r,"f11r.6,+P0",108.15422850061108,43,92.85327340518994,31,15.300955095421147,12,0,2.515214616293281,2.995266884038385
token_reset_eot,3,f11,f11r,"f11r.7,+P0",37.25733316982793,18,36.41719609414477,14,0.8401370756831568,4,0,2.069851842768218,2.601228292438912
token_reset_eot,3,f11,f11v,"f11v.1,@P0",119.8343834424704,38,115.74642733504581,30,4.087956107424583,8,0,3.1535364063808,3.858214244501527
token_reset_eot,3,f11,f11v,"f11v.2,+P0",76.22808823760485,36,75.16889396084525,27,1.0591942767596247,9,0,2.1174468954890235,2.7840331096609354
token_reset_eot,3,f11,f11v,"f11v.3,+P0",97.30321014161625,40,92.09075364189587,31,5.212456499720372,9,0,2.432580253540406,2.9706694723192215
token_reset_eot,3,f11,f11v,"f11v.4,+P0",148.13252632503202,39,142.26877395873066,31,5.863752366301355,8,0,3.7982699057700517,4.589315288991312
token_reset_eot,3,f11,f11v,"f11v.5,*L0",19.081195121702365,3,12.737477938153955,2,6.343717183548412,1,0,6.3603983739007885,6.368738969076977
token_reset_eot,3,f11,f11v,"f11v.6,=P0",103.52746735703846,38,96.07333460291404,29,7.454132754124401,9,0,2.7244070357115384,3.312873606997036
token_reset_eot,3,f11,f11v,"f11v.7,+P0",68.07425839502814,25,59.484228717354576,19,8.590029677673554,6,0,2.7229703358011257,3.130748879860767
token_reset_eot,3,f113,f113r,"f113r.1,@P0",160.06360462437192,65,158.94338431610925,54,1.1202203082626612,11,1,2.4625169942211063,2.943396005853875
token_reset_eot,3,f113,f113r,"f113r.10,+P0",148.82323391162524,72,147.2619091613148,60,1.561324750310456,12,0,2.0669893598836837,2.45436515268858
token_reset_eot,3,f113,f113r,"f113r.11,+P0",177.35625823355502,68,161.44046718794297,54,15.91579104561206,14,0,2.608180268140515,2.989638281258203
token_reset_eot,3,f113,f113r,"f113r.12,+P0",112.22795301738336,46,107.97870564822882,36,4.249247369154546,10,0,2.4397381090735513,2.9994084902285785
token_reset_eot,3,f113,f113r,"f113r.13,+P0",169.08701282624708,72,160.2254853402905,60,8.861527485956579,12,0,2.3484307336978762,2.6704247556715086
token_reset_eot,3,f113,f113r,"f113r.14,+P0",155.2571521346801,66,140.75257000347742,53,14.504582131202694,13,0,2.3523810929496984,2.65570886799014
token_reset_eot,3,f113,f113r,"f113r.15,+P0",49.50428754313315,16,45.88664774327423,11,3.6176397998589263,5,0,3.094017971445822,4.171513431206749
token_reset_eot,3,f113,f113r,"f113r.16,+P0",135.1612952981501,64,133.05830777673052,53,2.102987521419584,11,0,2.111895239033595,2.5105341089949156
token_reset_eot,3,f113,f113r,"f113r.17,+P0",132.24130417752284,64,121.90361732577789,51,10.33768685174494,13,0,2.0662703777737943,2.3902670063878015
token_reset_eot,3,f113,f113r,"f113r.18,+P0",132.98225951419855,58,126.38649684941795,47,6.5957626647806,11,0,2.2927975778310095,2.6890744010514456
token_reset_eot,3,f113,f113r,"f113r.19,+P0",95.04840917937643,24,91.47380558169712,19,3.5746035976793147,5,0,3.9603503824740183,4.814410820089322
token_reset_eot,3,f113,f113r,"f113r.2,+P0",159.36131685678183,69,151.1004096203001,56,8.260907236481707,13,0,2.3095843022722002,2.6982216003625017
token_reset_eot,3,f113,f113r,"f113r.20,+P0",155.03208839935178,58,152.66638983665973,48,2.365698562692056,10,0,2.672967041368134,3.1805497882637446
token_reset_eot,3,f113,f113r,"f113r.21,+P0",125.88620131091994,49,123.76867272175113,39,2.1175285891688036,10,0,2.569106149202448,3.1735557108141315
token_reset_eot,3,f113,f113r,"f113r.22,+P0",124.50900911209584,60,120.07009525293743,50,4.4389138591584,10,0,2.075150151868264,2.4014019050587487
token_reset_eot,3,f113,f113r,"f113r.23,+P0",155.09496409661097,61,153.3362609304189,50,1.758703166192126,11,0,2.542540395026409,3.0667252186083775
token_reset_eot,3,f113,f113r,"f113r.24,+P0",74.67061472881495,33,73.00089986863986,26,1.6697148601751028,7,0,2.2627459008731803,2.8077269180246103
token_reset_eot,3,f113,f113r,"f113r.25,+P0",157.4449457772833,62,155.7588282425998,52,1.6861175346834953,10,0,2.5394346093110207,2.995362081588458
token_reset_eot,3,f113,f113r,"f113r.26,+P0",127.33507965418566,52,119.76767812510106,42,7.567401529084607,10,0,2.4487515318112627,2.8516113839309774
token_reset_eot,3,f113,f113r,"f113r.27,+P0",146.6034447485275,66,140.57508565072325,53,6.028359097804254,13,0,2.221264314371629,2.65236010661742
token_reset_eot,3,f113,f113r,"f113r.28,+P0",158.85238226529097,62,153.5472857336581,49,5.30509653163291,13,0,2.5621351978272737,3.133618076197104
token_reset_eot,3,f113,f113r,"f113r.29,+P0",121.91088655612417,54,117.0966528588244,44,4.814233697299769,10,0,2.2576090102985957,2.6612875649732817
token_reset_eot,3,f113,f113r,"f113r.3,+P0",70.52830416792997,21,67.81503389902721,16,2.713270268902757,5,0,3.358490674663332,4.238439618689201
token_reset_eot,3,f113,f113r,"f113r.30,+P0",159.05536195052832,63,152.33308723413725,52,6.722274716391074,11,0,2.524688284929021,2.929482446810332
token_reset_eot,3,f113,f113r,"f113r.31,+P0",167.35713001291896,57,159.7677192559993,44,7.589410756919681,13,0,2.9360900002266486,3.631084528545439
token_reset_eot,3,f113,f113r,"f113r.32,+P0",118.73617733433343,59,116.2972483678535,48,2.4389289664799323,11,0,2.012477581937855,2.422859340996948
token_reset_eot,3,f113,f113r,"f113r.33,+P0",54.35527786777117,26,53.3959108319125,21,0.9593670358586783,5,0,2.090587610298891,2.542662420567262
token_reset_eot,3,f113,f113r,"f113r.34,+P0",160.57755310967198,63,159.44826678091232,53,1.12928632875967,10,0,2.548850049359873,3.0084578637907984
token_reset_eot,3,f113,f113r,"f113r.35,+P0",152.4605035642082,63,136.8422045280049,49,15.618299036203302,14,0,2.42000799308267,2.792698051591937
token_reset_eot,3,f113,f113r,"f113r.36,+P0",33.87199258579048,17,33.79308860936066,14,0.07890397642982079,3,0,1.9924701521053223,2.413792043525761
token_reset_eot,3,f113,f113r,"f113r.37,+P0",120.77164135518933,63,119.3786539310781,53,1.392987424111246,10,0,1.9170101802411006,2.252427432661851
token_reset_eot,3,f113,f113r,"f113r.38,+P0",59.14623171263481,34,58.362384084078705,27,0.7838476285561059,7,0,1.739595050371612,2.1615697808918037
token_reset_eot,3,f113,f113r,"f113r.39,+P0",175.39727507568773,65,166.76504066713332,53,8.63223440855446,12,0,2.698419616549042,3.1465102012666666
token_reset_eot,3,f113,f113r,"f113r.4,+P0",138.67362579149858,66,136.87902636588657,54,1.7945994256120132,12,0,2.101115542295433,2.534796784553455
token_reset_eot,3,f113,f113r,"f113r.40,+P0",169.14230416845513,57,151.55029372458011,45,17.592010443875,12,0,2.9674088450606164,3.367784304990669
token_reset_eot,3,f113,f113r,"f113r.41,+P0",110.42748803596103,49,106.53897228363037,39,3.888515752330645,10,0,2.253622204815531,2.7317685200930866
token_reset_eot,3,f113,f113r,"f113r.42,+P0",125.77811064077451,61,123.12016352977955,51,2.6579471109949857,10,0,2.061936240012697,2.4141208535250893
token_reset_eot,3,f113,f113r,"f113r.43,+P0",133.56292391476725,59,125.34298012514569,45,8.21994378962155,14,0,2.263778371436733,2.7853995583365707
token_reset_eot,3,f113,f113r,"f113r.44,+P0",38.403949262630135,21,38.27445182908215,17,0.12949743354797907,4,0,1.8287594886966732,2.2514383428871856
token_reset_eot,3,f113,f113r,"f113r.45,+P0",125.47725604505334,61,123.39967666800759,50,2.0775793770457556,11,0,2.0570041974598907,2.467993533360152
token_reset_eot,3,f113,f113r,"f113r.46,+P0",129.50359224862166,57,126.9658896481221,47,2.537702600499568,10,0,2.2719928464670467,2.7014019074068534
token_reset_eot,3,f113,f113r,"f113r.47,+P0",123.95272465243377,59,115.98710208723435,47,7.965622565199421,12,0,2.1008936381768435,2.4678106827071136
token_reset_eot,3,f113,f113r,"f113r.48,+P0",134.10750130679003,55,128.35146894682305,45,5.756032359967,10,0,2.4383182055780006,2.8522548654849564
token_reset_eot,3,f113,f113r,"f113r.49,+P0",134.721322953461,56,125.15406609140427,43,9.56725686205671,13,0,2.405737909883232,2.9105596765442856
token_reset_eot,3,f113,f113r,"f113r.5,+P0",140.1106685930744,64,133.71364296958322,51,6.3970256234912,13,0,2.1892291967667874,2.6218361366584944
token_reset_eot,3,f113,f113r,"f113r.50,+P0",95.25710500538428,55,94.64603533428374,45,0.6110696711005387,10,0,1.7319473637342595,2.10324522965075
token_reset_eot,3,f113,f113r,"f113r.51,+P0",91.90687661439958,42,89.9694684915866,35,1.9374081228129945,7,0,2.1882589670095136,2.57055624261676
token_reset_eot,3,f113,f113r,"f113r.6,+P0",151.6503742838279,66,139.47931507224234,50,12.171059211585549,16,0,2.297732943694362,2.7895863014448468
token_reset_eot,3,f113,f113r,"f113r.7,+P0",83.98206701840613,40,82.61684214991314,32,1.3652248684930002,8,0,2.099551675460153,2.5817763171847856
token_reset_eot,3,f113,f113r,"f113r.8,+P0",167.2181164053753,66,164.2553027696925,55,2.962813635682797,11,0,2.533607824323868,2.9864600503580454
token_reset_eot,3,f113,f113r,"f113r.9,+P0",121.36670927236457,52,113.09875170961006,41,8.267957562754534,11,0,2.333975178314703,2.758506139258782
token_reset_eot,3,f113,f113v,"f113v.1,@P0",179.8705817845597,73,177.1828410180249,60,2.6877407665348145,13,0,2.463980572391229,2.953047350300415
token_reset_eot,3,f113,f113v,"f113v.10,+P0",153.83634963936728,71,147.14035964749388,57,6.69598999187337,14,0,2.1667091498502433,2.5814098183770855
token_reset_eot,3,f113,f113v,"f113v.11,+P0",139.90461015176837,64,129.9782019895571,52,9.926408162211276,12,0,2.1860095336213807,2.499580807491483
token_reset_eot,3,f113,f113v,"f113v.12,+P0",74.21851362552329,31,73.27723850543948,26,0.9412751200838008,5,0,2.394145600823332,2.818355327132288
token_reset_eot,3,f113,f113v,"f113v.13,+P0",148.01858467897884,67,137.0619837530218,55,10.956600925957034,12,0,2.209232607148938,2.49203606823676
token_reset_eot,3,f113,f113v,"f113v.14,+P0",126.56541965044465,60,114.66825881734454,47,11.897160833100129,13,0,2.1094236608407444,2.4397501876030754
token_reset_eot,3,f113,f113v,"f113v.15,+P0",160.88805851509173,61,158.39995069423242,49,2.488107820859298,12,1,2.6375091559851103,3.232652054984335
token_reset_eot,3,f113,f113v,"f113v.16,+P0",123.93916143999034,58,119.39472365920274,46,4.544437780787591,12,0,2.136882093792937,2.5955374708522334
token_reset_eot,3,f113,f113v,"f113v.17,+P0",93.46784006292046,41,92.74598325706748,34,0.7218568058529655,7,0,2.2797034161687915,2.727823036972573
token_reset_eot,3,f113,f113v,"f113v.18,+P0",171.88115187996848,64,170.42606130505794,54,1.4550905749105376,10,0,2.6856429981245076,3.156038172315888
token_reset_eot,3,f113,f113v,"f113v.19,+P0",114.09437795823115,58,107.40402894306658,47,6.690349015164559,11,0,1.9671444475557094,2.2851921051716295
token_reset_eot,3,f113,f113v,"f113v.2,+P0",158.0649379008907,70,154.32111376072783,55,3.743824140162841,15,0,2.258070541441296,2.8058384320132332
token_reset_eot,3,f113,f113v,"f113v.20,+P0",75.66108530151638,35,74.25241892816258,27,1.4086663733537779,8,0,2.1617452943290396,2.7500895899319477
token_reset_eot,3,f113,f113v,"f113v.21,+P0",155.04203202491536,59,140.2722709331575,47,14.769761091757847,12,0,2.627831051269752,2.984516402833138
token_reset_eot,3,f113,f113v,"f113v.22,+P0",98.55278883805519,54,97.44471492642674,43,1.1080739116284433,11,0,1.8250516451491703,2.266156161079692
token_reset_eot,3,f113,f113v,"f113v.23,+P0",129.49305479299912,62,125.21529735309522,49,4.277757439903878,13,0,2.0885976579515986,2.555414231695821
token_reset_eot,3,f113,f113v,"f113v.24,+P0",50.108750309132326,21,49.40186606744699,17,0.7068842416853407,4,0,2.3861309671015394,2.9059921216145286
token_reset_eot,3,f113,f113v,"f113v.25,+P0",144.72565353863354,67,142.0510068454955,55,2.674646693138026,12,0,2.1600843811736348,2.582745579009009
token_reset_eot,3,f113,f113v,"f113v.26,+P0",137.03489488652878,63,133.56422135833884,50,3.470673528189931,13,0,2.175157061690933,2.6712844271667766
token_reset_eot,3,f113,f113v,"f113v.27,+P0",52.09902082298579,19,41.85604797685474,14,10.242972846131062,5,0,2.742053727525568,2.989717712632481
token_reset_eot,3,f113,f113v,"f113v.28,+P0",208.29469793978308,60,195.16956921120982,48,13.125128728573218,12,0,3.4715782989963846,4.0660326919002046
token_reset_eot,3,f113,f113v,"f113v.29,+P0",130.97380640048652,57,119.22813667307827,44,11.745669727408245,13,0,2.297786077201518,2.709730378933597
token_reset_eot,3,f113,f113v,"f113v.3,+P0",74.90766951240163,37,73.23372707240858,30,1.673942439993045,7,0,2.0245316084432874,2.441124235746953
token_reset_eot,3,f113,f113v,"f113v.30,+P0",122.05069889510128,53,115.35590322395473,40,6.6947956711465135,13,0,2.302843375379269,2.8838975805988682
token_reset_eot,3,f113,f113v,"f113v.31,+P0",119.99802217451908,52,114.13223591793465,42,5.865786256584435,10,0,2.3076542725869054,2.7174341885222537
token_reset_eot,3,f113,f113v,"f113v.32,+P0",79.6983653037863,36,72.3101737273596,27,7.388191576426702,9,0,2.2138434806607306,2.6781545824948
token_reset_eot,3,f113,f113v,"f113v.33,+P0",144.94808451936797,61,131.73164993333515,51,13.216434586032822,10,0,2.3761981068748845,2.5829735281046107
token_reset_eot,3,f113,f113v,"f113v.34,+P0",102.29459025318727,52,101.98346632597631,43,0.31112392721095694,9,0,1.9672036587151398,2.3717085192087515
token_reset_eot,3,f113,f113v,"f113v.35,+P0",49.44447990675601,24,43.93438412317008,18,5.5100957835859345,6,0,2.0601866627815,2.440799117953893
token_reset_eot,3,f113,f113v,"f113v.36,+P0",136.02763295921994,60,123.93989563404688,49,12.08773732517307,11,0,2.267127215986999,2.5293856251846303
token_reset_eot,3,f113,f113v,"f113v.37,+P0",70.59717193531306,35,66.67489102010323,27,3.9222809152098272,8,0,2.0170620552946588,2.4694404081519714
token_reset_eot,3,f113,f113v,"f113v.38,+P0",133.41030246708397,59,131.08770124103714,49,2.3226012260468383,10,0,2.2611915672387113,2.675259209000758
token_reset_eot,3,f113,f113v,"f113v.39,+P0",125.91841205956406,54,123.38251134387271,43,2.5359007156913407,11,0,2.3318224455474827,2.8693607289272722
token_reset_eot,3,f113,f113v,"f113v.4,+P0",162.2251535096585,70,160.31791775996058,59,1.9072357496979455,11,0,2.3175021929951214,2.7172528433891623
token_reset_eot,3,f113,f113v,"f113v.40,+P0",114.48478680861544,53,107.01687953932209,41,7.467907269293342,12,0,2.1600903171436876,2.610167793642002
token_reset_eot,3,f113,f113v,"f113v.41,+P0",58.11493908986034,25,48.04063470967374,18,10.074304380186597,7,0,2.3245975635944136,2.66892415053743
token_reset_eot,3,f113,f113v,"f113v.42,+P0",133.68652577765846,58,127.7580885188491,45,5.92843725880935,13,0,2.304940099614801,2.8390686337522024
token_reset_eot,3,f113,f113v,"f113v.43,+P0",135.40816209189168,53,120.64879793622603,41,14.75936415566562,12,0,2.554870982865881,2.9426536082006347
token_reset_eot,3,f113,f113v,"f113v.44,+P0",56.94084448609049,29,55.948621676683814,23,0.9922228094066691,6,0,1.963477396072086,2.43254876855147
token_reset_eot,3,f113,f113v,"f113v.45,+P0",132.30392944480872,57,121.36611009754715,46,10.937819347261577,11,0,2.3211215692071705,2.6383936977727642
token_reset_eot,3,f113,f113v,"f113v.46,+P0",52.73608238834974,22,46.4767843354018,16,6.259298052947934,6,0,2.3970946540158975,2.9047990209626127
token_reset_eot,3,f113,f113v,"f113v.47,+P0",125.669110118519,55,123.55137446723856,44,2.117735651280468,11,0,2.2848929112458,2.807985783346331
token_reset_eot,3,f113,f113v,"f113v.48,+P0",104.3313163842241,56,99.45423016082842,44,4.877086223395655,12,0,1.8630592211468588,2.2603234127461005
token_reset_eot,3,f113,f113v,"f113v.49,+P0",109.00771715202929,53,105.95566301134822,43,3.0520541406810455,10,0,2.0567493802269676,2.464085186310424
token_reset_eot,3,f113,f113v,"f113v.5,+P0",144.4184418466346,75,135.5571957342914,61,8.861246112343233,14,0,1.9255792246217949,2.22224911039822
token_reset_eot,3,f113,f113v,"f113v.6,+P0",44.79392950472062,19,44.007771620628375,16,0.7861578840922447,3,0,2.357575237090559,2.7504857262892735
token_reset_eot,3,f113,f113v,"f113v.7,+P0",163.47830419872008,70,157.81983496683245,58,5.6584692318876595,12,0,2.335404345696001,2.72103163735918
token_reset_eot,3,f113,f113v,"f113v.8,+P0",138.5570482393596,66,136.48738864969968,55,2.069659589659934,11,0,2.0993492157478726,2.481588884539994
token_reset_eot,3,f113,f113v,"f113v.9,+P0",77.46992546302774,36,75.98911652640405,29,1.4808089366236894,7,0,2.1519423739729926,2.62031436297945
token_reset_eot,3,f17,f17r,"f17r.1,@P0",159.94401508285577,52,149.92244863404684,42,10.021566448808942,10,0,3.0758464439010726,3.5695821103344487
token_reset_eot,3,f17,f17r,"f17r.10,+P0",73.38207609188834,25,69.01073896928376,19,4.371337122604561,6,0,2.9352830436755335,3.632144156278093
token_reset_eot,3,f17,f17r,"f17r.11,+P0",48.08678891560288,23,46.4106081511151,18,1.6761807644877833,5,0,2.0907299528522993,2.578367119506394
token_reset_eot,3,f17,f17r,"f17r.12,+P0",41.991565437937965,13,35.646681070201026,10,6.344884367736935,3,0,3.23012041830292,3.5646681070201027
token_reset_eot,3,f17,f17r,"f17r.13,@Lx",55.3323753646912,10,54.122260485029145,8,1.2101148796620524,2,0,5.53323753646912,6.765282560628643
token_reset_eot,3,f17,f17r,"f17r.2,+P0",131.26823054637896,46,128.8009242304918,37,2.4673063158871846,9,0,2.853657185790847,3.481106060283562
token_reset_eot,3,f17,f17r,"f17r.3,+P0",68.52390872519793,31,66.69570434338127,24,1.8282043818166638,7,0,2.210448668554772,2.7789876809742196
token_reset_eot,3,f17,f17r,"f17r.4,+P0",148.46851800776815,45,143.18139883669377,36,5.287119171074406,9,0,3.299300400172626,3.9772610787970493
token_reset_eot,3,f17,f17r,"f17r.5,+P0",101.84062555560294,41,100.27072023104398,32,1.5699053245589574,9,0,2.4839176964781204,3.1334600072201244
token_reset_eot,3,f17,f17r,"f17r.6,+P0",79.51707908578179,25,67.32426601185173,20,12.192813073930061,5,0,3.1806831634312713,3.3662133005925865
token_reset_eot,3,f17,f17r,"f17r.7,+P0",145.02138540650344,35,139.15757490987377,29,5.863810496629639,6,1,4.143468154471527,4.798537065857716
token_reset_eot,3,f17,f17r,"f17r.8,+P0",68.76332625121938,22,67.97070511348885,18,0.7926211377305414,4,0,3.12560573869179,3.7761502840827137
token_reset_eot,3,f17,f17r,"f17r.9,+P0",75.44553984103132,21,64.53162431554856,16,10.91391552548276,5,0,3.5926447543348248,4.033226519721785
token_reset_eot,3,f17,f17v,"f17v.1,@P0",73.51463729857754,30,71.80593615027797,24,1.7087011482995689,6,0,2.4504879099525847,2.9919140062615823
token_reset_eot,3,f17,f17v,"f17v.10,+P0",67.44274845758132,29,65.32915272841667,23,2.1135957291646417,6,0,2.325612015778666,2.8403979447137684
token_reset_eot,3,f17,f17v,"f17v.11,+P0",55.94569793947392,22,51.21796481684505,18,4.7277331226288775,4,0,2.5429862699760872,2.845442489824725
token_reset_eot,3,f17,f17v,"f17v.12,+P0",62.115969385416605,24,60.22924660712249,18,1.886722778294114,6,0,2.588165391059025,3.3460692559512495
token_reset_eot,3,f17,f17v,"f17v.13,+P0",61.278264126102364,28,57.94978186920555,22,3.3284822568968018,6,0,2.1885094330750845,2.634080994054798
token_reset_eot,3,f17,f17v,"f17v.14,+P0",70.3661445357381,30,63.87365372709188,24,6.492490808646211,6,0,2.34553815119127,2.661402238628828
token_reset_eot,3,f17,f17v,"f17v.15,+P0",84.331126914997,29,79.71832437486472,23,4.612802540132283,6,0,2.907969893620586,3.466014103254988
token_reset_eot,3,f17,f17v,"f17v.16,+P0",62.47582155040867,30,59.75389273107299,25,2.721928819335682,5,0,2.082527385013622,2.3901557092429195
token_reset_eot,3,f17,f17v,"f17v.17,+P0",66.89530920174676,27,59.725489245458895,21,7.169819956287869,6,0,2.477604044509139,2.8440709164504234
token_reset_eot,3,f17,f17v,"f17v.18,+P0",73.95530498761373,30,70.78125808101753,22,3.1740469065961947,8,0,2.4651768329204575,3.2173299127735238
token_reset_eot,3,f17,f17v,"f17v.19,+P0",56.028513649959564,24,55.58822606029027,19,0.44028758966929243,5,0,2.3345214020816485,2.92569610843633
token_reset_eot,3,f17,f17v,"f17v.2,+P0",67.35874526751398,31,65.18293079860094,25,2.175814468913037,6,0,2.1728627505649674,2.6073172319440374
token_reset_eot,3,f17,f17v,"f17v.20,+P0",51.744660282053005,27,48.11398607325109,21,3.630674208801914,6,0,1.9164688993352965,2.2911421939643377
token_reset_eot,3,f17,f17v,"f17v.21,+P0",75.69886354119534,32,73.79030886812063,25,1.9085546730746972,7,0,2.3655894856623543,2.9516123547248254
token_reset_eot,3,f17,f17v,"f17v.22,+P0",75.37584096130469,30,66.97199548520103,23,8.40384547610366,7,0,2.5125280320434897,2.9118258906609147
token_reset_eot,3,f17,f17v,"f17v.23,+P0",49.06535312300691,21,48.38890985674908,17,0.6764432662578199,4,0,2.336445386809853,2.8464064621617107
token_reset_eot,3,f17,f17v,"f17v.3,+P0",81.50299207258584,34,79.27447094102254,28,2.2285211315633107,6,0,2.3971468256642896,2.8312311050365193
token_reset_eot,3,f17,f17v,"f17v.4,+P0",63.0932259275065,26,60.70700048065599,21,2.386225446850509,5,0,2.426662535673327,2.8908095466979042
token_reset_eot,3,f17,f17v,"f17v.5,+P0",64.66547794830967,28,62.31013101791813,22,2.3553469303915398,6,0,2.309481355296774,2.8322786826326425
token_reset_eot,3,f17,f17v,"f17v.6,+P0",55.55258031075816,24,48.10926166666279,18,7.443318644095367,6,0,2.31469084628159,2.6727367592590436
token_reset_eot,3,f17,f17v,"f17v.7,+P0",80.8415637333828,27,77.25197546629599,20,3.589588267086808,7,0,2.9941319901252887,3.8625987733147995
token_reset_eot,3,f17,f17v,"f17v.8,+P0",57.559597679568455,27,56.35289966968058,21,1.2066980098878768,6,0,2.131836951095128,2.6834714128419326
token_reset_eot,3,f17,f17v,"f17v.9,+P0",55.113363397478366,25,52.40919635313285,20,2.70416704434551,5,0,2.2045345358991346,2.6204598176566423
token_reset_eot,3,f27,f27r,"f27r.1,@P0",101.51478519354276,34,94.21875534680717,27,7.296029846735594,7,0,2.9857289762806696,3.4895835313632286
token_reset_eot,3,f27,f27r,"f27r.10,+P0",62.84993315209386,26,57.39065872414621,19,5.459274427947647,7,0,2.4173051212343792,3.0205609854813797
token_reset_eot,3,f27,f27r,"f27r.11,+P0",67.98116948190531,24,66.49726721270144,18,1.483902269203874,6,0,2.8325487284127213,3.694292622927858
token_reset_eot,3,f27,f27r,"f27r.12,+P0",45.93395965694226,24,45.22235925876542,19,0.7116003981768335,5,0,1.9139149857059274,2.3801241715139696
token_reset_eot,3,f27,f27r,"f27r.13,+Pc",19.5627849838718,8,19.53933338304838,7,0.023451600823422177,1,0,2.445348122983975,2.7913333404354828
token_reset_eot,3,f27,f27r,"f27r.2,+P0",109.05409924521103,37,104.2964639686817,28,4.757635276529299,9,0,2.947408087708406,3.7248737131672036
token_reset_eot,3,f27,f27r,"f27r.3,+P0",77.96331925952015,38,74.86203609734866,28,3.1012831621714896,10,0,2.051666296303162,2.673644146333881
token_reset_eot,3,f27,f27r,"f27r.4,+P0",72.80928556441216,34,71.53410663691531,26,1.2751789274968517,8,0,2.1414495754238874,2.751311793727512
token_reset_eot,3,f27,f27r,"f27r.5,+P0",91.59207442506994,28,83.82820779063749,20,7.763866634432465,8,1,3.271145515181069,4.191410389531875
token_reset_eot,3,f27,f27r,"f27r.6,+P0",98.19935622456927,32,88.20781428638651,24,9.991541938182792,8,0,3.0687298820177897,3.6753255952661044
token_reset_eot,3,f27,f27r,"f27r.7,+P0",96.36054305296477,36,91.22441901530696,28,5.1361240376578134,8,0,2.6766817514712438,3.2580149648323915
token_reset_eot,3,f27,f27r,"f27r.8,+P0",87.63790727062273,35,68.50295896939619,25,19.134948301226522,10,0,2.5039402077320783,2.7401183587758475
token_reset_eot,3,f27,f27r,"f27r.9,+P0",84.65731654860053,33,80.05922075997145,26,4.598095788629092,7,0,2.5653732287454707,3.0792007984604406
token_reset_eot,3,f27,f27v,"f27v.1,@P0",134.95552833842117,47,116.24102622159945,37,18.714502116821745,10,0,2.8713942199664078,3.1416493573405258
token_reset_eot,3,f27,f27v,"f27v.2,+P0",114.23606926704295,46,109.93365260390942,35,4.302416663133511,11,0,2.4833928101531075,3.1409615029688407
token_reset_eot,3,f27,f27v,"f27v.3,+P0",151.05318706390045,42,144.32529031967908,34,6.727896744221366,8,0,3.5965044539023916,4.244861479990561
token_reset_eot,3,f27,f27v,"f27v.4,+P0",130.23787696916304,39,104.96201754620142,29,25.27585942296158,10,0,3.3394327427990524,3.619379915386256
token_reset_eot,3,f27,f27v,"f27v.5,+P0",103.43173860621307,37,84.61194477130418,28,18.819793834908875,9,0,2.7954523947625156,3.021855170403721
token_reset_eot,3,f27,f27v,"f27v.6,+P0",106.28880687416166,29,103.16617662529964,24,3.122630248862025,5,0,3.665131271522816,4.298590692720818
token_reset_eot,3,f27,f27v,"f27v.7,+P0",94.31476938757415,30,83.45550933642362,24,10.85926005115053,6,0,3.1438256462524716,3.4773128890176506
token_reset_eot,3,f27,f27v,"f27v.8,+P0",39.70286971731524,14,39.06077604482097,12,0.6420936724942653,2,0,2.835919265522517,3.2550646704017474
token_reset_eot,3,f30,f30r,"f30r.1,@P0",114.30565757068692,44,101.22818818153046,34,13.077469389156454,10,0,2.5978558538792482,2.9772996523979547
token_reset_eot,3,f30,f30r,"f30r.10,+P0",97.00342530631951,35,92.85931682158258,29,4.1441084847369325,6,0,2.7715264373234145,3.2020454076407785
token_reset_eot,3,f30,f30r,"f30r.11,+P0",110.10218562183344,42,108.49226453866581,33,1.6099210831676494,9,0,2.6214806100436534,3.28764437995957
token_reset_eot,3,f30,f30r,"f30r.12,+P0",90.37953391256062,37,89.58870176751071,29,0.7908321450499076,8,0,2.4426901057448815,3.0892655781900245
token_reset_eot,3,f30,f30r,"f30r.13,+P0",54.59518309752189,24,54.118696543730294,19,0.47648655379159827,5,0,2.274799295730079,2.8483524496700157
token_reset_eot,3,f30,f30r,"f30r.2,+P0",117.32723917436444,46,107.28981328630617,36,10.03742588805829,10,0,2.5505921559644444,2.9802725912862824
token_reset_eot,3,f30,f30r,"f30r.3,+P0",98.30612515119819,38,94.21018704950284,29,4.095938101695358,9,0,2.5870032934525837,3.2486271396380286
token_reset_eot,3,f30,f30r,"f30r.4,+P0",94.49821918866171,36,76.66763494049323,28,17.830584248168478,8,0,2.6249505330183807,2.7381298193033294
token_reset_eot,3,f30,f30r,"f30r.5,+P0",97.9619969361184,35,92.59124688144246,29,5.37075005467593,6,0,2.798914198174811,3.192801616601464
token_reset_eot,3,f30,f30r,"f30r.6,+P0",107.29015833046185,37,95.75584135193748,28,11.534316978524366,9,0,2.8997340089314014,3.4198514768549098
token_reset_eot,3,f30,f30r,"f30r.7,+P0",39.526271717703295,14,39.08439296437414,11,0.44187875332915694,3,0,2.8233051226930925,3.5531266331249216
token_reset_eot,3,f30,f30r,"f30r.8,+P0",103.4296881417553,42,93.28123017240407,33,10.148457969351236,9,0,2.4626116224227452,2.826703944618305
token_reset_eot,3,f30,f30r,"f30r.9,+P0",80.92486004163955,34,79.47458085555391,27,1.4502791860856428,7,0,2.380142942401163,2.943502994650145
token_reset_eot,3,f30,f30v,"f30v.1,@P0",126.6287215318502,36,123.53337293009787,29,3.095348601752341,7,0,3.517464486995839,4.259771480348203
token_reset_eot,3,f30,f30v,"f30v.10,+P0",41.859129853139805,21,38.916315330570185,17,2.942814522569623,4,0,1.993291897768562,2.2891950194453052
token_reset_eot,3,f30,f30v,"f30v.11,+P0",50.57019158750361,21,49.82758722392592,17,0.7426043635776984,4,0,2.4081043613096957,2.9310345425838773
token_reset_eot,3,f30,f30v,"f30v.2,+P0",100.95250629070154,44,93.18188668565783,34,7.770619605043709,10,0,2.2943751429704893,2.7406437260487597
token_reset_eot,3,f30,f30v,"f30v.3,+P0",101.8430281389197,40,99.49402733078723,32,2.3490008081324727,8,0,2.546075703472993,3.109188354087101
token_reset_eot,3,f30,f30v,"f30v.4,+P0",55.992847016999136,30,52.023571209839126,24,3.969275807160009,6,0,1.8664282338999711,2.1676488004099634
token_reset_eot,3,f30,f30v,"f30v.5,+P0",58.3755282300652,26,57.15736470857982,21,1.2181635214853743,5,0,2.245212624233277,2.7217792718371343
token_reset_eot,3,f30,f30v,"f30v.6,+P0",56.746520985379085,27,52.60216650962766,22,4.144354475751422,5,0,2.1017229994584845,2.391007568619439
token_reset_eot,3,f30,f30v,"f30v.7,+P0",79.27816550852006,24,65.03610927770376,18,14.242056230816319,6,0,3.3032568961883357,3.613117182094653
token_reset_eot,3,f30,f30v,"f30v.8,+P0",69.67041412015034,21,68.84434537734694,17,0.8260687428033919,4,0,3.3176387676262067,4.049667375138055
token_reset_eot,3,f30,f30v,"f30v.9,+P0",54.308619041675996,23,53.28381484659653,19,1.0248041950794669,4,0,2.361244306159826,2.8044113077156068
token_reset_eot,3,f33,f33r,"f33r.1,@P0",149.28717995675032,55,148.46551558280143,46,0.8216643739489118,9,0,2.7143123628500057,3.2275112083217703
token_reset_eot,3,f33,f33r,"f33r.2,+P0",118.72303008060074,63,116.99785111389167,53,1.7251789667090485,10,0,1.8844925409619164,2.2075066247904087
token_reset_eot,3,f33,f33r,"f33r.3,+P0",118.08912714334252,57,114.39081686042404,46,3.6983102829184658,11,0,2.0717390726902196,2.486756888270088
token_reset_eot,3,f33,f33r,"f33r.4,+P0",117.50511235724429,51,113.90077567009345,38,3.604336687150832,13,0,2.3040218109263586,2.997388833423512
token_reset_eot,3,f33,f33r,"f33r.5,+P0",116.88119513316268,57,112.50463981476678,44,4.376555318395901,13,0,2.050547283037942,2.5569236321537905
token_reset_eot,3,f33,f33r,"f33r.6,+P0",79.79045521283693,44,78.75458731668658,35,1.0358678961503343,9,0,1.8134194366553849,2.250131066191045
token_reset_eot,3,f33,f33r,"f33r.7,+P0",75.61233680767234,36,74.21068759493359,27,1.4016492127387576,9,0,2.100342689102009,2.74854398499754
token_reset_eot,3,f33,f33v,"f33v.1,@P0",117.80097363844493,38,115.60965336045135,28,2.1913202779935776,10,0,3.10002562206434,4.128916191444691
token_reset_eot,3,f33,f33v,"f33v.10,+P0",81.83442039066065,37,71.34143373413399,28,10.49298665652667,9,0,2.2117410916394773,2.5479083476476423
token_reset_eot,3,f33,f33v,"f33v.11,+P0",38.49554306165925,16,37.53654995479883,12,0.9589931068604179,4,0,2.405971441353703,3.128045829566569
token_reset_eot,3,f33,f33v,"f33v.2,+P0",90.7343127503197,43,89.73537758373726,33,0.9989351665824543,10,0,2.1101002965190627,2.7192538661738563
token_reset_eot,3,f33,f33v,"f33v.3,+P0",103.5905198885887,43,102.61983057250504,32,0.9706893160836649,11,0,2.4090818578741557,3.2068697053907824
token_reset_eot,3,f33,f33v,"f33v.4,+P0",106.21279697250588,49,101.14439974755564,39,5.068397224950244,10,0,2.1676081014797117,2.5934461473732213
token_reset_eot,3,f33,f33v,"f33v.5,+P0",122.10080406287035,52,120.51879086314273,39,1.5820131997276679,13,0,2.34809238582443,3.0902254067472494
token_reset_eot,3,f33,f33v,"f33v.6,+P0",81.09635478847493,41,76.84964283616837,32,4.24671195230655,9,0,1.9779598728896324,2.4015513386302616
token_reset_eot,3,f33,f33v,"f33v.7,+P0",141.43438335963106,55,140.2162647154712,45,1.2181186441598446,10,0,2.571534242902383,3.115916993677138
token_reset_eot,3,f33,f33v,"f33v.8,+P0",137.72903396675645,58,135.3921467517395,44,2.336887215016976,14,0,2.3746385166682145,3.0770942443577156
token_reset_eot,3,f33,f33v,"f33v.9,+P0",109.12964665883716,51,105.5381607034036,37,3.5914859554335354,14,0,2.1397969933105325,2.852382721713611
token_reset_eot,3,f35,f35r,"f35r.1,@P0",92.18465027731997,26,85.38733371419235,19,6.797316563127611,7,0,3.5455634722046145,4.494070195483808
token_reset_eot,3,f35,f35r,"f35r.10,+P0",78.94769108397705,28,69.06858258848465,19,9.879108495492398,9,0,2.8195603958563233,3.6351885572886657
token_reset_eot,3,f35,f35r,"f35r.11,+P0",133.19280707155994,40,127.96984372083506,30,5.222963350724875,10,0,3.3298201767889983,4.265661457361168
token_reset_eot,3,f35,f35r,"f35r.12,+P0",91.83607241390976,37,91.19617177627303,29,0.6399006376367378,8,0,2.4820560111867502,3.1446955784921737
token_reset_eot,3,f35,f35r,"f35r.13,+P0",85.21349878773059,37,84.92672188058593,30,0.2867769071446594,7,0,2.3030675348035294,2.8308907293528645
token_reset_eot,3,f35,f35r,"f35r.14,+P0",67.36154479565539,37,64.87980495750469,29,2.4817398381506917,8,0,1.82058229177447,2.237234653707058
token_reset_eot,3,f35,f35r,"f35r.15,+P0",59.38727885933512,19,57.0710617206642,14,2.316217138670921,5,0,3.12564625575448,4.076504408618871
token_reset_eot,3,f35,f35r,"f35r.2,+P0",51.19719628776383,24,44.419514445869595,19,6.777681841894251,5,0,2.1332165119901596,2.3378691813615577
token_reset_eot,3,f35,f35r,"f35r.3,+P0",59.94170625208571,25,59.759779387743855,20,0.1819268643418534,5,0,2.3976682500834285,2.987988969387193
token_reset_eot,3,f35,f35r,"f35r.4,+P0",86.6314739405858,30,80.21101674464093,23,6.420457195944864,7,0,2.887715798019527,3.487435510636562
token_reset_eot,3,f35,f35r,"f35r.5,+P0",67.16752088378412,30,63.864312280353545,23,3.303208603430584,7,0,2.238917362792804,2.776709229580589
token_reset_eot,3,f35,f35r,"f35r.6,+P0",43.607678652685436,17,43.20058109344862,13,0.4070975592368175,4,0,2.565157567805026,3.3231216225729705
token_reset_eot,3,f35,f35r,"f35r.7,+P0",40.95700262898058,16,40.569466691824886,13,0.38753593715569706,3,0,2.5598126643112864,3.1207282070634528
token_reset_eot,3,f35,f35r,"f35r.8,+P0",31.83940897283365,17,31.732553315963216,13,0.10685565687044087,4,0,1.8729064101666852,2.440965639689478
token_reset_eot,3,f35,f35r,"f35r.9,+P0",60.20049984500808,24,59.55435527667092,19,0.6461445683371605,5,0,2.50835416020867,3.1344397514037325
token_reset_eot,3,f35,f35v,"f35v.1,@P0",59.21611750201777,20,58.54116730850832,16,0.6749501935094486,4,0,2.9608058751008883,3.65882295678177
token_reset_eot,3,f35,f35v,"f35v.10,+P0",42.43581871951932,17,42.055267288113605,14,0.38055143140571024,3,0,2.49622463055996,3.003947663436686
token_reset_eot,3,f35,f35v,"f35v.11,+P0",32.441223978156515,14,32.40912107748864,12,0.032102900667869645,2,0,2.3172302841540366,2.70076008979072
token_reset_eot,3,f35,f35v,"f35v.12,+P0",60.34522085523406,21,44.891237713096764,14,15.453983142137304,7,0,2.873581945487336,3.2065169795069117
token_reset_eot,3,f35,f35v,"f35v.13,+P0",41.763154044407926,18,36.63982339112392,13,5.123330653284009,5,0,2.3201752246893292,2.8184479531633784
token_reset_eot,3,f35,f35v,"f35v.14,+P0",43.61644694532373,17,43.17656314019128,13,0.43988380513245645,4,0,2.5656733497249253,3.3212740877070215
token_reset_eot,3,f35,f35v,"f35v.15,+P0",43.90085575649769,18,35.30865206512074,14,8.592203691376945,4,0,2.4389364309165384,2.522046576080053
token_reset_eot,3,f35,f35v,"f35v.16,+P0",36.10712970904075,15,29.6009094584498,11,6.50622025059095,4,0,2.4071419806027166,2.690991768949982
token_reset_eot,3,f35,f35v,"f35v.17,+P0",39.68158441959595,19,39.52445913206212,15,0.15712528753383134,4,0,2.088504443136629,2.6349639421374746
token_reset_eot,3,f35,f35v,"f35v.18,+P0",63.029876059062474,17,58.8936524550449,13,4.136223604017567,4,0,3.7076397681801456,4.530280958080377
token_reset_eot,3,f35,f35v,"f35v.19,+P0",51.7184011177107,22,47.555677535856546,17,4.162723581854156,5,0,2.3508364144413956,2.7973927962268554
token_reset_eot,3,f35,f35v,"f35v.2,+P0",51.35249577629008,22,45.118724602463594,17,6.233771173826479,5,0,2.334204353467731,2.654042623674329
token_reset_eot,3,f35,f35v,"f35v.20,+P0",53.31013976705556,20,53.01183100814413,15,0.29830875891143194,5,0,2.665506988352778,3.5341220672096085
token_reset_eot,3,f35,f35v,"f35v.21,+P0",26.926685598723164,12,26.221623691360854,9,0.70506190736231,3,0,2.2438904665602637,2.9135137434845393
token_reset_eot,3,f35,f35v,"f35v.3,+P0",46.783594207184635,19,46.10636159354115,15,0.6772326136434852,4,0,2.462294431957086,3.0737574395694103
token_reset_eot,3,f35,f35v,"f35v.4,+P0",39.307608721335676,18,38.975942037677676,14,0.3316666836580008,4,0,2.183756040074204,2.78399585983412
token_reset_eot,3,f35,f35v,"f35v.5,+P0",45.437329223739425,17,44.980110129033996,14,0.4572190947054285,3,0,2.672784071984672,3.212865009216714
token_reset_eot,3,f35,f35v,"f35v.6,+P0",79.76607076376374,20,78.87898136967928,16,0.887089394084452,4,0,3.9883035381881866,4.929936335604955
token_reset_eot,3,f35,f35v,"f35v.7,+P0",74.7539252354537,26,63.36650286424022,19,11.38742237121348,7,0,2.8751509705943734,3.335079098117906
token_reset_eot,3,f35,f35v,"f35v.8,+P0",63.41068070162872,24,55.77890147493856,19,7.63177922669016,5,0,2.6421116959011965,2.9357316565757134
token_reset_eot,3,f35,f35v,"f35v.9,+P0",56.48429803586564,20,47.10774574700146,15,9.376552288864191,5,0,2.8242149017932823,3.1405163831334306
token_reset_eot,3,f38,f38r,"f38r.1,@P0",80.24107442616264,33,79.00640417783451,26,1.2346702483281198,7,0,2.4315477098837164,3.038707852993635
token_reset_eot,3,f38,f38r,"f38r.2,+P0",74.87200511057638,31,73.78394660898043,25,1.08805850159594,6,0,2.4152259713089155,2.9513578643592173
token_reset_eot,3,f38,f38r,"f38r.3,+P0",70.83367433199061,32,62.85696383923976,26,7.976710492750843,6,0,2.2135523228747065,2.4175755322784522
token_reset_eot,3,f38,f38r,"f38r.4,+P0",114.86137447575526,34,82.49524882647172,24,32.36612564928353,10,0,3.3782757198751545,3.4373020344363217
token_reset_eot,3,f38,f38r,"f38r.5,+P0",76.27857959447692,31,66.30912084909946,23,9.969458745377453,8,0,2.46059934175732,2.883005254308672
token_reset_eot,3,f38,f38r,"f38r.6,+P0",78.92717507457098,30,72.64658851877094,23,6.280586555800049,7,0,2.630905835819033,3.158547326903084
token_reset_eot,3,f38,f38v,"f38v.1,@P0",111.02686192701438,40,83.51233376113449,30,27.514528165879923,10,0,2.7756715481753593,2.783744458704483
token_reset_eot,3,f38,f38v,"f38v.2,+P0",108.32971601835926,40,97.24777142828749,29,11.081944590071767,11,0,2.7082429004589814,3.353371428561638
token_reset_eot,3,f38,f38v,"f38v.3,+P0",70.67613709436674,38,67.91827377211096,29,2.7578633222557665,9,0,1.8598983445885984,2.3420094404176193
token_reset_eot,3,f38,f38v,"f38v.4,+P0",83.62149259064452,36,70.51189684180774,27,13.10959574883676,9,0,2.3228192386290143,2.6115517348817683
token_reset_eot,3,f38,f38v,"f38v.5,+P0",66.11194671669506,34,60.964877296808886,27,5.147069419886168,7,0,1.9444690210792663,2.257958418400329
token_reset_eot,3,f38,f38v,"f38v.6,+P0",71.94290288853017,31,69.14383311780372,23,2.799069770726435,8,0,2.320738802855812,3.0062536138175533
token_reset_eot,3,f38,f38v,"f38v.7,+P0",86.97433518122685,34,83.43627938419019,25,3.5380557970366553,9,1,2.5580686818007896,3.3374511753676073
token_reset_eot,3,f38,f38v,"f38v.8,+P0",51.91420929416227,20,45.31116854095072,15,6.603040753211559,5,0,2.5957104647081133,3.0207445693967143
token_reset_eot,3,f50,f50r,"f50r.1,@P0",134.53668240755653,51,127.46490398651717,42,7.071778421039367,9,0,2.6379741648540493,3.034878666345647
token_reset_eot,3,f50,f50r,"f50r.10,+P0",90.0521902658196,27,80.79222492045552,22,9.259965345364098,5,0,3.3352663061414667,3.6723738600207056
token_reset_eot,3,f50,f50r,"f50r.2,+P0",133.2490796081204,54,130.78706340025062,42,2.462016207869776,12,0,2.467575548298526,3.113977700005967
token_reset_eot,3,f50,f50r,"f50r.3,+P0",105.21755582154256,53,103.97954907706914,43,1.2380067444734237,10,0,1.985236902293256,2.4181290483039333
token_reset_eot,3,f50,f50r,"f50r.4,+P0",99.41885689786382,51,97.08509375952146,41,2.3337631383423543,10,0,1.9493893509385063,2.367929116085889
token_reset_eot,3,f50,f50r,"f50r.5,+P0",102.86806307922289,54,98.6836017418868,43,4.184461337336104,11,0,1.9049641310967202,2.2949674823694606
token_reset_eot,3,f50,f50r,"f50r.6,+P0",94.10850011910226,51,91.77118245990444,41,2.3373176591978146,10,0,1.8452647082176914,2.2383215234123033
token_reset_eot,3,f50,f50r,"f50r.7,+P0",121.0093030750006,51,113.62511826771157,41,7.384184807289017,10,0,2.3727314328431492,2.771344347992965
token_reset_eot,3,f50,f50r,"f50r.8,+P0",122.10696208188473,49,114.72704778018864,40,7.37991430169611,9,0,2.4919788179976474,2.868176194504716
token_reset_eot,3,f50,f50r,"f50r.9,+P0",86.29271832161444,38,82.7063453094671,31,3.586373012147351,7,0,2.270861008463538,2.6679466228860353
token_reset_eot,3,f50,f50v,"f50v.1,@P0",129.00098798855947,55,123.1057112831076,45,5.8952767054518596,10,0,2.3454725088828994,2.7356824729579468
token_reset_eot,3,f50,f50v,"f50v.10,+P0",98.52391401807469,39,91.00701735976457,32,7.516896658310118,7,0,2.5262542055916586,2.843969292492643
token_reset_eot,3,f50,f50v,"f50v.11,+P0",41.58401072502957,19,41.110768121367165,15,0.4732426036624051,4,0,2.188632143422609,2.740717874757811
token_reset_eot,3,f50,f50v,"f50v.2,+P0",98.61059530698458,51,98.26951157766312,41,0.3410837293214379,10,0,1.933541084450678,2.396817355552759
token_reset_eot,3,f50,f50v,"f50v.3,+P0",98.02501640781972,51,96.5797582412877,42,1.445258166532005,9,0,1.9220591452513671,2.299518053363993
token_reset_eot,3,f50,f50v,"f50v.4,+P0",107.95108610538108,50,97.9493018311131,38,10.001784274267985,12,0,2.1590217221076218,2.577613206081924
token_reset_eot,3,f50,f50v,"f50v.5,+P0",115.31677974559291,50,109.54470284512398,40,5.772076900468944,10,0,2.3063355949118582,2.7386175711280996
token_reset_eot,3,f50,f50v,"f50v.6,+P0",95.61063717684743,54,93.89770233356388,44,1.7129348432835498,10,0,1.7705673551268044,2.1340386893991794
token_reset_eot,3,f50,f50v,"f50v.7,+P0",117.90742281498464,49,116.84896781854478,39,1.0584549964398593,10,0,2.4062739349996867,2.9961273799626866
token_reset_eot,3,f50,f50v,"f50v.8,+P0",105.67228267866687,51,102.69880694232248,41,2.9734757363443807,10,0,2.0720055427189585,2.5048489498127435
token_reset_eot,3,f50,f50v,"f50v.9,+P0",98.84899456511934,40,95.03262051768353,32,3.816374047435822,8,0,2.4712248641279837,2.96976939117761
token_reset_eot,3,f54,f54r,"f54r.1,@P0",86.21265539956855,37,84.19789005145665,31,2.0147653481118875,6,0,2.3300717675559066,2.7160609694018274
token_reset_eot,3,f54,f54r,"f54r.10,+P0",106.75154752771356,50,101.00442167456886,38,5.747125853144692,12,0,2.1350309505542713,2.6580110966991803
token_reset_eot,3,f54,f54r,"f54r.11,+P0",118.51070616791921,45,110.18742447171186,33,8.32328169620737,12,1,2.6335712481759823,3.3390128627791476
token_reset_eot,3,f54,f54r,"f54r.12,+P0",106.61709425585757,37,88.62573374352854,27,17.99136051232901,10,0,2.8815430879961506,3.2824345830936497
token_reset_eot,3,f54,f54r,"f54r.2,+P0",88.8897508577664,38,87.87986304918287,32,1.0098878085835208,6,0,2.339203969941221,2.746245720286965
token_reset_eot,3,f54,f54r,"f54r.3,+P0",99.86615270011194,41,93.23697726097552,31,6.629175439136416,10,0,2.43575982195395,3.007644427773404
token_reset_eot,3,f54,f54r,"f54r.4,+P0",95.8151414129757,36,91.36943538059192,28,4.445706032383778,8,0,2.661531705915992,3.263194120735426
token_reset_eot,3,f54,f54r,"f54r.5,+P0",48.106057491294315,20,40.383179416115226,16,7.7228780751790955,4,0,2.4053028745647156,2.5239487135072016
token_reset_eot,3,f54,f54r,"f54r.6,+P0",149.5167278778434,44,139.12075555075137,35,10.395972327092055,9,0,3.3981074517691683,3.9748787300214676
token_reset_eot,3,f54,f54r,"f54r.7,+P0",125.77071104996176,48,114.75748193759438,36,11.013229112367405,12,0,2.620223146874203,3.1877078315998437
token_reset_eot,3,f54,f54r,"f54r.8,+P0",123.94384337071695,41,115.35541583240436,32,8.588427538312596,9,0,3.0230205700174864,3.6048567447626363
token_reset_eot,3,f54,f54r,"f54r.9,+P0",94.7963291627882,43,84.7751372534409,31,10.0211919093473,12,0,2.2045657944834463,2.7346818468851906
token_reset_eot,3,f54,f54v,"f54v.1,@P0",109.92528602956648,42,106.0923624975207,33,3.83292353204577,9,0,2.6172687149896783,3.2149200756824454
token_reset_eot,3,f54,f54v,"f54v.10,+P0",62.64875371514581,27,60.76004035004182,21,1.888713365103983,6,0,2.320324211672067,2.893335254763896
token_reset_eot,3,f54,f54v,"f54v.11,+P0",30.87495475273255,15,30.77759297354263,12,0.09736177918992411,3,0,2.0583303168488367,2.564799414461886
token_reset_eot,3,f54,f54v,"f54v.12,+P0",32.93430793620176,14,28.98577354166198,10,3.9485343945397786,4,0,2.3524505668715543,2.898577354166198
token_reset_eot,3,f54,f54v,"f54v.13,+P0",37.79635640606652,16,33.74966357914411,12,4.046692826922414,4,0,2.3622722753791576,2.812471964928676
token_reset_eot,3,f54,f54v,"f54v.14,+P0",50.084466592738785,18,49.61061825626295,14,0.4738483364758271,4,0,2.782470366263266,3.543615589733068
token_reset_eot,3,f54,f54v,"f54v.15,+P0",61.10943165072677,25,59.41678195276113,20,1.6926496979656342,5,0,2.4443772660290706,2.9708390976380565
token_reset_eot,3,f54,f54v,"f54v.16,+P0",25.086158293779853,14,24.382026494609093,11,0.7041317991707635,3,0,1.7918684495557038,2.2165478631462814
token_reset_eot,3,f54,f54v,"f54v.2,+P0",102.33044700387546,39,99.11921599455474,31,3.211231009320743,8,0,2.623857615483986,3.1973940643404752
token_reset_eot,3,f54,f54v,"f54v.3,+P0",91.8555539423639,38,90.24435083725031,30,1.6112031051135824,8,0,2.417251419535892,3.0081450279083435
token_reset_eot,3,f54,f54v,"f54v.4,+P0",60.92126403129397,34,58.82853036062991,26,2.0927336706640576,8,0,1.7918018832733522,2.2626357831011505
token_reset_eot,3,f54,f54v,"f54v.5,+P0",69.30997244731036,31,66.76107618062265,24,2.548896266687701,7,0,2.2358055628164633,2.781711507525944
token_reset_eot,3,f54,f54v,"f54v.6,+P0",54.73306087121995,26,53.30215890689756,21,1.4309019643223928,5,0,2.105117725816152,2.538198043185598
token_reset_eot,3,f54,f54v,"f54v.7,+P0",55.58619759246173,28,52.821230220144834,22,2.7649673723169013,6,0,1.9852213425879188,2.4009650100065834
token_reset_eot,3,f54,f54v,"f54v.8,+P0",81.50126733641586,31,70.99924664204259,24,10.502020694373279,7,0,2.6290731398843827,2.958301943418441
token_reset_eot,3,f54,f54v,"f54v.9,+P0",64.46934413058266,30,63.167764654177184,24,1.3015794764054738,6,0,2.1489781376860884,2.6319901939240493
token_reset_eot,3,f66,f66r,"f66r.1,@L0",14.724515030603005,5,14.666410308688395,4,0.05810472191461011,1,0,2.944903006120601,3.6666025771720987
token_reset_eot,3,f66,f66r,"f66r.10,+L0",14.144691400222467,6,14.086344462466993,5,0.05834693775547275,1,0,2.3574485667037446,2.8172688924933986
token_reset_eot,3,f66,f66r,"f66r.11,+L0",13.07576792695375,5,13.017420989198277,4,0.05834693775547275,1,0,2.61515358539075,3.254355247299569
token_reset_eot,3,f66,f66r,"f66r.12,+L0",8.239822229154214,4,8.22377077882028,3,0.016051450333934823,1,0,2.0599555572885535,2.7412569262734263
token_reset_eot,3,f66,f66r,"f66r.13,+L0",8.20154219263312,6,7.629492598728034,5,0.5720495939050867,1,0,1.3669236987721867,1.5258985197456068
token_reset_eot,3,f66,f66r,"f66r.14,+L0",23.24025337828057,6,16.44861853855442,5,6.791634839726152,1,0,3.873375563046762,3.289723707710884
token_reset_eot,3,f66,f66r,"f66r.15,+L0",16.863374212115616,6,16.29132461821053,5,0.5720495939050867,1,0,2.810562368685936,3.2582649236421064
token_reset_eot,3,f66,f66r,"f66r.16,@L0",6.991071900047877,2,4.23431718641313,1,2.756754713634747,1,0,3.4955359500239385,4.23431718641313
token_reset_eot,3,f66,f66r,"f66r.17,+L0",7.732977067055748,2,2.133063221682629,1,5.599913845373118,1,0,3.866488533527874,2.133063221682629
token_reset_eot,3,f66,f66r,"f66r.18,+L0",6.776282198260471,2,4.843834499229374,1,1.9324476990310973,1,0,3.3881410991302356,4.843834499229374
token_reset_eot,3,f66,f66r,"f66r.19,+L0",11.030419170738057,2,3.676775786795278,1,7.35364338394278,1,0,5.515209585369028,3.676775786795278
token_reset_eot,3,f66,f66r,"f66r.2,+L0",16.584058217535965,5,16.18276629895391,4,0.40129191858205243,1,0,3.316811643507193,4.045691574738478
token_reset_eot,3,f66,f66r,"f66r.20,+L0",6.991071900047877,2,4.23431718641313,1,2.756754713634747,1,0,3.4955359500239385,4.23431718641313
token_reset_eot,3,f66,f66r,"f66r.21,+L0",9.87737321944153,2,3.4267074703418734,1,6.450665749099658,1,0,4.938686609720765,3.4267074703418734
token_reset_eot,3,f66,f66r,"f66r.22,+L0",7.732977067055748,2,2.133063221682629,1,5.599913845373118,1,0,3.866488533527874,2.133063221682629
token_reset_eot,3,f66,f66r,"f66r.23,+L0",14.46498451497417,2,8.418229429441928,1,6.046755085532241,1,0,7.232492257487085,8.418229429441928
token_reset_eot,3,f66,f66r,"f66r.24,+L0",27.420857494522814,2,25.084264625592475,1,2.336592868930337,1,1,13.710428747261407,25.084264625592475
token_reset_eot,3,f66,f66r,"f66r.25,+L0",14.224313514719356,2,11.570237881976913,1,2.654075632742443,1,0,7.112156757359678,11.570237881976913
token_reset_eot,3,f66,f66r,"f66r.26,+L0",8.862504503183095,3,8.498189384929374,2,0.3643151182537203,1,0,2.954168167727698,4.249094692464687
token_reset_eot,3,f66,f66r,"f66r.27,+L0",9.87737321944153,2,3.4267074703418734,1,6.450665749099658,1,0,4.938686609720765,3.4267074703418734
token_reset_eot,3,f66,f66r,"f66r.28,+L0",11.030419170738057,2,3.676775786795278,1,7.35364338394278,1,0,5.515209585369028,3.676775786795278
token_reset_eot,3,f66,f66r,"f66r.29,+L0",6.991071900047877,2,4.23431718641313,1,2.756754713634747,1,0,3.4955359500239385,4.23431718641313
token_reset_eot,3,f66,f66r,"f66r.3,+L0",10.362638772884113,4,10.042455441441499,3,0.3201833314426132,1,0,2.590659693221028,3.3474851471471663
token_reset_eot,3,f66,f66r,"f66r.30,+L0",14.46498451497417,2,8.418229429441928,1,6.046755085532241,1,0,7.232492257487085,8.418229429441928
token_reset_eot,3,f66,f66r,"f66r.31,+L0",14.46498451497417,2,8.418229429441928,1,6.046755085532241,1,0,7.232492257487085,8.418229429441928
token_reset_eot,3,f66,f66r,"f66r.32,+L0",6.991071900047877,2,4.23431718641313,1,2.756754713634747,1,0,3.4955359500239385,4.23431718641313
token_reset_eot,3,f66,f66r,"f66r.33,+L0",7.732977067055748,2,2.133063221682629,1,5.599913845373118,1,0,3.866488533527874,2.133063221682629
token_reset_eot,3,f66,f66r,"f66r.34,+L0",9.87737321944153,2,3.4267074703418734,1,6.450665749099658,1,0,4.938686609720765,3.4267074703418734
token_reset_eot,3,f66,f66r,"f66r.35,+L0",6.776282198260471,2,4.843834499229374,1,1.9324476990310973,1,0,3.3881410991302356,4.843834499229374
token_reset_eot,3,f66,f66r,"f66r.36,+L0",14.46498451497417,2,8.418229429441928,1,6.046755085532241,1,0,7.232492257487085,8.418229429441928
token_reset_eot,3,f66,f66r,"f66r.37,+L0",19.29914107128195,2,14.740155781015167,1,4.558985290266785,1,0,9.649570535640976,14.740155781015167
token_reset_eot,3,f66,f66r,"f66r.38,+L0",27.420857494522814,2,25.084264625592475,1,2.336592868930337,1,1,13.710428747261407,25.084264625592475
token_reset_eot,3,f66,f66r,"f66r.39,+L0",14.224313514719356,2,11.570237881976913,1,2.654075632742443,1,0,7.112156757359678,11.570237881976913
token_reset_eot,3,f66,f66r,"f66r.4,+L0",10.753360630211898,5,10.695255908297288,4,0.05810472191461011,1,0,2.1506721260423793,2.673813977074322
token_reset_eot,3,f66,f66r,"f66r.40,+L0",13.664375513789832,2,5.202926517072644,1,8.461448996717188,1,0,6.832187756894916,5.202926517072644
token_reset_eot,3,f66,f66r,"f66r.41,+L0",7.732977067055748,2,2.133063221682629,1,5.599913845373118,1,0,3.866488533527874,2.133063221682629
token_reset_eot,3,f66,f66r,"f66r.42,+L0",27.420857494522814,2,25.084264625592475,1,2.336592868930337,1,1,13.710428747261407,25.084264625592475
token_reset_eot,3,f66,f66r,"f66r.43,+L0",7.670790640983571,2,4.75287299052013,1,2.9179176504634414,1,0,3.8353953204917857,4.75287299052013
token_reset_eot,3,f66,f66r,"f66r.44,+L0",7.87694644010145,2,6.200945764899731,1,1.6760006752017185,1,0,3.938473220050725,6.200945764899731
token_reset_eot,3,f66,f66r,"f66r.45,+L0",13.664375513789832,2,5.202926517072644,1,8.461448996717188,1,0,6.832187756894916,5.202926517072644
token_reset_eot,3,f66,f66r,"f66r.46,+L0",7.732977067055748,2,2.133063221682629,1,5.599913845373118,1,0,3.866488533527874,2.133063221682629
token_reset_eot,3,f66,f66r,"f66r.47,+L0",14.224313514719356,2,11.570237881976913,1,2.654075632742443,1,0,7.112156757359678,11.570237881976913
token_reset_eot,3,f66,f66r,"f66r.48,+L0",14.55322223318105,2,6.1627344678040155,1,8.390487765377035,1,0,7.276611116590525,6.1627344678040155
token_reset_eot,3,f66,f66r,"f66r.49,+L0",9.87737321944153,2,3.4267074703418734,1,6.450665749099658,1,0,4.938686609720765,3.4267074703418734
token_reset_eot,3,f66,f66r,"f66r.5,+L0",12.480334589831655,6,11.80830569132876,5,0.6720288985028938,1,0,2.0800557649719424,2.361661138265752
token_reset_eot,3,f66,f66r,"f66r.50,@P0",152.4336746293045,54,139.9318512041385,45,12.501823425165993,9,0,2.822845826468602,3.1095966934253
token_reset_eot,3,f66,f66r,"f66r.51,+P0",96.02271301552021,54,91.09575521058032,45,4.926957804939881,9,0,1.7781983891763002,2.024350115790674
token_reset_eot,3,f66,f66r,"f66r.52,+P0",112.40808963482282,49,105.82951592817977,39,6.578573706643057,10,0,2.294042645608629,2.713577331491789
token_reset_eot,3,f66,f66r,"f66r.53,+P0",114.4779476773813,57,112.11447394572842,46,2.3634737316528747,11,0,2.008385046971602,2.4372711727332264
token_reset_eot,3,f66,f66r,"f66r.54,+P0",90.88606319831894,56,90.32230014277025,48,0.5637630555486751,8,0,1.6229654142556953,1.8817145863077134
token_reset_eot,3,f66,f66r,"f66r.55,+P0",118.58812645930885,50,114.77716713125248,42,3.810959328056345,8,0,2.371762529186177,2.7327896936012497
token_reset_eot,3,f66,f66r,"f66r.56,+P0",32.97569845427723,18,32.27156665510646,15,0.7041317991707635,3,0,1.831983247459846,2.1514377770070974
token_reset_eot,3,f66,f66r,"f66r.57,+P0",134.07730210402934,51,130.30422361561116,43,3.773078488418139,8,0,2.628966707922144,3.030330781758399
token_reset_eot,3,f66,f66r,"f66r.58,+P0",125.25816886589334,52,123.34069339321609,42,1.9174754726772432,10,0,2.408810939728718,2.9366831760289545
token_reset_eot,3,f66,f66r,"f66r.59,+P0",143.53097818864896,49,119.10345355287424,39,24.427524635774738,10,0,2.92920363650304,3.053934706483955
token_reset_eot,3,f66,f66r,"f66r.6,+L0",12.487823448858155,5,12.429476511102681,4,0.05834693775547275,1,0,2.497564689771631,3.1073691277756703
token_reset_eot,3,f66,f66r,"f66r.60,+P0",109.8450247928933,52,108.07659843915222,43,1.7684263537410922,9,0,2.1124043229402556,2.513409266026796
token_reset_eot,3,f66,f66r,"f66r.61,+P0",93.87214326509266,55,91.86108330747524,44,2.01105995761741,11,0,1.706766241183503,2.08775189335171
token_reset_eot,3,f66,f66r,"f66r.62,+P0",116.05531777095209,34,110.12738110803747,25,5.927936662914644,9,0,3.4133916991456497,4.405095244321498
token_reset_eot,3,f66,f66r,"f66r.63,+P0",145.63347022432484,56,138.43234474959567,47,7.201125474729166,9,0,2.6005976825772295,2.94536903722544
token_reset_eot,3,f66,f66r,"f66r.64,+P0",133.823990973453,52,121.5016160727562,42,12.322374900696792,10,0,2.573538287951019,2.8928956207799095
token_reset_eot,3,f66,f66r,"f66r.65,+P0",129.55889996810492,54,127.75353214003876,43,1.8053678280661587,11,0,2.3992388882982394,2.9710123753497384
token_reset_eot,3,f66,f66r,"f66r.66,+P0",67.25482449688133,33,64.85824891894363,26,2.396575577937684,7,0,2.0380249847539798,2.494548035343986
token_reset_eot,3,f66,f66r,"f66r.67,+P0",114.61456942122093,54,112.71976202245675,45,1.8948073987641938,9,0,2.122492026318906,2.504883600499039
token_reset_eot,3,f66,f66r,"f66r.68,+P0",120.19559309558485,55,116.44497151739118,43,3.7506215781936807,12,0,2.1853744199197247,2.708022593427702
token_reset_eot,3,f66,f66r,"f66r.69,+P0",106.22519458046256,46,101.73040076186606,37,4.494793818596485,9,0,2.3092433604448384,2.749470290861245
token_reset_eot,3,f66,f66r,"f66r.7,+L0",25.550646609003024,5,18.148862050343283,4,7.401784558659742,1,0,5.1101293218006045,4.537215512585821
token_reset_eot,3,f66,f66r,"f66r.70,+P0",134.82924472488776,57,132.70921848406522,46,2.120026240822516,11,0,2.3654253460506625,2.884983010523157
token_reset_eot,3,f66,f66r,"f66r.71,+P0",108.90068147060651,53,106.05395246576214,43,2.8467290048443643,10,0,2.0547298390680475,2.4663709875758637
token_reset_eot,3,f66,f66r,"f66r.72,+P0",113.64953800458316,53,109.30247993676056,43,4.347058067822618,10,0,2.1443309057468523,2.541918138064199
token_reset_eot,3,f66,f66r,"f66r.73,+P0",113.91526183056357,53,101.75346797870381,43,12.161793851859787,10,0,2.149344562840822,2.3663597204349722
token_reset_eot,3,f66,f66r,"f66r.74,+P0",102.16795877212806,54,101.84990863606734,45,0.31805013606072713,9,0,1.89199923652089,2.2633313030237185
token_reset_eot,3,f66,f66r,"f66r.75,+P0",142.0884709303282,57,134.70703774114426,45,7.381433189183927,12,0,2.492780191760144,2.9934897275809838
token_reset_eot,3,f66,f66r,"f66r.76,+P0",90.00512830086959,51,88.50785425467494,42,1.4972740461946403,9,0,1.7648064372719527,2.1073298632065462
token_reset_eot,3,f66,f66r,"f66r.77,+P0",101.657602892706,54,99.84177770432258,44,1.8158251883834342,10,0,1.8825482017167776,2.269131311461877
token_reset_eot,3,f66,f66r,"f66r.78,+P0",100.41380911157628,47,97.95221894220477,38,2.461590169371507,9,0,2.1364640236505594,2.577689972163283
token_reset_eot,3,f66,f66r,"f66r.79,+P0",91.27835124508758,48,90.41145722584007,40,0.866894019247489,8,0,1.9016323176059913,2.2602864306460018
token_reset_eot,3,f66,f66r,"f66r.8,+L0",17.624539246858664,5,17.566434524944054,4,0.05810472191461011,1,0,3.5249078493717327,4.391608631236013
token_reset_eot,3,f66,f66r,"f66r.80,+P0",95.97392747190204,46,94.12377238994287,37,1.8501550819591652,9,0,2.0863897276500443,2.5438857402687263
token_reset_eot,3,f66,f66r,"f66r.81,+P0",66.98394231501918,28,66.37916931786542,23,0.6047729971537538,5,0,2.392283654107828,2.8860508399071922
token_reset_eot,3,f66,f66r,"f66r.82,@Lx",58.35893192508026,23,54.46068830129959,18,3.89824362378067,5,0,2.5373448663078375,3.025593794516644
token_reset_eot,3,f66,f66r,"f66r.9,+L0",18.08297181274395,7,17.91787327510145,6,0.16509853764250026,1,0,2.58328168753485,2.9863122125169084
token_reset_eot,3,f66,f66v,"f66v.1,@P0",165.77770431450665,51,145.91621449431685,42,19.86148982018978,9,0,3.2505432218530714,3.47419558319802
token_reset_eot,3,f66,f66v,"f66v.10,+P0",120.69551941843956,49,110.47951668517574,39,10.216002733263801,10,0,2.46317386568244,2.8328081201327113
token_reset_eot,3,f66,f66v,"f66v.11,+P0",139.33232507622182,47,130.02772731675614,38,9.304597759465661,9,0,2.9645175548132303,3.421782297809372
token_reset_eot,3,f66,f66v,"f66v.12,+P0",106.99393841185272,50,103.9774903102912,40,3.016448101561505,10,0,2.1398787682370544,2.59943725775728
token_reset_eot,3,f66,f66v,"f66v.13,+P0",92.98261929632868,43,91.52008888228862,35,1.4625304140400597,8,0,2.1623864952634575,2.614859682351103
token_reset_eot,3,f66,f66v,"f66v.2,+P0",106.08639009391001,52,104.55574193652872,43,1.5306481573813002,9,0,2.0401228864213463,2.4315288822448538
token_reset_eot,3,f66,f66v,"f66v.3,+P0",102.01649516564814,48,97.79503676873254,38,4.2214583969155735,10,0,2.125343649284336,2.5735535991771723
token_reset_eot,3,f66,f66v,"f66v.4,+P0",112.81172682366507,50,104.374209793892,39,8.437517029773044,11,0,2.2562345364733014,2.6762617895869747
token_reset_eot,3,f66,f66v,"f66v.5,+P0",68.7961075725407,29,67.5253667534314,24,1.2707408191092997,5,0,2.3722795714669207,2.8135569480596416
token_reset_eot,3,f66,f66v,"f66v.6,+P0",120.13249323871767,47,107.49716954828925,38,12.635323690428432,9,0,2.5560104944408013,2.828872882849717
token_reset_eot,3,f66,f66v,"f66v.7,+P0",107.21224060207092,49,103.37670274971167,41,3.83553785235927,8,0,2.1880049102463452,2.5213829938954064
token_reset_eot,3,f66,f66v,"f66v.8,+P0",90.08369618599657,47,89.0345051465938,39,1.0491910394027495,8,0,1.9166743869360974,2.282936029399841
token_reset_eot,3,f66,f66v,"f66v.9,+P0",132.80413593064154,48,131.64597278057772,40,1.1581631500638343,8,0,2.766752831888365,3.2911493195144432
token_reset_eot,3,f70,f70r1,"f70r1.1,@Cc",22.894137218868764,5,16.102502379142614,4,6.791634839726152,1,0,4.578827443773752,4.025625594785653
token_reset_eot,3,f70,f70r1,"f70r1.10,@Ri",26.989670140530553,10,26.294082251966234,8,0.6955878885643187,2,0,2.6989670140530553,3.2867602814957793
token_reset_eot,3,f70,f70r1,"f70r1.11,@Ri",24.230143160601443,11,24.134573943219763,9,0.09556921738167876,2,0,2.202740287327404,2.681619327024418
token_reset_eot,3,f70,f70r1,"f70r1.12,@Ri",21.384016268401666,11,21.255628394286624,9,0.12838787411504035,2,0,1.944001478945606,2.3617364882540692
token_reset_eot,3,f70,f70r1,"f70r1.13,@Cc",167.00795794859303,75,152.2230644190805,59,14.784893529512575,16,0,2.226772772647907,2.5800519393064487
token_reset_eot,3,f70,f70r1,"f70r1.14,@Ri",15.33407715823983,6,14.762027564334744,5,0.5720495939050867,1,0,2.555679526373305,2.9524055128669486
token_reset_eot,3,f70,f70r1,"f70r1.15,@Ri",11.056190138142577,7,11.02511772422513,6,0.031072413917447604,1,0,1.579455734020368,1.8375196207041882
token_reset_eot,3,f70,f70r1,"f70r1.16,@Ri",10.683748398906955,6,10.652675984989507,5,0.031072413917447604,1,0,1.780624733151159,2.1305351969979016
token_reset_eot,3,f70,f70r1,"f70r1.17,@Ri",22.697731820299605,7,22.02570292179671,6,0.6720288985028938,1,0,3.242533117185658,3.6709504869661185
token_reset_eot,3,f70,f70r1,"f70r1.18,@Ri",12.07891862927842,6,11.506869035373333,5,0.5720495939050867,1,0,2.0131531048797364,2.3013738070746665
token_reset_eot,3,f70,f70r1,"f70r1.19,@Ri",24.833743037288595,6,23.400713410080822,5,1.4330296272077738,1,0,4.138957172881432,4.6801426820161645
token_reset_eot,3,f70,f70r1,"f70r1.2,@Cc",460.8672225031475,192,443.3418620182363,158,17.525360484911133,34,0,2.4003501172038932,2.805961152014154
token_reset_eot,3,f70,f70r1,"f70r1.3,+Cc",413.63588550325903,181,392.8360243606597,146,20.799861142599386,35,0,2.285281135377122,2.6906577011004087
token_reset_eot,3,f70,f70r1,"f70r1.4,@Ri",27.565331808136477,9,27.506984870381004,8,0.05834693775547275,1,0,3.0628146453484977,3.4383731087976255
token_reset_eot,3,f70,f70r1,"f70r1.5,@Ri",26.817640542522398,11,26.398307673396104,9,0.41933286912629114,2,0,2.437967322047491,2.9331452970440117
token_reset_eot,3,f70,f70r1,"f70r1.6,@Ri",25.988520102125577,13,25.54090837788116,10,0.44761172424441975,3,0,1.9991169309327366,2.5540908377881157
token_reset_eot,3,f70,f70r1,"f70r1.7,@Ri",22.08613759300653,10,21.68982702414126,8,0.3963105688652707,2,0,2.208613759300653,2.7112283780176574
token_reset_eot,3,f70,f70r1,"f70r1.8,@Ri",36.85424529421768,13,33.935678316921106,10,2.918566977296571,3,0,2.834941945709052,3.3935678316921107
token_reset_eot,3,f70,f70r1,"f70r1.9,@Ri",28.918442211402386,12,28.523054679231223,10,0.3953875321711679,2,0,2.409870184283532,2.8523054679231223
token_reset_eot,3,f70,f70r2,"f70r2.1,@P1",120.80230344939781,44,113.24308076725659,34,7.5592226821411925,10,0,2.745506896577223,3.330678846095782
token_reset_eot,3,f70,f70r2,"f70r2.10,+P1",62.226673472689825,29,59.683992473132996,23,2.542680999556831,6,0,2.1457473611272353,2.5949561944840434
token_reset_eot,3,f70,f70r2,"f70r2.11,+P1",52.79728931587954,27,50.56381786065049,22,2.233471455229054,5,0,1.9554551598473904,2.298355357302295
token_reset_eot,3,f70,f70r2,"f70r2.12,+P1",54.42690443217614,28,52.01550486955147,22,2.4113995626246707,6,0,1.943818015434862,2.3643411304341577
token_reset_eot,3,f70,f70r2,"f70r2.13,+P1",71.36973556062105,29,58.25815585282809,22,13.111579707792972,7,0,2.4610253641593465,2.6480979933103677
token_reset_eot,3,f70,f70r2,"f70r2.14,+P1",44.40503297501745,18,42.06821656328142,13,2.33681641173603,5,0,2.466946276389858,3.236016658713955
token_reset_eot,3,f70,f70r2,"f70r2.15,@Cc",510.4820615098204,186,489.5424181471863,148,20.939643362634182,38,0,2.7445272124183893,3.3077190415350426
token_reset_eot,3,f70,f70r2,"f70r2.16,+Cc",404.1863530088772,164,377.1040946254529,132,27.082258383424357,32,0,2.4645509329809583,2.8568492017079765
token_reset_eot,3,f70,f70r2,"f70r2.17,+Cc",424.8506259158772,165,396.95644113236693,133,27.89418478351023,32,0,2.5748522782780436,2.984634895732082
token_reset_eot,3,f70,f70r2,"f70r2.18,+Cc",404.098028972899,160,389.1075999934548,127,14.990428979443948,33,0,2.5256126810806188,3.0638393700272033
token_reset_eot,3,f70,f70r2,"f70r2.19,@Cc",113.72082382622878,46,102.78005830278983,36,10.940765523438966,10,0,2.472191822309321,2.8550016195219396
token_reset_eot,3,f70,f70r2,"f70r2.2,+P1",135.04576722636966,39,127.04582445195194,30,7.999942774417699,9,0,3.462711980163325,4.234860815065065
token_reset_eot,3,f70,f70r2,"f70r2.3,+P1",106.34232938435967,41,94.9730547893515,31,11.369274595008173,10,0,2.593715350838041,3.0636469286887578
token_reset_eot,3,f70,f70r2,"f70r2.4,+P1",94.08932728567969,35,92.68718839894744,27,1.4021388867322595,8,0,2.6882664938765624,3.432858829590646
token_reset_eot,3,f70,f70r2,"f70r2.5,+P1",99.56449458305435,37,96.25662051068414,29,3.3078740723701867,8,0,2.690932286028496,3.319193810713246
token_reset_eot,3,f70,f70r2,"f70r2.6,+P1",97.89303448576521,37,94.39170477770169,29,3.5013297080634977,8,0,2.645757688804465,3.254886371644886
token_reset_eot,3,f70,f70r2,"f70r2.7,+P1",65.93487118609248,30,58.87204825702959,23,7.062822929062889,7,0,2.197829039536416,2.5596542720447646
token_reset_eot,3,f70,f70r2,"f70r2.8,+P1",79.86887488132224,32,77.52246126949866,26,2.346413611823582,6,0,2.49590234004132,2.9816331257499487
token_reset_eot,3,f70,f70r2,"f70r2.9,+P1",72.78433050144719,28,67.42941028938492,22,5.354920212062289,6,0,2.5994403750516852,3.064973194972042
token_reset_eot,3,f70,f70v1,"f70v1.1,@Cc",497.25787273529534,202,469.966867173859,164,27.291005561436286,38,0,2.461672637303442,2.8656516291088963
token_reset_eot,3,f70,f70v1,"f70v1.10,&Lz",26.2116477375553,7,26.180575323637854,6,0.031072413917447604,1,0,3.7445211053650427,4.363429220606309
token_reset_eot,3,f70,f70v1,"f70v1.11,&Lz",38.34995814613596,13,37.20585895832579,11,1.1440991878101734,2,0,2.949996780471997,3.382350814393254
token_reset_eot,3,f70,f70v1,"f70v1.12,@Cc",275.45432757053914,123,258.82651439298826,101,16.627813177550905,22,0,2.2394660778092614,2.5626387563662205
token_reset_eot,3,f70,f70v1,"f70v1.13,@Lz",13.673097567301765,6,13.614750629546291,5,0.05834693775547275,1,0,2.278849594550294,2.722950125909258
token_reset_eot,3,f70,f70v1,"f70v1.14,&Lz",14.206355993607827,7,14.190304543273893,6,0.016051450333934823,1,0,2.029479427658261,2.3650507572123156
token_reset_eot,3,f70,f70v1,"f70v1.15,&Lz",46.998523628181516,17,43.32949925154419,14,3.6690243766373167,3,0,2.7646190369518537,3.0949642322531568
token_reset_eot,3,f70,f70v1,"f70v1.16,&Lz",48.37849537851848,20,47.4839990751223,17,0.8944963033961868,3,0,2.418924768925924,2.7931764161836647
token_reset_eot,3,f70,f70v1,"f70v1.17,&Lz",41.49711447781575,13,41.16704695523063,11,0.33006752258512556,2,0,3.19208572906275,3.7424588141118758
token_reset_eot,3,f70,f70v1,"f70v1.2,@Lz",42.37835878734424,17,41.88647900109729,13,0.49187978624694945,4,0,2.492844634549661,3.2220368462382534
token_reset_eot,3,f70,f70v1,"f70v1.3,&Lz",20.114192758117916,10,19.496283543333142,8,0.6179092147847736,2,0,2.0114192758117917,2.4370354429166428
token_reset_eot,3,f70,f70v1,"f70v1.4,&Lz",59.400505736876205,10,59.324506186974936,9,0.07599954990126982,1,0,5.94005057368762,6.591611798552771
token_reset_eot,3,f70,f70v1,"f70v1.5,&Lz",15.520537017095206,7,14.94848742319012,6,0.5720495939050867,1,0,2.217219573870744,2.4914145705316866
token_reset_eot,3,f70,f70v1,"f70v1.6,&Lz",11.703344562548523,6,11.64499762479305,5,0.05834693775547275,1,0,1.9505574270914205,2.32899952495861
token_reset_eot,3,f70,f70v1,"f70v1.7,&Lz",27.336876706263524,7,27.14652082911887,6,0.19035587714465255,1,0,3.9052681008947894,4.524420138186478
token_reset_eot,3,f70,f70v1,"f70v1.8,&Lz",22.297008327060098,9,21.895716408478044,8,0.40129191858205243,1,0,2.4774453696733443,2.7369645510597556
token_reset_eot,3,f70,f70v1,"f70v1.9,&Lz",17.867045922203012,7,17.774917149116135,6,0.09212877308687642,1,0,2.5524351317432874,2.9624861915193557
token_reset_eot,3,f70,f70v2,"f70v2.1,@Cc",572.4919672297768,231,536.9362083122555,189,35.55575891752136,42,0,2.4783202044579085,2.840932319112463
token_reset_eot,3,f70,f70v2,"f70v2.10,&Lz",15.608143908927566,6,12.21229554092565,5,3.3958483680019165,1,0,2.6013573181545944,2.44245910818513
token_reset_eot,3,f70,f70v2,"f70v2.11,&Lz",16.565017289885173,8,16.266022181217494,7,0.298995108667678,1,0,2.0706271612356466,2.323717454459642
token_reset_eot,3,f70,f70v2,"f70v2.12,&Lz",11.876561952604133,6,11.845489538686685,5,0.031072413917447604,1,0,1.9794269921006888,2.369097907737337
token_reset_eot,3,f70,f70v2,"f70v2.13,&Lz",23.94065246131052,7,23.87615565784629,6,0.06449680346423114,1,0,3.420093208758646,3.979359276307715
token_reset_eot,3,f70,f70v2,"f70v2.14,&Lz",13.997704361805939,4,13.980337140790338,3,0.01736722101560069,1,0,3.4994260904514847,4.660112380263446
token_reset_eot,3,f70,f70v2,"f70v2.15,&Lz",11.703344562548523,6,11.64499762479305,5,0.05834693775547275,1,0,1.9505574270914205,2.32899952495861
token_reset_eot,3,f70,f70v2,"f70v2.16,&Lz",21.19835836738214,10,20.327313664809374,8,0.8710447025727647,2,0,2.119835836738214,2.5409142081011717
token_reset_eot,3,f70,f70v2,"f70v2.17,&Lz",13.112974940788321,7,13.081902526870874,6,0.031072413917447604,1,0,1.8732821343983317,2.180317087811812
token_reset_eot,3,f70,f70v2,"f70v2.18,&Lz",14.746467226255936,7,14.688120288500462,6,0.05834693775547275,1,0,2.106638175179419,2.4480200480834102
token_reset_eot,3,f70,f70v2,"f70v2.19,&Lz",15.301114322829187,6,15.27004190891174,5,0.031072413917447604,1,0,2.5501857204715312,3.054008381782348
token_reset_eot,3,f70,f70v2,"f70v2.2,@Lz",23.38018611069545,8,23.36796926723777,7,0.01221684345768127,1,0,2.9225232638369314,3.3382813238911098
token_reset_eot,3,f70,f70v2,"f70v2.20,&Lz",11.99459360845034,5,11.682641748381519,4,0.3119518600688223,1,0,2.3989187216900683,2.9206604370953797
token_reset_eot,3,f70,f70v2,"f70v2.21,@Cc",398.2548561518555,170,392.31688353319794,139,5.937972618657602,31,0,2.3426756244226796,2.822423622540992
token_reset_eot,3,f70,f70v2,"f70v2.22,@Lz",16.675819639364043,8,16.312327727232134,6,0.3634919121319091,2,0,2.0844774549205054,2.718721287872022
token_reset_eot,3,f70,f70v2,"f70v2.23,&Lz",15.068948880989558,8,14.197904178416792,6,0.8710447025727647,2,0,1.8836186101236947,2.366317363069465
token_reset_eot,3,f70,f70v2,"f70v2.24,&Lz",15.095245605230474,7,14.796250496562797,6,0.298995108667678,1,0,2.1564636578900678,2.466041749427133
token_reset_eot,3,f70,f70v2,"f70v2.25,&Lz",15.883932467491624,7,15.819435664027393,6,0.06449680346423114,1,0,2.2691332096416605,2.6365726106712324
token_reset_eot,3,f70,f70v2,"f70v2.26,&Lz",22.061421706815164,8,21.996924903350934,7,0.06449680346423114,1,0,2.7576777133518955,3.142417843335848
token_reset_eot,3,f70,f70v2,"f70v2.27,&Lz",14.815871554343708,7,14.751374750879478,6,0.06449680346423114,1,0,2.1165530791919585,2.458562458479913
token_reset_eot,3,f70,f70v2,"f70v2.28,&Lz",18.078212058735993,8,17.506162464830908,7,0.5720495939050867,1,0,2.259776507341999,2.5008803521187013
token_reset_eot,3,f70,f70v2,"f70v2.29,&Lz",21.76426897317547,7,21.362977054593415,6,0.40129191858205243,1,0,3.10918128188221,3.5604961757655693
token_reset_eot,3,f70,f70v2,"f70v2.3,&Lz",14.84570637137384,6,14.78760164945923,5,0.05810472191461011,1,0,2.4742843952289735,2.957520329891846
token_reset_eot,3,f70,f70v2,"f70v2.30,&Lz",17.15939545434732,8,16.587345860442234,7,0.5720495939050867,1,0,2.144924431793415,2.3696208372060332
token_reset_eot,3,f70,f70v2,"f70v2.31,&Lz",17.338697462539606,7,17.32264601220567,6,0.016051450333934823,1,0,2.476956780362801,2.887107668700945
token_reset_eot,3,f70,f70v2,"f70v2.32,@Cc",228.59194458806317,103,215.0526328018488,81,13.53931178621443,22,0,2.2193392678452737,2.6549707753314666
token_reset_eot,3,f70,f70v2,"f70v2.33,@Lz",16.110484758746075,7,15.538435164840989,6,0.5720495939050867,1,0,2.301497822678011,2.5897391941401646
token_reset_eot,3,f70,f70v2,"f70v2.5,&Lz",7.74859784330486,4,7.578098927371391,3,0.1704989159334686,1,0,1.937149460826215,2.526032975790464
token_reset_eot,3,f70,f70v2,"f70v2.6,&Lz",16.278599275231603,8,16.196225705935007,6,0.08237356929659664,2,0,2.0348249094039503,2.699370950989168
token_reset_eot,3,f70,f70v2,"f70v2.7,&Lz",14.195210109628071,7,13.725716085026924,5,0.4694940246011466,2,0,2.027887158518296,2.745143217005385
token_reset_eot,3,f70,f70v2,"f70v2.8,&Lz",20.620663445112775,6,12.561837569324855,5,8.058825875787923,1,0,3.436777240852129,2.512367513864971
token_reset_eot,3,f70,f70v2,"f70v2.9,&Lz",10.683748398906955,6,10.652675984989507,5,0.031072413917447604,1,0,1.780624733151159,2.1305351969979016
token_reset_eot,3,f84,f84r,"f84r.1,@Lt",19.263734954904024,7,18.69168536099894,6,0.5720495939050867,1,0,2.7519621364148605,3.1152808934998233
token_reset_eot,3,f84,f84r,"f84r.10,@Ln",17.867045922203012,7,17.774917149116135,6,0.09212877308687642,1,0,2.5524351317432874,2.9624861915193557
token_reset_eot,3,f84,f84r,"f84r.11,@Ln",13.260743958525689,6,13.202397020770215,5,0.05834693775547275,1,0,2.2101239930876146,2.640479404154043
token_reset_eot,3,f84,f84r,"f84r.12,@Ln",11.004971829978711,6,10.973899416061263,5,0.031072413917447604,1,0,1.8341619716631186,2.1947798832122527
token_reset_eot,3,f84,f84r,"f84r.13,@P0",133.35990633959054,66,122.89001294186342,55,10.469893397727123,11,0,2.0206046415089474,2.234363871670244
token_reset_eot,3,f84,f84r,"f84r.14,+P0",137.24014601293638,65,130.68835169509615,49,6.551794317840219,16,0,2.1113868617374827,2.667109218267268
token_reset_eot,3,f84,f84r,"f84r.15,+P0",97.75254563250643,68,96.84335733435688,56,0.9091882981495493,12,0,1.4375374357721533,1.7293456666849443
token_reset_eot,3,f84,f84r,"f84r.16,+P0",97.95569765696442,46,95.259507860931,37,2.696189796033397,9,0,2.1294716881948785,2.5745812935386754
token_reset_eot,3,f84,f84r,"f84r.17,+P0",141.99560485311528,71,138.07811642099205,58,3.917488432123214,13,0,1.9999380965227505,2.380657179672277
token_reset_eot,3,f84,f84r,"f84r.18,+P0",113.55264472947292,61,112.04478060786072,49,1.5078641216122048,12,0,1.861518766056933,2.286628175670627
token_reset_eot,3,f84,f84r,"f84r.19,+P0",89.43672603907842,50,88.55340875374216,42,0.8833172853362479,8,0,1.7887345207815684,2.108414494136718
token_reset_eot,3,f84,f84r,"f84r.2,@Ln",20.36901874468621,9,19.74984030457592,7,0.6191784401102911,2,0,2.263224304965134,2.8214057577965597
token_reset_eot,3,f84,f84r,"f84r.20,+P0",122.76371391958898,60,122.1333164310715,49,0.6303974885174619,11,0,2.0460618986598162,2.4925166618586023
token_reset_eot,3,f84,f84r,"f84r.21,+P0",113.70993626690795,62,102.88990868219454,48,10.820027584713415,14,0,1.8340312301114186,2.1435397642123863
token_reset_eot,3,f84,f84r,"f84r.22,+P0",108.74365036824831,71,106.62216368986921,58,2.1214866783790916,13,0,1.5316007094119481,1.8383131670667106
token_reset_eot,3,f84,f84r,"f84r.23,+P0",123.60281140460515,67,120.1005508778913,53,3.5022605267138243,14,0,1.8448180806657486,2.266048129771534
token_reset_eot,3,f84,f84r,"f84r.24,+P0",100.6466783901218,63,98.54094860026137,51,2.1057297898604324,12,0,1.597566323652727,1.932175462750223
token_reset_eot,3,f84,f84r,"f84r.25,+P0",109.0606120435939,65,107.87928381672553,53,1.1813282268683323,12,0,1.6778555699014448,2.0354581852212363
token_reset_eot,3,f84,f84r,"f84r.26,+P0",82.94735259401557,40,81.64807571011794,32,1.2992768838976199,8,0,2.0736838148503893,2.5515023659411855
token_reset_eot,3,f84,f84r,"f84r.27,+P0",187.30399452985657,61,176.5277854816852,49,10.776209048171346,12,0,3.070557287374698,3.602607866973168
token_reset_eot,3,f84,f84r,"f84r.28,+P0",131.04820998494222,63,123.06217995973239,49,7.986030025209814,14,0,2.0801303172213053,2.511473060402702
token_reset_eot,3,f84,f84r,"f84r.29,+P0",122.03219220544435,61,120.61074846304848,50,1.4214437423958406,11,0,2.000527741072858,2.41221496926097
token_reset_eot,3,f84,f84r,"f84r.3,+Ln",10.903450818102119,4,10.872378404184671,3,0.031072413917447604,1,0,2.7258627045255297,3.6241261347282236
token_reset_eot,3,f84,f84r,"f84r.30,+P0",118.9224528616929,59,117.32433354206788,47,1.5981193196250505,12,0,2.0156347942659814,2.4962624157886784
token_reset_eot,3,f84,f84r,"f84r.31,+P0",101.30355347468048,63,99.57456420636316,51,1.7289892683173127,12,0,1.6079929122965155,1.9524424354188856
token_reset_eot,3,f84,f84r,"f84r.32,+P0",112.42951752180727,60,110.30979743312423,48,2.1197200886830094,12,0,1.8738252920301213,2.2981207798567547
token_reset_eot,3,f84,f84r,"f84r.33,+P0",132.89033333970607,64,121.84913528274606,49,11.041198056960006,15,0,2.0764114584329074,2.486717046586654
token_reset_eot,3,f84,f84r,"f84r.34,+P0",142.45299793944002,54,141.1706104568235,44,1.2823874826165178,10,0,2.6380184803600004,3.208422964927807
token_reset_eot,3,f84,f84r,"f84r.35,+P0",88.07515227249,41,82.55427494304541,31,5.520877329444602,10,0,2.1481744456704877,2.6630411271950134
token_reset_eot,3,f84,f84r,"f84r.36,+P0",119.46070959374617,66,116.89713779894394,52,2.56357179480226,14,0,1.8100107514203965,2.248021880748922
token_reset_eot,3,f84,f84r,"f84r.37,@P1",61.60541003524903,42,59.500516185204134,34,2.1048938500448964,8,0,1.466795477029739,1.7500151819177687
token_reset_eot,3,f84,f84r,"f84r.38,+P1",88.11207734605573,44,84.62540022830741,35,3.486677117748301,9,0,2.0025472124103576,2.4178685779516402
token_reset_eot,3,f84,f84r,"f84r.39,+P1",51.55188856391041,35,51.36545408040572,29,0.18643448350468564,6,0,1.4729111018260117,1.771222554496749
token_reset_eot,3,f84,f84r,"f84r.4,@Ln",8.132624626620718,6,8.10155221270327,5,0.031072413917447604,1,0,1.3554374377701197,1.620310442540654
token_reset_eot,3,f84,f84r,"f84r.40,+P1",65.22033031695949,37,64.50717754199286,31,0.7131527749666353,6,0,1.7627116301880943,2.0808766949029955
token_reset_eot,3,f84,f84r,"f84r.41,+P1",68.76432198078876,35,68.05706307136714,29,0.7072589094216337,6,0,1.964694913736822,2.346795278323005
token_reset_eot,3,f84,f84r,"f84r.42,+P1",48.33025696856231,35,48.173156713963664,29,0.15710025459865085,6,0,1.380864484816066,1.6611433349642644
token_reset_eot,3,f84,f84r,"f84r.43,+P1",65.77610993056926,34,65.04278279093775,28,0.7333271396315042,6,0,1.9345914685461547,2.3229565282477767
token_reset_eot,3,f84,f84r,"f84r.44,+P1",66.15450221522926,35,64.68479294351106,27,1.4697092717182003,8,0,1.890128634720836,2.395733071981891
token_reset_eot,3,f84,f84r,"f84r.45,+P1",72.69188681165207,36,72.2039602259791,30,0.48792658567296177,6,0,2.0192190781014463,2.4067986741993033
token_reset_eot,3,f84,f84r,"f84r.46,+P1",54.35203531550876,33,53.60856721972867,27,0.7434680957800817,6,0,1.647031373197235,1.9855024896195803
token_reset_eot,3,f84,f84r,"f84r.47,@Lt",11.703344562548523,6,11.64499762479305,5,0.05834693775547275,1,0,1.9505574270914205,2.32899952495861
token_reset_eot,3,f84,f84r,"f84r.5,=Ln",14.644912437289925,5,14.586565499534451,4,0.05834693775547275,1,0,2.928982487457985,3.646641374883613
token_reset_eot,3,f84,f84r,"f84r.6,@Ln",13.31228573198494,4,13.137995926661642,3,0.17428980532329846,1,0,3.328071432996235,4.379331975553881
token_reset_eot,3,f84,f84r,"f84r.7,=Ln",13.691763929226866,5,13.599635156139989,4,0.09212877308687642,1,0,2.738352785845373,3.3999087890349973
token_reset_eot,3,f84,f84r,"f84r.8,@Ln",7.965102966264986,6,7.934030552347538,5,0.031072413917447604,1,0,1.3275171610441643,1.5868061104695077
token_reset_eot,3,f84,f84r,"f84r.9,=Ln",13.463429305845779,5,12.791400407342884,4,0.6720288985028938,1,0,2.6926858611691555,3.197850101835721
token_reset_eot,3,f84,f84v,"f84v.1,@P1",47.71612248951041,22,46.991490640875924,17,0.7246318486344823,5,0,2.1689146586141095,2.764205331816231
token_reset_eot,3,f84,f84v,"f84v.10,+P0",65.877798706337,40,61.28527005129547,33,4.592528655041543,7,0,1.6469449676584251,1.8571293954938022
token_reset_eot,3,f84,f84v,"f84v.11,+P0",76.78857273076511,39,75.91231971341219,30,0.8762530173529272,9,0,1.9689377623273105,2.5304106571137397
token_reset_eot,3,f84,f84v,"f84v.12,+P0",88.82928168498353,52,86.95341315485743,43,1.8758685301260791,9,0,1.708255417018914,2.0221723989501728
token_reset_eot,3,f84,f84v,"f84v.13,+P0",107.83102994513023,58,105.70503646989124,48,2.125993475238982,10,0,1.8591556887091418,2.2021882597894007
token_reset_eot,3,f84,f84v,"f84v.14,+P0",102.54712193690918,63,99.41093728584842,50,3.136184651060744,13,0,1.6277320942366535,1.9882187457169684
token_reset_eot,3,f84,f84v,"f84v.15,+P0",108.1378340155277,58,99.51977281496173,47,8.618061200565979,11,0,1.8644454140608224,2.1174419747864195
token_reset_eot,3,f84,f84v,"f84v.16,+P0",100.68154220936533,59,94.90430804925151,46,5.777234160113837,13,0,1.706466817107887,2.0631371315054676
token_reset_eot,3,f84,f84v,"f84v.17,+P0",102.10805199785985,57,98.19002709248741,45,3.9180249053724423,12,0,1.7913693332957867,2.182000602055276
token_reset_eot,3,f84,f84v,"f84v.18,+P0",100.48764504396263,57,98.58316801656115,46,1.9044770274014715,11,0,1.7629411411221514,2.143112348186112
token_reset_eot,3,f84,f84v,"f84v.19,+P0",129.73349876631121,62,126.83580682352644,50,2.89769194278479,12,0,2.0924757865534067,2.536716136470529
token_reset_eot,3,f84,f84v,"f84v.2,+P1",42.67863692054396,19,41.83361041990929,15,0.8450265006346644,4,0,2.246244048449682,2.788907361327286
token_reset_eot,3,f84,f84v,"f84v.20,+P0",49.6125672876904,30,49.37592011747203,25,0.2366471702183683,5,0,1.6537522429230134,1.975036804698881
token_reset_eot,3,f84,f84v,"f84v.21,+P0",145.6792887876647,54,134.9554932188207,43,10.723795568844048,11,0,2.697764607178976,3.1384998422981556
token_reset_eot,3,f84,f84v,"f84v.22,+P0",104.050398605656,57,103.67093288390583,46,0.3794657217501447,11,0,1.8254455895729123,2.2537159322588223
token_reset_eot,3,f84,f84v,"f84v.23,+P0",73.74582937965508,36,71.97129248306663,29,1.774536896588428,7,0,2.0484952605459745,2.4817687063126423
token_reset_eot,3,f84,f84v,"f84v.24,+P0",63.69752828539627,32,60.74161158636261,25,2.9559166990336614,7,0,1.9905477589186333,2.4296644634545044
token_reset_eot,3,f84,f84v,"f84v.25,+P0",47.535740614918645,31,46.180757371297865,25,1.3549832436207778,6,0,1.5334109875780209,1.8472302948519146
token_reset_eot,3,f84,f84v,"f84v.26,+P0",50.10344968157117,30,48.36717953414536,24,1.7362701474258087,6,0,1.6701149893857057,2.0152991472560564
token_reset_eot,3,f84,f84v,"f84v.27,+P0",57.47164248671047,31,53.729437605975676,25,3.7422048807347887,6,0,1.8539239511842087,2.149177504239027
token_reset_eot,3,f84,f84v,"f84v.28,+P0",41.18886466646552,29,40.4831664187852,23,0.7056982476803155,6,0,1.4203056781539833,1.7601376703819653
token_reset_eot,3,f84,f84v,"f84v.29,+P0",47.09333964489943,30,46.93623939030078,24,0.15710025459865085,6,0,1.5697779881633143,1.9556766412625324
token_reset_eot,3,f84,f84v,"f84v.3,@P0",74.8885215092501,36,73.50409692888458,30,1.3844245803655277,6,0,2.0802367085902804,2.4501365642961526
token_reset_eot,3,f84,f84v,"f84v.30,+P0",58.6575144086824,34,53.43167713475714,28,5.2258372739252605,6,0,1.7252210120200706,1.9082741833841834
token_reset_eot,3,f84,f84v,"f84v.31,+P0",65.6084319050863,31,63.466628989921574,24,2.141802915164728,7,0,2.1164010291963327,2.6444428745800654
token_reset_eot,3,f84,f84v,"f84v.32,+P0",73.7576471747922,39,72.69526497289503,32,1.0623822018971771,7,0,1.8912217224305692,2.2717270304029697
token_reset_eot,3,f84,f84v,"f84v.33,+P0",73.22094703371047,42,72.53278400128436,34,0.6881630324261028,8,0,1.7433558817550112,2.1333171765083634
token_reset_eot,3,f84,f84v,"f84v.34,+P0",91.78597323107618,46,87.96784459583397,35,3.81812863524219,11,0,1.99534724415383,2.513366988452399
token_reset_eot,3,f84,f84v,"f84v.35,+P0",82.77125920379467,49,80.25524714556717,39,2.5160120582274836,10,0,1.6892093715060137,2.0578268498863377
token_reset_eot,3,f84,f84v,"f84v.36,+P0",95.75429106433069,51,93.29252978348858,40,2.4617612808421185,11,0,1.8775351189084448,2.3323132445872146
token_reset_eot,3,f84,f84v,"f84v.37,+P0",75.51134223306963,43,74.1342279524753,34,1.377114280594331,9,0,1.7560777263504563,2.18041846919045
token_reset_eot,3,f84,f84v,"f84v.38,+P0",75.43270964087617,45,72.95736275129286,37,2.4753468895833244,8,0,1.6762824364639148,1.9718206148998072
token_reset_eot,3,f84,f84v,"f84v.39,+P0",92.63937755558757,45,91.67641305312954,36,0.9629645024580155,9,0,2.058652834568613,2.5465670292535982
token_reset_eot,3,f84,f84v,"f84v.4,+P0",65.62490670720499,34,64.86836172337132,27,0.7565449838336528,7,0,1.9301443149177937,2.4025319156804192
token_reset_eot,3,f84,f84v,"f84v.40,+P0",93.74619515665545,49,93.23778147690221,41,0.5084136797532386,8,0,1.9131876562582744,2.2740922311439564
token_reset_eot,3,f84,f84v,"f84v.41,+P0",56.51857891459853,27,54.914256957410736,22,1.6043219571877911,5,0,2.0932807005406864,2.496102588973215
token_reset_eot,3,f84,f84v,"f84v.42,@Pb",8.2964450908979,5,7.997449982230222,4,0.298995108667678,1,0,1.6592890181795799,1.9993624955575555
token_reset_eot,3,f84,f84v,"f84v.43,+Pb",21.370172095679255,7,20.69814319717636,6,0.6720288985028938,1,0,3.0528817279541793,3.4496905328627268
token_reset_eot,3,f84,f84v,"f84v.44,+Pb",17.907305673157104,5,17.890492147765347,4,0.01681352539175814,1,0,3.5814611346314207,4.472623036941337
token_reset_eot,3,f84,f84v,"f84v.45,+Pb",11.004971829978711,6,10.973899416061263,5,0.031072413917447604,1,0,1.8341619716631186,2.1947798832122527
token_reset_eot,3,f84,f84v,"f84v.46,@Pb",10.720725955651451,6,10.689653541734003,5,0.031072413917447604,1,0,1.7867876592752419,2.1379307083468007
token_reset_eot,3,f84,f84v,"f84v.47,+Pb",15.687380321047954,7,15.641520700168266,6,0.04585962087968683,1,0,2.241054331578279,2.606920116694711
token_reset_eot,3,f84,f84v,"f84v.48,+Pb",18.848960378997134,9,18.453572846825963,7,0.3953875321711679,2,0,2.0943289309996818,2.636224692403709
token_reset_eot,3,f84,f84v,"f84v.49,+Pb",15.726624715234989,6,15.629309255037397,5,0.09731546019759274,1,0,2.6211041192058313,3.125861851007479
token_reset_eot,3,f84,f84v,"f84v.5,+P0",60.23966906218426,35,55.37204238426119,28,4.867626677923061,7,0,1.7211334017766933,1.9775729422950425
token_reset_eot,3,f84,f84v,"f84v.50,+Pb",32.39636959393106,4,32.19276035176087,3,0.20360924217019508,1,1,8.099092398482766,10.730920117253623
token_reset_eot,3,f84,f84v,"f84v.51,+Pb",12.13042854090327,6,12.099356126985823,5,0.031072413917447604,1,0,2.0217380901505453,2.4198712253971646
token_reset_eot,3,f84,f84v,"f84v.6,+P0",50.48334234628422,29,50.322993161423334,24,0.16034918486088862,5,0,1.7408049084925592,2.0967913817259722
token_reset_eot,3,f84,f84v,"f84v.7,+P0",64.65967174690729,35,63.73256958591614,28,0.9271021609911563,7,0,1.8474191927687797,2.276163199497005
token_reset_eot,3,f84,f84v,"f84v.8,+P0",46.010282656432,36,45.803619431465606,30,0.20666322496638706,6,0,1.278063407123111,1.5267873143821868
token_reset_eot,3,f84,f84v,"f84v.9,+P0",68.84307797239452,34,68.01592076092567,28,0.8271572114688585,6,0,2.02479641095278,2.4291400271759165
