replicate,competitor_bits_per_event,trigram_bits_per_event,delta_competitor_minus_trigram_bits_per_event
0,2.6479582724680877,2.6114645328554174,0.03649373961267033
1,2.86489175275809,2.8722116846208405,-0.007319931862750373
2,2.634038853336661,2.5881087038502537,0.0459301494864075
3,2.5099201683628793,2.445909092758806,0.06401107560407349
4,2.585247935566639,2.527699180508533,0.05754875505810597
5,2.7285533257002315,2.697468181303055,0.031085144397176467
6,2.653995130832593,2.6258924142783435,0.02810271655424934
7,2.7915697227967535,2.7804131339699945,0.011156588826759073
8,2.809193305514248,2.7938410276870576,0.015352277827190619
9,2.6768510680356203,2.647519019134153,0.029332048901467456
10,2.750156146827678,2.7466320511199465,0.0035240957077316004
11,2.826443833788702,2.8125928172480874,0.013851016540614491
12,2.5376410857427683,2.4848585053250334,0.05278258041773487
13,2.603706557112161,2.562766826787024,0.04093973032513709
14,2.728136803008436,2.724864934871499,0.0032718681369368063
15,2.8058628037176567,2.7678669587364215,0.037995844981235205
16,2.728010201653399,2.7078444825684214,0.020165719084977773
17,2.6213878683691023,2.567173758918461,0.05421410945064142
18,2.698810032521667,2.6927253369900095,0.00608469553165758
19,2.6117667318871463,2.558718688940712,0.05304804294643439
20,2.587531994532516,2.544494061321609,0.04303793321090721
21,2.6085340186468637,2.561473249191472,0.04706076945539195
22,2.6231822001287752,2.570255283679977,0.05292691644879843
23,2.6397680725982227,2.595291248492555,0.04447682410566767
24,2.6149119344916683,2.5588366000533758,0.05607533443829249
25,2.726751082549533,2.7081065055604028,0.018644576989130357
26,2.743602363317302,2.7315504436316957,0.012051919685606372
27,2.6854669772252437,2.66874158893883,0.01672538828641379
28,2.7190920204292186,2.6898488385721016,0.02924318185711705
29,2.6951564438019178,2.6606740093848305,0.034482434417087315
30,2.936552711470128,2.948124497490595,-0.011571786020466934
31,2.614272075810248,2.561448622935486,0.0528234528747622
32,2.5754729882293144,2.5115844363765243,0.06388855185279008
33,2.6524966353165813,2.626594045873209,0.025902589443372204
34,2.6414255211078643,2.61615818429826,0.025267336809604135
35,2.6137452969746877,2.564292377317581,0.04945291965710652
36,2.6438724136495204,2.607002366404804,0.03687004724471654
37,2.7012669480954994,2.647704090171402,0.05356285792409743
38,2.5150245858413722,2.449279081920864,0.06574550392050815
39,2.657060873435429,2.602872263041078,0.05418861039435097
40,2.726237790850016,2.690172368614556,0.03606542223545972
41,2.6418294080941083,2.596427778981566,0.045401629112542086
42,2.7720978897534487,2.750163016160834,0.02193487359261459
43,2.7192215330375666,2.6789867467197532,0.04023478631781341
44,2.7580375431995763,2.7302088578694064,0.02782868533016991
45,2.6635251780741847,2.6192548048946667,0.044270373179517986
46,2.6825514213959667,2.6506219197241707,0.03192950167179598
47,2.6279004073830823,2.5732396632825676,0.05466074410051469
48,2.7760303428369735,2.737409638449334,0.03862070438763965
49,2.6870030204842394,2.6637128997314856,0.02329012075275383
50,2.6903156235603296,2.642116290489843,0.04819933307048663
51,3.0473773482458744,3.1159448415153217,-0.06856749326944733
52,2.570584377944378,2.5113898182945515,0.05919455964982667
53,2.7449753750089423,2.705430374253482,0.03954500075546008
54,2.786540431840555,2.7468860734793923,0.0396543583611626
55,2.795128814952951,2.7720758713861726,0.02305294356677834
56,2.5808122941930844,2.5350865177079336,0.04572577648515086
57,2.6941071206047758,2.658242837757788,0.03586428284698773
58,2.648503067262337,2.618835115776882,0.029667951485454758
59,2.655444630051173,2.600022667267541,0.05542196278363232
60,2.618757780010449,2.5890961673658706,0.02966161264457856
61,2.8692244476726607,2.8766879385354303,-0.0074634908627695395
62,2.6239678058618545,2.5736192702136607,0.05034853564819386
63,2.6782107640273507,2.6474721583213934,0.030738605705957323
64,2.846099438390845,2.8364371871680714,0.009662251222773754
65,2.705652041975874,2.6750991620927347,0.030552879883139372
66,2.6783477335606594,2.6322845314204346,0.046063202140224746
67,2.645629460932614,2.600571647799402,0.04505781313321178
68,2.675961976114496,2.63705896818355,0.03890300793094603
69,2.6496098544694346,2.6167732257308933,0.03283662873854132
70,2.6480526407814,2.594599688396506,0.05345295238489367
71,2.6098649576838633,2.553629589710237,0.05623536797362627
72,2.6402823756080616,2.5975311412044215,0.04275123440364004
73,2.747772546642485,2.7332591349332227,0.014513411709262236
74,2.908631919448515,2.905582443333529,0.0030494761149859606
75,2.706770319756086,2.6656587493633115,0.04111157039277469
76,2.9134075227041545,2.913813629966169,-0.00040610726201473213
77,2.701097030622861,2.660404670390348,0.0406923602325131
78,2.687558043253299,2.639698551052165,0.047859492201133946
79,2.6593172654528803,2.61281507790358,0.046502187549300356
80,2.7956083803438614,2.780558706724017,0.015049673619844217
81,2.8050875943287563,2.792777159968958,0.012310434359798172
82,2.6343319538044576,2.5898555038541207,0.04447644995033695
83,2.7153933498458387,2.685692138385781,0.029701211460057664
84,2.600040189609679,2.541582020861595,0.05845816874808385
85,2.9347959294684016,2.9524684436978785,-0.01767251422947691
86,2.578434147223876,2.5178616628245805,0.06057248439929541
87,2.6375738382071585,2.5917502119662634,0.04582362624089509
88,2.744473494403871,2.7097942144030416,0.034679280000829316
89,2.575547051416088,2.5190902877437815,0.056456763672306565
90,2.776403298335763,2.7666260672274667,0.009777231108296203
91,2.866596092830285,2.882954358900728,-0.016358266070442884
92,2.497555401918175,2.4235155238789075,0.07403987803926748
93,2.5682733386034537,2.5355488641964903,0.032724474406963466
94,2.67144118924656,2.656593206760567,0.014847982485993061
95,2.6332199956014573,2.579794572134159,0.053425423467298394
96,2.696438397662456,2.6538958442478613,0.042542553414594675
97,2.6264240558438656,2.581365425940615,0.04505862990325049
98,2.596132632747016,2.532111331266683,0.06402130148033303
99,2.585647183016642,2.5317458255942817,0.05390135742236035
100,2.7889022554839045,2.7580668424805617,0.030835413003342804
101,2.6503674184173445,2.6088425779190074,0.041524840498337046
102,2.719517358380571,2.702266446589565,0.01725091179100602
103,2.754520086113192,2.7277824811067517,0.02673760500644029
104,2.6069827250938977,2.561918496317699,0.04506422877619887
105,2.4837921044070743,2.426015799663056,0.057776304744018514
106,2.6490806944983905,2.601698206239252,0.04738248825913827
107,2.988373220865384,3.033005386828648,-0.044632165963264026
108,2.623273420419592,2.56227314820918,0.061000272210412376
109,2.671646496177342,2.639531600326219,0.03211489585112304
110,2.7524428784199193,2.732259208797989,0.02018366962193019
111,2.692595112582898,2.6574418231596666,0.03515328942323137
112,2.6829040965169773,2.655246006720434,0.027658089796543273
113,2.7028100449538526,2.677165146015043,0.02564489893880939
114,2.868721022224102,2.8882737402012055,-0.019552717977103562
115,3.139304668548705,3.222665677872373,-0.08336100932366808
116,2.659376710655186,2.626001401078846,0.03337530957634005
117,2.7751314637828974,2.7499188276161273,0.025212636166770164
118,2.8266141827753715,2.81908588376305,0.007528299012321327
119,2.7214897319062343,2.6852221408927517,0.03626759101348265
120,2.5540757845755473,2.4894601898222897,0.06461559475325762
121,2.6894822508462535,2.679206526826958,0.010275724019295662
122,2.52897629891198,2.4704876399325095,0.05848865897947064
123,2.5106740458964647,2.452860070918254,0.0578139749782105
124,2.7530905650343476,2.7247320443749405,0.028358520659407027
125,2.6006177436929354,2.541202864401994,0.05941487929094125
126,2.5840433235147753,2.529761026707219,0.054282296807556474
127,2.7638983774494617,2.740103854630227,0.023794522819234665
128,2.691269595925968,2.654616974716219,0.03665262120974866
129,2.6778634691194783,2.6448447848692984,0.03301868425017984
130,2.7919079250625884,2.7796730930789866,0.012234831983601868
131,2.5459017831118387,2.481232465581641,0.06466931753019756
132,2.568039587767593,2.5104666364413717,0.05757295132622131
133,2.862633108089523,2.8813519552196154,-0.01871884713009253
134,2.611571699907592,2.5874899732720857,0.02408172663550623
135,2.5654990424791086,2.510421451042691,0.05507759143641744
136,2.7479160813955983,2.7252700181759306,0.022646063219667667
137,2.5089226851852025,2.4403056781061534,0.06861700707904905
138,2.5629395284279974,2.511354269748205,0.05158525867979247
139,2.738211200464797,2.7298577196992055,0.008353480765591392
140,2.908356332150124,2.9313085175297027,-0.022952185379578882
141,2.874541477401138,2.893203236834901,-0.018661759433763248
142,2.652859275231667,2.592929653276625,0.059929621955042034
143,2.77977813988493,2.751392747026069,0.028385392858861103
144,2.66965218413241,2.630412179468661,0.039240004663748884
145,2.7984993553471833,2.7985189355099864,-1.9580162803123358e-05
146,2.681806118656318,2.6556147608734872,0.02619135778283077
147,2.7990730760308034,2.784433406739295,0.014639669291508284
148,2.6779118630208982,2.641998943209897,0.03591291981100131
149,2.704352487808158,2.689648926468493,0.014703561339664883
150,2.7431510102969607,2.7277082734301787,0.015442736866781992
151,2.6409673504712687,2.5963651991373005,0.044602151333968276
152,2.600942215005362,2.5390654266406454,0.06187678836471644
153,2.677675935935211,2.6324544815561923,0.04522145437901859
154,2.819355100689833,2.829828650130454,-0.010473549440620733
155,2.696129391014569,2.6419487162740363,0.0541806747405329
156,2.6178002186438785,2.5666119583963765,0.051188260247502004
157,2.685923331486311,2.6645023635647247,0.02142096792158643
158,2.7277363600770124,2.6847595598403866,0.042976800236625756
159,2.7465589370593717,2.7303752441392657,0.01618369292010602
160,2.6350784561353997,2.5885711635286937,0.04650729260670605
161,2.5960532092841824,2.533142951208776,0.0629102580754064
162,2.628809058302418,2.5798707828032956,0.04893827549912233
163,2.6100635202335067,2.556157963833624,0.053905556399882926
164,2.783536421590871,2.77563269208574,0.007903729505130741
165,2.673175170319928,2.6318654559702956,0.041309714349632376
166,2.64384944852901,2.598676462281589,0.04517298624742061
167,2.7052815085987296,2.6595396341871522,0.0457418744115774
168,2.8022949776394452,2.7755018794606308,0.02679309817881448
169,2.5576429119893986,2.505354867250376,0.0522880447390226
170,2.675255311087465,2.6344934468942958,0.040761864193169295
171,2.5661091601490487,2.5092557686305796,0.05685339151846902
172,2.580571297758079,2.5336835626215093,0.04688773513656974
173,2.637816285724178,2.598568351030303,0.03924793469387522
174,2.6891580640921506,2.6491168986550986,0.04004116543705205
175,2.610249182014575,2.5802581469257015,0.029991035088873463
176,2.824032857647988,2.8196419409338125,0.0043909167141755745
177,2.626770678248495,2.5957254849405156,0.031045193307979613
178,2.7795169954997396,2.740706198309635,0.03881079719010483
179,2.633929656839735,2.5962480506074255,0.03768160623230932
180,2.704497995223937,2.68602807789615,0.018469917327787133
181,2.6317890144169,2.579941832986261,0.05184718143063893
182,2.5474604896355073,2.487553073886674,0.059907415748833515
183,2.5979466980373753,2.548438611411935,0.049508086625440484
184,2.593220327803496,2.535143676446336,0.05807665135716
185,2.9003915569777345,2.8947386849994063,0.0056528719783282
186,2.659493059041512,2.6313354967888,0.028157562252712154
187,2.6702871202837253,2.6583112261318007,0.011975894151924571
188,2.8638529296864803,2.8273814085013624,0.03647152118511787
189,2.7144466644271907,2.692690964358513,0.021755700068677886
190,2.8399863832079126,2.840181949421016,-0.00019556621310323763
191,2.7988753699090045,2.784999308183428,0.013876061725576427
192,2.538261331497,2.473683435590863,0.06457789590613716
193,2.62190959575747,2.571672676245957,0.0502369195115131
194,2.8925598468740055,2.9194599299704347,-0.026900083096429217
195,2.611961075852636,2.558295801208996,0.05366527464364035
196,2.6604722801219083,2.623638335164993,0.0368339449569155
197,2.5461211951142504,2.4952451781767286,0.05087601693752175
198,2.657776037875361,2.6305747029141853,0.027201334961175938
199,2.4883890798387784,2.421254631796383,0.06713444804239543
200,2.770679409306328,2.7605151770396765,0.010164232266651307
201,2.6992617893397703,2.6803052019775713,0.018956587362199073
202,2.6316309928977266,2.598830261538753,0.03280073135897377
203,2.820232805287767,2.8149382622678374,0.005294543019929598
204,2.584579711812439,2.5269763644152077,0.057603347397231275
205,2.7800382810574322,2.7494061460006822,0.03063213505675
206,2.720242628050353,2.6777504610971907,0.04249216695316216
207,2.7997704862563446,2.766478603100894,0.03329188315545073
208,2.603356421862176,2.5450549651379015,0.05830145672427456
209,2.635449325097202,2.572299667593417,0.06314965750378487
210,2.6143840799502343,2.5661823250221594,0.04820175492807488
211,2.623582435505874,2.5855202963830437,0.038062139122830185
212,2.750282389385084,2.723989844215334,0.026292545169749992
213,2.7725541416713217,2.7781511831332866,-0.0055970414619648245
214,2.726717788905926,2.696822159729453,0.02989562917647337
215,2.6582813983211047,2.6420181367706896,0.01626326155041502
216,2.620959737675178,2.5666908575871017,0.05426888008807618
217,2.6525039359670495,2.629559041361924,0.022944894605125388
218,2.7976365665120406,2.7941575835362285,0.0034789829758121726
219,2.816830352109714,2.80551116981123,0.011319182298484165
220,2.70016444141343,2.6692993496072983,0.030865091806131506
221,2.771976554933643,2.7463603497855305,0.02561620514811258
222,2.628659893093826,2.582160696902165,0.046499196191660985
223,2.653378449394422,2.6228060785138885,0.03057237088053366
224,2.709941938842768,2.676466416182824,0.03347552265994391
225,2.518144806994812,2.4463587853954483,0.07178602159936354
226,2.9313176550708304,2.9320094788357123,-0.0006918237648818604
227,3.1440082387474093,3.228006267907821,-0.08399802916041166
228,2.6817230317810314,2.6573568164546413,0.02436621532639016
229,2.671878536777855,2.634054190884134,0.03782434589372086
230,2.753738070560142,2.7207228634605465,0.03301520709959549
231,3.0327681246637823,3.0765975531364886,-0.04382942847270632
232,3.009729275351169,3.0555162590292855,-0.0457869836781164
233,2.7657609577211817,2.741724548444965,0.02403640927621664
234,2.699601090146988,2.6497454135849376,0.049855676562050366
235,2.663124607140325,2.6307677022397207,0.03235690490060428
236,2.72591506719453,2.7085102024692325,0.017404864725297564
237,2.6720524755619506,2.6245887749202232,0.047463700641727335
238,2.6522895164583398,2.5968787763971743,0.05541074006116542
239,2.6324678274223445,2.6012445405868707,0.031223286835473818
240,2.582908016744878,2.522996232357659,0.059911784387219225
241,2.588746035539662,2.5513368919046817,0.03740914363498016
242,2.614950476825976,2.576829684595879,0.03812079223009679
243,2.649396795332803,2.6056317128779414,0.04376508245486166
244,2.557439730949986,2.4932404775298402,0.06419925342014565
245,2.802348253757909,2.799058033968003,0.003290219789906068
246,2.5491039585206834,2.4989950890482087,0.050108869472474726
247,2.637562205920305,2.585378912352719,0.05218329356758611
248,2.5160924946642207,2.4542809813907636,0.06181151327345713
249,2.6748884585977644,2.627220581051868,0.04766787754589652
250,2.6617798729178825,2.61922004173486,0.042559831183022645
251,2.6226035057665147,2.5774908191442707,0.04511268662224399
252,2.768637201137375,2.756253594501544,0.012383606635831157
253,2.493802875062922,2.4231244948271056,0.07067838023581663
254,2.6432872794351248,2.5979733808697247,0.045313898565400024
255,2.772124723769238,2.749591875830957,0.02253284793828092
256,2.843524774069829,2.813517835393739,0.030006938676089945
257,2.756317105299495,2.7344599486182606,0.021857156681234446
258,2.6064500893518603,2.5516434851657737,0.05480660418608663
259,2.692514498581263,2.665213903248366,0.027300595332897082
260,2.548371790262277,2.4926720056447125,0.05569978461756442
261,2.702966428293656,2.6673832593204816,0.035583168973174484
262,2.765580765045501,2.736446127353095,0.029134637692405985
263,2.7292918376807394,2.715177963212141,0.014113874468598464
264,2.5296220654258548,2.4757357497697003,0.05388631565615443
265,2.8851673554579627,2.8952857212683503,-0.010118365810387608
266,2.7364755702246826,2.6943254661172364,0.04215010410744613
267,2.670590184107297,2.6374356493863775,0.03315453472091967
268,2.564574862788017,2.4971333951187074,0.06744146766930958
269,2.8215261906361784,2.820837179848849,0.0006890107873291917
270,2.67719455152,2.6328634818197054,0.044331069700294545
271,2.736900834134563,2.7031163789772714,0.03378445515729167
272,2.7225414322260266,2.7016893784236995,0.02085205380232713
273,2.507824545868303,2.4467668310683353,0.06105771479996758
274,2.7837300375135476,2.7471847670006766,0.03654527051287104
275,2.7188425727043914,2.725584207325134,-0.006741634620742509
276,2.758911159055054,2.7301119461790955,0.028799212875958435
277,2.6503690853698116,2.6248406289506687,0.02552845641914292
278,2.718406111243666,2.6777809441945455,0.04062516704912067
279,2.670343696158355,2.6253846441948614,0.04495905196349348
280,2.6750238618016686,2.621169843826164,0.05385401797550449
281,2.685001410895074,2.6761606602303325,0.008840750664741659
282,2.9032953612683916,2.9253940694995277,-0.022098708231136133
283,2.7100654392338073,2.686084657907548,0.023980781326259137
284,2.5616296555229265,2.5158803967846826,0.04574925873824398
285,2.6792764341893136,2.630556616819852,0.04871981736946163
286,2.7268560963639246,2.7163413792698017,0.010514717094122883
287,2.700003542465323,2.665110800391239,0.034892742074084104
288,2.750027383494762,2.7340703826850192,0.015957000809742716
289,2.700090125860616,2.6522126151653134,0.04787751069530266
290,2.595701063162068,2.574050618018808,0.0216504451432602
291,2.64689931637621,2.6231142521892648,0.02378506418694526
292,2.7521362380367984,2.7414648416564567,0.010671396380341758
293,2.5782718573035885,2.5354620291326286,0.04280982817095991
294,2.6344017011279144,2.590676097350699,0.04372560377721557
295,2.7409594381438724,2.704082278007197,0.036877160136675524
296,2.5669410078119146,2.5082884879146863,0.058652519897228306
297,2.649259311289101,2.6132759339303435,0.03598337735875745
298,2.6667089374003914,2.61044880412999,0.05626013327040136
299,2.6945190206735266,2.6451629330489355,0.049356087624591094
300,2.6799944498041266,2.6424303544026326,0.03756409540149397
301,2.8855852292389312,2.8639404511507482,0.021644778088182992
302,2.620750963296073,2.573741649360051,0.0470093139360217
303,2.617002739481187,2.5688727150463135,0.04813002443487324
304,2.9516540907307034,2.963187701860154,-0.011533611129450616
305,2.5564175355231153,2.5035708701565604,0.05284666536655491
306,2.8853625833101697,2.8886039226243057,-0.0032413393141359492
307,2.699035469875251,2.6544478301120153,0.044587639763235654
308,2.8791196839786264,2.8701062609835,0.009013422995126419
309,2.891628828274747,2.9090512693527946,-0.01742244107804769
310,2.683268117683643,2.6670098077405293,0.016258309943113503
311,2.8191927041334974,2.8173241541675567,0.001868549965940769
312,2.7340136854084958,2.721192892379121,0.012820793029374666
313,2.52334352878017,2.467126185737472,0.05621734304269799
314,2.7155496922261753,2.6955686217592882,0.01998107046688702
315,2.73715764446716,2.7181747232976625,0.018982921169497402
316,2.8435951899268193,2.8621544076017735,-0.018559217674954276
317,2.893775623186628,2.8875505666958117,0.006225056490816172
318,2.7772225676597166,2.7567184391603807,0.020504128499335916
319,2.8304392245039183,2.8331417842141646,-0.002702559710246355
320,2.5404164879653144,2.4917839928545957,0.048632495110718654
321,2.6420689936658928,2.599555759744349,0.042513233921543936
322,2.589376665348445,2.5168272520514687,0.07254941329697617
323,2.728824530143841,2.7100637612488114,0.018760768895029756
324,2.710547150757802,2.672088804589416,0.03845834616838584
325,2.863225149975398,2.8466146645794073,0.016610485395990526
326,2.5957608724346892,2.54627343145805,0.04948744097663926
327,2.538199928827438,2.469340744669742,0.06885918415769599
328,2.619523596521164,2.57894508307302,0.040578513448144005
329,2.6818465620804095,2.6543903346695816,0.02745622741082787
330,2.782583411962303,2.7649347314748676,0.01764868048743562
331,2.5693366077593156,2.5022621738260207,0.06707443393329493
332,2.74477137915447,2.7210965268633727,0.023674852291097448
333,2.59160224599025,2.542999429106101,0.048602816884149025
334,2.882531857096741,2.8882957720047853,-0.0057639149080443985
335,3.006254766706439,3.059782389828383,-0.053527623121944146
336,2.666385630065042,2.637874282253809,0.0285113478112331
337,2.6748880376317596,2.6551260144703193,0.01976202316144038
338,2.5781114010664172,2.5192394683499097,0.05887193271650748
339,2.7438840335569243,2.7129787620204775,0.030905271536446843
340,2.758273990155981,2.7428408200181895,0.015433170137791663
341,2.741194132726056,2.7117737329754,0.029420399750656134
342,2.655560352670235,2.6077442168960854,0.04781613577414978
343,2.659474712548718,2.6226663064548617,0.036808406093856494
344,2.6578079130978605,2.610580573503626,0.04722733959423442
345,2.7268531367303117,2.677219397950654,0.04963373877965793
346,2.7726313918595933,2.7515619721626403,0.021069419696952973
347,2.6372499521968487,2.6010878647073032,0.036162087489545414
348,2.627014936028638,2.588993774277322,0.03802116175131598
349,2.6770871304401562,2.6234310679717416,0.05365606246841459
350,2.8207495484468237,2.811511282258854,0.009238266187969746
351,2.60136432798031,2.5393644532290507,0.06199987475125912
352,2.6394574890446165,2.590247144525773,0.04921034451884365
353,2.685764907902761,2.643389627325477,0.0423752805772839
354,2.721794010468052,2.687652954143159,0.03414105632489273
355,2.6986782697838767,2.6672388667691442,0.03143940301473247
356,2.743528643227927,2.726516704285544,0.017011938942383065
357,2.6510492851592105,2.6054619866663664,0.04558729849284404
358,2.7077466999164606,2.6743527253028385,0.033393974613622035
359,2.913213277910702,2.93770911777509,-0.02449583986438819
360,2.6920786961986747,2.6683933374838706,0.02368535871480404
361,2.680848408935188,2.6430838780271753,0.037764530908012794
362,2.74131736358312,2.7133819581920333,0.027935405391086743
363,2.6138631033419064,2.577124283890769,0.03673881945113733
364,2.8258970913143315,2.8076786967194765,0.01821839459485508
365,2.783048829611161,2.7514139208612973,0.031634908749863744
366,2.6960656239844716,2.6652277900767802,0.030837833907691348
367,2.623337498460001,2.5685574250334056,0.05478007342659552
368,2.632364442185694,2.5899275405821522,0.042436901603541965
369,2.8012034227457336,2.820213773367591,-0.01901035062185752
370,2.7482893970147444,2.7248423548434237,0.023447042171320653
371,2.7151428513558704,2.6687230565759625,0.046419794779907875
372,2.5131733500399127,2.4590805533598776,0.05409279668003508
373,2.517263825535152,2.4555100701184025,0.061753755416749545
374,2.691669889507227,2.6382606029660205,0.05340928654120658
375,2.5687070516661596,2.513457332094517,0.0552497195716426
376,2.4997962023518445,2.439288842664094,0.06050735968775056
377,3.062020147488095,3.1081434937322716,-0.04612334624417658
378,2.814462955916583,2.797451313241022,0.01701164267556088
379,2.6834660823741077,2.637598756463792,0.045867325910315504
380,2.6520241067249066,2.6115080620466906,0.04051604467821601
381,2.5916913312209635,2.5478726112032515,0.04381872001771203
382,2.769636107873087,2.7676691089297805,0.0019669989433066526
383,2.6742138056732423,2.629946665737429,0.044267139935813216
384,2.499063407802153,2.441342128758236,0.05772127904391677
385,2.633148450143305,2.592441280238528,0.040707169904777185
386,2.6710759758397873,2.643461341567809,0.0276146342719783
387,2.849625681883825,2.866113962262715,-0.016488280378890163
388,2.6979216568504927,2.66325906962911,0.0346625872213826
389,2.590362514565059,2.538060537740017,0.052301976825041674
390,2.682678905430342,2.637943476672406,0.04473542875793601
391,2.6214720562182507,2.560721907768482,0.06075014844976856
392,2.6147684879430746,2.5861083946235115,0.028660093319563096
393,2.7388079754497294,2.722673745480889,0.016134229968840508
394,2.9810961010316572,2.9933022523465955,-0.012206151314938296
395,2.669688102276789,2.634275925666779,0.03541217661001017
396,2.8214991220670247,2.8409465540421075,-0.019447431975082807
397,2.7156829886488274,2.6743371967885143,0.041345791860313064
398,2.8679404600354097,2.8613335982506363,0.006606861784773432
399,2.6632068333502197,2.636117900900309,0.02708893244991062
400,2.6854907958775622,2.6336070084082515,0.05188378746931077
401,2.6245794842636117,2.569774882393781,0.054804601869830716
402,2.7328965913552854,2.69332113303217,0.0395754583231156
403,2.6993327713118167,2.678675996022056,0.02065677528976062
404,2.5499571281478888,2.4966574616920214,0.05329966645586737
405,2.707889957005064,2.685540252589654,0.022349704415409732
406,2.678951728871583,2.6535181426740437,0.025433586197539437
407,2.8208589869261074,2.839181004992685,-0.018322018066577517
408,2.867603429520035,2.877339077724944,-0.009735648204908909
409,2.634531462505049,2.5972968448300513,0.03723461767499758
410,2.668503864493376,2.641476924017461,0.027026940475914696
411,2.6180749306237714,2.5631315219507553,0.05494340867301606
412,2.5392017998359444,2.475825364098836,0.0633764357371085
413,2.6142983630852763,2.568713633830751,0.0455847292545255
414,2.730134839360215,2.721351899699219,0.008782939660996192
415,2.656571541791347,2.6303873197050924,0.026184222086254483
416,3.0206981024468,3.0477525320601395,-0.027054429613339703
417,2.6894257379152022,2.6418207567718177,0.04760498114338452
418,2.848594382465463,2.8317581131570804,0.01683626930838278
419,2.6690396888945056,2.639152742907519,0.029886945986986824
420,2.5865177017953247,2.525975756739963,0.0605419450553617
421,2.9734724580507224,3.0011185050475757,-0.027646046996853357
422,2.832194748624552,2.823640033171229,0.00855471545332298
423,2.7530781790420753,2.754681499003429,-0.0016033199613536553
424,2.675521714089075,2.6295063854581815,0.046015328630893304
425,2.4740485754512,2.4014173912929304,0.07263118415826941
426,2.7393246257562978,2.725209371302134,0.01411525445416384
427,2.6499474852049416,2.6056127303944696,0.044334754810472
428,2.6940764556517434,2.6481344358201198,0.045942019831623604
429,2.722368522302542,2.69611297167161,0.02625555063093188
430,2.5812017691125977,2.5150816357761556,0.06612013333644207
431,2.5540320711312345,2.4934752903865505,0.06055678074468407
432,2.6240142785336005,2.5884447151405103,0.03556956339309014
433,2.6438870874317058,2.5975889128640817,0.046298174567624084
434,2.8224475561412157,2.777763628481414,0.04468392765980189
435,2.6377881941101395,2.597752044139624,0.040036149970515744
436,2.679806332834062,2.6555252971079706,0.024281035726091638
437,2.8055808548414642,2.7737085480765145,0.03187230676494979
438,2.7484210636527533,2.7224766775843294,0.025944386068423864
439,2.758585081009562,2.731825823559091,0.02675925745047092
440,2.7876806771585314,2.773019881707919,0.014660795450612607
441,2.5480743954829035,2.4991577681923087,0.04891662729059476
442,2.7325171474638923,2.698213855172756,0.034303292291136156
443,2.6751570323639777,2.6551172216715258,0.020039810692451976
444,2.692002504213375,2.6485572551652896,0.043445249048085444
445,2.734911456470106,2.7059943072396164,0.028917149230489603
446,2.5264487687152197,2.4580629377753898,0.06838583093982997
447,2.6181882935226146,2.549649654087459,0.0685386394351557
448,2.4847472790010596,2.4218864777602627,0.06286080124079696
449,2.63185479817444,2.5887673013639803,0.04308749681045976
450,2.5366471092114375,2.476442951867282,0.06020415734415563
451,2.712361181797441,2.6972248766013887,0.015136305196052469
452,2.611886912348004,2.5636917999890723,0.0481951123589317
453,2.7775582016806317,2.7672509220418364,0.010307279638795297
454,2.7201534219312324,2.6769109731628946,0.04324244876833783
455,2.96422071676092,2.951230900500901,0.012989816260018827
456,2.560384828391157,2.4989076375669335,0.06147719082422354
457,2.6024288852516673,2.5671106377516706,0.03531824749999668
458,2.7845050314575834,2.7567900911422636,0.027714940315319847
459,2.633037664169386,2.5871840380232896,0.04585362614609645
460,2.569212136550286,2.504622297783035,0.064589838767251
461,2.704669609306937,2.676937088223599,0.02773252108333768
462,2.60568409279194,2.5484959068247037,0.057188185967236294
463,2.688403018535425,2.6539894600731273,0.034413558462297544
464,2.6755635033747613,2.626304992972111,0.04925851040265039
465,2.635374958813658,2.5904093400294053,0.04496561878425265
466,2.7771544466066165,2.7417155217913782,0.03543892481523825
467,2.8269817477336847,2.813188022936087,0.013793724797597662
468,2.670923403402326,2.622274688085674,0.048648715316651714
469,2.65395751123917,2.614422651937653,0.03953485930151679
470,2.5580158747420856,2.4913931687683344,0.0666227059737512
471,2.4954231525518975,2.4208293140715225,0.07459383848037504
472,2.5770955489753806,2.522323433233001,0.0547721157423795
473,2.7303200689418614,2.7181269849187206,0.012193084023140788
474,2.655839620553964,2.607874252742942,0.04796536781102212
475,2.740938720669131,2.7279772488099474,0.012961471859183504
476,2.6536400502936277,2.6001284877096227,0.053511562584005024
477,2.767778606167311,2.7300039698150695,0.03777463635224132
478,2.9307967622710964,2.9358692873984946,-0.0050725251273981975
479,2.5817773788892846,2.5370159351964077,0.044761443692876934
480,2.612370797827002,2.562806492947167,0.04956430487983532
481,2.666592747193711,2.627921238752068,0.03867150844164291
482,2.68075765690269,2.6525472690061176,0.028210387896572264
483,2.6358771295335597,2.597378570098788,0.03849855943477154
484,2.6061188843614316,2.5454120054447986,0.060706878916632956
485,2.781184721793341,2.780674774828559,0.0005099469647822374
486,2.4884145906966055,2.4300624303877734,0.05835216030883217
487,2.6323971372055697,2.58336627137571,0.049030865829859493
488,2.6366106275055357,2.603087369233691,0.03352325827184455
489,2.5926466538004345,2.5273677887392108,0.06527886506122371
490,2.633404879608898,2.5924476691599017,0.04095721044899614
491,2.690379595156547,2.6684999382494556,0.02187965690709115
492,2.6429198498894513,2.609596214750903,0.03332363513854819
493,2.5869316302502345,2.535014535070724,0.051917095179510486
494,2.547751614566999,2.4962305265858795,0.05152108798111943
495,2.683088075284765,2.6375488646013876,0.045539210683377185
496,2.711199310210301,2.685403341625849,0.02579596858445221
497,2.7068036014929695,2.675413480251854,0.0313901212411154
498,2.6269044937413057,2.5725025824903773,0.054401911250928414
499,2.57876018706716,2.5320887045758114,0.04667148249134856
500,2.6389600297737306,2.5963861993162567,0.04257383045747387
501,2.673603857919027,2.6382533450484535,0.035350512870573336
502,2.68630910741302,2.6685079799925266,0.017801127420493223
503,2.6694766898335627,2.6271475049846438,0.0423291848489189
504,2.6078075380785286,2.558157236733746,0.049650301344782655
505,2.594367825819499,2.5461787645888774,0.04818906123062172
506,2.5228678733118715,2.464411728370684,0.05845614494118756
507,2.8310622528543044,2.8061185643199704,0.02494368853433393
508,2.6088265153433503,2.547682762841854,0.061143752501496174
509,2.742335468537276,2.7244548449726556,0.01788062356462028
510,2.8393791679224503,2.847609972194948,-0.008230804272497672
511,2.639895711133862,2.5811001342235285,0.05879557691033366
512,2.6810030604625577,2.642960813996198,0.038042246466359675
513,2.813015624922577,2.8134784981207384,-0.0004628731981615175
514,2.7936009725476216,2.7892134544369753,0.004387518110646305
515,2.6295685001886477,2.5853345183594145,0.044233981829233215
516,2.7115626689897097,2.6912820425532336,0.0202806264364761
517,2.596487246549269,2.5419663695314747,0.05452087701779451
518,2.6586803484439065,2.6194433555856445,0.0392369928582621
519,2.660530893761969,2.6241913389995797,0.03633955476238926
520,2.6263626532721953,2.5897189416796143,0.03664371159258106
521,2.7201544915639624,2.696567979711893,0.023586511852069503
522,2.775392470336987,2.741078218933167,0.03431425140382016
523,2.5573669990956334,2.489524047441134,0.06784295165449938
524,2.7547916179061964,2.72293891580171,0.03185270210448632
525,2.5863120360621696,2.5406805966281927,0.04563143943397696
526,2.5524622130848984,2.4918431121838243,0.06061910090107414
527,2.7493464772577894,2.718173680271813,0.031172796985976525
528,2.6361464119957696,2.5713383780959815,0.06480803389978806
529,2.7600387293547315,2.755580319012918,0.00445841034181349
530,2.5801506609840286,2.5123255603036405,0.06782510068038805
531,2.6754775345286195,2.6452086259759233,0.03026890855269615
532,2.676949013747408,2.6399953719288307,0.03695364181857741
533,2.566053266679641,2.49889336852288,0.06715989815676116
534,2.605930248559267,2.5611635119340406,0.04476673662522623
535,2.6253973681706664,2.5734310549545385,0.05196631321612788
536,2.612210620362093,2.544197458658473,0.06801316170361993
537,2.6630014520851635,2.6219166069291395,0.04108484515602395
538,2.866512845035078,2.8683837198882256,-0.0018708748531475194
539,2.578421353096731,2.529648055248584,0.04877329784814721
540,2.694555001123125,2.669862439222086,0.024692561901038967
541,2.724177695108989,2.6862058677425544,0.037971827366434674
542,2.80446711443637,2.8004220176278123,0.004045096808557691
543,2.6050503348246306,2.564830814667744,0.04021952015688646
544,2.8551703185333666,2.8830461235553035,-0.027875805021936984
545,2.662459649926043,2.621818765653622,0.04064088427242085
546,2.59447380443224,2.5404242814469185,0.05404952298532173
547,3.0726586908349742,3.1239601009538456,-0.05130141011887135
548,2.669388506031177,2.627629037385629,0.041759468645548026
549,2.6664983410886003,2.6118679224746097,0.05463041861399054
550,2.699731290003344,2.6516571670786337,0.04807412292471014
551,2.6292455122074556,2.580023307180759,0.04922220502669683
552,2.7593802711348103,2.730902449290182,0.028477821844628437
553,2.591768382874225,2.5415805783426846,0.05018780453154026
554,2.7122317768343787,2.7048833150576757,0.007348461776703008
555,2.6418240794366628,2.605129944115669,0.03669413532099375
556,2.869568476013899,2.866357723972752,0.003210752041147291
557,2.6903562242622696,2.633630940142405,0.05672528411986466
558,2.747212606756478,2.73001508910661,0.01719751764986821
559,2.618358741201308,2.5758578542938344,0.04250088690747367
560,2.7716541479758328,2.7390131869204737,0.032640961055359075
561,2.670342847042953,2.621522354060332,0.04882049298262103
562,2.5975903428443643,2.5252858332676342,0.07230450957673007
563,2.7414904198447876,2.708708738311462,0.032781681533325724
564,2.6918113188721158,2.6556622377752,0.036149081096915836
565,2.8961327290943473,2.947502574323552,-0.051369845229204625
566,2.6694645337608245,2.6574586211508624,0.012005912609962088
567,2.5792737685555833,2.5228721254990663,0.05640164305651707
568,2.587988886528181,2.542051681863245,0.045937204664936004
569,2.8617337067155564,2.8585949796130685,0.0031387271024878594
570,2.6520668492396964,2.6222728445401002,0.029794004699596144
571,2.6767110174636444,2.6240716717811523,0.05263934568249207
572,2.803045133290961,2.781637677923995,0.021407455366965866
573,2.7545689479165065,2.7224697845981383,0.03209916331836826
574,2.864824118299999,2.889500471022079,-0.02467635272207991
575,2.6434100490256505,2.588020325466062,0.0553897235595886
576,2.624825785727849,2.586594382378361,0.03823140334948816
577,2.5815662088429487,2.5249522011348926,0.056614007708056135
578,2.659380538368557,2.635629336444909,0.02375120192364788
579,2.8160138395302017,2.802860406236313,0.013153433293888739
580,2.680894336624065,2.640075221472965,0.04081911515110015
581,2.6341085432984883,2.605862727649067,0.028245815649421413
582,2.7445075583988334,2.737117744911252,0.007389813487581609
583,2.6984641520259913,2.669163637777029,0.029300514248962184
584,2.8720661330421495,2.8744809855543587,-0.002414852512209187
585,2.8253948359432766,2.8040424911741106,0.02135234476916592
586,2.65972100909665,2.6101694539175866,0.04955155517906329
587,2.645487843360259,2.6075979650739196,0.037889878286339496
588,2.8041050326440926,2.802664818267369,0.001440214376723592
589,2.607072371587691,2.554631498772847,0.052440872814843775
590,2.728079095234399,2.695155110451043,0.03292398478335601
591,2.7920738611758162,2.7831945046396496,0.008879356536166672
592,2.659394049217084,2.6341444964850504,0.025249552732033553
593,2.6115444661222615,2.5609392888876825,0.050605177234579024
594,2.6110674100064775,2.577266257886677,0.03380115211980028
595,2.722451311537471,2.687719249305429,0.03473206223204173
596,2.8951975164778774,2.9373353671963045,-0.04213785071842713
597,2.6720342536852395,2.633860739466218,0.0381735142190216
598,2.6487346971301275,2.6221976343642814,0.02653706276584611
599,2.73414069288776,2.711462657705548,0.02267803518221223
600,2.6163849035725493,2.584514413334818,0.031870490237731364
601,2.628477110439873,2.5769425750832538,0.05153453535661923
602,2.7169124982738126,2.676239185588182,0.04067331268563068
603,2.768729365859236,2.7714523364618406,-0.002722970602604846
604,2.5176224706142527,2.4457622479515013,0.07186022266275138
605,2.56446920405787,2.5128209926513705,0.051648211406499556
606,2.6463890980159417,2.5993554772996768,0.047033620716264934
607,2.706937925648666,2.67566518496127,0.03127274068739627
608,2.733424746858744,2.708650086084853,0.02477466077389101
609,2.6570510927668995,2.6110942416825766,0.0459568510843229
610,2.690138422928943,2.6532393841856585,0.036899038743284596
611,2.7912196222186294,2.766770683034162,0.024448939184467555
612,2.553069673559696,2.499999227339644,0.05307044622005197
613,2.8328968587863983,2.8456622269872747,-0.01276536820087637
614,2.590551083998665,2.530292004614737,0.06025907938392816
615,2.818218737294251,2.811701059164243,0.006517678130007809
616,2.628204963284902,2.5866119640589362,0.0415929992259656
617,2.589367983057811,2.5429274011134595,0.04644058194435141
618,2.781135123926135,2.7577694089140254,0.0233657150121096
619,2.6024038430679237,2.5510878429352584,0.05131600013266535
620,2.7041270680524025,2.670956086236974,0.03317098181542866
621,2.5508767171423874,2.4927371906128126,0.05813952652957477
622,2.650313951848029,2.6098020772669686,0.040511874581060425
623,2.7484137102017865,2.7160358122348613,0.03237789796692514
624,2.615733434606454,2.5603640941820656,0.05536934042438846
625,2.624067906707026,2.5790231456984443,0.04504476100858179
626,2.846991234217474,2.861653373953424,-0.014662139735949875
627,2.6638719679413394,2.6257782543334294,0.03809371360791003
628,2.7016257947307483,2.673738009672219,0.02788778505852907
629,2.8000557900799867,2.775021690550559,0.02503409952942759
630,2.795329129930787,2.762724635149119,0.03260449478166816
631,2.6889401988847315,2.6468200219537934,0.04212017693093806
632,2.6652844650134915,2.633120753302559,0.032163711710932574
633,2.701899626034851,2.652694297552625,0.04920532848222603
634,2.695929838939608,2.661454076398851,0.03447576254075724
635,2.8349512516891537,2.8349632381443173,-1.1986455163537357e-05
636,2.8814924574496525,2.871005255691051,0.010487201758601739
637,2.9411721837469593,2.9963763137858326,-0.055204130038873256
638,2.6238184307402204,2.586092853254488,0.037725577485732575
639,2.6877849150278554,2.6535547832311353,0.03423013179672019
640,2.6410415352566403,2.6049654545617,0.036076080694940504
641,2.8547638531644863,2.870210154993107,-0.015446301828620612
642,2.5654141188935915,2.5043182203927663,0.061095898500825196
643,2.608287316519565,2.5539355157414616,0.05435180077810342
644,2.752762590567743,2.7394263223547486,0.013336268212994273
645,2.7260596663934553,2.699045234524161,0.02701443186929442
646,2.53338640591764,2.464083334540928,0.06930307137671221
647,2.8498111352352478,2.845645116314427,0.00416601892082058
648,2.5740816527895425,2.5174339175677627,0.056647735221779794
649,2.67541048065538,2.653278878468346,0.022131602187033916
650,2.7969866479013907,2.7842905533728977,0.012696094528493074
651,2.7062632409617358,2.680010603964981,0.02625263699675484
652,2.592881068884619,2.5260763331807095,0.06680473570390966
653,2.593679010251706,2.5403822204998012,0.05329678975190477
654,2.6537003494918285,2.6293912500388044,0.024309099453024174
655,2.8544517372945677,2.853592052063284,0.0008596852312838799
656,2.6945207651019505,2.6511393968900907,0.04338136821185978
657,2.5618519935077635,2.512251659530689,0.04960033397707431
658,2.6534897883118536,2.6044803718591325,0.049009416452721055
659,2.6771781954036364,2.6448481628951503,0.032330032508486095
660,2.7492220267465513,2.7224328042028896,0.026789222543661673
661,2.6233906249824894,2.5825679930106733,0.040822631971816126
662,2.7420073110474488,2.702768400227462,0.03923891081998665
663,2.711270569410916,2.6783175246501245,0.03295304476079153
664,2.5401006062842786,2.4721345091893774,0.0679660970949012
665,2.690662989306894,2.6423064241442353,0.048356565162658516
666,2.7061606743920192,2.6736688397704267,0.03249183462159255
667,2.769270011168473,2.7621426632725345,0.007127347895938385
668,2.563836778901183,2.50145933565054,0.06237744325064298
669,2.7003760704250217,2.6722540662395002,0.028122004185521465
670,2.5704033805491147,2.509160211704707,0.0612431688444075
671,2.6959280738675377,2.648429653333121,0.04749842053441666
672,2.7943027847361557,2.7933650902717155,0.0009376944644401419
673,2.67572308615475,2.626247765168834,0.04947532098591623
674,2.6111401874433877,2.570284973561776,0.04085521388161162
675,2.5655984848877016,2.5217843932070783,0.043814091680623335
676,2.6405277275113543,2.590378389407755,0.05014933810359912
677,2.848397411341431,2.847890226200619,0.0005071851408118278
678,2.5787058418653204,2.5232434553596703,0.05546238650565005
679,2.823930765264625,2.846783550604723,-0.02285278534009816
680,2.6967313584835395,2.6677006774155387,0.029030681068000774
681,2.722295501217065,2.7101097219223953,0.012185779294669796
682,2.8279501578021478,2.8085843678625433,0.019365789939604472
683,2.790355664184641,2.77348935076393,0.016866313420710988
684,2.550086156055721,2.4808625967113502,0.06922355934437086
685,2.717433930538056,2.661274862137174,0.05615906840088236
686,2.6318011850765832,2.57566067549675,0.056140509579833076
687,2.5967532329544,2.5352273139421078,0.061525919012292096
688,2.7462876392371585,2.7295225327719455,0.01676510646521301
689,2.951327487336886,2.971294015611796,-0.01996652827491019
690,2.8391204995290407,2.8333482480360015,0.005772251493039171
691,2.778591169229561,2.777063121664003,0.0015280475655581327
692,2.7673484782254665,2.741957908716644,0.02539056950882257
693,2.796360172483859,2.768275214262803,0.028084958221056056
694,2.5498081027165354,2.4872358326705775,0.06257227004595789
695,2.640483289786021,2.5944717745478023,0.04601151523821878
696,2.542283787683259,2.4698795261628836,0.07240426152037527
697,2.845451242643236,2.850815747483577,-0.005364504840341233
698,2.572763440075406,2.5425878732388396,0.030175566836566414
699,2.5323905473567097,2.486014881472108,0.046375665884601514
700,2.8067683426523877,2.821928451736421,-0.015160109084033202
701,2.7821043127618506,2.781850308473776,0.0002540042880747606
702,2.7949102750548778,2.7744565061162145,0.02045376893866324
703,2.643374918346739,2.611534006064961,0.03184091228177799
704,2.728384591300468,2.7105914220596157,0.01779316924085217
705,2.688970825402333,2.664053415436711,0.024917409965622195
706,2.7605145579258723,2.7342171579716514,0.026297399954220868
707,2.4973336885278323,2.4353625071015585,0.06197118142627378
708,2.7696463227872017,2.7531711471320772,0.016475175655124463
709,2.7173673991103433,2.690120776599855,0.027246622510488372
710,2.9118065170180736,2.952690722168927,-0.04088420515085334
711,2.5779881483235285,2.5182150005257307,0.059773147797797854
712,2.6013670943532228,2.5481064777091316,0.05326061664409121
713,2.6955431195569286,2.6692261006803033,0.026317018876625298
714,2.672646294188853,2.6401927774372598,0.03245351675159336
715,2.679711756223539,2.639313819827086,0.04039793639645328
716,2.7170258769780067,2.6992529423569054,0.0177729346211013
717,2.7447883247354765,2.7015416802362835,0.04324664449919302
718,2.855655661375858,2.847650205032056,0.00800545634380212
719,2.7116049083882525,2.7001027563359905,0.011502152052262016
720,2.570311931753531,2.518945509929222,0.05136642182430906
721,2.689227138427103,2.658970323887992,0.030256814539110888
722,2.5866217122025463,2.5392696336600644,0.04735207854248191
723,2.7361930550186186,2.7187488861009643,0.017444168917654324
724,2.7167238101078763,2.6674561990916636,0.04926761101621269
725,2.8237285540574004,2.801395482923375,0.022333071134025495
726,2.5760826356614883,2.5439761249999804,0.03210651066150794
727,2.643197397926597,2.598721005925384,0.04447639200121278
728,2.6270603346844723,2.5990828729010595,0.02797746178341276
729,2.728126569692237,2.692166897935689,0.035959671756547795
730,2.6112927859036157,2.5810485214403247,0.030244264463290982
731,2.871185293582173,2.9115214260558178,-0.04033613247364487
732,2.69205938113153,2.660911412188534,0.031147968942995874
733,2.592607021562465,2.5425000900190793,0.050106931543385524
734,2.555283685134219,2.4890614401105613,0.06622224502365759
735,2.657855525352361,2.6135145485008566,0.04434097685150418
736,2.69835376816556,2.6747866471245967,0.023567121040963368
737,2.7321508926744733,2.7201743659687767,0.0119765267056966
738,2.5691740985814895,2.5095613358455777,0.05961276273591176
739,2.5864582288265643,2.5237790698124543,0.06267915901411003
740,2.665269155404628,2.6237705668670643,0.04149858853756383
741,2.6851256416558087,2.643066791059674,0.04205885059613479
742,2.733628769403733,2.710115459015999,0.023513310387734077
743,2.807246056285559,2.767722077097462,0.0395239791880968
744,2.745117433694818,2.742301279202196,0.0028161544926219584
745,2.701548668023488,2.666101959702447,0.0354467083210408
746,2.6218390757694423,2.5953625668011826,0.026476508968259704
747,2.736086843430236,2.70779359771802,0.02829324571221603
748,2.5923323065088537,2.5230940748290163,0.06923823167983745
749,2.6516946047444114,2.610384355099764,0.04131024964464736
750,2.547465213098991,2.475677734309591,0.07178747878940017
751,2.623661725473855,2.5825227490838363,0.04113897639001873
752,2.634187822670271,2.6030386288530343,0.031149193817236576
753,2.7111819085851994,2.677227363923459,0.033954544661740194
754,2.666948223678832,2.6340966008404574,0.03285162283837462
755,2.5923570118365977,2.536682989718885,0.055674022117712774
756,2.759331861519055,2.7255315952892203,0.0338002662298349
757,2.554971934764649,2.493061916975229,0.06191001778941985
758,2.6529991686116365,2.6105790217810956,0.04242014683054096
759,2.877410383565652,2.903659530367253,-0.026249146801601064
760,2.7387301446089696,2.715439941533066,0.02329020307590346
761,2.8126524376214186,2.7808362571170373,0.031816180504381286
762,2.5907153171946153,2.535926080789152,0.05478923640546318
763,2.6615143894397963,2.6338527777810437,0.027661611658752694
764,2.6452143422136585,2.6070488668478093,0.03816547536584913
765,2.754426837809692,2.7535749119893302,0.0008519258203616431
766,2.6389296149571386,2.5905562280125807,0.04837338694455795
767,2.825982348143923,2.823597049553102,0.002385298590820817
768,2.7593728793244576,2.740780595913954,0.018592283410503452
769,2.662367786838637,2.6316182764150593,0.030749510423577764
770,2.6538879280961316,2.614446532171078,0.03944139592505369
771,2.7080458634098235,2.696439472596397,0.011606390813426515
772,2.687522838427233,2.6382406164803403,0.04928222194689269
773,2.8030262829942845,2.7980741157289444,0.0049521672653400906
774,2.5462011548603396,2.476129779339093,0.07007137552124654
775,2.7474315989966493,2.7258921274007215,0.02153947159592784
776,2.6318528923353988,2.5929760443853884,0.03887684795001034
777,2.8392799514546225,2.8432149596474527,-0.003935008192830214
778,2.671852818800012,2.6154294171864976,0.05642340161351456
779,2.6399035465584033,2.5829393184076626,0.05696422815074076
780,2.8436897251261843,2.8477436960200495,-0.004053970893865166
781,2.7671779711294544,2.7423158617559134,0.024862109373541053
782,2.712897152486417,2.688231551786268,0.024665600700149337
783,2.767912581636124,2.7620328958333595,0.005879685802764545
784,2.7045132648308297,2.651573430868641,0.05293983396218849
785,2.628905751086711,2.5704753271367347,0.05843042394997644
786,2.6839094654335884,2.647799631482109,0.0361098339514796
787,2.8921244262979644,2.8807651453879677,0.011359280909996716
788,2.651007599687859,2.599312750496429,0.05169484919142997
789,2.7867435114682806,2.7645258332195533,0.022217678248727335
790,2.5635592107512783,2.5067616684971386,0.0567975422541398
791,2.862683711796121,2.85480972380453,0.00787398799159078
792,2.854890330284932,2.815899361082087,0.03899096920284517
793,2.6763355620151468,2.6251707555726504,0.051164806442496324
794,2.660133674500991,2.6123764296874805,0.047757244813510624
795,2.53522251077352,2.4679107755243055,0.06731173524921452
796,2.6358201897336575,2.5936929608284984,0.042127228905159075
797,2.70732691491202,2.679202929027953,0.02812398588406717
798,2.5422955006916945,2.487193302080677,0.055102198611017617
799,2.6545088573207267,2.6132292429229143,0.04127961439781247
800,2.4974785838644102,2.4347298726887585,0.06274871117565173
801,2.871404301220183,2.8947202270695924,-0.023315925849409336
802,2.590856046714718,2.534780083857416,0.056075962857301764
803,2.62374351748944,2.5715576766339723,0.052185840855467625
804,2.684700099430566,2.653887109716563,0.030812989714002814
805,2.610124574738179,2.5615278805223918,0.048596694215787384
806,2.562197759659446,2.512151459873895,0.05004629978555064
807,2.734934538419106,2.679886831401901,0.055047707017205294
808,3.0510570979336182,3.132238254574161,-0.0811811566405427
809,2.703535278321908,2.664154176058955,0.03938110226295333
810,2.679040717760014,2.6538457902948895,0.02519492746512464
811,2.5879043952404253,2.527851996366906,0.06005239887351932
812,2.5446139543465036,2.5029081799296757,0.04170577441682788
813,2.6790201337203086,2.632544144392542,0.04647598932776642
814,2.784505150196004,2.7811445790832203,0.003360571112783539
815,2.6669247456140632,2.6190213532166466,0.04790339239741659
816,2.737672781493964,2.7038338865027156,0.03383889499124848
817,2.6216727798404245,2.557009063883424,0.06466371595700027
818,2.558484770620082,2.5071504959264295,0.05133427469365248
819,2.5336378883550226,2.4671198024620957,0.06651808589292685
820,2.631372649092484,2.6003648068022516,0.031007842290232457
821,2.7542290441316366,2.7366347071099706,0.017594337021666018
822,2.9665107235955,2.97068839880728,-0.004177675211780141
823,2.592965848364192,2.5373643313099508,0.055601517054241434
824,2.642665993816121,2.6051634592053863,0.03750253461073472
825,2.6655096863551764,2.633282677446837,0.03222700890833918
826,2.7877980508126385,2.776972305556154,0.010825745256484609
827,2.7527401423585145,2.7330737428132257,0.019666399545288815
828,2.693719420577329,2.66710504184597,0.02661437873135908
829,2.6578982179158026,2.620534729029598,0.03736348888620444
830,2.6178511731983014,2.5681518492292565,0.04969932396904486
831,2.625983128596917,2.584300834709513,0.041682293887403965
832,2.5297865243564797,2.4594868045033076,0.07029971985317207
833,2.6093666028342817,2.5527736186075045,0.056592984226777165
834,2.78686358306944,2.782762676112807,0.004100906956633121
835,2.7261923603327225,2.693238959301971,0.032953401030751284
836,2.7355426097780717,2.7003793702964205,0.03516323948165123
837,2.710616174709195,2.6793514070571454,0.03126476765204966
838,2.638852335201202,2.6188819583594842,0.019970376841717652
839,2.7056504875804026,2.657290559279953,0.04835992830044944
840,2.5942232557180382,2.556916862734339,0.03730639298369942
841,2.7963373389841886,2.7693031378313835,0.027034201152805082
842,2.759626495222814,2.7343227639808028,0.02530373124201102
843,2.758820458908399,2.7372559305903628,0.021564528318036125
844,2.5838853671543034,2.5345599194521715,0.049325447702131875
845,2.68720687614417,2.6764420261348167,0.010764850009353122
846,2.7332541154125125,2.70491425080794,0.028339864604572718
847,2.7981601637470117,2.786795262568331,0.011364901178680498
848,2.7564318079612,2.731624631537337,0.024807176423862654
849,2.669286415399247,2.647129900612728,0.022156514786519033
850,2.5954357113135087,2.5574809360004944,0.03795477531301428
851,2.5917250787251547,2.536100583897299,0.055624494827855475
852,2.5942461834544264,2.551932155370476,0.04231402808395046
853,2.823377176985128,2.8126631853835518,0.010713991601576378
854,2.569309723276893,2.508110054688278,0.06119966858861492
855,2.6132003704857736,2.5497727039975953,0.06342766648817832
856,2.788923949988254,2.7453343439210327,0.043589606067221176
857,2.648110253989337,2.5979530174335648,0.05015723655577231
858,2.579538085981311,2.5154320403476,0.0641060456337108
859,2.6047459811955447,2.5557313326419293,0.04901464855361537
860,2.702233561215348,2.6877899776877388,0.014443583527609327
861,2.7174155973438507,2.695354276545317,0.022061320798533846
862,2.962873232504902,3.0264453137362093,-0.0635720812313072
863,2.5854235256781544,2.519631651583182,0.06579187409497234
864,2.697906045862025,2.6671602908130776,0.030745755048947387
865,2.5733640177029273,2.5243574329363208,0.049006584766606576
866,2.9815642091502417,3.007858635579633,-0.026294426429391393
867,2.632839306908054,2.5816284180806677,0.051210888827386114
868,2.754343655067413,2.7305168592500477,0.023826795817365465
869,2.5782669129241995,2.5130378925481875,0.06522902037601197
870,2.7244350162081594,2.7036998048491947,0.020735211358964722
871,2.741830375480425,2.731502621298497,0.010327754181928217
872,2.9574066971323765,2.9756365754712113,-0.018229878338834826
873,2.6618523223213817,2.6158446237237354,0.04600769859764631
874,2.6512842464259387,2.6079834495719156,0.043300796854023105
875,2.7874149703224527,2.7569010673830685,0.030513902939384163
876,2.92043404775319,2.9447178072769806,-0.024283759523790582
877,2.653914358592472,2.6125015142829264,0.041412844309545616
878,2.761385770388862,2.747155967292514,0.014229803096347915
879,2.78275629145025,2.7820886496985002,0.0006676417517499367
880,2.8664128835822646,2.8516852015419993,0.01472768204026531
881,2.6329178779193136,2.594397364851119,0.038520513068194706
882,3.0307860123276393,3.0706752316193446,-0.0398892192917053
883,2.5843853025160977,2.5216043768987415,0.06278092561735615
884,2.644263217251901,2.604088855211151,0.040174362040749756
885,2.7328982808661584,2.7041144350950455,0.028783845771112926
886,2.629814358590126,2.58566560080385,0.04414875778627625
887,2.612623545508475,2.5662418472802453,0.046381698228229684
888,2.816279247787185,2.8194856279181897,-0.0032063801310044937
889,2.765142003454408,2.738766038784924,0.026375964669483665
890,2.665739933931005,2.640221490633891,0.025518443297113613
891,2.5890883555731747,2.523720274139124,0.06536808143405093
892,2.512501320831944,2.4388908534247267,0.07361046740721733
893,2.765122831066667,2.7542540524125,0.0108687786541668
894,2.745308887760558,2.7246684392563285,0.020640448504229525
895,2.666349580512513,2.6188937919962636,0.04745578851624943
896,2.7558589373260123,2.7553201039738737,0.0005388333521385569
897,2.7831484774621966,2.740666619656458,0.04248185780573843
898,2.8850966633121127,2.8703624195229933,0.014734243789119361
899,2.6735478831961554,2.633615297741188,0.03993258545496747
900,2.7034833934518656,2.6677174248376487,0.03576596861421688
901,2.7148331402413435,2.6751654227951382,0.03966771744620523
902,2.608497909076607,2.5645390015556946,0.04395890752091258
903,2.7010230246827605,2.6633022174272023,0.03772080725555815
904,2.5696158687173214,2.5126665888469772,0.05694927987034415
905,2.840784586488852,2.8354104601997427,0.00537412628910916
906,2.8000798003707055,2.8108623556611296,-0.010782555290424156
907,2.760144304211793,2.7488925844204775,0.011251719791315562
908,2.6744438962402035,2.6249841233230256,0.04945977291717796
909,2.642016739440053,2.590246021821816,0.05177071761823715
910,2.5650613131931204,2.4924304605151053,0.07263085267801506
911,2.718250476827619,2.7154114813685375,0.002838995459081506
912,3.012174526371634,3.0418245394505172,-0.029650013078883042
913,2.5724393925760634,2.5049242690821703,0.0675151234938931
914,2.589919238986911,2.555166138578608,0.03475310040830282
915,2.718982865490658,2.686562314692857,0.03242055079780082
916,2.6494504605400877,2.6178743168682193,0.03157614367186845
917,2.7853139350436704,2.7715591021175623,0.01375483292610813
918,2.9308527313596855,2.962262668088114,-0.03140993672842862
919,2.697894340814095,2.6625334789389035,0.035360861875191496
920,2.76570923004782,2.754581478370008,0.011127751677812103
921,2.6000243542118007,2.5595886735639866,0.04043568064781411
922,2.69139204233074,2.663032820053676,0.02835922227706389
923,2.658264853230783,2.6348826555492066,0.023382197681576233
924,2.8202391746620226,2.8214945134997316,-0.001255338837709008
925,2.626720572522724,2.583319057711676,0.04340151481104826
926,2.698643903691199,2.675570350242567,0.023073553448631934
927,2.6959977545178226,2.657247407942672,0.03875034657515064
928,2.589941322399436,2.5471199357263488,0.042821386673087325
929,2.5808240239025837,2.5212576014246215,0.05956642247796218
930,2.8314458635560396,2.832853170038373,-0.001407306482333226
931,2.711184250792524,2.6834063420881655,0.027777908704358367
932,2.776453660206735,2.764199726921579,0.012253933285156116
933,2.8294479466217974,2.8037178494916684,0.02573009713012908
934,2.772200391099346,2.7575989292678527,0.014601461831493356
935,2.6727370808335125,2.6243468965450187,0.04839018428849373
936,2.6462161960828885,2.599442964591079,0.046773231491809675
937,2.81617121011121,2.7992366364041166,0.016934573707093392
938,2.7871098869079347,2.760838446487371,0.026271440420563508
939,2.69944719128269,2.6618758477145743,0.037571343568115534
940,2.8084916772965216,2.7734534011257725,0.03503827617074906
941,2.671843803515176,2.6377530071166944,0.03409079639848178
942,2.6805199325852223,2.639217357075482,0.04130257550974026
943,2.6684615013581023,2.6241527987370303,0.044308702621072005
944,2.85865421439448,2.873383352045006,-0.01472913765052608
945,2.6145828443213355,2.5576354658210136,0.05694737850032183
946,2.590765634463283,2.520550626500355,0.07021500796292779
947,2.9389613729503243,2.9638949211687047,-0.02493354821838034
948,2.577039036900625,2.5105537047942796,0.06648533210634522
949,2.5928079818746084,2.5287114115124933,0.06409657036211502
950,2.7207450044610724,2.7024689121191225,0.018276092341949823
951,2.7381878022207857,2.7077511057960084,0.03043669642477731
952,2.7011566695704476,2.6661082854947282,0.03504838407571942
953,2.674218664814367,2.6412158635154834,0.033002801298883444
954,2.6853412724931602,2.646724061147673,0.038617211345487235
955,2.877496244968316,2.905701023521286,-0.028204778552969767
956,2.635796493548886,2.585650764901519,0.050145728647366994
957,2.6352885651876816,2.60368879917095,0.031599766016731756
958,2.63471421312646,2.5696468978513956,0.06506731527506426
959,2.857522830879447,2.861669523238095,-0.004146692358648174
960,2.68904600649303,2.6684428091557018,0.020603197337328183
961,2.742461224505765,2.7034881546590745,0.03897306984669058
962,2.5737413695465463,2.5156215114934084,0.05811985805313791
963,2.62117106872182,2.5625751955052922,0.05859587321652793
964,2.738942719486273,2.694762864490146,0.04417985499612698
965,2.697769040253155,2.667213057610435,0.030555982642720192
966,2.6893936504313856,2.6509164783425754,0.038477172088810185
967,2.7099880340490796,2.6640305502689765,0.045957483780103114
968,2.6110639009181242,2.5502314585358685,0.060832442382255714
969,2.535950341695856,2.4736483967456144,0.06230194495024177
970,2.6945076843859836,2.6605341734095735,0.033973510976410104
971,2.629750198227338,2.605587044139885,0.024163154087453176
972,2.648172511075743,2.5957542520655994,0.05241825901014341
973,2.697410574667643,2.671360806734656,0.026049767932986967
974,2.6273628831973705,2.5920098036115435,0.03535307958582701
975,2.6892606042854568,2.6727963824100054,0.01646422187545138
976,2.7022127632570423,2.6821820933658005,0.020030669891241804
977,2.7051033504443835,2.679417205581006,0.025686144863377613
978,2.6239197513148755,2.568739761748503,0.05517998956637271
979,2.746052038107172,2.705197054934261,0.040854983172910586
980,2.736855420605711,2.7013196224120426,0.035535798193668366
981,2.6328041045632604,2.5713278266012827,0.06147627796197774
982,2.574641144574524,2.5324170813288003,0.04222406324572381
983,2.714251080184891,2.6594274938225353,0.05482358636235585
984,2.730222652943796,2.700234220333091,0.02998843261070494
985,2.820725620443663,2.822207976124852,-0.0014823556811891514
986,2.5948359068560416,2.5376977870471196,0.05713811980892203
987,2.817826451034401,2.7969580658410016,0.020868385193399508
988,2.7114895916034376,2.670341285584057,0.04114830601938069
989,2.6206863270149365,2.5781690195902285,0.04251730742470805
990,2.7067575010595277,2.6572904801190407,0.04946702094048705
991,2.724975146778632,2.6936440026600104,0.0313311441186217
992,2.6402248627551135,2.6038167827832153,0.03640807997189821
993,2.654771354844088,2.610072463756948,0.04469889108713998
994,2.7822998021359804,2.7580834002649217,0.024216401871058668
995,2.6621999184836365,2.613942013917418,0.04825790456621837
996,2.693487635812899,2.6610007233954667,0.03248691241743229
997,2.678380557316043,2.645415789305571,0.03296476801047188
998,2.6842490316262655,2.6546384335654203,0.029610598060845206
999,2.4942420453126948,2.429692929490058,0.06454911582263678
1000,2.791897092902608,2.7964850755814297,-0.004587982678821767
1001,2.6366396511145127,2.5873507110809557,0.049288940033556994
1002,2.5525136675968856,2.492853888017643,0.0596597795792424
1003,2.673091368703113,2.646664889391322,0.026426479311790985
1004,2.716798790127421,2.668241612766922,0.048557177360498915
1005,2.532820625854362,2.4724512110736314,0.06036941478073077
1006,2.6759688940207678,2.6392123682372777,0.03675652578349009
1007,2.542258159258976,2.4761180399022398,0.06614011935673636
1008,2.613918460687245,2.560203024819097,0.0537154358681482
1009,2.674507361396329,2.638167398664838,0.03633996273149087
1010,2.854149159596151,2.8327287898207,0.021420369775451142
1011,2.9034585217205064,2.9369264172777636,-0.033467895557257155
1012,2.649979700963853,2.6042259462945823,0.04575375466927056
1013,2.7377355001698604,2.7033833355723687,0.0343521645974918
1014,2.97551042291425,2.9942260581786924,-0.0187156352644422
1015,2.737962166940059,2.697359182435726,0.04060298450433297
1016,2.8332223870007778,2.8313148681994607,0.0019075188013171207
1017,2.897574116979186,2.9138066941265333,-0.01623257714734727
1018,2.8775582571078226,2.8846126623575206,-0.007054405249697915
1019,2.7199195138372305,2.6993795662430315,0.02053994759419897
1020,2.6111351454360148,2.572826051044969,0.03830909439104557
1021,2.9644477249028336,3.005006543768791,-0.04055881886595758
1022,2.7244869912983014,2.690881416787354,0.03360557451094737
1023,2.6719623479239276,2.634885996827909,0.03707635109601881
1024,2.623447816625179,2.575691978314324,0.04775583831085495
1025,2.607231958752854,2.560160846200942,0.0470711125519121
1026,2.608721027778493,2.550637225877383,0.058083801901109844
1027,2.809505124893527,2.804848954046589,0.004656170846938146
1028,2.8751545291755765,2.885414548702591,-0.010260019527014386
1029,2.8574907998002836,2.865038663729448,-0.0075478639291644
1030,2.7692234229976456,2.7515125085966643,0.01771091440098127
1031,2.592066213530354,2.523220488653147,0.06884572487720675
1032,2.7529336239652027,2.7468243048882495,0.0061093190769532235
1033,2.621913722931467,2.5765296663572017,0.04538405657426514
1034,2.7020183971550225,2.658872237950368,0.04314615920465448
1035,2.6974150188850556,2.667705765677914,0.02970925320714146
1036,2.6735615601177956,2.655041288099635,0.018520272018160533
1037,2.767433672693509,2.7522209005312606,0.015212772162248367
1038,2.691361439053102,2.6365298800163877,0.05483155903671433
1039,2.713710728767577,2.6797617207645223,0.03394900800305445
1040,2.598510001367659,2.564805756401045,0.03370424496661384
1041,2.71783419530361,2.662294398987848,0.055539796315762224
1042,2.629495912205088,2.5756944042157097,0.053801507989378106
1043,2.7314426714167066,2.7054622685699425,0.02598040284676406
1044,2.582301661219089,2.526628345567986,0.05567331565110312
1045,2.6711254903755512,2.6241428404157023,0.04698264995984891
1046,2.645922932196533,2.6138176538931313,0.03210527830340171
1047,2.5306852739255423,2.4733784335180857,0.057306840407456594
1048,3.1258439236940414,3.215885878728898,-0.09004195503485679
1049,2.59526699585336,2.5371802513138095,0.05808674453955032
1050,2.636893366623888,2.5883473310231873,0.04854603560070059
1051,2.808966896849658,2.81786747597423,-0.008900579124571983
1052,2.6561311104051137,2.6110262948199954,0.04510481558511836
1053,2.7246714775850953,2.712077045016243,0.012594432568852287
1054,2.551790936989695,2.484392300656612,0.06739863633308296
1055,2.6509866029652365,2.6065232347036575,0.04446336826157893
1056,2.6751619762582095,2.6331353208839334,0.04202665537427608
1057,2.7506047103331275,2.756460944244277,-0.005856233911149644
1058,2.7481647429416016,2.7155518774235343,0.0326128655180673
1059,2.8563921419436524,2.8606185936499235,-0.004226451706271117
1060,3.034234506511963,3.106296589790782,-0.0720620832788188
1061,2.898076460886681,2.91998296577645,-0.021906504889769085
1062,2.8887063710106315,2.898628422324414,-0.009922051313782543
1063,2.6271556458898297,2.560402426074902,0.06675321981492788
1064,2.735589982155156,2.712355724280232,0.023234257874924058
1065,2.4535813562723474,2.381046213019949,0.07253514325239863
1066,2.7591029491383523,2.7545372086687143,0.00456574046963798
1067,2.646933330957851,2.6069638768525216,0.03996945410532948
1068,2.595683595830846,2.54433436677065,0.05134922906019623
1069,2.5301314561329367,2.45398850921527,0.07614294691766688
1070,2.8440338909707714,2.8375927557858556,0.006441135184915847
1071,2.7529769492178975,2.7227458581244437,0.030231091093453788
1072,2.6594308973669025,2.6067301633431437,0.052700734023758855
1073,2.6450585513753593,2.5944372185900852,0.05062133278527403
1074,2.710399139801878,2.692933750827813,0.01746538897406502
1075,2.7154203843350952,2.691223591582402,0.024196792752693153
1076,2.6803501423429896,2.6366911219792906,0.043659020363699064
1077,2.708144121273538,2.6690671246686453,0.039076996604892944
1078,2.6525010330445165,2.6056740851585323,0.04682694788598418
1079,2.724930293533192,2.687642124397742,0.037288169135449856
1080,2.62546872985149,2.5749276930734024,0.050541036778087634
1081,2.626145056712847,2.5684765153196705,0.057668541393176564
1082,2.7128503579381116,2.6758578984819907,0.03699245945612084
1083,2.677822510437815,2.6438471808882205,0.03397532954959459
1084,2.5809151654439106,2.5262991469506817,0.054616018493228946
1085,2.7189411411779565,2.68951032851542,0.029430812662536443
1086,2.7886097559767884,2.7605825520958636,0.028027203880924834
1087,2.585843242353661,2.523336680282667,0.0625065620709937
1088,2.7184129209931696,2.6901822198617698,0.028230701131399805
1089,2.684333411399261,2.666796909804639,0.017536501594622056
1090,2.8626607695431887,2.8786914187708152,-0.016030649227626537
1091,2.9222795204381424,2.9310470506326176,-0.008767530194475182
1092,2.6194987132823426,2.5672741707515887,0.052224542530753926
1093,2.8032055124159387,2.7833142407661944,0.019891271649744358
1094,2.7068717721237547,2.6797933042030966,0.027078467920658156
1095,2.6552225329725787,2.6064504007701434,0.04877213220243526
1096,2.6630304651371968,2.6183510417090385,0.04467942342815823
1097,2.637284496937883,2.584384601132408,0.05289989580547516
1098,2.6110896558627337,2.565738878358332,0.04535077750440175
1099,2.72827321599578,2.716572066083641,0.011701149912139108
1100,2.7560845517802344,2.715069573038337,0.04101497874189741
1101,2.7681148884875406,2.7616212013082535,0.006493687179287111
1102,2.6147416868589883,2.5700674450323935,0.04467424182659485
1103,2.703128512887947,2.6601785958362836,0.04294991705166362
1104,2.714115853406092,2.6990767563894558,0.015039097016636305
1105,2.650732956271739,2.611598082810341,0.0391348734613981
1106,2.8055453311503307,2.7857420365678935,0.019803294582437125
1107,2.6395661813009292,2.5879943762118645,0.05157180508906478
1108,2.618680946840543,2.5686957337991565,0.0499852130413867
1109,2.723852946573282,2.7097780630701296,0.014074883503152336
1110,2.6157409837369427,2.558180192901232,0.05756079083571075
1111,2.7073189986074664,2.7025229219149973,0.0047960766924690645
1112,2.6613126268721685,2.6124251074514753,0.04888751942069325
1113,2.7512590308089626,2.7435456676829504,0.007713363126012229
1114,2.5334235421508136,2.490865390292716,0.04255815185809775
1115,2.687927574345775,2.6551250134094357,0.032802560936339376
1116,2.7497355009165454,2.721873849476569,0.02786165143997632
1117,2.74096650986894,2.7231804325312465,0.017786077337693662
1118,2.6499203686328023,2.6135544552500902,0.03636591338271211
1119,2.6670490304473753,2.6185410615217566,0.048507968925618705
1120,2.6277533068558303,2.5790988873964182,0.04865441945941207
1121,2.7739362232717215,2.756984368242884,0.01695185502883767
1122,2.6652625081137726,2.6318985968136595,0.03336391130011318
1123,2.863549204448581,2.8738095086711244,-0.010260304222543315
1124,2.6973468754746253,2.6581818309066683,0.039165044567957
1125,2.5721004132957557,2.5142894645437135,0.05781094875204218
1126,2.4998789774315995,2.437144071456643,0.06273490597495668
1127,2.6816007358538108,2.637432308317039,0.04416842753677175
1128,2.6844178413588375,2.650932148213893,0.03348569314494476
1129,2.7494523618138045,2.7302145789767764,0.01923778283702804
1130,2.729061706097182,2.7354528543237526,-0.006391148226570831
1131,2.59339363901062,2.542561660298436,0.05083197871218381
1132,2.6517219742401013,2.603058920421829,0.048663053818272406
1133,2.783979882250024,2.764275180309548,0.01970470194047591
1134,2.5245867263710613,2.4492462245877413,0.07534050178331997
1135,2.756802670724143,2.7484510869521244,0.0083515837720185
1136,2.7772776287324157,2.739382332776961,0.0378952959554546
1137,2.6948218263616286,2.6614566114393012,0.03336521492232736
1138,2.6887703805310164,2.675263227902581,0.013507152628435382
1139,2.8079224575120767,2.7795270850759826,0.028395372436094135
1140,2.6644286862394098,2.611737548553032,0.052691137686377676
1141,2.6909812722622495,2.64538209265455,0.04559917960769955
1142,2.512739740394525,2.451636626442169,0.061103113952356125
1143,2.747592335476101,2.7371492087659455,0.010443126710155681
1144,2.7264379899937965,2.7060886584084707,0.020349331585325814
1145,2.827273527087278,2.8394416758655714,-0.012168148778293197
1146,2.576938135442724,2.514192174524503,0.06274596091822104
1147,2.67352796641893,2.627976885531057,0.04555108088787341
1148,2.759893737334745,2.7366663411119756,0.023227396222769592
1149,2.570479204564274,2.5191616933011116,0.05131751126316253
1150,2.768189092026741,2.757763307779756,0.010425784246984815
1151,2.6518754429376195,2.6147933318636167,0.03708211107400272
1152,2.5569935422064796,2.499876227289852,0.05711731491662775
1153,2.7950128466560913,2.7618967000396633,0.03311614661642803
1154,2.644743658379168,2.608810952561276,0.035932705817891986
1155,2.6692455075851944,2.6236116120934874,0.045633895491707044
1156,2.6792145302250936,2.640525804095194,0.038688726129899376
1157,2.6948613656600617,2.68163698627011,0.01322437938995158
1158,2.6243966932585954,2.5766135251354774,0.047783168123118
1159,2.746773798958271,2.7184801577007556,0.028293641257515212
1160,2.7117905928462505,2.6801730167127866,0.03161757613346383
1161,2.68936166168025,2.6546927415339976,0.03466892014625245
1162,2.6255340115447665,2.576624637928618,0.04890937361614833
1163,2.7206063535665543,2.6881798268282933,0.032426526738261074
1164,2.652165636350054,2.630980537890257,0.021185098459797214
1165,2.7067504536230627,2.672686665272121,0.03406378835094159
1166,2.673040906528992,2.6207087531256104,0.05233215340338182
1167,2.8379748962554796,2.8689363510120685,-0.030961454756588846
1168,2.732835177221903,2.7040289546773666,0.028806222544536464
1169,2.918006449584836,2.955836621863036,-0.037830172278199736
1170,2.6686507129927484,2.631463921391034,0.037186791601714564
1171,2.636885227539945,2.5998990730954716,0.036986154444473396
1172,2.556135800152498,2.4896788553281377,0.06645694482436015
1173,2.674949028233195,2.652592990950669,0.02235603728252622
1174,2.783462774207643,2.7708828936838397,0.012579880523803322
1175,2.6294394212653858,2.580312386228452,0.04912703503693372
1176,2.541993081069272,2.479384825739759,0.06260825532951309
1177,2.597741871403765,2.537712028199558,0.06002984320420657
1178,2.6393441403008566,2.591996081813483,0.04734805848737356
1179,2.6438875515831888,2.6013756126046776,0.04251193897851113
1180,2.6794141442580903,2.658182602303143,0.021231541954947364
1181,2.8196761390475067,2.8173017133701657,0.00237442567734103
1182,2.5198350231351205,2.450105286554741,0.06972973658037951
1183,2.5906313045814207,2.5302759062279736,0.060355398353447054
1184,2.649428624647257,2.6066445256880755,0.04278409895918145
1185,2.765627253960765,2.7620671530099012,0.003560100950863898
1186,2.6568423950309907,2.6168819693405565,0.03996042569043423
1187,2.6328752533933786,2.596189061322708,0.036686192070670476
1188,2.6695609799599547,2.6347313634352414,0.03482961652471328
1189,2.644513566969134,2.6043462465321,0.04016732043703408
1190,2.6665856651176574,2.618481395121307,0.048104269996350535
1191,2.659658869362142,2.64117959687418,0.018479272487962106
1192,2.566248703123417,2.4998239449472437,0.06642475817617344
1193,2.652133824706634,2.6124235573158026,0.03971026739083161
1194,2.798601864650521,2.793321107415849,0.005280757234672251
1195,2.9036679482905936,2.912042877243027,-0.008374928952433525
1196,2.762881722555192,2.7545728786542014,0.008308843900990404
1197,2.6440177470696704,2.588075815491563,0.05594193157810734
1198,2.82623221988975,2.8382540445174755,-0.012021824627725497
1199,2.585383419111916,2.5308674398334787,0.05451597927843732
1200,2.600572156736628,2.5449429272706223,0.05562922946600546
1201,2.5002297334996375,2.4440106268152832,0.05621910668435426
1202,2.5177741395581585,2.453687512888734,0.06408662666942444
1203,2.782378829355095,2.746683030009932,0.03569579934516298
1204,2.591613302741599,2.535839809991377,0.05577349275022225
1205,2.752260217442907,2.7287154985378397,0.023544718905067263
1206,2.744032722813953,2.7111095293644745,0.03292319344947847
1207,2.6430889125227757,2.60128306694739,0.0418058455753858
1208,2.555272058531735,2.4947189171696507,0.06055314136208434
1209,2.600955116075404,2.5405512889398487,0.060403827135555144
1210,2.5656999364398727,2.510774078162749,0.05492585827712393
1211,2.5514894647369366,2.4818431149224356,0.06964634981450102
1212,2.5975253368099147,2.538576454500289,0.058948882309625805
1213,2.678128996223224,2.640392946794324,0.037736049428899854
1214,2.6247093074668237,2.5789156046823205,0.04579370278450323
1215,2.743132955504864,2.7152005873438605,0.027932368161003307
1216,2.582956414301244,2.5397012313262035,0.043255182975040274
1217,2.624109550222996,2.578811889847408,0.04529766037558769
1218,2.7921396936175316,2.795399926041248,-0.003260232423716314
1219,2.7080524396464147,2.6779723093505017,0.030080130295913055
1220,2.726244838991627,2.708982423865869,0.017262415125758324
1221,2.90884981823068,2.9278752230433174,-0.01902540481263726
1222,2.7554336356013374,2.715611454840612,0.03982218076072552
1223,2.7439602955072924,2.7287570371001326,0.015203258407159748
1224,2.626357747058255,2.580034647268988,0.04632309978926674
1225,2.5823775909883393,2.527123898233698,0.055253692754641204
1226,2.651743582154613,2.6156242252693294,0.03611935688528378
1227,2.6870085343400243,2.642475795457714,0.04453273888231024
1228,2.5571146394916004,2.4855058825030403,0.07160875698856017
1229,2.698313241624886,2.669885107480601,0.02842813414428491
1230,2.784065691701362,2.7637702007767966,0.020295490924565396
1231,2.6677596858459576,2.634359189528902,0.03340049631705577
1232,2.572360760330924,2.5079633267842865,0.06439743354663774
1233,2.625482535421614,2.583694217155315,0.04178831826629903
1234,2.669436814552496,2.6189012947124284,0.05053551984006743
1235,2.725498306676149,2.6990728132809836,0.02642549339516531
1236,2.6815817329165736,2.652096612374071,0.029485120542502852
1237,2.5317382112016698,2.456580753409687,0.0751574577919829
1238,2.7374821266914284,2.7139658108986824,0.023516315792746045
1239,2.6094147832013777,2.5638345971321415,0.045580186069236195
1240,2.8333660213763956,2.8386619189142808,-0.005295897537885175
1241,2.7241678090777808,2.699461135810501,0.02470667326727982
1242,2.75702910510088,2.7477204146941148,0.009308690406765407
1243,2.7403814671201134,2.7178028458406835,0.02257862127942989
1244,2.963533169554623,2.983283969296037,-0.019750799741413694
1245,2.6938204493477786,2.666403695461329,0.02741675388644982
1246,2.7626416890145564,2.756592050570454,0.006049638444102445
1247,2.6441086498527024,2.591808004549762,0.05230064530294065
1248,2.9857722243453675,3.0099016191417602,-0.024129394796392756
1249,2.57933154852791,2.5093886496419304,0.0699428988859796
1250,2.693895343198563,2.6597361126045014,0.03415923059406145
1251,2.59406174838899,2.538402673320316,0.05565907506867385
1252,2.5677835889614786,2.5078969693480833,0.059886619613395364
1253,2.659340196097438,2.6058565103036124,0.053483685793825675
1254,2.759032831279387,2.736535250839612,0.0224975804397749
1255,2.882350548310337,2.9108381068401528,-0.028487558529815882
1256,2.7807140504078256,2.7421179374506397,0.0385961129571859
1257,2.541281881193192,2.494291115695004,0.046990765498188036
1258,2.5845572714007967,2.5249830562344,0.059574215166396716
1259,2.560935213185769,2.4943889541481843,0.06654625903758493
1260,2.6275874442026246,2.5791334164975837,0.048454027705040925
1261,3.0181713889663193,3.0671455743500755,-0.0489741853837562
1262,2.8118466755701967,2.804318831080442,0.0075278444897546315
1263,2.549734131824917,2.492154227807016,0.05757990401790103
1264,2.89518797651836,2.906926724246617,-0.011738747728256893
1265,2.663995344789765,2.621201162076901,0.04279418271286417
1266,2.709795419993303,2.6710733248645777,0.038722095128725265
1267,2.6750408789510995,2.6467962735732433,0.028244605377856224
1268,2.7830083366103695,2.774065112818791,0.008943223791578525
1269,2.743519954681177,2.7043030538331485,0.03921690084802831
1270,2.829285617871906,2.8109457643854734,0.018339853486432744
1271,2.592065537599102,2.53925489499852,0.0528106426005821
1272,2.828213533398021,2.799476096709316,0.02873743668870521
1273,2.859815291682079,2.839448685426045,0.02036660625603437
1274,2.8397165575021917,2.830587845703964,0.009128711798227496
1275,2.565570860738824,2.494545054474446,0.07102580626437804
1276,2.7693135603658994,2.7546996890529707,0.014613871312928683
1277,2.5293108394140456,2.4604556377960103,0.06885520161803527
1278,2.7630888865203613,2.7371242236313225,0.02596466288903887
1279,2.7676220618203184,2.744912984772648,0.022709077047670334
1280,2.6999047066266417,2.6821667915854377,0.017737915041204033
1281,2.7676068322114222,2.733798009681678,0.033808822529744376
1282,2.5904585881788917,2.537515630290024,0.0529429578888676
1283,2.7009148939594927,2.6751849678447317,0.025729926114760993
1284,2.8539492871348173,2.8549526026197114,-0.001003315484894074
1285,2.6598898931025263,2.617513275670436,0.04237661743209031
1286,2.586814652316187,2.5325439218958943,0.05427073042029251
1287,2.6600860085140767,2.601560010261037,0.058525998253039724
1288,2.616684182623878,2.552638041652134,0.06404614097174388
1289,2.662704415201778,2.6445613484695545,0.018143066732223545
1290,2.747618003557952,2.7123865199408277,0.03523148361712414
1291,2.7136552839579338,2.6650246463975504,0.04863063756038333
1292,2.680526759867238,2.6387212446366277,0.04180551523061027
1293,2.8281271304768896,2.823407133490143,0.004719996986746633
1294,2.6404242786567904,2.6083092037360975,0.032115074920692877
1295,2.8178725956382036,2.8181050547570194,-0.00023245911881586423
1296,2.6523356229799835,2.5981588549951566,0.054176767984826846
1297,2.5167791162325184,2.4532466400850184,0.06353247614750002
1298,2.640686788310582,2.5976638460551293,0.043022942255452445
1299,2.703355710133446,2.657910241197652,0.04544546893579415
1300,2.700121606338746,2.666106859225863,0.034014747112883104
1301,2.5932104485023495,2.5352422290334964,0.05796821946885311
1302,2.6746323480075787,2.6341601840899322,0.04047216391764641
1303,2.720451903747047,2.683675521144376,0.03677638260267102
1304,2.7925970948507084,2.783467321257123,0.009129773593585355
1305,2.6776304105441624,2.6333990718320472,0.044231338712115154
1306,2.8063212025661395,2.7852976013862563,0.021023601179883222
1307,2.684234894041403,2.6487924893998835,0.0354424046415196
1308,2.726132625609489,2.699360315461672,0.026772310147817002
1309,2.6695276257022575,2.64147655872061,0.028051066981647388
1310,2.5819825327891395,2.5278834319518726,0.05409910083726688
1311,2.4785672234179223,2.418029395419046,0.06053782799887619
1312,2.7052548410802277,2.6783759522825448,0.026878888797682965
1313,2.7702965379866233,2.7257200711277116,0.0445764668589117
1314,2.6804791601237428,2.665536976597964,0.014942183525778585
1315,2.563115069366704,2.493919803584489,0.06919526578221502
1316,2.7074501682226777,2.6655295777324532,0.04192059049022445
1317,2.6038754861874644,2.549660941307879,0.054214544879585436
1318,2.502758553556435,2.437920017969015,0.06483853558742014
1319,2.6235688171838474,2.5809950713265204,0.04257374585732698
1320,2.6001815392589114,2.5420723080611136,0.05810923119779776
1321,2.6407087501965827,2.5995041085972916,0.04120464159929105
1322,2.6778598234029767,2.6398049200191935,0.038054903383783145
1323,2.6603457838953815,2.6190263058032968,0.041319478092084694
1324,2.567145798551317,2.5117526477782373,0.055393150773079824
1325,2.6182710367647393,2.5665108628939217,0.05176017387081755
1326,2.815948339010537,2.7886621611236997,0.027286177886837404
1327,2.7621936049424116,2.739611304361433,0.022582300580978654
1328,2.5619441139865273,2.5151092395389014,0.04683487444762591
1329,2.5339865938589643,2.48217909077623,0.051807503082734296
1330,2.636894044091108,2.598391875319636,0.03850216877147217
1331,2.773347182777002,2.782722860785511,-0.009375678008508803
1332,2.6693722114365577,2.617904624095035,0.05146758734152268
1333,2.6191510417305843,2.5535381867407345,0.06561285498984981
1334,2.5723728916467232,2.5071446071071146,0.0652282845396086
1335,2.62876923147623,2.586768425684301,0.042000805791929
1336,2.6686977494449153,2.631869788553138,0.03682796089177742
1337,2.64992171413737,2.597333676038559,0.052588038098811296
1338,2.577316419528681,2.511925740024092,0.06539067950458888
1339,2.7311795542425132,2.7018529076211837,0.029326646621329555
1340,2.646369316461958,2.6094294966576412,0.03693981980431671
1341,2.6080067922463352,2.560593875188776,0.047412917057559234
1342,2.6961845102073694,2.6609342023471476,0.03525030786022176
1343,2.9438083177036343,2.949955340299934,-0.006147022596299845
1344,2.610896618436204,2.566761113990446,0.04413550444575787
1345,2.7021298962229947,2.65465674305814,0.047473153164854676
1346,2.6601065081875466,2.6250314176034135,0.03507509058413305
1347,2.58352293850716,2.519383098224147,0.0641398402830129
1348,2.6115617480100424,2.5566001616426237,0.05496158636741866
1349,2.723916052430052,2.679759544355895,0.04415650807415705
1350,2.64751024636296,2.6135443605616624,0.033965885801297446
1351,2.821984770202646,2.797149309879596,0.024835460323050285
1352,2.782029644506987,2.7464635786212104,0.0355660658857766
1353,2.7142204951335898,2.676128873396788,0.038091621736801695
1354,2.7921841233488776,2.7757945387879115,0.016389584560966064
1355,2.621218085939952,2.5764122590407226,0.044805826899229295
1356,2.589021479414143,2.5332388865538253,0.055782592860317504
1357,2.7281685292861644,2.705327116906884,0.022841412379280168
1358,2.631531185352485,2.582321059136678,0.049210126215807115
1359,2.823774230809913,2.8481604286095,-0.02438619779958673
1360,2.702378973244215,2.6597741343689374,0.04260483887527755
1361,2.7005465419403043,2.686425635160984,0.014120906779320208
1362,2.548956532210178,2.507425137021038,0.04153139518914006
1363,2.6997592513245103,2.6556250646790835,0.04413418664542679
1364,2.606488050107232,2.5570670833824023,0.04942096672482954
1365,2.7562878311599985,2.7233505042611275,0.03293732689887108
1366,2.6648664507128665,2.625777444804968,0.03908900590789832
1367,2.6983980350267363,2.6727534923442255,0.025644542682510707
1368,2.624039021210344,2.570220546446065,0.053818474764279145
1369,2.6414209663902612,2.6113012774800497,0.03011968891021155
1370,2.5858721565106633,2.5271064329563404,0.05876572355432286
1371,2.8512605795823482,2.856364609635646,-0.005104030053297848
1372,2.5920949893569505,2.5537143478265523,0.03838064153039822
1373,2.7723144066828844,2.7319511949849242,0.0403632116979602
1374,2.636613105989832,2.5880697022280676,0.04854340376176447
1375,2.7546535518043704,2.720569646755814,0.03408390504855641
1376,2.798055444051135,2.7603277211725334,0.03772772287860171
1377,2.6227539719408903,2.588390646451494,0.034363325489396246
1378,2.609476904819998,2.56812087864305,0.04135602617694811
1379,2.9411038081830916,2.9769726555723186,-0.03586884738922702
1380,2.6405258512522964,2.5908556696821208,0.049670181570175664
1381,2.7335937422369123,2.6891108631940424,0.04448287904286996
1382,2.6644462380703104,2.6398473964936855,0.024598841576624952
1383,2.7000944858073095,2.6757074169655692,0.024387068841740245
1384,2.6362961361206674,2.5924847094088603,0.043811426711807044
1385,2.587681935358673,2.5187051442334494,0.0689767911252237
1386,2.6165908556177038,2.5723946660624804,0.04419618955522342
1387,2.924773925880281,2.954620348926415,-0.029846423046134163
1388,2.7356849197593625,2.7099928205093993,0.025692099249963185
1389,2.9556808130319165,2.9847913230865024,-0.02911051005458587
1390,2.6461224748212624,2.6101879860935338,0.03593448872772864
1391,2.651692066100135,2.6229013297834043,0.02879073631673057
1392,2.7113400608452154,2.698123869532877,0.01321619131233831
1393,2.562368667978436,2.5001302346558814,0.06223843332255452
1394,2.5824122500844204,2.5229192200125983,0.05949303007182216
1395,2.789226933660029,2.7556195989724626,0.03360733468756649
1396,3.0622781100023,3.1352900423736187,-0.07301193237131853
1397,2.492159517824217,2.4301430444683145,0.062016473355902324
1398,2.7666089136335477,2.7490468006277378,0.0175621130058099
1399,2.715810875450268,2.690066640962478,0.025744234487790063
1400,2.74624140945899,2.7177081586920173,0.028533250766972884
1401,2.6660093021951186,2.621144024247373,0.04486527794774542
1402,2.697078184179942,2.665827856886899,0.03125032729304289
1403,2.597722602257794,2.5588521802035062,0.0388704220542877
1404,2.6299637222747663,2.5997418378384047,0.030221884436361535
1405,2.7072557968868707,2.6647409454998225,0.042514851387048136
1406,2.7988743156769584,2.7794189895324375,0.019455326144520946
1407,2.7633116270728912,2.7482674401615186,0.015044186911372659
1408,2.5689347099324156,2.500235580594834,0.0686991293375816
1409,2.6056286174538013,2.5542532160368463,0.05137540141695496
1410,2.9087661533874414,2.9366553135249123,-0.027889160137470892
1411,2.78733775918235,2.786953817958676,0.0003839412236739115
1412,2.6909173068111367,2.6469111184158844,0.04400618839525228
1413,2.7153357344848286,2.6966220952058677,0.01871363927896086
1414,2.8038373919107,2.828182608745243,-0.02434521683454305
1415,2.7411130036909452,2.735460386698312,0.005652616992633419
1416,2.708482084532273,2.6655216950536507,0.04296038947862213
1417,2.6323513617944942,2.591249946515923,0.04110141527857136
1418,2.6360684095878657,2.5904624064905004,0.04560600309736529
1419,2.6516774635392752,2.6100466657582664,0.041630797781008866
1420,2.63009115321619,2.5863582352431336,0.04373291797305656
1421,2.69953936533211,2.6784445995121366,0.021094765819973382
1422,2.5748771832255732,2.5080636400795644,0.06681354314600885
1423,2.6145368517815135,2.5682520917107636,0.046284760070749886
1424,2.705082427040343,2.670805062171157,0.03427736486918587
1425,2.7367183384841667,2.7054222416787908,0.03129609680537593
1426,2.694385432334681,2.660223393334942,0.0341620389997388
1427,2.633813270023782,2.591556219187002,0.042257050836779886
1428,2.7114149730177886,2.6786480818013425,0.03276689121644605
1429,2.693580648273538,2.6340572834410834,0.05952336483245446
1430,2.7580235048861352,2.7345503028866265,0.023473201999508753
1431,2.592755287436049,2.539659953236494,0.05309533419955503
1432,2.6017511427219793,2.5464919953493554,0.05525914737262383
1433,2.7738093925873786,2.760852614791082,0.01295677779629667
1434,2.6936482151782557,2.6601184211754245,0.03352979400283118
1435,2.7493853911708563,2.7280505718903405,0.021334819280515838
1436,2.668797952681804,2.6225951345616045,0.04620281812019966
1437,2.640378980789942,2.6049956070568845,0.03538337373305733
1438,2.5427581620169732,2.485047143325006,0.057711018691967375
1439,2.658867183346017,2.625336212854285,0.033530970491731704
1440,2.6422849642198796,2.6081521079598096,0.03413285626007001
1441,2.6708857309458796,2.6316962805786814,0.03918945036719812
1442,2.8433280955404734,2.8495622891542496,-0.0062341936137761955
1443,2.589598331261302,2.530028431299191,0.05956989996211082
1444,2.6173944089780345,2.567257073777647,0.05013733520038777
1445,2.6776364709658393,2.6240399616828842,0.05359650928295512
1446,2.5896268951466546,2.5405791709659273,0.049047724180727226
1447,2.669240469014254,2.6437116478466174,0.02552882116763655
1448,2.7033103620675796,2.687692304523145,0.01561805754443446
1449,2.677874561655803,2.6399459083109242,0.037928653344878605
1450,2.9207140439494585,2.947792493553008,-0.027078449603549437
1451,2.829279409736722,2.8348466432915567,-0.005567233554834683
1452,2.597480366196937,2.5619792676914543,0.03550109850548244
1453,2.70790928809679,2.68273299699877,0.02517629109802
1454,2.6903634758392254,2.64308726143666,0.047276214402565575
1455,2.665558489858759,2.614349624291635,0.05120886556712412
1456,2.8122592035930647,2.796000877173781,0.01625832641928371
1457,2.748098107113019,2.7322030110797906,0.015895096033228473
1458,2.6086337573550833,2.5842498948951707,0.024383862459912642
1459,2.7246550268949843,2.6775406340253127,0.04711439286967156
1460,2.545327697640132,2.4718718237289576,0.07345587391117414
1461,2.822623019593712,2.806467118932476,0.016155900661236178
1462,2.5636229387540572,2.4952544766913065,0.06836846206275071
1463,2.8110650252695466,2.7871375939685583,0.02392743130098829
1464,2.6940939381643925,2.6702099245849156,0.023884013579476893
1465,2.640219216944023,2.5841751879606347,0.05604402898338812
1466,2.6960305732200673,2.6727914066507763,0.023239166569291037
1467,2.7786630211460515,2.7773865723421047,0.001276448803946728
1468,2.6449070899705815,2.5988490586018718,0.046058031368709784
1469,2.806941063683229,2.8052013868136387,0.001739676869590312
1470,2.667253686685905,2.638978619970758,0.028275066715147013
1471,2.7319102435593616,2.726575646794982,0.00533459676437964
1472,2.6456825974708646,2.595251060283088,0.0504315371877766
1473,2.6183484253869795,2.5798476157595034,0.03850080962747615
1474,2.543716601049593,2.4693685178755036,0.07434808317408947
1475,2.6266289051464726,2.599151612934545,0.02747729221192774
1476,2.6633258816168457,2.6196834079662765,0.04364247365056917
1477,2.573646912309547,2.51060370001515,0.06304321229439713
1478,2.6597768536516417,2.6260047199262733,0.03377213372536847
1479,2.5336329999562777,2.4772093246811835,0.056423675275094176
1480,2.756714699152091,2.7305511805813865,0.026163518570704536
1481,2.6423718011048827,2.600089612226223,0.04228218887865953
1482,2.6095469145318804,2.5524755334453944,0.05707138108648602
1483,2.619936816523905,2.5644216024128936,0.055515214111011346
1484,2.631003375163796,2.58531001034311,0.045693364820685645
1485,2.7443625479550318,2.70275810468083,0.04160444327420176
1486,2.6077456815592908,2.557603421691043,0.05014225986824794
1487,2.7203064677966453,2.6990101681806395,0.021296299616005765
1488,2.7756706907824,2.778506414907282,-0.0028357241248819776
1489,2.7776883461051876,2.7668979867805588,0.010790359324628795
1490,2.5963857519380382,2.542433760479061,0.05395199145897722
1491,2.6020077199233382,2.5586891479707674,0.04331857195257083
1492,2.62209752470379,2.5594779844131166,0.06261954029067329
1493,2.6956087539941014,2.650792546647274,0.04481620734682723
1494,2.6671104069048615,2.629701168902804,0.03740923800205742
1495,2.7357087686827755,2.724573069226578,0.011135699456197301
1496,2.6553938868358045,2.6121839482210927,0.043209938614711785
1497,2.6581696298762503,2.6032551447910044,0.05491448508524588
1498,2.7943733172967153,2.795573384656814,-0.0012000673600987
1499,2.7342547639101076,2.7191764508340452,0.015078313076062333
1500,2.9385932154219248,2.9310374540747595,0.007555761347165291
1501,2.6870377181983804,2.650443941157071,0.036593777041309394
1502,2.6602838722413455,2.6263565495777037,0.033927322663641846
1503,2.696861170176932,2.6616321140726837,0.03522905610424809
1504,2.820342815420997,2.8532982826170294,-0.03295546719603237
1505,2.7771762184030853,2.7825306183698166,-0.005354399966731371
1506,2.6620411017554804,2.61930982818038,0.042731273575100204
1507,2.701104968895437,2.671071139618242,0.030033829277195334
1508,2.5814942354489614,2.5203549358833635,0.06113929956559794
1509,2.774377203996264,2.7625424908468865,0.011834713149377674
1510,2.488219597333244,2.4235596182009145,0.06465997913232968
1511,2.8541373716739855,2.836057906201824,0.018079465472161438
1512,2.6756956285237194,2.651946950399797,0.02374867812392223
1513,2.612393419876375,2.558025591649414,0.054367828226960846
1514,2.7217891881037977,2.6981162914062975,0.023672896697500168
1515,2.641116023927293,2.602118862194013,0.03899716173327983
1516,2.7653301141112125,2.72759460248236,0.03773551162885269
1517,2.7301039674467593,2.7013503824437834,0.028753585002975868
1518,2.570217604231326,2.5070890507413637,0.06312855348996216
1519,2.6900733759086757,2.6553941987442355,0.034679177164440134
1520,2.6280424650265415,2.569171757689478,0.058870707337063344
1521,2.6820785911778633,2.6440831639537,0.03799542722416316
1522,2.5681598653820523,2.522743484131561,0.04541638125049152
1523,2.7188540753487893,2.6905505791609508,0.02830349618783856
1524,2.5811459665605305,2.522302401559345,0.05884356500118537
1525,2.603311299637384,2.549680789444938,0.053630510192446135
1526,2.7018639280025254,2.6493154038836693,0.05254852411885613
1527,2.6459311773475758,2.602886449783006,0.04304472756456956
1528,2.6521772050921864,2.602007505045735,0.05016970004645138
1529,2.7383014516289945,2.707413573766747,0.03088787786224767
1530,2.7316919917331597,2.694583474301527,0.03710851743163257
1531,2.6696829408262546,2.634180214327357,0.03550272649889763
1532,2.640879755394909,2.6013944085346283,0.03948534686028049
1533,2.717521816342331,2.6746619271505034,0.042859889191827705
1534,2.6399136663722262,2.603670577673786,0.036243088698440395
1535,2.8456205511626353,2.836815737730175,0.008804813432460534
1536,2.6547443366951353,2.6210871424976854,0.03365719419744995
1537,2.7130005214214328,2.6605920415601463,0.052408479861286494
1538,2.738225811557633,2.726271765096099,0.011954046461533974
1539,2.5875529618470203,2.550651302986863,0.036901658860157394
1540,2.8236061654294353,2.83379217201456,-0.010186006585124474
1541,2.58519060210535,2.524914526710802,0.060276075394547934
1542,2.6203308543621424,2.5551853062828203,0.06514554807932216
1543,2.5933579022048985,2.5323536725755544,0.06100422962934404
1544,2.668512418965932,2.607387319073447,0.061125099892485046
1545,2.607468963858022,2.564842466090298,0.0426264977677242
1546,2.529199309882593,2.4656313540701404,0.06356795581245267
1547,2.9143046791451495,2.9037906082983573,0.010514070846792123
1548,2.568812238963359,2.5143230013205806,0.054489237642778576
1549,2.7481482226828224,2.7388282783620657,0.009319944320756779
1550,2.738605184680989,2.7163523049370837,0.02225287974390522
1551,2.717804911438193,2.6789689183297,0.03883599310849295
1552,2.766825849902894,2.7302237227304778,0.0366021271724164
1553,2.598244416758869,2.5641460904313753,0.034098326327493655
1554,2.5640856725730945,2.5148872044782866,0.04919846809480788
1555,2.6644882809010615,2.6377722009039872,0.02671607999707426
1556,2.579762165234893,2.516257804278298,0.06350436095659484
1557,2.6788191186460724,2.6476637962141694,0.031155322431903
1558,2.668809464365176,2.63695499893931,0.0318544654258659
1559,2.5930785647623016,2.5457311625870642,0.04734740217523736
1560,2.5897747315786486,2.527903903584778,0.06187082799387067
1561,2.553342945327031,2.506481005305984,0.046861940021047044
1562,2.6544570222335846,2.6204725761900782,0.03398444604350637
1563,2.855182951655375,2.830514995012094,0.02466795664328103
1564,2.625171026490012,2.5804764323300566,0.04469459415995525
1565,2.631275487407423,2.5726813688576424,0.05859411854978047
1566,2.719991440057529,2.679098731430353,0.04089270862717598
1567,2.6284857152185483,2.588123956506896,0.040361758711652485
1568,2.618739336253664,2.5777527046937627,0.040986631559901454
1569,2.8939120311126256,2.885734742322334,0.00817728879029156
1570,2.571820185977652,2.5161638837881806,0.055656302189471596
1571,2.568199992624528,2.5197333821508163,0.04846661047371148
1572,2.7967676341354397,2.7744799627086634,0.022287671426776345
1573,2.800976276276121,2.8233650249116393,-0.02238874863551832
1574,2.717122978153376,2.687808802137164,0.029314176016211668
1575,2.636162314342893,2.5826084376993883,0.05355387664350486
1576,2.727522409120488,2.7023381410502134,0.02518426807027474
1577,2.628715182368567,2.5947784156577556,0.03393676671081147
1578,2.5814274907084815,2.5186830953737793,0.06274439533470222
1579,2.7771832944803903,2.744026168831143,0.03315712564924711
1580,3.029874057080417,3.058437865224953,-0.028563808144536296
1581,2.656469437891473,2.6225495970148294,0.03391984087664346
1582,2.5763535809113143,2.515175489961949,0.06117809094936533
1583,2.612683005229678,2.5699434612611882,0.04273954396848989
1584,2.525607210303942,2.4615732686343916,0.06403394166955056
1585,2.666329520827859,2.6263755211496056,0.039953999678253194
1586,2.532027854993892,2.466349187304657,0.06567866768923514
1587,2.6586767821110584,2.6266562673422524,0.03202051476880596
1588,2.939173305967909,2.9923576777851246,-0.05318437181721558
1589,2.680401949191069,2.646490380056323,0.033911569134746244
1590,2.745986376783304,2.7114191231323237,0.034567253650980234
1591,2.7650131246113223,2.7443506925593604,0.020662432051961943
1592,2.5396513934983505,2.480059664426677,0.05959172907167343
1593,2.6656663396525966,2.631114517279987,0.034551822372609564
1594,2.595095553045445,2.542160281894357,0.05293527115108798
1595,2.690810806154703,2.6661317191967555,0.024679086957947405
1596,2.7638763208841315,2.7415037283822983,0.02237259250183321
1597,2.7264976576795927,2.7054810901742083,0.021016567505384387
1598,2.518704840617739,2.458215983130465,0.06048885748727395
1599,2.7068635894209403,2.684982177539999,0.021881411880941393
1600,2.7299144164996525,2.707946619641295,0.02196779685835759
1601,2.6209818415930335,2.5704978661294513,0.05048397546358219
1602,2.610593095552745,2.5712812173268347,0.03931187822591031
1603,2.6116348431055325,2.568514683182864,0.04312015992266849
1604,2.641323486342815,2.5936770162105676,0.047646470132247654
1605,2.6777485494039013,2.654861110773294,0.02288743863060727
1606,2.7846670140268723,2.8042526121109543,-0.019585598084082
1607,2.737189808931371,2.696728515517316,0.04046129341405491
1608,2.6519096160067,2.6045972701149362,0.04731234589176392
1609,2.553269565923161,2.495676059051343,0.05759350687181808
1610,2.768995334406145,2.754655722800696,0.014339611605449054
1611,2.6258378498200354,2.568538699342252,0.057299150477783556
1612,2.594901246766121,2.5466759769721063,0.04822526979401465
1613,2.502582220837676,2.4359188600037496,0.06666336083392643
1614,2.8492099613007853,2.8453611333600324,0.003848827940752919
1615,2.607249610997462,2.5483317580343363,0.05891785296312557
1616,2.744486190583519,2.7318593779411358,0.01262681264238319
1617,2.650307808623713,2.597366013629251,0.052941794994461944
1618,2.640325376970899,2.5883717085212883,0.05195366844961091
1619,2.789938181529492,2.757092887176625,0.03284529435286698
1620,2.636788315339447,2.595338424673167,0.04144989066627991
1621,2.563894591116624,2.5191129225263373,0.04478166859028665
1622,2.672774535609699,2.639545119145764,0.03322941646393485
1623,2.9314594293754745,2.9505974025448385,-0.019137973169363942
1624,2.7386649680493513,2.7104500243193628,0.028214943729988562
1625,2.6590298903603773,2.6232155425964616,0.03581434776391568
1626,2.734996965000298,2.702491038581992,0.032505926418306075
1627,2.6596427782594136,2.620648808385869,0.03899396987354464
1628,2.9390729432039704,2.969289292384464,-0.03021634918049365
1629,2.5734025573041324,2.5136417507135747,0.059760806590557713
1630,2.794311329394735,2.789912428509413,0.004398900885322021
1631,2.6345896080771416,2.5970488769118236,0.037540731165317975
1632,2.744620508906824,2.7189409129352007,0.025679595971623392
1633,2.8042464089723724,2.820369054991525,-0.016122646019152587
1634,2.6462623039224873,2.6008974515791228,0.045364852343364515
1635,2.6500263889105504,2.605421920259715,0.04460446865083556
1636,2.6600366406666653,2.6086369339418747,0.05139970672479066
1637,2.5971254497861316,2.560799360243567,0.03632608954256478
1638,2.820229063477259,2.813016812947579,0.007212250529679665
1639,2.6059230932291415,2.5486403163496836,0.05728277687945793
1640,2.86700722941923,2.8732266792677175,-0.006219449848487546
1641,2.576435364359328,2.5204769262862228,0.0559584380731053
1642,2.6117663616231703,2.583468392061737,0.028297969561433156
1643,2.7451360990349647,2.716894232848346,0.028241866186618836
1644,2.633889474657154,2.5691241751806193,0.06476529947653464
1645,2.746276919496086,2.709325315184039,0.036951604312046804
1646,2.9016288967054815,2.9233674919132846,-0.02173859520780308
1647,2.758140368450234,2.729443195044403,0.028697173405830778
1648,2.7106675948385655,2.7045335073692183,0.0061340874693471825
1649,2.6178026204756506,2.5564408323454475,0.0613617881302031
1650,2.5939571994012605,2.538502502455503,0.055454696945757664
1651,2.520857227034829,2.464176750137403,0.05668047689742606
1652,2.6903176973255682,2.644937827776213,0.045379869549355245
1653,2.7780845793961446,2.787603480731212,-0.009518901335067387
1654,2.7219071946540243,2.6927652910103443,0.029141903643679967
1655,2.8420565708710948,2.847191361853705,-0.005134790982610049
1656,2.5305858836033437,2.467351242862981,0.06323464074036256
1657,2.4922684637825157,2.427537783955561,0.06473067982695468
1658,2.7745573822520293,2.744008765625303,0.030548616626726144
1659,2.7775666207715712,2.7441526773575737,0.033413943413997504
1660,2.6549777739084655,2.622534808284322,0.032442965624143394
1661,2.569659143500057,2.517001458888152,0.0526576846119049
1662,2.700789149340726,2.666218723145101,0.034570426195625004
1663,2.547035971720339,2.4959294223481416,0.051106549372197385
1664,2.6807735550935248,2.646158963979009,0.034614591114515925
1665,2.646401019198068,2.5826740950979334,0.06372692410013459
1666,2.5576918968498097,2.506435579527567,0.05125631732224267
1667,2.6290486249510265,2.5913227254477915,0.037725899503235016
1668,2.7122783176545173,2.6945270133461054,0.017751304308411875
1669,2.836344507982775,2.8196215800223814,0.01672292796039354
1670,2.6194764451050827,2.5610350991584325,0.05844134594665018
1671,2.7717435478762202,2.763215420966082,0.008528126910138045
1672,2.742449778563208,2.7100614543675623,0.032388324195645524
1673,2.6262855187279204,2.572327531635407,0.05395798709251354
1674,2.651528494987786,2.6086290452507894,0.042899449736996775
1675,2.607660434609527,2.5579438181518497,0.04971661645767744
1676,2.9656651016981947,2.993971465003503,-0.028306363305308224
1677,2.700247421639173,2.6793880012786393,0.020859420360533676
1678,2.691179973189496,2.656026476647844,0.03515349654165201
1679,2.6629796758948023,2.633645779784543,0.02933389611025916
1680,2.554089133398744,2.4926169129274163,0.06147222047132761
1681,2.7447403389264973,2.719696416271037,0.025043922655460182
1682,2.640489348264857,2.5836143366766327,0.05687501158822439
1683,2.6396067298494184,2.5860666353094617,0.05354009453995667
1684,2.5516862380065035,2.4994253390522045,0.05226089895429897
1685,2.6487484936345687,2.620530024123944,0.028218469510624455
1686,2.7559039405980488,2.73039707588266,0.025506864715388655
1687,2.650943427157663,2.6084453646560455,0.04249806250161736
1688,2.6586428643386895,2.6165680400506153,0.042074824288074186
1689,2.619463476644872,2.5790191064750294,0.0404443701698427
1690,2.9242029000746603,2.9577660705453033,-0.033563170470642945
1691,2.671250572910507,2.6317427649734335,0.03950780793707365
1692,2.6220708201323006,2.5656943360420517,0.05637648409024898
1693,2.6013758517226524,2.551281876045042,0.0500939756776102
1694,2.802664076215724,2.7944035090947557,0.008260567120968343
1695,2.6791578592516094,2.6441873929034148,0.03497046634819467
1696,2.8509175996285467,2.850818140299873,9.945932867383434e-05
1697,2.6536411245091522,2.6207581995592797,0.03288292494987255
1698,2.7526230522222246,2.730947294072641,0.021675758149583668
1699,2.7101894630407863,2.6696324447295887,0.04055701831119762
1700,2.6374099447026538,2.588912002676691,0.048497942025962804
1701,2.5421920279988575,2.478500658225254,0.06369136977360368
1702,2.773414584890766,2.7496381337991727,0.02377645109159321
1703,2.5741525852228495,2.5229531576946975,0.051199427528151986
1704,2.7005195218033324,2.6748004977243323,0.025719024079000175
1705,2.9261984296929198,2.9474636224349404,-0.021265192742020655
1706,2.772725148818791,2.740216175571278,0.032508973247512785
1707,2.8419943209198784,2.832553403015537,0.00944091790434154
1708,2.6297064742321576,2.5746951613646467,0.05501131286751093
1709,2.8673461759386343,2.8788030171561716,-0.011456841217537317
1710,2.6786244819243064,2.643432820166409,0.03519166175789756
1711,2.8302895851354553,2.826829648066914,0.0034599370685413078
1712,2.586364421423999,2.535287735487815,0.051076685936183974
1713,2.615724697893476,2.5722774151703,0.043447282723175995
1714,2.835948455869099,2.8273986276782637,0.008549828190835385
1715,2.7731816305259485,2.75893761989769,0.014244010628258419
1716,2.7139454032314756,2.6829516161965126,0.030993787034963027
1717,2.6648749210003153,2.6198506041423917,0.04502431685792363
1718,2.8214083065908873,2.83022701361887,-0.008818707027982597
1719,2.6785438347459394,2.6326124807455704,0.04593135400036896
1720,2.5416841705084394,2.5023896516485316,0.03929451885990787
1721,2.570628881430265,2.5191374940103928,0.05149138741987214
1722,2.669573944670848,2.6222453402672103,0.04732860440363762
1723,2.663415384608073,2.618521853426813,0.04489353118125994
1724,2.5868366107251246,2.547772768727853,0.03906384199727153
1725,2.7650266003199446,2.746572576401497,0.018454023918447415
1726,2.608609827909212,2.5585593817912007,0.05005044611801113
1727,2.6048692473563193,2.5708726493500236,0.03399659800629573
1728,2.765417493868453,2.7473282091725175,0.018089284695935515
1729,2.6161229250709677,2.569680082928162,0.046442842142805585
1730,2.8138770780698095,2.7948451639668646,0.019031914102944913
1731,2.6780491203198897,2.6399431797765924,0.0381059405432973
1732,2.6275269631062983,2.6026559329923376,0.024871030113960746
1733,2.6513853324014285,2.595725209171462,0.055660123229966274
1734,2.536423577573067,2.488089578079959,0.04833399949310779
1735,2.6494902622247243,2.602491383121067,0.0469988791036573
1736,2.594339079927073,2.5520767516867333,0.04226232824033982
1737,2.619512889566418,2.576583996470371,0.042928893096047194
1738,2.694961246792172,2.6623198282303266,0.03264141856184555
1739,2.71486856607813,2.680004811392305,0.03486375468582503
1740,2.5578133960046894,2.4944111426757862,0.06340225332890315
1741,2.738823318155101,2.7232872002487545,0.015536117906346458
1742,2.6396949720838787,2.5813438897234793,0.05835108236039943
1743,2.583486400096005,2.535979281573246,0.04750711852275913
1744,2.5793414506506904,2.5156846667508894,0.063656783899801
1745,2.753592053720022,2.749037836486439,0.004554217233582847
1746,2.6484098135956824,2.598923054671515,0.04948675892416743
1747,2.7121804040218103,2.688586126419413,0.023594277602397185
1748,2.6086649305237968,2.545788954109461,0.06287597641433562
1749,2.858842573846701,2.860238226537091,-0.0013956526903902144
1750,2.822703695257776,2.843166640746545,-0.020462945488768813
1751,2.759865502046234,2.7405440384548805,0.01932146359135345
1752,2.5844745954363866,2.5388032849567326,0.045671310479654004
1753,2.5923202777386,2.5331998507109157,0.059120427027684386
1754,2.672086059535238,2.625478612206204,0.04660744732903366
1755,2.6189352113910336,2.5630112568477026,0.05592395454333099
1756,2.821987811263223,2.8423663270893704,-0.02037851582614758
1757,2.6886442371279764,2.636707733941202,0.05193650318677445
1758,2.624108590331565,2.5900845627692966,0.03402402756226852
1759,2.5842345178579627,2.5201185257259344,0.06411599213202823
1760,2.615917489871884,2.55560181796698,0.060315671904903834
1761,2.6214101805358445,2.587213836907259,0.0341963436285857
1762,2.630973949089777,2.590270985585796,0.04070296350398106
1763,2.9021427232504395,2.9118898161309383,-0.009747092880498798
1764,2.6340278089678466,2.608347101488155,0.025680707479691645
1765,2.7118392637415734,2.667978251077169,0.04386101266440434
1766,2.5997279745067488,2.532422714704721,0.06730525980202762
1767,2.5915131678040377,2.528450768764988,0.06306239903904975
1768,2.772557418033722,2.7665570199364744,0.006000398097247395
1769,2.814341139564853,2.8082278045045874,0.00611333506026579
1770,2.5019935005722718,2.431859330350321,0.07013417022195068
1771,2.5761818333057147,2.5113790803246427,0.06480275298107196
1772,3.0057152797116617,3.0680871415298983,-0.06237186181823651
1773,2.512722158835698,2.4576331634916206,0.05508899534407741
1774,2.789006611628064,2.751064110996834,0.03794250063122995
1775,2.7561375652721556,2.7346108402103315,0.02152672506182407
1776,2.5697977025949426,2.5264018149498404,0.04339588764510216
1777,2.6770912778139775,2.6527423384721,0.02434893934187743
1778,2.6178774825405977,2.5780265656126216,0.039850916927976154
1779,2.9172704774215115,2.9348016906997345,-0.017531213278223046
1780,2.875041183829103,2.892368258119494,-0.017327074290391042
1781,2.5928129778063917,2.535953898319791,0.05685907948660063
1782,2.815553388380676,2.84030242335852,-0.024749034977844087
1783,2.667878042836467,2.617281229345815,0.050596813490651815
1784,2.820120334458131,2.8251467074797207,-0.005026373021589592
1785,2.5656403494038615,2.499326097509571,0.06631425189429052
1786,2.6565946700236975,2.6269919995586273,0.029602670465070258
1787,2.673683163842663,2.6622912597815067,0.01139190406115631
1788,2.5491170250652933,2.485111627517672,0.06400539754762136
1789,2.6946543825589693,2.657075665327208,0.03757871723176143
1790,2.6129443891640602,2.577687946924433,0.035256442239627095
1791,2.602562957260237,2.533676349758166,0.06888660750207132
1792,2.5867945285409504,2.536040969804309,0.050753558736641224
1793,2.63145988754537,2.5823837111661385,0.04907617637923156
1794,2.546368055358406,2.498620867538163,0.04774718782024312
1795,2.6094592574449025,2.5606526802566068,0.04880657718829573
1796,2.633630407884078,2.5890934883308554,0.04453691955322281
1797,2.738767882785499,2.7257864276882358,0.012981455097263339
1798,2.583917202376461,2.530412598417152,0.053504603959309005
1799,2.6288527937134907,2.606755223267593,0.022097570445897663
1800,2.950330672793733,2.9636016798084714,-0.0132710070147386
1801,2.8081203787734283,2.7901531634878283,0.01796721528560008
1802,2.7936491152061946,2.7795984597426404,0.014050655463554218
1803,2.639428078134203,2.5909003462742,0.048527731860003254
1804,2.72776931453411,2.7085011668005428,0.019268147733567442
1805,2.671702313921341,2.626789853583884,0.044912460337457105
1806,2.806077659147426,2.8009734764884087,0.005104182659017464
1807,2.8490838365124183,2.8477312560206762,0.001352580491742028
1808,2.6710696160725895,2.6280947203649894,0.04297489570760016
1809,2.8032086568887378,2.801604296391263,0.0016043604974749215
1810,2.885736747269649,2.887609205846536,-0.001872458576887226
1811,2.780666163693738,2.770266779374903,0.010399384318835025
1812,2.742496549607681,2.724443515811465,0.018053033796216145
1813,2.647117127568654,2.6114473004243957,0.03566982714425837
1814,2.6750230057701105,2.6568348666359296,0.018188139134180936
1815,2.795954141205366,2.764252166129725,0.0317019750756411
1816,2.663422353733926,2.631633682438851,0.03178867129507479
1817,2.6073069966856495,2.5489760125559493,0.05833098412970017
1818,2.672483757070631,2.6349338255589427,0.03754993151168806
1819,2.93419146845067,2.935740824040169,-0.0015493555894989797
1820,2.6041074532855166,2.5474220231607028,0.05668543012481386
1821,2.7400893819972034,2.7080809425957972,0.032008439401406186
1822,2.7683834217285934,2.7764555249612224,-0.008072103232628969
1823,2.6934772379715426,2.667554226107463,0.025923011864079637
1824,2.640781707100231,2.5873645178361597,0.05341718926407113
1825,2.726253924395536,2.7103221652957057,0.015931759099830245
1826,2.6223047610312524,2.5706469043889917,0.05165785664226075
1827,2.765312991804652,2.7439565867233826,0.021356405081269347
1828,2.6643711224115227,2.6321097035120125,0.032261418899510286
1829,2.704468011360812,2.666429192909035,0.038038818451777257
1830,2.5366071927651106,2.4858296958494415,0.05077749691566913
1831,2.557721804493494,2.4931293230123135,0.06459248148118046
1832,2.9464372209754006,2.9482692851443413,-0.0018320641689406614
1833,2.6875596623740985,2.666855183265818,0.020704479108280438
1834,2.7359329870191114,2.7267852775288266,0.009147709490284761
1835,2.871095135898829,2.888626021278978,-0.01753088538014902
1836,2.541782409692781,2.4931562067299637,0.04862620296281728
1837,2.6311540515780707,2.582533816109959,0.04862023546811178
1838,2.6316900602917515,2.599872759859033,0.031817300432718465
1839,2.593004930176041,2.5482390732842926,0.04476585689174861
1840,2.691907401682042,2.653244703107505,0.03866269857453686
1841,2.650988592390982,2.6144148229871056,0.036573769403876355
1842,2.713263182819598,2.694787714856003,0.018475467963595005
1843,2.7755700195002375,2.7619119483663925,0.013658071133844985
1844,2.5604042072059814,2.4958625468335693,0.06454166037241205
1845,2.8823206024407675,2.8663255195760993,0.01599508286466822
1846,2.63241514479405,2.5897798863614954,0.04263525843255467
1847,2.6306160893613066,2.603837018679093,0.026779070682213746
1848,2.642901054797108,2.595242202984688,0.04765885181241991
1849,2.598823653961495,2.5406328961822338,0.058190757779261304
1850,2.662061359129694,2.616539263092054,0.045522096037640125
1851,2.5477292777510994,2.4864682440836567,0.06126103366744262
1852,2.6995587406412813,2.6482504254217556,0.051308315219525724
1853,2.5841238853638617,2.533693100605741,0.050430784758120684
1854,2.7590459749138394,2.7314274501913935,0.02761852472244586
1855,2.691740869202494,2.655521914296359,0.036218954906134915
1856,2.703921875938022,2.660530971700882,0.04339090423713987
1857,2.6234762441226924,2.574701572596135,0.048774671526557345
1858,2.751563236220332,2.719159306867393,0.03240392935293901
1859,2.6918654119981045,2.645092152483051,0.0467732595150534
1860,2.699043455718855,2.6528367543344697,0.04620670138438543
1861,2.6751853255452165,2.628584150748775,0.04660117479644166
1862,2.5437558882747244,2.4832081244758784,0.06054776379884608
1863,2.5035419780157335,2.4397390193435786,0.06380295867215491
1864,2.768101268042245,2.7697019028715775,-0.0016006348293324812
1865,2.7528786041728304,2.7169042523279003,0.03597435184493003
1866,2.629957805766453,2.5814374655614656,0.04852034020498763
1867,2.641984468452172,2.5812590995954823,0.060725368856689776
1868,2.700851124805427,2.6757795536430797,0.02507157116234726
1869,2.58538566425069,2.526838332137666,0.0585473321130241
1870,2.619012803745954,2.577635586156213,0.04137721758974111
1871,2.8137545813154103,2.7994302540938927,0.014324327221517663
1872,2.608492390508268,2.545841164674137,0.06265122583413119
1873,2.4944525703520246,2.425529572752741,0.06892299759928378
1874,2.7098438897908155,2.679553298355263,0.03029059143555246
1875,2.6807364388807926,2.6314075324896957,0.04932890639109688
1876,2.568747826877982,2.5076141874278717,0.06113363945011052
1877,2.5772526049853917,2.5065010842158006,0.07075152076959101
1878,2.5131588233150475,2.4394882706004264,0.07367055271462108
1879,2.6367696398591836,2.5987458105047003,0.03802382935448323
1880,2.667753805259202,2.618687271705669,0.04906653355353274
1881,2.6970289180495026,2.681230351148589,0.015798566900913524
1882,2.8097372439604977,2.7961118475230515,0.013625396437446202
1883,2.749584247200527,2.738498403929075,0.011085843271452234
1884,2.625513428383048,2.5794700866425946,0.046043341740453325
1885,2.7996095024845937,2.779788142476412,0.0198213600081818
1886,2.6055183823086767,2.559199104361243,0.04631927794743351
1887,2.6913327151450104,2.649437409312791,0.04189530583221934
1888,2.666410603529783,2.646303827028521,0.020106776501262136
1889,2.6314887459874177,2.583957252185773,0.047531493801644675
1890,2.7890541508557924,2.7556346093788373,0.03341954147695514
1891,2.776095800020126,2.760563447336303,0.015532352683822914
1892,2.8250884963720146,2.827132001292009,-0.0020435049199942767
1893,2.6177118261964565,2.5603395317602335,0.05737229443622294
1894,2.809787429186833,2.8063131031314925,0.003474326055340704
1895,2.6527106405437575,2.6105356533082205,0.04217498723553703
1896,2.5527039724330343,2.5023438074418998,0.05036016499113449
1897,2.620584334832502,2.56392934466377,0.05665499016873232
1898,2.696005459038447,2.677309899328776,0.01869555970967074
1899,2.7865769259456434,2.7941337482865696,-0.007556822340926139
1900,2.771342765964443,2.760525675657108,0.010817090307335242
1901,2.704072115584448,2.678821165482236,0.02525095010221179
1902,2.9548406464336465,2.970850067793183,-0.016009421359536535
1903,2.5669739310301574,2.4991765587456425,0.06779737228451488
1904,2.6356390666641167,2.5777097394981756,0.057929327165941125
1905,2.691958478957705,2.6340906771666934,0.0578678017910117
1906,2.7471227113172403,2.720787900588088,0.026334810729152114
1907,2.707617390006836,2.664292446613129,0.043324943393707294
1908,2.620579909416425,2.5672514760783374,0.05332843333808768
1909,2.747585858560227,2.7179760421390182,0.029609816421208635
1910,2.715546227593625,2.6874435131869916,0.028102714406633478
1911,2.704575052736237,2.694569451596123,0.010005601140113729
1912,2.768691821635983,2.7418404454876417,0.0268513761483411
1913,2.634317317482674,2.584666897663626,0.049650419819048164
1914,2.577600062797799,2.5166037010498337,0.06099636174796519
1915,2.634078350693051,2.5956023624570843,0.038475988235966874
1916,2.7696152297673002,2.764474676475051,0.0051405532922492725
1917,2.724796862096074,2.690570679909875,0.034226182186198884
1918,2.9056520115865934,2.908461292060091,-0.0028092804734978216
1919,2.790207801116525,2.7783778229554796,0.011829978161045585
1920,2.6747623261786386,2.640691538080795,0.034070788097843696
1921,2.6139812499644406,2.569227512385476,0.044753737578964614
1922,2.5145523336339632,2.4445918232643398,0.06996051036962347
1923,2.6486462238793,2.595715596164884,0.05293062771441592
1924,2.7483219780693524,2.7153167890838343,0.033005188985518075
1925,2.6458505496324243,2.5972746167440093,0.048575932888415
1926,2.705472773861183,2.679147003265742,0.026325770595441167
1927,2.635464729966239,2.575227101643727,0.06023762832251167
1928,2.6950022086172436,2.6662865716251525,0.02871563699209112
1929,2.6250470767230496,2.5754818853161585,0.049565191406891085
1930,2.6778559200767345,2.6320457669500263,0.04581015312670811
1931,2.779411219509288,2.7316877367964727,0.04772348271281546
1932,2.7860868374498566,2.7729208874235614,0.013165950026295281
1933,2.5602932812465666,2.501607074961926,0.05868620628464072
1934,2.792831250221959,2.796857939355638,-0.0040266891336786514
1935,2.683811446099732,2.646380453247356,0.03743099285237639
1936,2.683829157077631,2.6292468707636876,0.05458228631394357
1937,2.839864805374993,2.822711950643123,0.017152854731870004
1938,2.6345092221245547,2.5975888081648484,0.036920413959706355
1939,2.54731081638816,2.491532366940384,0.05577844944777599
1940,2.589540991080139,2.5472475880790233,0.042293403001115504
1941,2.658458849203682,2.625843916165269,0.0326149330384129
1942,2.5814509231590606,2.5247030755782163,0.05674784758084428
1943,2.5898942696591942,2.5368075021957215,0.05308676746347274
1944,2.7147685182243055,2.6824486335709135,0.032319884653392084
1945,2.645197696800743,2.6170494983326127,0.028148198468130214
1946,2.630013963684779,2.5864279911094665,0.04358597257531249
1947,2.598247828914244,2.537913412306289,0.06033441660795491
1948,2.6079722251460806,2.5644851739293584,0.04348705121672225
1949,2.5455715606678875,2.4840060041626786,0.061565556505208896
1950,2.6797997312978903,2.631240981226845,0.048558750071045154
1951,2.670938401354595,2.6454899896439823,0.02544841171061263
1952,2.7265583308435333,2.6952319013941013,0.03132642944943198
1953,2.5879097942257254,2.5283249609318346,0.05958483329389086
1954,2.653618898336878,2.6249446219318924,0.028674276404985655
1955,2.7263740466694864,2.6890768003026886,0.037297246366797765
1956,2.7138244356492423,2.6939789621868204,0.019845473462421825
1957,2.6045092371787124,2.552976960769026,0.051532276409686606
1958,2.793545227942623,2.7819259301886623,0.011619297753960645
1959,2.6967189965441793,2.6758739866816104,0.020845009862568986
1960,2.8970399454676254,2.921102081538284,-0.024062136070658546
1961,2.7490438813392717,2.739436375835858,0.009607505503413716
1962,2.719192534631236,2.671145211000113,0.04804732363112274
1963,3.0955912487571986,3.1969494272195913,-0.1013581784623927
1964,2.727545467135285,2.7227163583097136,0.004829108825571193
1965,2.7101342262232584,2.6693304818567403,0.040803744366518124
1966,2.753319189077119,2.7234018469608534,0.029917342116265733
1967,2.9373650197583685,2.966209822769861,-0.02884480301149228
1968,2.6396206564603193,2.6022608612701994,0.03735979519011989
1969,2.8948160939060004,2.9099981897862617,-0.015182095880261315
1970,2.7143999146115543,2.678613602505426,0.03578631210612837
1971,2.653335440743967,2.609231755554717,0.04410368518925001
1972,2.607663583910116,2.5651787861838975,0.04248479772621838
1973,2.6666819057053277,2.6185993400314542,0.04808256567387348
1974,2.657187454940291,2.624239230087932,0.032948224852359154
1975,2.6319829082816217,2.578486073379157,0.05349683490246493
1976,2.643011531055665,2.6001618842319734,0.042849646823691856
1977,2.7068319510176875,2.670593650076015,0.03623830094167246
1978,2.7144518026203497,2.686805745010537,0.027646057609812758
1979,2.664175732907489,2.637004168400155,0.027171564507334267
1980,2.782505078128595,2.7870536888235242,-0.004548610694929067
1981,2.8542093856559494,2.8608999426296644,-0.006690556973715012
1982,2.82215677937042,2.8207326628364933,0.0014241165339266004
1983,2.6894442117085946,2.661630500472664,0.027813711235930683
1984,2.6816808384299997,2.648480387551355,0.03320045087864454
1985,2.541834823727938,2.483876764596737,0.057958059131201
1986,2.6088639014911053,2.5590283777052942,0.04983552378581102
1987,2.804620824180989,2.783888717124106,0.02073210705688311
1988,2.7672760735585697,2.741587727586641,0.025688345971928594
1989,2.7108589383182955,2.6865131122873027,0.02434582603099278
1990,2.6921444428807626,2.6602680016509086,0.031876441229854
1991,2.8016977940277026,2.7895916490767023,0.012106144951000264
1992,2.745786765390489,2.729653028325889,0.016133737064599973
1993,2.639933881643044,2.59601548034227,0.04391840130077407
1994,2.6911389369462206,2.658994426880909,0.03214451006531149
1995,2.8337156666943164,2.8187956156594467,0.014920051034869708
1996,2.5369540875921155,2.486998561522631,0.04995552606948461
1997,2.717652443159372,2.6695404250961507,0.048112018063221296
1998,2.6695773910958387,2.629212522708413,0.04036486838742581
1999,2.69281665124491,2.668196625512227,0.02462002573268318
2000,2.719286704374057,2.688217910932406,0.031068793441651366
2001,2.601606534693293,2.5626277171168654,0.03897881757642763
2002,2.6112898860362552,2.552680110292719,0.05860977574353621
2003,2.803283575357281,2.8194092937006148,-0.016125718343333872
2004,2.7383213373048827,2.725150370483311,0.013170966821571817
2005,2.7768026278122475,2.775797876832325,0.0010047509799226972
2006,2.7359671166650052,2.72228954659736,0.013677570067645028
2007,2.703133519283853,2.6752014019088914,0.027932117374961596
2008,2.737040504945179,2.729829722071411,0.0072107828737677515
2009,2.6291934534752257,2.580002541403028,0.04919091207219761
2010,2.7214991686920764,2.6943001663223125,0.027199002369763914
2011,2.6622809842692297,2.6076491099478005,0.05463187432142913
2012,2.746814736115625,2.703959599336813,0.04285513677881214
2013,2.825749098518591,2.8285578334621446,-0.0028087349435534925
2014,2.7755594866393607,2.764789964194801,0.010769522444559865
2015,2.6126517038082433,2.574913863569708,0.0377378402385351
2016,2.6594949732099304,2.6102875062363444,0.04920746697358602
2017,2.797852197810171,2.7725559877427286,0.025296210067442537
2018,2.762688488342768,2.7582202549297365,0.004468233413031264
2019,2.930033690285119,2.994232960190013,-0.06419926990489389
2020,2.692911311422138,2.6468265857827173,0.046084725639420565
2021,2.5110260492010177,2.45750219112627,0.053523858074747466
2022,2.6599370627825296,2.6215592115729294,0.038377851209600244
2023,2.5810715535029596,2.5212618361354617,0.05980971736749785
2024,2.637243681082762,2.587257044814023,0.049986636268739115
2025,2.5162200910130643,2.4552785089592613,0.06094158205380307
2026,2.6170712870046517,2.5657353884992977,0.05133589850535403
2027,2.6789036954815013,2.6439238943571945,0.034979801124306764
2028,2.610426428670276,2.5557105354718344,0.05471589319844172
2029,2.5304403845854475,2.4646562096068703,0.06578417497857725
2030,2.5404378726975954,2.4919548983956568,0.0484829743019386
2031,2.647554057015666,2.6118375770773166,0.035716479938349366
2032,2.8359728363420316,2.828207194178682,0.007765642163349629
2033,2.5269020290615782,2.462760187129774,0.06414184193180406
2034,2.896730594889334,2.903906318593454,-0.007175723704119896
2035,2.5883730180663482,2.543437685168585,0.0449353328977633
2036,2.61092967202811,2.552816070078255,0.05811360194985493
2037,2.575917717339711,2.5099556182259883,0.06596209911372286
2038,2.5307034650745766,2.4670068165089902,0.06369664856558632
2039,2.661609959793718,2.6102417241765092,0.051368235617208935
2040,2.696633811080393,2.6698240595629974,0.026809751517395508
2041,2.663477010025756,2.6145136410039806,0.04896336902177545
2042,2.7176915016358536,2.6722638651121824,0.04542763652367121
2043,2.6939983189076973,2.653820622608045,0.040177696299652066
2044,2.8160239549954493,2.8233531377299097,-0.007329182734460371
2045,2.5985144788169037,2.5557229442554235,0.042791534561480216
2046,2.7390500867648937,2.7196963274863233,0.019353759278570415
2047,2.6359771762229927,2.5779011649088375,0.058076011314155185
2048,2.6460229387743834,2.589688467637599,0.05633447113678436
2049,2.6852430691151894,2.6293899999540447,0.05585306916114474
2050,2.675888913534605,2.6373034059416574,0.03858550759294754
2051,2.6749535482076627,2.6395327021823425,0.03542084602532025
2052,2.6466949041840384,2.594236329739526,0.05245857444451252
2053,2.782816189764037,2.7705070985552145,0.012309091208822398
2054,2.748100179308898,2.706026775634585,0.04207340367431289
2055,2.546937501154201,2.5019358980487296,0.04500160310547141
2056,2.832261294122195,2.8295695560433662,0.0026917380788287204
2057,2.567040536448016,2.5131634732424692,0.05387706320554697
2058,2.7502472545363825,2.7305614533439937,0.01968580119238883
2059,2.7043866335425,2.6798235716895524,0.024563061852947765
2060,2.6467793031513707,2.6083972102791066,0.03838209287226402
2061,2.577033500891605,2.5326012942906053,0.04443220660099989
2062,2.6749523350186966,2.6419492935308186,0.033003041487877915
2063,2.766329605810721,2.7423567330022354,0.02397287280848559
2064,2.9699301836738847,3.005010014112708,-0.03507983043882312
2065,2.632221944627119,2.5931720415403854,0.03904990308673373
2066,2.6157359828314397,2.564625651996177,0.05111033083526273
2067,2.6842076512745856,2.647370194866538,0.036837456408047586
2068,2.6858793639144447,2.6524113343245377,0.03346802958990702
2069,2.858900491427543,2.8800671244347757,-0.02116663300723287
2070,2.7847206243302876,2.7753438278836655,0.009376796446622038
2071,2.7148694717571993,2.671318668825069,0.04355080293213032
2072,2.6411953388775333,2.5849204031190416,0.05627493575849174
2073,2.531440602968736,2.469882161348229,0.061558441620507054
2074,2.602238961400834,2.5673460771830863,0.03489288421774761
2075,2.7150930520762557,2.6826465337106438,0.032446518365611965
2076,2.536259047187002,2.479831599846039,0.056427447340963166
2077,2.6487922011799125,2.611441783109461,0.037350418070451585
2078,2.6777464905268755,2.624744343497647,0.05300214702922856
2079,2.7479320578124153,2.7022612326993816,0.045670825113033775
2080,2.7283935025391104,2.688677651530865,0.03971585100824537
2081,2.6013300981066916,2.5556132795907094,0.045716818515982194
2082,2.6117219786798813,2.55443750235074,0.05728447632914113
2083,2.705116310116552,2.709171831997217,-0.004055521880665047
2084,2.558362024560202,2.501714262254278,0.056647762305924054
2085,2.5716608734309148,2.5201658127693953,0.05149506066151943
2086,2.71802816365851,2.707261325549264,0.01076683810924628
2087,2.7117059523190608,2.6693437832956195,0.042362169023441254
2088,2.594527724760151,2.537026931773553,0.057500792986597826
2089,2.8209178283281093,2.7985085705049935,0.02240925782311587
2090,2.7605274072246218,2.747729543858967,0.012797863365654916
2091,2.6153568101268974,2.5613375769050255,0.054019233221871854
2092,2.5700703585429165,2.5085460175314283,0.06152434101148829
2093,2.7257817457519495,2.6989727352874597,0.026809010464489802
2094,2.620170104269177,2.569335468029682,0.05083463623949536
2095,2.4997116345997976,2.439187625734943,0.06052400886485465
2096,2.7626006087201103,2.7400002278268323,0.022600380893277983
2097,2.8526066281849816,2.8428048609896854,0.00980176719529613
2098,2.6609041385793093,2.621960212425735,0.03894392615357445
2099,2.829421387197026,2.805433099727719,0.023988287469307146
2100,2.5251019516643955,2.462760918395325,0.06234103326907059
2101,2.8034673707685505,2.7870106129788916,0.016456757789658827
2102,2.595371840972544,2.5438917152289657,0.05148012574357841
2103,2.804156307462032,2.7855551551135957,0.0186011523484364
2104,2.6436463120009814,2.603121202493037,0.040525109507944634
2105,2.626523115414849,2.584112899455209,0.042410215959639785
2106,2.6424391007161088,2.594564550399708,0.047874550316400644
2107,2.8584214936992756,2.823952986794788,0.03446850690448766
2108,2.6725717863373846,2.6464206002367807,0.02615118610060385
2109,2.863120222958244,2.871262524991441,-0.00814230203319699
2110,2.6332098427136135,2.5947141493766646,0.03849569333694891
2111,2.7792384249143582,2.7849661661660687,-0.005727741251710494
2112,2.586764808038382,2.5343357481438136,0.052429059894568475
2113,3.0863613019844567,3.147395460079425,-0.06103415809496848
2114,2.637999192500431,2.5846656732144044,0.053333519286026476
2115,2.64995752921948,2.6181440317812767,0.031813497438203164
2116,2.584806024704472,2.526397238842763,0.058408785861709056
2117,2.7148948241260755,2.677919258308146,0.03697556581792938
2118,2.593448487539667,2.532587201783707,0.06086128575595984
2119,2.6648160990724934,2.641817877773094,0.022998221299399546
2120,2.732759644594405,2.7323485927881572,0.0004110518062478974
2121,2.7132946090729995,2.685703010283346,0.02759159878965356
2122,2.610843730419209,2.565253272481146,0.04559045793806327
2123,2.8609621158783045,2.8424458702332256,0.01851624564507892
2124,2.619154892969985,2.5595913948570983,0.05956349811288675
2125,2.5932277494828164,2.5346698638822653,0.058557885600551085
2126,2.6183926230713985,2.5781248429432866,0.04026778012811194
2127,2.7337828354398446,2.7192663777842854,0.0145164576555592
2128,2.665654987371292,2.639904620650917,0.025750366720374895
2129,2.706955929940955,2.699766592167766,0.007189337773189308
2130,2.7891895667653728,2.7808488023834945,0.008340764381878252
2131,2.603368430274171,2.559836242251956,0.043532188022215035
2132,2.600265880233755,2.5453522909637236,0.05491358927003143
2133,2.7381075616195543,2.6960795541298057,0.04202800748974855
2134,2.632345023314884,2.5864120335030827,0.045932989811801495
2135,2.654361008541329,2.6096696643485213,0.04469134419280785
2136,2.651144910300914,2.6052246160938837,0.045920294207030476
2137,2.741071656770854,2.7354724980200413,0.005599158750812627
2138,2.5768758080355156,2.53671207195345,0.04016373608206569
2139,2.6280164861728244,2.58454658278819,0.04346990338463419
2140,2.74235548309757,2.714950232793354,0.027405250304215922
2141,2.579404855331241,2.5257416824886336,0.053663172842607576
2142,2.80923602615278,2.7817804972920963,0.027455528860683476
2143,2.6124209477971343,2.563686481139907,0.04873446665722714
2144,2.834842239954543,2.867717168665735,-0.03287492871119202
2145,2.644494790803297,2.6008159506864637,0.04367884011683332
2146,2.611484456122082,2.5542081283788756,0.057276327743206235
2147,2.856510069654588,2.843099641413036,0.01341042824155192
2148,2.9006378004612445,2.899602595134795,0.0010352053264495176
2149,2.6115217010873124,2.556346709578912,0.05517499150840033
2150,2.740985864521024,2.7255003441730716,0.015485520347952253
2151,2.7899212265868556,2.7744592945270865,0.01546193205976909
2152,2.8735513937653567,2.9130410213911744,-0.03948962762581765
2153,2.5571604780123938,2.509744629643354,0.04741584836903989
2154,2.621034236308804,2.5816028749266193,0.039431361382184615
2155,2.6510765671802536,2.615119071294391,0.035957495885862834
2156,2.885990471304005,2.907198521924687,-0.021208050620681984
2157,2.6576177768314233,2.6105910503753083,0.04702672645611505
2158,2.816236703599514,2.797810854767582,0.01842584883193199
2159,2.764321076725903,2.744651180828998,0.019669895896905043
2160,2.7388963900051286,2.721615100016376,0.01728128998875267
2161,2.613094230603124,2.577184876173185,0.03590935442993892
2162,2.7330245192168747,2.695877685893478,0.037146833323396855
2163,2.6430609036758956,2.597990294793304,0.045070608882591845
2164,2.7188036743719666,2.6834252884059944,0.0353783859659722
2165,2.5055921134866224,2.433866131023632,0.07172598246299033
2166,2.6325924088881574,2.5945331356133035,0.03805927327485392
2167,2.667592046929498,2.626655978951576,0.04093606797792182
2168,2.5733954402510166,2.505236657187614,0.0681587830634025
2169,2.6817601179767703,2.658017380882516,0.02374273709425445
2170,2.7514017214533517,2.720860293333091,0.030541428120260505
2171,2.5607360095516443,2.5139506993997984,0.04678531015184584
2172,2.681249537586852,2.67424363884304,0.007005898743812189
2173,2.720576676411129,2.6976510088691787,0.022925667541950467
2174,2.810472531175944,2.801672045480304,0.00880048569564007
2175,2.61368471851941,2.5571874324536625,0.05649728606574733
2176,2.6655942511672306,2.6155438999089715,0.050050351258259074
2177,2.8140815887464443,2.8023900271417195,0.011691561604724843
2178,2.664085269965678,2.6240338886571024,0.04005138130857544
2179,2.846907281901977,2.838880775299212,0.00802650660276516
2180,2.609259387458787,2.550761888068431,0.0584974993903562
2181,2.609220390570094,2.5420057616270926,0.06721462894300156
2182,2.6281523169352523,2.5852711585928865,0.04288115834236583
2183,2.6153173762374475,2.5573650411235134,0.05795233511393416
2184,2.6612696033494587,2.616980423486254,0.0442891798632048
2185,2.825332787168629,2.818799930618365,0.006532856550264032
2186,2.575581185479978,2.524954289341561,0.05062689613841709
2187,2.7461232429110174,2.7296075008670324,0.016515742043984982
2188,2.611846302762483,2.567680019680713,0.044166283081770175
2189,2.6309318477190704,2.5927920848639334,0.03813976285513698
2190,2.712336314699229,2.69954216488375,0.012794149815479106
2191,2.524377848601614,2.466229113580745,0.05814873502086915
2192,2.651301391169109,2.6090275930829536,0.04227379808615517
2193,2.7025438333010934,2.6634447998810615,0.03909903342003185
2194,2.659053916046729,2.596956698131201,0.062097217915527914
2195,2.5975243640906496,2.539513964612663,0.058010399477986585
2196,2.490613795907662,2.426600931606584,0.06401286430107822
2197,2.5854232451232164,2.5186625945172922,0.06676065060592418
2198,2.8159890090954933,2.819209578335499,-0.0032205692400055774
2199,2.693139928026616,2.6853252938174528,0.007814634209163174
2200,2.8741189125658297,2.8903089727604443,-0.016190060194614553
2201,2.6820771873383107,2.6518530844376555,0.030224102900655136
2202,2.6925959711052045,2.6624280680542927,0.030167903050911882
2203,2.7406783354967215,2.692182183497314,0.04849615199940738
2204,2.718781474507201,2.7029057031472674,0.015875771359933566
2205,2.8467382016372436,2.835226212606617,0.01151198903062678
2206,2.6564153859845816,2.6029275088724226,0.053487877112158966
2207,2.5926770707439726,2.532441056862895,0.0602360138810778
2208,2.5660585432311223,2.507937164837226,0.058121378393896084
2209,2.862571771391763,2.8672282497345396,-0.004656478342776715
2210,2.8653967744405233,2.8973857941987298,-0.03198901975820645
2211,2.6210507206702047,2.5602954751598226,0.06075524551038214
2212,2.6574299265410017,2.6286119776629366,0.028817948878065103
2213,2.649193365306234,2.6249388172243786,0.024254548081855454
2214,2.791880100603151,2.7918253937699635,5.470683318753444e-05
2215,2.495012217059377,2.4188465039446276,0.07616571311474951
2216,2.7127644169301837,2.6757754705277517,0.036988946402432
2217,2.6914484476124216,2.65816618601561,0.03328226159681158
2218,2.7808395519998563,2.752445944069238,0.02839360793061818
2219,2.60477999534323,2.571758478308409,0.033021517034820924
2220,2.535442430482121,2.475565137157772,0.05987729332434899
2221,2.5898165519460936,2.5410276874676763,0.04878886447841735
2222,2.6473404356912553,2.593272752342847,0.05406768334840839
2223,2.507066938581826,2.436295856596444,0.07077108198538218
2224,2.8765439595762508,2.8518523075600393,0.024691652016211485
2225,2.710439068171503,2.673033588996169,0.03740547917533421
2226,2.6380840171751947,2.582952137285736,0.05513187988945889
2227,2.6857497503626813,2.647764754498576,0.0379849958641052
2228,2.9275966654263406,2.948938916494745,-0.021342251068404483
2229,2.5781566186607368,2.5104290934018323,0.06772752525890446
2230,2.7091711574292816,2.71223694713783,-0.0030657897085482055
2231,2.7045671760169014,2.6899233911142635,0.014643784902637957
2232,2.837833167530701,2.831991481345174,0.005841686185527273
2233,2.9308552119409232,2.947660412056486,-0.016805200115562968
2234,2.598028046369994,2.5501455880944586,0.04788245827553528
2235,2.684128636718258,2.6444665926605766,0.03966204405768137
2236,2.5452648456231457,2.483873750128085,0.06139109549506072
2237,2.615266426716847,2.5691783901273384,0.04608803658950844
2238,2.675254073194985,2.6299518771717643,0.04530219602322072
2239,2.5304971654715565,2.4717115486523,0.058785616819256425
2240,2.636741287957153,2.5911733871558136,0.045567900801339434
2241,2.735601746774934,2.700957072475809,0.034644674299124656
2242,2.6534410489058886,2.600784853517243,0.05265619538864552
2243,2.68417870355131,2.6503801594270926,0.033798544124217234
2244,2.707433541574792,2.6731522456080956,0.03428129596669649
2245,2.8404941526949408,2.825890475715587,0.014603676979353608
2246,2.750486022980987,2.737496689443526,0.012989333537460901
2247,2.7503155021956673,2.725421077984589,0.02489442421107846
2248,2.657928234962204,2.6041705590180646,0.05375767594413938
2249,2.836127430843156,2.844884629563465,-0.008757198720308779
2250,2.7033526839763606,2.6701158760993287,0.03323680787703198
2251,2.7428708216057553,2.7352442017215295,0.00762661988422586
2252,2.951998084708573,2.9774748363960812,-0.02547675168750807
2253,2.608764924343317,2.549064336439052,0.05970058790426469
2254,2.4893606003486153,2.4211865931572927,0.0681740071913226
2255,2.668958436596473,2.627510915611361,0.041447520985112174
2256,2.5815775491642285,2.524692511160952,0.05688503800327638
2257,2.790289152202833,2.789435925270411,0.0008532269324219577
2258,2.9024210622072344,2.9137911850375398,-0.011370122830305363
2259,2.658848450427647,2.6154886516225804,0.043359798805066685
2260,2.705590062078843,2.6861866971307014,0.019403364948141544
2261,2.524069784617366,2.4655597034462966,0.058510081171069483
2262,2.687953925782881,2.6498082599894066,0.038145665793474226
2263,2.6926805569949006,2.6570896416340544,0.03559091536084624
2264,2.61685210955565,2.557837644227959,0.059014465327690946
2265,2.771587776624077,2.751711405916889,0.019876370707188062
2266,2.5857174039222626,2.5400798584794586,0.04563754544280396
2267,2.6444484805345363,2.6087112442735627,0.03573723626097358
2268,2.8481504836337193,2.858868045996966,-0.010717562363246724
2269,2.666868938157839,2.6223590549142934,0.044509883243545545
2270,2.6314257327998365,2.6005562930042783,0.03086943979555823
2271,2.5934470884335874,2.5488487200272307,0.04459836840635667
2272,2.7011183851897,2.67034226039328,0.03077612479641978
2273,2.7349695881301828,2.7170727236969086,0.017896864433274207
2274,2.6570130925727504,2.610759602368476,0.046253490204274605
2275,2.614989210512802,2.5704035505166085,0.04458565999619335
2276,2.536553639984866,2.46761057488117,0.06894306510369619
2277,2.7283682870641153,2.6895800039892652,0.03878828307485005
2278,2.6444315145013113,2.602024042090077,0.04240747241123444
2279,2.6573776696749865,2.61044230435383,0.046935365321156386
2280,2.6974488846728555,2.659360534430002,0.03808835024285351
2281,2.6425838844324203,2.5986137107228413,0.04397017370957901
2282,2.865778834134106,2.877429554392915,-0.011650720258808978
2283,2.7569741620612613,2.73547428584401,0.021499876217251135
2284,2.7092573526319996,2.674058233021927,0.03519911961007249
2285,2.8333964386555346,2.850761909415483,-0.01736547075994821
2286,2.688959935141593,2.669275460261897,0.019684474879696268
2287,2.661436741706701,2.6369277439794203,0.024508997727280768
2288,2.613128786943819,2.569187240346425,0.04394154659739424
2289,2.5581155655278365,2.5057696705108565,0.05234589501697995
2290,2.655803652757476,2.631818969069027,0.023984683688449415
2291,2.544043829194074,2.4908840650438377,0.05315976415023638
2292,2.7939598859880883,2.796232584878082,-0.0022726988899934852
2293,2.563182114205951,2.5089620327627515,0.054220081443199675
2294,2.597246367280268,2.5295739880617263,0.06767237921854186
2295,2.741302221522525,2.7115329163862056,0.029769305136319257
2296,2.6460517938834642,2.6022303549843278,0.04382143889913648
2297,2.722199773301124,2.681167863196878,0.041031910104246005
2298,2.7574553802593615,2.7448273307724693,0.012628049486892223
2299,2.7495483966345455,2.726427517471547,0.02312087916299843
2300,2.5616649644731693,2.5042559493239764,0.05740901514919283
2301,2.5306149030629035,2.475239851195392,0.05537505186751135
2302,2.737789659498327,2.7206904454371643,0.01709921406116255
2303,2.6557808093182467,2.6086896427446087,0.04709116657363799
2304,2.6881092362411474,2.64567813360672,0.04243110263442729
2305,2.5839245259700485,2.5344028392374884,0.04952168673256008
2306,2.8170793506109324,2.843594413046573,-0.026515062435640502
2307,2.6464539043274122,2.5899642133890417,0.05648969093837053
2308,2.7551697597240956,2.737183879416801,0.017985880307294533
2309,2.6644990309436456,2.623080274774152,0.04141875616949342
2310,2.6288468421649616,2.578795897536785,0.05005094462817672
2311,2.5512126910398663,2.4811473540344116,0.0700653370054547
2312,2.547188348846533,2.476402589591041,0.07078575925549169
2313,2.769983009702241,2.7364379149860207,0.03354509471622036
2314,2.7323135042547384,2.7115956658322755,0.020717838422462886
2315,2.75897948089792,2.7418167404661715,0.017162740431748258
2316,2.6583617370755417,2.6110250970722517,0.047336640003289965
2317,3.014835192974609,3.0679324718732772,-0.05309727889866833
2318,2.7494046667230028,2.711105586896205,0.03829907982679792
2319,2.5918571556646337,2.5311285818458793,0.060728573818754406
2320,2.661804519272719,2.6275252311448387,0.03427928812788039
2321,2.6034139875166393,2.55772386200876,0.04569012550787921
2322,2.6770373226380566,2.6332912148524437,0.04374610778561294
2323,2.581290850531806,2.5246455365975975,0.05664531393420846
2324,2.638880527032932,2.6087938316941077,0.030086695338824132
2325,2.5669677990944955,2.514213618917017,0.05275418017747846
2326,2.7286760039234155,2.6761372898164635,0.05253871410695199
2327,2.6516402354396464,2.6029904785989,0.04864975684074624
2328,2.588558009255931,2.5261857007230257,0.06237230853290532
2329,2.54241051319916,2.482063288410164,0.06034722478899601
2330,2.7686722153958696,2.7492359432487548,0.019436272147114853
2331,2.809056349080977,2.786604202326493,0.022452146754484037
2332,2.7014479295198064,2.6665382445973176,0.034909684922488804
2333,2.668447989943476,2.6306924072830604,0.037755582660415676
2334,2.825552551731764,2.820994213854294,0.004558337877469842
2335,2.705802610998008,2.675202469955912,0.030600141042095963
2336,2.5931096890950442,2.544334240420625,0.04877544867441941
2337,2.9231000701393137,2.949619296926309,-0.026519226786995365
2338,2.7086078990787863,2.6799386077526464,0.028669291326139934
2339,2.8368811368213933,2.843911932343479,-0.007030795522085853
2340,2.707831925992744,2.6896401170512028,0.018191808941541154
2341,2.7762665237227417,2.7695182980308872,0.006748225691854515
2342,2.869970717581541,2.9058772736060714,-0.03590655602453019
2343,2.6840986514087897,2.652115563009511,0.03198308839927888
2344,2.808959044304264,2.8080521737635413,0.0009068705407226929
2345,2.6306597097462694,2.572207552688805,0.058452157057464316
2346,2.696756577922081,2.6607697418398173,0.03598683608226372
2347,2.678073474401764,2.6414658776261524,0.03660759677561165
2348,2.8464632974509003,2.855246781253576,-0.008783483802675462
2349,2.817355216767109,2.796107504620684,0.02124771214642518
2350,2.8583416227057072,2.8743864386539992,-0.01604481594829199
2351,2.711530611050716,2.689324281901621,0.022206329149094817
2352,2.719577390147062,2.6807431131724906,0.03883427697457131
2353,2.830827352512057,2.8203044207860124,0.010522931726044682
2354,2.689525752255672,2.6609334246612204,0.02859232759445174
2355,2.6438695755829404,2.591773650380072,0.05209592520286854
2356,2.64401910131513,2.592863532426724,0.05115556888840622
2357,2.703455396844322,2.662861444281767,0.040593952562554936
2358,2.6710445541650265,2.6135440067700446,0.057500547394981893
2359,2.7474163368886924,2.7388700550221596,0.008546281866532723
2360,2.7128596245510757,2.6889962835445194,0.023863341006556293
2361,2.6822148118236497,2.6512647641000138,0.030950047723635965
2362,2.649181906106949,2.6052906035451078,0.04389130256184126
2363,2.833928436629278,2.827186972109376,0.006741464519901985
2364,2.5916698864801524,2.522048085466339,0.06962180101381321
2365,2.8629503639894875,2.8605905538511953,0.0023598101382922287
2366,2.7114597605114072,2.6644533082201325,0.04700645229127476
2367,2.672109208110587,2.626022251273768,0.04608695683681896
2368,2.6226678219393795,2.582306237182551,0.040361584756828606
2369,2.540311599959823,2.467908783289287,0.07240281667053594
2370,2.6580139455259078,2.62352156723398,0.03449237829192775
2371,2.62721082133082,2.5711143506859813,0.0560964706448388
2372,2.590709818732905,2.5515314794540003,0.039178339278904684
2373,2.9871129049453815,3.047387647469088,-0.06027474252370668
2374,2.620736048242729,2.576965460864648,0.043770587378080705
2375,2.6786756708103607,2.660249241874416,0.018426428935944816
2376,2.582235269520067,2.516948484850326,0.06528678466974114
2377,2.727504455121046,2.7067926654971415,0.02071178962390441
2378,2.6820621543859167,2.6299147957175717,0.05214735866834497
2379,2.748779353687168,2.758853380880305,-0.010074027193136992
2380,2.7363566780797597,2.7213876956316185,0.014968982448141155
2381,2.641908951871274,2.6129798270086835,0.028929124862590694
2382,2.8012173323496143,2.80757440443076,-0.006357072081145443
2383,2.898278861399532,2.923953260856664,-0.02567439945713179
2384,2.6298747836690106,2.589579878230832,0.040294905438178485
2385,2.827929307003836,2.8121711222388233,0.01575818476501256
2386,2.5911525953640364,2.5361053929269377,0.05504720243709871
2387,2.7344717601477204,2.711294383926126,0.023177376221594326
2388,2.6671470772611037,2.636084452342694,0.03106262491840983
2389,2.5554245551723307,2.4886131786422827,0.06681137653004798
2390,2.6577914432495082,2.615813063369844,0.04197837987966402
2391,2.669673459820864,2.61999900384731,0.04967445597355402
2392,2.75622457212116,2.7241653723657726,0.03205919975538718
2393,2.4816914285537366,2.4188276208530173,0.06286380770071931
2394,2.6515672455762243,2.608112193094782,0.0434550524814421
2395,2.6838886326713767,2.645267271623276,0.038621361048100766
2396,2.9166359031060485,2.947841429699991,-0.0312055265939426
2397,2.735793691555645,2.7082416122542203,0.02755207930142456
2398,2.5387217798365724,2.4694086756761364,0.06931310416043601
2399,2.571676771775426,2.5147922627088195,0.05688450906660636
2400,2.7945898541702756,2.8043182234045587,-0.009728369234283107
2401,2.6300137703776953,2.59508209511012,0.03493167526757546
2402,2.707843406069704,2.677071920562617,0.030771485507087082
2403,2.567009704095325,2.512920406202998,0.05408929789232664
2404,2.6801453684852032,2.655609460715743,0.02453590776946024
2405,2.5151295400631484,2.455117397759575,0.060012142303573324
2406,2.7060876900565614,2.674273388207127,0.03181430184943457
2407,2.693935618144093,2.6499701908135838,0.04396542733050923
2408,2.5784259764000423,2.5118645661635366,0.06656141023650575
2409,2.6784604210242295,2.661242404921383,0.017218016102846345
2410,2.687433122173268,2.658241927062375,0.029191195110892743
2411,2.8121469679068856,2.8009992207468644,0.011147747160021204
2412,2.5940044299496043,2.5313848007585635,0.0626196291910408
2413,2.6778754620972083,2.648226707368558,0.02964875472865014
2414,2.6117389409265264,2.556135705919242,0.05560323500728437
2415,2.716668410583705,2.697392639640642,0.019275770943063097
2416,2.559895206766828,2.4884937693619666,0.07140143740486149
2417,2.6433776864203793,2.597598709355523,0.04577897706485645
2418,2.631654912483908,2.5791512272965633,0.05250368518734483
2419,2.709478937820673,2.6788652816232084,0.03061365619746459
2420,2.664227494761954,2.636510885294516,0.027716609467438147
2421,2.6847845510527337,2.6457962760280553,0.03898827502467839
2422,2.6758323952108167,2.6274142550994406,0.04841814011137613
2423,2.724988144412569,2.697851645294326,0.02713649911824323
2424,2.588989734280803,2.5262163302368057,0.06277340404399734
2425,2.588151309276681,2.5442888166697935,0.04386249260688757
2426,2.751788599838045,2.7388613140053897,0.012927285832655233
2427,2.731643521240274,2.696934225964177,0.03470929527609723
2428,2.4441112108740506,2.381521361190454,0.06258984968359638
2429,2.7204044768949327,2.686264378832286,0.03414009806264673
2430,2.575186880671061,2.511917999768917,0.063268880902144
2431,2.6266718840776226,2.5798325938662936,0.04683929021132904
2432,2.515403975811881,2.4524618014876847,0.06294217432419646
2433,2.8692416786789012,2.890380789680221,-0.021139111001319932
2434,2.734911986785386,2.7170152492626634,0.017896737522722805
2435,2.687838721830334,2.653554173900603,0.0342845479297309
2436,2.695473182452743,2.6549862730468585,0.0404869094058844
2437,2.810022897904515,2.8081940007037676,0.0018288972007476367
2438,2.6105079752709286,2.5668737389873884,0.04363423628354024
2439,2.5733334056309713,2.5203946170547273,0.05293878857624401
2440,2.6654994857647925,2.6168502100110604,0.04864927575373201
2441,2.5633350754817483,2.4989924205478173,0.06434265493393099
2442,2.7804198584388846,2.775670953805363,0.004748904633521622
2443,2.7182132547740285,2.7179987517215474,0.00021450305248116308
2444,2.6322870687210167,2.5872301055285676,0.04505696319244912
2445,2.707464804198328,2.690734858806706,0.016729945391621648
2446,2.7394592108535614,2.7164757773734296,0.022983433480131765
2447,2.6057611445721474,2.5531495510168445,0.05261159355530287
2448,2.6462632834430946,2.6049998167723047,0.04126346667078984
2449,2.6754005915829446,2.6375570617137285,0.03784352986921613
2450,2.6104344884193886,2.5607846510643273,0.049649837355061344
2451,2.8695450389527393,2.849037677009976,0.020507361942763147
2452,2.7298618731155115,2.6954393100136502,0.034422563101861314
2453,2.6906656148206203,2.6506265027020186,0.04003911211860167
2454,2.6108840140122656,2.5711587420776727,0.039725271934592854
2455,2.7725752217079287,2.7289783064860202,0.04359691522190845
2456,2.9184553496152055,2.944279836354768,-0.025824486739562502
2457,2.554873998005716,2.4868113363749265,0.06806266163078956
2458,2.566121893924214,2.5005580275387387,0.0655638663854754
2459,2.8387588878984853,2.853780860962568,-0.015021973064082594
2460,2.7297803668971468,2.6894294149332008,0.040350951963946
2461,2.5551245119836015,2.504766433328325,0.05035807865527664
2462,2.6570317958742544,2.6193514844302075,0.03768031144404693
2463,2.6647562926396926,2.6213571020256574,0.04339919061403519
2464,2.6186253260053305,2.568354655224527,0.050270670780803606
2465,2.774282578356791,2.7484572931693534,0.02582528518743743
2466,2.6981123953652943,2.659716589541232,0.038395805824062545
2467,2.646436314291494,2.6105674361505433,0.035868878140950855
2468,2.6477622360918014,2.589482717914086,0.058279518177715595
2469,2.681097113733133,2.648614472659196,0.032482641073936946
2470,2.8133071166444052,2.7853764915481953,0.027930625096209916
2471,2.536225732949512,2.4675815905075713,0.06864414244194084
2472,2.723533529440512,2.705054494212806,0.01847903522770622
2473,2.8178058870447473,2.800938555534368,0.016867331510379113
2474,2.5687390715270717,2.519173976024396,0.04956509550267585
2475,2.510129623856482,2.4400167916425923,0.07011283221388975
2476,2.644110477433395,2.580673184797794,0.06343729263560105
2477,2.6216262871332328,2.5632912239004986,0.058335063232734186
2478,2.515906382252318,2.4433832406016407,0.0725231416506773
2479,2.9862087699002595,3.0209938465510144,-0.03478507665075492
2480,2.743175513632306,2.7191068642269487,0.024068649405357245
2481,2.730733412394083,2.717340940010058,0.0133924723840253
2482,2.7476026653701675,2.706162947994578,0.0414397173755896
2483,2.6259358883500217,2.5821938939473243,0.043741994402697326
2484,2.6089461180878164,2.5627297667853886,0.04621635130242785
2485,2.699732890663668,2.6628184941322677,0.036914396531400495
2486,2.614995812875635,2.5575393233845634,0.05745648949107185
2487,2.7058610745805147,2.6660046518547604,0.03985642272575429
2488,2.631092125580799,2.5831332231636197,0.04795890241717915
2489,2.617936127357681,2.5693506358794616,0.048585491478219556
2490,2.6163172086483377,2.5554782293113547,0.06083897933698301
2491,2.6777605215290077,2.6390141870691717,0.038746334459835996
2492,2.7537000152893367,2.7415890182294196,0.012110997059917139
2493,2.649958829046266,2.6137927622922885,0.0361660667539776
2494,2.726740885029978,2.7228493842844856,0.0038915007454924933
2495,2.6140787890200157,2.562794035174725,0.05128475384529052
2496,2.544272561820893,2.485333627033447,0.05893893478744561
2497,2.6617727825795425,2.6056080431666673,0.05616473941287525
2498,2.606716419019121,2.5531812169472383,0.05353520207188289
2499,2.827729291039983,2.8316127672300886,-0.0038834761901056503
2500,2.6458798741836773,2.6152103218357143,0.03066955234796298
2501,2.8932068343399133,2.9034678274487242,-0.0102609931088109
2502,2.737442231103496,2.7207395999813606,0.016702631122135436
2503,2.9105311744658784,2.9203555477867376,-0.00982437332085917
2504,2.7822319831465023,2.775535309421521,0.006696673724981395
2505,2.8151280186947605,2.804113186897299,0.011014831797461433
2506,2.7424437868391998,2.7170898098127476,0.025353977026452146
2507,2.5302203499766045,2.476054922531228,0.05416542744537667
2508,2.698572153094752,2.6679438236155257,0.030628329479226224
2509,2.6201461098687084,2.573731000616076,0.04641510925263237
2510,2.616521083802272,2.5746271881787437,0.04189389562352819
2511,2.6325518858469565,2.582719913868657,0.04983197197829936
2512,2.5479937202032863,2.5002190361966012,0.04777468400668505
2513,2.6251417730714706,2.5619937160687196,0.06314805700275095
2514,2.672496627765132,2.6121205296978136,0.06037609806731847
2515,2.694319334934561,2.65169309833934,0.04262623659522102
2516,2.6845510152324628,2.6353023579964163,0.049248657236046434
2517,2.5093436306402555,2.452178595813454,0.05716503482680135
2518,2.7346056555087213,2.6919843664403147,0.042621289068406565
2519,2.653992670902624,2.60775750411041,0.04623516679221362
2520,2.6575640082128915,2.6269740801200383,0.030589928092853214
2521,2.8244540554142494,2.8292281621566784,-0.004774106742428952
2522,2.7047562609473315,2.6502484565307127,0.05450780441661873
2523,2.73506375754065,2.6928409890039244,0.042222768536725575
2524,2.718370073441413,2.690467038206799,0.027903035234614126
2525,2.7174624475817404,2.6835574813631906,0.03390496621854977
2526,2.7310701768548262,2.6874106499536126,0.04365952690121366
2527,2.8630100680056305,2.8581159816244557,0.004894086381174834
2528,2.8275147121918343,2.812175476282371,0.015339235909463067
2529,2.750897020732421,2.7133707924879245,0.03752622824449636
2530,2.8336727505797796,2.835706104946358,-0.002033354366578255
2531,2.7743498116272565,2.7277190047024757,0.04663080692478072
2532,2.6172044917561643,2.5803351013075555,0.03686939044860882
2533,2.698980265912214,2.6675260672731613,0.031454198639052855
2534,2.768447267175567,2.759416189458455,0.00903107771711209
2535,2.7878155467817676,2.7711296068639286,0.016685939917838954
2536,2.594772085145539,2.545420002358156,0.04935208278738301
2537,2.940525499727409,2.9734180513862976,-0.03289255165888871
2538,2.753992375097012,2.7518758940469112,0.0021164810501006492
2539,2.8535762702924976,2.8506280475574965,0.0029482227350010604
2540,2.687734963386798,2.6375958339746997,0.050139129412098526
2541,2.6677402458545125,2.634508431761293,0.033231814093219736
2542,2.6649806213740237,2.6235437645867696,0.04143685678725406
2543,2.587428902384892,2.5339627519034567,0.05346615048143555
2544,2.6650120122563776,2.6358014848422684,0.029210527414109233
2545,3.0645585083534215,3.1309513902252646,-0.06639288187184311
2546,2.625153932214113,2.579716308344577,0.0454376238695362
2547,2.832357205090913,2.8299023035599786,0.002454901530934528
2548,2.782486223708401,2.7621112002471424,0.020375023461258746
2549,2.625147720079874,2.5612567298217135,0.06389099025816058
2550,2.578119035663821,2.5240897810943403,0.05402925456948049
2551,2.7925052808375765,2.764656563554019,0.027848717283557534
2552,2.719972757230674,2.671365222891957,0.048607534338716896
2553,2.6433474328709097,2.5901673394880946,0.05318009338281504
2554,2.6271211117955082,2.589882361413995,0.03723875038151325
2555,2.533024633678768,2.4790656554289177,0.05395897824985019
2556,2.7174918516331297,2.66506858284544,0.05242326878768955
2557,2.6567297450593648,2.617290582524035,0.039439162535329864
2558,2.7496013212391115,2.7303450221233527,0.019256299115758768
2559,2.6135625790062464,2.5636282914937887,0.049934287512457765
2560,2.6204812183875896,2.555756399260654,0.06472481912693562
2561,2.6772719940630467,2.6258007167564412,0.0514712773066055
2562,2.7415630675560143,2.7048704179721295,0.03669264958388485
2563,2.653478293591061,2.6062269876858553,0.047251305905205765
2564,2.7440926009820683,2.7195897636960487,0.024502837286019652
2565,2.5483006897155907,2.4899151989861616,0.058385490729429
2566,2.7130945414246854,2.694751070087935,0.018343471336750294
2567,2.4769969256139563,2.4124734886459462,0.0645234369680101
2568,2.689056149117462,2.638286909795032,0.050769239322429716
2569,2.532695477782185,2.4719880255343725,0.06070745224781238
2570,2.6365217112688244,2.587937681768045,0.04858402950077956
2571,2.632408085741846,2.581128032188818,0.051280053553028004
2572,2.619721239562231,2.578810554887324,0.040910684674907216
2573,2.7493514553103116,2.7235496549205336,0.025801800389777974
2574,2.5966103951668336,2.5402151702086058,0.056395224958227796
2575,2.6198112086544953,2.577793870391318,0.04201733826317744
2576,2.7601841851974482,2.723175941479912,0.03700824371753608
2577,2.8429082929858587,2.830558187101284,0.012350105884574525
2578,2.7429638448103817,2.72889753749398,0.014066307316401794
2579,2.6538843132828127,2.6144394634335906,0.03944484984922214
2580,2.713218417074864,2.6841682409083933,0.029050176166470543
2581,2.7145357638907006,2.6838418958336754,0.03069386805702523
2582,2.7753736397414843,2.790720060905634,-0.01534642116414986
2583,2.58600867420636,2.529810596287061,0.056198077919299205
2584,2.6636124863730397,2.6434276211937875,0.02018486517925222
2585,2.6191144245626212,2.5772523161271566,0.04186210843546467
2586,2.5911025241383085,2.5331322922727297,0.057970231865578814
2587,2.692658235562755,2.6661848759319358,0.026473359630819093
2588,2.631706655852096,2.58264403397092,0.04906262188117605
2589,2.6890725330670446,2.6374869213768184,0.05158561169022624
2590,2.7515490566551724,2.7237080522087553,0.027841004446417017
2591,2.6887518017170433,2.6747583409585123,0.013993460758531029
2592,2.8274839747666607,2.812277871103382,0.015206103663278903
2593,2.7173713942454536,2.675270713450212,0.04210068079524154
2594,2.645150522328733,2.5864648440480518,0.05868567828068105
2595,2.5816552116082123,2.5285527191672155,0.05310249244099685
2596,2.6050925878285884,2.5556677137693398,0.04942487405924867
2597,2.6355938662631417,2.6021050505602186,0.03348881570292317
2598,2.6197148393097462,2.601647429992414,0.018067409317332306
2599,2.690258062193606,2.639300932013974,0.05095713017963188
2600,2.761664197227176,2.750096861446203,0.011567335780973131
2601,2.586768106625909,2.5462558545878493,0.04051225203805986
2602,2.731640623230992,2.706733867108274,0.02490675612271831
2603,2.556995170966977,2.4934719492221453,0.06352322174483183
2604,2.553535641070129,2.4915085839266857,0.062027057143443365
2605,2.8492928881462882,2.8567219177772185,-0.007429029630930284
2606,2.688401545198054,2.64211486576392,0.046286679434134115
2607,2.530178658393821,2.4675857734736777,0.06259288492014337
2608,2.644317069780708,2.5814433544448963,0.06287371533581165
2609,2.755533055663871,2.7298913882768576,0.025641667387013456
2610,2.6102426748707495,2.5558214518937343,0.05442122297701513
2611,2.5657009657454934,2.5065229590397635,0.059178006705729924
2612,2.647850735332217,2.6151477016326274,0.03270303369958949
2613,2.683020346312835,2.6391232902931647,0.04389705601967009
2614,2.52199774627239,2.4556906124047404,0.06630713386764953
2615,2.671258338761464,2.633394695934397,0.037863642827067334
2616,2.6838147909956493,2.6356852493646876,0.048129541630961725
2617,2.826964470910377,2.828426613716252,-0.0014621428058747554
2618,2.6641380046348524,2.625134975789073,0.03900302884577922
2619,2.5569378047660103,2.51353396579733,0.043403838968680386
2620,2.844801548535114,2.827626380139841,0.01717516839527322
2621,2.6138697161806057,2.5660830644052406,0.04778665177536512
2622,2.976227732183531,3.019374677427384,-0.043146945243853096
2623,2.7132738324642607,2.677530122510274,0.03574370995398679
2624,2.6859789159921994,2.645021421686552,0.04095749430564721
2625,2.547031289530401,2.4777391245798026,0.06929216495059842
2626,2.723768056979792,2.6747744739240122,0.04899358305577994
2627,2.6861554025511816,2.647508014098553,0.038647388452628384
2628,2.6884409920151064,2.647466751665143,0.04097424034996333
2629,2.755450993362456,2.759674182694881,-0.004223189332424937
2630,2.702120590464561,2.6843052231973545,0.01781536726720656
2631,2.9053770521030664,2.8965351138968414,0.00884193820622503
2632,2.622649281684853,2.577633695558402,0.045015586126450735
2633,2.6409133353160414,2.6092680659223495,0.031645269393691944
2634,3.0371181083958287,3.076766104710376,-0.039647996314547296
2635,2.6786064119448922,2.6401323942061334,0.0384740177387588
2636,2.6620350259206735,2.6069078933349825,0.05512713258569102
2637,2.695989432901116,2.674689311027051,0.021300121874064715
2638,2.7480219491657922,2.755296479247408,-0.0072745300816157155
2639,2.6306826840370454,2.588119201715742,0.04256348232130325
2640,2.544194991139552,2.479905042056723,0.06428994908282881
2641,2.8989380015228847,2.8904018518493766,0.008536149673508131
2642,2.6190360055588475,2.561221197228772,0.05781480833007535
2643,2.721599691648156,2.676406368331185,0.04519332331697079
2644,2.6531005499844,2.6259922724345275,0.02710827754987255
2645,2.5572119456049234,2.4959761713628263,0.06123577424209703
2646,3.0909954234806136,3.1253709993155745,-0.03437557583496087
2647,2.493873319303312,2.421259174805883,0.07261414449742887
2648,2.7787588919395985,2.742017881207587,0.036741010732011414
2649,2.853383924661308,2.8597319696260333,-0.006348044964725297
2650,2.5898145197759566,2.533410009690794,0.056404510085162674
2651,2.690955454302629,2.6632653908834825,0.027690063419146593
2652,2.718989600507534,2.677265938282915,0.041723662224618874
2653,2.7467560842036414,2.714592580347609,0.03216350385603217
2654,2.7393986043473957,2.733892581014922,0.005506023332473742
2655,2.6718305067766606,2.6217445045769283,0.05008600219973225
2656,2.4997446751006973,2.4247478352815564,0.07499683981914096
2657,2.7095007756070166,2.678500862745749,0.030999912861267465
2658,2.6735391189163202,2.6252009795010935,0.04833813941522669
2659,2.78221274053935,2.777541883952333,0.004670856587017269
2660,2.791577614098896,2.7634165395731514,0.028161074525744567
2661,2.6190567457177676,2.574661034097767,0.044395711620000444
2662,2.543932704192411,2.484494162564394,0.05943854162801676
2663,2.5701555240462546,2.519338961625275,0.05081656242097976
2664,2.783071357644023,2.790186076576083,-0.007114718932060171
2665,2.823238908035684,2.8162806947207497,0.006958213314934181
2666,2.7147339421577117,2.6812968911728325,0.033437050984879146
2667,2.620470317570466,2.569077245533145,0.05139307203732102
2668,2.686142924264065,2.6682610198139027,0.017881904450162356
2669,2.6914055054146853,2.675750913656411,0.01565459175827444
2670,2.669825468041179,2.618361584462407,0.05146388357877196
2671,2.755696356990714,2.7252560396454193,0.03044031734529451
2672,2.7523363400376644,2.729381252315108,0.02295508772255639
2673,2.830145144464339,2.799720680292018,0.03042446417232103
2674,2.7063746603082275,2.6769404665675207,0.02943419374070677
2675,2.609156951307923,2.5559863532316873,0.05317059807623581
2676,2.7443603424532856,2.737613374955772,0.0067469674975138005
2677,2.5555358883917676,2.483025000423385,0.07251088796838268
2678,2.6854641845051703,2.6390734782285445,0.04639070627662578
2679,2.7316643002331955,2.738166241276807,-0.00650194104361157
2680,2.885250036308961,2.882056713108943,0.0031933232000178613
2681,2.694680666713111,2.660248013851145,0.03443265286196606
2682,2.6709731348560224,2.624887081138986,0.046086053717036446
2683,2.6614845117016914,2.6223097044734343,0.03917480722825717
2684,2.5750312280721643,2.527492463168378,0.04753876490378639
2685,2.6301065892733004,2.589869328524503,0.04023726074879752
2686,2.6303807084384743,2.587770114261059,0.042610594177415084
2687,2.778196019607584,2.7616954465499175,0.01650057305766639
2688,2.6397449073606976,2.5990098075745784,0.04073509978611911
2689,2.5194251077896044,2.4570202363990155,0.06240487139058892
2690,2.836279017043012,2.827185943956975,0.00909307308603724
2691,2.5896679694689335,2.537928688299192,0.05173928116974169
2692,2.6659699187357666,2.6110425945843505,0.0549273241514161
2693,2.745009975740095,2.7185930071700484,0.026416968570046606
2694,2.6184776808802694,2.5657586956013927,0.05271898527887675
2695,2.572657804976907,2.5210691009252075,0.05158870405169935
2696,2.6349353596877423,2.5797983459036695,0.055137013784072764
2697,2.6588230371959716,2.624975986179284,0.0338470510166875
2698,2.7002605642625146,2.675081794627574,0.02517876963494059
2699,2.8099544766265527,2.8075084899061133,0.002445986720439386
2700,2.6787698271952607,2.6511156685340547,0.02765415866120602
2701,2.769703564281419,2.7513833138761963,0.018320250405222893
2702,2.778109238897306,2.7446056035118405,0.033503635385465635
2703,2.707658105413066,2.6526357654603627,0.05502233995270345
2704,2.6795658936647304,2.6470067288292887,0.032559164835441745
2705,2.634072209458781,2.5798622176539325,0.054209991804848645
2706,2.5523521438231858,2.4923650404648687,0.05998710335831703
2707,2.8919630037445763,2.903907262971898,-0.011944259227321563
2708,2.59854495250112,2.541465916476014,0.05707903602510633
2709,2.7128223668501206,2.6744738246343687,0.0383485422157519
2710,2.606650090642979,2.576847974073693,0.029802116569285886
2711,2.629656380251328,2.5666177706586106,0.06303860959271734
2712,2.633212346351764,2.580890636874239,0.052321709477525236
2713,2.6630871496115116,2.6210520809519386,0.04203506865957296
2714,2.719390099265561,2.6813314389269904,0.038058660338570416
2715,2.6298477039155417,2.57391924208378,0.05592846183176148
2716,2.587838771439149,2.541958469068898,0.04588030237025098
2717,2.8721863906639133,2.8686822367072744,0.0035041539566389446
2718,2.6362902096252427,2.59876651987322,0.037523689752022804
2719,2.820542204048447,2.8078844639535525,0.01265774009489462
2720,2.6510914588182413,2.6081200470843937,0.04297141173384755
2721,2.613414231361605,2.5726660671087735,0.040748164252831565
2722,2.632978673130749,2.6029750726470886,0.030003600483660353
2723,2.657416992438602,2.6145583065124263,0.0428586859261757
2724,2.9313083414968997,2.9409656715227843,-0.009657330025884647
2725,2.6685204030180736,2.6284401396805435,0.04008026333753012
2726,2.594802874216011,2.542827218357906,0.05197565585810526
2727,2.6822816283756965,2.6470920361471957,0.03518959222850082
2728,2.848434614212027,2.8430342825700983,0.005400331641928879
2729,2.792962897758559,2.801725160221718,-0.008762262463158699
2730,2.5232062725223043,2.4703883126491726,0.05281795987313176
2731,2.5708989531594604,2.5299784011355295,0.040920552023930856
2732,2.6575782805147754,2.6210109701751945,0.03656731033958094
2733,2.749666168415948,2.7097063445636476,0.039959823852300236
2734,2.6518737072148117,2.6064638108905154,0.04540989632429637
2735,2.6033092220234955,2.552045464611147,0.051263757412348454
2736,2.6028839503122545,2.566887042548745,0.03599690776350961
2737,2.6545819992443787,2.6019853763207896,0.05259662292358902
2738,2.5340842348161225,2.4696366107754715,0.06444762404065107
2739,2.6005293757436294,2.5382079876838968,0.06232138805973264
2740,2.5615414873144773,2.4940100361451787,0.0675314511692986
2741,2.6206729590655153,2.578836297031527,0.0418366620339885
2742,2.650991268520464,2.599064716086099,0.05192655243436484
2743,2.6930362670508123,2.655868131245136,0.03716813580567635
2744,2.5124535130914007,2.4518352903871086,0.06061822270429218
2745,2.725798716728473,2.6812211126589958,0.04457760406947742
2746,2.786933796643717,2.7614252120231986,0.025508584620518526
2747,2.6440581664426226,2.590804778297869,0.053253388144753444
2748,2.428726526803335,2.353080489203229,0.07564603760010602
2749,2.5608546136395085,2.4945041167619397,0.06635049687756878
2750,2.6269820869422436,2.585586298641342,0.041395788300901515
2751,2.5439340160265225,2.4919727264821527,0.05196128954436974
2752,2.748807850441735,2.73364216431494,0.01516568612679503
2753,2.529607740085574,2.469715424855604,0.05989231522997018
2754,2.8050005553828097,2.790623882957652,0.014376672425157722
2755,2.6235450991291307,2.5887287954354425,0.034816303693688155
2756,2.6783797815354786,2.6355935980456646,0.042786183489814
2757,2.702288920333831,2.6941512743594744,0.008137645974356733
2758,2.715944367532889,2.6924038578034057,0.023540509729483183
2759,2.595586706984525,2.5377080586167535,0.05787864836777157
2760,2.620232372398069,2.578446021043898,0.04178635135417075
2761,2.6346618398490933,2.580787502782742,0.05387433706635125
2762,2.6307067559849875,2.591380262224336,0.03932649376065145
2763,2.6589451667824675,2.618970676928618,0.03997448985384944
2764,2.5015884875626884,2.4379500758360924,0.06363841172659601
2765,2.613084675164792,2.5575065204011826,0.05557815476360917
2766,2.6218302116130805,2.560874044013163,0.06095616759991751
2767,2.566185583245231,2.526555661162168,0.039629922083063374
2768,2.629527584397958,2.574750229031451,0.05477735536650696
2769,2.7791706564349243,2.781335428383879,-0.0021647719489545914
2770,2.6903760004196533,2.648192593737647,0.042183406682006375
2771,2.728620158997106,2.7042257296830736,0.02439442931403235
2772,2.6377457474319774,2.6024675683805327,0.0352781790514447
2773,2.5822238175955112,2.538483186525002,0.043740631070509295
2774,2.784110332239406,2.773467128605875,0.010643203633530884
2775,2.743008813313419,2.7276653995135485,0.015343413799870476
2776,2.5617338008442245,2.5083289877529555,0.05340481309126899
2777,2.7897109232605355,2.782751747300072,0.006959175960463693
2778,2.7434969689364355,2.7178440763943184,0.02565289254211711
2779,2.5985371541331443,2.540119844081434,0.05841731005171047
2780,2.618740901988164,2.5672871062858555,0.05145379570230846
2781,2.7003065037486773,2.661146980143023,0.03915952360565411
2782,2.611271747111102,2.5702119406716086,0.041059806439493585
2783,2.6118246857036516,2.5581976826284065,0.05362700307524504
2784,2.885813845449468,2.864220593434014,0.021593252015454034
2785,2.6624646886870216,2.634812802260945,0.027651886426076633
2786,2.8139488460534294,2.8011785531831577,0.01277029287027176
2787,2.574739661451964,2.511548350616358,0.06319131083560592
2788,2.6761202983158885,2.636111986684815,0.040008311631073656
2789,2.8545622905324346,2.8605781793215095,-0.006015888789074886
2790,2.690702629228264,2.6623664332520045,0.02833619597625958
2791,2.7824896278297904,2.749816922260274,0.0326727055695164
2792,2.797696188690766,2.7952379221939636,0.0024582664968022527
2793,2.697997195644882,2.657205708547509,0.040791487097373125
2794,2.5943542172371497,2.5491459837016714,0.045208233535478204
2795,2.6416781861618275,2.599754557653727,0.041923628508100386
2796,2.7283822666598923,2.684458361434393,0.04392390522549938
2797,2.854814114459199,2.8477862628864177,0.007027851572781518
2798,2.6902824588939516,2.663908552700253,0.026373906193698726
2799,2.700186272118032,2.647863239762087,0.05232303235594493
2800,3.087259872129277,3.140414120620547,-0.05315424849126993
2801,2.6462730941115193,2.6067670078481164,0.039506086263402906
2802,2.7871900546985504,2.781869790474482,0.005320264224068616
2803,2.6658454765860697,2.6280388363677725,0.03780664021829727
2804,2.658846732151645,2.641424942344627,0.01742178980701814
2805,2.787827632856618,2.753121019178991,0.03470661367762684
2806,2.7049100039534015,2.6529563820647644,0.05195362188863717
2807,2.539201009871712,2.4806129403945323,0.05858806947717987
2808,2.6874695477618493,2.6690125922788623,0.01845695548298698
2809,2.863735760304618,2.8756122995116233,-0.011876539207005266
2810,2.7669510000260553,2.7596235718592266,0.007327428166828742
2811,2.5743683052676243,2.5052889474718536,0.06907935779577068
2812,2.7468980829430434,2.7408468778733854,0.00605120506965795
2813,2.711709765094207,2.681642951551969,0.03006681354223817
2814,2.503813367560841,2.4339035631255097,0.06990980443533124
2815,2.7875333706727545,2.784682278387634,0.0028510922851205933
2816,2.837249702748378,2.836397591313213,0.0008521114351651704
2817,2.5900571048822862,2.547892120489392,0.0421649843928944
2818,2.721309220109707,2.6721622186251976,0.049147001484509456
2819,2.8648689567159162,2.8603269704260836,0.0045419862898326
2820,2.77655385566901,2.73638332606054,0.04017052960847023
2821,2.6342245868579828,2.5750549030167713,0.05916968384121146
2822,2.6682084973497195,2.6298677641114128,0.03834073323830678
2823,2.720799323915139,2.682487428162638,0.03831189575250127
2824,2.729279221595045,2.697627380965275,0.03165184062976989
2825,2.5876650047496303,2.5239495218065446,0.06371548294308571
2826,2.680307162877053,2.6542346199631552,0.026072542913897934
2827,2.8823568517927454,2.862372281953766,0.01998456983897956
2828,2.8118515106048245,2.84407110682266,-0.032219596217835544
2829,2.870235191750798,2.8779262297225205,-0.0076910379717225474
2830,2.524477976064832,2.463483538698093,0.06099443736673926
2831,2.767306403756507,2.741967029282349,0.025339374474158127
2832,2.6207631237093203,2.5701385368944156,0.05062458681490467
2833,2.6612599080660955,2.6289129310598467,0.03234697700624878
2834,2.6494042696710807,2.6219791936396586,0.02742507603142208
2835,2.646513989557429,2.5939228232070075,0.05259116635042149
2836,2.7471680725564,2.7083867825586734,0.038781289997726454
2837,2.6860123100744118,2.6687612504400198,0.017251059634391996
2838,2.51748948110704,2.450263126790024,0.06722635431701596
2839,2.7244669401833765,2.7203367761966164,0.004130163986760138
2840,2.841680370376801,2.8579325480360835,-0.016252177659282552
2841,3.1019915919346985,3.1803821282431093,-0.07839053630841075
2842,2.7050228665224676,2.676620131071024,0.02840273545144356
2843,2.6269114887862153,2.5778621165409352,0.049049372245280054
2844,2.812494846503098,2.77900843842252,0.03348640808057768
2845,2.6911451150670835,2.6769505793133153,0.014194535753768278
2846,2.651975404753121,2.5917983328652023,0.060177071887918654
2847,2.8405410402072304,2.8168351346652485,0.02370590554198193
2848,2.6866759241883473,2.661180366899695,0.025495557288652382
2849,2.5765864882406047,2.514910112812245,0.0616763754283598
2850,2.7199439356790607,2.701247015724563,0.018696919954497737
2851,2.6628739772922128,2.620834869782373,0.042039107509839635
2852,2.6476206290958912,2.598575270801687,0.04904535829420409
2853,2.6655355486678523,2.6186060596539007,0.04692948901395155
2854,2.823115304474371,2.8299386688729644,-0.0068233643985933234
2855,2.6734707245992095,2.6332965249521125,0.04017419964709701
2856,2.8282515132767285,2.8263216122198282,0.001929901056900274
2857,2.4878266800348747,2.415963771983154,0.0718629080517208
2858,2.734727361725563,2.709034373578708,0.025692988146855278
2859,2.6805234509073537,2.646092954973628,0.0344304959337256
2860,2.6965545249644474,2.6663427498321175,0.030211775132329866
2861,2.599906978098461,2.5477730777700245,0.05213390032843668
2862,2.6214790150815532,2.58175580899016,0.03972320609139324
2863,2.669327195445439,2.6157281319012498,0.053599063544189196
2864,2.614398856075767,2.5661760493047767,0.048222806770990445
2865,2.844342794375946,2.844072648916897,0.0002701454590492425
2866,2.6612355083179278,2.6333786375465245,0.027856870771403308
2867,2.6433224524968035,2.613810460864006,0.029511991632797496
2868,2.980858884077228,3.0096721624089486,-0.02881327833172076
2869,2.6330519763074136,2.5933741659126808,0.03967781039473284
2870,2.672420037446411,2.61226114692369,0.060158890522721276
2871,2.715181108847369,2.6842037391545834,0.03097736969278575
2872,2.7168479206070226,2.674352794095464,0.042495126511558734
2873,2.57422657721212,2.516561872771095,0.05766470444102456
2874,2.5686982844059005,2.5103105157274093,0.05838776867849127
2875,2.618160148496224,2.5710424282193705,0.04711772027685335
2876,2.530724166052127,2.4629234243919225,0.06780074166020444
2877,2.6256768363732297,2.573469517468503,0.05220731890472674
2878,2.5489034541770637,2.4825434309598324,0.06636002321723122
2879,2.61372304294638,2.559684920542341,0.05403812240403916
2880,2.7109379531392626,2.668876849023643,0.042061104115619585
2881,2.6396599011937,2.5951892895028923,0.04447061169080779
2882,2.680823680747467,2.636173156987063,0.04465052376040424
2883,2.591271614568466,2.541635791907517,0.049635822660949014
2884,2.672955615242377,2.6121422811180453,0.060813334124331764
2885,2.605529261192706,2.5567240900906194,0.048805171102086486
2886,2.7161404519209795,2.6865492986633033,0.02959115325767625
2887,2.5817291889147636,2.5312513578324705,0.05047783108229309
2888,2.724066785364426,2.6931202112391484,0.03094657412527768
2889,2.747162777126592,2.7081504210634466,0.03901235606314524
2890,2.7156009432949735,2.695571249456968,0.020029693838005347
2891,2.6509420901005205,2.5989406342215826,0.0520014558789379
2892,2.6640948925388765,2.6191673256177004,0.044927566921176165
2893,2.843797668532805,2.850668322497156,-0.006870653964350826
2894,2.741742002376291,2.713108178496328,0.02863382387996305
2895,2.686149733427869,2.6571663969129484,0.028983336514920577
2896,2.6526211697179893,2.627128669182093,0.025492500535896134
2897,2.6139410637045093,2.566730531009362,0.0472105326951473
2898,2.8974012090467864,2.907455603352378,-0.010054394305591519
2899,2.8546496919309425,2.833991297866097,0.02065839406484571
2900,2.6697153389689636,2.631590808666566,0.03812453030239782
2901,2.6020914332226894,2.535157842043618,0.0669335911790716
2902,2.741870730590728,2.700995777977321,0.0408749526134069
2903,2.671318971613086,2.6593427684962205,0.011976203116865314
2904,2.7193007612155604,2.6755414717839776,0.043759289431582804
2905,2.6335850252209814,2.5961017160832234,0.03748330913775799
2906,2.566289168370665,2.510476671743942,0.05581249662672283
2907,2.6885318912367375,2.641479708483362,0.047052182753375416
2908,2.6491142140501687,2.599083700596876,0.05003051345329279
2909,2.60927996012993,2.554573457692542,0.05470650243738806
2910,2.836720287177402,2.827521752380734,0.009198534796667879
2911,2.667795987140892,2.6137380554082403,0.05405793173265172
2912,2.802028254139491,2.801531416033601,0.0004968381058900739
2913,2.572446976870314,2.505608218093861,0.0668387587764534
2914,2.6901138700839367,2.650283654216791,0.039830215867145746
2915,2.721328983261179,2.6969446583028263,0.024384324958352632
2916,2.597613929005559,2.557705160467923,0.03990876853763625
2917,2.70960094432125,2.6557168580693706,0.05388408625187946
2918,2.811451276154333,2.8209213448488453,-0.009470068694512168
2919,2.815964972631172,2.836207954589358,-0.020242981958185968
2920,2.6781796230483925,2.6543593889602444,0.02382023408814815
2921,2.7587312578794725,2.754600607317092,0.004130650562380378
2922,2.653124117365011,2.638377879291848,0.01474623807316311
2923,2.5595957742164166,2.5105589138701694,0.04903686034624721
2924,2.745741380154129,2.73375156671903,0.01198981343509864
2925,2.7033236659595037,2.6835424714020815,0.01978119455742222
2926,2.6659415183065316,2.622808357422703,0.04313316088382857
2927,2.682390500641291,2.653414570131083,0.02897593051020797
2928,2.7919672216930675,2.7888146808824645,0.0031525408106030106
2929,2.7934713550559924,2.7980848076768448,-0.004613452620852332
2930,2.6727163352514447,2.647052924511592,0.025663410739852566
2931,2.9013813492404026,2.896204654093232,0.0051766951471705624
2932,2.8688582460467527,2.8640833958602667,0.004774850186485935
2933,2.9392535952830183,2.9502184169115626,-0.010964821628544286
2934,2.591684471461611,2.549619272883976,0.0420651985776348
2935,2.6554701375957985,2.6007298868578315,0.05474025073796707
2936,2.6965513640426355,2.66544863451177,0.03110272953086568
2937,2.679258173984,2.6535543017942307,0.025703872189769328
2938,2.761053095822568,2.738574021565613,0.022479074256954945
2939,2.596471258930249,2.5427038126971864,0.05376744623306262
2940,2.61800948354008,2.5874517256181777,0.030557757921902073
2941,2.600242696752665,2.542879978469199,0.05736271828346595
2942,2.8106396938822504,2.7758081258147347,0.03483156806751575
2943,2.681488628578408,2.647169539491787,0.034319089086620735
2944,2.655696673578123,2.6119534056285634,0.04374326794955952
2945,2.5655806316003145,2.5003467532162174,0.06523387838409711
2946,2.5554364223826016,2.495620007885108,0.05981641449749375
2947,2.6999622890927806,2.656971191912541,0.042991097180239635
2948,2.871497154731335,2.895897986407299,-0.024400831675964074
2949,2.715037826780966,2.662256485998365,0.052781340782601216
2950,2.720205333743955,2.6936345063774234,0.026570827366531713
2951,2.7171704834396895,2.6896243593962685,0.02754612404342094
2952,2.7151634614127795,2.7033213612298894,0.011842100182890114
2953,2.7047284656892976,2.669820299897772,0.03490816579152556
2954,2.805979947245357,2.7930369347704054,0.012943012474951665
2955,2.6338764216912898,2.6060285774301843,0.027847844261105426
2956,2.538693733537603,2.474159355748066,0.06453437778953708
2957,2.788521821995272,2.792063706887745,-0.0035418848924728685
2958,2.5056809041501333,2.4423302068923056,0.06335069725782771
2959,2.647671523292185,2.5929688417730703,0.054702681519114726
2960,2.6577804695140808,2.6004483751470526,0.05733209436702813
2961,2.609962804617039,2.556133464684197,0.053829339932842224
2962,2.6336725571058386,2.603375442164425,0.03029711494141374
2963,2.766374565192233,2.751503251147247,0.014871314044985873
2964,2.682297310617109,2.63570563639367,0.04659167422343913
2965,2.588103289430674,2.5229191517698344,0.06518413766083953
2966,2.6312569650645705,2.5865949111191555,0.044662053945415
2967,3.1229281125599297,3.187309265301462,-0.06438115274153233
2968,2.691016237305634,2.6550381551019373,0.035978082203696804
2969,2.747002710553506,2.726155483682917,0.02084722687058882
2970,2.5987605982835755,2.5458985810272985,0.05286201725627704
2971,2.7466109971735704,2.7146553558628543,0.03195564131071604
2972,2.643334772067036,2.5956691976516035,0.0476655744154324
2973,2.583818355433802,2.5291965896418516,0.05462176579195033
2974,2.8652453454709534,2.8645087423989777,0.000736603071975761
2975,2.8173949517300865,2.7973325900726116,0.02006236165747488
2976,2.6707104661363883,2.620199062229122,0.050511403907266494
2977,2.7640294242905674,2.741136583829412,0.022892840461155473
2978,2.8054569256400783,2.784990551384563,0.02046637425551534
2979,2.587878027075788,2.533394004714031,0.05448402236175731
2980,2.970588835054297,2.997231051868419,-0.026642216814122044
2981,2.779279000044348,2.750220959058277,0.02905804098607101
2982,2.7115632271300547,2.684334903667443,0.027228323462611836
2983,2.5270520511941235,2.471694360205091,0.05535769098903254
2984,2.6095464921152804,2.5639666258819216,0.04557986623335886
2985,2.6858679889888544,2.653929720200415,0.031938268788439306
2986,2.594629724180812,2.537806510781187,0.05682321339962515
2987,2.643154254364327,2.610226441196962,0.03292781316736493
2988,2.679446224916624,2.63914947756219,0.040296747354434004
2989,2.7553639664730905,2.7454435398197514,0.009920426653339032
2990,2.6336206415082533,2.5808238994018464,0.052796742106406835
2991,2.8286319291690187,2.819778164076717,0.008853765092301735
2992,2.7147398614159712,2.685447712522126,0.029292148893845127
2993,2.610016677996131,2.5753104388301464,0.0347062391659847
2994,2.6778523726526617,2.6384265933978575,0.03942577925480428
2995,2.6577438053079696,2.6169211025163133,0.04082270279165634
2996,2.8498463132765703,2.8560138407075097,-0.006167527430939401
2997,2.7256877247825058,2.7067896613269435,0.01889806345556222
2998,2.68423491088941,2.644301412291255,0.039933498598155204
2999,2.6819168688148145,2.6289909525128254,0.05292591630198906
3000,2.477701709643029,2.4087976614421858,0.06890404820084317
3001,2.5166938152228115,2.4535217631463597,0.06317205207645182
3002,2.6770349249922125,2.6483202078714125,0.028714717120799982
3003,2.6822846065487562,2.624149605770816,0.05813500077794043
3004,2.753604768322955,2.722292867146201,0.0313119011767542
3005,2.596539580985972,2.5434483850194893,0.05309119596648282
3006,2.5881935137850567,2.5351382334646324,0.05305528032042428
3007,2.7016136631059062,2.6625013894834075,0.039112273622498694
3008,2.6593545334812645,2.6240712010196554,0.035283332461609085
3009,2.5744472895976376,2.5190891220420455,0.055358167555592086
3010,2.760067426531121,2.752207532544218,0.00785989398690301
3011,2.7511218263851775,2.731612954937585,0.01950887144759239
3012,2.6813981600026695,2.6489087649140854,0.03248939508858406
3013,2.7890348565437297,2.7430740637914925,0.04596079275223719
3014,2.7877387388320196,2.7822091710183394,0.005529567813680192
3015,2.5864134798890994,2.5259715228722,0.06044195701689947
3016,2.731377825515707,2.7306875464367573,0.000690279078949807
3017,2.8179600932055084,2.814188005646779,0.0037720875587292646
3018,2.990441872530566,3.010124201554456,-0.01968232902388989
3019,2.6183150205907864,2.5742612451959075,0.04405377539487887
3020,2.634949956854124,2.5769547131389916,0.05799524371513254
3021,2.573987693050994,2.509442637920222,0.06454505513077224
3022,2.800898920359813,2.7925710489363222,0.008327871423490674
3023,2.76843276853254,2.723621114745303,0.04481165378723695
3024,2.7032300321214437,2.6812053880087507,0.022024644112693004
3025,2.735053393109577,2.6946911223517174,0.0403622707578597
3026,2.60335821304234,2.569961903121285,0.0333963099210548
3027,2.626728920233099,2.5816593418933467,0.045069578339752336
3028,2.509348303608406,2.4336212289466546,0.07572707466175155
3029,2.77221462618845,2.7626987605860913,0.00951586560235862
3030,2.695790359302792,2.6640195317281923,0.031770827574599814
3031,2.785601098727963,2.764254644041856,0.021346454686106853
3032,2.789247888209884,2.7769407164602127,0.01230717174967122
3033,2.8046574231676433,2.7872846808001337,0.01737274236750963
3034,2.841605951005928,2.830078979076689,0.011526971929239238
3035,2.6930061633234446,2.6684274740153375,0.024578689308107027
3036,2.773223295570566,2.7793854938985723,-0.006162198328006241
3037,2.6221370497555756,2.569866107095098,0.052270942660477715
3038,2.613878151401875,2.561646036003484,0.05223211539839134
3039,2.8244595722754897,2.8240925675056285,0.0003670047698611789
3040,2.849000487862455,2.842228809401714,0.006771678460741004
3041,2.6473865009865074,2.6052072136144164,0.04217928737209098
3042,2.5856039213321247,2.5258317948529267,0.05977212647919794
3043,2.6157998228863333,2.567191153052643,0.0486086698336905
3044,2.577533394761697,2.5202098412414493,0.05732355352024765
3045,2.566567076693434,2.5066363153691382,0.059930761324295645
3046,2.869108800854821,2.8642168996277753,0.004891901227045636
3047,2.5924023161590273,2.5399502233081535,0.05245209285087382
3048,2.8572708594421647,2.882475428537638,-0.025204569095473417
3049,2.7437685997803647,2.7119027974882766,0.03186580229208813
3050,2.6721998272708194,2.6513854618178447,0.02081436545297466
3051,2.652755265477066,2.596369641884474,0.056385623592591916
3052,2.7330853729549793,2.7156643283508597,0.01742104460411964
3053,2.6644493454128546,2.623081606551409,0.04136773886144551
3054,2.6539967992216553,2.6199686201380223,0.03402817908363298
3055,2.6528121027040648,2.619409515945055,0.03340258675900998
3056,2.7334829575118933,2.70164114631839,0.03184181119350349
3057,2.669619448929653,2.6333523077792274,0.03626714115042562
3058,2.759597468103564,2.740800966087369,0.018796502016195316
3059,2.6511874392539694,2.600716005162045,0.05047143409192456
3060,2.6835232840525793,2.653332396386645,0.030190887665934252
3061,2.5794069375210746,2.5210405633874,0.058366374133674626
3062,2.603734481789302,2.553762145783691,0.049972336005610796
3063,2.8441219617030997,2.8291604707264506,0.014961490976649117
3064,2.7324376186433468,2.7097553646563535,0.022682253986993306
3065,2.505822282378,2.440515929475533,0.06530635290246689
3066,2.847785228266651,2.8463618879454207,0.0014233403212302598
3067,2.5840658924224327,2.5293108830313256,0.05475500939110711
3068,2.6460860736140037,2.5953109797436293,0.05077509387037438
3069,2.6123191425126695,2.5649864804145412,0.04733266209812825
3070,2.7740514138497936,2.7723627334496563,0.0016886804001372546
3071,2.7636226339085317,2.734488113903511,0.029134520005020814
3072,2.7650723801515076,2.7494314706873437,0.015640909464163855
3073,2.8937251050224524,2.8836497282755484,0.010075376746903952
3074,2.5788484820680035,2.5271869789566788,0.05166150311132478
3075,2.6576730715278765,2.63339698224612,0.02427608928175662
3076,2.8157905497010045,2.8098017027973428,0.005988846903661749
3077,2.6500003603319864,2.6081258011303787,0.04187455920160765
3078,2.596533599675521,2.5431039213623814,0.05342967831313983
3079,2.656450332025878,2.6211538958020952,0.035296436223782646
3080,2.5874258995885833,2.5305679922510924,0.056857907337490854
3081,2.8087830816350734,2.825499828734073,-0.01671674709899973
3082,2.490548263103003,2.421795975948884,0.06875228715411907
3083,2.5741521545999486,2.5188576879036666,0.05529446669628202
3084,2.8252878462054234,2.82812361441458,-0.0028357682091564307
3085,2.789966447526618,2.7755774898343573,0.014388957692260895
3086,2.5141724205822453,2.450507272808974,0.06366514777327126
3087,2.764433866728929,2.7479537849139537,0.01648008181497529
3088,2.905480375539473,2.9087571296266725,-0.003276754087199407
3089,2.716947408359976,2.7117592207523336,0.005188187607642281
3090,2.8321888196065004,2.8259490325408243,0.006239787065676072
3091,2.781363764873013,2.753041145079275,0.02832261979373829
3092,2.51440020595238,2.454787880779742,0.059612325172637703
3093,2.7250653801544162,2.684316009468157,0.04074937068625939
3094,2.8031162156987137,2.793097499980392,0.01001871571832158
3095,2.7408287885940092,2.7247663449615787,0.01606244363243059
3096,2.6067501354986202,2.548687448443812,0.058062687054808215
3097,2.77978171395271,2.774777074946502,0.005004639006207956
3098,2.7289345735762147,2.7183219428999896,0.010612630676225088
3099,2.6641564161661253,2.6117184792097303,0.05243793695639498
3100,2.908100340297428,2.899424887606417,0.00867545269101111
3101,2.6101702250908034,2.570582224762142,0.03958800032866128
3102,2.759533273413098,2.750908088412393,0.008625185000705304
3103,2.7504198592335283,2.7170138834227187,0.03340597581080962
3104,3.008569754740706,3.0592258561208894,-0.050656101380183394
3105,2.665519068556836,2.62578566735054,0.03973340120629576
3106,2.9079309634139796,2.934893717283629,-0.026962753869649525
3107,2.684204514521061,2.642357560666076,0.04184695385498527
3108,2.738373523621281,2.695567378193992,0.042806145427289
3109,2.650675510980743,2.6255965996316193,0.025078911349123878
3110,2.7387083724550902,2.7050227027509663,0.0336856697041239
3111,2.6438988382005935,2.6003168467143682,0.04358199148622521
3112,2.619098482592413,2.573007828582351,0.04609065401006163
3113,2.636085567783708,2.5954559595791378,0.04062960820457029
3114,2.859504339594255,2.8548239453557476,0.004680394238507635
3115,2.664179875232061,2.6402119693871793,0.02396790584488162
3116,2.5776570624664004,2.526043770697436,0.05161329176896423
3117,2.7843634586167507,2.765850023369606,0.01851343524714455
3118,2.6134721648474857,2.568634853789386,0.044837311058099516
3119,2.6468819011548788,2.608121841768166,0.038760059386712786
3120,2.734774569381298,2.7270288441731236,0.007745725208174292
3121,2.6965174726668626,2.6704873368104085,0.026030135856454084
3122,2.625242919709279,2.5810451809714454,0.044197738737833614
3123,2.732390580073636,2.6749191891101662,0.05747139096346965
3124,2.513248001681154,2.4533202321952947,0.059927769485859095
3125,2.589962956121657,2.53486651165477,0.05509644446688666
3126,2.914511506281174,2.9183422157960024,-0.0038307095148284454
3127,2.6387902016103926,2.605505824186713,0.03328437742367951
3128,2.69494422009678,2.6695845847452313,0.025359635351548615
3129,2.6165768415113133,2.5810852207514343,0.035491620759878995
3130,2.5309525001192523,2.4688093119849164,0.06214318813433595
3131,2.617875230783452,2.599721890627332,0.018153340156120024
3132,2.8051941167876633,2.802032936283441,0.003161180504222205
3133,3.018563539005816,3.059327786776028,-0.04076424777021215
3134,2.8222455142885132,2.828025871478772,-0.0057803571902588224
3135,2.5696792953644976,2.5097195945758015,0.05995970078869606
3136,2.6713414205086186,2.6303824648056082,0.040958955703010336
3137,2.8186903845728715,2.8155296713452773,0.0031607132275941474
3138,2.6800586046015216,2.655553135320933,0.02450546928058861
3139,2.693035832970137,2.6721413751684766,0.020894457801660327
3140,2.6963926056606966,2.6646635801848557,0.03172902547584089
3141,2.543715262502621,2.5025084206826493,0.04120684181997181
3142,2.753964147740932,2.743666646765309,0.010297500975622764
3143,2.5824679656961447,2.5264346922088112,0.056033273487333446
3144,2.6390887520011166,2.5987976619607047,0.04029109004041187
3145,2.881445699867028,2.8962332795991825,-0.014787579732154388
3146,2.646771047402547,2.599566233258049,0.04720481414449784
3147,2.5549590883110627,2.4950001550829795,0.05995893322808321
3148,2.5625641712688125,2.5018145729654924,0.06074959830332016
3149,2.6011420869853548,2.53810881083707,0.06303327614828458
3150,2.649422988180521,2.616455154566949,0.032967833613571695
3151,2.472826859951867,2.40837950310912,0.06444735684274683
3152,2.638667492200148,2.589134668687969,0.049532823512179025
3153,2.659555724049556,2.631618459880716,0.027937264168839793
3154,2.79535635267489,2.794163989955283,0.0011923627196073205
3155,2.5629380624809066,2.49756234258322,0.06537571989768676
3156,2.7085848465907763,2.664604553907513,0.04398029268326331
3157,2.7887888427969427,2.773288734925421,0.015500107871521784
3158,2.865865204979756,2.8852846608950418,-0.0194194559152856
3159,2.684333546083011,2.651290460481438,0.0330430856015731
3160,2.713964855223482,2.6898400252625065,0.024124829960975536
3161,2.740872306030534,2.7337305483756933,0.007141757654840486
3162,2.667732558978529,2.641223451695707,0.02650910728282163
3163,2.7123877004321413,2.6709324960956655,0.04145520433647576
3164,2.623081875331254,2.5792235426001047,0.043858332731149474
3165,2.700438388116891,2.6494042463913026,0.05103414172558862
3166,2.614424357400279,2.558426797603278,0.05599755979700083
3167,2.6945445716890575,2.6397620077787027,0.05478256391035474
3168,2.7057909962181372,2.6757550752107715,0.03003592100736574
3169,2.739677947248242,2.7199908694192647,0.019687077828977273
3170,2.7327870668819987,2.7008172883044903,0.03196977857750838
3171,2.846686319250794,2.8288424256564966,0.017843893594297278
3172,2.660738563628478,2.643722529610992,0.01701603401748608
3173,2.603706472415903,2.5516436509759393,0.05206282143996388
3174,2.6731313545624724,2.6174420178353355,0.05568933672713694
3175,2.5849522229369564,2.52659388906558,0.058358333871376455
3176,2.4814499818929465,2.4074711974356493,0.07397878445729722
3177,2.7369257374403055,2.692600728363202,0.04432500907710368
3178,2.5607766995696943,2.4946764779143744,0.06610022165531992
3179,2.7685523284019653,2.745555758983453,0.022996569418512358
3180,2.785285325256586,2.780572948991495,0.004712376265091134
3181,2.6904055601024064,2.666059328127942,0.024346231974464505
3182,2.6590978874346707,2.615589719566529,0.04350816786814171
3183,2.555014848168108,2.4800406338573704,0.0749742143107377
3184,2.7501063922710425,2.7243530645100655,0.02575332776097694
3185,2.873011566785068,2.8835230400881438,-0.010511473303075558
3186,2.89260268310471,2.8847915181317605,0.007811164972949314
3187,2.792272154165058,2.7831669310052884,0.009105223159769693
3188,2.556163680741169,2.5028559319182646,0.053307748822904344
3189,2.996563015853791,2.9967096751157616,-0.00014665926197077184
3190,2.6909778974311545,2.6610320670155967,0.02994583041555776
3191,2.617522980243921,2.59680639533218,0.020716584911741
3192,2.585072371451902,2.527918106685625,0.05715426476627705
3193,2.562298520138456,2.490058754299431,0.07223976583902525
3194,2.8872808067448004,2.880169155661688,0.0071116510831124025
3195,2.7359214474186806,2.719383655870626,0.01653779154805468
3196,2.6254837628248016,2.590592038562357,0.03489172426244469
3197,2.6604250173867334,2.612448956970107,0.04797606041662661
3198,2.7341826165185315,2.702604211199525,0.031578405319006464
3199,2.6689683476425006,2.622093152036076,0.04687519560642439
3200,2.49398023397555,2.419648450521251,0.07433178345429914
3201,2.594930735714109,2.5421612283421307,0.052769507371978275
3202,2.7135872530547887,2.6901323568353184,0.023454896219470278
3203,2.643730950297158,2.614470067954548,0.02926088234260993
3204,2.7973461501961117,2.7830201856957735,0.014325964500338184
3205,2.6365597108830467,2.6040389792306993,0.03252073165234748
3206,2.576165265249288,2.5218411778543364,0.05432408739495154
3207,2.623958053314537,2.5706339561530016,0.05332409716153519
3208,2.7428057446317125,2.7189149870484446,0.023890757583267863
3209,2.6234095020827692,2.5638624344412047,0.05954706764156459
3210,2.529013267513539,2.456615891145699,0.07239737636784005
3211,2.522532202708786,2.461882317233448,0.06064988547533812
3212,2.757551200180104,2.729105063514507,0.02844613666559681
3213,2.5645373126978748,2.5027088672909965,0.06182844540687826
3214,2.8387234299236903,2.8226836125337718,0.016039817389918554
3215,2.602584984802582,2.5478602260883716,0.05472475871421034
3216,2.68411929420721,2.6389626705524543,0.04515662365475581
3217,2.6361298321839564,2.5743399888114853,0.061789843372471065
3218,2.7251918098547065,2.707047564675526,0.01814424517918045
3219,2.555311402273544,2.483182351861419,0.07212905041212503
3220,2.6322115925187073,2.5711193450314522,0.06109224748725506
3221,2.681273645970613,2.6406592420891255,0.040614403881487515
3222,2.7981979457903554,2.8038617451897574,-0.005663799399401981
3223,2.7221184263428793,2.702599448380448,0.019518977962431183
3224,2.7535630986945634,2.7102628601246304,0.043300238569933036
3225,2.58988930351504,2.538792256096497,0.05109704741854326
3226,2.644367659491505,2.5962938516075917,0.04807380788391313
3227,2.7734607703135556,2.751479229148973,0.02198154116458273
3228,2.5176225951553124,2.457384009824793,0.06023858533051918
3229,2.6830152277799044,2.6455409582013654,0.037474269578539054
3230,2.7306058356755605,2.703792452605834,0.02681338306972636
3231,2.687777285501519,2.652533808882256,0.03524347661926308
3232,2.6965022664670633,2.673031623308428,0.02347064315863534
3233,2.8889374306955484,2.901259877125355,-0.012322446429806622
3234,2.542066425267515,2.484405243704931,0.05766118156258404
3235,2.643595971531969,2.6001634107757723,0.043432560756196725
3236,2.515458859420198,2.465250775418797,0.05020808400140098
3237,2.606125271764123,2.552329356940386,0.0537959148237368
3238,2.4899903767755767,2.4251189327806606,0.06487144399491607
3239,2.834346007896738,2.8097437953997266,0.024602212497011333
3240,2.547758361156488,2.4913510067655897,0.05640735439089806
3241,2.863790983800639,2.867547979920682,-0.003756996120042988
3242,2.577363755059744,2.523321009333685,0.05404274572605905
3243,2.48025336616876,2.404627387279029,0.0756259788897311
3244,2.658793638057772,2.6123880149899334,0.046405623067838686
3245,2.655867281432363,2.6055146156091573,0.05035266582320563
3246,2.71433282705852,2.6854148896834196,0.02891793737510051
3247,2.7533484524425766,2.721883437596569,0.03146501484600783
3248,2.679305223801002,2.6550531197574925,0.024252104043509526
3249,2.909023655720071,2.9102708695052404,-0.0012472137851693432
3250,2.5718910855188906,2.53421855311354,0.03767253240535062
3251,2.8855255851273807,2.876718291647448,0.00880729347993281
3252,2.6949256002857402,2.659103433828321,0.035822166457419424
3253,2.675743387255113,2.6336338750322557,0.042109512222857415
3254,2.5942636918284667,2.529886084831913,0.06437760699655382
3255,2.7430170274843744,2.7160187012939514,0.026998326190422972
3256,2.747785020297021,2.7128009855787623,0.034984034718258616
3257,2.5431497927164357,2.4797226669845607,0.06342712573187503
3258,2.827678692502648,2.8076723851230274,0.02000630737962039
3259,2.5197828040898007,2.453057961724785,0.06672484236501575
3260,2.740150014089895,2.6998091567508316,0.04034085733906334
3261,2.6675564534061382,2.625859808614174,0.04169664479196422
3262,2.77311146920505,2.758850776750084,0.014260692454965973
3263,2.49340243952852,2.4269515879084027,0.06645085162011721
3264,2.6991585210873468,2.659904543786561,0.039253977300785614
3265,2.667119056554359,2.650034228260821,0.017084828293537857
3266,2.8259695445355058,2.795021476895895,0.030948067639610777
3267,2.7758794476995545,2.762181877594431,0.013697570105123624
3268,2.715884790122377,2.682514118410621,0.03337067171175567
3269,2.9989671781354246,3.0606212774862867,-0.06165409935086208
3270,2.5810321973010555,2.517180225415782,0.0638519718852737
3271,2.7740554373808,2.7529994914135143,0.021055945967285883
3272,2.6768383973024052,2.644271334936344,0.03256706236606144
3273,2.6970075566291647,2.67153112626735,0.025476430361814906
3274,2.7987387554633116,2.77739626418358,0.021342491279731757
3275,2.688456979852759,2.662835476925624,0.02562150292713472
3276,2.78054844798114,2.7742052618984996,0.006343186082640617
3277,2.541111534798721,2.4810272225395344,0.060084312259186756
3278,2.5695861921993433,2.502235083201693,0.0673511089976504
3279,2.673862478114697,2.6395201235278862,0.034342354586810675
3280,2.5519125240609895,2.47985119146427,0.07206133259671965
3281,2.6461031794560164,2.5956934554761433,0.05040972397987309
3282,2.6654577657590597,2.6225649108380873,0.04289285492097239
3283,2.7743386679262128,2.732995132702324,0.04134353522388867
3284,2.6738875515727973,2.643965067024663,0.02992248454813451
3285,2.6719416910007654,2.6505156719859397,0.02142601901482566
3286,2.730725235028648,2.70683539606328,0.023889838965368337
3287,2.6227715722935594,2.5787454843108293,0.04402608798273011
3288,2.4645137571126443,2.3893220138250175,0.07519174328762679
3289,2.837567790950498,2.842521057955371,-0.004953267004872863
3290,2.7304805231335787,2.7295334674218226,0.0009470557117561285
3291,2.6356230334119246,2.5980741804110465,0.03754885300087807
3292,2.7522633347311123,2.709832662518135,0.04243067221297725
3293,2.8930777155382263,2.9266058987129435,-0.033528183174717174
3294,2.7738611137592977,2.774686327503674,-0.0008252137443762741
3295,2.799319638259703,2.780913505362898,0.018406132896804817
3296,2.844427354018967,2.846874920821138,-0.002447566802171064
3297,2.7743098299057847,2.757606924793855,0.016702905111929844
3298,2.652560009714464,2.6245843786932075,0.027975631021256664
3299,2.559326375460658,2.509713562604902,0.04961281285575625
3300,2.5728041577785774,2.5148468111246745,0.05795734665390295
3301,2.7239471175896077,2.6777271653731907,0.04621995221641706
3302,2.795922193072262,2.7649379975009087,0.030984195571353457
3303,2.7124615971257158,2.6922639820006173,0.020197615125098434
3304,2.9270963694196834,2.9296995559925336,-0.0026031865728501913
3305,2.9221005042554604,2.9359741621396602,-0.013873657884199808
3306,2.8951758732918202,2.9257984713553737,-0.030622598063553497
3307,2.5046635226226748,2.4316060772553567,0.07305744536731806
3308,2.7631568239063014,2.7289156970847235,0.03424112682157787
3309,2.7172248992695085,2.68529384036008,0.0319310589094286
3310,2.6900189533927863,2.676828182883848,0.013190770508938243
3311,2.6809812912203856,2.634082739985008,0.04689855123537745
3312,2.664733818076002,2.6164066457589343,0.048327172317067735
3313,2.5919165361339997,2.5539006684032124,0.038015867730787356
3314,2.6311384172040775,2.595870752316963,0.035267664887114414
3315,2.699652782298913,2.6803649427920124,0.019287839506900717
3316,2.651030110540472,2.6162522538534647,0.03477785668700717
3317,2.771246444167805,2.766534947181497,0.004711496986308017
3318,2.673615549451983,2.641349196583818,0.032266352868164816
3319,2.705466492485263,2.676699834698377,0.028766657786886363
3320,2.819285454387003,2.795896848695161,0.023388605691841757
3321,2.7386111795394408,2.7176040483897204,0.021007131149720415
3322,2.5266610283984443,2.453670844932953,0.07299018346549113
3323,2.6452747142284867,2.5951116545961654,0.05016305963232126
3324,2.5412971088781817,2.481259834374262,0.060037274503919935
3325,2.736382112829942,2.717889997730361,0.018492115099581152
3326,2.652679529931086,2.6079409714889428,0.04473855844214336
3327,2.577916955856276,2.5237237621018753,0.05419319375440068
3328,2.7314412036163485,2.6941858247666346,0.03725537884971386
3329,2.8170461609278563,2.8113761164087516,0.005670044519104689
3330,2.5955550455007166,2.5388297174408287,0.056725328059887836
3331,2.610247798304109,2.56000762726808,0.05024017103602896
3332,2.6378242110606838,2.5913750234825175,0.046449187578166296
3333,2.7119455550362686,2.6837572553749665,0.028188299661302096
3334,2.9238483018643024,2.951955669936211,-0.02810736807190839
3335,2.5948146504623693,2.539767341433059,0.05504730902931021
3336,2.603642302995086,2.546549517785021,0.05709278521006533
3337,2.6575773743894526,2.615806202914149,0.041771171475303515
3338,2.7933576921269543,2.7799723688913542,0.013385323235600044
3339,2.6979124715978973,2.665886534924171,0.03202593667372611
3340,2.679944105143286,2.646085091641347,0.03385901350193876
3341,2.464728631894019,2.3971636854870315,0.0675649464069874
3342,2.735410965201489,2.699515359399297,0.03589560580219198
3343,2.742856660218479,2.7401685246758984,0.0026881355425807385
3344,3.052874647734629,3.102830209392036,-0.049955561657407
3345,2.883024297916825,2.8914787183388824,-0.008454420422057574
3346,2.6676148713208474,2.632289617993362,0.035325253327485484
3347,2.5492837552986294,2.485320435686267,0.06396331961236257
3348,2.699973464532847,2.653434742685196,0.046538721847650955
3349,2.697235858535752,2.676266893573873,0.020968964961878722
3350,2.5272038408453383,2.4542380149790803,0.072965825866258
3351,2.754053417935135,2.7362827589213277,0.017770659013807144
3352,2.5663146474506005,2.5005383110082207,0.06577633644237979
3353,2.5597108383103353,2.5018252412011273,0.05788559710920804
3354,2.475470034870983,2.410207608113248,0.06526242675773508
3355,2.7068604803208185,2.6702999674416086,0.03656051287920992
3356,2.7019673756866656,2.6595117092639757,0.04245566642268983
3357,2.636590971974317,2.613002841424901,0.023588130549415887
3358,2.7341537488831666,2.7115856808248204,0.022568068058346213
3359,2.712325197644409,2.6801551908576102,0.03217000678679893
3360,2.6026932752081704,2.5485612478008925,0.05413202740727785
3361,2.78451430540181,2.7772295167978363,0.0072847886039739684
3362,2.7673064481902716,2.7617638190949987,0.005542629095272922
3363,2.7702408563731264,2.7663416994033425,0.0038991569697839346
3364,2.7278078993153714,2.6916558954297503,0.03615200388562112
3365,2.550977377008699,2.4848129078292214,0.0661644691794776
3366,2.5672981677201907,2.502333005286065,0.06496516243412565
3367,2.7677640966336585,2.748255647390581,0.019508449243077486
3368,2.5679694217174354,2.5137773914869572,0.05419203023047814
3369,2.6066497941419247,2.5470112878536044,0.05963850628832024
3370,2.9862749836769584,3.032744771031853,-0.04646978735489471
3371,2.7085040860785967,2.6629642280444332,0.045539858034163494
3372,2.6599035960954147,2.6324203199242375,0.027483276171177184
3373,2.845913379650465,2.8553765063736014,-0.009463126723136206
3374,2.6370255004836505,2.576734183531822,0.060291316951828655
3375,2.60079757987523,2.5526147518501143,0.048182828025115754
3376,2.599470655902588,2.541359971022111,0.05811068488047688
3377,2.638898385070081,2.577554733980779,0.061343651089301954
3378,2.879130704500942,2.869898289338293,0.009232415162649055
3379,2.5587951540859533,2.486633298027206,0.07216185605874736
3380,2.527624559191679,2.462054289687804,0.0655702695038749
3381,2.766146446843692,2.7409866686327233,0.025159778210968486
3382,2.682450840171451,2.6400569754128127,0.042393864758638156
3383,2.6781742617596587,2.6524488581520718,0.025725403607586905
3384,2.7295018289040915,2.7108744370423676,0.018627391861723908
3385,2.7108577765337394,2.6837268671595464,0.027130909374192935
3386,2.5880838757450726,2.544378768353643,0.04370510739142963
3387,2.5607647013393,2.5022105776594956,0.05855412367980417
3388,2.4858953956742598,2.418840968618077,0.06705442705618259
3389,2.6800859560077144,2.630046913594747,0.050039042412967305
3390,2.762871326866411,2.735139146767867,0.027732180098543946
3391,2.638542181330939,2.593503650000129,0.04503853133080993
3392,2.5843868620630217,2.5138622414633587,0.07052462059966302
3393,2.640820337645089,2.6057265872233657,0.03509375042172325
3394,2.646006241714407,2.599672358112663,0.04633388360174395
3395,2.6097222087275993,2.5686558310464016,0.0410663776811977
3396,2.7947535139581916,2.7856407314081157,0.00911278255007586
3397,2.8327116596739783,2.846585212870203,-0.01387355319622463
3398,2.7452335021039276,2.7051382621289437,0.040095239974983876
3399,2.774787163573344,2.7756215746116513,-0.0008344110383071701
3400,2.793433897047854,2.774794526880199,0.018639370167655045
3401,2.7358975788183972,2.71294313095823,0.022954447860167093
3402,2.8260618500468024,2.8293485873002573,-0.0032867372534548522
3403,2.64425709510115,2.587910801392998,0.05634629370815203
3404,2.642144638967879,2.5965689960576723,0.04557564291020677
3405,2.89629060950228,2.900514241704506,-0.004223632202226213
3406,2.8106646349427487,2.809709031417658,0.0009556035250906092
3407,2.6467801921366614,2.618258422792095,0.028521769344566295
3408,2.595892975824122,2.543956768029726,0.051936207794395894
3409,2.7549161396608195,2.7368518038332375,0.018064335827582045
3410,2.544779474200622,2.4863762566865155,0.05840321751410649
3411,2.5965476488694943,2.5410464237855477,0.055501225083946615
3412,2.793095853168896,2.76128489969445,0.03181095347444618
3413,2.748161782756087,2.7236475524523893,0.024514230303697815
3414,2.7325622933230607,2.686637289016309,0.04592500430675184
3415,2.6948103883755596,2.6604914482051676,0.034318940170392054
3416,2.681944310401353,2.626603449848949,0.05534086055240417
3417,2.685182456792962,2.656990551267983,0.028191905524979077
3418,2.6114520059835367,2.5794205491729896,0.03203145681054709
3419,2.925434328922197,2.922716205151177,0.00271812377102032
3420,2.7463123686362945,2.73146345935718,0.01484890927911442
3421,2.7219858020863112,2.703278027575373,0.01870777451093808
3422,2.807518279859048,2.8071832859932226,0.0003349938658252505
3423,2.7229077748901718,2.702959623652255,0.01994815123791671
3424,2.7222433832777058,2.680857535233783,0.041385848043922646
3425,2.5898947355036355,2.5428983470938578,0.04699638840977771
3426,2.6272981291257964,2.5626124759977205,0.06468565312807595
3427,2.6608321591681117,2.6424425137813605,0.01838964538675114
3428,2.704576940139967,2.674975894163465,0.02960104597650215
3429,2.643107625149994,2.5928725121747247,0.05023511297526939
3430,2.5720455546910226,2.5289518113729854,0.04309374331803717
3431,2.6436252960206432,2.5983007253213577,0.04532457069928553
3432,2.5792058972288183,2.5155075804432716,0.06369831678554672
3433,2.574934794414458,2.5209218053553974,0.0540129890590606
3434,2.648568126890067,2.596446465334564,0.05212166155550291
3435,2.731336965614518,2.7266687087115695,0.0046682569029483645
3436,2.7128622136548874,2.7082137498648744,0.0046484637900130465
3437,2.583805862591528,2.5250382898472408,0.05876757274428712
3438,2.6974886860276532,2.661315679117385,0.036173006910268146
3439,2.7189311849473152,2.6795965716279047,0.03933461331941057
3440,2.62294140879199,2.5568237457969314,0.06611766299505861
3441,2.7123397679125025,2.705663401268188,0.006676366644314591
3442,2.689663371008058,2.654333284711306,0.03533008629675205
3443,2.74250370285554,2.715254961791601,0.027248741063939264
3444,2.6865995109578615,2.6539958735701856,0.03260363738767591
3445,2.688828500518846,2.679163715544333,0.009664784974512841
3446,2.8806839055608613,2.862077406614988,0.018606498945873184
3447,2.744366722100656,2.728938313475302,0.015428408625353995
3448,2.7511604147192807,2.7279793626602262,0.02318105205905452
3449,2.64504375529304,2.603547779976866,0.04149597531617388
3450,2.734026091711307,2.7185442667960547,0.015481824915252407
3451,2.7111268904282833,2.6640560277907293,0.047070862637554
3452,2.631984189444203,2.5820027067784177,0.04998148266578539
3453,2.6018783771052263,2.5516059852002724,0.05027239190495392
3454,2.687654009171201,2.6574059284299834,0.030248080741217542
3455,2.705020987484058,2.6775812699401165,0.027439717543941367
3456,2.6445227648916942,2.5928786776228625,0.05164408726883174
3457,2.589942573426542,2.538637811930145,0.05130476149639707
3458,2.733972686612009,2.706741185556275,0.027231501055734242
3459,2.7599625960715275,2.723614933845813,0.036347662225714394
3460,2.6244146803448194,2.58539225272902,0.03902242761579933
3461,2.708656590975087,2.680798662997444,0.027857927977643193
3462,2.8801107867085394,2.9072268739555174,-0.027116087246978005
3463,2.6064013426052064,2.5465846785631596,0.059816664042046774
3464,2.5674749118994074,2.5024073099309576,0.06506760196844974
3465,2.8048010589259587,2.802485029293689,0.0023160296322695118
3466,2.624623988779789,2.581356779556828,0.0432672092229609
3467,2.7338737800087647,2.70996135535206,0.023912424656704623
3468,2.6452112535184935,2.6152373161286446,0.02997393738984888
3469,2.752956180289768,2.7350410353743655,0.017915144915402692
3470,2.574964861063845,2.5208782291124376,0.054086631951407504
3471,2.5378571657856015,2.4755907531098864,0.06226641267571509
3472,2.5050601669911488,2.425387661245562,0.07967250574558671
3473,2.651711741468374,2.630208141347478,0.021503600120896138
3474,2.8982999153363305,2.9153257300640694,-0.017025814727738897
3475,2.713555481756831,2.674917162585044,0.03863831917178695
3476,2.7969097760168395,2.807030036626017,-0.010120260609177478
3477,2.717689494796157,2.7008121032654073,0.01687739153074963
3478,2.712299260952595,2.6755597136275977,0.03673954732499718
3479,2.7846458612931606,2.759250391619837,0.0253954696733234
3480,2.6005638129862487,2.5494963107013606,0.0510675022848881
3481,2.685977470930827,2.659140048613935,0.026837422316892123
3482,2.6330402657422187,2.574643224667133,0.05839704107508581
3483,2.708939469479262,2.6923138773128397,0.016625592166422454
3484,2.642210106229145,2.5880150970622453,0.05419500916689968
3485,2.777716873184359,2.761935885308246,0.015780987876112818
3486,2.6435752905767327,2.607376776345516,0.036198514231216894
3487,2.673037434683826,2.6397699324552035,0.033267502228622625
3488,2.576743404740043,2.5352208529902622,0.04152255174978059
3489,2.7216910617743153,2.7018365196363585,0.019854542137956788
3490,2.812764494006439,2.817977860924538,-0.005213366918098927
3491,2.7077575786893577,2.6911701727186337,0.016587405970724056
3492,2.752356417144534,2.739047420580566,0.013308996563967668
3493,2.7375824993748963,2.7169794570645998,0.020603042310296527
3494,2.629297366252165,2.5744158811369737,0.054881485115191087
3495,2.8316421279921373,2.8152969216585473,0.016345206333590045
3496,2.793827469112166,2.794519677815471,-0.0006922087033052193
3497,2.6445922280063323,2.593798190897095,0.050794037109237244
3498,2.645402232044675,2.6019627440506414,0.04343948799403341
3499,2.775597847882976,2.7489858816138333,0.02661196626914286
3500,2.8291929333900363,2.8164016083182357,0.012791325071800586
3501,2.579789618798581,2.51432562410427,0.06546399469431119
3502,2.7315388878678344,2.7098534857472556,0.02168540212057879
3503,2.651796925427018,2.6170447382766935,0.03475218715032469
3504,2.672945865972942,2.6331329286105247,0.03981293736241742
3505,2.75360824851659,2.742306846817296,0.011301401699293834
3506,2.6824469098050105,2.638588102274736,0.04385880753027438
3507,2.5672485924916186,2.5162117479681037,0.05103684452351498
3508,2.5039448284612695,2.434515650381301,0.06942917807996851
3509,2.555772178607726,2.4976143386043135,0.05815784000341262
3510,2.9249055765326935,2.929694157554286,-0.0047885810215926305
3511,2.862614930821503,2.85423395993816,0.00838097088334333
3512,2.552414082158338,2.4971834587346637,0.05523062342367435
3513,2.5576208725205873,2.497140179560036,0.06048069296055125
3514,2.529553832033448,2.459521473864215,0.07003235816923281
3515,2.6924800473858457,2.651337134937125,0.041142912448720814
3516,2.663826355302631,2.620178752572682,0.04364760272994905
3517,2.652155260276266,2.596789413378495,0.05536584689777113
3518,2.653870475075009,2.5997662415891662,0.05410423348584281
3519,2.5687358316822095,2.5095999110291056,0.05913592065310391
3520,2.561319079144022,2.4995744511061413,0.06174462803788083
3521,2.741916676132545,2.7266863501624194,0.015230325970125413
3522,2.7511925065349305,2.7554999133079328,-0.004307406773002231
3523,2.6191472955464548,2.576526539020962,0.0426207565254928
3524,2.6826298636283847,2.667157758312125,0.015472105316259643
3525,2.669154136669731,2.650414224906183,0.018739911763547834
3526,2.6334691132167776,2.5943184607353067,0.03915065248147087
3527,2.618703002932391,2.562536740364647,0.05616626256774415
3528,2.4971775572179506,2.428590030983327,0.06858752623462383
3529,2.9312213714535478,2.9723862999248976,-0.04116492847134978
3530,2.777851336429752,2.767739550681289,0.010111785748462943
3531,2.6631038899381165,2.6174501383716975,0.04565375156641904
3532,2.6507588804050526,2.608461063790173,0.042297816614879746
3533,2.724570372947225,2.6862551829826256,0.03831518996459948
3534,2.7401680178801944,2.728361911967498,0.011806105912696374
3535,2.6180607031660443,2.573787087590011,0.044273615576033265
3536,2.770273148424389,2.7634605088536874,0.006812639570701773
3537,2.7288870268808103,2.709939456776221,0.01894757010458914
3538,2.7676191996751944,2.7326201031196287,0.03499909655556577
3539,2.599877989272449,2.563137418790694,0.036740570481755164
3540,2.6957235234927643,2.654723751903658,0.04099977158910617
3541,2.581210938890341,2.5357637499361685,0.045447188954172546
3542,2.741464593252647,2.7295350357638677,0.011929557488779441
3543,2.719716539198401,2.6800785127897404,0.039638026408660654
3544,2.622780932960586,2.5977167361316846,0.025064196828901153
3545,2.6329797194522566,2.5805927986641732,0.05238692078808338
3546,2.67369545817669,2.6472584259969927,0.026437032179697173
3547,2.557747133099405,2.4977324454170176,0.06001468768238727
3548,2.7244619519779265,2.6901242529914806,0.0343376989864459
3549,2.8160610502744388,2.8170203108138048,-0.0009592605393660136
3550,3.0604371179970906,3.089151935042566,-0.028714817045475183
3551,2.8619284490796724,2.8628535877946106,-0.0009251387149382673
3552,2.543033020720038,2.4807918903806674,0.06224113033937062
3553,2.6742308564758157,2.6517011886826545,0.022529667793161234
3554,2.7721716997756696,2.750729098331128,0.021442601444541687
3555,2.8966941347761437,2.8862728413662833,0.010421293409860422
3556,2.703242326412165,2.665683054775045,0.03755927163712025
3557,2.7280096623454924,2.6988143617724676,0.029195300573024774
3558,2.5660909533326084,2.5083072631874757,0.05778369014513274
3559,2.6521104608651025,2.6166504110893793,0.035460049775723146
3560,2.6016181462493493,2.548279548046861,0.0533385982024881
3561,2.533739677051372,2.46869892783757,0.06504074921380187
3562,2.6104405367824226,2.5631874546300324,0.04725308215239021
3563,2.6971241384294813,2.662321872379431,0.034802266050050434
3564,2.6271071784519706,2.575351870922094,0.05175530752987667
3565,2.6304252032121385,2.5867321138442185,0.043693089367919935
3566,2.7211534619427287,2.6966929306380165,0.024460531304712152
3567,2.5588577927255245,2.501835838655899,0.05702195406962529
3568,2.839394530161848,2.848946305774023,-0.009551775612175017
3569,2.6021547938642797,2.552472241028205,0.04968255283607492
3570,2.581864376933721,2.5416375835349045,0.04022679339881652
3571,2.67487506177175,2.6349137107569973,0.03996135101475273
3572,2.726122061206235,2.6841725089276838,0.04194955227855113
3573,2.852699242854324,2.8631784939096945,-0.010479251055370398
3574,2.522832881280644,2.4553787715786775,0.06745410970196675
3575,2.6676366350968355,2.6396757852337824,0.027960849863053028
3576,2.8271360882434244,2.8163703083915417,0.010765779851882762
3577,2.6367529627638118,2.591413565076179,0.04533939768763284
3578,2.905996349585613,2.940230266186862,-0.03423391660124908
3579,2.574957193284705,2.5138673612231957,0.06108983206150942
3580,2.6991841861090595,2.678248193965911,0.020935992143148674
3581,2.82071377123534,2.8079738321573156,0.01273993907802451
3582,2.680532210616101,2.6668934172622687,0.013638793353832224
3583,3.054487348892563,3.1071713674112313,-0.05268401851866855
3584,2.7511567045584133,2.736349344806011,0.014807359752402327
3585,2.562746617474737,2.5011248351693993,0.06162178230533755
3586,2.6871014334470145,2.671802661493802,0.015298771953212498
3587,2.53021564737564,2.4620050782303795,0.06821056914526036
3588,2.568959835522071,2.5153068523632798,0.0536529831587913
3589,2.8244508811126052,2.788938984082663,0.035511897029942396
3590,2.7605435832828236,2.750509377748107,0.010034205534716456
3591,2.6263889252318764,2.5790123842910657,0.047376540940810674
3592,2.7347323926865266,2.7249255854513694,0.009806807235157144
3593,2.8134119594844353,2.801678844091067,0.011733115393368188
3594,2.958945880628884,2.9820170828838806,-0.023071202254996592
3595,2.8691976044711334,2.8493963209114903,0.019801283559643057
3596,2.579654331023453,2.5280636946170967,0.05159063640635653
3597,2.558159199782906,2.50095056802711,0.05720863175579627
3598,2.585622125805275,2.5253870564985905,0.06023506930668443
3599,2.9761813256441227,3.0626341535563992,-0.08645282791227649
3600,2.773694241027654,2.774988106364189,-0.0012938653365348607
3601,2.5573216684696383,2.499586997050097,0.05773467141954125
3602,2.5260251827822264,2.46266555495976,0.06335962782246662
3603,2.590263582089667,2.5515506709087306,0.03871291118093634
3604,2.5946383055254665,2.550180860918709,0.0444574446067576
3605,2.708667561719046,2.6620372840343154,0.046630277684730714
3606,2.6338246258018843,2.61073741587758,0.023087209924304464
3607,2.716042696095268,2.6978951433692293,0.01814755272603863
3608,2.8630409144626103,2.8896465337523036,-0.026605619289693294
3609,2.65280942343405,2.606505745457031,0.04630367797701895
3610,2.909774270689681,2.9322716730911655,-0.022497402401484567
3611,2.660546000705433,2.620401751549627,0.040144249155805944
3612,2.660826786918741,2.6337794430988577,0.027047343819883274
3613,2.7710973634480203,2.7381986469850896,0.03289871646293063
3614,2.6024733027322693,2.5412957087923553,0.061177593939913955
3615,2.700266688346838,2.646987887766071,0.05327880058076673
3616,2.549717940867203,2.488600339035412,0.061117601831790935
3617,2.7803578902526414,2.7592344151121337,0.021123475140507608
3618,2.6104457762031834,2.5616245762691348,0.048821199934048654
3619,2.6795565811444186,2.653199257132245,0.0263573240121735
3620,2.658698851778891,2.6232479033266545,0.03545094845223673
3621,2.660461637545994,2.6406932662609295,0.01976837128506448
3622,2.836796558101909,2.8272955489201834,0.009501009181725362
3623,2.6418379333223765,2.5804260403107855,0.061411893011591
3624,2.651058350154755,2.6049509481406687,0.04610740201408614
3625,2.6919904047483474,2.6660159128323615,0.025974491915985887
3626,2.844603618022429,2.8441313605554055,0.0004722574670235069
3627,2.7524149254005352,2.7168850043814383,0.03552992101909691
3628,2.725595570910548,2.6895011921953853,0.036094378715162634
3629,2.7261599639618317,2.706737815914528,0.0194221480473038
3630,2.717367743302388,2.6898990109247918,0.027468732377596172
3631,2.775219756533204,2.7389892962924542,0.03623046024074972
3632,2.6042627195340953,2.543459802654988,0.060802916879107105
3633,2.576296824575578,2.506796258439928,0.06950056613565003
3634,2.6457541640151225,2.5975750489921166,0.04817911502300598
3635,2.7912517834009565,2.7897072728171968,0.0015445105837597062
3636,2.6663392496991802,2.6320919484199194,0.03424730127926079
3637,2.7000148234710726,2.683103405938555,0.016911417532517792
3638,2.915420808645413,2.9354708620827554,-0.020050053437342452
3639,2.5986285642354834,2.5636997225992446,0.03492884163623877
3640,2.8150537818593024,2.8155652943259177,-0.0005115124666152937
3641,2.71647915835043,2.6966184379603146,0.01986072039011555
3642,2.6961019690214587,2.6704337381796512,0.02566823084180747
3643,2.7277210097060194,2.6957899619993455,0.031931047706673876
3644,2.9708425932574007,3.003694974277371,-0.032852381019970345
3645,2.759328274146347,2.7523632231939583,0.006965050952388641
3646,2.5618431458489193,2.4975912120627033,0.06425193378621596
3647,2.582796692978792,2.5301754932558573,0.052621199722934886
3648,2.6001746602829603,2.560399548957199,0.03977511132576117
3649,2.8065942842614504,2.781496505104917,0.025097779156533218
3650,2.6725779663935127,2.6180892070992683,0.05448875929424446
3651,2.5297965482895086,2.4581512246268873,0.07164532366262133
3652,2.6310533540552994,2.588540163332987,0.04251319072231219
3653,2.7202628782961313,2.6857292334150658,0.034533644881065584
3654,2.812749696720409,2.814218141081098,-0.0014684443606887143
3655,2.6339855894729802,2.5761503012282514,0.05783528824472883
3656,2.6568007053119302,2.613866517328531,0.04293418798339932
3657,2.5881917319563827,2.545225320799231,0.04296641115715172
3658,2.857905277673113,2.872960721618777,-0.015055443945664049
3659,2.6668246853557065,2.646624696991588,0.020199988364118404
3660,2.788330599424133,2.761642391423747,0.026688208000386293
3661,2.740673035397616,2.710594461669934,0.0300785737276823
3662,2.4170033483701006,2.343651430896028,0.07335191747407244
3663,2.8000398595370144,2.7855004032613344,0.014539456275679985
3664,2.62158786073409,2.5737466831321205,0.0478411776019696
3665,2.5324565504628316,2.463298894314199,0.06915765614863245
3666,2.5789134100448807,2.523204326376692,0.05570908366818861
3667,2.4816182487995637,2.4188314874616506,0.06278676133791317
3668,2.6502586776280954,2.6252763651443916,0.02498231248370386
3669,2.757227105358607,2.771195346278256,-0.013968240919648878
3670,2.707706564758266,2.6681603617886265,0.0395462029696394
3671,2.730858112596185,2.7002913018588726,0.030566810737312267
3672,2.746505628268534,2.706006391482479,0.04049923678605527
3673,2.6209820893378937,2.5681950818685593,0.0527870074693344
3674,2.7161684767513576,2.680168135167635,0.03600034158372267
3675,2.8473153041488524,2.829380017077866,0.017935287070986572
3676,2.540115466534271,2.483428186647633,0.05668727988663802
3677,2.691495116824913,2.6664883859273156,0.025006730897597418
3678,2.931011250298503,2.924966376909948,0.006044873388554972
3679,2.6098146576909125,2.550232149937956,0.05958250775295637
3680,2.7612081672025837,2.7456800425831305,0.015528124619453187
3681,2.634219961831603,2.575823313323712,0.05839664850789106
3682,2.623806053939358,2.582417540685191,0.04138851325416715
3683,2.5915076650742814,2.527628270847047,0.06387939422723443
3684,2.8844666199849427,2.9071680168416667,-0.02270139685672401
3685,2.7962981748607834,2.794600394175609,0.0016977806851743438
3686,2.748921134389155,2.735730708805815,0.013190425583339938
3687,2.666310262215133,2.6307593260700055,0.03555093614512739
3688,2.640015558462137,2.5861024662413756,0.05391309222076135
3689,2.767349772666035,2.7430439594122866,0.024305813253748365
3690,2.5694101008263623,2.509339657608826,0.06007044321753652
3691,2.780352079626782,2.767399010161951,0.012953069464831213
3692,2.6492809604282677,2.60142597589088,0.04785498453738768
3693,2.954273345284427,2.993521190892806,-0.039247845608378906
3694,2.567702881352356,2.5115523670878868,0.056150514264469376
3695,2.694254598456013,2.6518439981432373,0.04241060031277577
3696,2.690317513322311,2.643934380456717,0.046383132865594145
3697,2.8473590177470776,2.88163809143629,-0.034279073689212236
3698,2.635642169503535,2.581072895665218,0.05456927383831722
3699,2.708616428842494,2.680810895236883,0.02780553360561111
3700,3.03915039148177,3.096290529044531,-0.05714013756276115
3701,2.689391127545377,2.6710353008190473,0.018355826726329738
3702,2.8107249630088336,2.8076526866169567,0.0030722763918769047
3703,2.798271070131685,2.776170729887279,0.02210034024440599
3704,2.858082654932178,2.8727822936096596,-0.014699638677481808
3705,2.7352134733115547,2.7141765369835555,0.02103693632799919
3706,2.8232926266644145,2.8028411002292373,0.020451526435177225
3707,2.591999994657334,2.540489301424911,0.05151069323242341
3708,2.679834312802097,2.6430218053388224,0.0368125074632748
3709,2.771353276428408,2.760492350465036,0.010860925963372292
3710,2.565644739577863,2.513186878521499,0.05245786105636441
3711,2.8486610490687556,2.8473937362998614,0.0012673127688942465
3712,2.695501921732244,2.6433374581285616,0.05216446360368243
3713,2.696997046888081,2.657292529172522,0.03970451771555927
3714,2.5760352820952748,2.524622819822241,0.05141246227303364
3715,2.807254766954847,2.7949144161005015,0.012340350854345594
3716,2.79007466303803,2.7740678249140553,0.01600683812397463
3717,2.6323984499160766,2.6065382507092205,0.025860199206856116
3718,2.6884125096522276,2.6554405226928686,0.03297198695935899
3719,2.600062424943893,2.5388396381201,0.061222786823792674
3720,2.629170029130949,2.578128634229962,0.051041394900987136
3721,2.6917908486597555,2.663735101582129,0.02805574707762659
3722,2.5309993594773776,2.468908980241871,0.06209037923550653
3723,2.6225125784423633,2.5761928493207846,0.04631972912157867
3724,3.0733088818926477,3.127135141834665,-0.053826259942017174
3725,2.6353140285729317,2.6037904647711008,0.03152356380183097
3726,2.602318184113025,2.5590030542018916,0.04331512991113362
3727,2.7260160917142864,2.678496032625413,0.047520059088873357
3728,2.7132973975339167,2.6735288757515963,0.03976852178232049
3729,2.6878890723179087,2.6516974248573697,0.036191647460539045
3730,2.587337116581792,2.533429191997668,0.05390792458412408
3731,2.790031990399806,2.7880332812158426,0.0019987091839634985
3732,2.623717575550198,2.570153466392527,0.053564109157670625
3733,2.736672579285939,2.725425052950185,0.011247526335754099
3734,2.7316756552984747,2.7074372373536977,0.02423841794477699
3735,2.7646087080317447,2.750575042297503,0.014033665734241918
3736,2.8578489439467116,2.86596292189925,-0.00811397795253832
3737,2.77494792295111,2.7610345119225377,0.013913411028572131
3738,2.721390728201594,2.6874958284336845,0.0338948997679096
3739,2.7060363435296937,2.690514736297773,0.015521607231920864
3740,2.628294274651791,2.6008498317584094,0.02744444289338155
3741,2.6411153113533494,2.6132595515431714,0.02785575981017807
3742,2.6907269230880018,2.6578267131811977,0.03290020990680409
3743,2.6562246082786998,2.6141657278809807,0.0420588803977191
3744,2.6188754317105287,2.561824795215777,0.05705063649475184
3745,2.680907498182246,2.6357405478985334,0.04516695028371265
3746,2.7048249187632214,2.670566043133033,0.03425887563018826
3747,2.6944900013603705,2.6525868769686873,0.0419031243916832
3748,2.6304370153785763,2.5743436764661554,0.056093338912420965
3749,2.5809370147389603,2.5110063218852874,0.06993069285367293
3750,2.7039539004388184,2.6833960531245666,0.02055784731425181
3751,2.744164580639357,2.7265842946074703,0.01758028603188677
3752,2.804419452846659,2.7973500801178504,0.007069372728808698
3753,2.6905352588586506,2.662125457809702,0.028409801048948857
3754,2.767560949988218,2.7218346461439844,0.045726303844233485
3755,2.772081191916024,2.746880978781471,0.025200213134553007
3756,2.7482454466535646,2.728134490753943,0.02011095589962153
3757,2.6559595031459904,2.602713871798025,0.05324563134796545
3758,2.648241348191284,2.6132719768887323,0.03496937130255162
3759,2.7357744024161827,2.7139964902529568,0.021777912163226
3760,2.697895433089461,2.657484192153572,0.040411240935889214
3761,2.5746514864053625,2.5247388576792456,0.0499126287261169
3762,2.7124089685950272,2.669456967040886,0.04295200155414136
3763,2.692649557202957,2.6493727296981673,0.04327682750478967
3764,2.7188336259500643,2.6923747305591186,0.026458895390945703
3765,2.6535837480632063,2.6186309427793533,0.03495280528385303
3766,2.6786719495768216,2.6460015731362794,0.03267037644054227
3767,2.5882893290483335,2.532784852566997,0.055504476481336606
3768,2.63623115494813,2.5859869383587006,0.050244216589429236
3769,2.5594526660474437,2.5010851591413794,0.05836750690606429
3770,2.8394360666293537,2.8414374454173865,-0.0020013787880328593
3771,2.8752569431633503,2.8654752884818513,0.009781654681499052
3772,2.8751268124268803,2.8985054509497834,-0.023378638522903117
3773,2.7643211101155947,2.7498696836633125,0.014451426452282146
3774,2.628721438932227,2.5905069387006954,0.03821450023153172
3775,2.6034753276612124,2.5630882022489487,0.040387125412263636
3776,2.749106585834149,2.7288701696463664,0.020236416187782602
3777,2.861139864324557,2.864511237669353,-0.0033713733447959804
3778,2.731662288186069,2.7208795979236347,0.01078269026243417
3779,2.6021577996914274,2.5532257633713225,0.0489320363201049
3780,2.6876075069027427,2.647478951692759,0.04012855520998393
3781,2.851879618562434,2.8455621961707043,0.006317422391729721
3782,2.523433969922512,2.4599673155831443,0.0634666543393676
3783,2.9334454520407105,2.9620773383900088,-0.028631886349298252
3784,2.6047198319025546,2.534593653863441,0.0701261780391138
3785,2.489148542710088,2.423594687590622,0.06555385511946632
3786,2.6710014665061066,2.6237450993437554,0.047256367162351154
3787,2.889576338873082,2.899765000262828,-0.010188661389745945
3788,2.6504933148122665,2.6046966112921655,0.04579670352010101
3789,2.73488720720058,2.7160632883816747,0.018823918818905216
3790,2.7782357067287764,2.76826005186332,0.009975654865456374
3791,2.6181905192877717,2.5585546739297924,0.05963584535797928
3792,2.5865111013310553,2.5255865419317964,0.06092455939925889
3793,2.6439569829392955,2.59765559163035,0.046301391308945394
3794,2.6701557962672617,2.628896587402444,0.0412592088648176
3795,2.621178701808591,2.581608088596526,0.03957061321206501
3796,2.7283589130417334,2.691596526205472,0.03676238683626121
3797,2.7345383051288317,2.7173922440217853,0.017146061107046418
3798,2.5832973220208246,2.5295683025112368,0.05372901950958786
3799,2.6274746048916633,2.5803347091684534,0.04713989572320987
3800,2.6280209974301694,2.5891864415812034,0.038834555848966
3801,2.575852581243917,2.516014992796821,0.05983758844709586
3802,2.6668756812942807,2.621250412340268,0.04562526895401264
3803,2.622040657594751,2.5770480999731933,0.044992557621557516
3804,2.756574016490805,2.71802865101736,0.03854536547344489
3805,2.9270734637056246,2.9497450269319523,-0.022671563226327685
3806,2.8181141167985024,2.797915201784379,0.020198915014123298
3807,2.5447880702492705,2.5004673828575803,0.04432068739169015
3808,2.593673517358681,2.5301844753434155,0.06348904201526562
3809,2.7055049370333046,2.6832835183967196,0.022221418636585
3810,2.659639715842073,2.6170223204671856,0.0426173953748874
3811,2.737172397786576,2.7078948529861324,0.029277544800443422
3812,2.707552315646633,2.690645655039962,0.01690666060667123
3813,2.650583355224908,2.599463319985715,0.05112003523919295
3814,2.649385493731102,2.618788983666757,0.03059651006434505
3815,2.771029935880102,2.765629335966899,0.005400599913202964
3816,2.8013278926937963,2.7935592601492862,0.007768632544510101
3817,2.6501415077233688,2.6049676247058744,0.045173883017494365
3818,2.7228091749895693,2.670837972025844,0.05197120296372537
3819,2.721953609050766,2.696487868242491,0.025465740808274795
3820,2.647897372923971,2.6064658189388927,0.04143155398507847
3821,2.7350901717594445,2.690005148571788,0.0450850231876565
3822,2.6672502120439603,2.623753376151871,0.04349683589208908
3823,2.8258530634167824,2.8226661006687457,0.003186962748036759
3824,2.6414450549211566,2.6001581429369227,0.04128691198423384
3825,2.5635938061369483,2.5079700158092226,0.055623790327725686
3826,2.780247008382316,2.7727554806902464,0.007491527692069511
3827,2.8924089536318003,2.882722362477764,0.00968659115403625
3828,2.688680976052444,2.6446068727648875,0.044074103287556454
3829,2.747598821484196,2.7366928592581594,0.010905962226036792
3830,2.6613175913184777,2.626640404325637,0.034677186992840614
3831,2.5913555753160753,2.535302098559926,0.056053476756149134
3832,2.587494298303664,2.533720337967754,0.053773960335909976
3833,2.560518218700745,2.4982409991061205,0.06227721959462462
3834,2.7717676079342852,2.745884083207935,0.02588352472635025
3835,2.8779928240681363,2.9036301827667996,-0.02563735869866335
3836,2.838159392201513,2.829078913500776,0.009080478700737249
3837,2.7466593511100004,2.721113666194231,0.025545684915769584
3838,2.736964282352007,2.7216781405850075,0.015286141766999606
3839,2.585119944327354,2.5344738286118313,0.050646115715522466
3840,2.7338004891223546,2.698069427033672,0.03573106208868282
3841,2.6310777526604032,2.578941302201853,0.05213645045855042
3842,2.6938806403538997,2.650739257733733,0.043141382620166535
3843,2.7699068329516043,2.744916767068955,0.024990065882649404
3844,2.6615059696746544,2.625066854367727,0.03643911530692723
3845,2.6140808401837656,2.5574988205892173,0.05658201959454834
3846,2.6096654948787408,2.5651011521691824,0.044564342709558336
3847,2.526857189662098,2.458174959722264,0.0686822299398342
3848,2.5867086782912545,2.5292326885314185,0.05747598975983603
3849,2.7517631796095876,2.7492705744122614,0.002492605197326192
3850,2.5680651850395226,2.514868024323289,0.053197160716233594
3851,2.7081003787868916,2.669820202153082,0.03828017663380967
3852,2.8952244460651753,2.930779461727527,-0.03555501566235186
3853,2.5957110655284543,2.555814177367295,0.03989688816115944
3854,2.6609861419096377,2.6158571854018198,0.0451289565078179
3855,2.592709091785187,2.5305355602306197,0.06217353155456751
3856,2.6422332556208983,2.600253606433464,0.041979649187434465
3857,2.593019070530646,2.550147990418269,0.04287108011237706
3858,2.65185300866849,2.605307098061333,0.04654591060715685
3859,2.849114858240608,2.879544039722204,-0.03042918148159579
3860,2.5560416219970987,2.5021213960319253,0.05392022596517343
3861,2.5802331231970133,2.53134201108099,0.04889111211602337
3862,2.7027812656842483,2.6569820617139546,0.04579920397029369
3863,2.65376794967748,2.616592683235567,0.037175266441912935
3864,2.63026804619202,2.592556376338469,0.03771166985355112
3865,2.57328954862461,2.5193434347134485,0.053946113911161664
3866,2.722034040741951,2.6844927181411453,0.03754132260080567
3867,2.637996138035562,2.6047947319920177,0.03320140604354416
3868,2.928454516971057,2.9460228522472987,-0.017568335276241687
3869,2.643975323783825,2.6025711298391565,0.04140419394466832
3870,2.7430818921029894,2.7385063985268503,0.004575493576139067
3871,2.709327422808148,2.6820071587971257,0.027320264011022388
3872,2.6881321527348345,2.654915444271891,0.033216708462943334
3873,2.689434673857494,2.6552349523461056,0.0341997215113885
3874,2.5954515623293246,2.53513540467426,0.06031615765506482
3875,2.8129115827277213,2.818465774022204,-0.005554191294482536
3876,2.5379237809801483,2.4643863032217252,0.07353747775842301
3877,2.7185073780201163,2.680603722292822,0.03790365572729426
3878,2.684028686863949,2.6528502579459405,0.031178428918008372
3879,2.7531999189516636,2.7276898167101775,0.025510102241486088
3880,2.5592845258430565,2.5023000130546897,0.0569845127883668
3881,2.610741033796574,2.576463084796518,0.03427794900005576
3882,2.686789405283405,2.6399335317624413,0.046855873520963875
3883,2.5773435969205973,2.5244027714667436,0.0529408254538537
3884,2.6440507235237205,2.595984933564904,0.048065789958816385
3885,2.5617812339039316,2.5114953682294283,0.05028586567450333
3886,2.7262290748896203,2.706947300097042,0.01928177479257842
3887,2.6033617008555554,2.5599253008905327,0.04343639996502269
3888,2.6641383697725827,2.6088936572117194,0.055244712560863274
3889,2.832619945992473,2.8311814450870436,0.0014385009054294073
3890,2.5648067799987566,2.5081484104237983,0.05665836957495829
3891,2.5137074709606524,2.4427412178594623,0.07096625310119009
3892,2.8773627517570337,2.8906263644725465,-0.013263612715512796
3893,2.780445522310107,2.7794396357315465,0.0010058865785604887
3894,2.6085785997550786,2.5448585448488994,0.06372005490617916
3895,2.7144958994190826,2.6811196645637434,0.03337623485533925
3896,2.585027862338474,2.5303552641926372,0.054672598145836915
3897,2.72967443361009,2.7197444123412455,0.00993002126884468
3898,2.7089743895314,2.685613882153511,0.02336050737788886
3899,2.6539751251653025,2.6197744443673434,0.034200680797959127
3900,2.7778187554789424,2.754429093047238,0.023389662431704483
3901,2.676179621458923,2.635791929430492,0.040387692028430955
3902,2.7809944956297588,2.7651619842675603,0.01583251136219843
3903,2.5926491320153393,2.544224985681006,0.04842414633433334
3904,2.641428647857913,2.5910200858209858,0.05040856203692723
3905,2.6641848114627593,2.617521236459822,0.046663575002937385
3906,2.6672163169777314,2.631563794728103,0.03565252224962823
3907,2.7725233724413947,2.7764927278182467,-0.003969355376852057
3908,2.736882631037812,2.711563843924189,0.025318787113622676
3909,2.6416268273309758,2.6125651292916907,0.029061698039285044
3910,2.700044255937975,2.66451729858354,0.035526957354434785
3911,2.8793432102763923,2.894901838949538,-0.015558628673145503
3912,2.827610114563861,2.7904295552811025,0.03718055928275854
3913,2.6534467793154315,2.6074186619661073,0.046028117349324216
3914,2.5483138320929823,2.4877580918556377,0.06055574023734467
3915,2.7133483449971627,2.679642725635086,0.03370561936207661
3916,2.7931303020675826,2.7705993328154497,0.022530969252132937
3917,2.799054954899566,2.8110032843886548,-0.01194832948908875
3918,2.579702616856834,2.5240893883595077,0.05561322849732653
3919,2.653519323248481,2.6188863211964453,0.03463300205203579
3920,2.5426150285171767,2.474295931802578,0.06831909671459879
3921,2.588487388484088,2.54319368588408,0.04529370260000842
3922,2.893939253916761,2.9058501036357143,-0.011910849718953287
3923,2.6569096324485626,2.6089454844742814,0.04796414797428117
3924,2.557781753529532,2.5006014630147515,0.05718029051478046
3925,2.861633036061145,2.8515518073544883,0.01008122870665673
3926,2.564212490947569,2.509611845251783,0.054600645695786376
3927,2.7188106710709907,2.6851325771005454,0.0336780939704453
3928,2.7407910893304535,2.698913129156911,0.041877960173542395
3929,2.841445071134897,2.830936986136027,0.010508084998869904
3930,2.6392839352892046,2.6000174558308324,0.03926647945837214
3931,2.7229344294667275,2.697790114600321,0.025144314866406337
3932,2.651748735388162,2.5997907595261873,0.05195797586197459
3933,2.6883529002214104,2.652128662323596,0.03622423789781459
3934,2.6838804194577834,2.660876854158341,0.023003565299442474
3935,2.8119793622216496,2.8118068441296122,0.0001725180920373326
3936,2.7557381401664904,2.711912475876288,0.043825664290202404
3937,2.7398321501900016,2.7089968418227057,0.030835308367295866
3938,2.5317823044567596,2.467796026433347,0.06398627802341261
3939,2.6897255092741617,2.6346751423193977,0.05505036695476395
3940,2.7164292553103304,2.68447189824588,0.03195735706445024
3941,2.6435801172698232,2.5904884668996186,0.05309165037020458
3942,2.7374246210005175,2.7130282845793436,0.024396336421173892
3943,2.699520857508695,2.6596796301147796,0.03984122739391527
3944,2.6414975250388686,2.590619981113396,0.0508775439254725
3945,2.7756989304366613,2.7547824889158528,0.020916441520808515
3946,2.7892602069527563,2.77007649729428,0.019183709658476378
3947,2.6534055264798457,2.605598766342053,0.047806760137792725
3948,2.579230970918507,2.5230393602975347,0.05619161062097211
3949,2.63319859244825,2.5905149353086503,0.04268365713959987
3950,2.5671013397499105,2.5141333520592157,0.05296798769069477
3951,2.906221714346737,2.9186369132200416,-0.012415198873304778
3952,2.8465692373791955,2.8514396527179247,-0.004870415338729117
3953,2.6911544379686596,2.6400259393649965,0.051128498603663086
3954,2.6732912234011024,2.6385250957738933,0.0347661276272091
3955,2.9271744927806287,2.9278294201580866,-0.0006549273774578701
3956,2.603782512598805,2.553248468519151,0.050534044079654006
3957,2.671906273052981,2.641812980927525,0.030093292125456195
3958,2.73604120725476,2.7051853778198005,0.03085582943495968
3959,2.581506323154135,2.528687479579139,0.05281884357499589
3960,2.7161846118014163,2.69895744844198,0.017227163359436304
3961,2.7337502164251277,2.6989530771270074,0.03479713929812034
3962,2.6158576962661533,2.5765712894800528,0.039286406786100514
3963,2.572056412526119,2.5133664503707642,0.058689962155354714
3964,2.66737303719568,2.650549396270417,0.016823640925262673
3965,2.643416202116452,2.5878846221382137,0.0555315799782381
3966,2.7892306965336875,2.774434077878579,0.014796618655108507
3967,2.6310691326412896,2.585471499123082,0.04559763351820756
3968,2.6176645391940303,2.5746037300681315,0.043060809125898825
3969,2.7892163498984344,2.751609823017537,0.037606526880897384
3970,2.6827068199330455,2.6499889747971657,0.03271784513587983
3971,2.6535914999635035,2.6071579780418945,0.04643352192160899
3972,2.706432618291022,2.6688365565514376,0.0375960617395843
3973,2.6789213223466026,2.633970125635699,0.04495119671090375
3974,2.5874511280369,2.5234164091701596,0.06403471886674028
3975,2.848777959337421,2.8659358527105927,-0.01715789337317153
3976,2.8715946562658856,2.8850489329431137,-0.013454276677228094
3977,2.7257062563090564,2.712608347069363,0.01309790923969345
3978,2.6002376715636486,2.5629698445950666,0.037267826968581996
3979,2.654389418814339,2.6028454532164504,0.05154396559788843
3980,2.652283043628475,2.6310978030326604,0.021185240595814392
3981,2.738762570547929,2.709331524681193,0.02943104586673595
3982,2.589971666245032,2.5246856204367627,0.06528604580826913
3983,2.6316178357112694,2.5799249184419915,0.05169291726927794
3984,2.6710209299746652,2.634969679705356,0.03605125026930933
3985,2.95253119082952,2.9858521859336307,-0.03332099510411046
3986,2.7915905702343364,2.779364707191405,0.012225863042931273
3987,2.504246622960217,2.426853756977141,0.07739286598307604
3988,2.703456637215906,2.663275671372301,0.04018096584360498
3989,2.7075406596974445,2.682909885222681,0.024630774474763584
3990,2.6008952532503975,2.55920357000329,0.04169168324710748
3991,2.831571877070225,2.8386215058334217,-0.0070496287631964805
3992,2.8311702989596075,2.8166352996588437,0.01453499930076374
3993,2.629234959486913,2.5938697405015883,0.03536521898532463
3994,2.6174344231193354,2.5813895414114003,0.03604488170793507
3995,2.692692586072709,2.6692492073976704,0.023443378675038762
3996,2.7305761954569436,2.6932307881011375,0.03734540735580616
3997,2.5631931493037836,2.5004073760444476,0.06278577325933599
3998,2.780836711352909,2.7615499625426705,0.019286748810238397
3999,2.751847724208558,2.7342614830357173,0.01758624117284091
4000,2.777394595545955,2.778541830278212,-0.0011472347322571963
4001,2.478852018297354,2.4081779410817488,0.07067407721560537
4002,2.749319480323941,2.7221387058077244,0.027180774516216477
4003,2.7904364042602716,2.7506152408741227,0.03982116338614894
4004,2.578660023769081,2.5371212541275683,0.04153876964151282
4005,2.784304782983216,2.772921698177906,0.01138308480531025
4006,2.767446683257851,2.770573930911444,-0.0031272476535932903
4007,2.7617964070569228,2.728294106241233,0.03350230081568961
4008,2.798369777643027,2.7908850031663204,0.0074847744767065905
4009,2.6010839497923777,2.574393894019592,0.026690055772785826
4010,2.7801145593214103,2.791587516520371,-0.01147295719896091
4011,2.5553388356481785,2.5069169318129823,0.04842190383519629
4012,2.6116372683937867,2.569558426571653,0.04207884182213384
4013,2.7890373478769868,2.7574696955254194,0.03156765235156733
4014,2.9836816219880316,3.005798805484757,-0.022117183496725534
4015,2.649837825318355,2.596483819415851,0.05335400590250439
4016,2.5826764069996995,2.5236957351222777,0.05898067187742173
4017,2.651829979542826,2.6151129823686055,0.03671699717422072
4018,2.5319753289575133,2.4768863137833885,0.05508901517412479
4019,2.614722478036982,2.5704168944273897,0.04430558360959225
4020,2.731836572526009,2.720353885869092,0.011482686656917096
4021,2.5965126682505764,2.5390361052791066,0.05747656297146975
4022,2.684643059929294,2.638625083412884,0.04601797651640993
4023,2.6782058114525022,2.6627187662217993,0.01548704523070299
4024,2.651434126565226,2.6090218805210643,0.042412246044161606
4025,2.676149482092756,2.635305629309081,0.04084385278367497
4026,2.6041524848876456,2.5545350231307626,0.049617461756882975
4027,2.5803945362281984,2.5187635779766766,0.06163095825152176
4028,2.6524506136661765,2.6285579668472776,0.02389264681889891
4029,2.832734522688455,2.834423932352666,-0.001689409664210828
4030,2.837414786006658,2.816211464892063,0.021203321114594775
4031,2.6148134450927083,2.568976835678384,0.045836609414324325
4032,2.6661639447752594,2.6263929184383232,0.03977102633693619
4033,2.6895248982744637,2.6579189190950534,0.031605979179410326
4034,2.788438311938732,2.782814308695472,0.005624003243259956
4035,2.911383640644115,2.9231270194199896,-0.011743378775874724
4036,2.725476168130737,2.7062775872788216,0.01919858085191528
4037,2.672822043149235,2.650731049383887,0.022090993765347733
4038,2.76240617371583,2.7444874451233767,0.01791872859245336
4039,2.688425896288381,2.6490917829259852,0.03933411336239567
4040,2.675313229276821,2.634269974793849,0.04104325448297219
4041,2.739141767982177,2.717059244546265,0.022082523435912105
4042,2.6672504148773317,2.619804498800148,0.047445916077183625
4043,2.6924020077445205,2.6556419727696303,0.03676003497489022
4044,2.6504642934391596,2.6042352390817234,0.04622905435743618
4045,2.7651234699081666,2.7566437276549305,0.008479742253236111
4046,2.6146042136916274,2.5608525406494578,0.053751673042169656
4047,2.6320243151608,2.5734587530004878,0.05856556216031228
4048,2.6718824015180243,2.6410031204786892,0.030879281039335016
4049,2.745653084413834,2.7326828956868328,0.012970188727001286
4050,2.6436050022552964,2.5921785315246835,0.051426470730612905
4051,2.709728793153602,2.667408957899503,0.042319835254099214
4052,2.605468166573879,2.5547614866460027,0.05070667992787614
4053,2.769526454470832,2.760823950775543,0.008702503695289021
4054,2.683484938017324,2.6396334728423665,0.043851465174957305
4055,2.611632407955596,2.571094904784774,0.04053750317082194
4056,2.592031023553412,2.5537058480865324,0.038325175466879635
4057,2.727032016778944,2.6955253179218253,0.031506698857118653
4058,2.85693695593333,2.879399284264873,-0.022462328331542825
4059,2.508725453882027,2.4567891654812413,0.0519362884007859
4060,2.6866232517821205,2.6432265837173157,0.0433966680648048
4061,2.5967954324967524,2.543427243466514,0.05336818903023843
4062,2.9100834285784947,2.9281594169660177,-0.018075988387523
4063,2.8828389921235877,2.9394474512539164,-0.05660845913032864
4064,2.69326567188737,2.6563321936346522,0.036933478252717755
4065,2.688779512519004,2.6491004987682283,0.03967901375077565
4066,2.7108137045177707,2.675296203118461,0.03551750139930965
4067,2.874798773165642,2.89664345256541,-0.021844679399768197
4068,2.7570391635637006,2.722050162839722,0.03498900072397859
4069,2.6529913868073405,2.606194474809237,0.04679691199810332
4070,2.755393756465322,2.7378961251832346,0.01749763128208759
4071,2.8041608635558437,2.8219658456051473,-0.017804982049303586
4072,2.6536353243969315,2.598698924015017,0.054936400381914385
4073,2.5576484203452265,2.485626590101615,0.07202183024361153
4074,2.5585057475802913,2.486605767220853,0.07189998035943823
4075,2.649583296007659,2.620223083188003,0.029360212819656173
4076,2.79716053438783,2.785239291640407,0.011921242747422678
4077,2.815718720303801,2.815573467499283,0.0001452528045180479
4078,2.7117635003209473,2.661004914738254,0.05075858558269308
4079,2.8125098058300386,2.7858171173743873,0.026692688455651314
4080,2.55745028659122,2.503997052581746,0.05345323400947377
4081,2.704695679684092,2.680259125183087,0.024436554501005237
4082,2.806029694642112,2.785490011224024,0.020539683418087762
4083,2.531979007477349,2.4645752162815078,0.06740379119584139
4084,2.828079161051695,2.801046923534831,0.027032237516863677
4085,2.608097906188469,2.5610271574456966,0.047070748742772395
4086,2.549530843763479,2.494873329485293,0.05465751427818599
4087,2.670781190563492,2.6457982972984406,0.02498289326505132
4088,2.6905303999016006,2.6425852999968535,0.047945099904747046
4089,2.666501217436629,2.615294770259686,0.051206447176943115
4090,2.7188999812183883,2.6875208389353,0.031379142283088246
4091,2.6920664332770583,2.638650545935014,0.0534158873420445
4092,2.675412402231437,2.636338758179448,0.03907364405198921
4093,2.5485309146892803,2.4939530734151174,0.054577841274162875
4094,2.5844257288497827,2.535207024389995,0.0492187044597876
4095,2.860841215757974,2.847434843032545,0.013406372725428994
4096,2.835883681401001,2.8206872724713987,0.015196408929602168
4097,2.6893248837276653,2.6504600614764393,0.038864822251226006
4098,2.693390382404138,2.6458218068510058,0.04756857555313232
4099,2.6611188542782114,2.627421537545215,0.03369731673299636
4100,2.8118461131389045,2.7924875503107827,0.019358562828121872
4101,2.812849742408266,2.804597935385418,0.008251807022848112
4102,2.849397799466511,2.8232368601465567,0.026160939319954224
4103,2.7048775183605143,2.6706399485844816,0.03423756977603265
4104,2.6715069963621514,2.633845515486002,0.03766148087614951
4105,2.7056944532356377,2.6918187902174164,0.013875663018221296
4106,2.6626756741332693,2.613336811053629,0.049338863079640305
4107,2.680681970711305,2.6464869287636508,0.034195041947654214
4108,2.849375574990967,2.844904220726642,0.0044713542643251
4109,2.616890637400764,2.5717488650289235,0.04514177237184036
4110,2.726750271411158,2.6999423651256014,0.026807906285556626
4111,2.5810272974460093,2.536637756692001,0.04438954075400847
4112,2.7353743315643904,2.730191769401343,0.005182562163047244
4113,2.715464614178332,2.687865888984613,0.027598725193719087
4114,2.7323932286214245,2.7028257950758756,0.029567433545548916
4115,2.5429397334745207,2.4810599939591933,0.06187973951532744
4116,2.8705027595843564,2.8707061197023083,-0.00020336011795185627
4117,2.6083227087923033,2.557337487815718,0.05098522097658531
4118,2.6697128576713443,2.6317769768790766,0.03793588079226762
4119,2.7200357756577516,2.69357229401118,0.02646348164657164
4120,2.6942112984755946,2.657819827313714,0.036391471161880684
4121,2.7801619127499144,2.7580369527163646,0.0221249600335498
4122,2.776663167821968,2.7527681791900043,0.02389498863196371
4123,2.536486308672146,2.4681767021230123,0.06830960654913376
4124,2.6332634426687203,2.5802816652738563,0.05298177739486398
4125,2.5205239860456095,2.4494501313857433,0.07107385465986615
4126,2.6979817940972595,2.6854520476756423,0.012529746421617194
4127,2.677279845024852,2.6442947064998426,0.03298513852500928
4128,2.624795167137476,2.581975487444634,0.04281967969284217
4129,2.687541389259321,2.656930475060204,0.0306109141991171
4130,2.652560563154337,2.606681532477608,0.04587903067672938
4131,2.8430914532071077,2.851958836966204,-0.008867383759096459
4132,2.682689599340653,2.663464447430617,0.019225151910036153
4133,2.6382647507140358,2.597925960504462,0.04033879020957398
4134,2.6957756279583345,2.6457774586749214,0.04999816928341305
4135,3.118527869236381,3.2073216965763924,-0.08879382734001151
4136,2.696907164009421,2.702835093823975,-0.005927929814554034
4137,2.6249184606842704,2.5769809516607602,0.04793750902351013
4138,2.68705472631065,2.6469415721272265,0.04011315418342365
4139,2.686373938512417,2.6678010639349763,0.0185728745774405
4140,2.6821859376043338,2.63972842651607,0.0424575110882639
4141,2.8718927315886065,2.8743733483802383,-0.0024806167916318067
4142,2.5507218112024237,2.4900497606516674,0.06067205055075631
4143,2.641209091729744,2.6060291896959393,0.03517990203380483
4144,2.59214623362906,2.5482343563998686,0.04391187722919154
4145,2.6776965113020763,2.635714917289369,0.04198159401270729
4146,2.79367468845986,2.7669559906019905,0.02671869785786951
4147,2.67905030155744,2.6356533601197816,0.04339694143765849
4148,2.656767100882069,2.612901471632695,0.04386562924937376
4149,2.6254555187164197,2.576455995344391,0.04899952337202862
4150,2.618740284807612,2.566002741694147,0.0527375431134649
4151,2.7859039142023585,2.743845585755948,0.04205832844641044
4152,2.558313987516816,2.4940812666427083,0.06423272087410759
4153,2.7317988820506076,2.6930781717738173,0.03872071027679036
4154,3.1329051535524943,3.1995060991377113,-0.06660094558521701
4155,2.6561791843072124,2.609105123082484,0.047074061224728236
4156,2.637509141381489,2.5902007906188014,0.04730835076268747
4157,2.7603520874514595,2.7250123841766447,0.03533970327481484
4158,2.7295999192033085,2.6874088245180743,0.04219109468523419
4159,2.6909700921613076,2.645599590332658,0.045370501828649434
4160,2.6991386004716316,2.6633602253666218,0.03577837510500981
4161,2.6887197597542998,2.668951459133396,0.019768300620903734
4162,2.7273304346700833,2.688106362537988,0.03922407213209533
4163,2.686017332538886,2.6417712485722884,0.04424608396659746
4164,2.665642052652824,2.634250088511504,0.03139196414131984
4165,2.7211004357326654,2.6713243965927322,0.049776039139933115
4166,2.625225013124778,2.558934659115043,0.06629035400973526
4167,2.5887352296001667,2.545899463601861,0.04283576599830585
4168,2.8761958652241804,2.8827628153772915,-0.006566950153111151
4169,2.769154746370901,2.765076069958956,0.004078676411944926
4170,2.810528714553829,2.80501487946269,0.005513835091139008
4171,2.7125955494474483,2.6803315917393866,0.032263957708061675
4172,2.57413988566964,2.51069010879012,0.06344977687952014
4173,2.799730276176456,2.7981736726955946,0.001556603480861618
4174,2.783468593682828,2.7830287801252287,0.00043981355759914464
4175,2.7140647256917214,2.67322139671934,0.04084332897238152
4176,2.6547626013404724,2.615144439559298,0.039618161781174166
4177,2.778038165850722,2.766435748636579,0.011602417214143124
4178,2.589902615500647,2.5587694923343443,0.031133123166302568
4179,2.6582860351775994,2.6299135088100183,0.02837252636758114
4180,2.8374709785735295,2.8431981391333254,-0.005727160559795941
4181,2.659758801603882,2.6167352044695327,0.043023597134349334
4182,2.6828451665456994,2.6353316274982403,0.04751353904745903
4183,2.7107066065088246,2.6783230609372652,0.03238354557155931
4184,2.6441429236651963,2.6079540343564354,0.03618888930876096
4185,2.6978873907792176,2.663944261067035,0.03394312971218261
4186,2.6018660905312765,2.556450056956596,0.04541603357468027
4187,2.6745176882953783,2.635964907430678,0.038552780864700154
4188,2.686087779385745,2.6439667401703435,0.042121039215401446
4189,2.588399202974723,2.538382793756381,0.05001640921834216
4190,2.8627297650379044,2.8477245452109887,0.015005219826915717
4191,2.7028208771795135,2.6493290809192644,0.053491796260249025
4192,2.6925963955282164,2.6861815404246627,0.006414855103553663
4193,2.661888166860116,2.6345304092129354,0.027357757647180847
4194,2.626098110056604,2.576253242377904,0.04984486767870022
4195,2.812526901771141,2.7953566919359836,0.01717020983515738
4196,2.6253486332002884,2.5950485104042995,0.030300122795988926
4197,2.588166402474992,2.528048420304705,0.0601179821702873
4198,2.626762776883126,2.5765639964390816,0.050198780444044466
4199,2.590268406085069,2.5477519032612186,0.042516502823850555
4200,2.614130093794825,2.5559753629630073,0.05815473083181777
4201,2.820698301565948,2.828488281239349,-0.007789979673400893
4202,2.7839023707399213,2.763457850356125,0.020444520383796405
4203,2.6692212211892943,2.625361719476449,0.04385950171284536
4204,2.6473082592101784,2.5989927007553546,0.048315558454823826
4205,2.645841698699111,2.601432935707049,0.04440876299206176
4206,2.578737517261196,2.5286383087817583,0.05009920847943761
4207,2.635457707310417,2.5893068338235468,0.0461508734868703
4208,2.716840588392506,2.6849355081767827,0.03190508021572347
4209,2.7268082753006198,2.698802129223615,0.02800614607700469
4210,2.750337117980506,2.7122726434132045,0.03806447456730133
4211,2.5889193191945337,2.5358813385717442,0.053037980622789416
4212,2.6592897235986968,2.6231999633925067,0.036089760206190036
4213,2.6517643375955484,2.6271638134801214,0.024600524115427014
4214,2.8869234884321617,2.907541801271804,-0.02061831283964244
4215,2.789323985862753,2.792603544142831,-0.0032795582800777545
4216,2.572162364441456,2.5233842931032373,0.048778071338218876
4217,2.7601234853509307,2.7409895759565797,0.019133909394351
4218,2.846204243846902,2.840803273804076,0.005400970042825914
4219,2.6378556276707608,2.5956401369957116,0.04221549067504915
4220,2.7112059254522736,2.683736529700842,0.02746939575143159
4221,2.6279048214532033,2.567284723266216,0.060620098186987104
4222,2.77982372682414,2.7921713936951784,-0.012347666871038498
4223,2.847637504758597,2.8430945526441804,0.004542952114416465
4224,2.621202606317355,2.5668122078986335,0.054390398418721286
4225,2.8821037790852744,2.9151713938410015,-0.03306761475572717
4226,2.669452827159737,2.634108547495786,0.03534427966395093
4227,2.6432466341338308,2.6078083599134936,0.035438274220337185
4228,2.622204629449716,2.556558610331215,0.0656460191185011
4229,2.593187337134772,2.5347878895555174,0.05839944757925464
4230,2.6683048144551305,2.6403347332151865,0.027970081239943934
4231,2.7087148295989314,2.680921955666655,0.027792873932276585
4232,2.642417207835978,2.590131290923901,0.05228591691207729
4233,2.6465658719110077,2.613690378931942,0.03287549297906578
4234,2.642462155514431,2.5991099146692744,0.043352240845156764
4235,2.8425343074558165,2.8373872702897756,0.005147037166040924
4236,2.7718926623432676,2.748160692502283,0.02373196984098458
4237,2.6913439987610137,2.652369073164079,0.03897492559693472
4238,2.8002575533625333,2.7862074435844457,0.014050109778087627
4239,2.709080786830061,2.688331172629639,0.020749614200421984
4240,2.716845326067834,2.7152407292548624,0.001604596812971426
4241,2.6007220225597254,2.55090672288212,0.04981529967760556
4242,2.5052604441872526,2.4475004041004453,0.05776004008680724
4243,2.6459748590088705,2.5847437028923212,0.06123115611654928
4244,2.7137859121447363,2.7096766230397895,0.0041092891049467895
4245,2.821469836842926,2.8156161393471666,0.00585369749575948
4246,2.6177766987891538,2.5877943270596835,0.02998237172947027
4247,2.657177547187074,2.6187807414020376,0.03839680578503657
4248,2.710660873183793,2.6970018264691666,0.013659046714626477
4249,2.6879236795638453,2.650638724525743,0.037284955038102474
4250,2.5700787193497354,2.504350663700699,0.0657280556490365
4251,2.635437074464397,2.6050894168989487,0.030347657565448216
4252,2.5252122037198035,2.456110115706943,0.06910208801286055
4253,2.6716049814253657,2.635552033496733,0.03605294792863267
4254,2.674379553004838,2.621152563107411,0.053226989897427135
4255,2.7235957759296965,2.6997934354981843,0.023802340431512192
4256,2.6507684599435324,2.6161174704353907,0.034650989508141716
4257,2.6566503223970823,2.611913945700626,0.04473637669645614
4258,2.6352514334625217,2.5804898826096068,0.0547615508529149
4259,2.75792128829987,2.7383299178723797,0.01959137042749015
4260,2.646664109834616,2.608167145279958,0.03849696455465779
4261,2.6018293783193296,2.556169564131824,0.04565981418750553
4262,2.659242565839377,2.623175186222336,0.036067379617040984
4263,2.5550041269975585,2.499712885840482,0.05529124115707651
4264,2.7486817689045147,2.7384574106396915,0.010224358264823152
4265,2.77210069986511,2.757703176347711,0.01439752351739898
4266,2.754088973161822,2.740800522688983,0.01328845047283922
4267,2.659468237807584,2.6343243152007023,0.025143922606881475
4268,2.727342552601967,2.6846613574177227,0.04268119518424429
4269,2.7579555700774154,2.7508710718708724,0.0070844982065429996
4270,2.732996916508029,2.7120730378683278,0.020923878639701243
4271,2.728555694878851,2.707138569195631,0.02141712568321985
4272,2.58164482821492,2.5346871733217045,0.04695765489321557
4273,2.5723977232520445,2.516613362834419,0.05578436041762558
4274,2.581511268772713,2.5559952635114547,0.02551600526125819
4275,2.728962749508133,2.69923089287403,0.02973185663410316
4276,2.632703056343661,2.5923095897148585,0.04039346662880261
4277,2.6954171672941314,2.6506134769682075,0.044803690325923906
4278,2.7962439074668906,2.768459633987459,0.027784273479431576
4279,2.651401205433185,2.608205830046374,0.04319537538681084
4280,2.5949641853759062,2.5313410387133173,0.06362314666258895
4281,2.673439928310768,2.638801789118585,0.03463813919218284
4282,2.733258920047936,2.7138295968905535,0.019429323157382328
4283,2.788663090993523,2.7563482778105066,0.03231481318301643
4284,2.6563948186215827,2.6261259915728616,0.030268827048721025
4285,2.690891276047636,2.665569669756869,0.02532160629076685
4286,2.7598605465587216,2.7186346159513812,0.041225930607340366
4287,2.7105902006345377,2.6807460687320575,0.029844131902480253
4288,2.7787621194822774,2.748897635166981,0.029864484315296203
4289,2.7369383444826143,2.687733916881699,0.049204427600915146
4290,2.7844431934248868,2.755259689821184,0.02918350360370292
4291,2.6576822630614396,2.628033890597019,0.029648372464420536
4292,2.8670096479786813,2.870114603241459,-0.0031049552627777643
4293,2.8668996180352706,2.8667829598354064,0.00011665819986417247
4294,2.6245414513676795,2.5742985797997155,0.05024287156796392
4295,2.604455166686343,2.564633553266244,0.039821613420099045
4296,2.7536302724108928,2.7459579819136914,0.007672290497201306
4297,2.664229844948353,2.62232079091498,0.04190905403337286
4298,2.6346917336364073,2.59141045252738,0.043281281109027514
4299,2.780525682366577,2.77341736525531,0.007108317111267137
4300,2.893692831791097,2.902475557723612,-0.008782725932515056
4301,2.591786877130338,2.54503482796582,0.04675204916451792
4302,2.8720579251681793,2.881438366970037,-0.00938044180185793
4303,2.5795953540048373,2.531061275888366,0.04853407811647115
4304,2.619336278049074,2.5728055518302804,0.04653072621879373
4305,2.638752248705913,2.5899124779557456,0.04883977075016732
4306,2.7981580701111217,2.786394824904443,0.011763245206678707
4307,2.8348249650443353,2.822488584350189,0.012336380694146332
4308,2.687839362539515,2.6525934736798926,0.03524588885962254
4309,2.6240473645760876,2.571999485604319,0.05204787897176866
4310,2.811871774500855,2.8148968507715115,-0.0030250762706565126
4311,2.6367922415822926,2.5924449739572455,0.04434726762504715
4312,2.6622470646726746,2.6354182825192742,0.026828782153400343
4313,2.78378759507783,2.7623437261017374,0.021443868976092517
4314,2.6360767182958993,2.586692262738024,0.049384455557875295
4315,2.570574173053039,2.5237745444667286,0.04679962858631059
4316,2.7857516026060414,2.772567635516728,0.013183967089313242
4317,2.716969260935732,2.6846557755225717,0.03231348541316015
4318,2.6794113189523237,2.6292557761965996,0.05015554275572409
4319,2.621274573848638,2.575236239182914,0.046038334665723823
4320,2.810644190083304,2.7998932100634066,0.010750980019897494
4321,2.610741035676311,2.553906823848616,0.056834211827695214
4322,2.830256873581126,2.8334163444987124,-0.0031594709175863933
4323,2.672093335320708,2.6184622626166245,0.053631072704083405
4324,2.6543777217571627,2.6184487556830383,0.035928966074124435
4325,2.7029467123272064,2.6534034561711426,0.04954325615606381
4326,2.8970475877805377,2.922538657795833,-0.02549107001529549
4327,2.6312748484473762,2.591807293921351,0.03946755452602524
4328,2.8555055479450018,2.891917987433952,-0.03641243948895001
4329,2.5961193404482934,2.547616507039428,0.04850283340886552
4330,2.651246546210327,2.6114848219693902,0.039761724240936935
4331,2.691090495376003,2.6533630033849414,0.03772749199106151
4332,2.799236482051132,2.763317704310702,0.03591877774042995
4333,2.715572198283923,2.6753723005960173,0.04019989768790566
4334,2.616252744470094,2.55643167853589,0.059821065934203776
4335,2.648508517673723,2.6036337006531602,0.04487481702056284
4336,2.788114077315963,2.765321290613445,0.022792786702518164
4337,2.6819784014964405,2.636010530422732,0.045967871073708366
4338,2.590099869081478,2.541687140503588,0.04841272857788992
4339,2.5236052113886576,2.454045642486882,0.06955956890177539
4340,2.7744239032340463,2.747813072254165,0.02661083097988115
4341,2.6196674220877227,2.588279598390838,0.03138782369688453
4342,2.6243375312762707,2.5708077423954183,0.05352978888085236
4343,2.6091500728213903,2.563325606057526,0.045824466763864535
4344,2.7069891118053837,2.6648281885466383,0.04216092325874543
4345,2.6492991449915486,2.5926480804388627,0.05665106455268587
4346,2.5511222307035504,2.4890829446463245,0.06203928605722586
4347,2.7497054712383453,2.717875594886833,0.031829876351512354
4348,2.5339673803602456,2.47080195495309,0.06316542540715542
4349,2.4911701682767333,2.4239708291521826,0.06719933912455067
4350,2.7107309925839917,2.667291854079213,0.04343913850477854
4351,2.555986611919791,2.522286060552612,0.03370055136717909
4352,2.8377791712921705,2.838499897417517,-0.0007207261253463493
4353,2.652741394947346,2.6065774366256114,0.04616395832173481
4354,2.57586467948522,2.5171147967519247,0.05874988273329507
4355,2.8489527720854766,2.8407849471555298,0.008167824929946832
4356,2.826703150391682,2.79959595131266,0.02710719907902215
4357,2.6687873747252993,2.637334254644593,0.03145312008070622
4358,2.6310270617021336,2.589919843899424,0.04110721780270943
4359,2.8003273680710015,2.773165310997375,0.0271620570736264
4360,2.5680614675493234,2.4975260856321935,0.07053538191712994
4361,2.7009551786725825,2.6769587114865314,0.023996467186051085
4362,2.652165448928296,2.5936579503776493,0.05850749855064663
4363,2.583351676789284,2.5261090643615822,0.0572426124277019
4364,2.7703549230376434,2.7674509697489467,0.002903953288696748
4365,3.0110778399263833,3.0514725443900206,-0.04039470446363724
4366,2.8446504468815195,2.8569349155920554,-0.0122844687105359
4367,2.783351809189104,2.7741229892115973,0.009228819977506575
4368,2.59407721574325,2.5416467324248444,0.052430483318405496
4369,2.800055178307658,2.784899948124767,0.015155230182891
4370,2.531255090620895,2.460050361220103,0.07120472940079203
4371,2.701355746147288,2.6626819026255624,0.03867384352172554
4372,2.5646528286780432,2.4967775471709,0.06787528150714328
4373,2.9333740573420886,2.956015789197213,-0.022641731855124636
4374,2.7903501008134706,2.7894439764386756,0.000906124374794981
4375,2.5960474969996707,2.5461581498708186,0.04988934712885218
4376,2.8285594187989336,2.815800527097297,0.012758891701636799
4377,2.6464745053447074,2.6295500348598813,0.01692447048482615
4378,2.6090254101983867,2.555449943002734,0.05357546719565276
4379,2.6222288562071876,2.5857830051219373,0.036445851085250336
4380,2.989218254194124,3.031930401324795,-0.04271214713067106
4381,2.6422056723917193,2.6012890803722724,0.04091659201944697
4382,2.781773811198935,2.7585617786368766,0.023212032562058393
4383,2.7320331595296237,2.7192411591183614,0.012792000411262272
4384,2.8363442507768344,2.826455589515127,0.009888661261707288
4385,2.670017065838051,2.6244998025120636,0.04551726332598749
4386,2.6135430009110965,2.5683833720739773,0.045159628837119214
4387,2.635569787844687,2.604453306037637,0.031116481807050178
4388,2.518486267966544,2.4493909729389824,0.0690952950275614
4389,2.664787145425801,2.6434302796015077,0.021356865824293525
4390,2.68944733165709,2.662493791891447,0.026953539765643075
4391,2.753659975086195,2.738785425465624,0.01487454962057111
4392,2.593969163429367,2.533128034624981,0.06084112880438575
4393,2.6447083511189797,2.5950673069757033,0.049641044143276414
4394,2.5120596298404325,2.447492702903808,0.06456692693662447
4395,2.910924415677813,2.9100244914671993,0.0008999242106138006
4396,2.683832620927753,2.6494500909171963,0.03438253001055669
4397,2.5735982599058436,2.506456649342854,0.0671416105629894
4398,2.705276083117914,2.677331192552311,0.027944890565602787
4399,2.7109712476241468,2.7026860631091916,0.00828518451495519
4400,2.731073981847356,2.683016057367857,0.04805792447949919
4401,2.6819997499529684,2.6481795186844224,0.03382023126854605
4402,2.687086155389975,2.6603504950307815,0.026735660359193503
4403,2.6856121904916517,2.6703322598341206,0.015279930657531082
4404,2.6758463901734597,2.6520393090304206,0.02380708114303909
4405,2.5151551388223647,2.44037496590896,0.07478017291340455
4406,2.7185032787081207,2.6861308489159277,0.032372429792193014
4407,2.628181622033534,2.579920538484051,0.048261083549483
4408,2.7312925996432154,2.7152065739934446,0.016086025649770797
4409,2.6723310262387976,2.6364076950805386,0.035923331158258964
4410,2.9055415912860667,2.937725523627599,-0.03218393234153227
4411,2.7091241997629827,2.6750840462878673,0.03404015347511535
4412,2.707063184455984,2.693019647956809,0.014043536499174891
4413,2.5958940659230136,2.5567838334979145,0.039110232425099145
4414,2.6215360782248025,2.581440019243787,0.040096058981015315
4415,2.6216126724487334,2.5778612361665956,0.043751436282137846
4416,2.695921247716911,2.663499518459732,0.032421729257179344
4417,2.6482645428286022,2.5933595467326196,0.05490499609598265
4418,2.8390073803034213,2.8613130707001337,-0.022305690396712485
4419,2.5523995102036183,2.493299862011051,0.05909964819256741
4420,2.5932533561036486,2.543279441313027,0.04997391479062152
4421,2.7273018429936107,2.6997584023979027,0.027543440595708013
4422,2.5296013670355597,2.4787786235521727,0.050822743483387
4423,2.6229096542709986,2.5904707774305478,0.03243887684045088
4424,2.6202527911084603,2.5739418969089582,0.04631089419950207
4425,2.551128363902453,2.508177110854596,0.04295125304785685
4426,2.7430923555115556,2.721506669183727,0.021585686327828757
4427,2.917419752409013,2.9410923983427075,-0.023672645933694447
4428,2.6074627107110997,2.560088200172057,0.047374510539042625
4429,2.625666819056363,2.579949125071204,0.0457176939851589
4430,2.7800350365045614,2.757808489114095,0.02222654739046659
4431,2.6404018990507954,2.599323280296768,0.041078618754027296
4432,2.6328951108511762,2.5776508883809286,0.05524422247024763
4433,2.6850462460298705,2.651508602214019,0.03353764381585167
4434,2.63519434138487,2.5698433289406206,0.06535101244424935
4435,2.543254026320939,2.4851211598324148,0.058132866488524115
4436,2.8440296969105625,2.863792037004528,-0.01976234009396549
4437,2.63821629630534,2.6231819664854417,0.015034329819898495
4438,2.8614362385220122,2.902239009164544,-0.040802770642531794
4439,2.652033176151098,2.5931396207416064,0.058893555409491594
4440,2.6299584002885963,2.5759058198425424,0.05405258044605388
4441,2.606992174734276,2.5671993784644003,0.03979279626987564
4442,2.6059572366473542,2.557120575556103,0.04883666109125118
4443,2.643412318973839,2.595970926860433,0.04744139211340581
4444,2.5502318497335335,2.479049128323029,0.07118272141050452
4445,2.5981903239943804,2.5596157613317967,0.038574562662583745
4446,2.7478204134308784,2.734273008820539,0.01354740461033943
4447,2.702696971278909,2.659673787424683,0.04302318385422588
4448,2.569733862344426,2.510762663713286,0.05897119863114009
4449,2.6517718952179954,2.6015312971391116,0.050240598078883814
4450,2.5935115627206358,2.54118978610303,0.05232177661760584
4451,2.5437124144669867,2.4784808710917487,0.06523154337523795
4452,2.896615139997998,2.9154762047088014,-0.01886106471080362
4453,2.7921485437728695,2.7698863977298736,0.022262146042995923
4454,2.611939651681364,2.5573516521676614,0.054587999513702634
4455,2.726568261562362,2.7175951260129696,0.008973135549392275
4456,2.5489433828212276,2.498405050831165,0.050538331990062524
4457,2.6661552926459424,2.6220146393128094,0.044140653333132995
4458,2.9194251963676123,2.9522114413373086,-0.03278624496969629
4459,2.71618512119185,2.703505322846185,0.012679798345665017
4460,2.8593568717566544,2.856170813759974,0.0031860579966802582
4461,2.598542645649737,2.5410320695740305,0.05751057607570642
4462,2.7067197424308342,2.668974028158342,0.0377457142724924
4463,2.6284857152185483,2.588123956506896,0.040361758711652485
4464,2.6589080624666135,2.603378229292092,0.055529833174521315
4465,2.6088479620862572,2.5627459913927257,0.0461019706935315
4466,2.719327832190137,2.6937996350989,0.025528197091237104
4467,2.549784496473918,2.477777146442658,0.07200735003125969
4468,2.669563577457493,2.624957301755789,0.04460627570170406
4469,2.7269009771845925,2.7074628811954247,0.019438095989167792
4470,2.6828943947542188,2.653576883394695,0.029317511359523873
4471,2.6493980523303806,2.59579373165746,0.05360432067292065
4472,2.8133127504314834,2.801711524346108,0.011601226085375504
4473,2.577918045117671,2.5147066306215184,0.06321141449615242
4474,2.802287502065387,2.8024999508798913,-0.0002124488145045511
4475,2.689346824172359,2.6671097299027315,0.022237094269627278
4476,2.6088116605932203,2.5577289642557255,0.05108269633749485
4477,2.7455739753943837,2.7127578486552615,0.032816126739122264
4478,2.7238941860724766,2.708613246098704,0.015280939973772778
4479,2.6136489398079688,2.579338410574142,0.0343105292338266
4480,2.6611141560912004,2.6164616220749157,0.04465253401628466
4481,2.6365731598573268,2.5920048116836143,0.04456834817371247
4482,2.6931379303735734,2.6553700865436833,0.03776784382989007
4483,2.6860706572202853,2.6467255870630098,0.03934507015727551
4484,2.7542114114779372,2.732365780265917,0.021845631212020322
4485,2.6054208863163395,2.560476160970906,0.04494472534543359
4486,2.7224872329249137,2.7011950189386758,0.02129221398623793
4487,2.6074560783969507,2.5587760919516693,0.048679986445281376
4488,2.6439208580342584,2.5983314286274184,0.045589429406839965
4489,2.78050824844724,2.7515644237317427,0.02894382471549717
4490,2.73972710161379,2.6906770778790845,0.04905002373470557
4491,2.606399343251068,2.5604162657122234,0.045983077538844785
4492,2.699110145980422,2.65420897518848,0.044901170791942224
4493,2.724994271739624,2.691313560232666,0.03368071150695773
4494,2.590093888797886,2.536452037440056,0.05364185135782984
4495,2.5347503594450376,2.4926803161262567,0.042070043318780836
4496,2.7053218809281114,2.697301250731761,0.008020630196350353
4497,2.6392367359988786,2.592677689700686,0.04655904629819263
4498,2.584769183787057,2.5236549561332327,0.06111422765382413
4499,2.80499009421148,2.7987454889006838,0.006244605310796292
4500,2.707874637757502,2.6578002662606193,0.05007437149688254
4501,2.7264007542472375,2.697128732478496,0.029272021768741663
4502,2.510245534531846,2.450557699237885,0.05968783529396138
4503,2.484778141906203,2.423266895364965,0.06151124654123796
4504,2.611063401911584,2.5561763653330507,0.054887036578533444
4505,2.675715765057612,2.6335017579406683,0.0422140071169439
4506,2.68080386297291,2.6471864070976054,0.033617455875304625
4507,2.5951252856982396,2.5379743774423122,0.05715090825592739
4508,2.941398895667158,2.9695108645028196,-0.02811196883566147
4509,2.598239717816707,2.537295660357346,0.060944057459360934
4510,2.591502766052801,2.5443691681349017,0.047133597917899284
4511,2.6449287554441816,2.6342583025748696,0.010670452869312008
4512,2.7475288115225514,2.752621373341907,-0.005092561819355801
4513,2.7039851883114694,2.6816001602121298,0.02238502809933962
4514,2.625172924381846,2.5825442912254934,0.04262863315635235
4515,2.8097405352500546,2.796792792155229,0.012947743094825714
4516,2.74499583132918,2.727547504876184,0.0174483264529961
4517,2.5409135349365557,2.482556082435696,0.058357452500859885
4518,2.643407131320015,2.5879423793410763,0.05546475197893885
4519,2.69797894461707,2.6740365341669095,0.023942410450160434
4520,2.6174974032454053,2.5700192298872357,0.047478173358169506
4521,2.7001983111032954,2.6670428110670064,0.03315550003628909
4522,2.7101187015258494,2.6792832572198946,0.030835444305954862
4523,2.6813706697246555,2.6468773202932296,0.0344933494314259
4524,2.9120275301019847,2.935514441438075,-0.023486911336090266
4525,2.743744177264281,2.743381072542035,0.00036310472224609924
4526,2.7992529291108847,2.786754372912674,0.012498556198210942
4527,2.7726961527206377,2.763145462577292,0.00955069014334553
4528,2.610827898951688,2.551819278314939,0.059008620636749054
4529,2.745563135854975,2.7262899145131727,0.019273221341802316
4530,2.5837228075149947,2.5394446401375976,0.04427816737739709
4531,2.789181374589262,2.770371632224052,0.018809742365209825
4532,2.6883879774147794,2.647865377026753,0.040522600388026575
4533,2.615756768162263,2.5947028083659323,0.021053959796330624
4534,2.6968444103379405,2.676544973917774,0.02029943642016674
4535,2.801224015357652,2.7831820302099914,0.018041985147660533
4536,2.761254639789927,2.741548855160287,0.01970578462964001
4537,2.8604061312210294,2.8449624594317946,0.01544367178923478
4538,2.5713221502201407,2.5175291754253903,0.053792974794750315
4539,2.651624304904945,2.6310834212384506,0.020540883666494203
4540,2.7129381559776746,2.6615797659699734,0.05135839000770126
4541,2.632241713635758,2.5980292831364973,0.034212430499260815
4542,2.7192782373704856,2.708569233985629,0.010709003384856697
4543,2.7908339076099082,2.7795279831024304,0.011305924507477805
4544,2.6458972282238564,2.6042721249119225,0.04162510331193392
4545,2.6333476319438254,2.586617900765037,0.0467297311787882
4546,2.6009523166697606,2.54194705903429,0.05900525763547071
4547,2.78847238045734,2.78854999555749,-7.761510015003026e-05
4548,2.5966087685650017,2.5518816212815594,0.04472714728344229
4549,2.822399501171344,2.8259235885970844,-0.0035240874257405075
4550,2.625408994661415,2.582358643349668,0.04305035131174728
4551,2.7212565530667994,2.7136749420688857,0.007581610997913657
4552,2.981542671744277,3.0059760107021773,-0.024433338957900563
4553,2.59814302129577,2.554724166574241,0.043418854721529065
4554,2.695078147730745,2.6482623521742195,0.0468157955565256
4555,2.6241384676835664,2.580026369549469,0.044112098134097444
4556,2.774330865074571,2.7684979156618597,0.005832949412711397
4557,2.718239600670261,2.6859892839861903,0.03225031668407086
4558,2.700017132659953,2.662773667335333,0.037243465324620306
4559,2.7079607830568495,2.6601730016995195,0.04778778135732997
4560,2.5816745556858076,2.5120653917058244,0.06960916397998318
4561,2.5068265804476777,2.432749385045096,0.07407719540258162
4562,2.5613058510136564,2.491203697784961,0.0701021532286954
4563,2.6700214002843454,2.6385247128576834,0.03149668742666201
4564,2.7294565800639727,2.6936481086248265,0.03580847143914623
4565,2.702508469328615,2.6961252681364987,0.006383201192116328
4566,2.7306146845840664,2.7014202501633524,0.02919443442071401
4567,2.5230424898535375,2.460039465467319,0.06300302438621852
4568,2.6195230438839134,2.5779003126822495,0.04162273120166393
4569,2.5465527048295105,2.478719930749709,0.06783277407980126
4570,2.7473028379286455,2.716298221583638,0.031004616345007285
4571,2.645948597657965,2.615236587201349,0.030712010456615868
4572,2.630119251282679,2.5804286241035745,0.04969062717910466
4573,2.7490406007165054,2.7162419418761705,0.03279865884033484
4574,2.640565215012981,2.6011735865367704,0.03939162847621036
4575,2.58390176386369,2.5409079802095507,0.04299378365413942
4576,2.739779552113624,2.7317526379798265,0.008026914133797636
4577,2.7398560556901432,2.7030053713789792,0.036850684311164006
4578,2.677163434410977,2.637991113599314,0.03917232081166322
4579,2.5635659504050863,2.5101175116898373,0.05344843871524896
4580,2.9032436895277827,2.9020139378122662,0.001229751715516425
4581,2.649207502016868,2.606613055143398,0.04259444687347003
4582,2.6662862153074673,2.6275312572478717,0.03875495805959561
4583,2.737855274430252,2.7178681304916363,0.01998714393861567
4584,2.5963148141847068,2.548526982674473,0.04778783151023358
4585,2.706438357762975,2.679503330765266,0.026935026997709333
4586,2.6831067139997598,2.6540527309361255,0.02905398306363427
4587,2.667457502492396,2.63177648297104,0.03568101952135594
4588,2.628961151465989,2.581213869471047,0.047747281994941826
4589,2.7582678772892804,2.7536549890987505,0.004612888190529851
4590,2.6088774552523826,2.548393724637188,0.06048373061519463
4591,2.66330153457048,2.611391060266738,0.05191047430374196
4592,2.5999438405645483,2.5441596767539694,0.055784163810578935
4593,2.7923757901963175,2.7768508659185214,0.01552492427779617
4594,2.7421886525687853,2.7166851514083885,0.02550350116039679
4595,2.6887408865037075,2.6330425540980826,0.05569833240562483
4596,2.564612939801096,2.499381307138245,0.06523163266285081
4597,2.613455709579907,2.567226709277406,0.04622900030250099
4598,2.7359581486360955,2.6890535614266557,0.046904587209439796
4599,3.0663409863549,3.145742242945525,-0.07940125659062502
4600,2.968553715384217,3.0087857824102118,-0.04023206702599458
4601,2.6178667389239245,2.559714266392238,0.05815247253168643
4602,2.6860436277352107,2.634303095549462,0.05174053218574848
4603,2.5797614169513783,2.5297121060818593,0.050049310869519026
4604,2.710310939081554,2.663033575962338,0.047277363119216265
4605,2.7454471537735348,2.696903905748622,0.04854324802491261
4606,2.731656901081074,2.7085020180665533,0.02315488301452051
4607,2.5008204947885715,2.4363684668389203,0.06445202794965121
4608,2.8795888727658325,2.880007746548271,-0.0004188737824386557
4609,2.9518973637874693,2.98520133289413,-0.03330396910666078
4610,2.6232164569746987,2.608364230074729,0.01485222689996979
4611,2.6894048291010964,2.6591733242206144,0.030231504880481985
4612,2.7176382543421833,2.6926026849427234,0.025035569399459945
4613,2.6259257701872354,2.5781943878811884,0.04773138230604701
4614,2.7822377303657824,2.7606486092971516,0.021589121068630757
4615,2.5740568641764354,2.519084493977319,0.054972370199116494
4616,2.7321546757799755,2.7386814566387905,-0.006526780858814973
4617,2.694117089172165,2.6454050817418007,0.04871200743036441
4618,2.5618815239413637,2.4947434878262222,0.06713803611514146
4619,2.5986162097195873,2.5483788817694397,0.05023732795014757
4620,2.6984259807018236,2.6613836750377713,0.03704230566405231
4621,2.7126721840601107,2.6923407975761826,0.02033138648392807
4622,2.7161314503816905,2.6933289525613926,0.022802497820297862
4623,2.7544807278735375,2.7367743228364785,0.017706405037059003
4624,2.59668012946383,2.552154801074353,0.04452532838947709
4625,2.754772437026667,2.726061851331283,0.028710585695383983
4626,2.851621687246638,2.8621160161742747,-0.010494328927636687
4627,2.6343296448633278,2.6091194183813835,0.025210226481944265
4628,2.7467751816742347,2.7298315467886964,0.016943634885538295
4629,2.702806156565309,2.6740888441872976,0.02871731237801134
4630,2.67446155338996,2.630580867478564,0.04388068591139627
4631,2.839406116795412,2.8509346083541085,-0.011528491558696619
4632,2.7915204815510406,2.7905202263581517,0.0010002551928889325
4633,2.8675153173360775,2.8427728614955807,0.024742455840496724
4634,2.8950474593016975,2.907449328600093,-0.012401869298395596
4635,2.6244202938986665,2.5731760130476706,0.05124428085099586
4636,2.8237985595641644,2.820447246009122,0.003351313555042257
4637,2.5687854515545934,2.5203454998651247,0.048439951689468685
4638,2.7013685035378394,2.6812850977214957,0.020083405816343713
4639,2.7275154192014406,2.6887292567309182,0.038786162470522356
4640,2.5526982910759286,2.504576180297895,0.04812211077803363
4641,2.585075593145097,2.551425722094467,0.03364987105062989
4642,2.5728346520929954,2.513445355042145,0.0593892970508505
4643,2.7654875537699803,2.7523101263677443,0.013177427402236042
4644,2.6525442201210243,2.6109315033647,0.041612716756324275
4645,2.669886607466745,2.6359028549689762,0.03398375249776864
4646,2.6730825736840074,2.653235291801987,0.01984728188202034
4647,2.7940401732177613,2.7789819649588607,0.015058208258900585
4648,2.69070164142647,2.642559012671234,0.04814262875523578
4649,2.637625639464883,2.59579638916581,0.04182925029907336
4650,2.706932204096238,2.668708632632656,0.038223571463581685
4651,2.5882955547962787,2.5420570004765786,0.04623855431970014
4652,2.660939899529577,2.6275963571660563,0.03334354236352066
4653,2.808062291182022,2.8099375166655807,-0.0018752254835585624
4654,2.6706502973954,2.6374404884779916,0.033209808917408434
4655,2.6284648810794664,2.603355169172745,0.02510971190672162
4656,2.7246866625498023,2.6854221524769857,0.039264510072816616
4657,2.6551829094901835,2.624750598699718,0.0304323107904656
4658,2.6564024795734067,2.6199672974145294,0.03643518215887731
4659,2.5503173048554486,2.4844634221832926,0.06585388267215597
4660,2.7020371759064417,2.6824551260167273,0.019582049889714348
4661,2.538816635496886,2.468290722146389,0.07052591335049696
4662,2.7537865766059753,2.7211541597121447,0.03263241689383056
4663,2.5631364879757816,2.508398858147594,0.05473762982818764
4664,2.592983040550332,2.53998040412179,0.05300263642854164
4665,2.704578840396002,2.6628890405994583,0.041689799796543525
4666,2.710198521934717,2.676092054837537,0.034106467097180015
4667,2.643428890926024,2.5961795458590733,0.04724934506695089
4668,2.8149235220473643,2.7896019414925624,0.025321580554801937
4669,2.5972762010391457,2.574508842115442,0.02276735892370363
4670,2.8711382553237503,2.8645699311305073,0.006568324193243047
4671,2.6371055616527133,2.5981911550949137,0.03891440655779954
4672,2.57236807528338,2.5284923376128736,0.04387573767050634
4673,2.65287292713145,2.60806748307624,0.04480544405521014
4674,2.74788906671507,2.7203051234919946,0.027583943223075558
4675,2.738072973267644,2.7131667646677404,0.024906208599903668
4676,2.618512139712649,2.568168974504293,0.05034316520835613
4677,2.613423570312292,2.563333896553376,0.05008967375891604
4678,3.1383257274634433,3.2222026832748383,-0.08387695581139498
4679,2.5852344942460337,2.524886221256679,0.06034827298935452
4680,2.928385670517359,2.9403165985945097,-0.011930928077150682
4681,2.653162326407646,2.632384497916392,0.020777828491253647
4682,2.832282340284407,2.844299982628369,-0.012017642343961743
4683,2.7541062717107097,2.748569637248896,0.005536634461813517
4684,2.4370408043835474,2.376083921070157,0.06095688331339044
4685,2.6353883077790186,2.576735897353096,0.05865241042592251
4686,2.6943704275096074,2.677565474683654,0.01680495282595329
4687,2.7369792892506437,2.7116833765239323,0.02529591272671139
4688,2.6062803785616224,2.549130705032927,0.05714967352869538
4689,2.73088272121756,2.707640090403429,0.02324263081413136
4690,2.6914189444306484,2.6502491585012287,0.04116978592941978
4691,2.655429651900948,2.624269402312727,0.031160249588221056
4692,2.639364575553075,2.599085671830863,0.04027890372221199
4693,2.634318059117735,2.5879372629482735,0.04638079616946156
4694,2.6539313531331294,2.6081673214522727,0.04576403168085674
4695,2.6669230004967877,2.6361572909876116,0.03076570950917601
4696,2.7890730980706624,2.7899731279570177,-0.0009000298863552914
4697,2.558838390652672,2.498413829717275,0.060424560935397054
4698,2.661442244510239,2.615178776782087,0.04626346772815193
4699,2.5615113328799675,2.506779445593987,0.05473188728598055
4700,2.789901741086918,2.785129458675706,0.004772282411212192
4701,2.64858063945568,2.5980732342945076,0.05050740516117225
4702,2.769474879188205,2.7489853419920585,0.020489537196146657
4703,2.789500517754978,2.7584861922021098,0.031014325552868094
4704,2.5954886905416394,2.567246096610921,0.028242593930718485
4705,2.5193233544299622,2.442478857070272,0.07684449735969023
4706,2.614509454855622,2.5678842716691945,0.0466251831864275
4707,2.731859368472695,2.723072047114138,0.008787321358556976
4708,2.608467296298991,2.5586307112124325,0.04983658508655875
4709,2.527019935509087,2.4708415164483495,0.05617841906073773
4710,2.6671945303344193,2.635301732456869,0.03189279787755028
4711,2.619804540045117,2.577767074480728,0.04203746556438892
4712,2.6335244200524306,2.5895939642431154,0.043930455809315205
4713,2.7043082190803593,2.6699568121321033,0.034351406948256
4714,2.71743839342238,2.677796886398309,0.03964150702407121
4715,2.8083786897921637,2.787940907810877,0.02043778198128665
4716,2.576614935058925,2.5290655503475534,0.04754938471137171
4717,2.673523878359104,2.6394042379968266,0.03411964036227744
4718,2.916110283066694,2.9237340977967263,-0.0076238147300324854
4719,2.650997070720138,2.6016357872879574,0.0493612834321806
4720,2.616012397632615,2.5632280047711924,0.05278439286142245
4721,2.657160460677342,2.61860066886723,0.03855979181011193
4722,2.621634599845972,2.567281953422798,0.054352646423173834
4723,2.581540607216041,2.5296500130351167,0.05189059418092423
4724,2.912628559483068,2.926431370634972,-0.01380281115190396
4725,2.688691203027472,2.630909481254718,0.05778172177275431
4726,2.6633039595433363,2.611202304105432,0.05210165543790435
4727,2.7470533739349983,2.736542056702399,0.01051131723259946
4728,2.629750480752916,2.568787051713542,0.06096342903937435
4729,2.6729816657418506,2.6204677526453923,0.05251391309645825
4730,2.7080760093346457,2.697370191540387,0.01070581779425872
4731,2.629318408920845,2.604080474872975,0.025237934047869892
4732,2.654449954679123,2.5990325899091644,0.05541736476995851
4733,2.945159278204064,2.980281978996303,-0.03512270079223878
4734,2.8903454424213875,2.925470326462552,-0.03512488404116443
4735,2.651823382451901,2.6232134893398342,0.028609893112066853
4736,2.573526400906296,2.505424547536819,0.06810185336947683
4737,2.6992685769500766,2.6610319426585183,0.038236634291558325
4738,2.7196924198974997,2.673721228363683,0.04597119153381657
4739,2.8441154786222085,2.835534086584162,0.00858139203804642
4740,2.6193862713574765,2.559401790931616,0.059984480425860465
4741,2.681117315521869,2.6562888744578212,0.0248284410640478
4742,2.5225162102932916,2.462312099786955,0.06020411050633667
4743,2.6449695263748128,2.594653599347687,0.05031592702712562
4744,2.637402348830341,2.5802902778104513,0.057112071019889576
4745,2.8836427297412284,2.854796765495804,0.028845964245424405
4746,2.6010335758406606,2.554078450273056,0.04695512556760484
4747,2.663942265276172,2.617944367544057,0.045997897732115156
4748,2.5503885213779536,2.4987576794161295,0.0516308419618241
4749,2.6117855342016245,2.5683320319766016,0.043453502225022866
4750,2.6499084508348045,2.630903190928753,0.01900525990605173
4751,2.5274560076798847,2.474417991361065,0.05303801631881955
4752,2.750371317050625,2.72225875714939,0.02811255990123529
4753,2.650691973929497,2.6219202957481045,0.0287716781813927
4754,2.6615870318438297,2.6204901431694374,0.04109688867439232
4755,2.639122342705709,2.584176358457431,0.05494598424827801
4756,2.6956622954333094,2.65960299495935,0.03605930047395933
4757,2.5453251867798237,2.4944525720941435,0.05087261468568016
4758,2.72012089992584,2.6813753477845013,0.0387455521413389
4759,2.6642098804519936,2.612249814147016,0.05196006630497774
4760,2.6460866851535534,2.6053422543966764,0.04074443075687695
4761,2.9368974987967507,2.9370247816066537,-0.00012728280990303986
4762,2.5527815248738257,2.499322711313711,0.05345881356011484
4763,2.491159037226198,2.4399063394929184,0.05125269773327945
4764,2.5886042738979005,2.540558876239751,0.048045397658149636
4765,2.616504583675741,2.5547699636447154,0.06173462003102559
4766,2.5628672569443673,2.515331519295894,0.0475357376484733
4767,2.705047168294033,2.6564319652547947,0.048615203039238164
4768,2.9900184126677964,3.0160705534312404,-0.026052140763443976
4769,2.527022625849369,2.463579173516064,0.06344345233330495
4770,2.5721994818986618,2.517116014242683,0.0550834676559786
4771,2.731348537175975,2.6921049622920017,0.03924357488397323
4772,2.586361922070778,2.5215336026214983,0.0648283194492798
4773,2.7644298947357986,2.73949417382128,0.024935720914518456
4774,2.799999043282207,2.7801640569052353,0.019834986376971564
4775,2.5675877441994728,2.5020813843772585,0.06550635982221431
4776,2.861907025034426,2.879689275255478,-0.017782250221051843
4777,2.671734443389744,2.621243732933341,0.050490710456402965
4778,2.6994215377918476,2.691300181946677,0.008121355845170708
4779,3.042540844633079,3.085638268655633,-0.04309742402255434
4780,2.8642519029601807,2.8614796397295437,0.002772263230637062
4781,2.6640928471341336,2.6306646856185703,0.03342816151556338
4782,2.6592434312111735,2.6293878985608194,0.02985553265035401
4783,2.7107696352382744,2.672154359902408,0.03861527533586662
4784,2.587828274364764,2.5399040399715638,0.04792423439320004
4785,2.7339607492846745,2.6940677753021482,0.039892973982526225
4786,2.795395201386427,2.7920384046360227,0.003356796750404456
4787,2.6797272443325335,2.648411236867311,0.03131600746522256
4788,2.4862322670201866,2.411167407561701,0.07506485945848551
4789,2.5674539830329897,2.5031568824220116,0.06429710061097804
4790,2.7020269620713226,2.688028195661834,0.013998766409488717
4791,2.657346728994103,2.621348824048196,0.03599790494590671
4792,2.5838651301160276,2.5270890819461003,0.05677604816992732
4793,2.7615989847500417,2.737007304886168,0.024591679863873672
4794,2.595102874760296,2.545924509691326,0.04917836506897011
4795,2.7648290739966592,2.732993218914577,0.03183585508208209
4796,2.937173595840964,2.982950512161878,-0.04577691632091385
4797,2.5487302803554854,2.499117902259158,0.04961237809632735
4798,2.8980739610940205,2.915560657947681,-0.017486696853660444
4799,2.588827512947765,2.531415042607138,0.05741247034062713
4800,2.6958451403437897,2.655167530875553,0.04067760946823684
4801,2.6553350587850884,2.6155514071214805,0.039783651663607866
4802,2.6996943659874977,2.662151799968187,0.03754256601931072
4803,2.7203430395694586,2.691623843956277,0.02871919561318137
4804,2.6531514379391123,2.619949782907128,0.033201655031984245
4805,2.6491360900766705,2.629459873470195,0.01967621660647545
4806,2.7841844608781887,2.8017947026681855,-0.017610241789996817
4807,2.649467874840266,2.618045676910013,0.03142219793025314
4808,2.7267168065714467,2.7020970341854267,0.024619772386019978
4809,2.718744162999009,2.697160162230009,0.0215840007689998
4810,2.693047167716846,2.6575589109061135,0.035488256810732643
4811,2.678475671481188,2.634996429563312,0.043479241917876
4812,2.6385453101748126,2.596648506921285,0.041896803253527626
4813,2.6703029459044463,2.647893341881207,0.022409604023239105
4814,2.713313111782869,2.673233056576853,0.040080055206015874
4815,2.717835681229775,2.6784352254417505,0.03940045578802431
4816,2.6722127426988727,2.6362350920199007,0.03597765067897196
4817,2.759959611730491,2.7388628756011437,0.02109673612934726
4818,2.764218252864472,2.7531163022396115,0.011101950624860635
4819,2.7731140579165405,2.7403820285888973,0.032732029327643186
4820,2.661639052777841,2.6231838422184395,0.038455210559401376
4821,2.6675158217200923,2.6118838389864005,0.05563198273369174
4822,2.594468502824057,2.5404565294602373,0.0540119733638198
4823,2.7248894638595016,2.7013651715792726,0.02352429228022901
4824,2.9109843494544103,2.917693658650302,-0.006709309195891855
4825,2.693930515520349,2.662239025215896,0.03169149030445295
4826,2.7464767970743913,2.7163770860948153,0.030099710979575978
4827,2.4867130012512755,2.4169902919378488,0.06972270931342672
4828,2.6247783982310997,2.5945385691863723,0.03023982904472744
4829,2.6951525484755834,2.66447025948578,0.030682288989803297
4830,2.5953524140972464,2.54602783865397,0.04932457544327651
4831,2.687944944538124,2.656478700772057,0.03146624376606688
4832,2.5417375708690404,2.472422800579531,0.06931477028950939
4833,2.726762021912732,2.7110486624142567,0.0157133594984753
4834,2.699389986945773,2.6624169290480477,0.036973057897725425
4835,2.7816903107488367,2.7545571330821903,0.027133177666646358
4836,2.678665180964952,2.644687916991853,0.03397726397309908
4837,2.5527815820907303,2.4939494082204514,0.05883217387027884
4838,2.686718702739305,2.641765572290883,0.04495313044842186
4839,2.6639834783689076,2.6190533614242972,0.044930116944610354
4840,2.5499027530862697,2.4921001361585207,0.05780261692774902
4841,2.780161365743305,2.7840077379190196,-0.0038463721757144853
4842,2.5845417069540284,2.536413267210326,0.04812843974370251
4843,2.701656104833347,2.672355571346964,0.029300533486383173
4844,2.5609034436938862,2.5030911738457298,0.05781226984815646
4845,2.822410545100819,2.8171232597393727,0.00528728536144607
4846,2.606613212275573,2.5680292580921056,0.038583954183467384
4847,2.8197940351418564,2.8060802178421747,0.013713817299681796
4848,2.578335479264274,2.5336992609932376,0.044636218271036476
4849,2.695818166811712,2.6574865542879245,0.038331612523787584
4850,2.5991531019101655,2.5411366067140935,0.05801649519607199
4851,2.703434477845137,2.6884825213491945,0.014951956495942387
4852,2.7025222255834533,2.6637259869283345,0.03879623865511883
4853,2.622514392910113,2.5705260334444158,0.051988359465697354
4854,2.670439934562114,2.643448117603535,0.026991816958578774
4855,2.6394950135046273,2.6056560843491496,0.033838929155477704
4856,2.5500921749708163,2.4876561248619993,0.06243605010881703
4857,2.8632934611596723,2.8801006510754656,-0.01680718991579333
4858,2.6424100654079408,2.586871856620276,0.0555382087876648
4859,2.5797494398993437,2.5106876929114854,0.06906174698785827
4860,2.651758314484596,2.6224190995534897,0.029339214931106472
4861,2.6861239792548184,2.636947277848865,0.04917670140595343
4862,2.6822712056814795,2.655739862455923,0.02653134322555628
4863,2.777342261956857,2.772643142165097,0.004699119791760076
4864,2.5049582338836056,2.4428827617978857,0.06207547208571995
4865,2.779387985561547,2.755109931251675,0.024278054309871955
4866,2.659895204588871,2.6155305446180788,0.044364659970792086
4867,2.6125623131311944,2.57185814929034,0.04070416384085451
4868,2.6649314469681125,2.632429773265966,0.032501673702146405
4869,2.5962845907349705,2.5386708785151377,0.0576137122198328
4870,2.7813721284654704,2.744654632746239,0.03671749571923133
4871,2.7748334798582586,2.7637896753856666,0.011043804472592011
4872,2.6970933387930547,2.6681342937447243,0.028959045048330356
4873,2.6152329624392796,2.5724240998487975,0.04280886259048211
4874,2.522546516747885,2.4635149935109806,0.059031523236904526
4875,2.7452918523374175,2.7157757187133598,0.029516133624057694
4876,2.563504729438227,2.50584629936619,0.05765843007203708
4877,2.7491057615129217,2.7516110116610184,-0.0025052501480966605
4878,2.6698830194144603,2.647185520593403,0.022697498821057316
4879,2.6223095982793483,2.578573679533517,0.04373591874583127
4880,2.7583153786810697,2.7462951759866794,0.012020202694390303
4881,2.5729505750890227,2.5152503030193345,0.0577002720696882
4882,2.9084002184599935,2.9324775589012497,-0.0240773404412562
4883,2.6668717037726672,2.6384119766300587,0.028459727142608582
4884,2.6012911327744566,2.5337008939962757,0.06759023877818082
4885,2.5847675720894805,2.524773876939878,0.05999369514960229
4886,2.7932778828745586,2.802161071714597,-0.008883188840038247
4887,2.6772146799847403,2.6421599094009594,0.035054770583780925
4888,2.603861291207283,2.551838039560725,0.052023251646557966
4889,2.7116250534266944,2.68093593107318,0.030689122353514176
4890,2.639901796373839,2.586756391892337,0.053145404481501846
4891,2.856513336896768,2.838066493792913,0.018446843103854693
4892,2.6752111965831373,2.621090125882643,0.05412107070049421
4893,2.7248369651982767,2.687036252892071,0.03780071230620585
4894,2.662790861278759,2.6250554229475185,0.03773543833124071
4895,2.624961272794773,2.5822153964144205,0.04274587638035232
4896,2.638931713653464,2.587442000459038,0.05148971319442586
4897,2.602627016958282,2.5483363938350707,0.0542906231232112
4898,2.5426751531219303,2.472128883073119,0.07054627004881109
4899,2.680429985549984,2.643721997820444,0.036707987729540204
4900,2.6411751954137275,2.6054617869314884,0.03571340848223903
4901,2.502482995249539,2.4352418408010004,0.06724115444853851
4902,2.5357208809490697,2.4673399524937354,0.06838092845533428
4903,2.5980282004198227,2.536611127860811,0.06141707255901174
4904,2.754978004113145,2.7412982600846574,0.013679744028487484
4905,2.6423694009309413,2.6201380139600867,0.022231386970854583
4906,2.5570572567182372,2.5134022756507908,0.043654981067446474
4907,2.722594352435816,2.725655167747073,-0.0030608153112567926
4908,2.6497440833909565,2.6166336957728724,0.03311038761808405
4909,2.6417333772612333,2.5842578806132237,0.05747549664800955
4910,2.878106963054819,2.884965143333552,-0.006858180278733084
4911,2.5370262010922637,2.4664130767883536,0.07061312430391009
4912,2.684248089143116,2.663934297265229,0.020313791877887066
4913,2.6492565354212894,2.608883813122225,0.04037272229906419
4914,2.7901828871733385,2.7771926743421345,0.012990212831204051
4915,2.6178524671892336,2.5625056030167306,0.05534686417250301
4916,2.6295791748573416,2.5802580912841955,0.04932108357314613
4917,2.8024360153876873,2.781513670577501,0.02092234481018629
4918,2.72879654430226,2.7098665370127843,0.018930007289475803
4919,2.616327284299871,2.5689056989720087,0.047421585327862115
4920,2.8741586810565902,2.8808187523612703,-0.006660071304680049
4921,2.6122208818443067,2.554788864809419,0.05743201703488765
4922,2.5938997592756134,2.52970556833956,0.06419419093605327
4923,2.773356780254289,2.771599108377923,0.001757671876366107
4924,2.8003226372991255,2.789317341849734,0.01100529544939155
4925,2.7340891509193845,2.711470221072792,0.02261892984659264
4926,2.741471497070347,2.7150608420479063,0.026410655022440555
4927,2.8302080394727938,2.795657699340826,0.03455034013196778
4928,2.693241071144592,2.65426254808559,0.03897852305900207
4929,2.5755589457415073,2.5190086428760283,0.05655030286547902
4930,2.7064822844644905,2.679578269913575,0.026904014550915623
4931,2.834116275539025,2.836252099544741,-0.0021358240057161026
4932,2.5510598502311543,2.498667487502636,0.05239236272851855
4933,3.0027230487405046,3.0734061156022303,-0.07068306686172576
4934,2.5408271221432885,2.479851482248709,0.06097563989457955
4935,2.7021393719719016,2.664416478950801,0.037722893021100656
4936,2.9764713351608734,3.0235036310506054,-0.04703229588973201
4937,2.5890174875432463,2.5336107458368855,0.05540674170636084
4938,2.625061098103067,2.5783629211060375,0.046698176997029606
4939,2.676112774579483,2.6388808730015367,0.037231901577946314
4940,2.5977335563231385,2.5474310554478636,0.05030250087527488
4941,2.7669830116081138,2.760117426435098,0.00686558517301572
4942,2.714692266312522,2.7006232644657984,0.014069001846723772
4943,2.701762393408475,2.6772259559902665,0.024536437418208656
4944,2.9456030097574897,2.978678816078425,-0.03307580632093554
4945,2.640477057118711,2.6006063438099956,0.03987071330871528
4946,2.626839652464412,2.5792317025540052,0.047607949910406955
4947,2.9996839084095326,3.0261876590100614,-0.026503750600528786
4948,2.8735084638249306,2.8563675914110505,0.01714087241388018
4949,2.6969288553145523,2.670811280530366,0.026117574784186193
4950,2.7012175665209863,2.658367220554763,0.04285034596622328
4951,2.7343199562171256,2.710335715867814,0.02398424034931157
4952,2.552257087285289,2.5075739275289024,0.044683159756386814
4953,2.6471595814990794,2.6274120243257766,0.019747557173302788
4954,2.769254069133482,2.7315121992399316,0.03774186989355055
4955,2.6982523363441646,2.6563992099773466,0.04185312636681804
4956,2.611113846923882,2.5630295543123336,0.04808429261154856
4957,2.6062754614977526,2.547029775771597,0.05924568572615563
4958,2.54496424840929,2.491571897788746,0.053392350620543816
4959,2.6691323634060993,2.612743217790261,0.0563891456158383
4960,2.6888175723630288,2.6410019062503656,0.04781566611266319
4961,2.521397450756908,2.45883012763565,0.06256732312125823
4962,2.8278871182127823,2.8310105825743004,-0.0031234643615181135
4963,2.706703793747877,2.671537876339437,0.035165917408439995
4964,2.819154495908962,2.801152949455032,0.01800154645393004
4965,2.758924547039911,2.746964148695423,0.011960398344488254
4966,2.5534030678183597,2.5079130576198945,0.045490010198465214
4967,2.685384642530134,2.6672430065990134,0.018141635931120614
4968,2.6515642736581793,2.6095263233093795,0.04203795034879976
4969,2.6959510662484423,2.6777583486476235,0.018192717600818753
4970,2.6789105054248976,2.6465927189492855,0.03231778647561212
4971,2.6261851517037464,2.5893064704108646,0.036878681292881854
4972,2.554475577150266,2.4974078567744233,0.05706772037584251
4973,2.6930899492426814,2.653861547994996,0.03922840124768534
4974,2.8074990604886154,2.8147728329504433,-0.007273772461827921
4975,2.538730295352216,2.471667936600756,0.06706235875146005
4976,2.8612294022491267,2.873498120153342,-0.012268717904215354
4977,2.602829182256454,2.562053605825333,0.04077557643112106
4978,2.5350156477090464,2.4671156208434457,0.0679000268656007
4979,2.576794682895776,2.5139372964554547,0.06285738644032124
4980,2.765117785491114,2.7171670584526972,0.04795072703841674
4981,2.987927370695891,3.023286158201719,-0.035358787505828104
4982,2.729074883993303,2.6838524540358617,0.04522242995744108
4983,2.6076129801512002,2.5495077379876827,0.058105242163517534
4984,2.6190390808845736,2.558952602046724,0.060086478837849455
4985,2.649589986672945,2.612714885803361,0.03687510086958401
4986,2.8394058887003233,2.8453370328122687,-0.005931144111945397
4987,2.7907571688177555,2.754497196067754,0.0362599727500017
4988,2.9117149273829175,2.910883215584631,0.0008317117982863387
4989,2.750669466740681,2.7402931396211825,0.01037632711949854
4990,2.7853697662588965,2.7865342866288327,-0.001164520369936195
4991,2.711367357826366,2.693911731411873,0.017455626414493164
4992,2.665970738330513,2.608154526342732,0.057816211987780974
4993,2.5015203956704974,2.4400472219993046,0.06147317367119287
4994,2.817222772073474,2.819895528747637,-0.0026727566741628905
4995,2.7142666576425882,2.6737631739542387,0.04050348368834955
4996,2.7143504360194424,2.7027715249922126,0.011578911027229744
4997,2.63304534208474,2.593673359522055,0.03937198256268504
4998,2.591971853299634,2.549154684110115,0.042817169189519166
4999,2.8281697030540385,2.7967437368537347,0.0314259662003038
5000,2.6173165601028785,2.5769317396889906,0.04038482041388791
5001,2.5594772378348534,2.5092029771244,0.050274260710453156
5002,2.7033807236183787,2.680430710891296,0.022950012727082747
5003,2.653921045427142,2.606709819154469,0.047211226272672935
5004,2.6320323836506123,2.5959162640801026,0.03611611957050975
5005,2.712533243598918,2.688124729820168,0.024408513778749974
5006,2.6704419117080045,2.640302635971729,0.030139275736275284
5007,2.6496089714564808,2.5947689861735035,0.05483998528297729
5008,2.5040485480313235,2.4370097946038194,0.0670387534275041
5009,2.7795333674196687,2.7619719194959744,0.017561447923694296
5010,2.8229708176899453,2.819851033197886,0.0031197844920591855
5011,2.6753181965168826,2.637714368074399,0.03760382844248378
5012,2.5968693228748276,2.5665573416659826,0.03031198120884504
5013,2.5800776490694917,2.5308982320906006,0.049179416978891055
5014,2.8199807246571007,2.8046244747560714,0.01535624990102935
5015,2.7321601924321754,2.707707403666932,0.024452788765243483
5016,2.7547006162488095,2.7559663607264198,-0.0012657444776102977
5017,2.823513995125756,2.793583466666781,0.029930528458975036
5018,2.6486495030500117,2.6234320810130605,0.02521742203695121
5019,2.5649889792654488,2.5100585065536567,0.05493047271179208
5020,2.7379877671177284,2.7136148817346455,0.02437288538308291
5021,2.628801050777426,2.5875411172390073,0.041259933538418725
5022,2.7277464724145677,2.711892232929214,0.015854239485353805
5023,2.5312581641373613,2.469914827427838,0.0613433367095233
5024,2.6106678786517503,2.5564004066640136,0.05426747198773674
5025,2.9181578006843907,2.9148778184117,0.0032799822726907735
5026,2.6945454885350264,2.67728661901873,0.017258869516296294
5027,2.7194481219725612,2.676448016370192,0.04300010560236922
5028,2.676669696058045,2.6519140388510727,0.02475565720697226
5029,2.7284234500100975,2.6864012988576964,0.042022151152401044
5030,2.650291183655009,2.599013774106852,0.05127740954815696
5031,2.7922376290787483,2.791797343863736,0.00044028521501227047
5032,2.597732636565014,2.5413247909392878,0.05640784562572643
5033,2.8014485592206233,2.7764472721579008,0.025001287062722533
5034,2.6522300767160054,2.602025406784268,0.050204669931737556
5035,2.5309093136245666,2.473919703362289,0.05698961026227778
5036,2.769340426272805,2.751013055844784,0.01832737042802135
5037,2.7639052022071247,2.746454832739197,0.01745036946792755
5038,2.50683502086573,2.4397080804575957,0.0671269404081345
5039,2.514155324320623,2.446714762543523,0.0674405617770999
5040,2.693379221880433,2.66780088199641,0.025578339884023027
5041,2.6155103054314983,2.559523353358388,0.05598695207311044
5042,2.7924512870800116,2.7696153289345395,0.022835958145472013
5043,2.9936737928644637,3.046258537675314,-0.05258474481085029
5044,2.5883035736443447,2.5332278262205357,0.05507574742380905
5045,2.5626682056892434,2.5161948409510893,0.04647336473815411
5046,2.5992972700034014,2.5415978795479757,0.057699390455425714
5047,2.6244244256775286,2.5789761259823183,0.04544829969521036
5048,2.7544752912335086,2.724652812586323,0.02982247864718568
5049,2.588483843352545,2.5396517129312,0.048832130421345266
5050,2.6181160903465597,2.568525695119512,0.04959039522704778
5051,2.572179495075452,2.5200659057666632,0.05211358930878873
5052,2.6094219765413222,2.559920010843235,0.04950196569808707
5053,2.756101427982434,2.7246527110442673,0.031448716938166754
5054,2.63147063026552,2.5783093819642717,0.05316124830124824
5055,2.7926320081772515,2.7778189114445855,0.014813096732666065
5056,2.543922911567295,2.472359833122491,0.07156307844480425
5057,2.6702441690166046,2.6230887491064143,0.04715541991019023
5058,2.797150794148602,2.7732565665335493,0.023894227615052444
5059,2.773081644959295,2.7470112418991803,0.026070403060114877
5060,2.511066522596117,2.4480496046820885,0.06301691791402853
5061,2.7001200102474217,2.6730375920628435,0.027082418184578128
5062,2.6629559074331857,2.6278040030145324,0.035151904418653235
5063,2.5620293787674413,2.49474224158317,0.06728713718427137
5064,2.880782736705996,2.8933630579232985,-0.012580321217302348
5065,2.651150907521498,2.6139756765106283,0.0371752310108695
5066,2.7153777968950883,2.702802919728161,0.0125748771669274
5067,2.6278660236461215,2.5734096407790976,0.05445638286702392
5068,2.793732184481231,2.772981769686179,0.02075041479505213
5069,2.6689551081201803,2.6309048244239417,0.03805028369623864
5070,2.6375528263763233,2.5767417323273323,0.06081109404899099
5071,2.6655762287828844,2.6427321636933865,0.022844065089497878
5072,2.7246774050007634,2.676379651509495,0.0482977534912683
5073,2.574229886139481,2.5067153289032706,0.06751455723621014
5074,2.615900687285982,2.5768279886327976,0.03907269865318419
5075,2.682559602639662,2.6316676840657283,0.050891918573933825
5076,2.580665512109943,2.522840295608916,0.05782521650102712
5077,2.6495249639169853,2.6078848985299428,0.04164006538704257
5078,2.840116535848707,2.820919784230651,0.019196751618055785
5079,2.5065027159112936,2.4375707451982356,0.06893197071305801
5080,2.8310151790909197,2.7879337464969565,0.04308143259396324
5081,2.7091045582358366,2.6726575516339213,0.036447006601915355
5082,2.7665286962148223,2.7313369432512062,0.035191752963616096
5083,2.7073504881837707,2.6756848232742563,0.03166566490951439
5084,2.7358658687791766,2.6979833751410927,0.037882493638083936
5085,2.75989829063603,2.7541313973419643,0.005766893294065767
5086,2.7519354025019043,2.7248040899503545,0.02713131255154977
5087,2.652924683310125,2.596459013993921,0.056465669316204004
5088,2.692734194252081,2.6650402023494304,0.027693991902650428
5089,2.7563258372048836,2.7289069513879007,0.02741888581698282
5090,2.8002674036877817,2.7738677043153035,0.026399699372478214
5091,2.554840790463238,2.5052836773061657,0.04955711315707223
5092,2.771765419711751,2.7764018385786167,-0.004636418866865721
5093,2.8052207766216233,2.77834963387114,0.0268711427504833
5094,2.6722289437472058,2.6311667289956033,0.04106221475160243
5095,2.796370414440979,2.7832927534806413,0.013077660960337578
5096,2.769839572389584,2.7418655202213738,0.02797405216821014
5097,2.658348615282744,2.605098955235414,0.05324966004733023
5098,2.642187307803734,2.6090124457286934,0.0331748620750405
5099,2.591667145371629,2.547711943015254,0.04395520235637518
5100,2.5341990236906398,2.4780459292767305,0.056153094413909255
5101,2.671411042551457,2.6228265558244175,0.04858448672703952
5102,2.574072904916348,2.5258837565628944,0.04818914835345378
5103,2.623275193345936,2.581244995677029,0.04203019766890703
5104,2.689867753315545,2.648847977271914,0.04101977604363105
5105,2.805590505765452,2.8088516734948414,-0.003261167729389225
5106,2.693932140587979,2.6762407224868947,0.0176914181010841
5107,2.706568781954778,2.6780787967349697,0.02848998521980839
5108,2.651952230926029,2.6096773380743246,0.04227489285170449
5109,2.618598914080372,2.585614773538456,0.032984140541915785
5110,2.5803477734915417,2.5339437830480214,0.04640399044352028
5111,2.492118693205983,2.449772347816573,0.042346345389409734
5112,2.570943516948778,2.521109252111637,0.04983426483714126
5113,2.630029222598327,2.5731078890108074,0.056921333587519385
5114,2.5633694010835555,2.499755707635784,0.06361369344777135
5115,2.7614725905587387,2.7282990530671243,0.03317353749161445
5116,2.725169344024779,2.705946905305979,0.019222438718800028
5117,2.670737814679867,2.6573795049716535,0.0133583097082135
5118,2.7272990593908335,2.70508885609792,0.022210203292913455
5119,2.788955036863836,2.785611051792616,0.0033439850712202457
5120,2.6544091096116937,2.599776432481636,0.054632677130057594
5121,2.785939621201339,2.776574501337866,0.009365119863473215
5122,2.627546575591686,2.5789877093183384,0.0485588662733476
5123,2.5889430627165946,2.525449535572517,0.06349352714407752
5124,2.633708941006259,2.5840295117421537,0.0496794292641054
5125,2.699186856939389,2.65810933539725,0.04107752154213884
5126,2.5751725141308808,2.526602024397389,0.04857048973349176
5127,2.7556897067216894,2.73929736218199,0.01639234453969962
5128,2.8095141624788407,2.8112852807136686,-0.0017711182348278953
5129,2.6194695875318863,2.5908861290435485,0.028583458488337765
5130,2.710013972024013,2.6659332522605776,0.044080719763435194
5131,2.7608931520598294,2.7319496652162223,0.028943486843607147
5132,2.659113513798769,2.609667701165905,0.04944581263286407
5133,2.7919586769230853,2.799615696131751,-0.007657019208665794
5134,2.937721537201082,2.9989229141269176,-0.06120137692583549
5135,2.6763867349194927,2.628970676842697,0.04741605807679594
5136,2.8884180537008266,2.9131987667614374,-0.024780713060610804
5137,2.7809550931015123,2.776028995549671,0.00492609755184148
5138,2.812210470298398,2.8217448202950117,-0.009534349996613845
5139,2.7053205896096255,2.655790034722385,0.04953055488724045
5140,2.5924693968122208,2.5463400570112107,0.04612933980101008
5141,2.7238515515988366,2.686193754969956,0.03765779662888047
5142,2.7622674215935845,2.7288513998700914,0.03341602172349312
5143,2.5327483429402675,2.468554643593014,0.06419369934725339
5144,2.7116795878116773,2.656710050431837,0.05496953737984045
5145,2.691686082624413,2.6644277263616076,0.02725835626280526
5146,2.737113623295255,2.6884724419354744,0.04864118135978046
5147,2.5797137933125764,2.550974128332112,0.02873966498046432
5148,2.5513498607431866,2.4929238760092707,0.058425984733915914
5149,2.625138517842874,2.5702985114902934,0.054840006352580684
5150,2.5270036400385436,2.4617663917186308,0.06523724831991284
5151,2.808843873407744,2.812681949224006,-0.0038380758162621653
5152,2.6979528559995303,2.6623432005416787,0.03560965545785155
5153,2.660397717882795,2.6195911251174926,0.04080659276530252
5154,2.5944821346338034,2.539627297602529,0.05485483703127425
5155,2.7223142823645605,2.712667053535059,0.009647228829501309
5156,2.6853073870764703,2.645964448596539,0.03934293847993153
5157,2.631809197217187,2.5869477804484733,0.0448614167687138
5158,2.5880790849037743,2.527780427503776,0.0602986573999984
5159,2.737944423668472,2.7220218225822217,0.01592260108625032
5160,2.935195162497987,2.988005766893874,-0.05281060439588714
5161,2.692495335175515,2.675341257834509,0.017154077341006158
5162,2.6011670750927003,2.53867331325244,0.06249376184026012
5163,2.6860472797724815,2.6341832484973886,0.05186403127509287
5164,2.851267712230685,2.843466982247832,0.007800729982853305
5165,2.751682874861735,2.726565714276251,0.025117160585483855
5166,2.6337992918537703,2.6012106351863453,0.03258865666742494
5167,2.7274098062714454,2.685295901230317,0.04211390504112833
5168,2.891296996890801,2.9047020018441643,-0.013405004953363164
5169,2.7102285527978727,2.663592089850996,0.04663646294687673
5170,2.7254586527612803,2.6965022962872887,0.02895635647399164
5171,2.7041042138023594,2.6565342320730414,0.047569981729318034
5172,2.842549712908394,2.842998476086935,-0.00044876317854081194
5173,2.6524369718424956,2.607417064736035,0.04501990710646053
5174,2.7509054433015327,2.700675937308262,0.050229505993270696
5175,2.844308451024767,2.8275841744867654,0.016724276538001792
5176,2.6574572314384306,2.614822772004349,0.042634459434081506
5177,2.5784866822590073,2.5337346630072144,0.04475201925179295
5178,2.7015505702108076,2.649169711134918,0.05238085907588941
5179,2.856929247817996,2.863685990869564,-0.006756743051568037
5180,2.7875683149756005,2.7639137755887098,0.02365453938689077
5181,2.6686589500477615,2.615633952478982,0.053024997568779764
5182,2.7481706860840713,2.7263487845152268,0.02182190156884456
5183,2.543916978636361,2.4735166554346395,0.07040032320172163
5184,2.552097346505229,2.488008519985637,0.0640888265195918
5185,2.7933338499639397,2.8005704436989323,-0.007236593734992525
5186,2.6633166073609154,2.6170045039091834,0.04631210345173198
5187,2.6289290159211625,2.5806538078080274,0.048275208113135015
5188,2.576910429855937,2.509619880183713,0.06729054967222403
5189,2.881526988684989,2.8793914956896796,0.0021354929953094626
5190,2.6281702837050553,2.562270530391886,0.06589975331316955
5191,2.7429170520431785,2.7307664401261924,0.012150611916986076
5192,2.5775852734037756,2.5255337194310172,0.0520515539727584
5193,2.7949283598478742,2.786487636571935,0.008440723275939366
5194,2.7629690977110153,2.7276960794724965,0.035273018238518805
5195,2.6977580481883088,2.6498365706560287,0.047921477532280043
5196,2.693626799144517,2.640470515954001,0.05315628319051591
5197,2.7050845651094906,2.6683403580943934,0.036744207015097174
5198,2.618302350103087,2.5641139070454413,0.054188443057645586
5199,2.685376913588587,2.6600486389049993,0.025328274683587892
5200,2.7112725871126035,2.6748616578910536,0.03641092922154998
5201,2.7009286448557477,2.679190168382739,0.02173847647300864
5202,2.920920579509374,2.924318574395226,-0.003397994885852018
5203,2.667223669902297,2.6238438168343037,0.04337985306799341
5204,2.754799193810148,2.7396102375284013,0.01518895628174688
5205,2.7512677958529683,2.731612061651732,0.019655734201236452
5206,2.796180851941234,2.7920244068230557,0.004156445118178365
5207,2.8688213916286642,2.883685221202172,-0.014863829573507736
5208,2.6471291475188012,2.6048406644283184,0.04228848309048283
5209,2.725994455132441,2.701325888365417,0.024668566767024114
5210,2.706830297551178,2.673035343584442,0.03379495396673615
5211,2.7657868628744695,2.745790907071523,0.01999595580294633
5212,2.792550893997435,2.7478003745095214,0.04475051948791364
5213,2.647506770201296,2.599793323747378,0.047713446453918174
5214,2.7466504087920116,2.721720670078619,0.024929738713392435
5215,2.769692407989599,2.743969945606484,0.02572246238311493
5216,2.626304520929878,2.59762492032088,0.02867960060899799
5217,2.705746691199684,2.6931346895645807,0.012612001635103454
5218,2.7398699971996603,2.7202897278831712,0.01958026931648904
5219,2.9192711107945852,2.983811461434358,-0.06454035063977281
5220,2.8236639649052333,2.8109751295397882,0.012688835365445073
5221,2.879976979687702,2.8604380369077096,0.019538942779992574
5222,2.7992138212255213,2.7881392455901874,0.011074575635333872
5223,2.7696464799871476,2.7617923723820055,0.007854107605142158
5224,2.5588057994576254,2.4955912022465268,0.06321459721109868
5225,2.689271452749454,2.653626853829418,0.03564459892003624
5226,2.66241779606375,2.629018672020428,0.033399124043322015
5227,2.754346966127938,2.7493550184408835,0.0049919476870545765
5228,2.637980818316591,2.6071758390943676,0.030804979222223583
5229,2.5770210248237913,2.5420030128664215,0.035018011957369755
5230,2.620562256645401,2.561448924527787,0.059113332117613826
5231,2.713989643533787,2.6692829631131687,0.044706680420618206
5232,2.701723779498223,2.6531090842520757,0.04861469524614748
5233,2.6923134309431562,2.664370938185044,0.027942492758112447
5234,2.5959076281758633,2.549145758554788,0.0467618696210752
5235,2.6913649018046906,2.670324573346854,0.021040328457836655
5236,2.579972345405104,2.5272992678949597,0.05267307751014405
5237,2.578365755422758,2.5145653274329702,0.06380042798978769
5238,2.6623063591202545,2.62008560179189,0.04222075732836439
5239,2.6608971338188323,2.615834379584736,0.045062754234096225
5240,2.6313944038284185,2.585717877746758,0.045676526081660285
5241,2.7038609856952474,2.6734435801862033,0.030417405509044038
5242,2.715152653637452,2.702106527462256,0.013046126175195738
5243,2.7362805644140322,2.727445206454412,0.008835357959620094
5244,2.5656317282598065,2.4944798355167723,0.07115189274303413
5245,2.6749556772232244,2.631658742726528,0.04329693449669625
5246,2.701827689602606,2.662209606860145,0.039618082742460814
5247,2.7688977019714276,2.76942059603296,-0.0005228940615324973
5248,2.796985259017471,2.766190797840642,0.030794461176828936
5249,2.6652604382722265,2.637310545148796,0.027949893123430325
5250,2.6143046983857716,2.571856478829738,0.04244821955603362
5251,2.712387893730866,2.6948830271704014,0.01750486656046446
5252,2.7153335057283985,2.696276275771583,0.01905722995681547
5253,2.642893533424377,2.5930470908658894,0.04984644255848769
5254,2.6734881405918323,2.6361569417249595,0.03733119886687275
5255,2.7472237775957025,2.735327311465755,0.011896466129947658
5256,2.517444384726653,2.4571693902711482,0.06027499445550477
5257,2.938223923854429,2.980012078590429,-0.04178815473599995
5258,2.9172707408686844,2.918548877844244,-0.0012781369755594518
5259,2.6697116617258003,2.640126795565991,0.029584866159809486
5260,2.668323705351778,2.616394483755573,0.05192922159620483
5261,2.7024822065025043,2.6782825683227194,0.024199638179784877
5262,2.8650492669559684,2.873038683527564,-0.007989416571595687
5263,2.6677311119872957,2.6181777607109775,0.049553351276318214
5264,2.576765731183305,2.5121519256107514,0.06461380557255358
5265,2.694128721859455,2.6547001909945287,0.03942853086492626
5266,2.8938107037730365,2.916195406171376,-0.022384702398339673
5267,2.796019565808482,2.799372691197889,-0.003353125389407019
5268,2.7525245631093727,2.7265739907012336,0.025950572408139028
5269,3.005277135336838,3.0174739429086817,-0.012196807571843493
5270,2.6551521739130064,2.6248785327831885,0.030273641129817896
5271,2.6822515676211682,2.658970440090403,0.02328112753076539
5272,2.6489404068188676,2.601603055157731,0.047337351661136395
5273,2.6754165310001525,2.6352205988753976,0.04019593212475492
5274,2.546265521975656,2.5024878221153664,0.043777699860289676
5275,2.669469407858631,2.6306682960340995,0.03880111182453172
5276,2.7113910251704203,2.6763057228388702,0.03508530233155005
5277,2.599818216806877,2.54635426127959,0.05346395552728689
5278,2.691782025087742,2.650605498443339,0.041176526644402855
5279,2.696769948084135,2.661244406162503,0.03552554192163182
5280,2.71104479815943,2.67183100816668,0.03921378999275005
5281,2.7393088034488833,2.7098497648652766,0.029459038583606656
5282,2.7072796697542616,2.688865859684554,0.018413810069707548
5283,2.7491104774287427,2.7099436523988913,0.03916682502985136
5284,2.5298703107887737,2.4687466828082396,0.06112362798053406
5285,2.781956369643881,2.7474591399023347,0.03449722974154623
5286,2.8505903915211226,2.8427421774051598,0.007848214115962815
5287,2.9777222411606568,3.0101167500417176,-0.03239450888106088
5288,2.7019751520055304,2.655605431597211,0.04636972040831955
5289,2.7818101071981145,2.7696078006210856,0.01220230657702892
5290,2.7526016116981937,2.736871565847671,0.01573004585052251
5291,2.626270349206619,2.560165299788737,0.06610504941788209
5292,2.8402690836288635,2.84407636966281,-0.003807286033946422
5293,2.5862709331981764,2.533237680012694,0.053033253185482465
5294,2.731619465126164,2.7087102805007297,0.022909184625434342
5295,2.5232622053455573,2.451371992897525,0.07189021244803229
5296,2.6246560200860025,2.573165607790904,0.05149041229509832
5297,2.6827116278693315,2.6428864256238933,0.039825202245438174
5298,2.63301428685771,2.604172710412749,0.028841576444961436
5299,2.65242958729457,2.609180468808886,0.0432491184856838
5300,2.720777019579984,2.68153395204889,0.03924306753109397
5301,3.0134356411025105,3.0688360245709587,-0.05540038346844822
5302,2.5382698589847945,2.474850667725758,0.06341919125903672
5303,2.654287027648062,2.604435808439591,0.04985121920847124
5304,2.6951540435059367,2.6753716310200573,0.01978241248587942
5305,2.6321765556302172,2.585361033217681,0.04681552241253639
5306,2.8094025400793834,2.808362655772237,0.0010398843071461883
5307,2.8712800407631667,2.8947569156971973,-0.02347687493403061
5308,2.6292047513670096,2.5843284560579693,0.04487629530904025
5309,2.7732335736424334,2.745366334576395,0.027867239066038607
5310,2.5352967121200716,2.4625032671111673,0.07279344500890428
5311,2.523492346442795,2.459181722416386,0.06431062402640908
5312,3.0200484105729473,3.070003726464593,-0.049955315891645924
5313,2.6522434999172346,2.613041838301672,0.0392016616155626
5314,2.6796021820725784,2.6480358592562916,0.031566322816286796
5315,2.7744390353479154,2.768560243249446,0.005878792098469532
5316,2.631606222444495,2.585868123976957,0.045738098467537736
5317,2.840488238971014,2.8275018301752186,0.012986408795795601
5318,2.6272053314136476,2.5746785047694756,0.052526826644172075
5319,2.8580260463898925,2.8592174242745516,-0.0011913778846590617
5320,2.517791154739137,2.4677314947021225,0.05005966003701445
5321,2.7726095848252688,2.7476021879183645,0.025007396906904233
5322,2.7623844448541632,2.726065792771129,0.03631865208303431
5323,2.5772579205604362,2.5231262691445164,0.0541316514159198
5324,2.6432515143199273,2.6027137150623583,0.04053779925756906
5325,2.6839962040474363,2.6410223880211943,0.04297381602624206
5326,2.6396707139805806,2.618704319170243,0.020966394810337796
5327,2.8304698687492684,2.801249730640766,0.029220138108502436
5328,2.731361501858668,2.704916150668083,0.026445351190584887
5329,2.7313302286592185,2.7022370375001503,0.029093191159068166
5330,2.92281319694818,2.9497087058886464,-0.02689550894046633
5331,2.9571095858416543,2.9742701563971945,-0.01716057055554021
5332,2.7750997743469594,2.7612877412435513,0.013812033103408172
5333,2.5588219760305506,2.501727975558187,0.05709400047236368
5334,2.5329839387193624,2.4695085771841696,0.06347536153519284
5335,2.8212329564017833,2.8428466656433926,-0.021613709241609325
5336,2.698987030123789,2.6591908118749443,0.03979621824884472
5337,2.6901806250953153,2.6433940743137847,0.0467865507815306
5338,2.567268004155043,2.513095967408019,0.05417203674702398
5339,2.9428676675408196,2.9782524365320073,-0.0353847689911877
5340,2.7114761932079827,2.6806382246197176,0.030837968588265152
5341,2.544485203663739,2.4831740967054725,0.06131110695826658
5342,2.65384962113778,2.612645715211174,0.041203905926606055
5343,2.6732583875326013,2.6422441010003155,0.031014286532285773
5344,2.815092598866731,2.8016526042934755,0.013439994573255287
5345,2.7331424066233816,2.7034661556144757,0.02967625100890592
5346,2.6051860064634145,2.570740842196986,0.034445164266428296
5347,2.740813657464595,2.7227878816822595,0.01802577578233544
5348,2.7501745822411334,2.710500218754178,0.03967436348695541
5349,2.653734742906956,2.6033922298838914,0.05034251302306458
5350,2.5257660074176864,2.466556312622209,0.05920969479547722
5351,2.7104969417048626,2.674413229567711,0.03608371213715156
5352,2.9223425906398326,2.942825719288534,-0.0204831286487015
5353,2.6568528732129932,2.621119475139871,0.035733398073122036
5354,2.6820678554302306,2.650677864202858,0.031389991227372516
5355,2.6394243868954654,2.6162785325855427,0.023145854309922775
5356,2.6647114476021425,2.6226257328404543,0.04208571476168821
5357,2.655563093942649,2.62384384274469,0.03171925119795915
5358,2.535994163733013,2.4942065867781285,0.04178757695488455
5359,2.5712014191782124,2.515868233844445,0.05533318533376752
5360,2.647515872242183,2.6012015451773762,0.04631432706480698
5361,2.8915651614316955,2.9183640990033197,-0.026798937571624215
5362,2.698064477836952,2.677737212580953,0.020327265255998928
5363,2.7905033658948275,2.761491586974798,0.029011778920029485
5364,2.823529261375327,2.8129366680810586,0.010592593294268315
5365,2.8850894923416246,2.907419795881426,-0.022330303539801477
5366,2.6007833580283815,2.5382027492691925,0.06258060875918892
5367,2.694758369817711,2.689693802399406,0.005064567418304744
5368,2.610980514141135,2.56779282757674,0.0431876865643952
5369,2.7563062646677428,2.725047250231826,0.03125901443591683
5370,2.5654740249974997,2.523134556663472,0.042339468334027686
5371,2.507830278887823,2.4372735012740265,0.0705567776137963
5372,2.563603494006389,2.505852750676338,0.05775074333005126
5373,2.69765062535029,2.674689896009714,0.022960729340576247
5374,2.700354374871405,2.672343979649888,0.028010395221516937
5375,2.688992749378734,2.641331108857437,0.047661640521297066
5376,2.562423138615277,2.5038249383744486,0.05859820024082829
5377,2.6512295549704485,2.6175742345276,0.03365532044284869
5378,2.512550565880582,2.442876968244754,0.06967359763582781
5379,2.6050270655033523,2.538987751279404,0.06603931422394815
5380,2.733536026296283,2.7177839679437277,0.01575205835255522
5381,2.690886580518787,2.6467253576380063,0.04416122288078084
5382,2.714662337337682,2.7002644996123752,0.014397837725306672
5383,2.531451021471782,2.472622119012134,0.058828902459648
5384,2.6724946906035947,2.624702168127015,0.04779252247657961
5385,2.634105446117274,2.597861357343086,0.036244088774187944
5386,2.6566831875417196,2.616203815104179,0.04047937243754074
5387,2.651057361265158,2.6047649868348,0.04629237443035805
5388,2.8645187423449303,2.8982356268490004,-0.033716884504070066
5389,2.7765503207462836,2.738821072959044,0.03772924778723974
5390,2.7013947040797834,2.661163193143261,0.04023151093652233
5391,2.8185081852434473,2.8224350210856812,-0.003926835842233967
5392,2.7183367391114777,2.678231972738819,0.040104766372658585
5393,2.67419032797163,2.6352601820654633,0.038930145906166835
5394,2.863654047080568,2.872955943788806,-0.009301896708238111
5395,2.798895960412021,2.8073296986432483,-0.008433738231227395
5396,2.8462527449109087,2.8447992541172917,0.0014534907936170072
5397,2.707247872635351,2.67460273253154,0.03264514010381081
5398,2.614257165755527,2.5683218411222026,0.04593532463332428
5399,2.706819190820401,2.6786250306763475,0.028194160144053626
5400,2.809831620232064,2.802295039702559,0.007536580529504899
5401,2.872583439831436,2.865957986434896,0.006625453396539971
5402,2.8459051151973545,2.8271390077288716,0.01876610746848284
5403,2.7598133810000847,2.7394311118345325,0.02038226916555219
5404,2.741648334088781,2.721253490954953,0.02039484313382811
5405,2.6415085565945726,2.5901810877083116,0.05132746888626105
5406,2.623442744385175,2.5648253983374705,0.05861734604770463
5407,2.63662166185622,2.586179581308755,0.05044208054746502
5408,2.6651161094781353,2.630278602075047,0.03483750740308844
5409,2.7061138792228374,2.670709325023846,0.035404554198991356
5410,2.720663280234673,2.708894666232843,0.011768614001829825
5411,2.561887646253185,2.499807624281038,0.062080021972147126
5412,2.560125689541488,2.4918405985825043,0.06828509095898383
5413,2.4870275348616664,2.417174972729904,0.0698525621317625
5414,2.6595263541816276,2.6036314950049797,0.05589485917664794
5415,2.8133765851108263,2.78817086488236,0.025205720228466344
5416,2.589733300806917,2.5568436275657307,0.0328896732411863
5417,2.843129764238036,2.844147337902898,-0.0010175736648618816
5418,2.6569916153288253,2.6054199343445874,0.05157168098423792
5419,2.756457326349458,2.738764117534047,0.0176932088154107
5420,2.6989551572499826,2.66789850672054,0.03105665052944273
5421,2.7378003422427186,2.7071391862055885,0.030661156037130155
5422,2.8118119418508143,2.8014605626463895,0.010351379204424749
5423,2.652502774971101,2.605417685589059,0.047085089382042256
5424,2.9021050651715483,2.922808539176617,-0.020703474005068667
5425,2.5462786151105896,2.4881520149334873,0.05812660017710236
5426,2.5743572259988348,2.511544624607408,0.06281260139142697
5427,2.664343726415264,2.638191834107033,0.026151892308230895
5428,2.7294604526157618,2.709427188629108,0.020033263986653616
5429,2.646638363484408,2.5929878908613704,0.05365047262303779
5430,2.6171706713550322,2.5624284011080682,0.05474227024696399
5431,2.8784315287797533,2.906487183126022,-0.028055654346268888
5432,2.7018138970027326,2.6769581103320963,0.02485578667063626
5433,2.5913758876200674,2.5340761944373664,0.057299693182701006
5434,2.7166748602226587,2.686051381406194,0.030623478816464544
5435,2.5956827317499234,2.5394221431179704,0.056260588631952935
5436,2.6246854309454197,2.5804860247333283,0.0441994062120914
5437,2.668304332029433,2.6217608241337493,0.04654350789568351
5438,2.6413670516688144,2.5868047276153834,0.05456232405343098
5439,2.5897195357680145,2.529870914517857,0.05984862125015766
5440,2.5654586044891503,2.5192414132448246,0.04621719124432566
5441,2.722392423447364,2.6960533803609037,0.02633904308646029
5442,2.7164768717624725,2.6912455156497512,0.025231356112721315
5443,2.7398772043265547,2.7193296595147656,0.02054754481178911
5444,2.8117331280770097,2.818838506024219,-0.007105377947209224
5445,2.6194890611188275,2.5634370555603603,0.05605200555846723
5446,2.6849228344048863,2.635782681429807,0.04914015297507923
5447,2.5451437990959236,2.4831021926601182,0.06204160643580536
5448,2.6428702176469416,2.601857570259837,0.04101264738710464
5449,2.6182041014691686,2.5781228414953428,0.040081259973825833
5450,2.715883349147536,2.7031443583607175,0.012738990786818505
5451,2.6199471294946686,2.581535058821858,0.03841207067281038
5452,2.6278944667740873,2.575162181448827,0.05273228532526053
5453,2.6176747374492138,2.5697829368423646,0.047891800606849166
5454,2.590452829509715,2.541888318137443,0.04856451137227191
5455,2.673519541456137,2.627901210554158,0.045618330901978865
5456,2.531823636686695,2.464926483743051,0.06689715294364396
5457,2.772912063234513,2.787903468766148,-0.014991405531635138
5458,2.808189731506229,2.803139362432542,0.005050369073686944
5459,2.699006403000339,2.703009903409345,-0.004003500409005767
5460,2.6515073414777603,2.606667594563332,0.04483974691442816
5461,2.594668848840682,2.537138385429255,0.05753046341142731
5462,2.7017307229449465,2.6693537184521245,0.03237700449282199
5463,2.6715915466714124,2.6243967512865485,0.04719479538486393
5464,2.5335869631420684,2.467502717521077,0.06608424562099158
5465,2.645700473335209,2.608730365213701,0.036970108121507916
5466,2.805569697476255,2.7803300260399997,0.025239671436255495
5467,2.5704355365821794,2.5342038741965434,0.03623166238563602
5468,2.7904587794662876,2.7809184586665743,0.009540320799713342
5469,2.7429340193236205,2.717550682081353,0.0253833372422676
5470,2.614222210891488,2.5776603942890124,0.036561816602475705
5471,2.6168605032003227,2.5593770829601072,0.057483420240215466
5472,2.6409983942806035,2.60878801913446,0.032210375146143555
5473,2.7388452535315597,2.726202900610752,0.012642352920807731
5474,2.5761454266363737,2.5155461500136793,0.060599276622694376
5475,2.68931924365348,2.64149504374149,0.04782419991198994
5476,2.751112451899488,2.7073402194734157,0.04377223242607231
5477,2.5877496822478854,2.5456896819671337,0.04206000028075163
5478,2.6364091125044675,2.5764812246787425,0.059927887825725
5479,2.749956058505078,2.7305834311584656,0.019372627346612603
5480,2.4789395367406883,2.4133042808526386,0.06563525588804975
5481,2.893868888477525,2.9124592025560627,-0.018590314078537507
5482,2.535510232378575,2.4746922980642267,0.06081793431434823
5483,2.5960812705147727,2.540891393162181,0.05518987735259184
5484,2.853521769292702,2.8535288183995955,-7.049106893308732e-06
5485,2.794628663869872,2.790766740690751,0.0038619231791208186
5486,2.5928293847424375,2.540669061988418,0.05216032275401972
5487,2.6505413965295235,2.6036481490588326,0.0468932474706909
5488,2.616782532575285,2.5516986724882815,0.0650838600870034
5489,2.6704501721154568,2.6190236826505635,0.051426489464893255
5490,2.682680186982859,2.635302930138342,0.04737725684451677
5491,2.636869316362838,2.591762393508724,0.045106922854114107
5492,2.684818102356392,2.6525141522891555,0.03230395006723663
5493,2.6043206415960345,2.5452204227583786,0.05910021883765593
5494,2.9319146573405144,2.936894594392422,-0.00497993705190769
5495,2.7879657106993943,2.7710297809708835,0.016935929728510768
5496,2.7246731867419123,2.69776562863975,0.026907558102162277
5497,2.6485304301000436,2.6024383170111998,0.04609211308884387
5498,2.769347951095926,2.752755153504824,0.01659279759110177
5499,2.72639957288385,2.691547998551685,0.034851574332165125
5500,2.6742423215331006,2.6222783369107,0.051963984622400705
5501,2.6067564747781398,2.5653488051383007,0.041407669639839106
5502,2.5687307133733523,2.538816765009552,0.029913948363800458
5503,2.4923940726303,2.4310571976882125,0.061336874942087505
5504,2.8315043439945056,2.824601580401399,0.006902763593106709
5505,2.6373818229571175,2.616632763788617,0.020749059168500672
5506,2.5474295562714038,2.4745916131299865,0.07283794314141723
5507,2.5777251764239564,2.529236376026453,0.04848880039750325
5508,2.6773881250725053,2.6387059197831113,0.038682205289394034
5509,2.6290558773867647,2.5701314802418547,0.058924397144910046
5510,2.8079504947841745,2.7829128376100845,0.02503765717409001
5511,2.6294684351940387,2.5858232199969784,0.04364521519706033
5512,2.601181228764239,2.55788430900536,0.04329691975887906
5513,2.517540242607017,2.4529026805053586,0.06463756210165839
5514,2.7707589834019584,2.757414151192162,0.013344832209796209
5515,2.6469838309289186,2.6015275399027487,0.04545629102616999
5516,2.8760434815034683,2.880505231640761,-0.004461750137292775
5517,2.7145992728262365,2.6872978317401106,0.027301441086125866
5518,2.6572345518033718,2.6134897141539972,0.043744837649374535
5519,2.565960245866465,2.505833970642872,0.06012627522359315
5520,2.691387647511711,2.645729200340885,0.04565844717082612
5521,2.7658658980204334,2.7391008261189493,0.026765071901484028
5522,2.6941285416551692,2.666108673765667,0.02801986788950206
5523,2.628930345084857,2.5902940772909626,0.03863626779389451
5524,2.8454223900607034,2.8570846225218864,-0.01166223246118303
5525,2.7471572508169118,2.7205252295777016,0.026632021239210157
5526,2.678888604057452,2.6367787256520505,0.0421098784054017
5527,2.6194247842065277,2.557448327259961,0.06197645694656684
5528,2.6408433148714288,2.6013224360639304,0.03952087880749833
5529,2.580706614270589,2.5130685455637316,0.06763806870685718
5530,2.7749402121787394,2.7680853050971432,0.0068549070815961954
5531,2.6879370370149496,2.6823652110633707,0.0055718259515789015
5532,2.72691472164839,2.700002734060231,0.02691198758815938
5533,2.646716730900855,2.596245496462453,0.05047123443840196
5534,2.527355162282677,2.4558793053387205,0.07147585694395664
5535,2.5498644766666816,2.4909487543890325,0.058915722277649074
5536,2.7533652565956,2.7286648138815472,0.024700442714052695
5537,2.610390226309458,2.564741019991525,0.04564920631793301
5538,2.7910139366719737,2.7776542320418764,0.01335970463009728
5539,2.6576621223302097,2.619114499788973,0.03854762254123667
5540,2.7063459469944564,2.6732424970752424,0.03310344991921399
5541,2.6732315916106875,2.637133157503446,0.03609843410724167
5542,2.4706828636861324,2.4004229394139815,0.07025992427215089
5543,2.5761014252769825,2.5411230921730863,0.0349783331038962
5544,2.94980941851913,2.9499552093824657,-0.0001457908633355487
5545,2.5312717085081697,2.465710003034158,0.06556170547401186
5546,2.6425263745337557,2.605982960909371,0.03654341362438451
5547,2.7040858454470786,2.6794870183950983,0.024598827051980354
5548,2.649073761217986,2.630458110882151,0.01861565033583501
5549,2.564136313683987,2.511782988084138,0.0523533255998494
5550,2.622464399136585,2.590030665249198,0.03243373388738702
5551,2.7198389746494316,2.6879386309700117,0.03190034367941985
5552,2.7891752220063486,2.7600609082260465,0.029114313780302048
5553,2.762838718842863,2.730530668662122,0.0323080501807409
5554,2.6869060291864626,2.650602671063968,0.03630335812249452
5555,2.883918130222246,2.886224947686895,-0.0023068174646492245
5556,2.6918147125362504,2.6661329358921777,0.025681776644072674
5557,2.849854389155218,2.845239318181698,0.004615070973519764
5558,2.6943363559379225,2.6542176389337615,0.04011871700416103
5559,2.749781178209474,2.736485028533959,0.013296149675515068
5560,2.7643541281302775,2.7411190509553864,0.02323507717489104
5561,2.7405058474433255,2.708397680676571,0.03210816676675465
5562,2.5380384061427272,2.484111801806928,0.05392660433579932
5563,2.731279304360331,2.6932773599310087,0.038001944429322254
5564,2.5483773632400175,2.517455420055752,0.030921943184265555
5565,2.6970026476701343,2.686810953743033,0.010191693927101397
5566,2.98014557105606,3.009591145724249,-0.02944557466818898
5567,2.641377322164015,2.5978776507521935,0.04349967141182143
5568,3.0018467830771867,3.031108178948429,-0.029261395871242435
5569,2.6508138746505954,2.6168782375847046,0.033935637065890756
5570,2.726212843799264,2.692017870902666,0.03419497289659823
5571,2.673058447001217,2.6401542429570455,0.0329042040441716
5572,2.6390481789426947,2.6036926934379063,0.0353554855047884
5573,2.5959215859920652,2.5510196588083636,0.04490192718370167
5574,2.6770578417775934,2.6507212128734423,0.026336628904151116
5575,2.7499513860366065,2.7271982739031495,0.022753112133456987
5576,2.693619355281973,2.6544502710408286,0.039169084241144514
5577,2.4909371565067913,2.428218714327359,0.06271844217943245
5578,2.761001952585179,2.731328262894476,0.029673689690703053
5579,2.6265147232161117,2.582710016019556,0.043804707196555714
5580,2.610682066436926,2.554541155756782,0.05614091068014382
5581,2.7011049688954363,2.671071139618242,0.030033829277194446
5582,2.7462677323898013,2.7506536017899137,-0.00438586940011243
5583,2.6210363706853714,2.58868815668462,0.03234821400075161
5584,2.8250061009403074,2.7999454982017737,0.02506060273853361
5585,2.70667225701962,2.670762308094698,0.03590994892492194
5586,2.880691644329423,2.8960577114183397,-0.015366067088916857
5587,2.563133144520057,2.517282137523484,0.04585100699657296
5588,2.9529632398973105,3.007730052492105,-0.054766812594794434
5589,2.8001034622942798,2.7781267696804672,0.02197669261381252
5590,2.633803014405538,2.592836382148968,0.040966632256569824
5591,2.6094320585177493,2.5453926030836485,0.06403945543410083
5592,2.7308785245250666,2.723842416801749,0.007036107723317642
5593,2.637060982498611,2.574297205094199,0.06276377740441186
5594,2.84078821581922,2.825265401067002,0.01552281475221795
5595,2.882141782980898,2.910266031527741,-0.0281242485468427
5596,2.6163389714864977,2.5774674675023372,0.038871503984160505
5597,2.7461084608869797,2.7093022758460488,0.03680618504093092
5598,2.644588620251788,2.6093613153371837,0.03522730491460413
5599,2.7037087357948724,2.6571411445337776,0.046567591261094776
5600,2.7073836370850155,2.6877966939398745,0.019586943145140978
5601,2.6254785582757494,2.583109620586366,0.04236893768938321
5602,2.6199512083963867,2.570219342011868,0.049731866384518764
5603,2.8845386951442564,2.9036504069944025,-0.01911171185014604
5604,2.52720169944916,2.4537465152391222,0.07345518421003794
5605,2.65498760592102,2.600508016649598,0.0544795892714216
5606,2.728390677268586,2.695080607451725,0.033310069816861354
5607,2.767269874865558,2.755504186675439,0.011765688190119139
5608,2.71120987529954,2.665042720653552,0.046167154645988084
5609,2.7240722881956962,2.683869256389493,0.04020303180620344
5610,2.5615650633650087,2.506998527501447,0.05456653586356186
5611,2.7394493550313586,2.720250088417999,0.019199266613359356
5612,2.644720985489275,2.6056058679080634,0.03911511758121167
5613,2.6634519428838557,2.6058971993329183,0.05755474355093737
5614,2.80597654409989,2.787369266618943,0.018607277480946927
5615,2.6393344732847814,2.5998876119039367,0.039446861380844744
5616,2.681488616278397,2.6481415834573254,0.033347032821071654
5617,3.005369578502538,3.0600939153926237,-0.05472433689008582
5618,2.6692759447399217,2.644844613346389,0.024431331393532485
5619,2.6374137413466285,2.605333546456384,0.032080194890244496
5620,2.7069582404911863,2.657251981726446,0.04970625876474033
5621,2.6771234982998586,2.6488448804074247,0.02827861789243391
5622,2.5935726595275272,2.542391025585649,0.051181633941878246
5623,2.6180694756922334,2.575698910987434,0.042370564704799385
5624,2.9177712681994237,2.908877263745553,0.008894004453870785
5625,2.6828415837757733,2.63841221291618,0.04442937085959331
5626,2.7546408330486196,2.72844826440671,0.026192568641909553
5627,2.6481843726891423,2.6136243572468736,0.03456001544226872
5628,2.615694181211335,2.570787531857916,0.044906649353418704
5629,2.6378713295784753,2.5791430135792197,0.05872831599925554
5630,2.6695340566591557,2.6416586690516253,0.02787538760753039
5631,2.655674458379461,2.603858333138423,0.05181612524103807
5632,2.787868870340748,2.767672594801924,0.020196275538824082
5633,2.623332092809049,2.5780016844573557,0.04533040835169322
5634,2.6039440423915727,2.5592076696999286,0.0447363726916441
5635,2.65211853139073,2.607792085831225,0.04432644555950471
5636,2.587196783114455,2.523129857282582,0.0640669258318729
5637,2.7060500743280302,2.6584572901178807,0.047592784210149564
5638,2.7363471710725036,2.7082859764833787,0.028061194589124927
5639,2.716842405151511,2.686146796776956,0.030695608374555317
5640,2.5755912548647144,2.5149043364749897,0.06068691838972473
5641,2.721181551077451,2.72411965004733,-0.002938098969879288
5642,2.602358603436608,2.540422863330753,0.0619357401058549
5643,2.9688474024538243,2.9740019951619105,-0.00515459270808627
5644,2.8992878847826873,2.902936796372727,-0.0036489115900395497
5645,2.7633459726316536,2.7425517843613525,0.020794188270301106
5646,2.867316818221018,2.862488305736864,0.004828512484153613
5647,2.597410774462426,2.5411998245703917,0.056210949892034456
5648,2.8524788702474817,2.8649905165245952,-0.012511646277113542
5649,2.8144066337845803,2.7807354712522723,0.03367116253230806
5650,2.5666476603156623,2.4997383578310033,0.06690930248465898
5651,2.635970071023668,2.5969821313616026,0.038987939662065596
5652,2.589043044587758,2.535734032031573,0.05330901255618503
5653,2.584677899461874,2.5287716185003832,0.05590628096149075
5654,2.6202481392823915,2.570283931179945,0.049964208102446506
5655,2.7240138744033944,2.681193198013704,0.04282067638969034
5656,2.820644063546241,2.8189323669677195,0.0017116965785213267
5657,2.638331268215997,2.5950672520175098,0.04326401619848719
5658,2.714102753716537,2.6866777323623845,0.0274250213541527
5659,2.668541889824936,2.649793126156557,0.018748763668378743
5660,2.72689404805999,2.683745915453136,0.043148132606853906
5661,2.728238781453414,2.7103711511648187,0.017867630288595393
5662,2.6416334380683084,2.5913813143351603,0.050252123733148135
5663,2.8247043880544687,2.81668397746428,0.008020410590188654
5664,2.8698939981315457,2.853730952928691,0.016163045202854498
5665,2.6469301732071826,2.607090729504702,0.039839443702480715
5666,2.813124788055554,2.787752768779345,0.025372019276209024
5667,2.6543910351550353,2.619955668476102,0.03443536667893321
5668,2.627157592550787,2.5786978909476943,0.048459701603092764
5669,2.7486145032949705,2.7175042524580104,0.031110250836960063
5670,2.8880655556573327,2.9009633707369575,-0.012897815079624841
5671,2.7555927378675285,2.733899354375906,0.02169338349162242
5672,2.6955196640252144,2.6612120288652115,0.0343076351600029
5673,2.5558957267067965,2.5029843091240425,0.05291141758275408
5674,2.5923842576939613,2.5288535954487092,0.06353066224525206
5675,2.734938577624583,2.718416279584655,0.016522298039927996
5676,2.766449626469216,2.7383246578122575,0.028124968656958682
5677,2.7191294203259795,2.6768241051989548,0.042305315127024734
5678,2.570042820057461,2.5014765454508514,0.06856627460660958
5679,2.7095428542868043,2.670089812729726,0.03945304155707818
5680,2.486852274148754,2.4189547695335425,0.06789750461521171
5681,3.054600095559353,3.1321135692654556,-0.07751347370610251
5682,2.5329082243461367,2.4738078010536406,0.059100423292496096
5683,2.7868308259473205,2.749978748187964,0.036852077759356394
5684,2.747842192129551,2.7377997775689913,0.010042414560559543
5685,2.5799794326302607,2.5214789243740228,0.05850050825623798
5686,2.8810618784564443,2.8908028646859196,-0.00974098622947528
5687,2.7470773064888667,2.7329120225708134,0.014165283918053273
5688,2.685993657395751,2.6610768481562173,0.024916809239533766
5689,2.660223815670605,2.6356420978173465,0.024581717853258578
5690,2.693093833248268,2.6437119438673498,0.04938188938091814
5691,2.7782134159723104,2.756105403481359,0.022108012490951623
5692,2.743435704224422,2.714499839915948,0.02893586430847428
5693,2.8248126444508417,2.8104179255935438,0.014394718857297928
5694,2.584645852892454,2.5394276182949134,0.04521823459754071
5695,2.6714320612590066,2.649595974036029,0.021836087222977696
5696,2.602696258540469,2.5474245680742427,0.055271690466226264
5697,2.6145699837707403,2.5814140454150385,0.03315593835570185
5698,2.7271684953989306,2.70620919860024,0.020959296798690463
5699,2.6762545720843276,2.6264622382946547,0.04979233378967285
5700,2.5892036212515364,2.5401421531865642,0.049061468064972136
5701,2.5247644388935564,2.4622364699646067,0.06252796892894974
5702,2.681488642899323,2.6648603659962684,0.016628276903054573
5703,2.6233299284191207,2.5765993128609224,0.04673061555819835
5704,2.83237701130769,2.823397645364724,0.008979365942966222
5705,2.7007496618381004,2.672261096431558,0.02848856540654232
5706,2.7211833498055165,2.6976186882055653,0.023564661599951187
5707,2.701661502898032,2.6618195121418355,0.039841990756196655
5708,2.7845573530389673,2.787163841768323,-0.0026064887293557604
5709,2.615960024232791,2.5562539157084614,0.05970610852432978
5710,2.6945687755021743,2.6545525581541702,0.04001621734800409
5711,2.9996102766381996,3.0480002135441318,-0.048389936905932185
5712,2.688457798017516,2.65925661415955,0.029201183857966218
5713,2.84113526008678,2.83502776990264,0.00610749018414003
5714,2.990237827805162,3.0225096124278235,-0.03227178462266167
5715,2.6783159774124488,2.649419480117107,0.028896497295341828
5716,2.6884311564017955,2.6428636870113396,0.04556746939045597
5717,2.603126180669045,2.558421757564327,0.04470442310471823
5718,2.893141890725182,2.9149070902828926,-0.021765199557710613
5719,2.6615268099745837,2.60850812727654,0.05301868269804366
5720,2.724402622506032,2.6707791235099547,0.05362349899607732
5721,2.697680395251652,2.6489659960270555,0.048714399224596416
5722,2.6277940524426575,2.586516205832616,0.041277846610041635
5723,2.8731086761879303,2.8705633851783867,0.0025452910095435932
5724,2.6609330108483973,2.6384212963479916,0.022511714500405677
5725,2.7692601393845675,2.783412137737723,-0.014151998353155282
5726,2.571966496822905,2.5166251097223653,0.055341387100539485
5727,2.758972964985869,2.749972549209266,0.009000415776602821
5728,2.738326306670282,2.7337451497134158,0.004581156956866117
5729,2.7854770911170417,2.7727399923551364,0.012737098761905319
5730,2.5731132420676452,2.513797391794078,0.05931585027356734
5731,2.501246358640726,2.432232606587228,0.06901375205349813
5732,2.7232931619935723,2.680521097652323,0.04277206434124947
5733,2.8247800866994504,2.8203666186312417,0.004413468068208637
5734,2.657048780378449,2.63424582916039,0.022802951218058976
5735,2.90727671921731,2.9131797780463744,-0.005903058829064278
5736,2.626887453224113,2.5844173646741604,0.04247008854995249
5737,2.619498314976353,2.57672296828567,0.04277534669068306
5738,2.5242985110082947,2.4637328107800127,0.060565700228282005
5739,2.6825099795424157,2.6382389310135776,0.04427104852883801
5740,2.7037648568545665,2.673518648226097,0.030246208628469606
5741,2.6735187629236994,2.635728396300849,0.03779036662285051
5742,2.743042493243545,2.718656957091997,0.02438553615154815
5743,2.63688328364084,2.5978115234603254,0.03907176018051439
5744,2.6330451190235693,2.5969061089706904,0.036139010052878895
5745,2.7061698005086297,2.6628767528562816,0.04329304765234809
5746,2.735199483942965,2.725533806485369,0.009665677457595834
5747,2.601330545668301,2.540441730041236,0.060888815627065274
5748,2.553040336324011,2.4796724192486863,0.07336791707532475
5749,2.756731333669005,2.725344891450064,0.031386442218940935
5750,2.731128211872061,2.706731425632622,0.02439678623943875
5751,2.5696887687942147,2.501195187336884,0.06849358145733087
5752,2.6834196295850434,2.6469914870517455,0.03642814253329796
5753,2.8607648652885938,2.866084077573245,-0.005319212284651265
5754,2.5405377295033933,2.4755771686600374,0.06496056084335589
5755,2.7344935438905913,2.7150012203152856,0.019492323575305726
5756,2.648085539598327,2.596511419003344,0.0515741205949829
5757,2.734084034603212,2.7235584220777693,0.010525612525442707
5758,2.7354174623665624,2.7143345183659293,0.02108294400063304
5759,2.6433090002708997,2.6085456188542655,0.034763381416634154
5760,2.8103933097676537,2.7998214217718855,0.010571887995768137
5761,2.6339299821497226,2.5931966929774806,0.04073328917224206
5762,2.7433652674406765,2.7029188753832623,0.04044639205741429
5763,2.606290331021584,2.550488686312438,0.05580164470914584
5764,2.662822846470544,2.6457005335693378,0.01712231290120636
5765,2.6089423341384266,2.5578905754915255,0.051051758646901035
5766,2.5936957142567865,2.5384456629267884,0.05525005132999805
5767,2.7072800251974214,2.6642640256883796,0.04301599950904178
5768,2.665067558813747,2.609708907281183,0.05535865153256392
5769,2.7941655494663546,2.779176423620353,0.014989125846001539
5770,2.552727700389104,2.4916521573003516,0.061075543088752404
5771,2.6075081997232687,2.5523208331446616,0.05518736657860712
5772,2.642249121112952,2.587086600085572,0.05516252102738006
5773,2.5617701381040043,2.4974200002687965,0.06435013783520782
5774,2.596072066345083,2.53990647022753,0.05616559611755312
5775,2.5583134524073436,2.496836380935399,0.06147707147194481
5776,2.715646946905488,2.6943609591941677,0.021285987711320065
5777,2.586853240182144,2.5264825092998673,0.060370730882276735
5778,2.573433403940807,2.5173928236531076,0.05604058028769954
5779,2.5585484862845713,2.5025902186011924,0.05595826768337897
5780,2.76436668173561,2.7237782265581303,0.040588455177479776
5781,2.5193547524044906,2.4641861982795352,0.05516855412495536
5782,2.8666843593716447,2.905687788938715,-0.03900342956707048
5783,2.4860781239759837,2.4136787495174477,0.07239937445853606
5784,2.6300317637696815,2.5963477040632212,0.03368405970646027
5785,2.6493793992500616,2.6178723996476427,0.03150699960241887
5786,2.7136844416942734,2.704858312301218,0.008826129393055382
5787,2.768598998430153,2.761955156342907,0.00664384208724611
5788,2.7361131512057195,2.7023481736487103,0.033764977557009246
5789,2.6232109478344356,2.600660096366336,0.02255085146809943
5790,2.7057910139209236,2.679158467395063,0.02663254652586078
5791,2.442333667534809,2.370382113477431,0.07195155405737763
5792,2.732479725329394,2.7140109735418196,0.018468751787574345
5793,2.7430446599530964,2.7341064214195954,0.008938238533501064
5794,2.6625931353732817,2.6395062717505184,0.023086863622763243
5795,2.886479211414239,2.907249944696732,-0.020770733282493126
5796,2.7667088509356943,2.7460946622658677,0.02061418866982656
5797,2.602041383785098,2.546102486938053,0.05593889684704534
5798,2.8403071710931784,2.831740933277793,0.008566237815385236
5799,2.8284815439729623,2.8236663362780696,0.0048152076948926315
5800,2.5897442637248314,2.5279231216331204,0.06182114209171097
5801,2.5947986400853873,2.5422853040552895,0.05251333603009778
5802,2.5229965561585646,2.4660506495307866,0.05694590662777799
5803,2.7127123687614922,2.6717363820713684,0.04097598669012381
5804,2.5621520787728875,2.493006222244375,0.06914585652851235
5805,2.743948797038481,2.7283453211708917,0.015603475867589367
5806,2.6869742092867526,2.6484033093774406,0.03857089990931195
5807,2.6030643644571057,2.5508543210072583,0.052210043449847365
5808,2.718234371628742,2.673671998936411,0.044562372692330765
5809,3.1887725803267095,3.2749876550982067,-0.08621507477149715
5810,2.7271928803027934,2.711092275580065,0.016100604722728562
5811,2.754170289382516,2.7170624761125293,0.03710781326998669
5812,2.570236950031425,2.5007624507925486,0.0694744992388765
5813,2.6089421189620943,2.558361239422546,0.05058087953954837
5814,2.9091929210529894,2.9454162851354213,-0.036223364082431875
5815,2.555739432836574,2.509242611724772,0.04649682111180198
5816,2.6767013063512004,2.6430235859282663,0.033677720422934154
5817,2.6148046704733456,2.582229629604495,0.03257504086885055
5818,2.6159326515964203,2.5668317517039405,0.04910089989247979
5819,2.824771961843229,2.8315835095418245,-0.006811547698595266
5820,2.567778523667776,2.49845634407888,0.06932217958889586
5821,2.7687012029528764,2.7478391107145503,0.020862092238326024
5822,2.5995573764044195,2.53758604551046,0.061971330893959564
5823,2.839703471599085,2.8667552965570318,-0.027051824957946558
5824,2.5993331532405497,2.5439527124781103,0.05538044076243942
5825,2.6918855435842017,2.667402407814868,0.024483135769333586
5826,2.711537568640122,2.6616027532002886,0.04993481543983336
5827,2.694241856525233,2.654950018168144,0.03929183835708905
5828,2.710458675400185,2.6996380117482017,0.01082066365198342
5829,2.6659085991652467,2.614063175279595,0.05184542388565161
5830,2.6612272437683604,2.6140936908185366,0.0471335529498238
5831,2.6575894692629514,2.6142356209740703,0.043353848288881114
5832,2.6667028234285364,2.618310850623958,0.0483919728045783
5833,2.832774119663972,2.820302064152222,0.012472055511750124
5834,2.7257181826582912,2.704650514514676,0.021067668143615048
5835,3.002380237516822,3.0507589932546413,-0.04837875573781947
5836,2.7031386811694076,2.6703940250983655,0.032744656071042044
5837,2.654673972736551,2.6006595448930807,0.054014427843470436
5838,2.737008308232235,2.719664988595899,0.017343319636336396
5839,2.626562236402082,2.5742269607061172,0.05233527569596497
5840,2.485897243558059,2.426773618351691,0.05912362520636805
5841,2.812841485242717,2.8117139566842857,0.0011275285584311234
5842,2.6506167915391887,2.5992142588043627,0.05140253273482598
5843,2.621989866428542,2.5801123046740484,0.04187756175449353
5844,2.687389536156638,2.638431114279371,0.04895842187726673
5845,2.672579756849788,2.6379604135156534,0.034619343334134633
5846,2.61193923123458,2.5484906163993974,0.06344861483518249
5847,2.770884068449768,2.7707503685225494,0.00013369992721878887
5848,2.5677382255955634,2.5077589471170163,0.059979278478547116
5849,2.689984904683268,2.634153700345896,0.055831204337371876
5850,2.9007884457227604,2.9256948603909874,-0.02490641466822696
5851,2.865835330122752,2.8778145645966116,-0.011979234473859623
5852,2.552156789194226,2.5033613262104653,0.04879546298376081
5853,2.7027223444588544,2.6708203797601793,0.03190196469867512
5854,2.829507903965443,2.8373115908839157,-0.007803686918472774
5855,2.758727547031253,2.7482828237704386,0.01044472326081447
5856,2.7820892451310413,2.7697170950014645,0.01237215012957682
5857,3.0134064949278163,3.0690478814714863,-0.05564138654367001
5858,2.663217264697269,2.6040719052367476,0.05914535946052135
5859,2.784138196146009,2.7589604499179097,0.02517774622809954
5860,2.7997210752949737,2.7978361947274744,0.0018848805674993585
5861,2.701375541476269,2.655307357888878,0.04606818358739062
5862,2.7153584351122655,2.6806752317537867,0.03468320335847874
5863,2.5581643428305214,2.5090157215442437,0.04914862128627773
5864,2.674626873364795,2.6264512923282055,0.04817558103658959
5865,2.7357865836668305,2.710447907520011,0.025338676146819505
5866,2.5831382877593323,2.5223401712208373,0.060798116538494984
5867,2.676067278583471,2.6269758742070484,0.04909140437642279
5868,2.700470157797952,2.67736365036786,0.023106507430092016
5869,2.6292440277172484,2.5938720754571882,0.03537195226006018
5870,2.692654826486512,2.646648202794966,0.04600662369154618
5871,2.948677939817636,2.9806178907063132,-0.03193995088867707
5872,2.691253649641389,2.644070150417655,0.04718349922373388
5873,2.634151335853644,2.5947227392306136,0.039428596623030554
5874,2.7567094240824663,2.744753268666803,0.011956155415663527
5875,2.5748191527316826,2.5180180343082412,0.05680111842344138
5876,2.629236372185362,2.594517803963574,0.03471856822178809
5877,2.74062359220683,2.736877175357263,0.0037464168495668915
5878,2.784723114478424,2.7880343110708794,-0.0033111965924552678
5879,2.635533906890879,2.5856097338840356,0.049924173006843375
5880,2.6989402856560223,2.6735580490817576,0.02538223657426464
5881,2.6034307280658777,2.5599845356666693,0.04344619239920844
5882,2.9433028104283987,2.9544122820516137,-0.011109471623214962
5883,2.7818439042312995,2.7776928338289393,0.00415107040236018
5884,2.7490763658444424,2.7230716313900953,0.026004734454347034
5885,2.606900409445786,2.54523715842251,0.06166325102327619
5886,2.7074394438138762,2.685733783646147,0.021705660167729235
5887,2.750609939913364,2.7248994946504803,0.025710445262883574
5888,2.760604986071804,2.7468536645699393,0.013751321501864755
5889,2.8242964806665087,2.827876641003734,-0.003580160337225191
5890,2.641035215695125,2.5768262105086244,0.06420900518650052
5891,2.5888478743007055,2.5321844116827332,0.05666346261797228
5892,2.6169909956851303,2.5657528593120817,0.051238136373048526
5893,2.4966483650211346,2.4329564308299605,0.06369193419117414
5894,2.7792544673304875,2.7432740812602665,0.035980386070221027
5895,2.615362723160825,2.561467090650848,0.05389563250997709
5896,2.8693580692909655,2.8535159692529946,0.01584210003797093
5897,2.7639402425653126,2.7489979740324517,0.014942268532860847
5898,2.588384220755332,2.537877822275172,0.05050639848015992
5899,2.58684753352132,2.5270984983302345,0.05974903519108565
5900,2.612197617715827,2.5692541055656215,0.04294351215020553
5901,2.5461669090111276,2.494788030474518,0.05137887853660983
5902,2.6291460429981615,2.584875491493703,0.04427055150445858
5903,2.575346544882027,2.521447295853056,0.05389924902897114
5904,2.54335281495434,2.4921699612902475,0.05118285366409259
5905,2.5658199634284777,2.5151951154858248,0.050624847942652984
5906,2.595153653217201,2.546422489044603,0.04873116417259782
5907,2.6950369439032107,2.6536536682716054,0.041383275631605265
5908,2.6902753865266815,2.6738414735485407,0.016433912978140786
5909,2.6761802615018695,2.6472352136410535,0.028945047860815976
5910,2.814758949034662,2.808144119525546,0.00661482950911596
5911,2.795547516604786,2.7723467926238845,0.02320072398090156
5912,2.680689553603235,2.6419583534039823,0.03873120019925258
5913,2.5970262356448948,2.54099023363745,0.05603600200744463
5914,2.7002599393647593,2.6461783204875613,0.05408161887719798
5915,2.675850328559054,2.638085359968628,0.037764968590425774
5916,2.65723049874845,2.618255402236975,0.038975096511475016
5917,2.586660487930705,2.5261809019053767,0.060479586025328214
5918,2.6323388572145494,2.57846581824249,0.053873038972059195
5919,2.6116096712713013,2.557816101490741,0.05379356978056027
5920,2.662735952761964,2.6265813005910776,0.036154652170886425
5921,2.6357517753963378,2.5924917406192463,0.043260034777091505
5922,2.6656055561288134,2.6184260844347538,0.04717947169405967
5923,2.684443443394028,2.673282383835454,0.011161059558574049
5924,2.7820663980882023,2.748087329907887,0.03397906818031515
5925,2.8186341903050405,2.8387410347350066,-0.02010684442996613
5926,2.7267816716808406,2.702790480035872,0.023991191644968435
5927,2.7388822141239446,2.726483269276608,0.012398944847336502
5928,2.562420796769695,2.504761503830899,0.057659292938796014
5929,2.5516851137406222,2.48240421999509,0.06928089374553226
5930,2.699696870054925,2.6771754682741586,0.022521401780766226
5931,2.7072160642291325,2.663364216208573,0.043851848020559636
5932,2.636910383586878,2.6098446658139176,0.027065717772960518
5933,2.728361582670587,2.6945613649895344,0.03380021768105257
5934,2.7009091716650304,2.6692540240754425,0.03165514758958787
5935,3.021450508237467,3.074582176332029,-0.053131668094561935
5936,2.660892058735641,2.617991566067572,0.042900492668068946
5937,3.013604420912476,3.0822087711517683,-0.06860435023929234
5938,2.636580466847255,2.5937162080464327,0.04286425880082234
5939,2.8795876112229815,2.8848548349730905,-0.005267223750109018
5940,2.536667863565954,2.472697932514973,0.06396993105098092
5941,2.8151056986194134,2.80893730115895,0.006168397460463382
5942,2.6497111780167226,2.612744119995331,0.03696705802139144
5943,2.6344216884616376,2.5756332490251768,0.05878843943646084
5944,2.869023375145193,2.9023521133426478,-0.033328738197454744
5945,2.805966437192592,2.7774283996022557,0.02853803759033635
5946,2.7811815661449226,2.7812672642315364,-8.569808661373912e-05
5947,2.671877791277854,2.621179740927542,0.05069805035031205
5948,2.6047344583428216,2.553378528733734,0.051355929609087525
5949,2.765157868206092,2.741739968234152,0.023417899971940326
5950,2.599533751681388,2.544120003265235,0.055413748416152764
5951,2.6077220408033863,2.567744116790735,0.03997792401265121
5952,2.626456104353833,2.5747268164739414,0.051729287879891395
5953,2.759915696275121,2.765601741494764,-0.005686045219642999
5954,2.6844379445522897,2.6406818943578934,0.04375605019439632
5955,2.6604661958350606,2.6281706025893015,0.03229559324575915
5956,2.6197787961980383,2.5803770677944424,0.039401728403595904
5957,2.763209447710249,2.759611047884436,0.0035983998258131145
5958,2.9579189130351247,2.9995304764280424,-0.041611563392917716
5959,2.768417129036315,2.741179793072618,0.027237335963696818
5960,2.589403948286926,2.524763770718289,0.06464017756863738
5961,2.485585722617572,2.4224459911234932,0.0631397314940787
5962,2.7187338675052617,2.6889826235435876,0.029751243961674056
5963,2.5817337408627687,2.5161630529235826,0.06557068793918619
5964,2.5604683377872477,2.492046015525639,0.06842232226160849
5965,2.6094054180593864,2.5533813828851173,0.05602403517426913
5966,2.5930225075452182,2.540118860715897,0.05290364682932136
5967,2.636077087035979,2.599654448006257,0.03642263902972198
5968,2.6303199630065697,2.597994181300179,0.03232578170639089
5969,2.6368543859855125,2.583072745074968,0.05378164091054449
5970,2.650578877099438,2.614972912269436,0.035605964830002
5971,2.8724583969759716,2.885918952244884,-0.013460555268912433
5972,2.6565673198848376,2.6127245075331933,0.043842812351644334
5973,2.7287156423306396,2.700603088619357,0.02811255371128274
5974,2.679479250187323,2.646920851569721,0.0325583986176019
5975,2.759804120359437,2.7503811701252654,0.009422950234171612
5976,2.5542105098328065,2.497441263405019,0.05676924642778758
5977,2.6158927518152706,2.56445861455661,0.05143413725866042
5978,2.6608432555538832,2.608457052380354,0.05238620317352938
5979,2.6662265226852266,2.6201912535530716,0.046035269132155054
5980,2.9123911238476072,2.899909200685661,0.012481923161946185
5981,2.529740518368616,2.4603538332786785,0.0693866850899374
5982,2.547805509875116,2.478380421198313,0.06942508867680264
5983,2.684703340740944,2.6588502361360753,0.025853104604868893
5984,2.634784026376864,2.584540953241564,0.050243073135300076
5985,2.743433761457566,2.7137183943190837,0.029715367138482218
5986,2.703784812868421,2.6888621554185943,0.014922657449826904
5987,2.582619253749582,2.524289927234682,0.05832932651490008
5988,2.7517481376433994,2.7274372842626966,0.024310853380702824
5989,2.828333829109617,2.808646366131723,0.019687462977894032
5990,2.6401131849201516,2.5845873525692022,0.05552583235094932
5991,2.7542514681853203,2.7332018238424056,0.021049644342914675
5992,2.7206752861227144,2.683571970786089,0.037103315336625364
5993,2.614068828564825,2.5653780437097007,0.048690784855124125
5994,2.7174937178540812,2.685201887796047,0.032291830058034154
5995,2.5695579165874967,2.513138079141655,0.05641983744584156
5996,2.526182282541395,2.463174037870169,0.0630082446712259
5997,2.678955786843748,2.642604751874296,0.03635103496945202
5998,2.731836076304206,2.693617616693955,0.03821845961025083
5999,2.617042834513067,2.561886369879219,0.055156464633848046
6000,2.5981199217682027,2.555300136992627,0.0428197847755758
6001,2.6769343191007704,2.628872956054524,0.04806136304624653
6002,2.588058107231567,2.5328647577381,0.0551933494934671
6003,2.834722268390269,2.831195287033988,0.003526981356281045
6004,2.753711365391762,2.721781057872074,0.031930307519688395
6005,2.7646500651297443,2.7343003174192324,0.03034974771051191
6006,2.8610984567968,2.866664245580914,-0.005565788784113845
6007,2.705690862343953,2.685983918289492,0.01970694405446105
6008,2.723450690645308,2.7258003102210364,-0.0023496195757282123
6009,2.760092915479787,2.7210555639348324,0.03903735154495447
6010,2.590805195862462,2.538214221536678,0.05259097432578397
6011,2.767948949711819,2.756451697643598,0.011497252068220831
6012,2.6635372159603143,2.6175908890085156,0.04594632695179879
6013,2.608715728339043,2.5753441093457097,0.033371618993333296
6014,2.855285701903977,2.873130485749841,-0.017844783845863965
6015,2.6628038567186763,2.6088802576981083,0.05392359902056798
6016,2.696969738459536,2.669507286746905,0.02746245171263073
6017,2.616192118524897,2.565414488604984,0.05077762991991275
6018,2.8748313311440903,2.8961345887229,-0.02130325757880991
6019,2.687901567574434,2.642584914817857,0.04531665275657737
6020,2.546053173456158,2.4968961270305416,0.04915704642561636
6021,2.8502118030706214,2.848718581694352,0.0014932213762692825
6022,2.6829036758954987,2.6545153677709346,0.028388308124564166
6023,2.6272420466805673,2.5834678263985,0.04377422028206723
6024,2.781191386370268,2.7597080372308613,0.021483349139406638
6025,2.6075932755453595,2.5444443644315964,0.06314891111376308
6026,2.7761244042671462,2.7332326736416097,0.04289173062553653
6027,2.6538114194932003,2.605883213467413,0.04792820602578729
6028,2.5503294547930637,2.504197556063302,0.046131898729761645
6029,2.8958506929483767,2.908314906159703,-0.012464213211326403
6030,2.535885700853094,2.481446631853328,0.05443906899976625
6031,2.7783053190300366,2.784188740781197,-0.0058834217511605225
6032,2.55681880790268,2.500188143827886,0.056630664074794
6033,2.616396429604271,2.551933844640084,0.06446258496418711
6034,2.5649217226999803,2.505820772109046,0.05910095059093434
6035,2.7120037675971767,2.6778466280180404,0.03415713957913624
6036,2.5942237367693375,2.552912278736601,0.0413114580327365
6037,2.6939146798469085,2.659819246088217,0.034095433758691396
6038,2.648690676788246,2.618139275190519,0.030551401597727068
6039,2.530398496047154,2.4828015654379354,0.047596930609218546
6040,2.7489927642191816,2.714681339996775,0.03431142422240674
6041,2.719456258033595,2.691694390226597,0.027761867806998186
6042,2.803807479597661,2.7871551263989987,0.01665235319866243
6043,2.6710206307436923,2.631075535047561,0.03994509569613136
6044,2.781818250512597,2.7493117204214705,0.03250653009112625
6045,2.6247682206965415,2.569088985737749,0.055679234958792456
6046,2.801258956688122,2.7908163397456063,0.010442616942515581
6047,2.6585823452735977,2.605042045865068,0.05354029940852989
6048,2.799856812516012,2.773963143205455,0.025893669310557144
6049,2.6430352289392465,2.587513142002524,0.05552208693672256
6050,2.6745560208327186,2.61463742526664,0.059918595566078814
6051,2.8083820832129525,2.8153566835566775,-0.00697460034372499
6052,2.9953453122447864,3.0001270884337163,-0.004781776188929943
6053,2.726147530092494,2.686292332618036,0.03985519747445787
6054,2.5600494869869768,2.5000623248834297,0.05998716210354704
6055,2.7677647978930575,2.739526785836275,0.02823801205678267
6056,2.5375953962821516,2.490596517780659,0.04699887850149276
6057,2.619246682088233,2.562875964090033,0.056370717998199815
6058,2.637530285961506,2.589892939797659,0.04763734616384685
6059,2.660728927193592,2.6228299634845564,0.03789896370903545
6060,2.7624653198228524,2.735363199452176,0.027102120370676275
6061,2.6016564964673567,2.5369797248864474,0.06467677158090934
6062,2.5749031529266024,2.5196862178486747,0.05521693507792769
6063,2.68434528179184,2.656468627981869,0.027876653809971064
6064,2.704732053887517,2.685166083812865,0.019565970074652217
6065,2.718048953622085,2.6907422197335222,0.02730673388856264
6066,2.657405739993014,2.60568508878613,0.051720651206884405
6067,2.98745363103293,3.038826652450327,-0.05137302141739708
6068,2.6149659353011176,2.5679662558272094,0.04699967947390826
6069,2.729895159718486,2.7023525046372217,0.0275426550812643
6070,2.7193459552999872,2.6988738285110467,0.020472126788940503
6071,2.7568671790941326,2.7360394473786145,0.020827731715518105
6072,2.6733016865592774,2.636600786946589,0.03670089961268852
6073,2.8137511271396405,2.8183258282272936,-0.004574701087653121
6074,2.7341316733514747,2.7161899101869746,0.017941763164500024
6075,2.7339538294006873,2.7048596784291883,0.029094150971499033
6076,2.6442683623212515,2.5893757766864356,0.054892585634815916
6077,2.7574049104538645,2.748397997814634,0.009006912639230702
6078,2.7004062338456465,2.6678660529817613,0.032540180863885215
6079,2.6439895314356723,2.5895698472625344,0.05441968417313792
6080,2.58444419067039,2.520238465776892,0.06420572489349796
6081,2.701424254199301,2.6622122816489013,0.039211972550399654
6082,2.551068722161476,2.487690913584631,0.06337780857684505
6083,2.6155813744570944,2.5685229311261133,0.04705844333098108
6084,2.6636471541007283,2.628602627829123,0.03504452627160548
6085,2.5633830623037293,2.5022728914670274,0.061110170836701894
6086,2.610902352520774,2.5546106918312965,0.05629166068947766
6087,2.7523299239621934,2.7188717417749135,0.03345818218727992
6088,2.7056662248322656,2.695331039969713,0.010335184862552804
6089,2.471353035689829,2.4074889655717677,0.06386407011806128
6090,2.6826945117558965,2.6423277593401853,0.04036675241571119
6091,2.7576716423733245,2.7415692594483643,0.016102382924960246
6092,2.5769831405249874,2.5182145803095666,0.05876856021542087
6093,2.6919192176087323,2.670115031105997,0.021804186502735412
6094,2.7475897295001737,2.722045392678573,0.025544336821600844
6095,2.6303343863457176,2.578900004698078,0.05143438164763969
6096,2.7696536131274088,2.751578670910771,0.018074942216637968
6097,2.7910369898905376,2.7779844447595528,0.01305254513098486
6098,2.719975773105688,2.6881558433758275,0.031819929729860696
6099,2.747829870054968,2.717236408115591,0.030593461939377065
6100,2.601325512219993,2.534311492352678,0.06701401986731526
6101,2.696184248753202,2.652305039825065,0.043879208928137015
6102,2.633859166069248,2.598276538574947,0.035582627494300745
6103,2.6015294600414056,2.5412873808974066,0.06024207914399904
6104,2.719533432909499,2.6864508630136923,0.033082569895806824
6105,2.739771073411066,2.7129616806033527,0.026809392807713106
6106,2.573570382139273,2.5180760516683582,0.055494330470914566
6107,2.707254065184108,2.6818218568977716,0.025432208286336522
6108,2.8013367695691755,2.79266547787172,0.008671291697455619
6109,2.7871632530307604,2.7742835859015242,0.01287966712923616
6110,2.6577392981030252,2.6159670412693816,0.041772256833643606
6111,2.7368550243893623,2.7051572921233156,0.031697732266046774
6112,2.73605808420575,2.717960277891335,0.01809780631441482
6113,2.5910003721461856,2.551791365351565,0.03920900679462047
6114,2.583388207372514,2.53106839983551,0.05231980753700416
6115,2.7019846185385936,2.6540895325946563,0.04789508594393732
6116,2.65559463300277,2.6100708221621782,0.04552381084059176
6117,2.797479010488953,2.781413431227447,0.016065579261505647
6118,2.7409805539276713,2.7179961588893637,0.022984395038307515
6119,2.6554923524290532,2.6176626927952586,0.03782965963379459
6120,2.7130280784058387,2.688860749353118,0.0241673290527209
6121,2.6183037400847478,2.5576776811592286,0.0606260589255192
6122,2.644610841319249,2.609320474710084,0.03529036660916507
6123,2.788364869541542,2.757319254301009,0.031045615240532953
6124,2.57038789289141,2.5093985747402523,0.0609893181511576
6125,2.7724190378961056,2.728239858593741,0.0441791793023647
6126,2.742635706671388,2.719997120614976,0.022638586056412002
6127,2.7446111569468195,2.716326595272674,0.028284561674145614
6128,2.7343989418059893,2.69354731843639,0.040851623369599466
6129,2.687507852411554,2.661276398145189,0.026231454266365084
6130,2.6493996055959177,2.629314134891725,0.020085470704192865
6131,2.6692070423944063,2.635838837780198,0.03336820461420853
6132,2.7033642796518347,2.663260692186384,0.04010358746545073
6133,2.6370470354714426,2.5799091836779278,0.05713785179351483
6134,2.780468312074373,2.7581559077677302,0.02231240430664272
6135,2.711119173356464,2.6803644371607187,0.030754736195745203
6136,2.5578025642659155,2.497642130696667,0.06016043356924827
6137,2.5647092761198027,2.5236648808492728,0.04104439527052994
6138,2.840242743653353,2.8378147049971663,0.002428038656186793
6139,2.684231460387773,2.64802686121378,0.03620459917399277
6140,2.785779782686317,2.7727751565073224,0.01300462617899445
6141,2.611316495365654,2.5609623018313687,0.05035419353428505
6142,2.6937800365075892,2.661295569742724,0.03248446676486516
6143,2.655226408692319,2.593915519579441,0.06131088911287774
6144,2.7329101123092667,2.706782585454961,0.02612752685430575
6145,2.590877286844385,2.5329970392425207,0.057880247601864276
6146,2.607410980936939,2.5630346752338506,0.04437630570308837
6147,2.598181622241811,2.550596319573082,0.04758530266872896
6148,2.7799873966035955,2.7786710203631912,0.00131637624040426
6149,2.6432368477842916,2.6117112713287107,0.03152557645558085
6150,3.02654412169699,3.0879979875593304,-0.06145386586234025
6151,2.5827175148795387,2.5317680879798385,0.05094942689970017
6152,2.786402972670371,2.7735326884161577,0.012870284254213438
6153,2.687591845077554,2.6610069630419315,0.02658488203562248
6154,2.5850495994151834,2.536538805233016,0.048510794182167416
6155,2.607178753505301,2.556448624585598,0.05073012891970308
6156,2.941205631620552,2.9696612698661666,-0.0284556382456147
6157,2.8740844840997166,2.880588784175883,-0.006504300076166203
6158,2.6534190915524816,2.6258058486539766,0.027613242898504975
6159,2.6818862567915387,2.631692502850821,0.05019375394071757
6160,2.739756716153773,2.7197262520358807,0.020030464117892333
6161,2.5592626116533137,2.5180745735037355,0.041188038149578166
6162,2.611824408905085,2.5823459012553545,0.029478507649730368
6163,2.7553344274157228,2.728591550805086,0.026742876610636568
6164,2.8493798663178884,2.855560544717004,-0.0061806783991156244
6165,2.816969296821736,2.8035895274848803,0.013379769336855585
6166,2.602564107037155,2.554288643715756,0.04827546332139887
6167,2.6290958136481746,2.5791320911230775,0.049963722525097065
6168,2.7302132178277363,2.70349034136603,0.026722876461706235
6169,2.717312851187672,2.6959920871175846,0.021320764070087428
6170,2.7311773116599887,2.7023973199281697,0.028779991731819
6171,2.633176247992935,2.5814047368809203,0.0517715111120145
6172,2.6734783924940895,2.6321614595883447,0.041316932905744785
6173,2.6781000757652147,2.6254263411503747,0.05267373461484004
6174,2.7009934453670814,2.660558945687689,0.04043449967939239
6175,2.5777600369840528,2.551931963687599,0.02582807329645398
6176,2.568529435182931,2.517622877120271,0.05090655806265998
6177,2.6729321713701917,2.65543259853192,0.01749957283827186
6178,2.591693894344464,2.5228291787767607,0.06886471556770335
6179,2.6554227085948723,2.6186273052964433,0.03679540329842901
6180,2.8814429972269986,2.8843397918176388,-0.0028967945906401837
6181,2.747249036363428,2.743006780575929,0.0042422557874988165
6182,2.671086041585869,2.6200057076606855,0.0510803339251833
6183,2.6425928468351434,2.596669287520507,0.04592355931463654
6184,2.7610865207485724,2.7497283181706935,0.011358202577878895
6185,2.7176072776911564,2.69804084073364,0.019566436957516586
6186,2.6093596328535225,2.5616905833551127,0.04766904949840978
6187,2.8039657526624517,2.792168137316141,0.011797615346310852
6188,2.51828092235535,2.457099206599887,0.06118171575546327
6189,2.6535065259542145,2.5934856854027095,0.06002084055150503
6190,2.655780954504513,2.6135332285486834,0.042247725955829374
6191,2.6397711481543475,2.597593431888238,0.042177716266109666
6192,2.503375887460159,2.4364964655411527,0.06687942191900609
6193,2.6230165547809228,2.591022339081913,0.03199421569900984
6194,2.6086287846086798,2.5541287769123238,0.05450000769635599
6195,2.627034132254726,2.5793888615099747,0.04764527074475122
6196,2.6816938799538277,2.6560663149828483,0.0256275649709794
6197,2.59650805229539,2.5403246230693295,0.056183429226060344
6198,2.8198366070509273,2.818473982768301,0.0013626242826263457
6199,2.5062917887767884,2.4348820137954204,0.07140977498136802
6200,2.9425227840702215,2.9563370844964667,-0.013814300426245207
6201,2.6293365538956768,2.580077977145699,0.04925857674997758
6202,2.7693160750185664,2.761741808818289,0.007574266200277346
6203,2.6094158081866956,2.5617939904987224,0.047621817687973245
6204,2.601017192433819,2.541878066604349,0.05913912582947001
6205,2.5884149501524245,2.5438837102055167,0.044531239946907775
6206,2.7201427833045373,2.669245881407355,0.0508969018971821
6207,2.6522999894234816,2.599163950796077,0.05313603862740468
6208,2.522343220965409,2.4543805883861634,0.06796263257924551
6209,2.7712601735181757,2.7533861951365837,0.017873978381591993
6210,2.649716489227645,2.5927888216190835,0.05692766760856127
6211,2.9537634904951515,2.972286798430516,-0.018523307935364386
6212,2.659197137373977,2.6200347243920885,0.039162412981888384
6213,2.622388101828833,2.573859554055892,0.04852854777294091
6214,2.6536618525903064,2.6139932352725044,0.039668617317802024
6215,2.591112628331248,2.55471938329075,0.03639324504049757
6216,2.6110122538806855,2.565285434408106,0.04572681947257928
6217,2.605269912124412,2.5565609914156098,0.04870892070880206
6218,2.6058904407978347,2.546001771447342,0.05988866935049275
6219,2.6890124889644804,2.6426830505573036,0.04632943840717685
6220,2.5307386630517867,2.4737506337931094,0.0569880292586773
6221,2.5312804686669654,2.4660097753893386,0.0652706932776268
6222,2.6455475369067756,2.591695445397825,0.05385209150895065
6223,2.7384455334596054,2.7081363910374967,0.030309142422108692
6224,2.753102249618538,2.7387286331823195,0.014373616436218484
6225,2.712033083071369,2.6829246105611615,0.029108472510207317
6226,2.662766297009758,2.6359199284102823,0.026846368599475756
6227,2.6916170564642057,2.6686434211247647,0.022973635339440968
6228,2.6708944344467294,2.6408594261863567,0.030035008260372642
6229,2.686207602099259,2.6479482839534376,0.038259318145821286
6230,2.80062288803095,2.8202740178618146,-0.01965112983086481
6231,2.802602386897296,2.79432605524748,0.008276331649816004
6232,2.672140992230103,2.623038587504835,0.049102404725267945
6233,2.7033266939736427,2.6666375570813132,0.036689136892329444
6234,2.7004305899319685,2.664803929138274,0.03562666079369459
6235,2.6701038394029206,2.6299994130971776,0.04010442630574307
6236,2.5857829697650496,2.547417783830736,0.038365185934313484
6237,2.599577417567213,2.5380996622214864,0.061477755345726415
6238,2.5679977428659244,2.526924882348116,0.04107286051780834
6239,2.603464760553165,2.5519377730833144,0.05152698746985074
6240,2.82226318203665,2.798563009750326,0.02370017228632415
6241,2.6511440277337073,2.6182403498245455,0.03290367790916182
6242,2.605986972878292,2.5538185330440895,0.052168439834202385
6243,2.7630564187334508,2.743258313382981,0.019798105350469886
6244,2.738816056262111,2.6977326718294954,0.0410833844326155
6245,2.6196771697944987,2.576348084195576,0.04332908559892257
6246,2.681123262390751,2.6717204099394247,0.009402852451326105
6247,2.6684940232944365,2.630887844002626,0.03760617929181054
6248,2.679025881831722,2.6470941060334634,0.03193177579825868
6249,2.5275972822703374,2.4590095888135726,0.06858769345676485
6250,2.6797024995638568,2.6430825684491497,0.03661993111470707
6251,2.8165723956729254,2.7959945536723168,0.020577842000608637
6252,2.6133552670702347,2.554946991696488,0.05840827537374649
6253,2.6047889439678378,2.5499215511907787,0.0548673927770591
6254,2.594515969499855,2.5352354227854836,0.05928054671437133
6255,2.6419314567942216,2.626138127304662,0.015793329489559582
6256,2.6487789975483143,2.607113995128236,0.04166500242007842
6257,2.911444961691808,2.8989698226937515,0.012475138998056412
6258,2.671209839697511,2.6461137560298416,0.025096083667669244
6259,2.697008369269781,2.6473489907855403,0.04965937848424051
6260,2.69530056958181,2.6638449053674207,0.0314556642143895
6261,2.698124851101948,2.641246982582983,0.056877868518964814
6262,2.6720003925476097,2.621264640083993,0.05073575246361672
6263,2.6093245864560473,2.5456639012953732,0.06366068516067402
6264,2.857254114756084,2.8558491269975836,0.0014049877585002868
6265,2.765074470871919,2.753170381653333,0.011904089218586211
6266,2.503345092520935,2.4473684468908647,0.0559766456300701
6267,2.6670575281995665,2.6475197589883597,0.019537769211206868
6268,2.787010034311424,2.787119292685074,-0.00010925837365016733
6269,2.9000205769084295,2.9078563466819793,-0.007835769773549828
6270,2.813684972676871,2.8314954945022297,-0.017810521825358805
6271,2.5529858791329723,2.4976788327894743,0.05530704634349792
6272,2.8359660376212346,2.8393135289430633,-0.003347491321828766
6273,2.650150188131796,2.603924339247942,0.04622584888385406
6274,2.731489800307529,2.6907539750504905,0.04073582525703845
6275,2.578863895840323,2.514367879687464,0.06449601615285916
6276,2.593819779880109,2.5307422316560944,0.06307754822401446
6277,2.58651038972752,2.540219981307878,0.04629040841964205
6278,2.6339143622930665,2.577835677326244,0.05607868496682267
6279,2.7463120238316225,2.743327013523264,0.0029850103083584045
6280,2.6298231789670523,2.5736453965957073,0.056177782371344964
6281,2.517803054441063,2.4617658201546235,0.056037234286439475
6282,2.691824452225018,2.6477899090630372,0.04403454316198063
6283,2.7108762962279047,2.660397538725189,0.05047875750271569
6284,2.595866239778199,2.5368543367941623,0.0590119029840368
6285,2.9218433992402115,2.924550354873081,-0.002706955632869601
6286,2.7547884731856978,2.7324403375691917,0.02234813561650606
6287,2.5535217623702873,2.486525119169347,0.06699664320094012
6288,2.6534969471374326,2.61103040697313,0.042466540164302735
6289,2.655252163685928,2.602673930684807,0.05257823300112108
6290,2.663823738765285,2.6233847472706393,0.040438991494645915
6291,2.692505230761775,2.663519860867915,0.028985369893860025
6292,2.647136428813973,2.6119080623922764,0.03522836642169658
6293,2.8064232496065973,2.8164698041643756,-0.010046554557778364
6294,2.637968701045762,2.5904596489416365,0.047509052104125704
6295,2.756279183362322,2.733935358307356,0.022343825054965905
6296,2.7281422185060364,2.7098372523266976,0.018304966179338855
6297,2.6630175718067384,2.6157256764147307,0.04729189539200762
6298,2.7751939606338287,2.747876071444287,0.02731788918954159
6299,2.658147117484981,2.610679933802808,0.04746718368217273
6300,2.8265395222149383,2.8200846996251276,0.0064548225898106715
6301,2.6949282693983947,2.665413254281295,0.02951501511709953
6302,2.685662487600982,2.6607527851571953,0.024909702443786763
6303,2.583366619556454,2.5297301860842243,0.05363643347222968
6304,2.7279413426033186,2.723033299693272,0.0049080429100465395
6305,2.734407112337575,2.7224577254088103,0.011949386928764572
6306,2.672537010316598,2.628165114028686,0.04437189628791183
6307,2.696588838254038,2.6884981382625055,0.008090699991532446
6308,2.627065312719415,2.5762835193892606,0.0507817933301542
6309,2.657002776640011,2.6112009250948285,0.04580185154518235
6310,2.6159107329409417,2.5718386109849494,0.044072121955992305
6311,2.6982034164250024,2.6609062164494706,0.037297199975531825
6312,2.6445594014281606,2.5981362794492044,0.04642312197895615
6313,2.6880798324385116,2.6642420450013393,0.023837787437172242
6314,2.6611554374789606,2.6143198185458463,0.046835618933114276
6315,2.749818492404578,2.7196647788822417,0.0301537135223362
6316,2.7024506507664836,2.684609097086019,0.017841553680464806
6317,2.651924614513783,2.5959507847893635,0.055973829724419666
6318,2.6855025936703427,2.630541110141192,0.054961483529150534
6319,2.9091842039450286,2.932976458258011,-0.023792254312982486
6320,2.6750775665105673,2.635259449259913,0.03981811725065443
6321,2.7390895602154672,2.693867784068613,0.045221776146854076
6322,2.574753395183874,2.5188231417623386,0.05593025342153535
6323,2.6171907054103665,2.569751896343135,0.047438809067231524
6324,2.711596800487551,2.6810506986387357,0.030546101848815344
6325,2.6926955029562634,2.640153223349451,0.05254227960681224
6326,2.6269840389011843,2.5735211369175155,0.053462901983668765
6327,2.8336716294455377,2.8253619790678326,0.008309650377705147
6328,2.7428431730762974,2.729218020936713,0.013625152139584262
6329,2.6951534470306635,2.6522778505844626,0.04287559644620087
6330,2.59079038956942,2.538224124900761,0.0525662646686591
6331,2.6189161447263656,2.5584210007574186,0.06049514396894695
6332,2.6816638180551005,2.653490751526037,0.028173066529063373
6333,2.7099447381479043,2.666415458720086,0.043529279427818146
6334,2.599205355014369,2.544026014541736,0.055179340472633065
6335,2.6180948488097737,2.5693766991598928,0.04871814964988097
6336,2.832284589069129,2.8207394951240277,0.011545093945101392
6337,2.642249684393919,2.5856554292087908,0.05659425518512817
6338,2.5578379771967787,2.4879144478667765,0.06992352933000223
6339,2.6429117770014248,2.581814898212143,0.06109687878928183
6340,2.832392965353719,2.81681288487251,0.01558008048120918
6341,2.5930362663343094,2.52954032108861,0.06349594524569957
6342,2.614153496689304,2.5516632770860848,0.0624902196032191
6343,2.5425524369673065,2.4707365426099397,0.0718158943573668
6344,2.6132225132113756,2.5644107011727764,0.04881181203859919
6345,2.7435339780566976,2.707886153613918,0.03564782444277981
6346,2.6127916388355557,2.5648109879438667,0.0479806508916889
6347,2.7522137861267812,2.741556451179368,0.010657334947413055
6348,2.687349450331915,2.6422242301959433,0.045125220135971755
6349,2.6152803679284613,2.5588384049437054,0.0564419629847559
6350,2.6329227261651553,2.577257141591491,0.05566558457366444
6351,2.710526661387348,2.6844721558939946,0.02605450549335364
6352,2.613960230826288,2.5679036124580152,0.046056618368272684
6353,2.661111164087282,2.620013200603942,0.04109796348333994
6354,2.762572947126604,2.7440812331048687,0.018491714021735106
6355,2.6918920896336362,2.6605298274159943,0.031362262217641934
6356,2.7694000485695573,2.756107840686093,0.013292207883464524
6357,2.883010676026126,2.905471474021703,-0.02246079799557732
6358,2.64281198986403,2.602947704692491,0.03986428517153895
6359,2.759527598848762,2.733782433372711,0.02574516547605077
6360,2.7050984598333714,2.664381340295079,0.04071711953829249
6361,2.5400636363207942,2.4825641719832485,0.057499464337545714
6362,2.7234813790486583,2.6820365701039646,0.04144480894469371
6363,2.610477870236835,2.5746349367721444,0.035842933464690585
6364,2.6142307235536193,2.5690981641234805,0.04513255943013883
6365,2.655835158151141,2.6031587587030374,0.05267639944810343
6366,2.675035845191484,2.6412102404272506,0.033825604764233574
6367,2.698053107376415,2.6549303866934477,0.04312272068296741
6368,2.803650626629041,2.7578187016291924,0.04583192499984845
6369,2.5813202651054685,2.5221076244507428,0.05921264065472576
6370,2.8355440406798187,2.832279256204185,0.0032647844756334976
6371,2.855610815493588,2.841591265285682,0.014019550207906128
6372,2.6168964930087117,2.563962629379974,0.052933863628737754
6373,2.6017585843699487,2.543603831647997,0.058154752721951475
6374,2.773954737969917,2.776465938502211,-0.0025112005322940334
6375,2.7857287232765904,2.7629785780080867,0.02275014526850372
6376,2.7159144782802382,2.703655768228974,0.01225871005126411
6377,2.6726071959040323,2.6360858691165063,0.036521326787525954
6378,2.6206865027819943,2.5896511511453464,0.031035351636647945
6379,2.630337847632359,2.6039599925557186,0.026377855076640255
6380,2.848551935112417,2.8581345155617672,-0.009582580449350342
6381,2.665841542645046,2.642419277361742,0.023422265283304267
6382,2.6250411633880244,2.5665415940657565,0.05849956932226785
6383,2.6804516091942343,2.6488583644184454,0.03159324477578895
6384,2.634318059117735,2.5879372629482735,0.04638079616946156
6385,3.0600731465316007,3.1293485611290826,-0.06927541459748188
6386,2.734057480290346,2.705203017709304,0.028854462581042295
6387,2.629243186327894,2.574096325826275,0.05514686050161943
6388,2.7529297176595855,2.749164311738223,0.0037654059213623192
6389,2.565911778038113,2.5128564840560346,0.05305529398207831
6390,2.751249859157606,2.71225648792016,0.03899337123744617
6391,2.8168802044251247,2.8003812643853125,0.016498940039812116
6392,2.5257495422051086,2.466438882386517,0.05931065981859174
6393,2.6166741215306932,2.588564407798717,0.02810971373197635
6394,2.7059570545739646,2.6800971709905035,0.02585988358346114
6395,2.7784826557481197,2.77220388952435,0.006278766223769772
6396,2.651764982581668,2.6158094193312103,0.03595556325045779
6397,2.5773495676441613,2.5213466706116625,0.05600289703249883
6398,2.527621806274989,2.464302556914474,0.0633192493605148
6399,2.5307878792323453,2.473440544390486,0.057347334841859166
6400,2.9247733411135175,2.9754821102441977,-0.05070876913068023
6401,2.654010495436763,2.609725745682204,0.044284749754559094
6402,2.7755248758814974,2.7744564228136537,0.0010684530678437554
6403,2.6529532059027887,2.6078293220818303,0.045123883820958444
6404,2.605689788239459,2.575151644343429,0.030538143896030157
6405,2.6995914140051003,2.652142898853416,0.047448515151684134
6406,2.567030343657569,2.510144633863175,0.05688570979439378
6407,2.749513465463881,2.742838830430272,0.0066746350336091
6408,2.772955292172542,2.744303210445926,0.028652081726616263
6409,2.7561883715043263,2.744613427946894,0.01157494355743216
6410,2.7071674238658145,2.6677599047103593,0.03940751915545526
6411,2.7310335390442173,2.7160699041749394,0.014963634869277875
6412,2.664662716414075,2.622385454058471,0.04227726235560425
6413,2.835836874178626,2.8064383826530195,0.029398491525606474
6414,2.6508792062583533,2.6081463006071637,0.04273290565118959
6415,2.761416018325536,2.7390108606083134,0.0224051577172224
6416,2.6995463789864393,2.664067315760049,0.035479063226390384
6417,2.570798338825689,2.5228249239331872,0.04797341489250195
6418,2.65839843420396,2.628954799826279,0.029443634377680716
6419,2.5703486989902173,2.5127670705362535,0.05758162845396386
6420,2.730610076171985,2.709089806080581,0.021520270091404115
6421,2.7288266116141955,2.7139677926720283,0.014858818942167229
6422,2.6326046911927827,2.583449707230914,0.04915498396186857
6423,2.5721967570930966,2.5191023504499364,0.05309440664316023
6424,2.683934173540017,2.6302309174463603,0.05370325609365656
6425,2.6828133387109148,2.63226791198372,0.050545426727194975
6426,2.615710144579862,2.5667521921832717,0.048957952396590176
6427,2.775952196742549,2.7615490881653897,0.01440310857715943
6428,2.7559385901818207,2.719810688536391,0.036127901645429894
6429,2.6284981895620754,2.5813084785661915,0.04718971099588387
6430,2.742726772766377,2.7105684907377707,0.032158282028606155
6431,2.6776457496324606,2.6407617842551008,0.03688396537735983
6432,2.664944638653983,2.6278631202641636,0.03708151838981921
6433,2.820283178876507,2.8491097906155693,-0.028826611739062535
6434,2.9959126008480315,2.9973660210670405,-0.0014534202190090717
6435,2.768210472612208,2.7462209876952666,0.021989484916941304
6436,2.7362423281613455,2.6962380448879046,0.040004283273440855
6437,2.6155520907523413,2.565522535332013,0.050029555420328276
6438,2.6979952213781337,2.6641491561546875,0.03384606522344624
6439,3.033114108607965,3.0522386271629056,-0.01912451855494046
6440,2.6591948019340848,2.6189735755188264,0.04022122641525838
6441,2.6507477840972804,2.6137669000512367,0.036980884046043716
6442,2.6507562201337675,2.6123952558602093,0.038360964273558285
6443,2.88091316364304,2.8726046402476926,0.008308523395347489
6444,2.76134741621564,2.7503315648114426,0.011015851404197363
6445,2.672679728024655,2.632331464206077,0.04034826381857792
6446,2.5896880669774576,2.5474206835541335,0.042267383423324034
6447,2.9415645489546,2.957188514145528,-0.015623965190927791
6448,2.645828645760447,2.6121765838817903,0.03365206187865688
6449,2.7395675517080997,2.7114549466587814,0.02811260504931834
6450,2.7236810189666523,2.68180461285219,0.041876406114462306
6451,2.695847032874323,2.649149815815924,0.0466972170583988
6452,2.780796215776648,2.7613282628606544,0.01946795291599379
6453,2.5657707075751404,2.5013246925492894,0.06444601502585101
6454,2.7937875305085567,2.781945426263359,0.011842104245197493
6455,2.6903299513409094,2.6691109936101514,0.021218957730757992
6456,2.752190778114692,2.7355935351088716,0.016597243005820328
6457,2.684875059139967,2.6653447474295375,0.019530311710429515
6458,2.7886662329862126,2.781796482388723,0.00686975059748951
6459,2.5995188901532997,2.537044105468556,0.06247478468474377
6460,2.6266043241492243,2.579289023223865,0.04731530092535907
6461,2.698980526676804,2.6622570030939214,0.03672352358288267
6462,2.7849818195322027,2.781421703529961,0.00356011600224182
6463,2.6750421434198386,2.635683001690268,0.039359141729570446
6464,2.824634546426455,2.819034574549657,0.005599971876797838
6465,2.5362732308167066,2.472213409122136,0.06405982169457047
6466,2.6332136640648183,2.5871766207936266,0.046037043271191624
6467,2.79651218572741,2.795859557546744,0.0006526281806658041
6468,2.581184151231064,2.5309649907265266,0.05021916050453745
6469,2.8156177335112536,2.8081398690587234,0.007477864452530181
6470,2.6190496892559314,2.5671642725653987,0.051885416690532704
6471,2.623467505157689,2.5643635305516628,0.05910397460602601
6472,2.659060590135145,2.6093274679710308,0.049733122164114185
6473,2.7713004191452146,2.751787042151311,0.019513376993903542
6474,2.5408409897037507,2.4686216825966527,0.07221930710709801
6475,2.630500644930104,2.599408000119238,0.031092644810866155
6476,2.757852097257497,2.7555334077865856,0.002318689470911295
6477,2.6961531754651005,2.6613021464007565,0.03485102906434401
6478,2.6956916851559556,2.6579462208386304,0.03774546431732517
6479,2.764131900636742,2.7463227218449164,0.01780917879182553
6480,2.613321861664797,2.591530620350538,0.02179124131425869
6481,2.74080202240123,2.7269099138582584,0.013892108542971737
6482,2.5971149559434656,2.533921179585523,0.06319377635794243
6483,2.631798877477253,2.578268229289874,0.05353064818737874
6484,2.6150199522712,2.571337028953906,0.04368292331729373
6485,2.6454488099582627,2.607361138471799,0.03808767148646375
6486,2.6478011425126926,2.6088820142252276,0.03891912828746502
6487,2.774548673041222,2.7918366076891195,-0.01728793464789735
6488,2.68668486002494,2.636300790957261,0.050384069067678894
6489,2.624503885316709,2.5796447404292855,0.044859144887423597
6490,2.743943726607554,2.7297887247425123,0.014155001865041594
6491,2.7593081420005996,2.7369923122159734,0.022315829784626207
6492,2.739727226984094,2.7130238177367434,0.026703409247350596
6493,2.751645951499775,2.743608273407668,0.00803767809210676
6494,2.833491912306601,2.8314304798694465,0.002061432437154398
6495,2.8267074624969344,2.8363830573596482,-0.009675594862713854
6496,2.7021811263494184,2.676559096337389,0.025622030012029562
6497,2.6653845379003123,2.6385147724250246,0.026869765475287632
6498,2.6854516250786378,2.636158231196001,0.04929339388263676
6499,2.703984383165712,2.6772754428951577,0.026708940270554482
6500,2.7594262914317733,2.7209644026955337,0.03846188873623957
6501,2.791340712049373,2.7888658235911237,0.0024748884582495023
6502,2.796341183872535,2.763822511299739,0.032518672572795726
6503,2.6546713722824458,2.6119852291277907,0.04268614315465502
6504,2.63324592316576,2.597047224767578,0.03619869839818168
6505,2.7860433972404395,2.7866537120632096,-0.000610314822770075
6506,3.021673810560321,3.0655858591398,-0.04391204857947928
6507,2.691627889027803,2.6682955219650712,0.023332367062731674
6508,2.738243467749085,2.7316749956263116,0.00656847212277345
6509,2.6044542325144135,2.547203369211468,0.057250863302945376
6510,2.805980593631825,2.7756032007894107,0.030377392842414253
6511,2.6883127894066643,2.648628416577209,0.03968437282945514
6512,2.7914983288074944,2.773861242191681,0.017637086615813313
6513,2.650013140300908,2.611452667975986,0.03856047232492221
6514,2.6833705567586077,2.655739192450756,0.027631364307851847
6515,2.749884058882651,2.735245824104277,0.014638234778373782
6516,2.5134250664640354,2.4603727157854296,0.05305235067860581
6517,2.744190007748006,2.7204885534492314,0.02370145429877457
6518,2.579561311863498,2.524329092811056,0.05523221905244213
6519,2.483213514374957,2.421273373561575,0.06194014081338217
6520,2.6386767568283234,2.586310807945059,0.0523659488832644
6521,2.7396169933391374,2.7157333565107242,0.023883636828413213
6522,2.62617380027536,2.5764136831331212,0.0497601171422386
6523,2.733503214159584,2.7182084008608096,0.015294813298774468
6524,2.515303297239666,2.4588374433989535,0.056465853840712565
6525,2.733315408136176,2.6997971641743,0.03351824396187597
6526,2.6769096266227677,2.6567152090619914,0.020194417560776223
6527,2.83157287964341,2.842878233761029,-0.011305354117618904
6528,2.6977248854275295,2.671001764960806,0.026723120466723316
6529,2.603712719687069,2.5426192574901596,0.061093462196909254
6530,2.749498029405112,2.7248862674535617,0.02461176195155046
6531,2.6827850042635593,2.6469486841878562,0.03583632007570303
6532,2.689989598611716,2.6686581368521725,0.02133146175954348
6533,2.5639842081149187,2.4909097556200948,0.07307445249482392
6534,2.532996901707007,2.4610320141071367,0.07196488759987041
6535,2.6672979057242436,2.633847915677696,0.03344999004654747
6536,2.731489831807906,2.708626974634494,0.022862857173411744
6537,2.8781126966330373,2.8962299661815893,-0.018117269548552084
6538,2.695335333439419,2.6801058838609935,0.015229449578425314
6539,2.6724665060960895,2.6330089627790523,0.039457543317037214
6540,2.858843300853357,2.8650276358491062,-0.006184334995749108
6541,2.835853940530183,2.8390047937277507,-0.0031508531975679155
6542,3.054231013991873,3.085279569239063,-0.031048555247189746
6543,2.665921570438414,2.6220189799901843,0.04390259044822953
6544,2.6837908728137867,2.6462416148156813,0.03754925799810538
6545,2.7549051569540643,2.7461405521644378,0.008764604789626596
6546,2.833649336424276,2.835994665234369,-0.0023453288100929726
6547,2.708180347718151,2.661193662806016,0.04698668491213498
6548,2.7105461253850542,2.670801803266998,0.03974432211805645
6549,2.6364470094848853,2.602805858698134,0.03364115078675134
6550,2.5100198168703183,2.4457726404214295,0.06424717644888878
6551,2.6102980338779127,2.560614578547007,0.04968345533090579
6552,2.743130360712346,2.730361459518276,0.012768901194069926
6553,2.709542974096493,2.6864250906123233,0.023117883484169877
6554,2.9407026173605058,2.95493862781255,-0.014236010452044034
6555,2.6918640874886846,2.65315809036652,0.038705997122164604
6556,2.7745996811428073,2.771319355453218,0.0032803256895892474
6557,2.6670392125906806,2.6196300725749175,0.04740914001576302
6558,2.7337174162545166,2.7106594005763984,0.02305801567811816
6559,2.5233845543762756,2.4633780700861707,0.06000648429010491
6560,2.61297226984184,2.570496019224956,0.04247625061688387
6561,2.5816437797102103,2.5366790162882698,0.04496476342194056
6562,2.7059075828068004,2.6777211687402795,0.028186414066520893
6563,2.865128638479642,2.8785841433878265,-0.01345550490818459
6564,2.7236138725994774,2.700856446695041,0.022757425904436523
6565,2.687721094942222,2.653322647127089,0.034398447815132904
6566,2.5809393541935264,2.5203051661110205,0.06063418808250587
6567,2.711805255201397,2.677830973897995,0.033974281303402076
6568,2.6763817823007945,2.6233858020188627,0.052995980281931754
6569,2.6647175107310286,2.6153088037014243,0.049408707029604315
6570,2.5972735416023687,2.5443325822241305,0.05294095937823817
6571,2.691505513779785,2.6614517442780468,0.030053769501738437
6572,2.7076361734495236,2.69070188749757,0.016934285951953676
6573,2.74920695482745,2.7057651658162554,0.043441789011194665
6574,2.7909799048011403,2.7799853170099076,0.010994587791232746
6575,2.601383383147174,2.5614077183235593,0.03997566482361492
6576,2.766574158005383,2.7586645876522375,0.007909570353145323
6577,2.568884940048247,2.4973433875675988,0.0715415524806482
6578,2.6268437385975747,2.5644162748572543,0.06242746374032038
6579,2.6288464843866928,2.5789290109357883,0.04991747345090447
6580,2.758063972687148,2.7432240229183145,0.014839949768833627
6581,2.7632071745576074,2.737363920439625,0.025843254117982273
6582,2.621314669535654,2.579774542348984,0.041540127186669995
6583,2.6278997124089725,2.5941077122349356,0.03379200017403683
6584,2.71354796347215,2.679530299539306,0.03401766393284422
6585,2.7522874204684817,2.721060303809581,0.031227116658900655
6586,2.716862492578258,2.6802838387913543,0.036578653786903725
6587,2.748816990341383,2.698218558533426,0.05059843180795687
6588,2.6645009183129447,2.6212639622717693,0.04323695604117539
6589,2.563281868462427,2.5043418181467834,0.05894005031564342
6590,2.752771287235972,2.7495220755261647,0.003249211709807298
6591,2.629499999102726,2.585447720891263,0.04405227821146296
6592,2.8837616773486285,2.864616304381749,0.01914537296687957
6593,2.694528537053296,2.6551717345384187,0.03935680251487739
6594,2.7632817622098855,2.749862091424223,0.013419670785662419
6595,2.883411888923573,2.893962175312835,-0.01055028638926192
6596,2.8700217910997115,2.8654505343358556,0.0045712567638558355
6597,2.6014011299632633,2.5546829985547053,0.04671813140855807
6598,2.6592581180761834,2.6175824907158303,0.04167562736035313
6599,2.7070222107743094,2.6813729983527406,0.025649212421568812
6600,2.7348590324146875,2.700640463723002,0.03421856869168538
6601,2.7031547848687785,2.6550969498424246,0.04805783502635386
6602,2.7955419946582203,2.8120318857210864,-0.016489891062866135
6603,2.5714450049667854,2.521310794835112,0.050134210131673296
6604,2.747575307468484,2.7053339699344128,0.04224133753407111
6605,2.616632762967675,2.5600867710274757,0.05654599194019916
6606,3.0559005837120345,3.1039563802675527,-0.04805579655551817
6607,2.6157281242273847,2.5882358359642756,0.02749228826310901
6608,2.5442021033304756,2.491985188655702,0.05221691467477374
6609,2.519632716375933,2.4448306913493667,0.07480202502656619
6610,2.6852560458304087,2.6752760857119684,0.009979960118440268
6611,2.717245572256442,2.6841061878282924,0.033139384428149565
6612,2.554402145758297,2.4819768442490435,0.07242530150925353
6613,2.6554676952632916,2.6170304963668034,0.03843719889648822
6614,2.820602427228331,2.814572579467364,0.006029847760967044
6615,2.575883861830242,2.520072052591563,0.05581180923867901
6616,2.7398476892992605,2.7130792506017807,0.0267684386974798
6617,2.8530748097200376,2.8669262173646075,-0.013851407644569935
6618,2.6520306138090066,2.625794055657292,0.02623655815171455
6619,2.7304700510754136,2.686599224955086,0.04387082612032778
6620,2.6573865937212195,2.628068410208728,0.02931818351249138
6621,2.5769838117600488,2.514905095697482,0.06207871606256665
6622,2.6824316197097184,2.6454944699165015,0.03693714979321694
6623,2.5367719448714703,2.4733438777848638,0.06342806708660653
6624,2.6806521983902853,2.6393782626241404,0.04127393576614491
6625,2.701758680397536,2.6709414924686143,0.03081718792892163
6626,2.8017452762826385,2.814672190051649,-0.01292691376901045
6627,2.6731910438862583,2.6425405230043437,0.030650520881914556
6628,2.5827499452506726,2.521774585131172,0.060975360119500444
6629,2.5542543926007646,2.4960906179783193,0.05816377462244526
6630,2.6647850405218083,2.6417492559970777,0.02303578452473065
6631,2.6320914909529614,2.5661520623014566,0.0659394286515047
6632,2.665281567078787,2.629508519746595,0.035773047332191776
6633,2.686657210921078,2.649907311692204,0.03674989922887395
6634,2.7163806107000092,2.69452873560617,0.021851875093839457
6635,2.5696125877424945,2.5172667650679297,0.05234582267456478
6636,2.80575555588369,2.788976009407989,0.016779546475701235
6637,2.779093111309412,2.771369500011294,0.007723611298117827
6638,2.6485870041598654,2.5896579545702454,0.058929049589619975
6639,2.554757725227416,2.4835505713132924,0.07120715391412347
6640,2.6470349311630157,2.5909704203416495,0.05606451082136621
6641,2.8128736589627166,2.80936931672337,0.0035043422393465917
6642,2.659835909028498,2.625445574678719,0.03439033434977912
6643,2.6101717825107604,2.549436231602436,0.0607355509083245
6644,2.8515209429606676,2.830905830249116,0.020615112711551475
6645,2.5934940963462765,2.539249996004009,0.054244100342267565
6646,2.6195920868318248,2.5872768301678017,0.03231525666402302
6647,2.8632044022065846,2.8616780601743104,0.0015263420322741972
6648,2.6794115789734443,2.6483742539469843,0.03103732502645995
6649,2.75777363701785,2.7150915694022584,0.04268206761559146
6650,2.73454299886568,2.7062280793224915,0.028314919543188655
6651,2.562035647265733,2.4986616800627677,0.06337396720296518
6652,2.614360321397989,2.559154840902997,0.05520548049499219
6653,2.7869094699308556,2.7757747658092864,0.01113470412156925
6654,2.625700381238017,2.5717231904259266,0.05397719081209029
6655,2.703602431947986,2.6769972068158063,0.026605225132179555
6656,2.542210428360812,2.4863508107749177,0.055859617585894306
6657,2.586605172707507,2.5383130524427786,0.0482921202647284
6658,2.562254669110694,2.500387927028134,0.061866742082560044
6659,2.779682692172675,2.769242625385726,0.010440066786948865
6660,2.7492623624455015,2.7220815265325933,0.027180835912908208
6661,2.7306878252264677,2.7096790507659945,0.021008774460473223
6662,2.6231559061214784,2.558561635526796,0.06459427059468226
6663,2.601891424110916,2.537174541073304,0.0647168830376117
6664,2.6351550168462263,2.595511162438728,0.0396438544074984
6665,2.6221945749742996,2.5716049168128077,0.05058965816149197
6666,2.6930567569112296,2.65206384428687,0.04099291262435978
6667,2.959772542694034,2.963328070145317,-0.0035555274512830692
6668,2.713612970431879,2.665952183148159,0.04766078728372003
6669,2.6423302582102277,2.5879707453288776,0.0543595128813501
6670,2.6418813003527757,2.602751251641295,0.039130048711480736
6671,2.8045514362606387,2.8014721526366158,0.003079283624022988
6672,2.738732038078857,2.7108666873740264,0.02786535070483076
6673,2.5909006809930633,2.5315933294073036,0.059307351585759616
6674,2.6684651134871156,2.633109412970768,0.03535570051634762
6675,2.5609271369705153,2.5022883339999415,0.05863880297057378
6676,2.8086231700727446,2.841618243745734,-0.03299507367298915
6677,2.694929831885945,2.667986862443779,0.02694296944216612
6678,2.5787431370872183,2.5209231176354057,0.05782001945181259
6679,3.0011319054843852,3.0212699772108076,-0.020138071726422346
6680,2.738105661978324,2.7153417483372864,0.022763913641037803
6681,2.536806247971569,2.468633829625179,0.0681724183463901
6682,2.728477935828448,2.6795066502329843,0.0489712855954636
6683,2.593780308792881,2.544661765738641,0.049118543054239794
6684,2.8163373345035856,2.8213736841836927,-0.005036349680107133
6685,2.6132543804567523,2.5836258420659357,0.029628538390816583
6686,2.9974306599123697,3.041253726421659,-0.043823066509289355
6687,2.919294761924991,2.939015310087014,-0.019720548162023288
6688,2.5361689374459044,2.4672907292318773,0.06887820821402713
6689,2.732197503609585,2.7216522859742653,0.01054521763531957
6690,2.60239150813692,2.543788743714188,0.05860276442273182
6691,2.748818557139361,2.706921861459796,0.041896695679565
6692,2.696185371371234,2.6711462912451345,0.025039080126099567
6693,2.525898875171308,2.455127696484615,0.07077117868669314
6694,2.728878000540956,2.7184257668941703,0.010452233646785825
6695,2.6959988566535444,2.6679377421624944,0.028061114491050088
6696,2.703971715297648,2.672089333527778,0.031882381769869905
6697,2.658583976430886,2.621081791058076,0.037502185372809915
6698,2.6197453408270173,2.5611457720940596,0.058599568732957685
6699,2.782054125252965,2.7574215149544936,0.024632610298471302
6700,2.707659463502172,2.674638392638461,0.033021070863710644
6701,2.670832945050207,2.6194329390274347,0.05140000602277217
6702,2.672478041199729,2.6322473947734553,0.04023064642627361
6703,2.621465829548029,2.5683091918933862,0.053156637654642847
6704,2.7334208579256956,2.689390969037128,0.044029888888567736
6705,2.5816300810421215,2.548914015269716,0.03271606577240549
6706,2.670067996209196,2.636709986700995,0.033358009508201114
6707,2.5674424764036075,2.5145458232074476,0.05289665319615988
6708,2.7383273824739707,2.6930742342332987,0.04525314824067195
6709,2.6545880291489805,2.601966734555637,0.052621294593343304
6710,2.645600946072813,2.5841562624517604,0.06144468362105249
6711,2.6787785416181995,2.6427477742396226,0.03603076737857691
6712,2.762050948758679,2.7380543085067033,0.023996640251975787
6713,2.952619439039472,2.9723612044777368,-0.019741765438264558
6714,2.7141094510865114,2.677323422196311,0.03678602889020022
6715,2.659313988959525,2.616795714065831,0.042518274893693864
6716,2.75890152463801,2.717090051987847,0.04181147265016305
6717,2.5951276521225077,2.5492913312046377,0.045836320917870044
6718,2.734017737243003,2.709448852163251,0.024568885079751634
6719,2.7319503096038336,2.718685939774315,0.013264369829518508
6720,2.7426166460819723,2.704009110730371,0.03860753535160111
6721,2.8697506806943154,2.881937559052504,-0.012186878358188658
6722,2.560202118447664,2.5033475791094117,0.05685453933825224
6723,2.764129761075098,2.722010057300121,0.04211970377497698
6724,2.748186871686044,2.719635111579237,0.0285517601068066
6725,2.6022820660085197,2.5477091260067626,0.054572940001757164
6726,2.6206402940266518,2.5970003719550365,0.02363992207161525
6727,2.745024698757308,2.7076430538344303,0.037381644922877655
6728,2.795851693978316,2.7715188856425486,0.024332808335767453
6729,2.615493941805356,2.564434670459216,0.05105927134614019
6730,2.6265298317999273,2.5747926892258706,0.051737142574056705
6731,2.7315319378130263,2.7008650491856465,0.030666888627379763
6732,2.8290753356137994,2.8289997799802657,7.555563353367489e-05
6733,2.878989456543813,2.9021988781117716,-0.023209421567958355
6734,2.521781167116355,2.4629830086316815,0.05879815848467329
6735,2.8335674340524615,2.8251500520789086,0.008417381973552907
6736,2.65503714650799,2.603787835904357,0.051249310603632914
6737,2.736445790352045,2.7203357398495625,0.016110050502482487
6738,2.7577984362942347,2.7294588015846957,0.02833963470953904
6739,2.5277338484746794,2.4619629263847616,0.06577092208991786
6740,2.6210152885742835,2.567788079741358,0.05322720883292531
6741,2.7541206822896345,2.707917956733276,0.046202725556358626
6742,2.8126613494803254,2.8249083037587326,-0.012246954278407163
6743,2.584702005545074,2.5435321248581984,0.04116988068687544
6744,2.725082600380626,2.691365308830288,0.03371729155033831
6745,2.90549735535013,2.921493143536277,-0.015995788186146775
6746,2.817000811054336,2.7961837938636167,0.020817017190719156
6747,2.7425660989479,2.727015375409549,0.015550723538351185
6748,2.7210294579819823,2.679855608490813,0.04117384949116909
6749,2.6629624896436552,2.6189157397608396,0.04404674988281565
6750,2.682495423559649,2.6528813141891314,0.02961410937051756
6751,2.5898822576192853,2.5354376234194445,0.0544446341998408
6752,2.6569313903795893,2.6131368275897224,0.04379456278986682
6753,2.7231171196541375,2.681450194346506,0.04166692530763161
6754,2.6261318150182014,2.5753206328553255,0.050811182162875834
6755,2.5981716846205702,2.545910562149918,0.0522611224706524
6756,2.820396382974008,2.8098691706394265,0.010527212334581648
6757,2.707496391891685,2.69795361843415,0.009542773457534626
6758,2.7931652750739557,2.772478459750154,0.020686815323801788
6759,2.8042824234326456,2.8098760977799837,-0.005593674347338151
6760,2.699337962354908,2.667024312222592,0.03231365013231624
6761,2.7002121183666197,2.653544706124807,0.04666741224181248
6762,2.8840323779225927,2.88072607547439,0.003306302448202736
6763,2.619359182600759,2.5741791109900873,0.045180071610671835
6764,2.734735511995984,2.6886253836908605,0.04611012830512351
6765,2.673477892102186,2.639813885103047,0.03366400699913896
6766,2.7268409330387113,2.6937020151926077,0.03313891784610368
6767,2.813627857212926,2.804190166199588,0.009437691013337801
6768,2.5961814270473993,2.5362380771464528,0.05994334990094652
6769,2.580602498461425,2.519492764054139,0.06110973440728573
6770,2.6155735755158984,2.5841228717514966,0.031450703764401844
6771,2.6022433547341657,2.5535450773720254,0.048698277362140274
6772,2.5566517912916282,2.4902914231992566,0.06636036809237167
6773,2.698276019863037,2.663652144866127,0.03462387499690989
6774,2.733419532602384,2.7027679582980007,0.030651574304383367
6775,2.730484727358204,2.718002575976688,0.012482151381516093
6776,2.755132075218085,2.746521798387353,0.008610276830731678
6777,2.645036349211132,2.584439645238156,0.06059670397297623
6778,2.623577170146544,2.5766707132703743,0.04690645687616968
6779,2.647764179825265,2.603292982758054,0.0444711970672107
6780,2.615570676826233,2.577458568518581,0.03811210830765166
6781,2.678165122230844,2.6444511693566097,0.03371395287423429
6782,2.7060873159777565,2.6659897163032173,0.040097599674539186
6783,2.6360244509318913,2.591567256022465,0.044457194909426345
6784,2.567602912960459,2.503311942211846,0.06429097074861323
6785,2.7368417929424336,2.705870905715961,0.030970887226472676
6786,2.6812558602225254,2.6470246980784546,0.03423116214407074
6787,2.6049367934974845,2.550754620255526,0.05418217324195851
6788,2.786675543095403,2.754526756098788,0.032148786996615275
6789,2.5566214565069965,2.5019476675763808,0.0546737889306157
6790,2.673068863704927,2.6373566998558426,0.035712163849084266
6791,2.6571368119186656,2.626513929539556,0.030622882379109484
6792,2.7791653050879543,2.772289249308691,0.006876055779263535
6793,2.8088398193316735,2.7998148622804204,0.009024957051253057
6794,2.6199035295341684,2.568072250638107,0.05183127889606132
6795,2.672301456155021,2.626100031434067,0.0462014247209539
6796,2.6246992210746956,2.575221731678821,0.049477489395874485
6797,2.9273118451240094,2.9452921092482516,-0.01798026412424214
6798,2.681473902430783,2.6700649481623544,0.011408954268428584
6799,2.698455801628693,2.6634960273404675,0.034959774288225276
6800,2.5924174454794024,2.540874294505005,0.051543150974397545
6801,2.720728270106691,2.6801209281381695,0.04060734196852156
6802,2.7208065450542773,2.6881345377785215,0.03267200727575581
6803,2.7209329982185313,2.690472144709361,0.03046085350917016
6804,2.7825167601680683,2.782734995456594,-0.0002182352885258254
6805,2.6177649067122224,2.5521881423047392,0.06557676440748317
6806,2.5725654842173666,2.5113267110208017,0.0612387731965649
6807,2.532153753240983,2.4695150527593577,0.06263870048162534
6808,2.627858256403379,2.5841008595314143,0.04375739687196445
6809,2.5587240348046456,2.4949679565207137,0.06375607828393193
6810,2.6369914818456865,2.585782195751221,0.05120928609446551
6811,2.719003168670639,2.6814538161745562,0.03754935249608282
6812,2.6808566749630756,2.6563757204780125,0.024480954485063045
6813,2.6559054869529697,2.6118800159077766,0.044025471045193054
6814,2.7509834530562163,2.73630292905791,0.014680523998306327
6815,2.7119258762530123,2.6698049694424295,0.04212090681058278
6816,2.861965620429442,2.881536977039686,-0.019571356610244006
6817,2.6020160386641664,2.5701299988796116,0.03188603978455484
6818,2.6030295393777942,2.5496574765220097,0.05337206285578455
6819,2.7757659459262105,2.743919016393987,0.031846929532223456
6820,2.674904994875853,2.629849555240998,0.04505543963485481
6821,2.6262530964453656,2.57248141478241,0.05377168166295565
6822,2.7936452234749747,2.801020854432399,-0.007375630957424217
6823,2.5364385314493973,2.4603568148644666,0.07608171658493079
6824,2.8953156435533174,2.9190507958650387,-0.023735152311721297
6825,2.8985344457316216,2.908831670665939,-0.010297224934317395
6826,2.7051598812448514,2.67382901457297,0.03133086667188145
6827,2.563124125059218,2.5015527442390066,0.061571380820211186
6828,2.5408865499775968,2.4698321576493374,0.07105439232825939
6829,2.7710144296475954,2.77143156602134,-0.000417136373744853
6830,2.6302465570680833,2.5707765536011356,0.05947000346694775
6831,2.7090671931131864,2.6832938497304433,0.025773343382743175
6832,2.897006722396683,2.904161784401073,-0.007155062004390089
6833,2.5835339074220465,2.5389925093671493,0.04454139805489721
6834,2.6095711947280407,2.5561201506719136,0.053451044056127106
6835,2.5848982889202543,2.522657269636113,0.062241019284141164
6836,2.619515256455669,2.5617856163115977,0.057729640144071226
6837,2.8097974052182204,2.814551650945949,-0.004754245727728534
6838,2.738538661428636,2.721280051589445,0.01725860983919114
6839,2.6134283019572897,2.5582759706336042,0.055152331323685466
6840,2.678528030650919,2.65065748780278,0.027870542848138946
6841,2.758898783302475,2.737795679107415,0.02110310419506023
6842,2.573825830811485,2.5211406838526904,0.05268514695879478
6843,2.606839096724873,2.56039432041653,0.046444776308343094
6844,2.711170979061895,2.6707326035517562,0.04043837551013896
6845,2.5430494091391305,2.486625326660903,0.05642408247822761
6846,2.7023621679488747,2.663074258161079,0.039287909787795616
6847,2.6834114780170117,2.6417107767437225,0.04170070127328929
6848,2.820327013828414,2.8112878424909336,0.009039171337480667
6849,2.6203026258818243,2.57854270178392,0.0417599240979043
6850,2.899651898609318,2.916675956031247,-0.01702405742192914
6851,2.8865359428091053,2.883445264341046,0.003090678468059327
6852,2.4921689899436106,2.428966873525849,0.06320211641776163
6853,2.6685046204361296,2.6213614230066824,0.04714319742944717
6854,2.7449608544637654,2.7192296638612845,0.025731190602480858
6855,2.877632562350471,2.883260686160624,-0.005628123810152985
6856,2.5538754902296446,2.490772235650882,0.06310325457876242
6857,2.6068639066036985,2.5531014333498536,0.05376247325384487
6858,2.647188607590858,2.602576761279354,0.044611846311504166
6859,2.699480654044454,2.686088713950868,0.013391940093586019
6860,2.6156015448388175,2.557595145900895,0.058006398937922476
6861,2.672418190269249,2.637727865328593,0.03469032494065605
6862,2.5808003136933073,2.5278805547237013,0.05291975896960599
6863,2.7149860649657183,2.679663717799519,0.0353223471661992
6864,2.6898232098692834,2.6518579382789795,0.03796527159030383
6865,2.7971313477298843,2.7613766280230236,0.035754719706860616
6866,2.557856017887599,2.5059788598876507,0.05187715799994841
6867,2.5563375214381803,2.51132651003565,0.045011011402530166
6868,2.8192016162538733,2.7989465719351587,0.02025504431871461
6869,2.527348309124005,2.464105017408921,0.06324329171508403
6870,2.5589899325194483,2.5034830640729004,0.05550686844654784
6871,2.6534772076417203,2.595936932192826,0.057540275448894285
6872,2.6129565341028793,2.5701568444982996,0.042799689604579694
6873,2.62286085484104,2.5810599122206836,0.041800942620356274
6874,2.6533772594515352,2.6032563257072483,0.050120933744286944
6875,2.5751907350108625,2.530923152197597,0.044267582813265705
6876,2.5883526002177795,2.540920306836067,0.0474322933817124
6877,2.6265627303767376,2.5934251348488644,0.03313759552787321
6878,2.563003840956228,2.4980872558756326,0.06491658508059528
6879,2.563008610335079,2.4955715770649043,0.06743703327017458
6880,2.5832322364877616,2.537283768622854,0.04594846786490736
6881,2.9267818698883015,2.9315120893777418,-0.004730219489440302
6882,2.6267584687119174,2.562095479834033,0.06466298887788424
6883,2.5829738225171988,2.527769462895422,0.05520435962177661
6884,2.730489191018649,2.6911188423911634,0.03937034862748545
6885,2.5373404438623868,2.4879812171803724,0.04935922668201442
6886,2.5956919471128903,2.541676560691885,0.05401538642100512
6887,2.54727824339706,2.4862625427630625,0.06101570063399775
6888,3.0045159315864756,3.0644216110878952,-0.05990567950141967
6889,2.578226244158338,2.5096826645008115,0.06854357965752644
6890,2.6041323335519935,2.555579677254728,0.04855265629726535
6891,2.8642280360925767,2.8697568158849625,-0.005528779792385752
6892,2.908623269688425,2.916403562263643,-0.007780292575218173
6893,2.7209430173606735,2.687736992055189,0.033206025305484665
6894,2.6688355924645863,2.6154963085748806,0.05333928388970577
6895,2.6426416151297105,2.6009934979716363,0.04164811715807426
6896,2.6435447634659686,2.5945776268288374,0.04896713663713115
6897,2.65446970102888,2.62776550336838,0.02670419766050003
6898,2.8013044588768694,2.787544023963251,0.013760434913618447
6899,2.6287557840763247,2.59194300173458,0.036812782341744565
6900,2.8070066296979337,2.7986743277693216,0.008332301928612118
6901,2.8630458769295446,2.8935800835477816,-0.030534206618237025
6902,2.7418592241197133,2.7232769480234373,0.01858227609627594
6903,2.633836553897893,2.5885774631157834,0.045259090782109546
6904,2.7203678076533353,2.6859785665134193,0.03438924113991604
6905,2.704419383673271,2.6804491494446565,0.02397023422861455
6906,2.716494604388901,2.682480135141992,0.03401446924690932
6907,2.550886362746731,2.4902691725420176,0.060617190204713456
6908,2.622454861123782,2.583083980121949,0.039370881001832725
6909,2.710461260859773,2.683749845248874,0.026711415610898737
6910,2.585319301160203,2.5435335538641826,0.04178574729602058
6911,2.621463465300255,2.57494008007367,0.046523385226584946
6912,2.8446340195898325,2.8415171544965494,0.0031168650932831277
6913,2.5805853419864033,2.5267525446213166,0.053832797365086726
6914,2.6029037494406673,2.550653614545768,0.05225013489489916
6915,2.612535807126921,2.572414581898429,0.04012122522849193
6916,2.7349189689791977,2.70330208818656,0.03161688079263758
6917,2.6118314966193377,2.570213369564295,0.04161812705504264
6918,2.574672113891599,2.5104655722546996,0.06420654163689932
6919,2.83357028476493,2.818366104463989,0.015204180300940617
6920,2.7803095027546902,2.735617606917871,0.044691895836819207
6921,2.6691901816677404,2.63482226834351,0.034367913324230503
6922,2.6349361556687225,2.609566356039651,0.025369799629071377
6923,2.889928182935855,2.8772420556389466,0.012686127296908545
6924,2.7649328108363593,2.733781047898505,0.031151762937854155
6925,2.6174063456056618,2.595022544032203,0.02238380157345876
6926,2.707475208191658,2.670548155922693,0.03692705226896509
6927,2.806260695913616,2.7813309108387143,0.024929785074901734
6928,2.7861125807185614,2.7949385972986187,-0.008826016580057328
6929,2.64295768459515,2.597689100570917,0.04526858402423306
6930,2.5067498955914895,2.4374568404592036,0.0692930551322859
6931,2.9761395263293675,3.0087592400006242,-0.03261971367125671
6932,2.723036537131842,2.6932298483506196,0.0298066887812225
6933,2.677720923188591,2.6387712895059763,0.038949633682614504
6934,2.7042293724215933,2.669353066836065,0.03487630558552812
6935,2.621911495264474,2.569087374698504,0.0528241205659703
6936,2.659336289030092,2.617863481306944,0.0414728077231481
6937,2.641293701293694,2.5832881331534816,0.058005568140212294
6938,2.5469811837847116,2.485220052542098,0.0617611312426134
6939,2.6989458699557907,2.660719741519127,0.03822612843666384
6940,2.6977871515114025,2.647497909440753,0.050289242070649554
6941,2.5266700399880406,2.4557203153303635,0.07094972465767713
6942,2.533395264710401,2.4747057378623687,0.058689526848032525
6943,2.8049342613712267,2.800043288633387,0.004890972737839672
6944,2.786096758568317,2.7820621709338385,0.004034587634478726
6945,2.636369404684858,2.5827329849318312,0.053636419753026576
6946,2.680300749834524,2.6438207837585055,0.036479966076018666
6947,2.753040899425027,2.7620001055707517,-0.008959206145724874
6948,2.5296896494713383,2.476260355880178,0.05342929359116022
6949,2.704941329150893,2.675629009038424,0.02931232011246898
6950,2.8183786841431067,2.836823708859777,-0.01844502471667031
6951,2.6655918395475857,2.6263402908612288,0.03925154868635694
6952,2.714677101564876,2.681457259891568,0.03321984167330827
6953,2.8084779522909127,2.8014072611504752,0.007070691140437457
6954,2.799977597315333,2.785754959318232,0.014222637997101106
6955,2.753946940847908,2.7466139905146214,0.007332950333286625
6956,2.6223238663189523,2.578915853454634,0.04340801286431839
6957,2.784913158911912,2.753842234872586,0.031070924039326098
6958,2.5543049528432062,2.5123169311126228,0.04198802173058347
6959,2.5785157183304004,2.522280546868212,0.05623517146218848
6960,2.643214052080109,2.6009227728897937,0.04229127919031539
6961,2.580543719318645,2.5166068674386755,0.06393685187996967
6962,2.749036698345062,2.7299979151415954,0.019038783203466636
6963,2.5597192083545353,2.5075995275539493,0.05211968080058593
6964,2.5179207946237088,2.44586809116054,0.07205270346316883
6965,2.7692427575316283,2.7516253829421733,0.017617374589455004
6966,2.7840413217800344,2.772194608293711,0.011846713486323601
6967,2.633610844328819,2.5782720478681846,0.05533879646063422
6968,2.5726510605636026,2.5180604187828064,0.0545906417807962
6969,2.662656004225476,2.607513854298157,0.05514214992731903
6970,2.787228122844256,2.7592756493515216,0.02795247349273433
6971,2.6146097081685804,2.562658849179048,0.051950858989532556
6972,2.597896336299566,2.534098189895093,0.06379814640447279
6973,2.908144082625605,2.9613524077813937,-0.05320832515578866
6974,2.6094566749856285,2.5633460453343835,0.046110629651245016
6975,2.5368626088880464,2.468735029756663,0.06812757913138334
6976,2.5991308674291815,2.5454049278937605,0.05372593953542104
6977,2.6671803161487118,2.6276358442269303,0.039544471921781454
6978,2.902475417397294,2.9023994001386115,7.601725868244813e-05
6979,2.56108560284729,2.496493896200858,0.0645917066464321
6980,2.7216843168306895,2.6995777585291667,0.02210655830152275
6981,2.711085933271542,2.6899869661003986,0.021098967171143457
6982,2.657558642043974,2.6081290119787135,0.049429630065260355
6983,2.638822868585116,2.600834088553731,0.03798878003138517
6984,2.7103228790780403,2.6758387211387005,0.03448415793933979
6985,3.06111580593551,3.116614615864151,-0.05549880992864109
6986,2.7007340020317274,2.6670462987642134,0.033687703267514024
6987,2.847768250290972,2.8646905216319145,-0.016922271340942707
6988,2.661181870236403,2.621380308041496,0.039801562194906825
6989,2.560947721759274,2.4905871601513803,0.07036056160789395
6990,2.9865380037198492,3.007474825458222,-0.020936821738372746
6991,2.6986484787530447,2.656936029809021,0.041712448944023706
6992,2.694500180361867,2.6512110930217694,0.04328908734009751
6993,2.903209845108325,2.9251470985279107,-0.021937253419585634
6994,2.6187350019893962,2.575252347932031,0.04348265405736518
6995,2.577697507052861,2.523248228993382,0.05444927805947897
6996,2.8509669484378906,2.850265319058932,0.0007016293789585681
6997,2.847143439368303,2.8546270126474247,-0.007483573279121636
6998,2.5613683835196954,2.505407062243207,0.05596132127648845
6999,2.7667810928581784,2.748242830409711,0.018538262448467346
7000,2.853974246978537,2.8597774040732267,-0.005803157094689482
7001,2.755564952040825,2.7215074327250135,0.03405751931581147
7002,2.7504024375165503,2.735183806658903,0.015218630857647408
7003,2.777848026833802,2.7519289788816037,0.025919047952198238
7004,2.7179564934744715,2.6850438390184435,0.03291265445602809
7005,2.7305756568397843,2.7044052663485445,0.026170390491239814
7006,2.6828573187898725,2.6364120537955613,0.04644526499431123
7007,2.7963228645005356,2.7832944035933154,0.013028460907220207
7008,2.711580293644598,2.6923275172191086,0.019252776425489504
7009,2.8224918748368366,2.7999399483999383,0.022551926436898295
7010,2.6684523101615176,2.652388454947358,0.016063855214159428
7011,2.7672385219598574,2.7577078849315093,0.00953063702834811
7012,2.6901648472597715,2.6526961890622154,0.03746865819755607
7013,2.845058731974001,2.839991006087654,0.005067725886346963
7014,2.799678060725535,2.7863595379608164,0.013318522764718566
7015,2.7554521964602126,2.725362978258007,0.030089218202205448
7016,2.703904334967635,2.6776385007077237,0.026265834259911358
7017,2.6817346392274697,2.6371043150445095,0.0446303241829602
7018,2.6816451734514914,2.650204754238833,0.03144041921265828
7019,2.7277490460497265,2.703624731087979,0.024124314961747384
7020,2.7177555304194607,2.699142958116401,0.018612572303059682
7021,2.6201834009766434,2.568787722390314,0.05139567858632921
7022,2.6643096138131646,2.641012688315491,0.02329692549767337
7023,2.8709182977392294,2.885642457027227,-0.01472415928799764
7024,2.7082600079944386,2.6731931594784046,0.03506684851603392
7025,2.7365891759546312,2.7130255544338078,0.023563621520823474
7026,2.7519893262012505,2.7502009485629366,0.0017883776383138539
7027,2.7663087585257573,2.7560602918351886,0.01024846669056867
7028,2.6935692637484925,2.668061706110121,0.025507557638371647
7029,2.840974497816372,2.8441287717734385,-0.003154273957066689
7030,2.710444978909195,2.685053743680603,0.0253912352285921
7031,2.601873114864726,2.549199362115131,0.05267375274959507
7032,2.5995439113572973,2.5526852230785617,0.04685868827873563
7033,2.6049007251050886,2.555117346229977,0.04978337887511142
7034,2.7135521867230357,2.6893642759390155,0.02418791078402016
7035,2.6261463532071145,2.5742096124181972,0.0519367407889173
7036,2.6496834493603227,2.593632054012596,0.05605139534772663
7037,2.608516014918481,2.5596505588596687,0.04886545605881221
7038,2.6175059030455152,2.569939810684405,0.04756609236111009
7039,2.704407288123,2.6774646693357504,0.02694261878724946
7040,3.0429271652664758,3.0842952761288323,-0.04136811086235648
7041,2.8090390179578506,2.81041651956874,-0.0013775016108894533
7042,2.874716200774244,2.9190123433915036,-0.04429614261725945
7043,2.6968564124573633,2.6636020666968707,0.033254345760492576
7044,2.6360291486078955,2.584973312172386,0.051055836435509594
7045,2.5396933907408137,2.479715049156864,0.05997834158394966
7046,2.7137995105324637,2.683087320932066,0.0307121896003979
7047,2.8406772864859238,2.832964076566405,0.00771320991951896
7048,2.7860284742728942,2.766254131311423,0.01977434296147118
7049,2.6556807056746745,2.5983992860069622,0.057281419667712274
7050,2.6969272861331395,2.677210748958239,0.019716537174900406
7051,2.929532269837473,2.956235339151052,-0.026703069313579242
7052,2.7745740051197005,2.7499074825677807,0.02466652255191981
7053,2.6816031549328745,2.6655602983021858,0.016042856630688718
7054,2.598631599577424,2.5444275715177893,0.054204028059634535
7055,2.808047659197477,2.796460647295863,0.01158701190161393
7056,2.7135800917411745,2.6839821331134543,0.02959795862772019
7057,2.8563590985914633,2.8562608154485702,9.828314289306306e-05
7058,2.772642427789487,2.7630881215343606,0.009554306255126654
7059,2.955570614171237,2.976229733006496,-0.02065911883525917
7060,2.7926401522358484,2.771671639116578,0.020968513119270504
7061,2.5828308618091538,2.5416496857880153,0.041181176021138466
7062,2.6611434001136614,2.6183467896200168,0.04279661049364458
7063,2.7676977732393255,2.760916423815609,0.006781349423716332
7064,2.714697213886538,2.670490325534257,0.04420688835228104
7065,2.787643274155512,2.7705010628357467,0.017142211319765455
7066,2.615018273783427,2.5572006594894012,0.057817614294025876
7067,2.5465220631786476,2.4969041001576477,0.049617963020999856
7068,2.7366536232070704,2.7045159293291916,0.03213769387787879
7069,2.849797980228375,2.837090013364957,0.012707966863418019
7070,2.6807996261410008,2.6325956234250523,0.04820400271594849
7071,2.7379477657949858,2.690640596135698,0.04730716965928794
7072,2.666494109236995,2.629585963716417,0.036908145520578195
7073,2.726222013604921,2.702838181972228,0.023383831632693308
7074,2.636938104604641,2.5818587188981748,0.05507938570646642
7075,2.594083560491387,2.548131457776692,0.04595210271469519
7076,2.758672059836123,2.7242801980199114,0.034391861816211566
7077,2.674076905380168,2.614617514928314,0.05945939045185389
7078,2.6033586713332313,2.551473068012661,0.05188560332057035
7079,2.7198771254503975,2.701446438657675,0.01843068679272264
7080,2.6316000990990185,2.602920179809975,0.028679919289043454
7081,2.8548241263056053,2.839392148535168,0.015431977770437477
7082,2.684947751860896,2.6467358393256033,0.03821191253529266
7083,2.6725680650747026,2.6346435408979354,0.03792452417676717
7084,2.8660717187278824,2.8717507618813527,-0.005679043153470342
7085,2.7410452645280454,2.7137316400395726,0.027313624488472854
7086,2.6481296417290823,2.592805121713255,0.05532452001582744
7087,2.851939692570302,2.851691960616781,0.0002477319535212352
7088,2.651646398300647,2.6078376372509617,0.04380876104968534
7089,2.5902491242412355,2.5355516955929276,0.054697428648307955
7090,2.8019794015743003,2.788114720017452,0.013864681556848168
7091,2.792963642778636,2.803635139606964,-0.01067149682832813
7092,2.7917424348119213,2.7590174238805427,0.032725010931378584
7093,2.609279652527809,2.563807848767534,0.04547180376027482
7094,2.5901611473816715,2.5275489982062718,0.0626121491753997
7095,2.6689416634268306,2.641211822389913,0.02772984103691778
7096,2.826849036285093,2.8130530363006145,0.013795999984478335
7097,2.669376723503643,2.6338852380505404,0.035491485453102545
7098,2.5502450221217887,2.479865109693725,0.07037991242806374
7099,2.87448504293253,2.894752407970864,-0.020267365038334262
7100,2.712949738413783,2.6933932999822474,0.01955643843153565
7101,2.6737655440491266,2.650152404526238,0.02361313952288846
7102,2.694841614483738,2.681837238905718,0.013004375578019811
7103,2.6754739984668285,2.642905877710155,0.03256812075667348
7104,2.6561609118836755,2.6167993719376015,0.03936153994607405
7105,2.568055819292118,2.509073560019223,0.05898225927289502
7106,2.744843084717958,2.7289017008843413,0.01594138383361665
7107,2.6152025895597877,2.569538681140921,0.04566390841886658
7108,2.617084418796968,2.5663510076669227,0.05073341113004526
7109,2.9563714422807474,2.994599385517094,-0.03822794323634637
7110,2.6235041900213485,2.573323648274503,0.050180541746845275
7111,2.666687790941857,2.63404527098191,0.032642519959946714
7112,2.635062762152314,2.6040954866820867,0.030967275470227484
7113,2.7151060450437203,2.6949109092761048,0.020195135767615557
7114,2.664498460504693,2.642737725972285,0.021760734532408232
7115,2.704460414507728,2.687264158846568,0.017196255661159565
7116,2.779111295280322,2.781702235379764,-0.0025909400994419407
7117,2.632009081108861,2.5739459004684386,0.058063180640422374
7118,2.746310418417195,2.75324592027926,-0.006935501862065152
7119,2.75385836129714,2.7496448228252524,0.004213538471887546
7120,2.7059950488788864,2.6733614688387095,0.03263358004017691
7121,2.647609664785161,2.6149772162729943,0.03263244851216651
7122,2.777773811114063,2.7916852166544395,-0.01391140554037662
7123,2.67190437604227,2.653687323118035,0.0182170529242347
7124,2.615831269984023,2.5559577384622147,0.05987353152180841
7125,2.612200028188673,2.5660294627618,0.04617056542687292
7126,2.6699917167176457,2.6485707551963222,0.021420961521323445
7127,2.7942281110593097,2.769611241767064,0.024616869292245713
7128,2.6229945850896357,2.579745108397238,0.04324947669239787
7129,2.644467094682187,2.605710133209096,0.038756961473091156
7130,2.6534362468254167,2.596446932178126,0.05698931464729062
7131,2.7148429783222197,2.6939608206197425,0.020882157702477144
7132,2.615877990255105,2.5656501287407245,0.0502278615143803
7133,2.650158587659233,2.619774586205698,0.03038400145353526
7134,2.7005288865213726,2.6740949026368974,0.026433983884475154
7135,2.825272383136894,2.819028164078518,0.0062442190583760215
7136,2.699128844223026,2.668279461111784,0.03084938311124219
7137,2.730199235765281,2.729017503352093,0.0011817324131877527
7138,2.6540363366884194,2.6330935243736833,0.02094281231473616
7139,2.774847361409152,2.7504779815164824,0.024369379892669407
7140,2.6013943270840474,2.542339194008354,0.05905513307569343
7141,2.60129139102321,2.575707552244963,0.025583838778246992
7142,2.6967638615114806,2.6640941628352874,0.03266969867619318
7143,2.568151557131172,2.5074093277085994,0.06074222942257279
7144,2.717529136329002,2.721623038245175,-0.004093901916172982
7145,2.718195519007916,2.695374597074608,0.02282092193330776
7146,2.7560416950647406,2.724479833874785,0.03156186118995574
7147,2.757719116971617,2.7347786428240486,0.0229404741475685
7148,2.6261002293417888,2.581003129616581,0.04509709972520781
7149,2.7145791501723138,2.6709284401274274,0.04365071004488641
7150,2.578168937345007,2.5320126213271124,0.04615631601789483
7151,2.77648351934465,2.763022999918278,0.013460519426372386
7152,2.6627134644048627,2.6150922810643364,0.04762118334052623
7153,2.5946066749874515,2.549482446610301,0.045124228377150466
7154,2.7706329069765796,2.7559268535210317,0.014706053455547874
7155,2.652690334346968,2.60614529926421,0.04654503508275809
7156,2.8302614815064358,2.8265403059817955,0.003721175524640241
7157,2.9140953516485957,2.921892682664944,-0.0077973310163481635
7158,2.600810183202032,2.542681192515256,0.05812899068677568
7159,2.644892390733162,2.600288403836047,0.044603986897114645
7160,2.5478308903838487,2.4884640142259915,0.059366876157857185
7161,2.8216380978574658,2.807560637406724,0.014077460450741874
7162,2.640761689669538,2.5983293281212867,0.04243236154825114
7163,2.708005648021316,2.666817183942901,0.041188464078415254
7164,2.7115016594308226,2.6762302926049593,0.03527136682586329
7165,2.8700838868309098,2.866715357568339,0.0033685292625706964
7166,2.7136620371848306,2.671856634026698,0.04180540315813275
7167,2.775139710984138,2.7427497983341733,0.032389912649964714
7168,2.5630082391176385,2.507265610555373,0.05574262856226575
7169,2.7222602474042548,2.680670459652962,0.04158978775129274
7170,2.891363905763225,2.8877971552233794,0.0035667505398455646
7171,2.723250853005331,2.70872595611898,0.014524896886351168
7172,2.663657296140242,2.6359541665742676,0.027703129565974205
7173,2.7350751297381692,2.7119497674056596,0.023125362332509614
7174,2.5489884348103238,2.5049560044134647,0.04403243039685911
7175,2.9623920350946578,3.0011659961185777,-0.038773961023919945
7176,2.696650241557679,2.661771325908303,0.034878915649376285
7177,2.670433540652629,2.6380469847367083,0.032386555915920656
7178,2.7558974477384357,2.740222036776154,0.015675410962281866
7179,2.5868172038853907,2.5329893621980593,0.05382784168733146
7180,2.687646858003145,2.640372911195877,0.04727394680726782
7181,2.900102245034844,2.892027479664162,0.00807476537068208
7182,2.5719291822348493,2.521692706775489,0.050236475459360275
7183,2.560759182372694,2.5137639471470656,0.04699523522562821
7184,2.6582857016847408,2.612914943984425,0.045370757700315956
7185,2.698416841799176,2.655317961423268,0.043098880375908255
7186,2.518928812794745,2.454376825760521,0.06455198703422393
7187,2.6105084632466347,2.555233006646314,0.05527545660032063
7188,2.622641189136793,2.571297802211122,0.0513433869256712
7189,2.7079657480663935,2.673439064907905,0.0345266831584885
7190,2.6742678615074382,2.616797268897068,0.05747059261037002
7191,2.6759697665523943,2.6474951978135555,0.0284745687388388
7192,2.64987411907635,2.598420963551666,0.05145315552468421
7193,2.6646708953642384,2.623704118242422,0.04096677712181629
7194,2.6124558864269036,2.552968233513718,0.059487652913185585
7195,2.7392479935329126,2.7163354332800056,0.022912560252907
7196,2.5996775524270155,2.5309431353030902,0.06873441712392525
7197,2.8081930783114184,2.8176937332780705,-0.009500654966652089
7198,2.6530340993546973,2.6100107913343007,0.043023308020396556
7199,2.7514988989657887,2.7247830915324136,0.026715807433375094
7200,2.6201790313067788,2.5628689640616615,0.057310067245117224
7201,2.9960068307366314,3.05579168828603,-0.05978485754939866
7202,2.7752274404536275,2.761247518808464,0.013979921645163262
7203,2.518892058436079,2.44958625052841,0.06930580790766916
7204,2.5761223147132024,2.51754100250408,0.05858131220912233
7205,2.716008629178739,2.690949222932548,0.025059406246191074
7206,2.6937821699292455,2.6548386275248275,0.038943542404418
7207,2.563390871743558,2.5104556652191397,0.05293520652441819
7208,2.641090419527252,2.5902222639087467,0.05086815561850555
7209,2.549742599851331,2.4839265033648235,0.06581609648650755
7210,2.593613981072482,2.544660218065171,0.04895376300731069
7211,2.5684667219893234,2.5045093894428496,0.06395733254647373
7212,2.660529105030257,2.6080282898827005,0.052500815147556334
7213,2.685530233628264,2.6395573218192943,0.04597291180896956
7214,2.5644308186031246,2.503628799416547,0.06080201918657746
7215,2.5589779380539315,2.5034539953932184,0.05552394266071303
7216,2.7366621019447415,2.714254340843517,0.022407761101224555
7217,2.807838775940302,2.8107238647554786,-0.002885088815176573
7218,2.825716632786246,2.8108612273158693,0.01485540547037667
7219,2.598456445003783,2.5406118383255323,0.05784460667825053
7220,2.6045704545262205,2.563470636790448,0.041099817735772426
7221,2.736063949244226,2.7101077873763026,0.025956161867923377
7222,2.702817665311115,2.6731403596184027,0.02967730569271243
7223,2.78291832722135,2.7781297234501188,0.004788603771231248
7224,2.827833600981518,2.823295288369747,0.004538312611770845
7225,2.69512597627402,2.676249790237864,0.01887618603615593
7226,2.5747129630358447,2.5229831050831106,0.051729857952734104
7227,2.6990594879408714,2.6659481241509324,0.03311136378993895
7228,2.620999242044803,2.572898676199317,0.048100565845486276
7229,2.7803378606581775,2.7574282574978866,0.022909603160290892
7230,2.778784132961546,2.7505139339723312,0.0282701989892149
7231,2.640405083672341,2.5944615325816405,0.045943551090700474
7232,2.6249365719940623,2.569977078287953,0.054959493706109086
7233,2.8150126699885325,2.8040943321245817,0.0109183378639508
7234,2.884594418410901,2.89353535209208,-0.008940933681178986
7235,2.773409799404229,2.7441167835095426,0.02929301589468647
7236,2.702972062208055,2.6660214097506203,0.036950652457434785
7237,2.836813363017857,2.867109872536778,-0.030296509518921155
7238,2.7755680704432324,2.7673684641381584,0.008199606305073992
7239,2.8604030002830005,2.844615542648691,0.015787457634309554
7240,2.7143340493289294,2.6971806321667393,0.0171534171621901
7241,2.5732690217263463,2.520054037810324,0.053214983916022085
7242,2.6535434346872173,2.604766974200627,0.048776460486590345
7243,2.5424306853710092,2.4715810612504594,0.07084962412054985
7244,2.6563577673208316,2.646298197777913,0.010059569542918645
7245,2.653203281788321,2.594687413882798,0.05851586790552288
7246,2.6174276332017947,2.586529393532165,0.030898239669629568
7247,2.96033417974478,3.0048605042505345,-0.044526324505754555
7248,2.702919685386628,2.6600187682603913,0.04290091712623667
7249,2.703908828587372,2.6752862049287813,0.028622623658590474
7250,2.6791324105840673,2.6348548000514795,0.04427761053258772
7251,2.5294526678612073,2.4748958325241928,0.0545568353370145
7252,2.619086108448873,2.5591703076814207,0.059915800767452065
7253,2.7445228192485485,2.6966927259792035,0.04783009326934495
7254,2.6883946500985885,2.660747966800944,0.027646683297644525
7255,2.7359720472789713,2.693945575113526,0.042026472165445306
7256,2.6720550756432586,2.6172127350927767,0.05484234055048187
7257,2.6539550422212366,2.5938452232004767,0.06010981902075985
7258,2.7447912383200297,2.716268080316815,0.02852315800321481
7259,2.845007680075017,2.8466190059907848,-0.0016113259157677362
7260,2.778999246657803,2.73745091137182,0.041548335285982674
7261,2.6227490656026515,2.585770302533204,0.036978763069447584
7262,2.738766386991787,2.7235574399771987,0.015208947014588414
7263,2.5711325589468794,2.503529058886474,0.06760350006040561
7264,2.634240932055473,2.5869939124929497,0.047247019562523196
7265,2.627723320599815,2.593851422281178,0.03387189831863724
7266,2.574504718243477,2.5157805503333535,0.05872416791012336
7267,2.8387750334337314,2.8443746644891132,-0.00559963105538186
7268,2.893946360212174,2.9241613104108017,-0.030214950198627744
7269,2.6279193018589644,2.579424111971293,0.04849518988767132
7270,2.5921220775109823,2.527109819953524,0.06501225755745832
7271,2.6743209879175005,2.650813121590368,0.023507866327132643
7272,2.7879198079751655,2.7686663159152722,0.01925349205989324
7273,2.7519959128462803,2.717214971906024,0.03478094094025641
7274,2.7395498590882705,2.720354040867499,0.019195818220771432
7275,2.727077948575726,2.705894437242676,0.021183511333049854
7276,2.655246627119235,2.6175603856581606,0.03768624146107458
7277,2.940091037182335,2.9553571313064095,-0.015266094124074314
7278,2.7466446494633874,2.7307297387591603,0.015914910704227125
7279,2.7731929948179195,2.7545610580735107,0.018631936744408772
7280,2.649827208111655,2.617346707002902,0.032480501108753224
7281,2.4922037681366453,2.4312401744843464,0.060963593652298975
7282,2.6533544584762994,2.6043345510531277,0.04901990742317164
7283,2.877840517432624,2.889590539403208,-0.011750021970584168
7284,2.6427783988870903,2.5958780441619647,0.04690035472512566
7285,2.649688208922736,2.5921547084236005,0.057533500499135304
7286,2.7310723555189678,2.694655457982471,0.036416897536496684
7287,2.884189485581042,2.8945876077465207,-0.01039812216547853
7288,2.659149527944335,2.6012826973540255,0.057866830590309615
7289,2.697073933447424,2.6580995824405385,0.0389743510068854
7290,2.556613345690783,2.5033886754273404,0.053224670263442686
7291,2.8541249381844476,2.8526736393809604,0.0014512988034871555
7292,2.6833552230835744,2.651902897021395,0.03145232606217929
7293,2.6393328887249843,2.605375166348218,0.03395772237676642
7294,2.5980301412653564,2.537198902647833,0.060831238617523375
7295,2.780065521291022,2.7665329081855177,0.013532613105504243
7296,2.79927711427683,2.7969197665991614,0.0023573476776683755
7297,2.628193810154576,2.574243782952845,0.05395002720173103
7298,2.6047850171528655,2.559030144961903,0.04575487219096264
7299,2.7381888270078325,2.7139624109288065,0.02422641607902598
7300,2.659623560973146,2.642162497954034,0.0174610630191121
7301,2.641134787867129,2.6264707278019643,0.01466406006516463
7302,2.5784860296989374,2.521757651793785,0.05672837790515217
7303,2.849684157265447,2.8410241884312044,0.008659968834242804
7304,2.6271773670975,2.5728038291099353,0.054373537987564724
7305,2.8625631767855837,2.867892316844651,-0.00532914005906715
7306,2.596644257976548,2.545278941982107,0.05136531599444094
7307,2.7396284845382435,2.7151875935673977,0.024440890970845786
7308,2.7096529207930553,2.6938736589345758,0.015779261858479554
7309,2.7420299721175825,2.740890303431907,0.001139668685675499
7310,2.6815015542429386,2.656624100165863,0.024877454077075534
7311,2.5794924199850526,2.5316311709460977,0.047861249038954945
7312,2.586521485921301,2.5312596359801156,0.055261849941185215
7313,2.8976202146509227,2.9139515464589665,-0.016331331808043803
7314,2.6639681045361945,2.631542938739176,0.03242516579701826
7315,2.5726701783415216,2.505560009989341,0.06711016835218064
7316,2.6547575909533014,2.60625470689668,0.04850288405662129
7317,2.641181477771534,2.594078014807533,0.04710346296400081
7318,2.7228872241888755,2.7116020266850462,0.01128519750382928
7319,2.7820017704473927,2.7830507650615712,-0.0010489946141785111
7320,2.61340430881803,2.5480999847259813,0.06530432409204856
7321,2.802604213913399,2.8055823672563065,-0.002978153342907408
7322,2.659350139445915,2.6256846160950964,0.03366552335081874
7323,2.7411633052239406,2.715314640464118,0.025848664759822615
7324,2.8211793200873476,2.811263905181934,0.009915414905413478
7325,2.577956856379771,2.529314453354917,0.04864240302485401
7326,2.6680161910400795,2.6257089273269654,0.04230726371311411
7327,2.6684802542324704,2.620444415182183,0.04803583905028752
7328,2.9353341965421773,2.954149302669747,-0.01881510612756987
7329,2.5642938633681016,2.49946988117194,0.06482398219616181
7330,2.671153396371321,2.654119438638662,0.017033957732659033
7331,2.742978140747224,2.722246831216793,0.02073130953043112
7332,2.6123311067180497,2.565775608471272,0.04655549824677774
7333,2.615232112789556,2.566761442534959,0.04847067025459717
7334,2.7516589290639875,2.722775071151344,0.028883857912643585
7335,2.783310977567479,2.803899386418115,-0.020588408850636064
7336,2.8514120924991424,2.8614557192239007,-0.010043626724758337
7337,2.7647607811551307,2.7567287758412102,0.008032005313920454
7338,2.660826566584831,2.634061730455492,0.02676483612933911
7339,2.7959877902279993,2.7727247283205925,0.02326306190740679
7340,2.7865853102220592,2.7893685937937427,-0.002783283571683448
7341,2.6207390055994173,2.567012973462759,0.053726032136658386
7342,2.7349705913390467,2.752801698174199,-0.017831106835152433
7343,2.62783229051357,2.582132319278779,0.04569997123479075
7344,2.714074611136877,2.7051271024624985,0.008947508674378657
7345,2.571791428702695,2.52192605432221,0.049865374380484884
7346,2.6563083027317673,2.618128130279216,0.03818017245255145
7347,2.686990845832304,2.637570659087664,0.04942018674463977
7348,2.7462712098263693,2.7068098737269013,0.039461336099468
7349,2.914898130757434,2.9505179169558224,-0.03561978619838824
7350,2.806490899227862,2.815991884171769,-0.009500984943906943
7351,2.811199428948099,2.8039213634469013,0.007278065501197695
7352,2.702039360290969,2.68249096663925,0.01954839365171912
7353,2.852082391109416,2.845823044739234,0.006259346370182328
7354,2.653484289958976,2.625313481388709,0.028170808570266992
7355,2.7725757864292215,2.750199904521638,0.02237588190758366
7356,2.6043803140917374,2.5471863162942454,0.05719399779749201
7357,2.6323392383543354,2.5739418959149902,0.058397342439345135
7358,2.66330128859083,2.6240881841059305,0.039213104484899564
7359,2.75123149706721,2.714211495088028,0.03702000197918176
7360,2.668984910853207,2.611861034162979,0.057123876690228226
7361,2.7274999510259352,2.694896046677763,0.032603904348172286
7362,2.6680907993411904,2.624829263716141,0.04326153562504942
7363,2.722336580561737,2.6960272898810422,0.026309290680694986
7364,2.926095526419041,2.9014480648752627,0.02464746154377817
7365,2.6403963461539477,2.6072656154211487,0.03313073073279904
7366,2.592703636673388,2.550669663688535,0.04203397298485312
7367,2.810021007999453,2.8014795955843477,0.00854141241510531
7368,2.8862759516465575,2.911001418193065,-0.024725466546507313
7369,2.8644174735498615,2.850767006636199,0.013650466913662562
7370,2.555789668358692,2.500904655572552,0.054885012786139775
7371,2.6628399841895747,2.613598532208895,0.04924145198067986
7372,2.832393409128048,2.8320871183553877,0.00030629077266031146
7373,2.6144402810819107,2.555576175623673,0.05886410545823795
7374,2.656983162845541,2.6343808902783934,0.02260227256714753
7375,2.7793596274126253,2.7463120645103465,0.03304756290227884
7376,2.64547906414078,2.595496185277904,0.04998287886287622
7377,2.730729981062199,2.7158379636027905,0.014892017459408713
7378,2.695344103402563,2.670768927453164,0.024575175949399064
7379,2.7055075217851483,2.661119191791296,0.04438832999385234
7380,2.757834674383358,2.7209240982449163,0.03691057613844162
7381,2.560162625703092,2.4996669676116827,0.06049565809140933
7382,2.924885480931447,2.9768012024570814,-0.051915721525634506
7383,2.6532884232391134,2.6017991768622384,0.05148924637687502
7384,2.7437181149924386,2.7310859230684277,0.012632191924010883
7385,2.637711554141384,2.5736222710696968,0.06408928307168704
7386,2.7374043651416704,2.714282794146164,0.023121570995506602
7387,2.6643928650032462,2.611704291465178,0.05268857353806844
7388,2.7295047764184504,2.6996773028710632,0.02982747354738713
7389,2.66734466096722,2.6390706861270763,0.028273974840143712
7390,2.5332635873953375,2.468767776981612,0.06449581041372543
7391,2.769209280718284,2.762401699236574,0.006807581481710123
7392,2.577165291369553,2.5107652521831456,0.06640003918640724
7393,2.6785759993501013,2.6496820043298324,0.028893995020268903
7394,2.5422423037553776,2.4771977238102547,0.06504457994512292
7395,2.6669303094188592,2.6192980702793993,0.04763223913945991
7396,2.6531289847532364,2.6268806661813127,0.02624831857192378
7397,2.8102185517579374,2.8040186748044245,0.006199876953512984
7398,2.6962758437684093,2.662674991405976,0.033600852362433375
7399,2.6653928514442087,2.629461362670746,0.03593148877346275
7400,2.8095307370370444,2.781463215904807,0.028067521132237427
7401,2.6088015816506758,2.5613281555797176,0.04747342607095817
7402,2.668571028531474,2.63871879557139,0.029852232960084102
7403,2.6930423285808405,2.671896825759176,0.021145502821664497
7404,2.6344448664208584,2.5904747231109657,0.043970143309892684
7405,2.6750185376475693,2.6263278450020047,0.04869069264556458
7406,2.7031046466743587,2.6964385062427296,0.006666140431629053
7407,2.8089446705298724,2.771793265791715,0.03715140473815737
7408,2.535231881923795,2.4754007101509754,0.05983117177281949
7409,2.685426415982381,2.6542216201553686,0.03120479582701252
7410,2.5244463996554543,2.4726135153881876,0.05183288426726662
7411,2.6726310962238164,2.6217258868004327,0.050905209423383724
7412,2.72263569064948,2.693270002669375,0.029365687980105193
7413,2.649538382631544,2.618976011356906,0.0305623712746379
7414,2.6200712883736834,2.5850905684379892,0.03498071993569418
7415,2.6974442579233346,2.662640458737491,0.034803799185843864
7416,2.7923509035741447,2.78194949150818,0.010401412065964788
7417,2.7265875605512777,2.692938742912742,0.03364881763853589
7418,2.6836782010098066,2.6297734446419816,0.05390475636782499
7419,2.730348557245934,2.7210700936588514,0.00927846358708262
7420,2.739374038630876,2.7120339361587846,0.0273401024720914
7421,2.624144838815143,2.597830412599001,0.026314426216142106
7422,2.768653685840966,2.7626884644364766,0.005965221404489185
7423,2.796266566285851,2.775462860681576,0.020803705604274914
7424,2.7428262137186494,2.695605872873151,0.04722034084549831
7425,2.58224031551871,2.5233081287781536,0.058932186740556336
7426,2.6568504180018353,2.632404837185823,0.024445580816012225
7427,2.6033962572091087,2.5430536828084,0.06034257440070867
7428,2.746099903026585,2.7306508558814317,0.015449047145153383
7429,2.737769316434414,2.732483757645165,0.0052855587892488565
7430,2.6080359785562814,2.5588576619548564,0.04917831660142502
7431,2.6562571379890607,2.6041101408713083,0.05214699711775239
7432,2.62713695804819,2.57886404100349,0.048272917044699604
7433,2.7176539632965686,2.683767203405756,0.0338867598908128
7434,2.5171172355816913,2.4540102090987204,0.06310702648297095
7435,2.9915961173101677,2.9888863998870057,0.0027097174231620613
7436,2.6410226090049274,2.598313430663734,0.042709178341193255
7437,2.6579706611127154,2.6238736267144964,0.034097034398218984
7438,2.801721678190819,2.8048154960293985,-0.003093817838579316
7439,2.6114733999141735,2.565780383299593,0.04569301661458036
7440,2.633937298670581,2.596993367577128,0.03694393109345295
7441,2.6004561310250778,2.552461899121529,0.0479942319035489
7442,2.5712972737517665,2.511651496183872,0.05964577756789469
7443,2.5833972166706656,2.5181009955008076,0.065296221169858
7444,2.7208630204299835,2.7058827521819215,0.014980268248061979
7445,2.5160797772218837,2.4507439482078324,0.06533582901405133
7446,2.5530590229245607,2.5078413685993315,0.04521765432522917
7447,2.8861071088525265,2.8890591475634704,-0.0029520387109438495
7448,2.7296079528343378,2.708362202341395,0.02124575049294286
7449,2.674201903286341,2.628847709873694,0.045354193412646904
7450,2.547551496257019,2.4854238719228876,0.062127624334131326
7451,2.684688786588761,2.6704655837143143,0.014223202874446894
7452,2.6594927198159684,2.624383471023414,0.03510924879255439
7453,2.7916260347901627,2.754151085644226,0.03747494914593652
7454,2.6741260108841387,2.643138154032752,0.03098785685138683
7455,2.7011758858262374,2.680415555728307,0.020760330097930435
7456,2.9620665595814897,2.9917642435602927,-0.029697683978803013
7457,2.587987079598277,2.533020183875399,0.05496689572287794
7458,2.65379255502104,2.6044683316538038,0.049324223367236186
7459,2.852662768637685,2.8710734536038123,-0.01841068496612719
7460,2.679385152917578,2.6488731605231477,0.030511992394430365
7461,2.5184739885426826,2.45405325694573,0.0644207315969525
7462,2.91506836216302,2.944865330347905,-0.02979696818488531
7463,2.750377384173756,2.7121494227364993,0.03822796143725693
7464,2.6437299426707024,2.587068734263497,0.05666120840720534
7465,2.556325176598567,2.5131116767335526,0.04321349986501444
7466,2.6294018603867566,2.585921114494702,0.04348074589205453
7467,2.6270354611712117,2.5869510883154745,0.04008437285573718
7468,2.795557978597335,2.781558039370483,0.013999939226851943
7469,2.634498864015636,2.604431533594104,0.0300673304215322
7470,2.609416326858557,2.5687351489277215,0.04068117793083559
7471,2.6120344965395463,2.576388387516536,0.035646109023010464
7472,2.729767098488596,2.6940128776334293,0.035754220855166885
7473,2.7136921380355132,2.6966028177741266,0.017089320261386653
7474,2.6452238035690567,2.6082888557830803,0.03693494778597639
7475,2.587180575372138,2.5291737619315082,0.058006813440629745
7476,2.7137268824898433,2.6842902893061105,0.029436593183732818
7477,2.7664651514925955,2.757620313785065,0.00884483770753075
7478,2.8875821192995366,2.9051894201777313,-0.01760730087819473
7479,2.6260951801694037,2.581719125834696,0.04437605433470759
7480,2.707344435060184,2.6747979153833006,0.03254651967688327
7481,2.744432943076124,2.7181805859229127,0.026252357153211392
7482,2.5123260631572624,2.4587977774752767,0.05352828568198564
7483,2.806288334860103,2.8292875980808603,-0.022999263220757182
7484,2.60840865273655,2.568182622264787,0.040226030471762986
7485,2.7856430768856844,2.7832939252269737,0.0023491516587106354
7486,2.7028298609394343,2.671808659399218,0.03102120154021648
7487,2.634227050379579,2.571235127289916,0.06299192308966273
7488,2.8725323868575985,2.9003780807624384,-0.02784569390483993
7489,2.7750007760388153,2.7416508080727393,0.03334996796607603
7490,2.568293231684329,2.53023780135985,0.03805543032447911
7491,2.735506973974533,2.730985495024736,0.004521478949797153
7492,2.6879112236946936,2.658731448535034,0.029179775159659638
7493,2.7114125047470083,2.670820184550476,0.04059232019653214
7494,2.59654892983661,2.546375173335308,0.050173756501301625
7495,2.6570503282885922,2.6188653151393084,0.0381850131492838
7496,2.6326888054908038,2.6000643319565118,0.03262447353429199
7497,2.997845822104962,3.0160294237671876,-0.018183601662225435
7498,2.5350771137945256,2.472451325068742,0.0626257887257835
7499,2.5075999838451684,2.4389236315471754,0.06867635229799296
7500,2.6192302856172716,2.575262889807116,0.04396739581015563
7501,2.6115891151800237,2.5536540852347103,0.05793502994531341
7502,2.601922538174091,2.5353104532473827,0.06661208492670845
7503,2.768671663004337,2.7678447958562455,0.0008268671480915479
7504,2.6504885755448084,2.59660072561116,0.05388784993364837
7505,2.681988722278175,2.651982316547506,0.03000640573066926
7506,2.7843564920033193,2.762267757519709,0.02208873448361004
7507,2.712010032498813,2.671663894826035,0.040346137672777616
7508,2.6346580936275172,2.595614036585892,0.03904405704162528
7509,2.7523737263864025,2.73294028856421,0.019433437822192534
7510,2.558527090803856,2.496418658970918,0.06210843183293813
7511,2.719299857651578,2.6890231101611493,0.030276747490428857
7512,2.5948364255863345,2.5261599050183356,0.06867652056799889
7513,2.7155098380992984,2.682965556612994,0.03254428148630417
7514,2.6496301107827174,2.6186945999457065,0.03093551083701085
7515,2.6113436128788945,2.5736775670703578,0.03766604580853672
7516,2.581364441827824,2.522168855849075,0.059195585978748966
7517,2.499513698839934,2.423916590122889,0.07559710871704484
7518,2.870136017231919,2.8555283962569615,0.014607620974957491
7519,2.557145630975473,2.5030989800626022,0.05404665091287075
7520,2.6834597546420027,2.631879135061289,0.051580619580713805
7521,2.737200164333642,2.7101889374202273,0.02701122691341462
7522,2.660015660912606,2.6055029068708557,0.054512754041750267
7523,2.616421538357224,2.5546996685702092,0.06172186978701477
7524,2.782738657892304,2.7554046881445746,0.02733396974772928
7525,2.939754401517537,2.9745554621472556,-0.03480106062971844
7526,2.7315541046029956,2.6985779113893678,0.03297619321362788
7527,2.7517491196320285,2.734685693879997,0.01706342575203168
7528,2.668207851633422,2.6296619359323308,0.038545915701091005
7529,2.7692203334411882,2.7454949976044944,0.023725335836693784
7530,2.6254698958087137,2.584006449892103,0.04146344591661055
7531,2.6501084098870185,2.6097452583519045,0.04036315153511394
7532,2.7814951087913697,2.7781604087905296,0.0033347000008401295
7533,2.617839117412503,2.6040345301136845,0.013804587298818394
7534,2.571320814034169,2.5219759790701763,0.04934483496399267
7535,2.6026603085032094,2.5525869217953536,0.05007338670785577
7536,2.583602818942306,2.5248680374698718,0.05873478147243416
7537,2.654801800698183,2.6144840213507448,0.040317779347438076
7538,2.745288307312114,2.7354958438176,0.009792463494513903
7539,2.7648371543683767,2.7294041884482803,0.03543296592009648
7540,2.633939479431934,2.5963409778154345,0.03759850161649947
7541,2.6523422080829038,2.6023832499263593,0.0499589581565445
7542,2.724761745298273,2.7195622954440553,0.005199449854217608
7543,2.937590239813206,2.9416746139049574,-0.0040843740917515525
7544,2.521278994848821,2.462469254458332,0.058809740390488585
7545,2.678177402225192,2.637219528237375,0.04095787398781692
7546,2.638937137996553,2.5937346134871446,0.04520252450940854
7547,2.772270332473466,2.765288782772241,0.006981549701224665
7548,2.898028555842322,2.9515777897587467,-0.05354923391642474
7549,2.5417520544173673,2.4944764846034606,0.04727556981390668
7550,2.4973814573954756,2.4307438314118337,0.06663762598364187
7551,2.6560789373114,2.6152817695260167,0.04079716778538334
7552,2.5956121866216177,2.552047642288416,0.04356454433320156
7553,2.7047955071340763,2.6987069485935993,0.006088558540477074
7554,2.8020918422951855,2.7683131161110532,0.033778726184132246
7555,2.7048025435326997,2.664698133267543,0.040104410265156876
7556,2.7656538097116834,2.748557453562072,0.01709635614961158
7557,2.750250440910318,2.7133478152364376,0.03690262567388025
7558,2.5727114035244014,2.529329034436114,0.0433823690882873
7559,2.6922911803449416,2.6628562895880057,0.02943489075693595
7560,2.782359691690173,2.7728796471766133,0.009480044513559882
7561,2.8595544747002375,2.849599492649963,0.009954982050274452
7562,2.7246572259725297,2.6763156635910943,0.04834156238143539
7563,2.7697701229111886,2.7349606526938457,0.03480947021734293
7564,2.5041427866747554,2.447107566479814,0.05703522019494134
7565,2.6839043043892183,2.6584501510099026,0.02545415337931578
7566,2.666105458252545,2.6176200323248193,0.04848542592772587
7567,2.6927668721708335,2.655782262631391,0.03698460953944238
7568,2.677433755651542,2.6391027195962256,0.0383310360553164
7569,2.759075165111004,2.709486110906092,0.04958905420491222
7570,2.6873651042841016,2.6623538181817885,0.02501128610231307
7571,2.7239327767234993,2.702404405426375,0.02152837129712415
7572,2.5369753514241875,2.476812281029235,0.06016307039495272
7573,2.6010840133392756,2.5586904784844817,0.04239353485479391
7574,2.771813239486356,2.7393215525627803,0.032491686923575624
7575,2.743978419051924,2.7288017870480146,0.015176632003909507
7576,3.00786639833605,3.0392799776642057,-0.031413579328155805
7577,2.856569301802113,2.868299907763935,-0.011730605961822071
7578,2.6285492667950816,2.5842757470008992,0.04427351979418237
7579,2.6977861282110793,2.661965375313717,0.03582075289736242
7580,2.5995649022982668,2.5349231621445827,0.06464174015368407
7581,2.9623085763235046,3.006295785701022,-0.043987209377517544
7582,2.607338158125215,2.5633680102895906,0.043970147835624473
7583,2.7392038412314954,2.709816925038685,0.029386916192810197
7584,2.7502591374872107,2.7521276524151186,-0.0018685149279078495
7585,2.7321224020596375,2.6860347323152762,0.04608766974436129
7586,2.879329749564996,2.87972597653605,-0.00039622697105379245
7587,2.6195703490961346,2.581765991730437,0.03780435736569743
7588,2.7084045865791238,2.6749682234254326,0.03343636315369114
7589,2.6581816479037648,2.624891219792227,0.03329042811153782
7590,2.645215251799991,2.601408247791688,0.04380700400830273
7591,2.5671218806623908,2.503322591871909,0.06379928879048169
7592,2.690773353819976,2.6643904377033665,0.02638291611660959
7593,2.7287675628688683,2.692799964045216,0.0359675988236523
7594,2.7572452904427736,2.741307008073554,0.015938282369219348
7595,2.7460138336203976,2.745760599928733,0.0002532336916645228
7596,2.6669783725050524,2.6396987912395136,0.027279581265538866
7597,2.481536657944417,2.4311972102557036,0.050339447688713346
7598,2.610284633234033,2.568023367656291,0.0422612655777419
7599,2.6660322242044194,2.643274775819009,0.022757448385410495
7600,2.686664942173755,2.6474652431145183,0.0391996990592367
7601,2.884989390450693,2.9248030446999738,-0.03981365424928063
7602,2.644430189935471,2.5994014104702488,0.045028779465222435
7603,2.7556871107795198,2.7482688744732484,0.007418236306271364
7604,2.7211413510315827,2.680578058263686,0.04056329276789672
7605,2.6771169564488266,2.6383855914904455,0.03873136495838114
7606,2.8542181004095877,2.8561285737939954,-0.0019104733844077515
7607,2.8076797289981834,2.787010766956035,0.020668962042148298
7608,2.7580097460165414,2.758401630273385,-0.0003918842568437775
7609,2.6026765415739783,2.553550608209399,0.04912593336457949
7610,2.5140267753228134,2.4401661561283237,0.07386061919448972
7611,2.587665837578042,2.5406541076673617,0.047011729910680256
7612,2.4953345702816567,2.4278282193754452,0.06750635090621149
7613,2.731605431922139,2.692752651106396,0.03885278081574306
7614,2.6062404046389682,2.5535865270750886,0.052653877563879625
7615,2.670013520163861,2.6442483220948416,0.025765198069019224
7616,2.7876216336621007,2.7636691609392665,0.023952472722834184
7617,2.6168442778308854,2.578961385367821,0.03788289246306453
7618,2.708888290846816,2.6780745791687917,0.03081371167802427
7619,2.6912403408472163,2.6447994050541936,0.046440935793022664
7620,2.5445880245928936,2.4827533700821975,0.06183465451069603
7621,2.6835408226993676,2.6281977740165745,0.05534304868279305
7622,2.6445396881864953,2.6144236484293297,0.03011603975716559
7623,2.775746030975114,2.7735786877693216,0.0021673432057922604
7624,2.676236637591583,2.6412721020959204,0.034964535495662474
7625,2.7275922335891094,2.687976108272777,0.03961612531633252
7626,2.7044890786483813,2.687087705013917,0.017401373634464257
7627,2.5620117523286514,2.5007026730726585,0.06130907925599294
7628,3.012119076648885,3.059915176680346,-0.047796100031461286
7629,2.9758829096273662,2.992688596430875,-0.016805686803508912
7630,2.797595870701496,2.7600870543049703,0.03750881639652581
7631,2.5474815475000576,2.486839474380522,0.0606420731195354
7632,2.6549057115802106,2.6097390215562943,0.04516669002391627
7633,2.6546058316776318,2.6038109247391987,0.050794906938433027
7634,2.6480711727760053,2.6261134600276703,0.021957712748335023
7635,2.5996253599041306,2.54424963210209,0.055375727802040586
7636,2.5797883361830944,2.532531938091852,0.0472563980912426
7637,2.75415578854154,2.7343235472291374,0.019832241312402576
7638,2.7020458135692618,2.6758011931208183,0.026244620448443445
7639,2.6602382578877672,2.6319537129062773,0.028284544981489912
7640,2.729373202808641,2.691208619917226,0.03816458289141478
7641,2.7279361570469702,2.7305702381759263,-0.002634081128956023
7642,2.5585109476905803,2.4889470446022903,0.06956390308828997
7643,2.8240578073537748,2.824167465770119,-0.00010965841634424933
7644,2.6127836516614455,2.573892389626321,0.03889126203512472
7645,2.6987814467113185,2.6610714875419506,0.037709959169367924
7646,2.6841160869802807,2.6405834085256146,0.04353267845466613
7647,2.6089181528386467,2.5638678440336733,0.045050308804973405
7648,2.77574367046801,2.7582716146344706,0.01747205583353928
7649,2.653225447562232,2.6007589709407455,0.052466476621486624
7650,2.6584499593732014,2.6151664474563128,0.04328351191688862
7651,2.757346351399102,2.7377534838413657,0.01959286755773615
7652,2.6471481140411592,2.590503844396836,0.05664426964432323
7653,2.6675835490263164,2.6345316635388363,0.03305188548748017
7654,2.563893196694915,2.502441728510391,0.061451468184524405
7655,2.7564715578650123,2.729261276922164,0.027210280942848275
7656,2.550738750729323,2.500480148598976,0.050258602130347274
7657,2.8049933444158732,2.7872169701777816,0.01777637423809164
7658,2.7094701091620377,2.6920301572376766,0.017439951924361097
7659,2.989491387274946,3.0125115621581844,-0.023020174883238376
7660,2.6861656502494062,2.6556125871979006,0.030553063051505625
7661,2.536852668181203,2.4856186777578944,0.05123399042330856
7662,2.674934551412494,2.6398211138016014,0.03511343761089236
7663,2.7702858074905077,2.7287749782553656,0.041510829235142044
7664,2.825769288783185,2.8118483307749664,0.013920958008218687
7665,2.584523947240382,2.5259377392134708,0.05858620802691128
7666,2.7578001715373865,2.7607662673720625,-0.002966095834675997
7667,2.8174980551403475,2.8093682769842667,0.008129778156080736
7668,2.594427894748075,2.542918245115987,0.05150964963208793
7669,2.6857103080051155,2.6486559376299237,0.03705437037519177
7670,2.5890407091083754,2.5267731233683794,0.06226758573999591
7671,2.6460725809218335,2.585714487867115,0.06035809305471851
7672,2.685202927317235,2.660365146266732,0.024837781050502716
7673,2.7486345837157464,2.7144345434345665,0.034200040281179955
7674,2.5701583448250487,2.5035916324841367,0.06656671234091194
7675,2.7583078555664957,2.7345562716138185,0.02375158395267718
7676,2.836891693416078,2.8103879265134557,0.02650376690262224
7677,2.568238029215222,2.52596222055295,0.042275808662271874
7678,2.6653214272459542,2.612854564223602,0.05246686302235215
7679,2.823780129254021,2.8121727896504045,0.011607339603616484
7680,2.731352833906384,2.7086161324071045,0.022736701499279643
7681,2.759028218746127,2.732639121656434,0.026389097089692726
7682,2.8178870208006415,2.8118711682905886,0.006015852510052877
7683,2.7033843632130985,2.6629118342090727,0.04047252900402576
7684,2.5795428461976253,2.5344413268932513,0.045101519304374005
7685,2.6853547877892296,2.6481370129201705,0.037217774869059195
7686,2.6657057543453337,2.6305888600955085,0.035116894249825226
7687,2.5790616340351753,2.521095618513399,0.05796601552177627
7688,2.5754950105775904,2.5358826114227657,0.03961239915482473
7689,2.7490962741415186,2.728091454694486,0.021004819447032474
7690,2.617139552933844,2.566475526380746,0.05066402655309776
7691,2.625675200387782,2.5683849197152635,0.05729028067251862
7692,2.7380581019566463,2.7152073705185384,0.022850731438107896
7693,2.5430858780898116,2.4733757415692574,0.06971013652055413
7694,2.5583272868952283,2.5056105470620658,0.052716739833162496
7695,2.6701574746303027,2.6251312553007047,0.04502621932959805
7696,2.598437280603316,2.5711730958527745,0.027264184750541265
7697,2.6718466135924523,2.652270944952786,0.01957566863966642
7698,2.5181413318879495,2.467026308391051,0.05111502349689845
7699,2.4728546447992734,2.403662669843656,0.06919197495561757
7700,2.805487306704561,2.790552961283671,0.014934345420890338
7701,2.59229087149454,2.5517885933034155,0.0405022781911244
7702,2.692311958022319,2.6481125591406913,0.044199398881627605
7703,2.6057566930768625,2.548573316948328,0.057183376128534746
7704,2.5255808508260773,2.4601060842180984,0.06547476660797891
7705,2.7792483601441087,2.756100156189797,0.023148203954311608
7706,2.606907863527486,2.562135945667976,0.04477191785951007
7707,2.691382138922188,2.6406402812216547,0.05074185770053319
7708,2.7350080819015736,2.70604371490198,0.028964366999593594
7709,2.5989514763110875,2.5586494079745763,0.040302068336511176
7710,2.788423009726626,2.7754276976674643,0.012995312059161712
7711,2.617383983866611,2.570303175665602,0.04708080820100902
7712,2.5359159959017705,2.4681673929090877,0.06774860299268282
7713,2.746268191215688,2.7207019224222346,0.02556626879345325
7714,2.7449763151290743,2.698580071905766,0.046396243223308264
7715,2.6409741385056926,2.6028729943982296,0.038101144107463014
7716,2.538641402665098,2.4741465871810755,0.06449481548402236
7717,3.1356105643977816,3.2095408922739006,-0.07393032787611897
7718,2.5661344108130235,2.5016763260483508,0.06445808476467274
7719,2.7113168181335228,2.6673172310466526,0.04399958708687013
7720,2.544403069091949,2.4735670915228285,0.07083597756912052
7721,2.599335777672081,2.555997851078494,0.04333792659358693
7722,2.7487952372439386,2.7296363031813855,0.01915893406255309
7723,2.652571841820569,2.6155301875060006,0.037041654314568184
7724,2.790160231790599,2.7903011235416173,-0.00014089175101839047
7725,2.6786844228451883,2.6330118288219415,0.04567259402324675
7726,2.6269301776335614,2.577702105586321,0.049228072047240445
7727,2.694796440128368,2.655976696231595,0.03881974389677323
7728,2.750870679053077,2.7242098914855313,0.02666078756754553
7729,2.826749238916481,2.8075970580621643,0.019152180854316914
7730,2.86217421202757,2.8496509452385985,0.012523266788971643
7731,2.5339890833353906,2.4689775368475866,0.06501154648780405
7732,2.893447973658115,2.8908475616042493,0.0026004120538658526
7733,2.5959369517943482,2.5452661983928606,0.050670753401487634
7734,2.6097362356282083,2.548283953646259,0.06145228198194941
7735,2.691442106650111,2.6609569303175395,0.030485176332571307
7736,2.6563021376367892,2.612759673907142,0.043542463729647096
7737,2.7956674915178596,2.7876207907318555,0.008046700786004113
7738,2.578276184499949,2.5133218080562174,0.06495437644373148
7739,2.5656602787416203,2.508086859745344,0.05757341899627644
7740,2.5684492482233434,2.5119905818075545,0.056458666415788894
7741,2.635792503083871,2.584384242238861,0.051408260845009934
7742,2.7066829494790388,2.6776739033299455,0.029009046149093276
7743,2.6517606777534857,2.6204815076647447,0.031279170088740926
7744,2.6342847218366265,2.5884205028670415,0.045864218969585036
7745,2.593247412187322,2.5392578598979467,0.05398955228937519
7746,2.8427415175130957,2.853697280518718,-0.010955763005622288
7747,2.4739423546478183,2.396916997548849,0.0770253570989694
7748,2.631734814761178,2.5835990197465883,0.04813579501458953
7749,2.707127702184522,2.6925169413102292,0.014610760874292694
7750,2.805157620767907,2.774557591452669,0.03060002931523842
7751,2.7110577620052947,2.691868835430642,0.019188926574652765
7752,2.7240035596334518,2.685314158517741,0.03868940111571062
7753,2.7284438758804477,2.6922825118609066,0.036161364019541065
7754,2.6111106898594088,2.5734697613483632,0.0376409285110455
7755,2.6891699387359025,2.642946327503706,0.046223611232196316
7756,2.5605290515056502,2.4987837569311506,0.06174529457449962
7757,2.552605958121715,2.4984321804948677,0.054173777626847386
7758,2.848307956402589,2.848334280617568,-2.6324214979389637e-05
7759,2.7427891758113807,2.714430009405749,0.02835916640563152
7760,2.843648278079752,2.8296136780744647,0.014034600005287334
7761,2.7304743832017184,2.71012095255385,0.020353430647868542
7762,2.7591768847543907,2.750629195059318,0.008547689695072691
7763,2.95863219913565,2.991310506575888,-0.03267830744023792
7764,2.643995264447124,2.5982596963770233,0.04573556807010082
7765,2.6228448521103345,2.5663204798951336,0.0565243722152009
7766,2.6497725037849817,2.6164926554707524,0.033279848314229366
7767,2.6894144341153847,2.640041723251828,0.04937271086355688
7768,2.719795884157511,2.6855377615051474,0.03425812265236372
7769,2.7027257020140296,2.668030720915683,0.03469498109834657
7770,2.6888025355761163,2.645208457103496,0.04359407847262009
7771,2.6773944794921793,2.6516205916189852,0.025773887873194123
7772,2.647652953135046,2.6046721844160787,0.042980768718967166
7773,2.562063198634915,2.4997917522662045,0.062271446368710404
7774,2.815158307087155,2.8066963083026226,0.008461998784532465
7775,2.595434032183983,2.5347193966842156,0.06071463549976741
7776,2.7052854576498753,2.6710864826754213,0.03419897497445401
7777,2.640910881747429,2.5992334907165926,0.041677391030836564
7778,2.680776496594064,2.6258915172802837,0.054884979313780224
7779,2.651287255281137,2.611039473245411,0.040247782035725876
7780,2.661276691520162,2.641370650593591,0.01990604092657078
7781,2.7647535131742815,2.7299483079127995,0.03480520526148201
7782,2.6457690434467547,2.612204436989738,0.033564606457016755
7783,2.614154890502532,2.5644569489013715,0.049697941601160256
7784,2.5690699856036576,2.5332791584806085,0.03579082712304915
7785,2.5019045446340114,2.444948245908574,0.05695629872543728
7786,2.7383537400712465,2.706627759533022,0.03172598053822462
7787,2.5358079269044342,2.471269784147742,0.06453814275669245
7788,2.7061553220643653,2.677592362131623,0.02856295993274216
7789,2.591132326791618,2.5224412653833928,0.06869106140822545
7790,2.622697676189165,2.5620758097197385,0.06062186646942669
7791,2.7207804859530236,2.693287708215735,0.02749277773728842
7792,2.8116703788831723,2.820427341326909,-0.008756962443736693
7793,2.713774899828809,2.6587613271319164,0.055013572696892776
7794,2.5535099885108488,2.485237547658686,0.06827244085216266
7795,2.618105131093282,2.569668542937394,0.048436588155887694
7796,2.6219534129941633,2.5794013724219873,0.042552040572175986
7797,2.6501213484718926,2.6030843761294307,0.04703697234246196
7798,2.6440608888465476,2.6005315536659572,0.04352933518059032
7799,2.5415625913464117,2.4797208480525312,0.06184174329388048
7800,2.65179267644969,2.6086559258242934,0.04313675062539657
7801,2.6597659486630536,2.6124042029004615,0.04736174576259211
7802,2.63195643990163,2.5968448510856295,0.035111588816000516
7803,2.8521121151720172,2.850279710812859,0.001832404359158435
7804,2.6336453663526522,2.592055525827114,0.04158984052553816
7805,2.6882139429106595,2.6408522846002747,0.04736165831038486
7806,2.4871150689526194,2.419472018844583,0.06764305010803628
7807,2.7573523932994646,2.754288897934934,0.003063495364530766
7808,2.787378612551177,2.767345676396423,0.020032936154753767
7809,2.6234578418363803,2.5602769751932453,0.06318086664313505
7810,2.6135907670466363,2.5767587171686004,0.0368320498780359
7811,2.8586846276490867,2.8399315939925636,0.018753033656523144
7812,2.634149698923162,2.5822103588171514,0.05193934010601042
7813,2.691660615651913,2.6659365082516686,0.025724107400244556
7814,2.765761534421406,2.7495064539618506,0.016255080459555593
7815,2.5217016481228764,2.4562617469136887,0.06543990120918775
7816,2.7683511729674066,2.752358239016837,0.015992933950569554
7817,2.8225065610130224,2.806413426853766,0.016093134159256284
7818,2.665741588373183,2.6358772702979283,0.029864318075254914
7819,2.5660728129764467,2.5040877656363754,0.061985047340071375
7820,2.744067721029334,2.7062052338626867,0.037862487166647085
7821,2.6874584052043096,2.636388103428665,0.051070301775644644
7822,2.7452171372842087,2.7162720979209456,0.028945039363263092
7823,2.7449744852201943,2.723935818987894,0.02103866623230033
7824,2.8344479420703994,2.8196251218094233,0.014822820260976144
7825,2.6713182880941164,2.632901684850252,0.03841660324386442
7826,2.4882866729763813,2.425750145005338,0.06253652797104348
7827,2.6992980592016846,2.675682988120324,0.02361507108136074
7828,2.6469972203429877,2.619233749929974,0.027763470413013636
7829,2.666415348138773,2.618845295268118,0.0475700528706553
7830,2.775491155700782,2.747230953351018,0.028260202349764008
7831,2.8199594662962055,2.81467105404609,0.0052884122501155595
7832,2.5069080772598236,2.4322243641688432,0.07468371309098032
7833,2.519654879398136,2.4448364008715804,0.07481847852655577
7834,2.735923429663938,2.7033252923540534,0.03259813730988448
7835,2.5508430466660608,2.496768711947795,0.05407433471826595
7836,2.5488732935376204,2.481759694609718,0.06711359892790236
7837,2.6158270733277744,2.5580847262987696,0.057742347029004826
7838,2.5709159202825247,2.512801740054883,0.058114180227641477
7839,2.871827204779783,2.8524115845214535,0.019415620258329547
7840,2.7801441340049933,2.7437453441603363,0.03639878984465694
7841,2.52280163476993,2.454013561026972,0.06878807374295759
7842,2.668156959894935,2.646763118574484,0.021393841320450857
7843,2.5377642430339917,2.4844207436250967,0.053343499408895045
7844,2.766479524791819,2.7679851937674997,-0.0015056689756809405
7845,2.67775736652226,2.6199651209832346,0.05779224553902518
7846,2.621614311641305,2.5669729153240524,0.05464139631725251
7847,2.6427535883351414,2.5981186606877653,0.04463492764737609
7848,2.6244661143093375,2.5701790738776595,0.05428704043167798
7849,2.743496965749704,2.716951402158838,0.026545563590866017
7850,2.6736470672276615,2.642464624573401,0.031182442654260623
7851,2.6178575965541153,2.5690473824043654,0.04881021414974995
7852,2.74072451833991,2.72687611989113,0.013848398448779609
7853,2.6956939084541163,2.6611253931697707,0.03456851528434557
7854,2.6853863188299383,2.6813785165525874,0.004007802277350869
7855,2.761861214373428,2.7428601176804532,0.019001096692974784
7856,2.535027546284637,2.478787287358686,0.05624025892595119
7857,2.758182967062835,2.747308847724145,0.01087411933868987
7858,2.794140629512604,2.7598753964194636,0.034265233093140335
7859,2.630869358840671,2.585980963504455,0.044888395336216025
7860,2.6428736953359766,2.5906091146537817,0.05226458068219486
7861,2.538120950553871,2.477938154712091,0.06018279584177977
7862,2.729427085373586,2.69461255859196,0.034814526781625776
7863,2.666289662054014,2.614228700260797,0.052060961793217064
7864,2.8493815034598478,2.854202734644602,-0.004821231184754193
7865,2.834102306600312,2.8354650051213226,-0.0013626985210106746
7866,2.626603542491615,2.578499528552763,0.048104013938851775
7867,2.778964233349236,2.764861111887091,0.014103121462145207
7868,2.6324791874412474,2.615425104914617,0.01705408252663032
7869,2.957333134437579,2.9933742214454844,-0.036041087007905315
7870,2.8440661876325133,2.8363851406946785,0.007681046937834779
7871,2.6754935555519923,2.6558874198124096,0.019606135739582697
7872,2.6518571988917032,2.603863303944642,0.0479938949470613
7873,2.564726117469459,2.521502722206059,0.04322339526340002
7874,2.6330866655788596,2.5913817511511663,0.04170491442769331
7875,2.7155429150884096,2.7088961824228077,0.0066467326656018955
7876,2.827509483943406,2.8214806685689924,0.006028815374413465
7877,2.53616170232724,2.4734016931081486,0.0627600092190912
7878,2.8264991303209466,2.812046295069353,0.014452835251593577
7879,2.598043537950534,2.5468887404111356,0.051154797539398444
7880,2.6830245732857794,2.641372743347177,0.04165182993860217
7881,2.8347066964448047,2.8215760573004767,0.013130639144327994
7882,2.5892304592493365,2.541710610502689,0.0475198487466475
7883,2.638125046401493,2.593286725333247,0.044838321068246145
7884,2.521421484359035,2.468990069959248,0.052431414399786824
7885,2.601342213574843,2.5530381453406674,0.048304068234175546
7886,2.7578018389337435,2.740835539397496,0.016966299536247398
7887,2.482041722206403,2.407147679696217,0.07489404251018605
7888,2.689165740973844,2.6321784980313128,0.056987242942531324
7889,2.586917133060552,2.538876826791007,0.04804030626954514
7890,2.837744073885542,2.836754449152382,0.0009896247331599994
7891,2.608126891772553,2.5724901152952273,0.03563677647732577
7892,2.720362762119005,2.667443335919731,0.05291942619927381
7893,2.7593586935153303,2.7242229798652153,0.03513571365011492
7894,2.6409954223572356,2.617928634005749,0.02306678835148679
7895,2.654173898342911,2.592802911886348,0.061370986456562804
7896,2.6368702345546366,2.59824202088088,0.03862821367375657
7897,2.730318984509756,2.7119980643489905,0.018320920160765475
7898,2.744819480771744,2.707393125843759,0.03742635492798474
7899,2.616954498197754,2.5716632391339767,0.04529125906377729
7900,2.640394549415751,2.592744846038469,0.04764970337728158
7901,2.7012460731629067,2.652187027664332,0.04905904549857487
7902,2.6551720923692903,2.609590035425308,0.04558205694398243
7903,2.668678134192158,2.636658322838182,0.032019811353976024
7904,2.558995604884262,2.503835839759845,0.05515976512441734
7905,2.5644148649428944,2.5037347802362477,0.06068008470664665
7906,2.6541577317373006,2.60939793959067,0.044759792146630506
7907,2.4907639009248657,2.4221355283198047,0.06862837260506094
7908,2.5714591139910246,2.510402679288016,0.06105643470300848
7909,2.833041866693534,2.824085998121236,0.00895586857229791
7910,2.930994325581707,2.9602131483692893,-0.029218822787582255
7911,2.7373570289839444,2.7056360656513623,0.03172096333258212
7912,2.712256779156306,2.6676528017818506,0.04460397737445554
7913,2.5858707742512856,2.5303117293486426,0.05555904490264307
7914,2.896514477538922,2.9028006120622263,-0.006286134523304288
7915,2.6521654040045175,2.608483861388216,0.04368154261630153
7916,2.6297335967790874,2.5809509858016475,0.048782610977439855
7917,2.6306088772016367,2.5912161631288892,0.03939271407274747
7918,2.8013398289902383,2.7983001352511296,0.0030396937391086176
7919,2.665852174956945,2.614070308358168,0.05178186659877726
7920,2.5726917433384355,2.5130089624054066,0.05968278093302892
7921,2.775537290990386,2.781505449086763,-0.005968158096377074
7922,2.8718548210394443,2.864275813908582,0.0075790071308623475
7923,2.8402277725671676,2.8294350120228704,0.01079276054429723
7924,2.6290659669872705,2.5764138655670554,0.052652101420215036
7925,2.6381269786852988,2.603838220523286,0.03428875816201282
7926,2.7094341024111595,2.711465928945836,-0.002031826534676373
7927,2.598522667753975,2.539381202236349,0.05914146551762567
7928,2.6963610637955076,2.661418578816643,0.03494248497886465
7929,2.7151737133486153,2.7146910284579326,0.00048268489068270526
7930,2.5965036017309657,2.5528700448202333,0.04363355691073245
7931,2.7997940368002827,2.7803602987951823,0.0194337380051004
7932,2.639910072081293,2.58894437511673,0.0509656969645631
7933,2.7485265908148686,2.7227016955165353,0.025824895298333317
7934,2.675849885681732,2.6283798479260656,0.04747003775566627
7935,2.682807110139716,2.6630471022765803,0.019760007863135698
7936,2.5999376629090167,2.562032396485135,0.03790526642388192
7937,2.6934761462268852,2.6669888714276917,0.02648727479919355
7938,2.60851184801344,2.547249875535381,0.06126197247805898
7939,2.584716674762676,2.5334602674054474,0.051256407357228806
7940,2.817706257177248,2.824682005592451,-0.006975748415202876
7941,2.822244910539201,2.8216751872130903,0.0005697233261106049
7942,2.64330298454346,2.6009779099225914,0.04232507462086854
7943,2.653293816206816,2.6167499786486186,0.036543837558197456
7944,2.768365094943553,2.745481234703326,0.02288386024022726
7945,2.9495632055237504,2.9804917272229403,-0.030928521699189915
7946,2.703717284097765,2.6718193416131633,0.03189794248460176
7947,2.8224563556985642,2.7908014777215846,0.031654877976979634
7948,2.80788893544713,2.791773699971734,0.016115235475396172
7949,3.012305148885304,3.0717664265737774,-0.05946127768847331
7950,2.6594893319506525,2.6181438657350173,0.041345466215635174
7951,2.8128536419823105,2.7956115673542943,0.01724207462801619
7952,2.6643648155630766,2.6241046197760456,0.040260195787030995
7953,2.6357114134342403,2.600030891078482,0.03568052235575836
7954,2.7572348190441804,2.7316147795367582,0.0256200395074222
7955,2.708697282458219,2.671808551586922,0.03688873087129707
7956,2.674446775160403,2.6389562994324263,0.03549047572797681
7957,2.6604696366977705,2.6247134578677356,0.0357561788300349
7958,2.664895885867677,2.6054132037542783,0.05948268211339869
7959,2.643362970466272,2.6167235495371663,0.02663942092910565
7960,2.7445418822328294,2.7255723226816575,0.018969559551171855
7961,2.6352644778358765,2.5805481109281123,0.05471636690776416
7962,2.9143414064390365,2.925507645856778,-0.01116623941774142
7963,2.5732123825957784,2.5095751394440713,0.06363724315170716
7964,2.585249360396575,2.534242017744318,0.05100734265225704
7965,2.628893245145577,2.601139904836296,0.027753340309280894
7966,2.8913594144757195,2.911788920693783,-0.020429506218063498
7967,2.8296578733328777,2.833320231183882,-0.0036623578510042165
7968,2.610396573138802,2.562453085661813,0.047943487476989066
7969,2.646566075948851,2.60662846668182,0.03993760926703116
7970,2.754853371091097,2.7609091868500624,-0.006055815758965188
7971,2.5441225611238445,2.473251797564979,0.07087076355886568
7972,2.7006059426784303,2.647047422184598,0.05355852049383225
7973,2.7576821369407103,2.735564737120386,0.022117399820324124
7974,2.652300852406149,2.6279807495082275,0.024320102897921636
7975,2.6080937118519723,2.5472963862405287,0.060797325611443576
7976,2.6480298446982253,2.6085826385673667,0.039447206130858614
7977,2.587943927016453,2.530046604268834,0.05789732274761894
7978,2.747453252234188,2.727592158893356,0.01986109334083208
7979,2.7768060326913537,2.7428145621100657,0.03399147058128804
7980,2.543362498564933,2.481580369717692,0.06178212884724088
7981,2.758769054095718,2.722335024667499,0.03643402942821927
7982,2.788128723975097,2.753254860897011,0.03487386307808604
7983,2.753652128691527,2.7269024141878315,0.026749714503695454
7984,2.619689910291753,2.5812893793797147,0.0384005309120381
7985,2.625139124644808,2.568850068765316,0.05628905587949218
7986,2.7400547148602423,2.726299149481008,0.01375556537923428
7987,2.8090591602756616,2.8273033013515354,-0.0182441410758738
7988,2.6116345422692038,2.565679660016768,0.0459548822524356
7989,2.571054480460595,2.5194876079278776,0.05156687253271741
7990,2.6332393029295256,2.5891762456898975,0.04406305723962811
7991,2.763356813022942,2.7512066985667136,0.012150114456228156
7992,2.7585209368140253,2.731840248912724,0.026680687901301514
7993,2.5773358855608293,2.513347323828401,0.06398856173242828
7994,2.7092211020633163,2.689640124121649,0.019580977941667133
7995,2.5428552239230475,2.4780001762467374,0.06485504767631012
7996,2.667445288876705,2.642851059221876,0.024594229654828936
7997,2.6583992077498086,2.6244261107004765,0.03397309704933216
7998,2.564040267189944,2.4962349854795485,0.06780528171039535
7999,2.671158004324629,2.6110560869604735,0.060101917364155266
8000,2.632424795410979,2.5727993608770907,0.059625434533888466
8001,2.5541007233283755,2.4891457416523206,0.06495498167605485
8002,2.869243621180598,2.8727324109201087,-0.0034887897395106116
8003,2.6492484849355367,2.6131902742783657,0.036058210657170964
8004,2.904876222052276,2.9171686770698417,-0.012292455017565818
8005,2.6704014857231306,2.6400087876938882,0.030392698029242382
8006,2.720145835218887,2.6973166378605438,0.02282919735834321
8007,2.71402955546497,2.699674292625118,0.014355262839852223
8008,2.7250791086747914,2.699369161659986,0.025709947014805223
8009,2.714882600121481,2.6803135216676015,0.03456907845387969
8010,2.6866598772475143,2.6347120297743656,0.051947847473148734
8011,2.5290471469170774,2.4633725217666123,0.06567462515046518
8012,2.612865379256717,2.562732784993167,0.05013259426354999
8013,2.734301648046333,2.7021886695815445,0.032112978464788444
8014,2.7201377069696626,2.698877654969834,0.021260051999828722
8015,2.7227151078598264,2.70886497266968,0.013850135190146329
8016,2.6231474819639713,2.565464034016441,0.05768344794753011
8017,2.7384806448869496,2.7102452093174483,0.028235435569501366
8018,2.760220956058136,2.7553215179868245,0.004899438071311657
8019,2.784061655493624,2.7739177174156784,0.01014393807794578
8020,2.555685020382602,2.5020658785525907,0.05361914183001115
8021,2.68596231119954,2.6657960141460815,0.020166297053458404
8022,2.9461449591745583,2.959124486023971,-0.012979526849412615
8023,2.667422446791202,2.639873445767795,0.027549001023407182
8024,2.7812333250569607,2.788720262442732,-0.007486937385771331
8025,2.620023907808809,2.559224184323563,0.06079972348524576
8026,2.7227272251061114,2.7014015829554827,0.02132564215062871
8027,2.6147045388996055,2.5615514065563025,0.05315313234330299
8028,2.6869516635454005,2.659329605854676,0.027622057690724677
8029,2.7635216865439696,2.7443413445750613,0.019180341968908277
8030,2.618890556124167,2.5646331534793974,0.05425740264476975
8031,2.689897835440699,2.6505309395734407,0.03936689586725839
8032,2.682241180322855,2.6270351149949023,0.05520606532795291
8033,2.568542702954978,2.524692587528845,0.04385011542613304
8034,2.732315372116279,2.689481599133926,0.042833772982353135
8035,2.8765489059472897,2.9023459061583297,-0.025797000211039922
8036,2.563092023540669,2.511927813565895,0.051164209974774
8037,3.0468440569083803,3.093186697199588,-0.046342640291207715
8038,2.797347485084138,2.783272542066038,0.014074943018099972
8039,2.6649656656437,2.6265393125157948,0.03842635312790543
8040,2.784717184235532,2.821138094623994,-0.03642091038846207
8041,2.765594374190477,2.7402525161850866,0.02534185800539035
8042,2.636263402379419,2.5986404694076155,0.037622932971803635
8043,2.704692308751659,2.661748348687381,0.04294396006427803
8044,2.6279946421356053,2.583704520538839,0.04429012159676615
8045,2.63775771301845,2.6107876759276434,0.02697003709080681
8046,2.747703956919919,2.711686886430572,0.03601707048934699
8047,2.6800112056839653,2.6319432529867397,0.048067952697225635
8048,2.7094365157694207,2.684838745928831,0.02459776984058948
8049,2.6215157165836604,2.589662157144388,0.031853559439272594
8050,2.601671431166066,2.5535112083017264,0.04816022286433963
8051,2.715498697954445,2.6748162923478183,0.04068240560662684
8052,2.9815364213455284,3.027555597870319,-0.046019176524790595
8053,2.6166448708597767,2.5561073277067976,0.0605375431529791
8054,2.6110147772617447,2.5613586757823583,0.04965610147938637
8055,2.6560605284263334,2.6098330798844263,0.04622744854190719
8056,2.7188093186685767,2.6866892620762424,0.0321200565923343
8057,2.612272563668217,2.5557224610046227,0.05655010266359417
8058,2.8980338767286575,2.905213636125507,-0.007179759396849672
8059,2.762336330470357,2.7347963063327843,0.02754002413757295
8060,2.626241763978997,2.585604523406608,0.04063724057238893
8061,2.5524833216719394,2.5069309931173556,0.0455523285545838
8062,2.556263087729589,2.502170981675582,0.05409210605400672
8063,2.640493167068568,2.5958777265005497,0.04461544056801836
8064,2.678977623984635,2.632594042929999,0.04638358105463558
8065,2.9266997443885345,2.929084267085509,-0.0023845226969743116
8066,2.734295368146733,2.7258397234907146,0.008455644656018446
8067,2.749856237734392,2.7302890944631137,0.019567143271278287
8068,2.609005741565529,2.5559498027494767,0.053055938816052084
8069,2.5568315199492275,2.508572502333756,0.04825901761547158
8070,2.9589945258464834,2.9755871775226543,-0.016592651676170966
8071,2.5424060162520195,2.478518533517479,0.06388748273454059
8072,2.6680589059990094,2.631929658650694,0.03612924734831546
8073,2.76205084732113,2.749927392272532,0.012123455048598242
8074,2.8033923108103385,2.7996478639141076,0.0037444468962308797
8075,2.5681453595526724,2.506351629236015,0.06179373031665758
8076,2.6639642968053248,2.620920560709854,0.04304373609547074
8077,2.648820363838405,2.6076034530602206,0.041216910778184346
8078,2.744569170746985,2.726257500161161,0.018311670585823947
8079,2.6675773759533525,2.6306233328990993,0.036954043054253205
8080,2.6696310549835793,2.6346511893550932,0.034979865628486095
8081,2.6132495855546707,2.5600711594234515,0.05317842613121915
8082,2.7383526839190173,2.7160993520670855,0.02225333185193179
8083,2.7136375432655653,2.677030807833989,0.03660673543157644
8084,2.593408884800361,2.536306343575604,0.057102541224757
8085,2.6882373109970783,2.6709844598130723,0.01725285118400599
8086,2.626963439458566,2.586378137129494,0.04058530232907209
8087,2.6511913887828595,2.6259139964735976,0.02527739230926196
8088,2.6375808115857113,2.5868889103393786,0.050691901246332716
8089,2.7629282344420383,2.7384259028315006,0.02450233161053772
8090,2.615121988009069,2.5614947821345146,0.053627205874554384
8091,2.8785317520926315,2.8791420898050983,-0.0006103377124668796
8092,2.6768510680356203,2.6475190191341524,0.0293320489014679
8093,2.7707380805220243,2.7442915990139958,0.02644648150802853
8094,2.8068343594763516,2.7921809141725653,0.014653445303786317
8095,2.6952851100269615,2.6609087222606633,0.034376387766298144
8096,2.706475306525802,2.669902011404582,0.03657329512121965
8097,2.6565731983443586,2.6229310069718506,0.03364219137250801
8098,2.5999959386120866,2.549884402716643,0.05011153589544337
8099,2.607629321410688,2.5653285873914258,0.042300734019262265
8100,2.6545366369381282,2.6263277109131713,0.02820892602495695
8101,2.7683710785089226,2.7470936383156057,0.0212774401933169
8102,2.6288998981438954,2.5862543145678867,0.04264558357600867
8103,2.579466027508291,2.5426341869657008,0.03683184054259003
8104,2.686161120302168,2.6536371695848793,0.03252395071728875
8105,2.6825040851466424,2.6457250703640947,0.03677901478254775
8106,2.721325995759851,2.6850257873196997,0.03630020844015114
8107,2.5621914749761325,2.5029305663041552,0.05926090867197731
8108,2.637255346280594,2.585339475930218,0.051915870350375926
8109,2.651761607836489,2.6081100801071213,0.04365152772936787
8110,2.677536332555044,2.647875848146919,0.029660484408124965
8111,2.715727387199709,2.676463002359693,0.03926438484001604
8112,2.6015137140459497,2.5560919508129047,0.04542176323304492
8113,2.6983864001007656,2.676912644578064,0.021473755522701587
8114,2.6554322422606234,2.606686837890762,0.04874540436986141
8115,2.7858369798254454,2.7553587004730344,0.030478279352410986
8116,2.6977181566227135,2.6849304522226216,0.012787704400091915
8117,2.628677070301563,2.5851404707833887,0.043536599518174235
8118,2.85212065993468,2.851393785913639,0.0007268740210411018
8119,2.6182719793678175,2.5739883577938705,0.04428362157394705
8120,2.5916392382361746,2.551595743965425,0.04004349427074949
8121,2.564431047984088,2.4920989927537875,0.07233205523030062
8122,2.586858559313282,2.5362014335541274,0.050657125759154376
8123,2.786738648503958,2.7835082506524023,0.0032303978515555443
8124,2.6986253818951806,2.66610368259957,0.03252169929561077
8125,2.7850817424190013,2.766840987775323,0.018240754643678248
8126,2.642967542288157,2.590117910345777,0.052849631942379904
8127,2.911843848519291,2.9325887099846257,-0.02074486146533472
8128,2.613162242561915,2.5768238706149527,0.03633837194696232
8129,2.6591073520158868,2.6066498366236606,0.052457515392226206
8130,2.705072425543068,2.6781403807497335,0.02693204479333433
8131,2.729243514723577,2.700513878273896,0.02872963644968074
8132,2.596554789079352,2.5338934236232222,0.06266136545612966
8133,2.6483690408437313,2.5951598621151435,0.05320917872858777
8134,2.5800791682637207,2.527783440117517,0.05229572814620376
8135,2.6400158308468975,2.59270652891884,0.04730930192805749
8136,2.731585186462562,2.722451461654477,0.009133724808085386
8137,2.6816964085662947,2.661827269816381,0.019869138749913695
8138,2.748301377279562,2.7243314028786014,0.023969974400960492
8139,2.590453708978954,2.534896115046363,0.055557593932590965
8140,2.607619480361241,2.5465802852727415,0.06103919508849964
8141,2.675258056023618,2.6248505847915236,0.05040747123209455
8142,2.6151146320767955,2.5822135897612677,0.03290104231552782
8143,2.6238579609790817,2.568056805050933,0.05580115592814883
8144,3.275618220003862,3.409169571025901,-0.1335513510220392
8145,2.6480868461479314,2.60518537782235,0.042901468325581504
8146,2.7985173790714395,2.7960068491333496,0.002510529938089867
8147,2.6814534546009305,2.648153846176901,0.03329960842402935
8148,2.674480285176021,2.6446856604201234,0.02979462475589756
8149,2.696016612354202,2.6661848324721755,0.029831779882026677
8150,2.5069955270445323,2.429221392179336,0.07777413486519613
8151,2.793517137142111,2.768055883166687,0.025461253975424203
8152,2.858085712680224,2.852482504121648,0.005603208558575989
8153,2.534452062415613,2.462560019752252,0.07189204266336091
8154,2.750642572193173,2.71790932409497,0.03273324809820277
8155,2.8145808314549146,2.7957946201467663,0.018786211308148282
8156,2.680321490782009,2.648549844346176,0.031771646435832857
8157,2.622283485964213,2.566308133971693,0.055975351992519684
8158,2.654329662671033,2.6134028483917224,0.04092681427931044
8159,2.983298685938159,3.0183107234664295,-0.03501203752827031
8160,2.68364188314125,2.657034865594794,0.026607017546456113
8161,2.6793437203845247,2.632217230760878,0.04712648962364652
8162,2.659334265943965,2.622995799004903,0.03633846693906184
8163,2.690153673115796,2.647602515344463,0.04255115777133289
8164,2.655027722313808,2.622773597879091,0.03225412443471676
8165,2.7140811201820787,2.678417525430292,0.03566359475178649
8166,2.7017144167933878,2.6717481175226454,0.029966299270742347
8167,2.634202280124369,2.5880867554842335,0.046115524640135686
8168,2.7801330544434184,2.7397943366882958,0.040338717755122655
8169,2.8214700167006965,2.820752545408765,0.0007174712919315596
8170,2.7231184956751373,2.6972850881919066,0.025833407483230708
8171,2.7478870413826955,2.722703739731409,0.02518330165128635
8172,2.7173267727546437,2.6951411571771233,0.022185615577520412
8173,2.6391539895707985,2.6009040260336893,0.03824996353710919
8174,2.859486993926145,2.8717524652134254,-0.012265471287280505
8175,2.732306955539911,2.7015396894055,0.030767266134410942
8176,2.5220361386231387,2.4606367141220855,0.06139942450105318
8177,2.6490328657964466,2.595442725281157,0.05359014051528943
8178,2.9094676583427543,2.93546544012384,-0.02599778178108547
8179,2.561849565426554,2.5099924243704104,0.051857141056143696
8180,2.666633067946128,2.611753401164433,0.05487966678169487
8181,2.6006286503558065,2.5464745783400775,0.05415407201572897
8182,2.7541371599971347,2.730453818789743,0.023683341207391795
8183,2.722675525028523,2.691004299738732,0.03167122528979105
8184,2.6230012325122254,2.583729258127516,0.039271974384709196
8185,2.6471637789456626,2.591019407341184,0.056144371604478494
8186,2.7192546833306146,2.710625493040679,0.008629190289935806
8187,2.6715088736101347,2.6293789712131237,0.042129902397010977
8188,2.669972373798524,2.625449437863227,0.04452293593529699
8189,2.6784605232406573,2.635263945077414,0.043196578163243515
8190,2.8184939026837896,2.8108966016650667,0.007597301018722913
8191,2.626897511169301,2.583462412058069,0.04343509911123222
8192,2.610508521256163,2.5608204525421283,0.04968806871403464
8193,2.6819406726978063,2.6467079512948404,0.03523272140296596
8194,2.5827443313894043,2.5268667181529474,0.0558776132364569
8195,2.519481523255988,2.4543319233314107,0.06514959992457747
8196,2.6659187438560186,2.6180723970074165,0.04784634684860212
8197,2.6315696651274036,2.572809703536309,0.058759961591094534
8198,2.641244036341997,2.5847986912812098,0.05644534506078713
8199,2.548552139639786,2.4862527445322784,0.06229939510750748
8200,2.6182649720324083,2.5665555519549246,0.05170942007748369
8201,2.7357592656547283,2.702232614801903,0.033526650852825135
8202,2.6507035921811246,2.600592488129316,0.05011110405180874
8203,2.9615101046104892,2.990133607117582,-0.02862350250709289
8204,2.708833277146509,2.6765542743235824,0.03227900282292673
8205,2.6460399761813904,2.5844168873109403,0.06162308887045009
8206,2.6369750884156207,2.5803898941380514,0.05658519427756925
8207,2.8663661052349187,2.891163591529618,-0.024797486294699134
8208,2.7180827405055132,2.6936821940205813,0.02440054648493195
8209,2.6235268767047764,2.5958413522371435,0.027685524467632838
8210,2.764788061956556,2.752938849995947,0.011849211960609285
8211,2.603576230409599,2.544486314322134,0.05908991608746472
8212,2.730432542093913,2.6997308557093995,0.030701686384513316
8213,2.656546343026948,2.631065291249078,0.025481051777869634
8214,2.6689121683792063,2.616012684587229,0.052899483791977175
8215,2.5456992321917733,2.4875953436559097,0.05810388853586357
8216,2.856760387991219,2.8628219284741,-0.006061540482880989
8217,2.7484980673887973,2.7345201402182737,0.013977927170523596
8218,2.6764307721168823,2.6391196736644367,0.037311098452445624
8219,2.610981136224361,2.5669760681418143,0.04400506808254656
8220,2.737524123394127,2.7097669202160426,0.02775720317808439
8221,2.6937483092308274,2.642795238268735,0.05095307096209245
8222,2.8290908949283997,2.813483735226425,0.015607159701974904
8223,2.7200821068366268,2.694667038365428,0.025415068471198676
8224,2.756690845380577,2.7292742561005006,0.027416589280076398
8225,2.6824962450930565,2.646961610839571,0.035534634253485464
8226,2.6134726044933685,2.562829605522076,0.05064299897129265
8227,2.580628892789331,2.525464878833104,0.05516401395622683
8228,2.795820060782758,2.7724634504840946,0.023356610298663316
8229,2.61531147461635,2.564456731826204,0.05085474279014601
8230,2.6472771627986744,2.598047793520925,0.049229369277749235
8231,2.5565215230071714,2.4920942598015636,0.06442726320560777
8232,2.7686699971089204,2.753532522778555,0.015137474330365386
8233,2.630271038386665,2.583341115821068,0.046929922565596804
8234,2.5825079789150123,2.5309117552767653,0.05159622363824701
8235,2.6237523614460594,2.555581542682985,0.06817081876307451
8236,2.805513918220132,2.812806931425773,-0.007293013205641241
8237,2.6107669384383723,2.5639590146029008,0.0468079238354715
8238,2.793013011246462,2.789238234437197,0.003774776809265301
8239,2.6802472350124913,2.6314147769416993,0.04883245807079195
8240,2.5846065833029366,2.5407985845745173,0.04380799872841923
8241,2.6665333559624806,2.626542786368758,0.039990569593722824
8242,2.592280321951768,2.541876656255088,0.0504036656966802
8243,2.7374772671352585,2.7211209730553825,0.016356294079876044
8244,2.791744690855132,2.756654197912501,0.035090492942631
8245,2.8457749281733276,2.862258961838695,-0.016484033665367548
8246,2.601123910834558,2.536452423121827,0.06467148771273079
8247,2.568257016049465,2.511674211802924,0.05658280424654105
8248,2.6265984883166933,2.5708868908436635,0.055711597473029784
8249,2.938570678784719,2.949003418565444,-0.010432739780724898
8250,2.716734569259414,2.6796899678092974,0.037044601450116676
8251,2.5825562382088516,2.5255901618155723,0.05696607639327933
8252,2.7746090571989326,2.7294721336026058,0.04513692359632682
8253,2.7696843765236494,2.7611814455605233,0.008502930963126154
8254,2.652857142500995,2.616077271989731,0.03677987051126408
8255,2.784075722494574,2.7761825650996927,0.007893157394881278
8256,2.5665624571962726,2.5090720647289593,0.057490392467313356
8257,2.7446073837616867,2.732043717119997,0.012563666641689508
8258,2.746282830909585,2.7379821090876098,0.008300721821975277
8259,2.94077301820877,2.952263859131617,-0.01149084092284669
8260,2.5507410255074547,2.4842355353235006,0.06650549018395413
8261,2.637437785346531,2.579494914087304,0.05794287125922715
8262,2.616506169897846,2.5659299601762733,0.05057620972157251
8263,2.722470083688243,2.7208085452497195,0.0016615384385234577
8264,2.6318948255106336,2.5816578013052034,0.05023702420543019
8265,2.8469926487214696,2.8542863031501495,-0.007293654428679908
8266,2.7087605898582416,2.6653970750618,0.04336351479644174
8267,2.814380049059817,2.8169571038829853,-0.002577054823168279
8268,2.6235888742775533,2.5730476202810495,0.05054125399650378
8269,2.5992002627506325,2.546650754850532,0.0525495079001006
8270,2.6104173902819925,2.575100198833677,0.035317191448315466
8271,2.5552791252827163,2.4990234548760246,0.05625567040669166
8272,2.575032339463146,2.5103716655767654,0.06466067388638042
8273,2.629688706918661,2.5873137131360413,0.042374993782619885
8274,2.601103321121832,2.5386622020199656,0.06244111910186634
8275,2.722853519374222,2.7054956334547033,0.0173578859195187
8276,2.625846843994723,2.5794834172502767,0.04636342674444638
8277,2.604744918884629,2.553018174759187,0.05172674412544209
8278,2.608169853840326,2.558223244331674,0.04994660950865226
8279,2.5689437323271913,2.5243985714728012,0.04454516085439009
8280,2.5855778143959873,2.5362981049679654,0.049279709428021956
8281,2.5942470971157237,2.5355633113118765,0.058683785803847144
8282,2.736566795334804,2.7182852236975763,0.018281571637227767
8283,2.7742601637009145,2.7468376994284474,0.027422464272467195
8284,2.8819837264524186,2.8708986591648493,0.011085067287569306
8285,2.6209200381369606,2.580551898327042,0.04036813980991871
8286,2.662146365307413,2.616135467788504,0.0460108975189093
8287,2.986285713351778,3.021461155595631,-0.03517544224385283
8288,2.5760791383891832,2.521796468220891,0.054282670168292135
8289,2.784887225391088,2.763017834588986,0.02186939080210193
8290,2.576924984608829,2.5088612338595637,0.0680637507492654
8291,2.6968598408369893,2.682989969253423,0.01386987158356634
8292,2.586943596012391,2.544165551125805,0.04277804488658621
8293,2.731411840304,2.7241513126331562,0.0072605276708439526
8294,2.5216345433369303,2.469125396734661,0.05250914660226913
8295,2.569120766108455,2.5106648059281778,0.05845596018027743
8296,2.698038530224121,2.6592268986284897,0.03881163159563128
8297,2.8341873773355792,2.8340260405526743,0.000161336782904975
8298,2.931010642443373,2.946077433180016,-0.015066790736643298
8299,2.6542182782713475,2.59642372479852,0.05779455347282747
8300,2.6534096660565116,2.616380681055951,0.03702898500056051
8301,2.6669483184051317,2.6242540203914104,0.042694298013721266
8302,2.57612299133729,2.5082939510248674,0.06782904031242243
8303,2.5812959927281334,2.5210137104533445,0.06028228227478882
8304,2.540194466368387,2.476916298406553,0.06327816796183416
8305,2.5006409964247096,2.4290973395995605,0.07154365682514907
8306,2.649410189086556,2.6133462839069463,0.036063905179609446
8307,2.6186362921435737,2.5665032635283738,0.05213302861519997
8308,2.667581706418237,2.6314407834669846,0.036140922951252374
8309,2.7172344800838277,2.6786782533428464,0.03855622674098136
8310,2.649993004365096,2.592675642157687,0.05731736220740924
8311,2.9006230281688765,2.9070227777444595,-0.00639974957558298
8312,2.9114727457548906,2.9291688605714272,-0.017696114816536657
8313,2.573041808399006,2.516711632171694,0.056330176227311846
8314,2.7234995296287683,2.690146044569178,0.03335348505959024
8315,2.7169978885075188,2.6873297381708876,0.02966815033663117
8316,2.695958933891247,2.6536038114348615,0.04235512245638562
8317,2.6749830192569966,2.6523797227938775,0.022603296463119094
8318,2.5671586737052263,2.512610135947633,0.05454853775759316
8319,2.8841920322818573,2.9186802023814895,-0.03448817009963223
8320,2.929820535081055,2.970151929927034,-0.04033139484597914
8321,2.6465724600552663,2.631320054265872,0.015252405789394352
8322,2.671168517542572,2.631544352005713,0.03962416553685921
8323,2.6655332477684186,2.631526888167438,0.03400635960098075
8324,2.7084295159346374,2.6970451001978275,0.011384415736809927
8325,2.666189990325985,2.6227856302960486,0.043404360029936306
8326,2.627307779698177,2.5784647654823964,0.048843014215780745
8327,2.726499133017235,2.702250114767031,0.024249018250204202
8328,2.536584902423596,2.4788962609365965,0.05768864148699926
8329,2.7059293424817428,2.6675361223743352,0.03839322010740753
8330,2.7242118075875617,2.6897895794422984,0.0344222281452633
8331,2.771586749131553,2.7462312364340535,0.02535551269749936
8332,2.736965143564251,2.7140470176153366,0.02291812594891418
8333,2.821787158196192,2.8060302284002883,0.01575692979590393
8334,2.5109863941103665,2.441090261955531,0.06989613215483548
8335,2.6430045204268904,2.6199091252182516,0.02309539520863879
8336,2.717604964586749,2.695071825338239,0.022533139248509748
8337,2.5960686075908943,2.552042062369765,0.044026545221129254
8338,2.6890631251706423,2.647283165553262,0.041779959617380236
8339,2.665736105778026,2.6170598841422605,0.04867622163576568
8340,2.7416618504791526,2.720642214638878,0.021019635840274553
8341,2.6170607954073097,2.577866000194206,0.03919479521310354
8342,2.700445693540259,2.669393269144517,0.031052424395742406
8343,2.723562430600758,2.695349831051808,0.028212599548949946
8344,2.700167798451526,2.6618362810512943,0.038331517400231885
8345,2.664446460951681,2.6321075386928516,0.032338922258829506
8346,2.5317845534717374,2.4781658113093608,0.05361874216237661
8347,2.5414157379110733,2.491851149591974,0.04956458831909938
8348,2.93443514491315,2.948164225444096,-0.013729080530946014
8349,2.7087930649679577,2.664821240592921,0.04397182437503666
8350,2.7806597692701693,2.752773966702448,0.02788580256772155
8351,2.5505003778240867,2.4955927601312067,0.054907617692879995
8352,2.6702364847109523,2.6448612300147247,0.02537525469622759
8353,2.686982789481807,2.6279379486542593,0.059044840827547684
8354,2.803991358740757,2.796918189740622,0.007073169000134882
8355,2.6174494578598946,2.575831506686799,0.04161795117309541
8356,2.721752030191465,2.6972108195109064,0.02454121068055848
8357,2.687026681836227,2.6335810063215788,0.05344567551464818
8358,2.568095409263327,2.517388116191665,0.05070729307166166
8359,2.603487386938858,2.566989866437118,0.036497520501740155
8360,2.675373576046889,2.638535704983482,0.03683787106340697
8361,2.66748086172895,2.6242124868073886,0.043268374921561215
8362,2.7397715091174635,2.714380387532414,0.025391121585049525
8363,2.6236607288361293,2.5698609094258478,0.05379981941028156
8364,2.437677441236003,2.370591863469238,0.06708557776676516
8365,2.7058818274599274,2.6837021553011735,0.022179672158753938
8366,2.9808102979090614,3.057007251938901,-0.0761969540298395
8367,2.719754905787899,2.7010717474306296,0.018683158357269303
8368,2.703164012869344,2.6774445229299744,0.025719489939369566
8369,2.653671123653822,2.6040897699854724,0.04958135366834959
8370,2.755414834607293,2.735584467350202,0.019830367257091197
8371,2.922722106392713,2.9392657731850016,-0.01654366679228847
8372,2.692106392223272,2.659398789377204,0.032707602846067996
8373,2.5867680567727844,2.539151329875001,0.0476167268977834
8374,2.7559195036215933,2.737819011872403,0.01810049174919026
8375,2.777877912982119,2.7708199084795395,0.007058004502579429
8376,2.762574810615937,2.7323715461749556,0.030203264440981314
8377,2.686305065522872,2.647509217684363,0.03879584783850909
8378,2.7965247269575104,2.7981496745945997,-0.0016249476370893134
8379,2.6631052825941164,2.625646344791852,0.03745893780226428
8380,2.661658755848177,2.6161769813024693,0.045481774545707676
8381,2.6988826388565648,2.7035619272839786,-0.00467928842741383
8382,2.5466915584237118,2.4767477938411253,0.06994376458258644
8383,2.5053052395848114,2.4369427250012947,0.06836251458351672
8384,2.7210205767482667,2.697034488824508,0.02398608792375878
8385,2.607975384486209,2.542235889253547,0.06573949523266176
8386,2.777182721544667,2.7403533234534283,0.03682939809123864
8387,2.6099539348862217,2.5681561729263342,0.04179776195988749
8388,2.6953203794347194,2.691612131825828,0.003708247608891213
8389,2.5663317074905367,2.5023422807633806,0.06398942672715613
8390,2.710783300316516,2.6821514495371286,0.028631850779387236
8391,2.6993803612225378,2.657544715357052,0.04183564586548583
8392,2.7261740823075717,2.693978543984309,0.03219553832326261
8393,2.675654622174334,2.64073292590631,0.03492169626802388
8394,2.7344841363020977,2.727533997032702,0.006950139269395805
8395,2.754462900660436,2.708265555502605,0.04619734515783103
8396,2.70780641945257,2.663232365851455,0.044574053601114993
8397,2.6962625918549636,2.6456356361897675,0.05062695566519615
8398,2.638328300076707,2.605566027548163,0.032762272528544134
8399,2.5632995419899007,2.508337909067733,0.0549616329221676
8400,2.624552346760437,2.579806524691818,0.04474582206861877
8401,2.6402132112035868,2.586569568261775,0.0536436429418119
8402,2.707103115127026,2.683698570043531,0.023404545083494988
8403,2.853943288211252,2.858179878500851,-0.004236590289599107
8404,2.8017370449693986,2.809753410376941,-0.00801636540754247
8405,2.7216213238703433,2.6676388085467964,0.05398251532354692
8406,2.71703250797395,2.6842200762110426,0.03281243176290749
8407,2.633901220546302,2.5737490310024422,0.0601521895438597
8408,2.5820838674592457,2.5299807386454956,0.05210312881375012
8409,2.75163866999643,2.7394849863932955,0.012153683603134624
8410,2.6562086480191014,2.5958277550393487,0.06038089297975269
8411,2.677139547725919,2.651051807565641,0.026087740160278372
8412,2.6136702479813354,2.5528453369907718,0.06082491099056364
8413,2.713224521177414,2.674774480515674,0.03845004066173985
8414,2.5889427030889043,2.5326403930334043,0.056302310055500016
8415,2.5603577287079338,2.493746304889235,0.06661142381869878
8416,2.658786692559996,2.61630196266648,0.04248472989351626
8417,2.6563383497590256,2.6073711324442845,0.048967217314741074
8418,2.7602723040011066,2.746964359125844,0.013307944875262656
8419,2.69496790571026,2.654586595203841,0.0403813105064188
8420,2.581971521092081,2.518745431930147,0.06322608916193362
8421,2.82356216630306,2.8159325400761324,0.007629626226927755
8422,2.610266434603928,2.568111253061753,0.042155181542175235
8423,2.7133815176606486,2.6878378354342147,0.025543682226433884
8424,2.523816229296591,2.4562937365561797,0.06752249274041144
8425,2.67806658874686,2.6336324454757056,0.04443414327115436
8426,2.651861310575054,2.6057965278960413,0.046064782679012595
8427,2.6339764849092306,2.5845363321702832,0.04944015273894742
8428,2.7874045445618023,2.778952235313039,0.008452309248763168
8429,2.6693802980596195,2.645921023381251,0.02345927467836839
8430,2.759793875252004,2.744871755359125,0.01492211989287906
8431,2.657231325136752,2.6182232404277195,0.03900808470903261
8432,2.6584103877661796,2.6398466868137,0.0185637009524795
8433,2.561098680417483,2.5002327958866677,0.06086588453081543
8434,2.6590386545349394,2.6253601001887437,0.03367855434619571
8435,2.663700448084078,2.620832844348045,0.04286760373603293
8436,2.7830414675531894,2.77281117908191,0.01023028847127927
8437,2.748138807406327,2.7294784580271934,0.018660349379133745
8438,2.6747865559049573,2.632009382585295,0.04277717331966224
8439,2.6677695027504105,2.622527937904764,0.045241564845646565
8440,2.6480197070212426,2.594672934075245,0.05334677294599777
8441,2.7906433157817716,2.760351540708919,0.030291775072852634
8442,2.7633502648015087,2.747918156799289,0.015432108002219724
8443,2.8816062139093193,2.908606142408148,-0.02699992849882893
8444,2.716827277220144,2.6818224996414104,0.03500477757873366
8445,2.7217751791693385,2.686823247892031,0.03495193127730767
8446,2.6626149502021565,2.6248608031724765,0.03775414702968005
8447,2.557327026903235,2.504833432894148,0.05249359400908693
8448,2.4848847316002467,2.40733778663812,0.07754694496212666
8449,2.70659159088292,2.6767306634036503,0.029860927479269606
8450,2.677174028415825,2.6373695822328167,0.03980444618300849
8451,2.842619070476023,2.860004411734772,-0.017385341258749243
8452,2.753601320983181,2.742469559032427,0.011131761950754271
8453,2.5632100049911752,2.4949705870727454,0.0682394179184298
8454,2.658833640696145,2.6212398039234768,0.037593836772668254
8455,2.6448872364488634,2.595750929127235,0.049136307321628436
8456,2.551962979373006,2.5145611197625355,0.03740185961047038
8457,2.6933597466459687,2.6484682940500477,0.04489145259592098
8458,2.5980403940272128,2.53459096796315,0.06344942606406256
8459,2.5647703665239368,2.5018345235687045,0.06293584295523225
8460,2.537577893377569,2.4651937018680488,0.07238419150952025
8461,2.767153378229752,2.749367383903337,0.017785994326414922
8462,2.6295751423444114,2.586178139014371,0.043397003330040373
8463,2.607683115502662,2.566953667882362,0.04072944762029973
8464,2.6142158140639973,2.5904343366440123,0.02378147741998493
8465,2.6638153111732854,2.6286759111592577,0.03513940001402771
8466,2.574386192878098,2.5188141729372098,0.05557201994088823
8467,2.6554388256353043,2.6186501094138066,0.03678871622149771
8468,2.5789526239234535,2.5155461094924845,0.06340651443096901
8469,2.9867919202269553,3.037486773227612,-0.05069485300065679
8470,2.7263585775247345,2.688441776792865,0.03791680073186976
8471,2.7899074030945132,2.7583037694959773,0.03160363359853591
8472,2.8026018250588285,2.79851346712078,0.004088357938048404
8473,2.800252339786328,2.7883934004735385,0.011858939312789474
8474,2.6109123427649803,2.57111052078104,0.03980182198394022
8475,2.555997442878864,2.5103832118587626,0.045614231020101315
8476,2.577313435234013,2.5208667605418205,0.056446674692192556
8477,2.5933985217914723,2.5355445352039645,0.057853986587507844
8478,2.697494597167819,2.662947599253992,0.03454699791382687
8479,2.714146409912202,2.6809144383871524,0.03323197152504953
8480,2.6346369728370758,2.5827829052541684,0.05185406758290734
8481,2.6727025594451344,2.6179057989424814,0.05479676050265292
8482,2.6994452577100407,2.660790050068324,0.038655207641716594
8483,2.712646396290809,2.7108214952095815,0.001824901081227459
8484,2.6597390337168565,2.619113917226267,0.04062511649058953
8485,2.7406567171903244,2.718953681657706,0.021703035532618653
8486,2.6409067855314747,2.5815517727541755,0.059355012777299265
8487,2.739771137890923,2.69024611468297,0.049525023207952934
8488,2.955655629418587,2.976853024612133,-0.021197395193545798
8489,2.651074800695196,2.6239668669636482,0.02710793373154763
8490,2.6031112710762794,2.5477121586904534,0.055399112385825955
8491,2.7163436659330658,2.6879608804577395,0.028382785475326244
8492,2.6647198267868695,2.626490418974964,0.038229407811905425
8493,2.8324900322637547,2.826055237660289,0.006434794603465743
8494,2.537876317219542,2.466634660992047,0.07124165622749512
8495,3.095345014082328,3.1604848308759275,-0.06513981679359926
8496,2.9200769073770965,2.953919328348887,-0.03384242097179069
8497,2.647717893019622,2.6214190096951087,0.026298883324513245
8498,2.7734787462443786,2.7506449197087877,0.022833826535590962
8499,2.748477078516003,2.737628482652576,0.010848595863426791
8500,2.642111250986659,2.6073198504613027,0.03479140052535623
8501,2.7278429132821924,2.6911113002321585,0.03673161305003392
8502,2.669989880713148,2.6232688374606137,0.04672104325253423
8503,2.722209164588881,2.674908230544135,0.04730093404474589
8504,2.787460332559218,2.776402020208251,0.011058312350967103
8505,2.6200411263946113,2.5704485321542645,0.04959259424034679
8506,2.7468132047472325,2.7302921396033253,0.016521065143907165
8507,2.6200978212477963,2.5810999474287657,0.03899787381903064
8508,2.6611872250177644,2.654306081022813,0.006881143994951433
8509,2.6139431061833305,2.5539550881062745,0.059988018077056005
8510,2.720174240152552,2.6911704443893885,0.029003795763163698
8511,2.7170805321307085,2.6865995330565844,0.03048099907412416
8512,2.5377370915758455,2.466643890475949,0.07109320109989659
8513,2.809021648562029,2.8075856826244827,0.0014359659375462464
8514,2.800968048487134,2.784420957478447,0.0165470910086869
8515,2.7493603347654822,2.7262481816380695,0.02311215312741277
8516,2.657493118759197,2.6109689969343775,0.04652412182481935
8517,2.6548394530852115,2.6301237026383735,0.024715750446838047
8518,2.7381798384227793,2.7157852742181157,0.02239456420466368
8519,2.6766782154184576,2.6432924634822283,0.03338575193622928
8520,2.7410185169171655,2.6978207555471685,0.04319776136999698
8521,2.690974074288653,2.6579487658821392,0.033025308406513965
8522,2.745467852555909,2.7225972483348957,0.02287060422101339
8523,2.8898975892709275,2.891285027927391,-0.0013874386564634023
8524,2.8582581569753174,2.842938737777879,0.0153194191974384
8525,2.5672837348821513,2.4992750128106347,0.06800872207151665
8526,2.6695019824692365,2.6406540266051124,0.028847955864124142
8527,2.713171819889082,2.6963959159981483,0.01677590389093364
8528,2.6611733089727765,2.6198370058091864,0.04133630316359005
8529,2.687192633506391,2.642627556243918,0.04456507726247283
8530,2.8452926618467638,2.811737500751395,0.033555161095368824
8531,2.7815587783517257,2.756843176509454,0.024715601842271617
8532,2.715068365003009,2.68790074174567,0.027167623257339013
8533,2.6964149969908395,2.6767319254185606,0.019683071572278887
8534,2.742529996837289,2.7246996114804936,0.017830385356795375
8535,2.998426124144708,3.0288212115549022,-0.030395087410194144
8536,2.6487694388679737,2.5943039113930593,0.0544655274749144
8537,2.638586850029327,2.597868092464912,0.04071875756441523
8538,2.588645195367327,2.531230669992315,0.057414525375012015
8539,2.598926468161684,2.5606968530426384,0.03822961511904577
8540,2.584710104862842,2.535309817926526,0.04940028693631593
8541,2.8135660172660586,2.8078968961494892,0.0056691211165693645
8542,2.6245911666788597,2.58247408279736,0.042117083881499706
8543,2.7650580810201046,2.731828627474671,0.03322945354543361
8544,2.6532827467033133,2.607893680226719,0.04538906647659413
8545,2.58663094693972,2.547433574611845,0.0391973723278749
8546,2.6585991471589816,2.6180163211031022,0.04058282605587937
8547,2.980473547064742,3.009554390745618,-0.029080843680876267
8548,3.1475948596389007,3.2325340114264276,-0.08493915178752687
8549,2.726701797952442,2.7024180830735527,0.024283714878889473
8550,2.591096560543822,2.543761619724424,0.04733494081939771
8551,2.733730629653297,2.721891266504824,0.011839363148473225
8552,2.6841731802548123,2.666758385109503,0.017414795145309192
8553,2.899176701523801,2.912559720188937,-0.013383018665135804
8554,2.496495373743833,2.439146083389529,0.05734929035430403
8555,2.5621918753831303,2.4936621803620094,0.06852969502112094
8556,2.9169972432015685,2.9368856923165545,-0.019888449114985995
8557,2.6136534080282967,2.575656329752578,0.03799707827571863
8558,2.5800508558182904,2.527578343588053,0.05247251223023763
8559,2.696587799383805,2.6527626527780206,0.043825146605784404
8560,2.6766295002090548,2.6302524976135375,0.04637700259551725
8561,2.599082050201051,2.5640180775820465,0.03506397261900451
8562,2.769888561265765,2.7524928764263334,0.017395684839431436
8563,2.8562874548658046,2.8541821615421568,0.002105293323647839
8564,2.7409260631603822,2.7388574933231897,0.002068569837192502
8565,2.636510812523467,2.6068509710460597,0.02965984147740741
8566,2.6722037337925686,2.624804822787119,0.04739891100544957
8567,2.5967271893670403,2.550712417088757,0.0460147722782831
8568,2.6378748272863306,2.590425197472704,0.04744962981362644
8569,2.8063326117203764,2.8231259307610603,-0.01679331904068393
8570,2.6004927860120928,2.5623972031401183,0.038095582871974454
8571,2.716969076072814,2.6834603399237857,0.03350873614902827
8572,2.6863846100507156,2.6430301236359663,0.04335448641474926
8573,2.6897732538999386,2.6574660031149446,0.03230725078499397
8574,2.662503123062362,2.6493839989275165,0.013119124134845617
8575,2.521531156949114,2.4577360739893424,0.06379508295977177
8576,2.8093074414939103,2.8089053638278867,0.0004020776660236258
8577,2.6161077881887715,2.5580682314651013,0.05803955672367023
8578,2.5829342111352447,2.523339437966637,0.05959477316860751
8579,2.574235475477022,2.5224013078778795,0.0518341675991425
8580,2.570882111374085,2.5204685077133613,0.050413603660723894
8581,2.7286294402743336,2.7049011511832504,0.023728289091083266
8582,2.6289309880242597,2.5770403552680023,0.05189063275625738
8583,2.6774212216210347,2.6351939511317775,0.04222727048925723
8584,2.7045642002086976,2.665687509444466,0.038876690764231725
8585,2.6209989302208774,2.5711963308689643,0.04980259935191311
8586,2.9753107714061753,2.978367438440872,-0.0030566670346967584
8587,2.6852542483010966,2.649411220697578,0.03584302760351843
8588,2.618101235618012,2.5710766857999308,0.04702454981808124
8589,2.5220050840717536,2.4462164661620345,0.07578861790971914
8590,2.4696403007817764,2.4041928862804802,0.06544741450129621
8591,2.7210131615942346,2.695630826380791,0.025382335213443685
8592,2.5751324746477406,2.5176370012444007,0.057495473403339936
8593,2.691658265324983,2.6647401776465975,0.02691808767838566
8594,2.6182924875199873,2.5726419389179354,0.04565054860205198
8595,2.6385929324717545,2.5870410428650708,0.051551889606683776
8596,2.737006565314032,2.7103862218985695,0.0266203434154626
8597,2.650786487623012,2.5944597767063957,0.05632671091661612
8598,2.8700537059464972,2.8875829540388516,-0.017529248092354344
8599,2.603124794952732,2.5393425726246974,0.06378222232803443
8600,2.6142874324387186,2.570735883806257,0.04355154863246158
8601,2.8021135426924926,2.802484892372127,-0.0003713496796344806
8602,2.6347257532129134,2.584478873246943,0.050246879965970326
8603,2.6744933628561944,2.6534588490234294,0.021034513832765
8604,2.600157578132771,2.5445653958734105,0.055592182259360357
8605,2.6930722329056795,2.645812723850987,0.04725950905469256
8606,2.6856701340784426,2.6497314485405714,0.03593868553787116
8607,2.627164703410327,2.604269761571806,0.02289494183852092
8608,3.0099974370635474,3.0479251665701463,-0.03792772950659895
8609,2.5828639648725193,2.5204517021992863,0.062412262673233077
8610,2.7924903126320095,2.7776915277841066,0.01479878484790298
8611,2.77233121292962,2.777039677608786,-0.004708464679165747
8612,2.7192155655003725,2.6963167863624644,0.022898779137908054
8613,2.7739920469337602,2.7541599577376514,0.019832089196108793
8614,2.721660722278804,2.706619986884881,0.015040735393923033
8615,2.6612786504306913,2.6170000462755265,0.044278604155164825
8616,2.649817622941617,2.6222178040931197,0.02759981884849738
8617,2.684004498991048,2.658900870038664,0.02510362895238405
8618,2.600207723817581,2.558368667652166,0.041839056165414945
8619,2.6505303460418115,2.611128274726145,0.03940207131566664
8620,2.651964267758702,2.607961495594262,0.04400277216443982
8621,2.6361971323709734,2.5968256668787046,0.039371465492268776
8622,2.733825545765112,2.6903344818784127,0.04349106388669943
8623,2.7620645101113355,2.722317339418406,0.03974717069292932
8624,2.6138729950291726,2.5774152234778307,0.03645777155134189
8625,2.7336364970988827,2.708802336139261,0.024834160959621876
8626,2.8570331520408647,2.8538760464674846,0.0031571055733801145
8627,2.6524154639397004,2.61073117277464,0.04168429116506056
8628,2.5605359967599495,2.5081134387250232,0.05242255803492624
8629,2.6380276861127117,2.612545213243548,0.025482472869163608
8630,2.657878836774381,2.6292448685756287,0.028633968198752413
8631,2.629717791400501,2.5694909225878444,0.0602268688126566
8632,2.725047503633568,2.68889641960843,0.036151084025138225
8633,2.820920198330773,2.834903422382436,-0.013983224051663079
8634,2.629412121626292,2.5774825331926814,0.05192958843361062
8635,2.7350953512944938,2.718616710661821,0.016478640632672903
8636,2.8871976286119216,2.8914948846163626,-0.004297256004440975
8637,2.6533970830701925,2.614765627100857,0.038631455969335704
8638,2.6175733018108542,2.569257286340739,0.048316015470115214
8639,2.6157117312027873,2.5747155007177276,0.04099623048505974
8640,2.722083732543828,2.688865009018679,0.033218723525148874
8641,2.743948875093691,2.7125053082976303,0.03144356679606064
8642,2.7106748226148216,2.660335069982912,0.05033975263190982
8643,2.615792784724162,2.5627827910668834,0.05300999365727854
8644,2.6128453590393863,2.5562440949301406,0.05660126410924571
8645,2.6999393865268058,2.6853739704112276,0.014565416115578156
8646,2.567943154624409,2.5040268077107246,0.06391634691368431
8647,2.53401664419744,2.4665500559366023,0.06746658826083785
8648,2.7198507016066125,2.6825094408363004,0.03734126077031208
8649,2.7702544004178336,2.772723553486259,-0.0024691530684255447
8650,2.726602787155174,2.6853699890691813,0.04123279808599278
8651,2.6088986075568847,2.5651199389775887,0.04377866857929602
8652,2.705703024599212,2.6843168554273285,0.02138616917188374
8653,2.831052421491968,2.822750693514007,0.008301727977960915
8654,2.5726972328877706,2.514359077385405,0.05833815550236565
8655,2.6553400998552044,2.6237549998621597,0.03158509999304471
8656,2.955950205921678,2.937741363411014,0.018208842510663903
8657,2.6771202646010197,2.6424449125106886,0.034675352090331124
8658,2.625126964322004,2.5822492915886146,0.04287767273338927
8659,2.5935011863911943,2.5333328702331475,0.06016831615804685
8660,3.0103129045899606,3.0708915198008433,-0.0605786152108827
8661,2.7325411203648207,2.6919146766535826,0.040626443711238025
8662,2.6104645661954122,2.5618686592516835,0.04859590694372873
8663,2.6382497845830266,2.57619716882927,0.062052615753756424
8664,2.634590736449689,2.598881196379831,0.03570954006985794
8665,2.758448145287078,2.7437541409654296,0.014694004321648357
8666,2.6566816180658073,2.6047879566130603,0.051893661452746986
8667,2.636192827123635,2.608523758305284,0.02766906881835096
8668,2.6706630257789303,2.629750307039877,0.04091271873905322
8669,2.8322279508297505,2.845414065790654,-0.013186114960903605
8670,2.81240968363461,2.8074431991120443,0.004966484522565651
8671,2.750746262753446,2.753443231380457,-0.002696968627010854
8672,2.9186705857463475,2.9411268778014024,-0.02245629205505484
8673,2.7940945179484733,2.76156153030135,0.032532987647123424
8674,2.539627866754209,2.484791874954339,0.054835991799869976
8675,2.565599005804041,2.508588867139887,0.05701013866415394
8676,2.489100136912973,2.4144763850631445,0.0746237518498285
8677,2.5692434514726856,2.532405186213578,0.036838265259107494
8678,2.5450800573064214,2.4719175158536406,0.07316254145278078
8679,2.6194111351186478,2.576303487692805,0.04310764742584272
8680,2.616871472912694,2.5799267162955224,0.03694475661717167
8681,2.6998196822218086,2.657372210022068,0.042447472199740766
8682,2.6182883306493325,2.5619187537568506,0.0563695768924819
8683,2.7504421196772384,2.731670908026951,0.01877121165028761
8684,2.613791634219923,2.5452225663393477,0.06856906788057548
8685,2.6056836647690584,2.5439608314530826,0.061722833315975834
8686,2.6150021193304633,2.561672529964174,0.05332958936628929
8687,2.5619773275376394,2.5060344076278347,0.05594291990980471
8688,2.73475337574189,2.7298609118526422,0.0048924638892478
8689,2.5780591801235793,2.5358864743705887,0.04217270575299059
8690,2.7764011802059225,2.7681444664197885,0.008256713786134018
8691,2.754913793086217,2.7448435666008066,0.010070226485410227
8692,2.8422010162472073,2.840594056037842,0.001606960209365127
8693,2.6063426492899455,2.5538565546071923,0.052486094682753226
8694,2.6655102715402976,2.6099666112811173,0.05554366025918034
8695,2.745934541864107,2.728906863199025,0.017027678665082036
8696,2.6928925812276314,2.6637405663316702,0.029152014895961198
8697,2.6545361869848088,2.646410228076779,0.008125958908029585
8698,2.6946655029400146,2.6609511875024556,0.033714315437558984
8699,2.6067851501485793,2.560569354567918,0.04621579558066147
8700,2.5655552993879778,2.5039360964374597,0.06161920295051804
8701,2.5578688637038947,2.507289419487842,0.05057944421605276
8702,2.6877332009075023,2.6446668898306633,0.043066311076839
8703,2.6808490410770576,2.654083112498592,0.02676592857846538
8704,2.857179855957832,2.8549313229086786,0.0022485330491535116
8705,2.782852498801751,2.777088092084863,0.005764406716888271
8706,2.6877273896090044,2.6546989165925003,0.03302847301650402
8707,2.5070991925338197,2.4357518109856633,0.07134738154815645
8708,2.570296088294511,2.506635792920566,0.06366029537394535
8709,2.647540680063165,2.590699899568709,0.056840780494455956
8710,2.7548949289962708,2.7369481196269385,0.01794680936933224
8711,2.746489612831283,2.7124304333197045,0.03405917951157855
8712,2.594255924070573,2.545691788196768,0.048564135873804926
8713,2.867344480916709,2.895728467755599,-0.028383986838889985
8714,2.622333734769032,2.575669821080998,0.04666391368803424
8715,2.5522930834840896,2.49570358179753,0.05658950168655963
8716,2.699397401846613,2.664520428563748,0.0348769732828651
8717,2.7574131975448446,2.727193290259663,0.030219907285181424
8718,2.685333023409043,2.6342908403800327,0.051042183029010424
8719,2.744695462622261,2.7221999099062355,0.022495552716025546
8720,2.7023552050610795,2.6901513915037105,0.012203813557368992
8721,2.88803223600386,2.9163976252542505,-0.02836538925039056
8722,2.5360070817704865,2.4835428566950446,0.052464225075441906
8723,2.768895561663285,2.7427674807824896,0.026128080880795324
8724,2.5382975683874163,2.470939086996047,0.06735848139136946
8725,2.758974880101768,2.7649480014212684,-0.00597312131950023
8726,2.6671279195910063,2.6362234651221406,0.030904454468865694
8727,2.5360094992089692,2.4658340266154846,0.07017547259348467
8728,2.6855762526786275,2.647379241984664,0.03819701069396375
8729,2.6734951162459817,2.6460855970668726,0.027409519179109054
8730,2.6478064194046036,2.5960372869141404,0.05176913249046322
8731,2.5740315999478,2.5074127991160875,0.06661880083171257
8732,2.645271221285113,2.59409569246141,0.05117552882370324
8733,2.7872102201839133,2.7853139606657886,0.0018962595181246655
8734,2.8129628891364313,2.795226452012025,0.0177364371244062
8735,2.629613405665603,2.5746024074841403,0.0550109981814626
8736,2.668565416100895,2.629616992850895,0.038948423250000364
8737,2.5532685055132154,2.491056633419664,0.06221187209355117
8738,2.816855059221792,2.8114364826281046,0.005418576593687163
8739,2.660469270341332,2.615607496823895,0.04486177351743681
8740,2.5951231938179284,2.548804945107756,0.046318248710172316
8741,2.633539012344428,2.5763243021739313,0.05721471017049673
8742,2.6263154561523505,2.5948296872924734,0.031485768859877084
8743,2.8194629493130434,2.798276539057874,0.02118641025516954
8744,2.7131276497536145,2.693262835513314,0.01986481424030062
8745,2.5715848286517797,2.51191393835098,0.05967089030079986
8746,2.7077823726177974,2.660283478776895,0.04749889384090222
8747,2.5740446813038096,2.528988530320205,0.04505615098360449
8748,2.7479273461095977,2.725493470596233,0.022433875513364843
8749,2.652384235987242,2.5957463138389105,0.0566379221483313
8750,2.636901539140115,2.6030752220599966,0.03382631708011852
8751,2.6684367222082264,2.623350861348242,0.04508586085998445
8752,2.792700818583039,2.788604489175584,0.00409632940745519
8753,2.5691443129376887,2.518113600775926,0.0510307121617628
8754,2.598004373195006,2.541301676142969,0.05670269705203701
8755,2.7040934081303583,2.674425989422358,0.02966741870800016
8756,2.786051832436001,2.7654174038425894,0.02063442859341169
8757,2.641109390989925,2.581136495045463,0.05997289594446187
8758,2.7091602632168827,2.688464401352131,0.02069586186475192
8759,2.9031916063899783,2.9205132753978273,-0.01732166900784904
8760,2.700193787130984,2.683236922939095,0.01695686419188913
8761,2.965747376969861,3.007088094491348,-0.04134071752148705
8762,2.7609921468686056,2.7435659631212843,0.0174261837473213
8763,2.720331015017226,2.702306270214839,0.018024744802386916
8764,2.672844403297202,2.641380656666471,0.03146374663073104
8765,2.6345457302598687,2.573735004066444,0.060810726193424536
8766,2.7889752876324767,2.7555061138586265,0.03346917377385017
8767,2.649627085814363,2.6152444059511057,0.03438267986325716
8768,2.7257066796732223,2.721268515172682,0.004438164500540243
8769,2.663755264188803,2.6327598333979076,0.030995430790895284
8770,2.6689890890104597,2.6228673335220205,0.04612175548843922
8771,2.821221807994364,2.824141606499999,-0.002919798505635285
8772,2.7705389413800545,2.7669769461124836,0.00356199526757095
8773,2.752738418890288,2.724848100948465,0.027890317941823284
8774,2.835546347920982,2.8339631121329156,0.001583235788066517
8775,2.7052510808741737,2.674295309171253,0.030955771702920742
8776,2.8035890837798507,2.817712835832385,-0.014123752052534133
8777,2.5565008772989573,2.4964171973407345,0.060083679958222724
8778,2.5454743357545917,2.4883693689303,0.05710496682429156
8779,2.6529616336496327,2.6107843453736796,0.04217728827595302
8780,2.6240778136040186,2.5780724977878315,0.04600531581618705
8781,2.6921921293578803,2.6602870424086418,0.03190508694923855
8782,2.5688918117688124,2.5165798658291516,0.05231194593966082
8783,2.5422397983786755,2.4867003643296854,0.05553943404899009
8784,2.818740624637367,2.823004521384863,-0.004263896747495721
8785,2.6498682881401754,2.610482752648115,0.03938553549206025
8786,2.540554750305703,2.481968814798305,0.0585859355073981
8787,2.5872580431264436,2.5501407204647757,0.037117322661667895
8788,2.7243362191620903,2.6962056520129654,0.028130567149124985
8789,2.585066102795019,2.540302863338393,0.04476323945662619
8790,2.7796170825552737,2.7649857377209215,0.014631344834352245
8791,2.690182244343719,2.6498829937595905,0.04029925058412864
8792,2.679125332206258,2.630382667262977,0.048742664943281167
8793,2.751499608882395,2.7643329506492993,-0.012833341766904205
8794,2.8580070740421717,2.844573910970279,0.013433163071892906
8795,2.837229320357948,2.843132595392528,-0.005903275034579991
8796,2.631085589698153,2.6018956296685136,0.029189960029639472
8797,2.7875973240843837,2.7578805786131086,0.029716745471275008
8798,2.835116242004192,2.8429545144914625,-0.007838272487270537
8799,2.4972184074717765,2.4335135168068893,0.06370489066488716
8800,2.725461967136996,2.703642388894514,0.02181957824248215
8801,2.7028970658276275,2.681715069999734,0.021181995827893374
8802,2.5706949646002926,2.5273682336974663,0.04332673090282624
8803,2.711350181532178,2.6783565863769097,0.03299359515526845
8804,2.5774409604316406,2.5284735120208235,0.04896744841081713
8805,2.729263586059282,2.7046446948407605,0.024618891218521455
8806,3.0119982288879865,3.023785401018347,-0.011787172130360624
8807,2.5638417549450137,2.502003589443144,0.061838165501869824
8808,2.698525164708705,2.6601006507090688,0.0384245139996362
8809,2.618967251398085,2.5804908612513344,0.03847639014675064
8810,2.8441450251629785,2.857917396941247,-0.01377237177826851
8811,3.029645524926059,3.0884434052938445,-0.05879788036778555
8812,2.7209227165303584,2.6908391098535667,0.030083606676791774
8813,2.9885114607573304,3.019782126795885,-0.03127066603855466
8814,2.662547041991297,2.6180395078019694,0.044507534189327735
8815,2.7703596073402483,2.7521001601630437,0.018259447177204624
8816,2.631213994719951,2.5820803551405014,0.04913363957944972
8817,2.628042493315846,2.583568596203881,0.044473897111965144
8818,2.702431023925431,2.65887555836113,0.04355546556430134
8819,2.979877694356592,2.9988190299072173,-0.018941335550625382
8820,2.667415047158244,2.6331037103465453,0.034311336811698734
8821,2.5566321841201605,2.4921849389794803,0.06444724514068012
8822,2.755958271286602,2.758523482677298,-0.002565211390695765
8823,2.7732602626054494,2.7679643954812736,0.005295867124175846
8824,2.765996354606751,2.7340398832428967,0.031956471363854266
8825,2.7514508731284337,2.7291972741774035,0.022253598951030185
8826,2.8498370283476615,2.873859408946249,-0.0240223805985873
8827,2.6735259449619706,2.647593185819487,0.025932759142483608
8828,2.5793630311889792,2.5256827733199234,0.053680257869055836
8829,3.004521585717498,3.045336164986671,-0.04081457926917276
8830,2.577252135400541,2.529051894507291,0.04820024089325026
8831,2.6939863887062985,2.6556225983631805,0.03836379034311799
8832,2.7147072130874825,2.6980094098689507,0.01669780321853187
8833,2.7971509921678024,2.7802964744610983,0.016854517706704097
8834,2.616768707048007,2.553940090587856,0.06282861646015059
8835,2.724947678357373,2.692110299069818,0.03283737928755537
8836,2.638389565838963,2.5912020277426624,0.047187538096300496
8837,2.6168001997406902,2.569705160750215,0.0470950389904754
8838,2.6241582979797675,2.5717469636890917,0.05241133429067579
8839,2.6789402932554767,2.628680841548358,0.050259451707118874
8840,2.766301680697158,2.743053567206399,0.02324811349075917
8841,2.5953104398265494,2.5456583002847832,0.04965213954176617
8842,2.5504228078205484,2.4842135320442544,0.06620927577629399
8843,2.79756905481567,2.77901330997686,0.01855574483880984
8844,2.6515523248660724,2.5975815671617575,0.05397075770431492
8845,2.931111289768201,2.970390393121402,-0.03927910335320117
8846,2.58978114901624,2.556380682601148,0.0334004664150922
8847,2.6073535338312306,2.560557358598563,0.04679617523266755
8848,2.7447908332245405,2.714709589210304,0.030081244014236397
8849,2.546093907176352,2.4824045439254023,0.06368936325094987
8850,2.5934899243853984,2.5419138760160704,0.05157604836932794
8851,2.729002174131155,2.6850517947880808,0.04395037934307444
8852,2.6357818560971267,2.588786600129157,0.04699525596796983
8853,2.5732467640654386,2.522859749490301,0.05038701457513772
8854,2.801584084267199,2.820563235877052,-0.018979151609852973
8855,2.7605617019322786,2.7404057248273164,0.020155977104962197
8856,2.850506052124288,2.844466720979325,0.006039331144963356
8857,2.5706739713341977,2.521174446742997,0.04949952459120066
8858,2.7113958282918222,2.693534519898616,0.017861308393206432
8859,2.808539337669241,2.787620629886191,0.02091870778304994
8860,2.7769639156465296,2.766020080584205,0.01094383506232477
8861,2.6776111738765045,2.6316952188782214,0.04591595499828305
8862,2.85660369944887,2.8474050383565155,0.009198661092354676
8863,2.613178192119279,2.566686352825679,0.04649183929360001
8864,2.577695286054099,2.5215017252158938,0.05619356083820515
8865,2.5369190398616417,2.473873048193403,0.06304599166823888
8866,2.955911084187027,2.98454381018944,-0.028632726002412845
8867,2.6295908164104955,2.582771329184593,0.046819487225902456
8868,3.2411064795999835,3.3643237808650523,-0.1232173012650688
8869,2.8058498366640694,2.8052039077991027,0.0006459288649667272
8870,2.619823326185065,2.5642274654122446,0.055595860772820416
8871,2.721470002335824,2.689431172853677,0.03203882948214698
8872,3.010658629206418,3.0395394304954433,-0.02888080128902537
8873,2.6851515295303487,2.6668898218702433,0.018261707660105486
8874,2.724045601183148,2.7064633215633247,0.017582279619823282
8875,2.7689234730617858,2.7450578785113313,0.02386559455045445
8876,2.7411004257221765,2.71957262215695,0.021527803565226655
8877,2.6523672768673663,2.601181318716507,0.051185958150859356
8878,2.5831862233237435,2.521271255153637,0.061914968170106555
8879,2.7349475590042855,2.7098446545070707,0.025102904497214862
8880,2.6991453083455195,2.6627615761695367,0.036383732175982786
8881,2.7780286369163147,2.7586252709587535,0.019403365957561203
8882,2.6317427635938144,2.5769650733198226,0.05477769027399182
8883,2.7435535733131196,2.7289607198030064,0.01459285351011319
8884,2.6305349490120564,2.599046725088274,0.03148822392378259
8885,2.6226446788937476,2.578748668315743,0.04389601057800485
8886,2.6024459688629666,2.5499612309627313,0.052484737900235334
8887,2.7454653020866338,2.7079201589115587,0.03754514317507507
8888,2.756398582973158,2.7355959649716577,0.020802618001500406
8889,2.8065299640729098,2.8068023348474314,-0.00027237077452157976
8890,2.9138548609830845,2.9420944403475717,-0.028239579364487177
8891,2.5832590705653335,2.514173743681062,0.06908532688427149
8892,2.6203849134959887,2.568941012392188,0.051443901103800815
8893,2.597106846846164,2.5426328051976825,0.054474041648481464
8894,2.794971531585228,2.79340514300637,0.0015663885788579357
8895,2.695656712187473,2.656012234295819,0.03964447789165426
8896,2.694506990946982,2.6722467276824164,0.022260263264565427
8897,2.674115971669706,2.6371647793605986,0.03695119230910748
8898,2.5204861644802583,2.452301671102324,0.06818449337793409
8899,2.7411524702574064,2.71237448442663,0.028777985830776398
8900,2.5591139816098103,2.496890437778377,0.06222354383143314
8901,2.688129367203937,2.6492273555380548,0.03890201166588225
8902,2.5804186426636644,2.5292110912792705,0.05120755138439392
8903,2.9396484194820434,2.9629525754517583,-0.023304155969714913
8904,2.579228229171281,2.52080305139344,0.058425177777841064
8905,2.5746223487074857,2.5205891079803524,0.054033240727133336
8906,2.8360256688372094,2.8186019997186516,0.01742366911855786
8907,2.600992137931989,2.5534801120014103,0.047512025930578794
8908,2.8895512999142854,2.897428351743731,-0.007877051829445758
8909,2.5545703699187654,2.491379162806251,0.06319120711251447
8910,2.653424792032858,2.619850575807594,0.03357421622526413
8911,2.593325810472374,2.5404109433914073,0.05291486708096693
8912,2.6485849520453573,2.5980439042391894,0.05054104780616786
8913,2.8153307779457326,2.7966976359209905,0.01863314202474209
8914,2.62320521092543,2.5644082035935094,0.058797007331920614
8915,2.723997945786199,2.6848006738710235,0.03919727191517541
8916,2.602522096699802,2.5688506718910857,0.03367142480871621
8917,2.68850778994171,2.6583865316672446,0.030121258274465212
8918,2.729559440738753,2.710951438821191,0.018608001917562067
8919,2.6873024716560927,2.6374483089346885,0.049854162721404194
8920,2.8359944887894772,2.819585883633705,0.01640860515577236
8921,2.74362069164977,2.7070570945532784,0.036563597096491485
8922,2.597814805964745,2.5548594371114537,0.0429553688532911
8923,2.557718935130642,2.493193069433253,0.06452586569738905
8924,2.7981987793186986,2.7643962969907006,0.033802482327998096
8925,2.781924566668865,2.7687194394983123,0.013205127170552444
8926,2.538851178144725,2.48526749973724,0.053583678407485014
8927,2.7112402225238026,2.6747908492198698,0.03644937330393283
8928,2.635512028454226,2.5863129127561515,0.04919911569807445
8929,2.7967762911048712,2.7944137124053734,0.0023625786994978526
8930,2.7502839916128603,2.7312423563228734,0.019041635289986925
8931,2.6047907826893995,2.5602357293646154,0.044555053324784044
8932,2.5837110286558254,2.522309256681133,0.06140177197469221
8933,2.6686783716305342,2.623150059886596,0.04552831174393823
8934,2.6502201385096305,2.6143861511555206,0.03583398735410981
8935,2.6810680514671805,2.66047274545872,0.02059530600846049
8936,2.714124591055157,2.6923239588628265,0.021800632192330305
8937,2.5248021417470627,2.4693413499104855,0.05546079183657726
8938,2.551414914161134,2.5004506565548845,0.050964257606249674
8939,2.7565922673880703,2.734499191115332,0.022093076272738266
8940,2.6403386734041923,2.5959749192667227,0.04436375413746951
8941,2.623228804135814,2.5633705489122383,0.059858255223575796
8942,2.7509528392490057,2.7185922226941424,0.03236061655486333
8943,2.7023426194881797,2.6725844128208447,0.029758206667334974
8944,2.596591787476885,2.5392095303973075,0.05738225707957767
8945,2.81513601001356,2.7989452590289625,0.016190750984597546
8946,2.6089417572016393,2.5681918700456583,0.040749887155981046
8947,2.6100280492165706,2.5649698894104676,0.04505815980610306
8948,2.689629200963872,2.6442654147036175,0.04536378626025428
8949,2.652939501601726,2.6179376722530976,0.03500182934862828
8950,2.6399168268771125,2.609590569746476,0.030326257130636414
8951,2.740132348700531,2.7045157713602777,0.035616577340253475
8952,2.720732700952501,2.697184460862382,0.0235482400901188
8953,2.635726059978593,2.592740757512687,0.04298530246590637
8954,2.7176342914812213,2.6749169930369296,0.04271729844429162
8955,2.5876590009845546,2.523725239257532,0.06393376172702281
8956,2.7512055347387077,2.720730901348363,0.030474633390344508
8957,2.6556070297689627,2.625679090727425,0.029927939041537677
8958,2.679895661268941,2.659667357219004,0.02022830404993714
8959,2.6774579181102163,2.6488998431960966,0.028558074914119658
8960,2.7357145729159886,2.7037026042128933,0.032011968703095306
8961,2.752004910104,2.7322679640714025,0.01973694603259757
8962,2.766979955835114,2.7433903080778634,0.023589647757250365
8963,2.731793268743567,2.693343080658885,0.038450188084682146
8964,2.748778902231869,2.7333296225512327,0.015449279680636252
8965,2.6052788132357305,2.5656302606728083,0.03964855256292221
8966,2.633783332582944,2.5824313599564457,0.05135197262649838
8967,2.7846810990703164,2.75404023665933,0.03064086241098618
8968,2.8210367388602027,2.8219350159673584,-0.0008982771071557316
8969,3.008715364081684,3.046448152617405,-0.03773278853572126
8970,2.594825371576743,2.53288521057764,0.06194016099910282
8971,2.6400375673740903,2.5881282994319585,0.0519092679421318
8972,2.678952133424321,2.6534089145329793,0.025543218891341812
8973,2.661705618079326,2.6274791575611567,0.034226460518169244
8974,2.5874702807229983,2.524321083218426,0.06314919750457237
8975,2.8121303471088064,2.8097874462921966,0.0023429008166098164
8976,2.5774477338291057,2.5208492048738282,0.056598528955277505
8977,2.8386910210090934,2.8257647300592295,0.012926290949863972
8978,2.7889366180308435,2.7848529904145636,0.004083627616279895
8979,2.5332379922679658,2.4672451844346917,0.0659928078332741
8980,2.758590038070589,2.7175298470673024,0.041060191003286395
8981,2.60674294779815,2.568236752549871,0.03850619524827881
8982,2.6068055175085374,2.5496008696184824,0.05720464789005497
8983,2.737906742936677,2.7315953444595067,0.006311398477170105
8984,2.7098863237088637,2.6846575319429915,0.025228791765872227
8985,2.6266319290513525,2.589733382796304,0.036898546255048625
8986,2.916543838360551,2.936139746983541,-0.019595908622989988
8987,2.765089020610348,2.742712357576512,0.022376663033835786
8988,2.5264297994588802,2.47290758733907,0.05352221211981023
8989,2.881962028311392,2.920361199761722,-0.038399171450330005
8990,2.5985913420218445,2.5424761347053275,0.05611520731651698
8991,2.7294185008182716,2.6865902926733076,0.04282820814496402
8992,2.9872195050851387,3.0181533161536134,-0.030933811068474704
8993,2.80524480639753,2.7874850409941643,0.01775976540336588
8994,2.7380050286959743,2.715366069858527,0.022638958837447376
8995,2.6604070451136046,2.620646758091015,0.03976028702258949
8996,2.5389487294488213,2.468575886851434,0.0703728425973873
8997,2.827731685134932,2.814046559753145,0.0136851253817869
8998,2.595893596881235,2.5506415647221194,0.04525203215911544
8999,2.650497729776596,2.612349393815566,0.03814833596103018
9000,2.5945366649748403,2.56229429477231,0.03224237020253007
9001,2.6036821952024813,2.5410471431153265,0.06263505208715481
9002,2.5815707668713403,2.527702951025114,0.05386781584622646
9003,2.666513571051332,2.619138273039493,0.04737529801183893
9004,2.688379052693854,2.651532859262445,0.036846193431408825
9005,2.5214542113359593,2.4723885819956335,0.04906562934032577
9006,2.613814433409185,2.5554203854716477,0.05839404793753733
9007,2.6305510389693163,2.5830440956578795,0.04750694331143679
9008,2.718662495404196,2.6951044877594383,0.023558007644757684
9009,2.8279061770678644,2.845521391275824,-0.01761521420795953
9010,2.9072812660099725,2.911368262499526,-0.004086996489553574
9011,2.6486050287537095,2.605676987821848,0.04292804093186131
9012,2.8086755373799654,2.7991367157903198,0.009538821589645696
9013,2.637764197033993,2.58416074479448,0.053603452239512794
9014,2.664194581155344,2.646287600259289,0.017906980896055025
9015,2.905244538856369,2.935872508375054,-0.03062796951868485
9016,2.9068828364333386,2.9158492834926375,-0.008966447059298943
9017,2.730717001719714,2.7106907688748674,0.020026232844846614
9018,2.726878097004134,2.7146990589074433,0.012179038096690853
9019,2.7121568001832865,2.676693693880863,0.03546310630242333
9020,2.676798513969741,2.6519380279424,0.024860486027340922
9021,2.8416740278819046,2.863470705568861,-0.021796677686956478
9022,2.7725910071196065,2.735772875437611,0.036818131681995325
9023,2.5782883720948515,2.5130027816192473,0.06528559047560423
9024,2.826411014427477,2.807882905556581,0.018528108870896176
9025,2.578200770374872,2.5228449458249718,0.0553558245499004
9026,2.685662152583255,2.6436519391437585,0.042010213439496624
9027,2.7028342501516445,2.686243420858633,0.016590829293011478
9028,2.4794702803835507,2.416468836241698,0.06300144414185249
9029,2.6858254893264575,2.675219528206774,0.010605961119683371
9030,2.6074342806105304,2.563044987381097,0.04438929322943341
9031,2.635380569067843,2.576717575218177,0.05866299384966611
9032,2.841318281804689,2.838364530797714,0.002953751006975036
9033,2.6769455736457144,2.6454985282857235,0.03144704535999088
9034,2.6354080941313867,2.596265014024209,0.039143080107177486
9035,2.7538754146932862,2.7300177909678327,0.023857623725453525
9036,2.6840398936131478,2.6335599999768924,0.05047989363625538
9037,2.7881403978006487,2.768893115603783,0.01924728219686589
9038,2.9719282106567055,3.017633972161357,-0.045705761504651665
9039,2.8262407848514526,2.820740814818168,0.005499970033284729
9040,3.2001742330092506,3.3240423031101174,-0.12386807010086676
9041,2.715193590022279,2.697970205750528,0.017223384271750852
9042,2.6609885174366656,2.612394603717199,0.04859391371946664
9043,2.6526398287304445,2.614881311743629,0.037758516986815316
9044,2.681649716364831,2.6642803378297915,0.017369378535039726
9045,2.641332316827421,2.5908839842693383,0.050448332558082676
9046,2.6169618081804042,2.5683706843969616,0.04859112378344266
9047,2.6631977512019547,2.6160382935552056,0.047159457646749114
9048,2.5671708828904922,2.49837897962188,0.0687919032686124
9049,2.6546774823923425,2.604296004459687,0.05038147793265546
9050,2.834276462286745,2.8420160217696666,-0.00773955948292171
9051,2.758861227750598,2.7293711969156105,0.02949003083498747
9052,2.6690575130901415,2.62129085142337,0.04776666166677135
9053,2.6532211623948347,2.607260015244089,0.04596114715074595
9054,2.7050567964822783,2.664944377056923,0.04011241942535504
9055,2.5678806500259546,2.5001605880772586,0.06772006194869595
9056,2.6024768203863187,2.5683403786782955,0.03413644170802321
9057,2.6510225691404825,2.596704442045755,0.0543181270947275
9058,2.7073504794272822,2.679119874686192,0.028230604741090293
9059,2.5836165273030827,2.541278550979179,0.04233797632390379
9060,2.7410290991268265,2.7150280542570027,0.026001044869823797
9061,2.8027273209273247,2.811352083043018,-0.008624762115693407
9062,2.9069332819601175,2.914948806280508,-0.008015524320390544
9063,2.5185125140850895,2.445575724300474,0.07293678978461537
9064,3.067707552591537,3.1133096054773173,-0.04560205288578034
9065,2.755427533632467,2.7238890639226367,0.03153846970983043
9066,2.703667037875211,2.676452993480394,0.027214044394817005
9067,2.872958869857274,2.886531109642295,-0.01357223978502109
9068,2.7289809111843417,2.7233001250376763,0.005680786146665451
9069,2.666779800666666,2.625227911758772,0.041551888907894075
9070,2.6484334417581312,2.620141187669102,0.028292254089029356
9071,2.5473697795299084,2.481012936374386,0.0663568431555226
9072,2.6748792611465526,2.6393149529199884,0.0355643082265642
9073,2.6267401601478237,2.5782332920790414,0.04850686806878235
9074,2.7088227200012276,2.670217610236044,0.03860510976518361
9075,2.705752853098807,2.659714748718507,0.046038104380300204
9076,2.635269357393075,2.6026646140627934,0.03260474333028185
9077,2.630829988625917,2.5955637040671804,0.035266284558736594
9078,2.7014139451679298,2.6577620329544605,0.04365191221346931
9079,2.7129620781419415,2.694506742748819,0.018455335393122496
9080,2.6232115558150855,2.5636894643672856,0.05952209144779985
9081,2.6162683477748447,2.570916398570206,0.045351949204638586
9082,2.6123341338214683,2.5622740771265686,0.05006005669489966
9083,2.9123683283478483,2.95282396788675,-0.04045563953890152
9084,2.6028022457933027,2.563915670112929,0.03888657568037379
9085,2.6106721804635686,2.5568789021325102,0.0537932783310584
9086,2.5727372891950875,2.5273418871253983,0.04539540206968917
9087,2.7392614228566328,2.740764390594106,-0.0015029677374731598
9088,2.7806669727873468,2.78133478953506,-0.0006678167477134345
9089,2.6399755886129395,2.588286463486107,0.05168912512683255
9090,2.602483752350496,2.5408386679792527,0.061645084371243275
9091,2.7590832274042496,2.7336892619373634,0.025393965466886215
9092,2.4972037125051263,2.4352204771974004,0.06198323530772587
9093,2.6769136627372268,2.658794582819698,0.01811907991752859
9094,2.7396611924958414,2.7192110676901033,0.020450124805738046
9095,2.730344901932091,2.695867954331336,0.034476947600754926
9096,2.7404607699702543,2.7439161944116344,-0.0034554244413800284
9097,2.754999735662395,2.7293932332984903,0.025606502363904937
9098,2.7115790245419293,2.6740165788658157,0.037562445676113665
9099,2.79438181857536,2.7687434807164424,0.02563833785891756
9100,2.853685204312303,2.8540792931218193,-0.00039408880951619096
9101,2.608099535996008,2.569056913862579,0.03904262213342902
9102,2.5731113344406413,2.5278929928797447,0.04521834156089666
9103,2.7326356898442064,2.6939901827857633,0.03864550705844305
9104,2.8989414661135666,2.8901413746424787,0.008800091471087956
9105,2.69058977240452,2.663029403750411,0.027560368654108824
9106,2.9435692368483055,2.978507604451496,-0.03493836760319047
9107,2.675874059571998,2.62597892051159,0.04989513906040788
9108,2.605139290060409,2.556281103143059,0.04885818691735011
9109,2.505424977636993,2.4557443669140615,0.049680610722931284
9110,2.7520672173064034,2.723696918890964,0.028370298415439255
9111,2.590380217403098,2.5387535464987687,0.05162667090432915
9112,2.644205950083729,2.603503178711097,0.04070277137263201
9113,2.6234071083749724,2.564138333567216,0.0592687748077565
9114,2.8220001791456055,2.847203712891272,-0.02520353374566664
9115,2.6367331754769667,2.592083214638341,0.04464996083862571
9116,2.779458779606599,2.743310508742768,0.03614827086383077
9117,2.7705646913867628,2.768743658355052,0.0018210330317107726
9118,2.860940151897103,2.8476674841532823,0.013272667743820854
9119,2.7265147854477836,2.6932392093942368,0.03327557605354681
9120,2.8233448165163875,2.8168936007422496,0.006451215774137875
9121,2.6224365479439844,2.5842646840456087,0.03817186389837568
9122,2.5115395364877102,2.4503486790521722,0.06119085743553798
9123,2.7528968662426663,2.7382138833762517,0.014682982866414562
9124,2.683182288511676,2.640946882531351,0.042235405980324714
9125,2.615083336480237,2.5502797279663,0.06480360851393696
9126,2.6068837428003127,2.56889994980304,0.037983792997272836
9127,2.61274577736426,2.5756260326261438,0.03711974473811619
9128,2.511466039441331,2.4659972464709656,0.045468792970365435
9129,2.5865277778009563,2.521159076619065,0.06536870118189153
9130,2.7351998204628982,2.7167173697035323,0.018482450759365943
9131,2.7223984026671566,2.6868730903084095,0.03552531235874712
9132,2.7180786923700833,2.681293222073322,0.03678547029676116
9133,2.599943839699901,2.55086510249429,0.049078737205610956
9134,2.590875923430001,2.568510905040289,0.022365018389712166
9135,2.706811395402973,2.670407052367887,0.03640434303508622
9136,2.6751232246929,2.639579957222931,0.03554326746996894
9137,2.8069616360264926,2.787798441909764,0.019163194116728732
9138,2.6777983955449427,2.663462653371041,0.014335742173901878
9139,2.6813605854494904,2.655524053998562,0.025836531450928568
9140,2.6909194843751245,2.677776579947689,0.013142904427435376
9141,2.667145556650745,2.632716373726631,0.03442918292411434
9142,2.689999248328803,2.6544863123161053,0.03551293601269778
9143,2.6547880474579957,2.6328948723452643,0.021893175112731367
9144,2.988147298035416,3.0158118640740947,-0.02766456603867873
9145,2.800988562907152,2.8020308906950278,-0.0010423277878759407
9146,2.729795706965787,2.706788102517169,0.023007604448618046
9147,2.6548055547905807,2.641974818074814,0.012830736715766733
9148,2.6551503235714256,2.607758782892522,0.04739154067890361
9149,2.867110392543148,2.842517607600104,0.024592784943044066
9150,2.62661196958431,2.5845840640313993,0.042027905552910916
9151,2.7004643508046717,2.651422973933273,0.04904137687139887
9152,2.7717383654976255,2.7468608555599574,0.02487750993766813
9153,2.6644894984714176,2.6356587155568088,0.028830782914608832
9154,2.7242318910000582,2.6820117847642058,0.042220106235852484
9155,2.671985533454908,2.657343476710613,0.014642056744294862
9156,2.6210872420489983,2.5869954651700016,0.03409177687899678
9157,2.775627969030854,2.74856309005352,0.027064878977333784
9158,2.628313744627134,2.59370249765511,0.03461124697202411
9159,2.5930886654243834,2.532716941726005,0.06037172369837851
9160,2.5342138517407014,2.4879311208464063,0.04628273089429502
9161,2.706294762640986,2.663409634116359,0.042885128524627
9162,2.5767370434605943,2.5246062455815443,0.05213079787904995
9163,2.5747762683522954,2.5159951888217122,0.0587810795305832
9164,2.782853802067605,2.7636048947269,0.019248907340704946
9165,2.7278136927750296,2.7053894289255593,0.022424263849470272
9166,2.589599119692201,2.5316155743591144,0.05798354533308636
9167,2.621488973455166,2.5903079184347426,0.031181055020423454
9168,2.5916554742136775,2.535772232169145,0.055883242044532544
9169,2.548543107871909,2.478932624041835,0.06961048383007418
9170,2.6349797327352604,2.5798918938815487,0.05508783885371171
9171,2.592463719977412,2.5537054727993773,0.038758247178034555
9172,2.6596696164880407,2.614067914441506,0.04560170204653469
9173,2.6895820459628226,2.6671068964752904,0.022475149487532153
9174,2.5528901347723822,2.501670358946905,0.05121977582547732
9175,2.889119926453505,2.915393072863466,-0.026273146409960813
9176,2.671544903960493,2.65072659705504,0.020818306905452832
9177,2.673447621943323,2.6267170726534532,0.04673054928986975
9178,2.7219198456941918,2.6997405882956027,0.02217925739858906
9179,2.67838510084266,2.6702214072929453,0.00816369354971469
9180,2.8140455839139804,2.8213856301401257,-0.007340046226145258
9181,2.649654401394128,2.594251992359479,0.055402409034649214
9182,2.5622203516954816,2.500629285401178,0.061591066294303776
9183,2.629558198568398,2.57685397808752,0.05270422048087786
9184,2.6696276443134317,2.6348172708134037,0.034810373500028025
9185,2.7918637949850447,2.803535522787019,-0.011671727801974452
9186,2.7778347978917255,2.745947580139385,0.03188721775234038
9187,3.03848668825465,3.0810681296572615,-0.04258144140261155
9188,2.801371718558731,2.802391268046767,-0.0010195494880362865
9189,2.696128443514738,2.6887160636838208,0.007412379830917359
9190,2.555831552395183,2.49545887420182,0.060372678193362894
9191,2.4684558907880696,2.4039728955849506,0.06448299520311895
9192,2.6391833186072553,2.585390052608598,0.05379326599865708
9193,2.6983843942014833,2.663691865224475,0.03469252897700814
9194,2.6131845747612954,2.564507735000071,0.0486768397612245
9195,2.6847086893632683,2.6437252690753583,0.04098342028791002
9196,2.6008493486072832,2.547127781695094,0.0537215669121891
9197,2.767014593018369,2.74075245166425,0.026262141354119084
9198,2.5652445454618533,2.5028684372883028,0.06237610817355055
9199,2.5378283188425383,2.48009650460557,0.05773181423696849
9200,2.737835684701984,2.7240738087507235,0.01376187595126055
9201,2.565715962086221,2.498766997428812,0.06694896465740907
9202,2.8030774936562897,2.7939364029611906,0.009141090695099052
9203,2.627148312737988,2.5792633516147405,0.04788496112324747
9204,2.7949076026609814,2.772066180111002,0.022841422549979562
9205,2.978074782723557,3.034651605479878,-0.05657682275632103
9206,2.732292445947237,2.712982277118974,0.019310168828262864
9207,2.681527664285379,2.6501110153055976,0.03141664897978158
9208,2.8137995034179992,2.819928034497693,-0.006128531079693911
9209,2.6122373248621624,2.5642740254937526,0.04796329936840982
9210,2.6495048622883353,2.612599284177781,0.03690557811055406
9211,2.6339266628206355,2.5814018310968696,0.052524831723765875
9212,2.9381341129885334,2.9785248778919247,-0.04039076490339122
9213,2.770892156467685,2.754792249999693,0.016099906467991865
9214,2.928524188474404,2.960977318157442,-0.03245312968303793
9215,2.7565886393598826,2.722305125412536,0.034283513947346744
9216,2.7642050016064936,2.770306704959216,-0.006101703352722421
9217,2.535284685505166,2.486922562736927,0.0483621227682387
9218,2.728961392425148,2.6969427316801453,0.03201866074500259
9219,2.711572845738525,2.6797930360280335,0.031779809710491325
9220,2.79597567845191,2.7916864626302353,0.004289215821674741
9221,2.6590853765424396,2.608570117939495,0.0505152586029447
9222,2.638965766712421,2.5840250630789137,0.054940703633507226
9223,2.8151600431458887,2.7942293833247045,0.02093065982118425
9224,2.5548990836386194,2.4878873726006123,0.06701171103800707
9225,2.6114830646023015,2.5588931967681137,0.05258986783418784
9226,2.6979219141621686,2.653483964554238,0.04443794960793079
9227,2.5685591588178536,2.5113530936709325,0.05720606514692106
9228,2.7054855086726146,2.6750445074298645,0.030441001242750065
9229,2.7073050348095693,2.6769458598841696,0.030359174925399746
9230,2.583951177437266,2.524903728180529,0.05904744925673722
9231,2.7138709307944087,2.709018857183395,0.004852073611013807
9232,2.6677566849893632,2.618389709991844,0.049366974997519186
9233,2.6567593277097883,2.6009880182438216,0.055771309465966645
9234,2.638864913585061,2.5909618461804067,0.04790306740465411
9235,2.6377450346301594,2.5998122797751058,0.03793275485505365
9236,2.5416151538504668,2.4864990878666737,0.05511606598379304
9237,2.583497852856752,2.5196830124385303,0.0638148404182215
9238,2.793063592192832,2.763241625327115,0.029821966865717364
9239,2.6827545698438104,2.633714076465473,0.04904049337833749
9240,2.795777050508754,2.7786395191689963,0.017137531339757484
9241,2.619398030621809,2.5683336448776783,0.051064385744130636
9242,2.722872892476992,2.716791125473616,0.006081767003375926
9243,2.688704241109878,2.6531012600512103,0.03560298105866755
9244,2.64343050780767,2.5855250862866757,0.05790542152099443
9245,2.690741585432889,2.65756423133851,0.03317735409437894
9246,2.5801457550196045,2.520249296361317,0.05989645865828752
9247,2.814266472848012,2.8234110255404725,-0.009144552692460728
9248,2.6065898128213703,2.5689775836133575,0.03761222920801277
9249,2.6848998589275124,2.653839651444241,0.03106020748327154
9250,2.7503436312579,2.709903149829902,0.040440481427998165
9251,2.653129102743079,2.6123179268552263,0.040811175887852436
9252,2.6494262477977064,2.6303834335678804,0.01904281422982601
9253,2.538621375562246,2.4716868039374993,0.06693457162474692
9254,2.5732619854767504,2.5270190467840585,0.046242938692691915
9255,2.7058020901932625,2.6605619042105273,0.04524018598273516
9256,2.5960284658800923,2.5517512140151735,0.04427725186491882
9257,3.0815428362601724,3.1457460014795666,-0.06420316521939418
9258,2.731402361799041,2.7275558901238486,0.0038464716751924755
9259,2.6904839505373093,2.634186813933306,0.056297136604003484
9260,2.7493764426280376,2.7533463984567175,-0.003969955828679872
9261,2.6991053645620466,2.653113930743539,0.04599143381850768
9262,2.6618325407479655,2.628326528277961,0.03350601247000462
9263,2.7814339373369883,2.7526619597280595,0.0287719776089288
9264,2.6511708665060634,2.598078400026613,0.05309246647945054
9265,2.6145010345407305,2.5649677095858556,0.049533324954874836
9266,2.620036420119446,2.588658777293308,0.031377642826138086
9267,2.8473743197202013,2.8261477684363583,0.021226551283842987
9268,2.601946668387164,2.5383374138004706,0.06360925458669353
9269,2.5882775436651233,2.533902107644922,0.05437543602020112
9270,2.7807298208551594,2.7547832778993766,0.025946542955782803
9271,2.699800017608701,2.6723024698348494,0.027497547773851494
9272,2.6498651370927555,2.6128531925252507,0.037011944567504784
9273,2.7861378857252603,2.767620301186978,0.01851758453828234
9274,2.586391134258697,2.5196111001443686,0.06678003411432831
9275,2.7264814153028136,2.7020080102425132,0.02447340506030038
9276,2.6300799526825505,2.5888079044933616,0.04127204818918884
9277,2.660247977829156,2.6230258055129583,0.03722217231619762
9278,2.690120665629778,2.6697258187488346,0.020394846880943174
9279,2.621480959762232,2.5700178536240883,0.051463106138143644
9280,2.6475426017416153,2.5896240342254413,0.05791856751617397
9281,2.747138014882142,2.7483941235485787,-0.0012561086664368837
9282,2.5845420568196587,2.526533251499698,0.058008805319960555
9283,2.5905443669478707,2.529427270109027,0.06111709683884392
9284,2.6531114894956556,2.6002758371422723,0.05283565235338328
9285,2.6755924582681105,2.6253586215030777,0.05023383676503279
9286,2.6728007669488094,2.6365614834410125,0.03623928350779693
9287,2.5397323394630362,2.4692413111231155,0.07049102833992071
9288,2.6483874211749137,2.6220839520598243,0.026303469115089406
9289,2.7524329148757967,2.733563695944566,0.018869218931230503
9290,2.677052276571117,2.647913243203013,0.029139033368104084
9291,2.836534908462213,2.79755996699803,0.03897494146418312
9292,2.671521566660158,2.6393657489195874,0.03215581774057075
9293,2.5787298107895493,2.5225953541626565,0.05613445662689287
9294,2.7072775852756306,2.6737193378782793,0.03355824739735125
9295,2.6225744723731164,2.570794248674808,0.05178022369830826
9296,2.7598765252433264,2.747364657932481,0.012511867310845304
9297,2.5839500721720463,2.5333913857032906,0.05055868646875572
9298,2.83260192708803,2.8317880467075254,0.0008138803805044503
9299,2.640715031861259,2.6105070972968196,0.030207934564439487
9300,2.7158492276866952,2.669926875973904,0.045922351712791354
9301,2.69670923708047,2.6681174653073985,0.028591771773071706
9302,2.5084525704457006,2.4641274378632043,0.04432513258249626
9303,2.55241549424101,2.498135097143684,0.054280397097326016
9304,2.636202618699091,2.5845352442339538,0.05166737446513725
9305,2.7530200526189663,2.7400955824947237,0.012924470124242582
9306,2.6661444888830292,2.6365687165518734,0.029575772331155825
9307,2.6348073784179653,2.6076633921302608,0.027143986287704536
9308,2.6263744570424703,2.578869120816135,0.04750533622633535
9309,2.7398972744341292,2.7037157670424605,0.0361815073916687
9310,2.6263395299208354,2.571945712018762,0.054393817902073316
9311,2.5500383110133833,2.4792599099486545,0.07077840106472877
9312,2.670613403897993,2.6251184268042103,0.04549497709378292
9313,2.768413513559827,2.7641737613650066,0.004239752194820312
9314,2.72646384793699,2.685182403892474,0.04128144404451595
9315,2.5372550960067133,2.479715620103608,0.05753947590310515
9316,2.5849148799868287,2.5430755552743105,0.04183932471251817
9317,2.7148298842131497,2.6825543349819005,0.0322755492312492
9318,2.74592292694247,2.7158729972776303,0.03004992966483977
9319,2.557741486727168,2.5062321478234204,0.05150933890374754
9320,2.633297150178576,2.5754424343700926,0.05785471580848345
9321,2.5691350121814196,2.5072210586258774,0.06191395355554219
9322,2.8034460679003708,2.809452538967855,-0.006006471067484309
9323,2.677403731604804,2.6439513151826675,0.033452416422136366
9324,2.7003854248832804,2.678877694739611,0.021507730143669246
9325,2.5344383488814204,2.475247539749835,0.059190809131585365
9326,2.8106545434306263,2.795871076279152,0.014783467151474383
9327,2.779278359290156,2.769159546006741,0.010118813283415129
9328,2.963157357407747,2.9921482714229035,-0.0289909140151563
9329,2.6330241415216378,2.5944180779715755,0.03860606355006224
9330,2.91517927768414,2.9120411525949796,0.0031381250891602264
9331,2.8136872945872256,2.781106999349708,0.032580295237517376
9332,2.6734445557807502,2.635634475459705,0.03781008032104527
9333,2.6866749445186913,2.648991091366783,0.03768385315190814
9334,2.7540958825456863,2.7541476541045475,-5.177155886126883e-05
9335,2.6980703347164443,2.653386822177789,0.0446835125386551
9336,2.5681704561518597,2.5057113432322127,0.06245911291964701
9337,2.719357582357319,2.6795094448541237,0.03984813750319516
9338,2.751847023978012,2.7165763617960774,0.03527066218193475
9339,2.5789894200496426,2.524998633914714,0.05399078613492847
9340,2.834271405225658,2.8192718876088163,0.014999517616841818
9341,2.7461109570358198,2.7330469666964325,0.01306399033938721
9342,2.6347100256050084,2.5844361974409265,0.05027382816408199
9343,2.7425078363176167,2.7055373720796076,0.03697046423800909
9344,2.7813732141749914,2.78878567196965,-0.0074124577946586
9345,2.555526939395581,2.505838936880803,0.049688002514777896
9346,2.616183457574707,2.580572086761136,0.0356113708135708
9347,2.595620595620631,2.5398253140073868,0.055795281613244097
9348,2.731286066988948,2.705859733217432,0.025426333771516152
9349,2.7639811859377184,2.7405371800034146,0.023444005934303735
9350,2.5604305452459992,2.494924940856047,0.06550560438995223
9351,2.67165098800473,2.676153058194913,-0.004502070190183005
9352,2.653130393559444,2.629662914156142,0.02346747940330207
9353,2.7285581744591,2.714634950370171,0.013923224088928876
9354,2.565659848754739,2.5171219244589333,0.04853792429580572
9355,2.6287304092835857,2.581812457191791,0.046917952091794835
9356,2.5725733230709618,2.5205553993567893,0.052017923714172465
9357,2.7829613457805884,2.7725005220575163,0.01046082372307211
9358,2.6543215159719145,2.604786549783755,0.04953496618815967
9359,2.819899368038367,2.805981172779379,0.013918195258987964
9360,2.6493332649270838,2.614750512627968,0.03458275229911578
9361,2.62789670541987,2.574456239167446,0.053440466252423935
9362,2.7134943080158735,2.6787330414199304,0.03476126659594314
9363,2.708967805586431,2.6624990856555293,0.046468719930901514
9364,2.5080338239917843,2.4341174881093632,0.07391633588242108
9365,2.637449840392222,2.5890557908756504,0.04839404951657178
9366,2.830921309748052,2.8341140626887924,-0.0031927529407402844
9367,2.577690039625843,2.525214061331619,0.052475978294224124
9368,2.725804579783301,2.6918839217867103,0.03392065799659072
9369,2.6473362739924577,2.600072454505401,0.047263819487056935
9370,2.774112557501771,2.7654137936741874,0.008698763827583722
9371,2.6286522324109867,2.5762052837963365,0.05244694861465016
9372,2.6860873780883927,2.6392145102604605,0.04687286782793221
9373,2.545281672264724,2.4880675972523547,0.0572140750123693
9374,2.603212225689692,2.5453929423668247,0.05781928332286723
9375,2.6510672618021025,2.6224626414741423,0.028604620327960184
9376,2.6094856856771123,2.5815911297132246,0.02789455596388768
9377,2.675364108809178,2.638930036323139,0.03643407248603925
9378,2.6403103737218476,2.611070111579265,0.029240262142582463
9379,2.685500643316482,2.63074496183739,0.05475568147909193
9380,2.7309127055380804,2.695090656526768,0.03582204901131236
9381,2.676723288546117,2.616328805033307,0.06039448351281029
9382,2.6057384159242414,2.5601312933957994,0.04560712252844201
9383,2.721574396282482,2.698453446327516,0.02312094995496583
9384,2.7780110628385697,2.7739161332897333,0.00409492954883639
9385,2.7535946641695492,2.7193349327413108,0.03425973142823846
9386,2.6350161007641346,2.5996977589047146,0.035318341859420066
9387,2.5899296029814804,2.519199602790664,0.07073000019081643
9388,2.584740456875977,2.512358211936523,0.07238224493945422
9389,2.669691703024382,2.625836665879659,0.04385503714472305
9390,2.580060801024072,2.5218728077377057,0.05818799328636626
9391,2.888158356193969,2.891972979490998,-0.003814623297028863
9392,2.7027118738432927,2.6629759735484444,0.0397359002948483
9393,2.89271471167608,2.921314013089666,-0.02859930141358591
9394,2.6762768880088257,2.6162993581775957,0.05997752983122995
9395,2.8029488339647357,2.772806040453284,0.03014279351145177
9396,2.6124163680557007,2.550314110222448,0.06210225783325285
9397,2.691762259025658,2.6438129110665907,0.04794934795906736
9398,2.5755202328888527,2.514602251776491,0.06091798111236146
9399,2.5587360017798235,2.4952946824107567,0.06344131936906683
9400,2.5710111850538557,2.507323651711316,0.06368753334253974
9401,2.6365110856233223,2.590133390165671,0.046377695457651136
9402,2.9152036418900904,2.9496803233021183,-0.034476681412027865
9403,2.741084644902803,2.7013764683788835,0.03970817652391956
9404,2.680246953991869,2.633682073797033,0.04656488019483618
9405,2.709354239574764,2.6762389780657787,0.03311526150898514
9406,2.780540573825911,2.7578021150584604,0.02273845876745062
9407,2.9551775581094537,2.968103711994011,-0.012926153884557312
9408,2.5993824190303103,2.534035085081095,0.06534733394921544
9409,2.5689109589438885,2.515701902978553,0.05320905596533576
9410,2.6372706103745163,2.592056213652252,0.04521439672226446
9411,2.758573558788508,2.7237317543549504,0.034841804433557666
9412,2.5492103462791342,2.5033390237336692,0.045871322545465
9413,2.666181249392855,2.608792223589799,0.05738902580305627
9414,2.6311258598070966,2.596658961031818,0.034466898775278754
9415,2.63813524527734,2.60111057937225,0.037024665905089904
9416,2.737011454794028,2.716905027412511,0.020106427381517022
9417,2.6436221702174127,2.601354219768957,0.04226795044845577
9418,2.8223692884143934,2.812189307014501,0.010179981399892402
9419,2.652047727513578,2.589075723228308,0.06297200428526972
9420,2.727482832034446,2.6850473157151344,0.04243551631931153
9421,2.597800585856,2.5373302333359913,0.06047035252000876
9422,2.5900162634800146,2.5306389765676967,0.05937728691231792
9423,2.6782062534143383,2.6479384455495465,0.030267807864791774
9424,2.5888984782236877,2.524340832512477,0.06455764571121048
9425,2.5944167224365655,2.536106697681668,0.05831002475489733
9426,2.55939308486025,2.5248168870582846,0.034576197801965414
9427,2.6778833754714144,2.67798909979159,-0.00010572432017541544
9428,2.6196947458748414,2.5691804809231793,0.05051426495166211
9429,2.7139541370630145,2.7098556660794952,0.004098470983519231
9430,2.816529197811078,2.8163355522798588,0.00019364553121903327
9431,2.5971490567823428,2.527508559406681,0.06964049737566169
9432,2.6270773098676807,2.5858306618841325,0.04124664798354827
9433,2.569893697737895,2.515469936320833,0.05442376141706218
9434,2.5948970115331846,2.551815963562678,0.0430810479705066
9435,2.6362700063009594,2.5780786400543603,0.05819136624659915
9436,2.6304477415765444,2.6024132208339474,0.028034520742596936
9437,2.656805728168055,2.60839513747405,0.048410590694004885
9438,2.722648895237833,2.702358758679501,0.02029013655833234
9439,2.8394887260771706,2.8320972432309643,0.0073914828462062765
9440,2.689405803921011,2.6486259597188617,0.040779844202149196
9441,2.620607195003074,2.563565867690083,0.05704132731299083
9442,2.5807812049511067,2.5235009227228176,0.05728028222828918
9443,2.8351546799713825,2.8508570100353943,-0.015702330064011782
9444,2.6038167555938836,2.5635797655685373,0.04023699002534631
9445,2.7843075967539295,2.7474029700357425,0.03690462671818695
9446,2.57292542198086,2.506959996745962,0.06596542523489823
9447,2.6915472691387996,2.6407826545214887,0.050764614617310855
9448,2.5936863022207524,2.546398439815342,0.0472878624054105
9449,2.669827012533582,2.6318763718572313,0.03795064067635057
9450,2.7539874429932594,2.729143718466181,0.024843724527078503
9451,2.7095059117164104,2.6723121993039785,0.03719371241243197
9452,2.6963923032962662,2.678141213838924,0.018251089457342218
9453,2.6190750088208774,2.5578694248450704,0.061205583975807
9454,2.6395084776580022,2.6119407740404488,0.027567703617553452
9455,2.7038875127430635,2.6620325512961314,0.041854961446932126
9456,2.688614607838278,2.658257936884714,0.03035667095356409
9457,2.7568266911247985,2.73540703480178,0.021419656323018454
9458,2.614038887965006,2.547623308230128,0.066415579734878
9459,2.803833915478359,2.781105270377571,0.02272864510078776
9460,2.6154860708319916,2.5550716857808715,0.06041438505112007
9461,2.6357438430129245,2.592628522209093,0.043115320803831736
9462,2.729256504252062,2.6892275907879992,0.040028913464062565
9463,2.7043829971026416,2.656592638319922,0.04779035878271953
9464,2.6818808276444157,2.668732224825283,0.013148602819132549
9465,2.656274660200674,2.609730491700103,0.04654416850057075
9466,2.607833319248081,2.5483251576382666,0.059508161609814536
9467,2.622028599641998,2.55792609797186,0.06410250167013798
9468,2.7677071243245424,2.747202030280255,0.020505094044287464
9469,2.6569370647049815,2.600480899848817,0.05645616485616456
9470,2.748114986653475,2.7186562679156543,0.0294587187378208
9471,2.729517473859748,2.681780505783261,0.047736968076486974
9472,2.63359339483784,2.580879445078739,0.05271394975910093
9473,2.674866900581017,2.6366633777421598,0.03820352283885731
9474,2.8803884360256298,2.883958925927055,-0.0035704899014250557
9475,2.9802463123957845,3.0139037757047364,-0.03365746330895192
9476,2.5949335623970313,2.546796424264771,0.04813713813226039
9477,2.691207846136456,2.6632171708290158,0.02799067530744015
9478,2.5458058729965205,2.478028347563954,0.06777752543256632
9479,2.600853532478349,2.550839319689054,0.05001421278929463
9480,2.6949014697799845,2.6421139305381502,0.052787539241834214
9481,2.689367363849459,2.6605983448848054,0.028769018964653448
9482,2.6086940361470052,2.543555631184764,0.06513840496224121
9483,2.746923105592214,2.716041588390757,0.03088151720145671
9484,2.6372611909105963,2.5810352824436205,0.05622590846697584
9485,2.6802689507339497,2.650772557442302,0.02949639329164766
9486,2.658407489777895,2.611861070544149,0.04654641923374614
9487,2.8039133793619517,2.8099183938479473,-0.006005014485995552
9488,2.882528598328812,2.8837906613238458,-0.0012620629950337303
9489,2.687573163072276,2.651524535974398,0.03604862709787815
9490,2.5974229390816186,2.5398347555001033,0.057588183581515295
9491,2.762525018714638,2.7171494424728753,0.045375576241762694
9492,2.6678456384739673,2.6454204767152363,0.022425161758730994
9493,2.5656876869325935,2.521518100752652,0.0441695861799416
9494,2.72907615224127,2.6966665113987576,0.0324096408425123
9495,2.5648332330477763,2.5013619862914354,0.06347124675634097
9496,2.7389251013128932,2.702118174256463,0.03680692705643018
9497,2.655541350160503,2.624267463031442,0.031273887129060984
9498,2.618693092510993,2.566413650149486,0.052279442361506945
9499,2.6331417156299453,2.5917095094825635,0.041432206147381745
9500,2.7664927739931215,2.7828353904084495,-0.01634261641532797
9501,2.701489279114351,2.661579736544387,0.03990954256996426
9502,2.550125724076097,2.4871159952925215,0.06300972878357536
9503,2.5122026174270253,2.4526513496845235,0.05955126774250186
9504,2.5829514871129775,2.5310055434466054,0.05194594366637206
9505,2.642491029681493,2.6003074258615597,0.042183603819933246
9506,2.6615596769939596,2.627077771920379,0.03448190507358051
9507,2.722254917752078,2.672432639774001,0.04982227797807681
9508,2.9170848274950036,2.933238058901885,-0.016153231406881297
9509,2.5342406931914487,2.4634852115571357,0.070755481634313
9510,2.494673615972284,2.4315435419367666,0.0631300740355174
9511,2.708324275338006,2.68271766950291,0.025606605835096108
9512,2.7352951858502577,2.6944662458759563,0.04082893997430137
9513,2.5407445793479875,2.4746752345161687,0.06606934483181881
9514,2.665846062107178,2.611646895678819,0.05419916642835876
9515,2.6576360057128094,2.605136808220743,0.05249919749206633
9516,2.7044031165279914,2.664099949713786,0.040303166814205316
9517,2.5329035854062902,2.466726123302368,0.06617746210392239
9518,2.537819988658149,2.4768818128919783,0.060938175766170666
9519,2.490676041340695,2.4169247928703923,0.07375124847030268
9520,2.635899037356595,2.600458295841381,0.035440741515214036
9521,2.5958064445611755,2.553457820275725,0.0423486242854505
9522,2.6126076237112863,2.571526916164253,0.04108070754703341
9523,2.9111703055568765,2.914434267645025,-0.0032639620881482756
9524,2.6295728317154556,2.5877662030868738,0.041806628628581866
9525,2.7777288089439596,2.7464772761199305,0.03125153282402904
9526,2.7705182588783743,2.7392595261988024,0.03125873267957191
9527,2.698841472737559,2.6501352688539233,0.04870620388363589
9528,2.6907879472751395,2.6518893936676946,0.038898553607444875
9529,2.5702097958591468,2.524546966989925,0.045662828869221794
9530,2.714655776655609,2.682764271785452,0.03189150487015713
9531,2.576364223137165,2.5074189563379186,0.06894526679924651
9532,2.624507406385777,2.5798874654670176,0.044619940918759315
9533,2.7746285839806704,2.738479066175253,0.0361495178054172
9534,2.7986118152151183,2.790143369476433,0.008468445738685215
9535,2.60113795570396,2.5559328239661654,0.04520513173779461
9536,2.714049895788739,2.7075613741611093,0.006488521627629584
9537,2.7460134595176218,2.729004071958076,0.01700938755954562
9538,2.6741846355564176,2.6458978964919537,0.028286739064463884
9539,2.6514658994657516,2.6097825861306165,0.041683313335135086
9540,2.642852056371484,2.5956232669014145,0.047228789470069366
9541,2.648747640741763,2.5947547943434426,0.05399284639832036
9542,2.7403539966177006,2.7078469997811436,0.032506996836557
9543,2.649056507691391,2.6081832848047735,0.040873222886617544
9544,2.7116049083882525,2.7001027563359905,0.011502152052262016
9545,2.889938666122596,2.9093675523414917,-0.019428886218895602
9546,2.4809838028599165,2.4164309361419445,0.064552866717972
9547,2.7438215496130396,2.722509930539568,0.021311619073471455
9548,2.6265758830186416,2.5835307005314556,0.04304518248718603
9549,2.7468863795350895,2.7229979084414357,0.023888471093653774
9550,2.826470726307506,2.8201657426260116,0.006304983681494569
9551,2.598093513447451,2.545100638151189,0.05299287529626229
9552,2.573840902382042,2.511121798644441,0.06271910373760115
9553,2.6564202827989987,2.5954340250837116,0.060986257715287095
9554,2.559429830863944,2.505253546950977,0.054176283912966916
9555,2.639597392821699,2.594281265306574,0.045316127515124816
9556,2.678054889031615,2.660350215159234,0.017704673872380727
9557,2.4950138035394827,2.4293930173839584,0.06562078615552425
9558,2.5866967472164437,2.545569432550809,0.041127314665634795
9559,2.8043614322426973,2.787667579604147,0.0166938526385505
9560,2.7239885810373954,2.6941837497251693,0.02980483131222611
9561,2.666156547513001,2.6184670090687927,0.047689538444208424
9562,2.7169811150928527,2.680751051162635,0.03623006393021777
9563,2.866517488858816,2.8822065501468805,-0.015689061288064465
9564,2.659402659668719,2.6270075277267506,0.03239513194196819
9565,2.5978456721238654,2.5272065037313003,0.07063916839256512
9566,2.758407884358529,2.7526024547476355,0.0058054296108935866
9567,2.7316458941780515,2.6976557009587725,0.033990193219278986
9568,2.6809850322262476,2.6356263403435403,0.04535869188270736
9569,2.6445542408670057,2.58836342214984,0.05619081871716558
9570,2.7775205517980806,2.7753565045371595,0.0021640472609210093
9571,2.7023663235432305,2.6773682973939312,0.024998026149299246
9572,2.6687285316800287,2.6356353927467646,0.033093138933264044
9573,2.74525880106506,2.7106588181517752,0.03459998291328459
9574,2.6542941226215473,2.606308641933602,0.04798548068794517
9575,2.6574416121556994,2.601954217939031,0.055487394216668484
9576,2.5655331072924,2.506364639124848,0.059168468167551946
9577,2.5496457953656098,2.490875499390333,0.05877029597527672
9578,2.550863657066266,2.4935612528720563,0.05730240419420962
9579,2.554684226575972,2.4970881645757173,0.05759606200025491
9580,2.5330536632846075,2.470871742614111,0.06218192067049655
9581,2.7136070367035208,2.6910425177576625,0.022564518945858314
9582,2.7629786990901213,2.7289715457046944,0.034007153385426925
9583,2.7516039324918173,2.7308833974493254,0.02072053504249194
9584,2.6317702371195058,2.5864134535809242,0.045356783538581524
9585,2.6798676526937095,2.637940863860533,0.04192678883317669
9586,2.7931413071345985,2.773456345486527,0.019684961648071653
9587,2.6181225294138013,2.5533605236985513,0.06476200571525004
9588,2.7527878035867106,2.7243672381024773,0.02842056548423333
9589,2.674389650077365,2.6352135612455654,0.03917608883179957
9590,2.5991617130382156,2.544374706769688,0.054787006268527616
9591,2.752891578541146,2.72835766802689,0.024533910514255908
9592,2.936022476537995,2.9384767497356705,-0.0024542731976753274
9593,2.7338780962415083,2.698051233912083,0.035826862329425335
9594,2.8164743145529627,2.7831452783581003,0.03332903619486238
9595,2.8125883008173997,2.809174163403364,0.003414137414035956
9596,2.917773298331619,2.940012612270663,-0.022239313939043992
9597,2.835336025046673,2.8292328754216927,0.006103149624980375
9598,2.6967498534387837,2.6811867528162217,0.015563100622562054
9599,2.6337464691968897,2.5865511242361086,0.04719534496078115
9600,2.6896456340380435,2.686212582913315,0.003433051124728248
9601,2.6616647864297316,2.625072979595976,0.0365918068337554
9602,2.799245273837109,2.7991614404555025,8.383338160644627e-05
9603,2.5930067494966766,2.5259074094633758,0.06709934003330087
9604,2.8412387753636112,2.831757153788905,0.009481621574706445
9605,2.659609498374181,2.621138757082404,0.03847074129177708
9606,2.5880581957910866,2.544870179763965,0.043188016027121634
9607,2.7531355063193557,2.7151744202624495,0.03796108605690618
9608,2.680394813387036,2.626180768819009,0.05421404456802703
9609,2.8432450209481557,2.862636408161777,-0.019391387213621325
9610,2.8539532399803176,2.845495332064295,0.008457907916022744
9611,2.7686520757174815,2.753755266615865,0.014896809101616615
9612,2.763680633317535,2.7336616657933623,0.03001896752417288
9613,2.698424779858023,2.6661478451277016,0.03227693473032156
9614,2.5428742604203083,2.489732394361017,0.0531418660592915
9615,2.665222579666723,2.608878231278932,0.05634434838779123
9616,2.6725232550196623,2.640993221673641,0.031530033346021114
9617,2.695478099667451,2.66337111840391,0.03210698126354128
9618,2.6231305083783263,2.570495654715764,0.052634853662562264
9619,2.6384722862107357,2.5798843269875693,0.0585879592231664
9620,2.8542816437507326,2.8478841000156994,0.0063975437350332065
9621,2.6849073540068193,2.637654768415212,0.0472525855916075
9622,2.6394385543035757,2.5858291790180723,0.05360937528550336
9623,2.6832363199995557,2.6734394522399594,0.009796867759596317
9624,2.6920318655136026,2.6433082793691645,0.04872358614443817
9625,2.6843174914948493,2.6478876799361784,0.03642981155867098
9626,2.82988011125621,2.8294997116624745,0.000380399593735703
9627,2.66795697334537,2.619305583907175,0.048651389438195025
9628,2.797595274821087,2.7962783900298414,0.0013168847912456982
9629,2.7070744973870893,2.676382395038154,0.03069210234893527
9630,2.6365255802153214,2.591426092758597,0.04509948745672432
9631,2.6462623039224873,2.600897451579123,0.04536485234336407
9632,2.7742690143311477,2.7505890426060384,0.023679971725109272
9633,2.683388106367735,2.6549878335570316,0.028400272810703342
9634,2.7019571723008307,2.6807407228243716,0.021216449476459065
9635,2.7750567332315192,2.757945323996221,0.017111409235298414
9636,2.4792627239507086,2.411943468652194,0.06731925529851468
9637,2.6935328693943723,2.6755956529177536,0.017937216476618723
9638,2.6285341808770455,2.5689035629232846,0.0596306179537609
9639,2.8055801376814093,2.7777064146188395,0.027873723062569855
9640,2.7157301804167715,2.6747057614813308,0.04102441893544073
9641,2.652202258960862,2.61619846488408,0.036003794076782114
9642,2.739537570725192,2.7162087921622144,0.023328778562977437
9643,2.7039865661252844,2.6691271195111077,0.034859446614176726
9644,2.5744289155574815,2.519872937569335,0.0545559779881466
9645,2.545805571913947,2.490248993107525,0.05555657880642206
9646,2.803969977586014,2.8089563195955924,-0.004986342009578593
9647,2.5538765267888848,2.4856819122458345,0.06819461454305031
9648,2.642530863630356,2.608760054450916,0.033770809179439976
9649,2.7799425598554164,2.755650751431223,0.024291808424193206
9650,2.648823918684008,2.606829525394526,0.04199439328948218
9651,2.612497337400254,2.571647487489048,0.04084984991120599
9652,2.6251455710162204,2.5913063529303386,0.03383921808588175
9653,2.676013483019003,2.6494142792830924,0.026599203735910848
9654,2.7151216105805527,2.6839790779933566,0.031142532587196126
9655,2.559037687977325,2.5111254351281986,0.04791225284912626
9656,2.7472351956529137,2.7239688823316763,0.02326631332123741
9657,2.635393395332059,2.581788742639303,0.05360465269275627
9658,2.7253563484355645,2.6938347252047925,0.03152162323077201
9659,2.711355484386021,2.674223105711119,0.03713237867490182
9660,2.669052853466893,2.624691354984079,0.04436149848281401
9661,2.71699142239518,2.681699510959189,0.035291911435991086
9662,2.7817296424981923,2.756414230437734,0.025315412060458176
9663,2.7786762230705144,2.7516499059857322,0.027026317084782203
9664,2.651356781099692,2.607473750996686,0.04388303010300598
9665,2.7178933106979235,2.682947439955316,0.034945870742607354
9666,2.7211421456928604,2.6860497636276626,0.035092382065197825
9667,2.643251915102679,2.6249372820164747,0.018314633086204513
9668,2.7461229159486136,2.7128855932053764,0.03323732274323721
9669,2.6837069676830136,2.657975091912361,0.025731875770652834
9670,2.778046318390867,2.756271471571334,0.0217748468195329
9671,2.64348566586284,2.5878101757386007,0.055675490124239335
9672,2.605912456394916,2.567131284450456,0.03878117194446018
9673,2.567021942423005,2.5035086009949246,0.0635133414280804
9674,2.5866660021300403,2.530512934057762,0.056153068072278156
9675,2.7574876884107264,2.7341033256428178,0.023384362767908673
9676,2.5901759590511126,2.535361360394539,0.054814598656573565
9677,2.6285377980715943,2.5835602502663444,0.04497754780524987
9678,2.654825371407939,2.6161600805678047,0.03866529084013415
9679,2.694464894216515,2.6577781860042697,0.03668670821224529
9680,2.711284542902104,2.6651391683369634,0.046145374565140784
9681,2.6804789820871258,2.620603505292409,0.05987547679471694
9682,2.6525164616618198,2.604310234946485,0.04820622671533492
9683,2.778949911455409,2.7482925262642737,0.030657385191135145
9684,2.586109127746008,2.535573628016551,0.05053549972945692
9685,2.7290793245269156,2.7183473667257814,0.010731957801134229
9686,2.6550464772414912,2.610825652941034,0.04422082430045737
9687,2.683291906269895,2.631981354487231,0.051310551782664415
9688,2.7101177371459237,2.697929320370395,0.012188416775528843
9689,2.7011384650437504,2.6660902644575013,0.035048200586249134
9690,2.7771840828309684,2.7634771128078874,0.013706970023080967
9691,2.6649349025250975,2.644994110486206,0.01994079203889143
9692,2.6617885174948395,2.620419295272127,0.041369222222712665
9693,2.734591046052335,2.7108600952999167,0.023730950752418156
9694,2.7197050555232276,2.702981717234596,0.016723338288631595
9695,2.759832280413324,2.741745437022328,0.018086843390995977
9696,2.7817426576211712,2.765736025078993,0.016006632542178156
9697,2.5051980650183285,2.4372788237543004,0.06791924126402815
9698,2.7859440653152876,2.7847205266616255,0.001223538653662093
9699,2.602066547068501,2.550029171289126,0.05203737577937506
9700,2.667919979148992,2.620989528121489,0.04693045102750304
9701,2.498513298963853,2.4253832841810183,0.07313001478283487
9702,2.86777160957649,2.8702466965973263,-0.0024750870208363196
9703,2.560153801085474,2.4934622366310757,0.06669156445439839
9704,2.7329211163154854,2.724086892132425,0.008834224183060346
9705,2.7329881061354313,2.7146861479081466,0.018301958227284754
9706,2.6208382620432076,2.5794839572934056,0.04135430474980195
9707,2.563946249103493,2.5076436293469757,0.05630261975651729
9708,2.667372988877357,2.6370714801734,0.030301508703957314
9709,2.944768329697201,2.917816560486778,0.02695176921042286
9710,2.867669513269197,2.9116573861333053,-0.0439878728641081
9711,2.5855184324494833,2.5238067635724244,0.06171166887705892
9712,2.587429508341528,2.534558656962135,0.05287085137939318
9713,2.7695885927654884,2.7517295681979643,0.017859024567524084
9714,2.5128660034995844,2.447720774167854,0.06514522933173028
9715,2.5786483577756782,2.5337277644728733,0.044920593302804956
9716,2.5717720378390516,2.520704219265361,0.051067818573690804
9717,2.711729620585895,2.705484225697248,0.006245394888647393
9718,2.8377069156196724,2.821997100649679,0.015709814969993463
9719,2.690359116369338,2.65017422292343,0.04018489344590792
9720,2.689461552447711,2.6541569659638955,0.03530458648381529
9721,2.7195455214173876,2.6693925120808815,0.05015300933650613
9722,2.614792570662989,2.5690131369563924,0.04577943370659643
9723,2.6767911030292004,2.6454037577904663,0.0313873452387341
9724,2.5885616598709698,2.533546409347282,0.05501525052368761
9725,2.7359844072752013,2.7407911437097128,-0.0048067364345114605
9726,2.7073438865932795,2.6838449548318435,0.023498931761436026
9727,2.649837190039906,2.600231530284003,0.04960565975590292
9728,2.6058280328667096,2.567390296375689,0.03843773649102067
9729,2.7104191394997246,2.6939166322927557,0.016502507206968886
9730,2.540718027764988,2.4871292120669515,0.05358881569803664
9731,2.717607560264277,2.692186715342337,0.025420844921939967
9732,2.736650740680838,2.699420576347236,0.037230164333601934
9733,2.674451906047176,2.6388120901545085,0.035639815892667404
9734,2.6727877219043275,2.6215559504839567,0.05123177142037072
9735,2.6585274044362865,2.608762064093186,0.04976534034310065
9736,2.7019455563033574,2.665841942995311,0.036103613308046345
9737,2.8336830071802903,2.8325861107620707,0.0010968964182196395
9738,2.6289221123281403,2.576516780513798,0.05240533181434248
9739,2.617610551332084,2.5574865303274206,0.06012402100466341
9740,2.7212622283901746,2.6949242527337924,0.026337975656382184
9741,2.5327042402819155,2.4596301422006026,0.07307409808131293
9742,2.6457917940140048,2.600442729018136,0.04534906499586899
9743,2.7137456515536194,2.6807169285199883,0.033028723033631024
9744,2.5558602785148476,2.4968339077647834,0.05902637075006423
9745,2.5666761449864888,2.5150783210402365,0.05159782394625223
9746,2.5323689380175325,2.4662256735187507,0.06614326449878183
9747,2.7492402132168774,2.729042610282935,0.02019760293394235
9748,2.6364528780629244,2.596940372882754,0.039512505180170354
9749,2.6201535216326963,2.5698586650018713,0.050294856630825
9750,2.8424755226292104,2.8415543972112345,0.0009211254179759543
9751,2.608126895726813,2.554667045726719,0.05345985000009401
9752,2.8494090385008697,2.862642579048114,-0.013233540547244349
9753,2.745489922507537,2.7059709611977523,0.03951896130978483
9754,2.598431842564635,2.544530642767054,0.0539011997975809
9755,2.6925181239531235,2.67372360970794,0.018794514245183525
9756,2.8240194625717554,2.8268903447980906,-0.0028708822263352474
9757,2.801882098359283,2.7731596333986306,0.02872246496065234
9758,2.623237557058531,2.5764564950600155,0.046781061998515394
9759,2.5819762917411584,2.525633065642282,0.05634322609887654
9760,2.737442890234507,2.7448610783540626,-0.007418188119555413
9761,2.633969339639901,2.598405455230547,0.035563884409353985
9762,2.6701173249267423,2.626872050904863,0.043245274021879165
9763,2.550488492226579,2.49083787541716,0.05965061680941908
9764,2.9057788086943934,2.9172206877210196,-0.01144187902662619
9765,2.591349469823315,2.538497507768662,0.052851962054653256
9766,2.6573758842394204,2.6053258674100293,0.052050016829391144
9767,2.6795632875929205,2.6439817427633696,0.03558154482955089
9768,2.6690368584068747,2.620750014610894,0.048286843795980694
9769,2.663040477066211,2.654824380576519,0.008216096489692237
9770,2.6810533461778214,2.6385667803236927,0.04248656585412869
9771,2.6337573305223216,2.5886585743708417,0.04509875615147996
9772,2.6945126096739873,2.689065897075726,0.00544671259826135
9773,2.6967967042176206,2.656014840742921,0.0407818634746997
9774,2.607183851630121,2.5719648071596746,0.03521904447044655
9775,2.747767878591379,2.703864401455465,0.04390347713591369
9776,2.5101424044699203,2.454600237518454,0.05554216695146641
9777,2.614358222728011,2.5799511647558138,0.03440705797219712
9778,2.65723589496344,2.606136963857542,0.051098931105897805
9779,2.6001292827790774,2.544445575253507,0.05568370752557028
9780,2.6406748117952823,2.594148546606836,0.04652626518844638
9781,2.6504303114096888,2.6045025552867447,0.045927756122944086
9782,2.6136381032526077,2.550854707301815,0.06278339595079263
9783,2.6817351714517317,2.6670453302495987,0.014689841202133014
9784,2.6194112128834037,2.5608918489427848,0.05851936394061896
9785,2.599036896754734,2.540983256153819,0.05805364060091511
9786,2.5421728459956943,2.485004045518017,0.05716880047767736
9787,2.750730284813778,2.723074237488059,0.027656047325718802
9788,2.5965930320817776,2.5383670466484696,0.058225985433308036
9789,2.708480252956287,2.6856821297067874,0.02279812324949937
9790,2.6965803289759274,2.6555602035206194,0.041020125455307976
9791,2.709480550936174,2.6909206632649383,0.018559887671235842
9792,2.5743943137625984,2.5078874464644505,0.06650686729814792
9793,2.6436885000274817,2.606289230262872,0.0373992697646095
9794,2.6112375668458174,2.5626713929149427,0.0485661739308747
9795,2.5962402983589126,2.534622100782775,0.0616181975761374
9796,2.6666308903293516,2.626204771912073,0.04042611841727872
9797,2.6146409301740445,2.5703291655132094,0.044311764660835085
9798,2.6409324120074746,2.602927285082031,0.038005126925443555
9799,2.6048596022223665,2.5615851501345395,0.04327445208782699
9800,2.669798300212011,2.648454936097386,0.021343364114625007
9801,2.6908211216436775,2.660893863381521,0.029927258262156364
9802,2.600064931190121,2.534207975564694,0.06585695562542737
9803,2.663311984996732,2.6235770448234677,0.03973494017326429
9804,2.8464378108151904,2.8362498318148734,0.010187979000316982
9805,2.6568669344329843,2.620703450196318,0.03616348423666649
9806,2.745179018370135,2.728071059082982,0.01710795928715303
9807,2.717590063664255,2.707337463935796,0.010252599728459266
9808,2.7698803469125126,2.741474730983538,0.028405615928974726
9809,2.757455493505769,2.727504623443005,0.02995087006276398
9810,2.6399054129575257,2.5813815914208336,0.05852382153669211
9811,2.6111198203295323,2.5512238673060397,0.0598959530234926
9812,2.559155865415806,2.5021265243382294,0.057029341077576845
9813,2.694926190101182,2.6491566876495463,0.0457695024516358
9814,2.963532149169966,3.02131697551887,-0.057784826348903806
9815,2.6635376439910234,2.609868145232697,0.053669498758326384
9816,2.707488334563708,2.671611025761805,0.035877308801902874
9817,2.650687428956146,2.604913935348977,0.04577349360716898
9818,2.710993806626061,2.6730865172339677,0.03790728939209309
9819,2.7351190296042134,2.7142120951979742,0.02090693440623914
9820,2.6750240915991084,2.629471473297662,0.0455526183014463
9821,2.821670027913244,2.7988217596186153,0.022848268294628493
9822,2.6961541245960357,2.6510658371564695,0.045088287439566166
9823,2.5737817230781594,2.520948233222004,0.052833489856155325
9824,2.6499991399882874,2.6019617827159887,0.04803735727229874
9825,2.5192628637122247,2.454623797559934,0.06463906615229087
9826,2.7958004187318224,2.756698623276344,0.03910179545547843
9827,2.5679845214333543,2.5106780584322617,0.057306463001092656
9828,2.6375920349906874,2.606739166882744,0.030852868107943188
9829,2.672935474305352,2.6359924704881363,0.036943003817215825
9830,2.6973912710084607,2.671034354003479,0.02635691700498155
9831,2.738951735401167,2.7287995906805036,0.010152144720663614
9832,2.6511979256749605,2.6005298305897058,0.050668095085254716
9833,2.7292287007714324,2.7041942687074845,0.025034432063947953
9834,2.6424621089813924,2.5893391838556084,0.05312292512578409
9835,2.563950650645381,2.4931204437590306,0.07083020688635022
9836,2.6135194249481892,2.5620981314325726,0.05142129351561664
9837,2.8008574551580634,2.776113079836151,0.024744375321912315
9838,2.5626502943641656,2.4949332640220705,0.06771703034209509
9839,2.7090153321855306,2.678828412767859,0.030186919417671376
9840,2.7262937225578874,2.6921875554291352,0.03410616712875214
9841,2.6754966903227992,2.642330139009526,0.033166551313273285
9842,2.7135084106791374,2.680346755701524,0.03316165497761325
9843,2.633341937874662,2.57144425675059,0.0618976811240719
9844,2.6527688850523043,2.6154283911755067,0.03734049387679761
9845,2.7728683682637865,2.772705729696576,0.00016263856721066006
9846,2.6020647564232733,2.547407128915809,0.05465762750746439
9847,2.6573756920635296,2.6150398541057647,0.042335837957764966
9848,2.6899451350085224,2.6556242851809655,0.0343208498275569
9849,2.773648948755264,2.7623200797595846,0.011328868995679198
9850,2.5977714866460975,2.5534949600288743,0.044276526617223144
9851,2.6964033537804815,2.6706126033722706,0.025790750408210883
9852,2.511899545973527,2.4462279221595296,0.06567162381399738
9853,2.721105902668954,2.684414861458856,0.03669104121009781
9854,2.774272215567557,2.744091748929852,0.030180466637705017
9855,2.8442637130222446,2.85406910094954,-0.00980538792729524
9856,2.6809510302436452,2.6681705776891484,0.01278045255449678
9857,2.580288159116088,2.5186975573602046,0.0615906017558836
9858,2.6368379724423288,2.59699093662078,0.039847035821548804
9859,2.6179947118518037,2.5656319901321796,0.052362721719624084
9860,2.5836040248144365,2.5286452718750234,0.0549587529394131
9861,2.7557607830021076,2.7253760429091267,0.030384740092980866
9862,3.099036644123573,3.184973101037457,-0.08593645691388385
9863,2.587988167857347,2.538532467801684,0.0494557000556628
9864,2.745354310531749,2.7458285059975367,-0.00047419546578764127
9865,2.6248941585099645,2.5761495768577607,0.048744581652203856
9866,2.818625653056108,2.7971402742536435,0.02148537880246426
9867,2.6151819187321763,2.5637331533650194,0.05144876536715692
9868,2.717429902342877,2.694687787258116,0.022742115084760872
9869,2.7202072075183708,2.685534332322439,0.03467287519593176
9870,2.6133296654710674,2.567419345845012,0.04591031962605552
9871,2.6886616308931783,2.6482268370937603,0.040434793799418056
9872,2.6689511569984186,2.6202811923642084,0.04866996463421014
9873,2.5671970602852627,2.50934437380698,0.05785268647828268
9874,2.618720278531542,2.583739702019641,0.034980576511900896
9875,2.79437700974684,2.783142833390102,0.011234176356738068
9876,2.8838620402868944,2.9374596036407965,-0.05359756335390209
9877,2.6761034115207236,2.6490107285916302,0.027092682929093392
9878,2.639346648581874,2.6129302722455034,0.026416376336370728
9879,2.8136453522986313,2.8068739475568405,0.006771404741790832
9880,2.599212834458224,2.5485710720819608,0.050641762376263166
9881,2.7798369963159213,2.7583651714915716,0.021471824824349728
9882,2.5944929318878343,2.544967976609943,0.04952495527789136
9883,2.5879713148444847,2.5353339378282325,0.05263737701625226
9884,2.628057007957547,2.573489245588774,0.05456776236877303
9885,2.747109077299636,2.7224351488261727,0.02467392847346339
9886,2.630170543550623,2.601976193880669,0.028194349669953933
9887,2.5960284645838927,2.56385036793106,0.03217809665283289
9888,2.7475283654501372,2.7248664549438057,0.022661910506331484
9889,2.7549848525901552,2.7460942335175624,0.00889061907259281
9890,2.613925804465161,2.5654952313184687,0.048430573146692524
9891,2.8450260106183896,2.8287052713156213,0.016320739302768228
9892,2.88679386165389,2.8928757496484723,-0.0060818879945823134
9893,2.534706536617567,2.466820500918419,0.0678860356991482
9894,2.8538709196247494,2.848638497386217,0.005232422238532486
9895,2.5986756515606166,2.5439191957294494,0.05475645583116728
9896,2.7371321740353,2.7001315155527923,0.037000658482507554
9897,2.7289894268517387,2.713676771219108,0.015312655632630623
9898,2.924407860694778,2.9368919055000733,-0.012484044805295191
9899,2.6922922321840614,2.6683701348733946,0.023922097310666857
9900,2.6854634006926665,2.631090453342239,0.05437294735042775
9901,2.649905442212246,2.609400247101809,0.04050519511043671
9902,2.69283134046403,2.649872819153674,0.042958521310355824
9903,2.7564917234994146,2.736734458439549,0.019757265059865414
9904,2.69326397123845,2.6699791166141313,0.02328485462431873
9905,2.573825830811485,2.5211406838526904,0.05268514695879478
9906,2.6394714806787785,2.5979122349205195,0.04155924575825898
9907,2.8010267137738083,2.783040819662383,0.01798589411142526
9908,2.7271884163250393,2.6986029688680717,0.02858544745696756
9909,2.656802320800648,2.614844138937672,0.04195818186297595
9910,2.5475972082218283,2.4876246967707885,0.05997251145103988
9911,2.6415846963753684,2.5991565088455495,0.04242818752981892
9912,2.598758695271916,2.5483256531683516,0.050433042103564585
9913,2.6698727483656923,2.6226440402873723,0.047228708078320025
9914,2.5866204732240154,2.533117414570009,0.05350305865400662
9915,2.649285931980235,2.606797290705361,0.04248864127487417
9916,2.625570945826465,2.565767308661028,0.05980363716543691
9917,2.680480722419252,2.6432684514747646,0.037212270944487535
9918,2.7860230633287166,2.7773168906473,0.008706172681416824
9919,2.810642667995179,2.8004543177054084,0.010188350289770387
9920,2.587687689216791,2.5320437763495898,0.05564391286720127
9921,2.5432908054379286,2.4749484455783617,0.06834235985956694
9922,2.81456635406203,2.7849081809973093,0.02965817306472074
9923,2.6321844359491067,2.5893502444553227,0.04283419149378398
9924,2.694450599537407,2.690867792358044,0.003582807179363101
9925,2.5070412276725786,2.43860092663929,0.0684403010332888
9926,2.6004925569137556,2.55286003182551,0.04763252508824545
9927,2.6267147425067203,2.5857370136506326,0.04097772885608775
9928,2.6320710674873014,2.590317501707142,0.04175356578015954
9929,2.7928612946465874,2.7801434476152584,0.012717847031328944
9930,2.846314650805279,2.840700023213706,0.0056146275915729404
9931,2.5680768152002873,2.5125250970754522,0.05555171812483506
9932,2.617688886609965,2.5626878873087287,0.05500099930123614
9933,2.8271757583255535,2.8499148034535198,-0.022739045127966317
9934,2.5607827803915284,2.501521066067355,0.059261714324173376
9935,2.5777116500915116,2.528004647168054,0.049707002923457644
9936,2.6109299119215836,2.5728366180890054,0.0380932938325782
9937,2.923337352616141,2.9333547249772627,-0.010017372361121879
9938,2.6380970867999185,2.5872824918331845,0.05081459496673402
9939,2.449640963136069,2.3774606489959638,0.0721803141401054
9940,2.743046632296839,2.7254059547021017,0.01764067759473731
9941,2.650899551121362,2.6078631995778845,0.043036351543477736
9942,2.6435979658386035,2.5956308840354874,0.04796708180311615
9943,2.6842238303319057,2.6584136665236344,0.02581016380827128
9944,2.7118300455684152,2.6782232173974965,0.03360682817091876
9945,2.7837479824864833,2.766338268436639,0.01740971404984437
9946,2.7627765143436234,2.7236957475627714,0.03908076678085193
9947,2.996076806057682,3.033708051008198,-0.03763124495051606
9948,2.6471693837412915,2.612125449034209,0.035043934707082336
9949,2.5167036347246885,2.448277706495403,0.0684259282292854
9950,2.5999265984426163,2.563762115399889,0.03616448304272746
9951,2.63264981510309,2.5963763047478543,0.03627351035523585
9952,2.6593625972849337,2.614768028552709,0.04459456873222489
9953,2.707471746535598,2.68616136797498,0.021310378560618126
9954,2.7573678472223553,2.7150703359713004,0.04229751125105485
9955,2.7672344597382397,2.776929467851504,-0.009695008113264514
9956,2.6952176302471686,2.6681153246502154,0.027102305596953258
9957,2.56015811075186,2.495295984476012,0.0648621262758482
9958,2.8299544665129375,2.8325670712654456,-0.0026126047525081297
9959,2.792857968805358,2.758846759678301,0.03401120912705702
9960,2.7849925172895555,2.780048982227151,0.004943535062404525
9961,2.8358429053394145,2.825494475769398,0.01034842957001647
9962,2.5757292048568217,2.513311454007808,0.062417750849013576
9963,2.6037771923505533,2.550567418570994,0.05320977377955938
9964,2.7240727451048956,2.6854355485364274,0.0386371965684682
9965,2.609637055025125,2.545666371704194,0.06397068332093125
9966,2.754634069416302,2.750058606066957,0.004575463349344666
9967,2.6373350061923424,2.5752680875500835,0.062066918642258884
9968,2.6276122273680715,2.5855799700071076,0.04203225736096394
9969,2.7762951203560817,2.7561686962447767,0.020126424111305052
9970,2.5759616713011724,2.5208398324992585,0.0551218388019139
9971,2.7069542354667813,2.680041011965914,0.02691322350086711
9972,2.6879255973086975,2.642128688558146,0.045796908750551424
9973,2.58276859845843,2.5321373409800287,0.05063125747840136
9974,2.6297702418433344,2.582215595421505,0.04755464642182927
9975,2.8822809656894877,2.8953979517899406,-0.013116986100452976
9976,2.586265820494354,2.5327139385255655,0.05355188196878835
9977,2.7604098296961017,2.748013380651725,0.012396449044376645
9978,2.7958828131274394,2.780656069678077,0.015226743449362257
9979,2.7172246914363627,2.6945982529960646,0.022626438440298102
9980,2.5526032528044182,2.484658045297809,0.06794520750660915
9981,2.6728412465341824,2.675895011449426,-0.003053764915243562
9982,2.6969157628971567,2.6648753168702743,0.032040446026882385
9983,2.5843471269548295,2.5197302466177547,0.0646168803370748
9984,2.65481286401934,2.61105226696943,0.043760597049909755
9985,2.682350078359187,2.65938225283831,0.02296782552087695
9986,2.7328564737802106,2.7092745444875845,0.023581929292626036
9987,2.878577924807706,2.881791718585842,-0.0032137937781362425
9988,2.5913261936123626,2.5338036253726326,0.05752256823973001
9989,2.4666681385151206,2.3913396615022213,0.07532847701289924
9990,2.686520445420737,2.6752431920680038,0.011277253352733219
9991,2.6795858145920857,2.6411105142003644,0.03847530039172131
9992,2.480625969393379,2.406965294968881,0.0736606744244983
9993,2.685815493760952,2.6572498728884484,0.028565620872503583
9994,2.623187714512782,2.5620771852919457,0.06111052922083626
9995,2.6671135400146326,2.626445065747656,0.040668474266976506
9996,2.6811358679893256,2.634971306436378,0.04616456155294779
9997,2.652112629083073,2.640007251509166,0.01210537757390684
9998,2.820235346599046,2.8398661254968154,-0.019630778897769208
9999,2.845748707446914,2.8485692740287445,-0.002820566581830608
