replicate,competitor_bits_per_event,trigram_bits_per_event,delta_competitor_minus_trigram_bits_per_event
0,2.368877698954157,2.2847717754471226,0.0841059235070345
1,2.5509965827353365,2.5063006704883444,0.0446959122469921
2,2.3460427843660403,2.255515009955707,0.09052777441033344
3,2.254637683880715,2.145838142240304,0.10879954164041106
4,2.323332951619485,2.2197406659130468,0.10359228570643841
5,2.4369726032660166,2.3601812608971127,0.07679134236890395
6,2.361214432955047,2.2785861167631385,0.08262831619190836
7,2.5244740091070517,2.460842574818681,0.06363143428837059
8,2.519226266662419,2.4520632845160497,0.06716298214636929
9,2.4250497142564256,2.344239524097079,0.08081019015934654
10,2.462532356451624,2.4017342635282186,0.060798092923405544
11,2.528348737787356,2.4638196948896764,0.06452904289767947
12,2.290465224688832,2.1835015651215173,0.1069636595673149
13,2.3546914336320883,2.2610475364124887,0.09364389721959965
14,2.4351842335128104,2.3779559833906467,0.057228250122163704
15,2.5181777835429093,2.434216888537779,0.08396089500513026
16,2.4409950778563876,2.3708987528635626,0.07009632499282503
17,2.3275068032044044,2.230816864085182,0.09668993911922241
18,2.4317243984833308,2.3728461554479754,0.05887824303535538
19,2.3052618992192366,2.2109099948867685,0.0943519043324681
20,2.3360750245856505,2.24312666435514,0.09294836023051056
21,2.340181733067265,2.2441290169717862,0.09605271609547872
22,2.3532332633965414,2.2537050185363108,0.0995282448602306
23,2.3535378394653885,2.264116148649491,0.08942169081589757
24,2.335170412971408,2.2354293111680943,0.09974110180331364
25,2.4685015404030444,2.3995392018056356,0.06896233859740875
26,2.491736395488987,2.426358735717755,0.06537765977123167
27,2.407227150638507,2.33669074301303,0.07053640762547664
28,2.4157895550194666,2.3402659900739438,0.07552356494552281
29,2.39668801886682,2.3202254306246766,0.07646258824214325
30,2.6287629752960076,2.585599187931385,0.043163787364622674
31,2.327712416822505,2.2294668807092632,0.09824553611324172
32,2.3020538367342644,2.190656399708082,0.11139743702618254
33,2.3848540827444427,2.3097545130683104,0.0750995696761323
34,2.383446141435331,2.3070688277363156,0.07637731369901557
35,2.3648451646347834,2.2668214813496443,0.09802368328513911
36,2.34607477020828,2.2617561880440067,0.08431858216427335
37,2.4160171762930256,2.3216003917062022,0.09441678458682334
38,2.234993712775674,2.1288512148571033,0.10614249791857056
39,2.357417860693517,2.26719293343096,0.09022492726255704
40,2.424624328632067,2.3429868728262777,0.0816374558057893
41,2.3588623095001804,2.269653967676064,0.0892083418241163
42,2.490094926194891,2.419334745366456,0.07076018082843483
43,2.420603172874724,2.337526693940059,0.08307647893466497
44,2.4741193363043332,2.402558400673745,0.07156093563058841
45,2.3919164393791106,2.294733658265878,0.09718278111323242
46,2.3916595546316133,2.3179242273324427,0.07373532729917054
47,2.339170480162223,2.2440649280893576,0.09510555207286542
48,2.4965541631241313,2.4103029084991614,0.08625125462496985
49,2.4040474612002583,2.337021685787765,0.06702577541249344
50,2.3990437709891084,2.3063598562760053,0.09268391471310311
51,2.768272498936959,2.770007208897373,-0.001734709960413916
52,2.290727477721187,2.1877268993113246,0.10300057840986243
53,2.444958011585363,2.35524153129199,0.0897164802933732
54,2.4779686278212534,2.3973816236278234,0.08058700419343001
55,2.506992286319259,2.434271083767873,0.07272120255138592
56,2.3058343471309364,2.2140442323613274,0.09179011476960897
57,2.4205811684263314,2.333145669101159,0.08743549932517247
58,2.3703319453758165,2.2955378137874822,0.07479413158833426
59,2.373231898654083,2.2750930287705797,0.09813886988350307
60,2.3752579647493666,2.2923776860079736,0.08288027874139292
61,2.566087754446351,2.5236445257202873,0.042443228726063875
62,2.34842278617773,2.256373541476061,0.09204924470166898
63,2.413898097408433,2.335229269004709,0.0786688284037238
64,2.5483095250769483,2.4860789124058478,0.06223061267110053
65,2.431512559517817,2.3527465158536898,0.07876604366412732
66,2.4168442616241146,2.3242598110116828,0.09258445061243181
67,2.3740097907965625,2.282483181801432,0.09152660899513032
68,2.3877972452407645,2.305171574268792,0.08262567097197238
69,2.377576972026677,2.293646244083253,0.08393072794342382
70,2.354815393932259,2.261113293115264,0.09370210081699515
71,2.3359291209382493,2.2348017575590804,0.10112736337916894
72,2.356621149623717,2.2679121700824494,0.08870897954126766
73,2.458751850133378,2.389338742490987,0.06941310764239095
74,2.616567827314077,2.566582084947202,0.04998574236687503
75,2.4236201984803856,2.3353297957409924,0.08829040273939315
76,2.619730356940658,2.5634094234204756,0.056320933520182415
77,2.4147787464862147,2.323715777730606,0.0910629687556086
78,2.392546287132116,2.3014124052910154,0.09113388184110072
79,2.3954861019009868,2.302921595060984,0.09256450684000272
80,2.491721832713393,2.425362825398311,0.06635900731508215
81,2.4997126392536906,2.4475397184484087,0.05217292080528191
82,2.3281976630523733,2.247824096479342,0.08037356657303141
83,2.437171985137063,2.3651182864829328,0.07205369865413003
84,2.3239886403020376,2.219396938701644,0.10459170160039344
85,2.6407942603191192,2.6051670052869893,0.035627255032129934
86,2.3160336526847822,2.2075610241471146,0.10847262853766759
87,2.3669900508812436,2.275791407123844,0.09119864375739972
88,2.4621549379716514,2.3802990521500016,0.08185588582164982
89,2.3114237672534403,2.2054730651299272,0.1059507021235131
90,2.4965894085141733,2.442436386960363,0.05415302155381019
91,2.5847491756175267,2.544467804559328,0.04028137105819862
92,2.234497719386097,2.117513631622074,0.11698408776402314
93,2.3356726216901085,2.24547315150043,0.09019947018967844
94,2.395984517339261,2.3284576500613556,0.06752686727790547
95,2.3378272750115365,2.241439475057804,0.09638779995373259
96,2.3990670692440945,2.320834830609259,0.0782322386348353
97,2.3726729099227204,2.2758930064806164,0.09677990344210397
98,2.3026445271536,2.1969787028699432,0.10566582428365656
99,2.302393142759068,2.2021041505673185,0.10028899219174958
100,2.5153588926335577,2.4366876504314097,0.07867124220214805
101,2.3832480546778503,2.2974219920473886,0.08582606263046166
102,2.442724743593794,2.378777134207553,0.06394760938624122
103,2.4474690955737897,2.376218546369979,0.07125054920381046
104,2.322762325567002,2.229453754710639,0.09330857085636302
105,2.2260654214673967,2.116742920912086,0.10932250055531068
106,2.372360575206475,2.278881226186907,0.09347934901956778
107,2.6885980585819875,2.680788494905713,0.0078095636762745
108,2.3345052398909654,2.226282818062183,0.10822242182878217
109,2.3977090964231187,2.3161297778536776,0.08157931856944112
110,2.4767759160873584,2.407699823309909,0.0690760927774492
111,2.4348948642479145,2.349465857239468,0.08542900700844624
112,2.4008141991505547,2.3200376029279064,0.08077659622264832
113,2.4384984286581104,2.3594538580399567,0.07904457061815373
114,2.598170639611534,2.5611870132024372,0.036983626409096804
115,2.8207956147487434,2.8424895591902346,-0.021693944441491197
116,2.3789986545640813,2.2974165983061123,0.081582056257969
117,2.4908431830563336,2.4182488682023124,0.07259431485402112
118,2.522824752426493,2.465931819064003,0.056892933362489906
119,2.434070066246746,2.356304107988224,0.07776595825852217
120,2.2684267253086445,2.1575074485309225,0.11091927677772206
121,2.4184285940570573,2.3551188224087207,0.06330977164833662
122,2.2724480022652287,2.166343050512346,0.10610495175288248
123,2.2535273740231965,2.148472343336038,0.10505503068715827
124,2.472460481542328,2.393396013997214,0.07906446754511398
125,2.3264873375937465,2.221117419867856,0.10536991772589044
126,2.324654148531287,2.226766842766381,0.0978873057649059
127,2.4689808727137725,2.4020054695315687,0.06697540318220385
128,2.4158229751941986,2.329679468999294,0.08614350619490452
129,2.3938777998505167,2.3119262138612524,0.08195158598926433
130,2.503380764301759,2.443299560083831,0.060081204217928175
131,2.2619892737721563,2.153804988439696,0.10818428533246038
132,2.2989774883245313,2.197288509380189,0.10168897894434226
133,2.556865736548136,2.5276131400315496,0.029252596516586404
134,2.3483654338620643,2.2684652199326685,0.07990021392939584
135,2.2968051471757795,2.19565122742191,0.10115391975386956
136,2.4616079579311405,2.390289789128702,0.07131816880243846
137,2.256819387049565,2.1406474518455987,0.11617193520396629
138,2.296596923967904,2.202108480134933,0.09448844383297095
139,2.470371610359957,2.4021017201941577,0.06826989016579921
140,2.6004391271492953,2.5666723506822002,0.03376677646709503
141,2.587734637106503,2.555117147693909,0.03261748941259368
142,2.360266264438072,2.258650489677601,0.10161577476047112
143,2.4893338269516767,2.4196806570614062,0.06965316989027048
144,2.3981878613602463,2.306834508403905,0.09135335295634128
145,2.5023139277693427,2.452995293147917,0.049318634621425606
146,2.401946127488037,2.3217670054372515,0.0801791220507857
147,2.5095450763815323,2.438567749495466,0.07097732688606628
148,2.394835583399099,2.3185790187318265,0.07625656466727238
149,2.450021987221366,2.3773014189070323,0.07272056831433371
150,2.4672396931641916,2.401871399708433,0.06536829345575867
151,2.359667677343095,2.2712177089132473,0.08844996842984765
152,2.318785178999263,2.2169039608941783,0.10188121810508477
153,2.4046472643060413,2.3104192260192242,0.09422803828681703
154,2.5431443607078457,2.4999688122898385,0.04317554841800719
155,2.414386242315717,2.3146680653546676,0.09971817696104956
156,2.3305566764596484,2.2360361988491255,0.09452047761052285
157,2.3976350422415327,2.3266900069726955,0.07094503526883722
158,2.436231518634766,2.3518330815843305,0.08439843705043559
159,2.467321867505404,2.4008355159009604,0.0664863516044436
160,2.364419317842286,2.2771797692059477,0.08723954863633843
161,2.3128003805349784,2.20727007425276,0.1055303062822186
162,2.337497405139878,2.2492444010288333,0.08825300411104475
163,2.324123910518709,2.229069369368676,0.09505454115003298
164,2.4887862274739154,2.427303662997823,0.06148256447609235
165,2.3928748540129736,2.3061999667921733,0.0866748872208003
166,2.3607387823876445,2.2720102212731907,0.08872856111445371
167,2.4193913471546216,2.3276274873022125,0.09176385985240909
168,2.496438932708837,2.4267757209351726,0.06966321177366464
169,2.278449856137473,2.180675623391352,0.09777423274612129
170,2.3961427847652748,2.3108756090109606,0.0852671757543142
171,2.3187241899141466,2.2181123356391574,0.1006118542749892
172,2.3103407803786524,2.220369018219105,0.08997176215954727
173,2.3478514666710923,2.2574226063009735,0.09042886037011888
174,2.420316483459372,2.3350313166160652,0.08528516684330656
175,2.35501325047091,2.2727315265086983,0.08228172396221156
176,2.5329530406383918,2.47946534382939,0.05348769680900167
177,2.357263132431708,2.2795263364113247,0.07773679602038319
178,2.4927729604678244,2.4088128119441814,0.08396014852364297
179,2.367396714747924,2.2755102005043253,0.0918865142435985
180,2.4373480475616285,2.365835137293705,0.0715129102679235
181,2.337302650499257,2.239123694669577,0.09817895582967973
182,2.2828755150324005,2.1768009047624437,0.10607461026995679
183,2.3098291973919802,2.21339192668821,0.0964372707037704
184,2.3109741566929807,2.211821891481309,0.09915226521167186
185,2.6130525136425837,2.5605346466000256,0.05251786704255812
186,2.410488387047912,2.3281182062781594,0.08237018076975255
187,2.3717074022779405,2.314454494735292,0.05725290754264867
188,2.5540887442053335,2.470172177764435,0.08391656644089851
189,2.4550744472886725,2.381060899332876,0.07401354795579662
190,2.5439070615609416,2.492250934706939,0.05165612685400278
191,2.508436647689835,2.446079523871411,0.0623571238184244
192,2.2561548510702356,2.152097469682796,0.10405738138743947
193,2.3398803642648,2.2472538428366002,0.09262652142819983
194,2.5963141329836334,2.5711293772460646,0.025184755737568842
195,2.320864797817719,2.2199752723440933,0.10088952547362551
196,2.375404360980777,2.2893453532451473,0.08605900773562958
197,2.2842744369568684,2.182078759527216,0.10219567742965241
198,2.382561340036149,2.3053180920725582,0.07724324796359072
199,2.228140588272929,2.1180506455633497,0.11008994270957917
200,2.4998350244626164,2.4368118143980335,0.06302321006458289
201,2.4459464452756112,2.374943065427834,0.07100337984777738
202,2.3520786744350786,2.269195794895458,0.08288287953962037
203,2.52756353497585,2.4754331831127856,0.05213035186306447
204,2.3213363825366473,2.215909786053913,0.10542659648273434
205,2.5112770770089465,2.432058428287371,0.07921864872157558
206,2.425256085252795,2.34108064594075,0.08417543931204508
207,2.5186900237522156,2.4364761520087117,0.08221387174350392
208,2.307297076090066,2.2142792555749202,0.09301782051514573
209,2.3411942819309255,2.241752364696713,0.0994419172342127
210,2.349672621212316,2.253980962296085,0.09569165891623088
211,2.3692895416107214,2.2791840761078603,0.09010546550286103
212,2.4770558948457797,2.403447518640401,0.07360837620537852
213,2.4691642887296705,2.427086941979961,0.04207734674970931
214,2.440132177439678,2.3590465688610855,0.08108560857859226
215,2.387055722022843,2.322965260255219,0.0640904617676239
216,2.3574199488033276,2.2579768959448434,0.0994430528584842
217,2.4024853184556942,2.3271038837318376,0.07538143472385661
218,2.51148693580865,2.462434115218668,0.04905282058998184
219,2.544594927314049,2.4881126544094214,0.056482272904627706
220,2.4224031629937595,2.3432201066903064,0.07918305630345301
221,2.4982074742057776,2.4244966073895857,0.07371086681619188
222,2.341814352901964,2.246931641442167,0.09488271145979699
223,2.3865267995609054,2.303775524918983,0.08275127464192256
224,2.4277032117073425,2.346394340296034,0.08130887141130838
225,2.2510457786752514,2.136163669747284,0.11488210892796724
226,2.6287808417558334,2.581747746439692,0.04703309531614153
227,2.8428055783527615,2.859902039156177,-0.017096460803415425
228,2.399949619785342,2.3273103284300922,0.07263929135524982
229,2.3797248796871333,2.2948170267788512,0.08490785290828207
230,2.47456244104864,2.3956454377373486,0.07891700331129137
231,2.694260091618557,2.6798076133161532,0.014452478302403815
232,2.717060258295359,2.7132931329250343,0.003767125370324642
233,2.4771533025487593,2.403331875819907,0.07382142672885239
234,2.4134500781734376,2.315807177754721,0.09764290041871648
235,2.377979305847547,2.299798932656012,0.07818037319153515
236,2.4464504791717374,2.382766132924291,0.06368434624744657
237,2.3923281277934114,2.303113991407334,0.08921413638607723
238,2.367570089980526,2.2670756904268425,0.10049439955368333
239,2.376100197572437,2.2916383847890383,0.08446181278339893
240,2.318746897735284,2.215538674135557,0.1032082235997267
241,2.350878822778513,2.26210760271605,0.0887712200624633
242,2.3653877510366668,2.2735411888124615,0.09184656222420529
243,2.37254025962079,2.284181529624144,0.08835872999664618
244,2.29525648385741,2.184963446948301,0.11029303690910908
245,2.502708663423124,2.450714820464538,0.051993842958586
246,2.3040941385557088,2.205404034896074,0.0986901036596346
247,2.353476374921338,2.2540788604940043,0.0993975144273338
248,2.2533089289084467,2.1470237615123264,0.10628516739612026
249,2.3876726341865764,2.297894008979265,0.08977862520731117
250,2.3775596250945594,2.2855959733369833,0.09196365175757615
251,2.334866395842013,2.2467169537747105,0.08814944206730235
252,2.4761942502425813,2.4107505090272547,0.06544374121532659
253,2.2414649256112056,2.1224475098682682,0.11901741574293734
254,2.3629086908757357,2.2691854598401293,0.09372323103560642
255,2.4764096341868895,2.4012272540343154,0.07518238015257417
256,2.562012468979972,2.495853514307005,0.06615895467296706
257,2.4870567126593475,2.41694857282068,0.0701081398386676
258,2.333082751030998,2.2299287517089077,0.10315399932209024
259,2.3894249112843173,2.3231135715977564,0.06631133968656089
260,2.2734046868179076,2.1759172601595833,0.09748742665832433
261,2.4119685250201917,2.3321212221323067,0.079847302887885
262,2.4685067663689564,2.394227768068584,0.07427899830037221
263,2.432698022940559,2.3703911522135557,0.06230687072700336
264,2.2804548968208302,2.1766862200564474,0.10376867676438284
265,2.6129532157736546,2.565581916557242,0.04737129921641259
266,2.4426483392036364,2.354247195319805,0.08840114388383125
267,2.3924163722244014,2.317980490061636,0.07443588216276531
268,2.2926954115491993,2.182872565541523,0.10982284600767622
269,2.5268452109332276,2.478232229625973,0.048612981307254444
270,2.3842005097456327,2.2983437184938644,0.08585679125176826
271,2.4452684841634387,2.3612305648880576,0.08403791927538107
272,2.4396573558181096,2.3692075456410087,0.07044981017710095
273,2.2430547152213642,2.1401701394804418,0.10288457574092247
274,2.488659301651673,2.4062320299629376,0.08242727168873554
275,2.4499029504860363,2.39562595584231,0.05427699464372626
276,2.4878596241788005,2.408086500515634,0.07977312366316625
277,2.368857863248232,2.2925307560548527,0.07632710719337954
278,2.411464636320664,2.326297449378844,0.08516718694182002
279,2.379843466926516,2.2886125189060156,0.09123094802050025
280,2.3794537111541123,2.281125497953819,0.09832821320029339
281,2.425143614431475,2.3636778966186793,0.06146571781279553
282,2.6193039556462376,2.5900477149874055,0.029256240658832144
283,2.4314339639196296,2.3562918907163204,0.07514207320330923
284,2.30679140728827,2.2135550078831203,0.0932363994051495
285,2.3775222822071207,2.2773261143445533,0.10019616786256735
286,2.444415897895983,2.3828963107582015,0.061519587137781606
287,2.4193666727909644,2.3359245334109415,0.08344213938002287
288,2.455542444537362,2.3865590018241356,0.06898344271322632
289,2.4022940302512787,2.3098611818687145,0.09243284838256427
290,2.3311428692003946,2.2585266778870294,0.07261619131336516
291,2.3870127354304906,2.3102653074419703,0.0767474279885203
292,2.464928198940163,2.4068726755155345,0.0580555234246285
293,2.3313527600136847,2.241264665155337,0.09008809485834757
294,2.3508755287174563,2.2598581558590563,0.09101737285840006
295,2.4466348779736444,2.366877972284837,0.07975690568880722
296,2.3060934776068027,2.199834158909657,0.10625931869714567
297,2.3704369383955712,2.2830259948353016,0.08741094356026968
298,2.378159797037045,2.278039429880893,0.10012036715615213
299,2.4101649322844376,2.31460787513366,0.09555705715077778
300,2.422083270863459,2.3305834012908186,0.09149986957264034
301,2.5585118763046504,2.487140221276123,0.07137165502852749
302,2.350831985382715,2.257608381585533,0.09322360379718209
303,2.348069611444915,2.2578577624135994,0.09021184903131552
304,2.6692625185261702,2.6258602248557614,0.04340229367040882
305,2.282717089765034,2.1845169963057423,0.0982000934592917
306,2.587198448061094,2.5391310404737912,0.04806740758730266
307,2.4137991806340056,2.3219083911699916,0.09189078946401397
308,2.6007574167855814,2.542695574219349,0.05806184256623226
309,2.610924486688876,2.5761413899850876,0.03478309670378854
310,2.411287096494316,2.345148226613428,0.0661388698808878
311,2.525373814327588,2.4756337428376525,0.049740071489935644
312,2.471409545892062,2.405815444086964,0.06559410180509806
313,2.2615112560676636,2.1604168678815623,0.10109438818610128
314,2.4308180132152386,2.361013920251361,0.06980409296387746
315,2.453819992377737,2.3835995913930685,0.07022040098466853
316,2.56914455497438,2.5275901279203965,0.04155442705398338
317,2.5995813434802573,2.5535924926020686,0.045988850878188714
318,2.4708996153219407,2.409519814338041,0.061379800983899724
319,2.5425523640049166,2.4926962498141294,0.04985611419078717
320,2.2767297940872098,2.1805905471790465,0.09613924690816322
321,2.3607852705029355,2.27156732372932,0.08921794677361561
322,2.2960055901175376,2.1867788575483353,0.10922673256920223
323,2.4432609375981325,2.374861856058497,0.06839908153963536
324,2.4114837724872604,2.327549615879059,0.08393415660820125
325,2.5637268833516362,2.4978821286878987,0.06584475466373751
326,2.310583171419724,2.2165679482674925,0.09401522315223154
327,2.2629029509735252,2.1527427066496356,0.1101602443238896
328,2.3637990187734434,2.276965865898257,0.08683315287518667
329,2.406407630042794,2.3317735870193492,0.0746340430234449
330,2.487454334686466,2.419935630182473,0.06751870450399311
331,2.2861402590854696,2.178033932277197,0.1081063268082727
332,2.473064028427323,2.4046163456619962,0.06844768276532687
333,2.337824670734714,2.242416121740399,0.09540854899431483
334,2.5854441827176813,2.5434853654997998,0.04195881721788153
335,2.7226258946081945,2.7127096164204367,0.009916278187757754
336,2.3801716398595922,2.3070213342248467,0.07315030563474556
337,2.3896812354178567,2.3274274510274915,0.06225378439036522
338,2.299997292090236,2.1942562626221025,0.10574102946813335
339,2.460879920151827,2.382212903093148,0.07866701705867918
340,2.459538547808027,2.392624736636604,0.06691381117142337
341,2.4567393044986487,2.3808567463694854,0.07588255812916334
342,2.3839233505297988,2.291214600501108,0.09270875002869072
343,2.3892783763704246,2.30859353889692,0.08068483747350452
344,2.368444616913054,2.2762947039170203,0.09214991299603392
345,2.4449080171464472,2.3528726255478487,0.09203539159859853
346,2.4685939121885205,2.399183438352054,0.06941047383646648
347,2.366161743589109,2.283060705569453,0.08310103801965596
348,2.345210486767782,2.2650170701883896,0.08019341657939227
349,2.4073297779407734,2.31071004605905,0.09661973188172324
350,2.5247255030430864,2.4670501636738873,0.05767533936919911
351,2.3127571559422853,2.2115747846763947,0.10118237126589058
352,2.370788552373379,2.2768286243883695,0.09395992798500963
353,2.3873073468978734,2.3066997113165746,0.0806076355812988
354,2.409037286945374,2.330866590406522,0.07817069653885156
355,2.4057738414796765,2.3336455258450117,0.07212831563466482
356,2.4742847223738527,2.4062258202035087,0.06805890217034394
357,2.377925772618825,2.287207069840554,0.09071870277827099
358,2.3994215929700795,2.324543080013164,0.07487851295691561
359,2.607403438573906,2.574600483181054,0.03280295539285216
360,2.4276867092835976,2.3515980247696753,0.07608868451392237
361,2.404377945054759,2.3238423902210803,0.0805355548336788
362,2.468143442649282,2.3887623390876933,0.07938110356158878
363,2.3648726761134236,2.278400771994824,0.08647190411859951
364,2.532228104785862,2.4736591085279374,0.05856899625792478
365,2.482203389552568,2.4075504615934307,0.07465292795913747
366,2.421687457768019,2.34540785633014,0.07627960143787904
367,2.338032642934597,2.2382567736490246,0.09977586928557214
368,2.372320577156386,2.2867126572757517,0.08560791988063432
369,2.556251544982817,2.52041032010114,0.03584122488167729
370,2.4669545144895317,2.401931430759592,0.06502308372993992
371,2.4203979924640016,2.3337694661042843,0.0866285263597173
372,2.246638063598259,2.143988004366578,0.10265005923168102
373,2.2427883675933424,2.138047969032885,0.10474039856045758
374,2.3994203505548124,2.2987667281069943,0.10065362244781806
375,2.3082440507607807,2.204272298731745,0.10397175202903552
376,2.244682401664401,2.135256268479806,0.10942613318459493
377,2.761513753595746,2.7426836298852884,0.01883012371045778
378,2.5202863732251073,2.454809009292318,0.06547736393278925
379,2.3759961589595533,2.2885323226505894,0.08746383630896393
380,2.384101261859336,2.3042223294458752,0.07987893241346056
381,2.3126219918162176,2.2209495122493226,0.09167247956689506
382,2.5050847310524706,2.4487562976938553,0.05632843335861537
383,2.395417398330015,2.3029936578619443,0.09242374046807056
384,2.2371823790980927,2.1335169158574288,0.10366546324066395
385,2.3734746507763225,2.2865294337063533,0.08694521706996916
386,2.389901983694009,2.3214774374619975,0.06842454623201144
387,2.5565917465834023,2.5228743659499777,0.033717380633424554
388,2.4156202379614555,2.3353502140944244,0.08027002386703108
389,2.333857422505178,2.231696528272963,0.10216089423221497
390,2.388740623016877,2.3062554411877687,0.08248518182910836
391,2.337665306023874,2.2352021037862535,0.10246320223762062
392,2.349692321121352,2.270195748721258,0.07949657240009378
393,2.4469276194685348,2.3770290885661,0.0698985309024347
394,2.6749406158423197,2.6281559983840435,0.04678461745827622
395,2.3825992919936345,2.3009564793807478,0.08164281261288675
396,2.5366314327121517,2.4974256317397105,0.039205800972441196
397,2.435724091336159,2.354933719174782,0.08079037216137719
398,2.577292662587777,2.5194603107207767,0.05783235186700031
399,2.39187811033847,2.313079913864228,0.07879819647424213
400,2.3867477367830428,2.29306949555566,0.09367824122738266
401,2.3369889662762544,2.237839642961877,0.0991493233143772
402,2.460620923101776,2.3774050001599267,0.08321592294184921
403,2.4128977328937506,2.3462885818887442,0.06660915100500642
404,2.3031871155426398,2.1989723397549326,0.10421477578770721
405,2.431775415966527,2.3594031357050387,0.07237228026148834
406,2.4201404373565247,2.3436655704143337,0.07647486694219108
407,2.542672991080799,2.506738619541309,0.03593437153948997
408,2.5581133806159757,2.5214658860379506,0.036647494578025075
409,2.3816591492559547,2.294070305886407,0.08758884336954775
410,2.3852223630505818,2.3088106629342655,0.07641170011631626
411,2.3351861312509286,2.2390311484337935,0.09615498281713508
412,2.2896263947598112,2.1792724841618334,0.11035391059797783
413,2.345323764550638,2.2519605879071083,0.09336317664352967
414,2.451221202903032,2.392812518781655,0.0584086841213769
415,2.369424116842444,2.2963182968801115,0.07310581996233267
416,2.700426244176623,2.664158118293484,0.03626812588313921
417,2.4062358739124994,2.312004322114196,0.09423155179830323
418,2.5462007274073515,2.481086344924806,0.06511438248254553
419,2.3905047940659037,2.314350058244169,0.07615473582173449
420,2.2910786871963156,2.188774801871294,0.10230388532502177
421,2.6998065653604733,2.666491621196994,0.03331494416347924
422,2.5322937979852354,2.4760783164491857,0.056215481536049605
423,2.480046781136909,2.4270709709917035,0.05297581014520558
424,2.4108638943936165,2.31932880009631,0.09153509429730633
425,2.209119568475067,2.09308986810093,0.11602970037413707
426,2.479188445371882,2.4100862487161705,0.06910219665571171
427,2.3432083345129135,2.258160675735016,0.08504765877789744
428,2.4026425283457957,2.312144628919049,0.09049789942674691
429,2.4223584679902497,2.3603991495595333,0.06195931843071634
430,2.2963526361201274,2.194189195354143,0.1021634407659846
431,2.276214745476841,2.1755201126842154,0.1006946327926257
432,2.368387383772772,2.2799983822679017,0.08838900150487028
433,2.348205197878667,2.2593844338612823,0.08882076401738459
434,2.530311804827453,2.4411608846877755,0.0891509201396774
435,2.3685131281319793,2.279837269884769,0.08867585824721047
436,2.3836445172703464,2.3128062994661867,0.07083821780415978
437,2.508862927393424,2.429323691125024,0.07953923626839998
438,2.460249782064759,2.381016403408409,0.07923337865634972
439,2.473888660779909,2.3952736606243423,0.07861500015556677
440,2.522403409838513,2.4544443727213623,0.06795903711715079
441,2.280703905374566,2.187773334471986,0.09293057090257983
442,2.4469848763613804,2.3670804423957,0.07990443396568025
443,2.3932834518831454,2.3230442607345854,0.07023919114856003
444,2.386585024375419,2.3028978351742975,0.08368718920112173
445,2.4575241594986146,2.3799952413979706,0.077528918100644
446,2.2529194419876966,2.1427238224457343,0.11019561954196222
447,2.3242191082486583,2.2156737818771517,0.1085453263715066
448,2.2230086277752164,2.111425631414621,0.11158299636059521
449,2.3571827473483897,2.267414085850762,0.08976866149762763
450,2.270808829077115,2.1667917533398895,0.10401707573722563
451,2.418948243026809,2.3566307024874247,0.06231754053938454
452,2.3449232190516622,2.252139438700938,0.09278378035072432
453,2.475862896085831,2.4188158603917684,0.057047035694062664
454,2.437028354672599,2.355471463991612,0.08155689068098715
455,2.6495194373028617,2.599127028010124,0.05039240929273747
456,2.3053507806250053,2.1991389644814348,0.10621181614357056
457,2.332471694975761,2.2482339583768822,0.08423773659887868
458,2.4792627585947615,2.403138901044812,0.07612385754994966
459,2.34508012603785,2.247577655629333,0.097502470408517
460,2.2930722878307654,2.184084694970375,0.1089875928603905
461,2.419585355840475,2.349327751831482,0.07025760400899284
462,2.331978148889441,2.2323158940141377,0.09966225487530345
463,2.419559279705491,2.335954420443775,0.08360485926171579
464,2.3947704639697154,2.295223509962722,0.09954695400699354
465,2.364516609981257,2.2725196286801723,0.0919969813010848
466,2.46896354420554,2.3918944625063956,0.07706908169914461
467,2.5271587743930466,2.458230455561556,0.06892831883149064
468,2.378204102374707,2.2854615116430717,0.09274259073163549
469,2.362685483978054,2.280384463967313,0.0823010200107408
470,2.2798936553995888,2.1708035781356805,0.10909007726390829
471,2.2296130441951862,2.1132864594313476,0.11632658476383861
472,2.277424825104832,2.1803618680823145,0.09706295702251744
473,2.4470049024669622,2.383159244318314,0.06384565814864818
474,2.3899160626811473,2.2915408904571666,0.09837517222398073
475,2.4767457926414593,2.410714814397134,0.06603097824432513
476,2.3788712712642366,2.283223711469725,0.09564755979451167
477,2.4818623911633813,2.3999750937473094,0.08188729741607181
478,2.624978826405494,2.574041470063276,0.05093735634221774
479,2.3138642418195587,2.2221152128944093,0.09174902892514947
480,2.315212149406663,2.2246481403730485,0.09056400903361439
481,2.3703467257178663,2.287288854849584,0.08305787086828209
482,2.416384342428222,2.3413097409222625,0.07507460150595957
483,2.373644861619467,2.2864077479467495,0.08723711367271747
484,2.3496110317057086,2.244916013822167,0.10469501788354174
485,2.5203034783565914,2.46973398381416,0.050569494542431315
486,2.258275810222813,2.1524452284090976,0.10583058181371552
487,2.3589944186972382,2.261444031162039,0.09755038753519907
488,2.3486762785557924,2.2654317516237574,0.08324452693203499
489,2.292919261604294,2.185360237520121,0.10755902408417306
490,2.352770499226988,2.2626677181703267,0.09010278105666147
491,2.4214687034316538,2.346116272031208,0.07535243140044567
492,2.35918042556994,2.2768495252327385,0.08233090033720147
493,2.330586200690993,2.233070860100697,0.09751534059029598
494,2.3016790320913634,2.1972210224576996,0.1044580096336638
495,2.3908727101990332,2.298908448007947,0.09196426219108611
496,2.4369186277034194,2.363505974764495,0.07341265293892452
497,2.4100575375405597,2.3347322715095014,0.07532526603105838
498,2.3449402630602507,2.2439474451761,0.10099281788415082
499,2.32368359353471,2.2318174050905935,0.09186618844411676
500,2.3696442083091833,2.276882501553382,0.09276170675580131
501,2.3875959400430675,2.310748579414582,0.07684736062848563
502,2.4223669472415095,2.34335205282637,0.07901489441513965
503,2.395420550687121,2.304972516390503,0.09044803429661785
504,2.3214654304093614,2.22697571656796,0.09448971384140137
505,2.330687280293032,2.2398720767571922,0.09081520353583983
506,2.2631322181973554,2.1620221353421383,0.10111008285521716
507,2.5297679951776035,2.45835929863281,0.07140869654479332
508,2.328624614899593,2.22301983685568,0.10560477804391288
509,2.4330396741531373,2.3699450176398593,0.06309465651327795
510,2.5542310271993705,2.505644433015521,0.048586594183849474
511,2.3661364147529023,2.2642742246932603,0.10186219005964192
512,2.3928049198222534,2.306099586674468,0.08670533314778561
513,2.5042428541060593,2.44862101367967,0.05562184042638929
514,2.517991887878339,2.460809063627157,0.05718282425118204
515,2.3497244807054636,2.257216112664761,0.0925083680407024
516,2.4080157751388884,2.347811478944914,0.06020429619397438
517,2.315329607690709,2.210519694887979,0.10480991280273022
518,2.379122498169812,2.292863288942013,0.08625920922779873
519,2.366389309136843,2.282544262344565,0.08384504679227822
520,2.3518793362093646,2.262935042873434,0.08894429333593079
521,2.4362300054447084,2.371309684963908,0.06492032048080043
522,2.4959847785363833,2.412106665040381,0.08387811349600227
523,2.277736721943847,2.16874167749643,0.10899504444741703
524,2.458753593252969,2.382607788663529,0.07614580458944031
525,2.3280572804919455,2.2350506935720613,0.09300658691988417
526,2.260994983215755,2.1625940304779623,0.09840095273779292
527,2.45387833395903,2.3782348335261667,0.0756435004328635
528,2.348809065890302,2.238943927068988,0.10986513882131366
529,2.468675847597357,2.407935542906372,0.0607403046909849
530,2.307601039161924,2.1956327240910443,0.11196831507087968
531,2.3980765687781203,2.31140095427469,0.08667561450343042
532,2.385074507492958,2.304906875461313,0.08016763203164468
533,2.292854134034318,2.1824160407777957,0.11043809325652232
534,2.3402446334798723,2.24429305009598,0.0959515833838922
535,2.3461154745669384,2.24973202945552,0.09638344511141828
536,2.3305414926638774,2.2222473908837306,0.10829410178014687
537,2.391289438716318,2.3069598705226353,0.08432956819368265
538,2.5886172649667016,2.5374629475017496,0.051154317464952026
539,2.2975924601347524,2.207772246781931,0.0898202133528212
540,2.4377227603747462,2.3649963471454556,0.07272641322929063
541,2.420135756518308,2.3398757342017684,0.08026002231653973
542,2.5153890601736038,2.4624413531290577,0.0529477070445461
543,2.325681935304361,2.233160496795294,0.09252143850906691
544,2.5418310960014567,2.5169042221913878,0.024926873810068972
545,2.3779376614194523,2.286645954681007,0.09129170673844511
546,2.317601881179232,2.219735077986105,0.0978668031931269
547,2.7687595587817646,2.7591983721203683,0.00956118666139627
548,2.3817641666562923,2.2885824258514544,0.09318174080483788
549,2.390551127651598,2.2895288970075702,0.10102223064402782
550,2.4144513364391296,2.3200988524813297,0.09435248395779983
551,2.3751885857112303,2.28031908639211,0.09486949931912037
552,2.466681898402148,2.393249565439816,0.07343233296233231
553,2.321720949920421,2.2258396941715586,0.09588125574886242
554,2.458099850974859,2.390714303693662,0.06738554728119706
555,2.3699286794220202,2.287609246797442,0.08231943262457841
556,2.5767164875770447,2.5172642902326663,0.059452197344378455
557,2.4067434751966466,2.3095937139595737,0.09714976123707286
558,2.4769398278072705,2.407853308816302,0.0690865189909684
559,2.349120572675333,2.2622873212584853,0.08683325141684772
560,2.474184801929301,2.3950642942752753,0.07912050765402556
561,2.391200730529511,2.296199579334325,0.09500115119518604
562,2.2959368596746295,2.184802961205509,0.11113389846912058
563,2.4444655560381108,2.3636935405520543,0.0807720154860565
564,2.39988861328951,2.3153604180923364,0.0845281951971737
565,2.6232415071951194,2.615337318417159,0.007904188777960286
566,2.4102354194854754,2.3411738785940757,0.06906154089139971
567,2.298431978843186,2.1999455101110583,0.09848646873212763
568,2.302853480812271,2.211917684595041,0.09093579621723036
569,2.566983721863099,2.515182632775423,0.05180108908767611
570,2.377620222757828,2.300248835663514,0.07737138709431424
571,2.382011633008749,2.2887789545173276,0.09323267849142125
572,2.508230330661078,2.4425304536815,0.0656998769795778
573,2.4715292191637013,2.3961187298943134,0.07541048926938787
574,2.5621102970280965,2.529408870303673,0.032701426724423666
575,2.3748365383741783,2.2737113448077664,0.10112519356641192
576,2.3411499542617595,2.2596803823357434,0.08146957192601612
577,2.3149647095698302,2.209264257367183,0.10570045220264745
578,2.4036653251225695,2.3283874444052204,0.07527788071734909
579,2.5173478439632997,2.460610148294843,0.056737695668456656
580,2.3947173816259566,2.309339954621474,0.0853774270044827
581,2.3734958669217203,2.293955840761657,0.07954002616006317
582,2.4724409687893343,2.4174189727758426,0.05502199601349167
583,2.422679475405882,2.3421057487240415,0.08057372668184026
584,2.567297184791638,2.5189506605263747,0.0483465242652632
585,2.547282647279037,2.4765579815695618,0.07072466570947533
586,2.366725044529879,2.2738256297422716,0.09289941478760744
587,2.366521448338098,2.2804001267856493,0.08612132155244856
588,2.5065751162322374,2.4599300782326043,0.04664503799963304
589,2.3291751999185255,2.2333688638768554,0.0958063360416701
590,2.4401862986270553,2.360468608274436,0.07971769035261911
591,2.5081348481172268,2.45159052626035,0.056544321856876856
592,2.3676326336699933,2.2948494673932065,0.07278316627678683
593,2.332459197020899,2.239978215915065,0.09248098110583403
594,2.3372462674546073,2.2582699223555136,0.07897634509909368
595,2.4348539213296263,2.3547621380165897,0.08009178331303657
596,2.619039508421677,2.599690000625412,0.019349507796265097
597,2.390397595929724,2.3031382447461763,0.08725935118354755
598,2.383474911744913,2.309217548476569,0.07425736326834409
599,2.4711559595386343,2.398823819420415,0.07233214011821953
600,2.3563209467007744,2.2732098712917037,0.0831110754090707
601,2.352443736956106,2.2557122336673716,0.09673150328873437
602,2.413198045472006,2.3304169235341377,0.08278112193786846
603,2.4815935347167164,2.426544416468119,0.055049118248597484
604,2.2564895112274233,2.139710786224771,0.11677872500265218
605,2.2871432072705753,2.187103022794552,0.10004018447602325
606,2.3501114272749675,2.2581698618070107,0.09194156546795673
607,2.408635117417638,2.3286597658370685,0.07997535158056968
608,2.4444146544014322,2.3735465382084615,0.07086811619297073
609,2.3932745420734074,2.2967744179196603,0.09650012415374709
610,2.4180642207158556,2.329438862149527,0.08862535856632858
611,2.4964743364392517,2.4241990116029117,0.07227532483633992
612,2.276005580478367,2.1812659468571693,0.09473963362119786
613,2.5554066683880765,2.519515309707772,0.035891358680304464
614,2.314945123832954,2.211538614338042,0.1034065094949117
615,2.5450202849660273,2.4890047307360135,0.05601555423001381
616,2.3579539925990383,2.2720136693876047,0.08594032321143352
617,2.308742201489646,2.219542135285361,0.08920006620428511
618,2.488023465451253,2.4149158350980784,0.0731076303531748
619,2.3295793982937023,2.231003794041968,0.09857560425173428
620,2.4262892662397304,2.3460643777914036,0.08022488844832676
621,2.282701097732108,2.18031900050635,0.10238209722575808
622,2.36797464830175,2.282871638843008,0.08510300945874194
623,2.471577125257101,2.388078850341745,0.08349827491535589
624,2.348503445068463,2.2498904958983554,0.09861294917010754
625,2.36606517070979,2.278019600131099,0.08804557057869111
626,2.5693765224611953,2.5371429133896504,0.03223360907154493
627,2.376046463293518,2.2961682575766833,0.07987820571683457
628,2.404082191689488,2.3340213021671756,0.07006088952231249
629,2.5246388349752733,2.4593874899029156,0.06525134507235775
630,2.486773761678306,2.415592549281072,0.07118121239723418
631,2.3925521331728725,2.3004684398528705,0.09208369332000199
632,2.391340692340887,2.3061392742944813,0.08520141804640557
633,2.406955337035072,2.3127621944356096,0.09419314259946221
634,2.4226857494546534,2.342312590405985,0.08037315904866826
635,2.542362579549061,2.490597058252795,0.05176552129626577
636,2.5819522298259407,2.5167214762113086,0.06523075361463215
637,2.6346949128126886,2.6233237267996854,0.011371186013003243
638,2.323322816576707,2.2429511178629573,0.0803716987137495
639,2.398166279893136,2.32406158560417,0.07410469428896604
640,2.3905118870642204,2.3048958564514836,0.0856160306127367
641,2.57984214188857,2.5430662189732787,0.036775922915291304
642,2.3009748853309615,2.192931009391571,0.10804387593939069
643,2.315145299780608,2.2152785771999657,0.09986672258064244
644,2.477466779281714,2.4192391531406403,0.058227626141073685
645,2.4408054894112254,2.36953732058984,0.07126816882138565
646,2.238121196888411,2.131166223714671,0.10695497317373981
647,2.555197841050705,2.499337211068246,0.055860629982458665
648,2.295496833653002,2.196956069938886,0.09854076371411624
649,2.3926212601219556,2.320340431213783,0.07228082890817245
650,2.5194833027539296,2.462637390919265,0.0568459118346647
651,2.4097102866951623,2.333042251051939,0.07666803564322322
652,2.294480294241333,2.1881155683168023,0.10636472592453083
653,2.3317269298790375,2.231349281671915,0.10037764820712258
654,2.358150494578306,2.291673089724258,0.06647740485404796
655,2.548287814988102,2.50714610063396,0.041141714354142156
656,2.398585200649565,2.313516763807412,0.08506843684215326
657,2.2975461521089304,2.2006794099654945,0.09686674214343594
658,2.3844606601544114,2.2886452327564912,0.09581542739792015
659,2.4027696358582444,2.3200137628886623,0.08275587296958209
660,2.4794441351586687,2.4041722155372325,0.0752719196214362
661,2.3262100477363497,2.2399650555608446,0.08624499217550508
662,2.441902445179523,2.3620775452195946,0.07982489995992825
663,2.431633181010759,2.347223239218475,0.08440994179228412
664,2.2567800168355827,2.1435505450776375,0.11322947175794518
665,2.3920801465424804,2.3008740975115973,0.09120604903088303
666,2.4184889794043363,2.3395984455707075,0.07889053383362876
667,2.495643637567143,2.441336800299017,0.05430683726812591
668,2.285660406361085,2.180869278456467,0.10479112790461764
669,2.423441894727636,2.347766106977812,0.07567578774982398
670,2.2736937768994605,2.1691279630272655,0.10456581387219499
671,2.4219787659586283,2.332203465863602,0.0897753000950261
672,2.5032438316795367,2.45575116791004,0.04749266376949679
673,2.3870975945409203,2.298985778434981,0.08811181610593932
674,2.3539274769324483,2.2610807202841023,0.09284675664834596
675,2.300429607537965,2.206324932717138,0.09410467482082696
676,2.3601512303088286,2.268192814733164,0.09195841557566453
677,2.562156125773476,2.5088716886160984,0.05328443715737752
678,2.314377188321365,2.2102170010626683,0.1041601872586968
679,2.5588874319795796,2.5210367135243765,0.03785071845520305
680,2.4159495947757175,2.3323254893924954,0.08362410538322207
681,2.444800923627202,2.381922518914637,0.06287840471256523
682,2.5289313792138324,2.4622540542967046,0.06667732491712774
683,2.4932979547100826,2.4202960655149957,0.07300188919508699
684,2.257712654433418,2.1491343050905165,0.10857834934290134
685,2.4235640780274306,2.32460334829934,0.09896072972809078
686,2.3324603061571505,2.2330652225267906,0.09939508363035987
687,2.3171696745114234,2.217262766663566,0.0999069078478576
688,2.4628985388736284,2.3928517781776697,0.07004676069595872
689,2.670418946108175,2.6374933065948847,0.03292563951329042
690,2.551774387209371,2.488073871733189,0.06370051547618205
691,2.484794375440134,2.4294743282680833,0.055320047172050746
692,2.4776881506204655,2.403311596592182,0.07437655402828369
693,2.514067527054296,2.445167899944503,0.06889962710979303
694,2.2844170666819066,2.1802623045035103,0.10415476217839625
695,2.377201718123002,2.285312144267052,0.09188957385594998
696,2.262333010451522,2.1515250604378706,0.11080795001365118
697,2.5421508350948523,2.4976733693946405,0.04447746570021183
698,2.3274168410676985,2.2413468893772936,0.08606995169040488
699,2.3000784592991255,2.206221738008017,0.09385672129110834
700,2.5317205037892365,2.497694044290828,0.034026459498408546
701,2.505504224364758,2.4585095777911885,0.046994646573569554
702,2.513141945268378,2.437659141984731,0.07548280328364676
703,2.377440557528086,2.296770669417089,0.08066988811099707
704,2.4301799796181345,2.365781878896839,0.06439810072129548
705,2.4175444382231586,2.3524658129676563,0.06507862525550223
706,2.4673896276840543,2.390975901091376,0.07641372659267853
707,2.2354190877249547,2.1248028697645798,0.11061621796037491
708,2.48749361436879,2.4213519184120655,0.06614169595672426
709,2.4428378055787294,2.3668567006203065,0.07598110495842292
710,2.5999655633313457,2.579469374497487,0.02049618883385884
711,2.3292187312885138,2.2251476149466356,0.10407111634187816
712,2.311459642159189,2.212879987363895,0.09857965479529396
713,2.4344644973710916,2.3598829869736466,0.07458151039744498
714,2.394852709141357,2.314436176838324,0.0804165323030328
715,2.3937287519963366,2.307677967741092,0.08605078425524448
716,2.466520618322664,2.395305552700923,0.07121506562174096
717,2.468598346380622,2.377124031685432,0.09147431469519018
718,2.5778863812329886,2.5225392730526335,0.05534710818035515
719,2.434918762642333,2.371100488632575,0.06381827400975792
720,2.322171296402956,2.221229327867583,0.10094196853537296
721,2.3896451148165094,2.309406683162259,0.0802384316542506
722,2.332454009845917,2.2393511969173585,0.09310281292855871
723,2.451932519699005,2.383798297082528,0.06813422261647695
724,2.4316293690028776,2.339085801650326,0.09254356735255165
725,2.5344786982492544,2.463493266448131,0.0709854318011236
726,2.3498890316030123,2.262580881841431,0.08730814976158152
727,2.3818415838407327,2.2941948163887282,0.0876467674520045
728,2.3641235577971207,2.284345627395845,0.07977793040127557
729,2.4495281495502708,2.3603628116616955,0.08916533788857528
730,2.369343258022101,2.2865849862825964,0.08275827173950479
731,2.599972748392505,2.5755115952703496,0.024461153122155466
732,2.426425945235423,2.3419812003723686,0.08444474486305431
733,2.3299529651372146,2.2275940365866336,0.10235892855058104
734,2.272614148454587,2.1683605223531197,0.10425362610146749
735,2.3864440922371357,2.2980013509102504,0.08844274132688534
736,2.4193085157873284,2.3484957909556874,0.07081272483164103
737,2.472531026663294,2.4031915779733386,0.06933944868995523
738,2.299698972812177,2.196324347595295,0.1033746252168819
739,2.2979033953577437,2.19407529371452,0.10382810164322365
740,2.3873936420336888,2.301227808121911,0.08616583391177768
741,2.4041653684094975,2.31500810072631,0.08915726768318732
742,2.459910508053205,2.3898427096778847,0.0700677983753204
743,2.4937326813140657,2.4122974441584586,0.08143523715560708
744,2.464888091248224,2.4052029923194924,0.05968509892873142
745,2.4294657830866258,2.3453681021465487,0.08409768094007708
746,2.3476704571411924,2.2728822704679796,0.07478818667321274
747,2.4640977256496726,2.3893417571199143,0.0747559685297583
748,2.3010569356589996,2.189751277236508,0.1113056584224914
749,2.387204560770076,2.292516223597479,0.09468833717259661
750,2.267913589470243,2.151251175266308,0.11666241420393497
751,2.354656439558857,2.2655682646731194,0.08908817488573773
752,2.341241414639106,2.2640008312419977,0.07724058339710815
753,2.450229529284733,2.366840945843137,0.08338858344159616
754,2.3768802300958174,2.2947275479498046,0.08215268214601279
755,2.319948721244643,2.2197039100357965,0.10024481120884632
756,2.443869459059001,2.3635737791451037,0.08029567991389719
757,2.2751997476076697,2.168102798917,0.10709694869066988
758,2.386059342028494,2.296247613406061,0.0898117286224327
759,2.582132386760959,2.550812893605613,0.03131949315534577
760,2.443321188972938,2.3695108887686773,0.07381030020426049
761,2.525631111494124,2.4525312724578967,0.07309983903622719
762,2.343935354766897,2.24326277102338,0.10067258374351695
763,2.4023759349907436,2.3239130867161113,0.07846284827463235
764,2.3849574381921324,2.295644562120278,0.08931287607185423
765,2.467537058389238,2.417342349765379,0.050194708623859
766,2.3708624012648087,2.272338139856378,0.09852426140843074
767,2.521610937033726,2.469277969033619,0.052332968000107005
768,2.4883882674711977,2.41932268144473,0.06906558602646751
769,2.4072695767950405,2.326158108212913,0.0811114685821277
770,2.366661579516444,2.285211651374223,0.08144992814222096
771,2.4417258565975897,2.3737866250381305,0.06793923155945913
772,2.3973120880886585,2.3035193132020764,0.09379277488658211
773,2.5193262442859248,2.464020631030128,0.05530561325579697
774,2.262289943958936,2.149121187799209,0.11316875615972677
775,2.461090622792524,2.391782878435482,0.06930774435704201
776,2.3693473525609448,2.2839328385850437,0.08541451397590105
777,2.5496498710980475,2.5042247088120937,0.045425162285953835
778,2.3987565388307663,2.2994810386332296,0.09927550019753673
779,2.3515780292296324,2.2496105032939253,0.10196752593570713
780,2.5735727364767236,2.52418446426965,0.04938827220707376
781,2.4704851559260512,2.403504859228022,0.0669802966980293
782,2.426663797148615,2.352111380046063,0.07455241710255223
783,2.50806101731248,2.449258183484901,0.058802833827579004
784,2.411431009909911,2.3164344929648415,0.0949965169450695
785,2.3614369141445364,2.2570241143683805,0.10441279977615592
786,2.3992432926949725,2.317381835009542,0.0818614576854304
787,2.5802778065365963,2.5223544320209164,0.05792337451567997
788,2.3522585555385946,2.2592169092143473,0.09304164632424738
789,2.4978247518532037,2.422698309187015,0.07512644266618862
790,2.298551737435155,2.193596523649853,0.10495521378530182
791,2.566244480365421,2.5059666773107927,0.060277803054628265
792,2.5589728585954576,2.477048290188348,0.08192456840710971
793,2.390487322687319,2.2956265924995782,0.09486073018774066
794,2.34857197212194,2.260550577979013,0.08802139414292709
795,2.2552297856295764,2.1469251006256824,0.10830468500389401
796,2.384199941981499,2.291663120542724,0.09253682143877517
797,2.4465599700229,2.3629348476173546,0.08362512240554532
798,2.2848585565848842,2.1804140306971638,0.10444452588772046
799,2.3712174225333187,2.288072479829981,0.0831449427033375
800,2.234882919155994,2.1271468779619727,0.10773604119402114
801,2.576957966762705,2.546086418536866,0.030871548225839263
802,2.303632365039395,2.2034170244811504,0.10021534055824466
803,2.3587245438257063,2.264256342526048,0.09446820129965827
804,2.4076427058407357,2.3282879570550405,0.07935474878569515
805,2.339183932455867,2.2406777059266156,0.09850622652925134
806,2.2959236708163546,2.2013564859608423,0.0945671848555123
807,2.445396843315813,2.3444192590653357,0.1009775842504772
808,2.749870900256294,2.760516638002895,-0.010645737746600936
809,2.4358720585496556,2.350603593372751,0.08526846517690467
810,2.3999595360348183,2.32530284250612,0.07465669352869808
811,2.3089276033987214,2.202725974750376,0.10620162864834537
812,2.2894275061765836,2.199193712293845,0.09023379388273867
813,2.405209369293184,2.3071211076561804,0.09808826163700379
814,2.4914848158170355,2.4368791420331988,0.05460567378383674
815,2.3859538192886,2.2955299011334094,0.09042391815519046
816,2.4637376411139713,2.3823501826459723,0.081387458467999
817,2.330568430805107,2.2248130769081107,0.10575535389699642
818,2.2958688291476013,2.200757020825127,0.09511180832247446
819,2.265506278774492,2.1577611800710548,0.1077450987034374
820,2.3645427920596855,2.2831276827180567,0.08141510934162888
821,2.4632535679953063,2.403207898515795,0.060045669479511066
822,2.654807437950046,2.6134355338729427,0.04137190407710323
823,2.3230362827733306,2.219026400470549,0.10400988230278152
824,2.367844596972686,2.281661066492298,0.08618353048038774
825,2.3927866101155533,2.308088320621871,0.0846982894936823
826,2.5132479664969902,2.4508570081806305,0.06239095831635977
827,2.4730046829398535,2.4028059691675594,0.07019871377229414
828,2.4197795007484255,2.3477418240081134,0.07203767674031214
829,2.4086794201585655,2.324037204810115,0.08464221534845029
830,2.348874651467591,2.2563272100214973,0.09254744144609361
831,2.3480556640398182,2.26096194026669,0.0870937237731284
832,2.2572208742997235,2.1441438498492875,0.11307702445043599
833,2.329936605111581,2.2380505293212694,0.0918860757903115
834,2.4811968812028047,2.4249059913480138,0.056290889854790915
835,2.440893443965003,2.3610978967785985,0.07979554718640447
836,2.4306975934878756,2.3526820272800992,0.07801556620777639
837,2.4122432411032273,2.3299429775112586,0.08230026359196874
838,2.3842737808513963,2.3112546433237537,0.07301913752764255
839,2.4116085630292226,2.319266805811324,0.09234175721789839
840,2.3531546256102738,2.266733204910306,0.08642142069996783
841,2.5056690380896307,2.42882160011122,0.07684743797841076
842,2.4813336039600253,2.4090032732015914,0.07233033075843398
843,2.4582941506650076,2.3909598672594887,0.06733428340551884
844,2.3247871995178686,2.231949341530998,0.09283785798687072
845,2.4159734448732544,2.350687179796197,0.06528626507705759
846,2.456066665010758,2.377506911816554,0.07855975319420372
847,2.507068578951647,2.4404792044863504,0.06658937446529656
848,2.460106515651408,2.3982771479703486,0.06182936768105929
849,2.3715300045125307,2.3049139916154067,0.06661601289712404
850,2.3451250197165936,2.259361877967975,0.08576314174861865
851,2.3053005671215914,2.2089340504733515,0.09636651664823992
852,2.3176512596019907,2.232127204826171,0.08552405477581981
853,2.5299492382794924,2.4654198874431663,0.06452935083632605
854,2.2891253950128787,2.1930254053491884,0.09609998966369027
855,2.320734179370045,2.218503636155033,0.10223054321501168
856,2.4911308690747114,2.411641286023679,0.07948958305103249
857,2.376106430505615,2.2777199744377246,0.09838645606789065
858,2.307853175978796,2.199327582464639,0.10852559351415714
859,2.343435878930786,2.248289096599869,0.09514678233091667
860,2.4318077558134403,2.362013824607051,0.06979393120638955
861,2.4438544784285248,2.3698261096631916,0.07402836876533314
862,2.6644047238491266,2.660792169222725,0.003612554626401643
863,2.2936625800381516,2.18536391149309,0.10829866854506154
864,2.416148511042551,2.339104165448839,0.0770443455937122
865,2.317460588780203,2.2239711196123935,0.09348946916780942
866,2.667046215115237,2.6418085580457573,0.02523765706947989
867,2.3232474500248275,2.229182762178281,0.09406468784654631
868,2.4601013460448296,2.3891442398438363,0.07095710620099327
869,2.289116161721076,2.1778577539495276,0.11125840777154838
870,2.451200394841049,2.3816710512258155,0.06952934361523333
871,2.4419382316441203,2.386888278067238,0.05504995357688225
872,2.655691388024943,2.6155995512792187,0.04009183674572414
873,2.375382754865574,2.2834239825657043,0.09195877229986982
874,2.381478986173301,2.2891105932414786,0.0923683929318222
875,2.4743137945621294,2.404320531446259,0.06999326311587062
876,2.6380885700862966,2.6091540535883695,0.02893451649792711
877,2.36237551086319,2.276402106140306,0.08597340472288417
878,2.4890368560849927,2.424793684930762,0.06424317115423062
879,2.4955500008954554,2.4404162243134015,0.05513377658205387
880,2.541406612048352,2.477528455453726,0.06387815659462603
881,2.34504796922838,2.2614525583449416,0.08359541088343825
882,2.727739726135131,2.704859028998672,0.022880697136459016
883,2.309045990326563,2.202003161834177,0.10704282849238611
884,2.3547270636035873,2.27374084601557,0.08098621758801716
885,2.429260912109611,2.359847320405326,0.06941359170428507
886,2.364156915342793,2.274185268152096,0.08997164719069684
887,2.331902357589734,2.245577287189603,0.08632507040013104
888,2.5298549512014774,2.4771453306515454,0.052709620549932
889,2.4779931580429815,2.399179386318942,0.07881377172403958
890,2.3824119556589736,2.307900179767234,0.07451177589173952
891,2.2896859216865413,2.184207529969835,0.10547839171670637
892,2.230507523587954,2.1162760195096793,0.11423150407827487
893,2.5056819231523986,2.446020540177547,0.05966138297485157
894,2.4730450241121242,2.4022180074630923,0.0708270166490319
895,2.3893880932233817,2.2976777154394363,0.09171037778394542
896,2.48882254701396,2.426314748916146,0.06250779809781415
897,2.47101004305381,2.378110731239596,0.09289931181421407
898,2.5616529775045023,2.4968768509029324,0.06477612660156984
899,2.398713585607847,2.309320601128963,0.08939298447888389
900,2.4323899241574285,2.352419586278888,0.07997033787854058
901,2.417336576039969,2.3291518809425527,0.08818469509741655
902,2.3295197219662818,2.2417040607726695,0.08781566119361228
903,2.396197959859821,2.3141450979264255,0.08205286193339534
904,2.3068305345246887,2.2057099923138948,0.10112054221079392
905,2.549610258027136,2.5002513273710565,0.04935893065607955
906,2.520915187513906,2.4806686864243974,0.04024650108950878
907,2.4880467407626985,2.426082912902434,0.06196382786026433
908,2.3874481463593606,2.2975384981936773,0.08990964816568336
909,2.365076673790031,2.273954923953857,0.09112174983617427
910,2.2653217557561893,2.149405337062686,0.11591641869350333
911,2.452313747913118,2.3934200461789414,0.05889370173417641
912,2.711201271233678,2.685700458304077,0.025500812929601047
913,2.290079843059641,2.1814722564665887,0.10860758659305247
914,2.3380398292012416,2.2536464626099986,0.08439336659124308
915,2.4438084510097307,2.3631090754867037,0.08069937552302697
916,2.381709850817909,2.297280810615275,0.08442904020263375
917,2.4765943043650074,2.4098138187470006,0.06678048561800676
918,2.6437885179508607,2.615050124672527,0.028738393278333607
919,2.4133289664282365,2.338951446141937,0.07437752028629951
920,2.506729942701194,2.4447187986780987,0.062011144023095266
921,2.3542422380367247,2.2652792072588963,0.08896303077782841
922,2.411820088135766,2.336962843927097,0.07485724420866902
923,2.379901916599103,2.3063725797686128,0.07352933683049034
924,2.5170335820648564,2.4647625782867997,0.05227100377805671
925,2.3490136139726907,2.261397826591558,0.08761578738113274
926,2.411382997736946,2.3357749482810064,0.07560804945593969
927,2.398515251301749,2.319113034780029,0.07940221652172008
928,2.317730840704701,2.226579678542497,0.09115116216220409
929,2.28586057727967,2.186679566024336,0.09918101125533374
930,2.5361577693630553,2.4872121336930197,0.048945635670035514
931,2.441092716972897,2.367517266797873,0.07357545017502387
932,2.491405375689309,2.427607572032886,0.06379780365642285
933,2.5131226021449784,2.435667131887236,0.07745547025774258
934,2.498234533773054,2.43052441906483,0.06771011470822375
935,2.4118354979112615,2.318236157802652,0.09359934010860949
936,2.347957437997382,2.2505202259957136,0.09743721200166844
937,2.523019010905145,2.4545186768263525,0.06850033407879241
938,2.5021407089961922,2.434412538145178,0.06772817085101401
939,2.4046775404466616,2.32634144167878,0.07833609876788161
940,2.5001134741348285,2.417468777548175,0.08264469658665341
941,2.373116022484592,2.289704459402953,0.083411563081639
942,2.402627545227792,2.3165794594410776,0.08604808578671452
943,2.3616761453094206,2.276780274441606,0.0848958708678147
944,2.543194722349038,2.5046928529925943,0.03850186935644384
945,2.3285924761557095,2.2300684482397326,0.09852402791597692
946,2.291887142784334,2.1799340540006185,0.11195308878371568
947,2.64632002337814,2.6186993832319008,0.027620640146239328
948,2.3024845274583954,2.192746888876793,0.10973763858160224
949,2.328355461547881,2.218569175153296,0.1097862863945851
950,2.431203846756326,2.3643197436694767,0.06688410308684922
951,2.43057674376512,2.352505668177756,0.07807107558736393
952,2.4220282839792224,2.333550877494299,0.08847740648492364
953,2.4021966421443284,2.3199958389315776,0.0822008032127508
954,2.402306063483947,2.313067849629843,0.08923821385410369
955,2.5943251105965617,2.5658124568864893,0.02851265371007239
956,2.360536716299684,2.262528530101687,0.09800818619799712
957,2.3621536817093634,2.280350638656124,0.08180304305323949
958,2.351153336019978,2.2465366965651428,0.10461663945483535
959,2.5580005066269074,2.512059862362616,0.045940644264291564
960,2.4183132256102593,2.348644803854213,0.06966842175604615
961,2.4498241563682757,2.3600685756553945,0.08975558071288114
962,2.3259071803917304,2.2230826962827557,0.10282448410897471
963,2.3453407933887167,2.244844008942265,0.10049678444645149
964,2.4537645520134275,2.3587144927908534,0.09505005922257403
965,2.4164191288535073,2.3348615079418864,0.08155762091162089
966,2.395172956566038,2.3131148071692755,0.08205814939676248
967,2.441986471414252,2.345666195657086,0.09632027575716595
968,2.3360950946163266,2.230450175054164,0.10564491956216271
969,2.2710039912086675,2.1630894972179338,0.10791449399073372
970,2.4135101196593016,2.329334231317752,0.08417588834154976
971,2.3712949691724248,2.2939326366037127,0.07736233256871206
972,2.366917983867599,2.269774408903812,0.09714357496378678
973,2.423906316106655,2.34432841649113,0.0795778996155252
974,2.3628312440021473,2.278631987612699,0.08419925638944825
975,2.4127334754047864,2.347696987250526,0.06503648815426066
976,2.4099178464674083,2.339173555980192,0.07074429048721642
977,2.4255829649784637,2.3576310597681736,0.06795190521029015
978,2.332779517711743,2.2391552189168533,0.09362429879488987
979,2.442230096252256,2.358209568056667,0.0840205281955888
980,2.4270112891009354,2.3451461998106367,0.08186508929029879
981,2.350037999236133,2.2464423884595717,0.10359561077656121
982,2.3094863644912147,2.2176124856185946,0.09187387887262011
983,2.3955037213201185,2.2960408879103618,0.0994628334097567
984,2.458072133438669,2.3781022950836053,0.07996983835506377
985,2.5488642478186474,2.4983955927807697,0.050468655037877674
986,2.3135052034065597,2.2143926810025354,0.09911252240402435
987,2.4957091091902166,2.4367916528418467,0.05891745634836987
988,2.407095788436162,2.33215675396762,0.07493903446854233
989,2.3481479600447046,2.256552669352575,0.0915952906921298
990,2.3931280834721997,2.3002557822852467,0.092872301186953
991,2.4364973435803616,2.356307147185851,0.08019019639451042
992,2.3822401053387217,2.2942618177918135,0.08797828754690817
993,2.3823679650951566,2.2957258648461676,0.086642100248989
994,2.4962630868717426,2.4231639953353183,0.07309909153642424
995,2.387211749580749,2.294380894204078,0.09283085537667102
996,2.4315797939597785,2.3496456097268505,0.08193418423292798
997,2.4118700890260873,2.33103689902393,0.08083319000215727
998,2.409063278380265,2.3316687594583354,0.07739451892192939
999,2.2367891235879553,2.128699670140949,0.10808945344700627
1000,2.5236630174860606,2.472608326644839,0.05105469084122172
1001,2.3541015492039823,2.2627336761922883,0.09136787301169402
1002,2.266297090670912,2.1586719537366132,0.10762513693429865
1003,2.4068579690438363,2.3288968964294545,0.07796107261438179
1004,2.4433771665910604,2.347621806905235,0.0957553596858256
1005,2.270565861862027,2.160658138151209,0.10990772371081814
1006,2.384508275116164,2.3025575638237203,0.08195071129244358
1007,2.273405312261294,2.1690878252392114,0.10431748702208266
1008,2.3391379963986596,2.2392177452749196,0.09992025112374003
1009,2.399350728968108,2.3149212143198965,0.08442951464821169
1010,2.549156175287483,2.487124858807581,0.06203131647990201
1011,2.6113834578481456,2.579852836434261,0.03153062141388441
1012,2.368930272459754,2.279513642949958,0.08941662950979623
1013,2.4435899881000798,2.3605316652941557,0.08305832280592407
1014,2.680928546259805,2.6455443956486877,0.03538415061111744
1015,2.4472811010246738,2.3599782706791115,0.0873028303455623
1016,2.5698394261781585,2.512098924414811,0.05774050176334766
1017,2.606418027714879,2.5649954195383575,0.041422608176521436
1018,2.578733712267102,2.531018802229689,0.047714910037413016
1019,2.454680741849824,2.3835861727824947,0.07109456906732925
1020,2.3257668756113485,2.237450626246975,0.08831624936437343
1021,2.6416818319334663,2.640117854277106,0.0015639776563602936
1022,2.440583443107695,2.359043947616479,0.08153949549121631
1023,2.4051987628378555,2.3170368200953284,0.08816194274252709
1024,2.328735390305207,2.2299289006792047,0.09880648962600214
1025,2.32687505141303,2.236853804509894,0.09002124690313629
1026,2.3273234135326275,2.2282397555624676,0.09908365797015994
1027,2.532328456917774,2.478905082961176,0.05342337395659813
1028,2.5801369985163314,2.5294452711355144,0.05069172738081695
1029,2.5797634128198177,2.5297838582095578,0.049979554610259935
1030,2.483578413654251,2.4171708146762034,0.06640759897804749
1031,2.293667536653414,2.1822292583492713,0.11143827830414255
1032,2.4852021229307244,2.4273858994365893,0.057816223494135066
1033,2.3377120131846953,2.250064290295251,0.08764772288944433
1034,2.4089387821304666,2.322466204273097,0.08647257785736961
1035,2.3980881654110764,2.322957931116235,0.07513023429484145
1036,2.3868510375228906,2.3167706366831653,0.07008040083972533
1037,2.490909680580994,2.42022481634443,0.07068486423656406
1038,2.4063996664344023,2.313850794016868,0.09254887241753407
1039,2.4194762099162723,2.3364892230565424,0.08298698685972994
1040,2.3384857830193284,2.2563469206132067,0.08213886240612167
1041,2.4296876585986795,2.334605893374462,0.09508176522421774
1042,2.345520027284714,2.2548036036818844,0.09071642360282972
1043,2.474754585369602,2.3931170004237416,0.08163758494586038
1044,2.294445675452983,2.1956337067131657,0.09881196873981724
1045,2.3986961229489103,2.3064391228482832,0.0922570001006271
1046,2.3663286139811945,2.2879221819155546,0.07840643206563991
1047,2.2827190634069283,2.17759045855922,0.10512860484770847
1048,2.845960244602603,2.8669683553401586,-0.021008110737555707
1049,2.3006581469362235,2.20590063559244,0.0947575113437833
1050,2.3587830991033307,2.2661318453849733,0.09265125371835747
1051,2.524309626178155,2.478936843255217,0.045372782922938004
1052,2.370107856284682,2.2743755155931247,0.09573234069155712
1053,2.473177303712612,2.4079266416279506,0.06525066208466157
1054,2.278738394473043,2.1706736944227685,0.10806470005027435
1055,2.383092091301905,2.2923388420197233,0.09075324928218187
1056,2.389927648536441,2.3031456806200583,0.08678196791638282
1057,2.471749287904227,2.4292795574372117,0.04246973046701541
1058,2.4693653691264537,2.3888038308191835,0.0805615383072702
1059,2.5598471256654514,2.512660564851144,0.04718656081430739
1060,2.7553114156284155,2.760780834159142,-0.0054694185307266885
1061,2.6292984189099053,2.5942940379255064,0.03500438098439895
1062,2.5923209088601182,2.5512751391006567,0.0410457697594615
1063,2.335173304585605,2.229732465230963,0.10544083935464199
1064,2.446713976137431,2.378135180954776,0.06857879518265486
1065,2.2043454687540627,2.087727517613882,0.11661795114018059
1066,2.4636572063543123,2.414126173503605,0.04953103285070748
1067,2.3570002441575286,2.2678273315062674,0.08917291265126126
1068,2.3337204217934913,2.235527345054933,0.09819307673855837
1069,2.2415695153986457,2.1291850236443697,0.112384491754276
1070,2.561213259608482,2.5047947689580385,0.05641849065044324
1071,2.4427633435901748,2.3714308110503715,0.07133253253980332
1072,2.3597280249595913,2.2645276050872316,0.09520041987235972
1073,2.370253883851566,2.2734136053520597,0.09684027849950638
1074,2.4205350479212075,2.3562649383122043,0.06427010960900326
1075,2.4323112460155563,2.357789494389611,0.07452175162594532
1076,2.3895048952527764,2.302416892855473,0.0870880023973033
1077,2.4192770624714695,2.3325268109884285,0.08675025148304094
1078,2.3708640300217656,2.2803326482918633,0.09053138172990227
1079,2.4087565060691754,2.330473399526185,0.07828310654299031
1080,2.353430135499167,2.256917187905454,0.09651294759371298
1081,2.347348171841597,2.2435129384223194,0.1038352334192778
1082,2.433537385359589,2.3505079526418093,0.08302943271777963
1083,2.3801166945500327,2.29865559732763,0.08146109722240258
1084,2.298650197365405,2.19835532214443,0.10029487522097513
1085,2.423406536097396,2.345643694130387,0.07776284196700933
1086,2.4925733138965724,2.423993263252233,0.06858005064433925
1087,2.31853895440644,2.213706953289231,0.10483200111720903
1088,2.4555369476628717,2.3810397128813636,0.07449723478150805
1089,2.42472834810433,2.35145547794627,0.07327287015805961
1090,2.5934875880847255,2.5521887602573967,0.04129882782732874
1091,2.6309313290245853,2.5783729607555377,0.052558368269047584
1092,2.3466727124417224,2.248969964715501,0.09770274772622134
1093,2.5113547212759983,2.441264652169989,0.07009006910600935
1094,2.4306766069494548,2.356817375664985,0.07385923128446992
1095,2.3837748327214627,2.2852803127572043,0.0984945199642584
1096,2.370061465318661,2.2806331775118585,0.08942828780680268
1097,2.335014395696183,2.239313044774528,0.09570135092165488
1098,2.356482534719939,2.2636451484615185,0.09283738625842064
1099,2.4376591974150785,2.3787594564544237,0.05889974096065487
1100,2.4555502502583026,2.373384232901438,0.0821660173568648
1101,2.468997490738892,2.4143875166926896,0.05460997404620249
1102,2.3547391881485207,2.262978150115977,0.09176103803254376
1103,2.428979821000014,2.3369415233273627,0.09203829767265148
1104,2.4182521435085658,2.355014491219777,0.06323765228878875
1105,2.3765010104950797,2.291727709204294,0.08477330129078586
1106,2.51167892166385,2.4434978089973804,0.06818111266646953
1107,2.3674999056155306,2.2701368173994005,0.09736308821613004
1108,2.342251275091086,2.2500409437244544,0.09221033136663159
1109,2.4404037882577665,2.371631092513332,0.06877269574443456
1110,2.3312185322032715,2.235883581992443,0.0953349502108285
1111,2.4448506807813266,2.3854971471793407,0.05935353360198592
1112,2.3782773849935523,2.2828072142791935,0.09547017071435882
1113,2.465492470958719,2.4116119923054926,0.053880478653226316
1114,2.3002631366510786,2.203653777411034,0.09660935924004477
1115,2.4148988311372173,2.3300675321471966,0.08483129899002062
1116,2.4596199533722345,2.3881663691260813,0.07145358424615322
1117,2.428176250560874,2.3655496883180294,0.06262656224284457
1118,2.370518174335861,2.289773949946052,0.0807442243898091
1119,2.3792238529183867,2.284881952680126,0.09434190023826083
1120,2.3417963883688566,2.244978803961153,0.09681758440770372
1121,2.4900952772607763,2.419117470488449,0.07097780677232723
1122,2.3819527361285853,2.30466913009893,0.07728360602965534
1123,2.5721191408958277,2.526720496779358,0.045398644116469544
1124,2.39901335224906,2.3111119802123103,0.08790137203674986
1125,2.3190621537040528,2.2129836070729922,0.10607854663106053
1126,2.245508236216988,2.1357662589480393,0.10974197726894852
1127,2.410347765536694,2.3149831634453406,0.09536460209135322
1128,2.3994071656097016,2.3226170590161423,0.07679010659355923
1129,2.467173017095816,2.4005074430508686,0.06666557404494755
1130,2.468223332487735,2.4135421665744707,0.05468116591326444
1131,2.3153189185129346,2.2172229863747464,0.09809593213818824
1132,2.37186671740147,2.274498248548782,0.09736846885268813
1133,2.503659638849983,2.43147190872119,0.07218773012879298
1134,2.2481599182160252,2.1308483418609163,0.11731157635510892
1135,2.477720605106664,2.417805657994997,0.059914947111666894
1136,2.4942984578073983,2.4142523382498524,0.08004611955754593
1137,2.406177042214666,2.3272690189285545,0.07890802328611146
1138,2.4167731617188237,2.3505710542005254,0.06620210751829836
1139,2.518015581732691,2.4374098793409256,0.08060570239176545
1140,2.3622782662124386,2.2708001050154984,0.09147816119694019
1141,2.3995531324857753,2.3117068293977905,0.0878463030879848
1142,2.2620175704073735,2.1565761881604124,0.10544138224696109
1143,2.4513485818474767,2.4023156109299477,0.049032970917529006
1144,2.4392470955656034,2.3710130026739944,0.06823409289160898
1145,2.5354157789767116,2.5014374414213805,0.033978337555331084
1146,2.2989288613486933,2.1950440572953975,0.10388480405329581
1147,2.396144332366186,2.3046507925919277,0.09149353977425845
1148,2.467591010287457,2.4011611130817356,0.06642989720572157
1149,2.301366988804293,2.207344347722615,0.0940226410816778
1150,2.4895041460557357,2.433177851232287,0.05632629482344864
1151,2.3710705789957673,2.280128974280226,0.09094160471554114
1152,2.2652568333122813,2.1666556558961108,0.09860117741617058
1153,2.4821675704691755,2.404354793168951,0.0778127773002244
1154,2.368611098961719,2.283448668519926,0.08516243044179284
1155,2.385284127425371,2.2936768166625003,0.09160731076287076
1156,2.4039478317347855,2.31760796682724,0.08633986490754575
1157,2.4112705809598136,2.349033064555655,0.062237516404158644
1158,2.3575280991334084,2.2663664876606178,0.09116161147279067
1159,2.447628067104055,2.373082496902126,0.07454557020192931
1160,2.4274993665892244,2.3484361299252496,0.07906323666397475
1161,2.4135396201498676,2.332655629286211,0.0808839908636565
1162,2.3294297464488998,2.237456724473511,0.09197302197538892
1163,2.4197434398433177,2.3417364095534743,0.07800703028984346
1164,2.3961681993602015,2.3211911984854954,0.07497700087470616
1165,2.427607818231738,2.3408933819532005,0.08671443627853748
1166,2.388266973045672,2.292015780824483,0.09625119222118883
1167,2.5789055050025937,2.551633934113742,0.02727157088885157
1168,2.4485795095243197,2.37318446958188,0.0753950399424399
1169,2.648304730124752,2.624015692697678,0.024289037427074334
1170,2.39256711929604,2.309812324908606,0.0827547943874336
1171,2.3679676267813226,2.2799089976949793,0.08805862908634321
1172,2.2685342414639043,2.156463402261888,0.11207083920201644
1173,2.3962570216396433,2.3216478383318315,0.07460918330781174
1174,2.5141186299303,2.4506389176235746,0.06347971230672567
1175,2.3428589295898434,2.2494788682028806,0.09338006138696286
1176,2.2735276606458124,2.1607789385474567,0.11274872209835562
1177,2.3330999561235557,2.2292641754044595,0.10383578071909616
1178,2.370868034034539,2.2814556761108435,0.0894123579236954
1179,2.360935772105465,2.2706469093595247,0.09028886274594017
1180,2.407248303573082,2.336465405711193,0.07078289786188874
1181,2.535788806171537,2.4840931349003568,0.05169567127118002
1182,2.2368976921766137,2.123348211390751,0.11354948078586258
1183,2.3035776017669387,2.2006407916422632,0.10293681012467548
1184,2.3884385729325808,2.2936285352352543,0.09481003769732643
1185,2.482243015426527,2.4232821816091974,0.05896083381732975
1186,2.3805153001245856,2.293526256122322,0.0869890440022636
1187,2.371662461542207,2.2860992079699516,0.08556325357225525
1188,2.392478472598642,2.310898752195928,0.081579720402714
1189,2.3524754919447193,2.2694590351181008,0.08301645682661851
1190,2.3665938173021837,2.2809576310777486,0.08563618622443503
1191,2.3936731629866608,2.3287392958495468,0.06493386713711402
1192,2.285404912687241,2.1772903508514663,0.10811456183577484
1193,2.366485099373281,2.2814662379920123,0.0850188613812688
1194,2.5298522449292333,2.4744813813855338,0.05537086354369958
1195,2.6053703163674307,2.5617994627859475,0.04357085358148316
1196,2.485593119738368,2.421347158942174,0.06424596079619382
1197,2.358578057193278,2.2562305132996876,0.10234754389359058
1198,2.557864716829825,2.513023750629692,0.044840966200133
1199,2.3112689180210917,2.2110838398440644,0.10018507817702726
1200,2.3235977064502435,2.221244383350239,0.10235332310000445
1201,2.2466093696550704,2.1437505428085886,0.10285882684648184
1202,2.2485507174287473,2.140737226561287,0.10781349086746017
1203,2.4651313607116285,2.384819126461694,0.08031223424993472
1204,2.324331708005042,2.223857149634054,0.10047455837098829
1205,2.467190551803684,2.391910200862125,0.07528035094155916
1206,2.4451429465040464,2.360029607236555,0.0851133392674912
1207,2.3689767133195936,2.278547049680785,0.09042966363880867
1208,2.293163059275082,2.1895380190616742,0.10362504021340779
1209,2.3305572897559377,2.2249258569981047,0.10563143275783293
1210,2.3090404737867094,2.209005914963066,0.10003455882364332
1211,2.251560340390431,2.1423259808117243,0.10923435957870664
1212,2.3195647481263095,2.218289368573666,0.10127537955264332
1213,2.395780206987219,2.312724105085083,0.08305610190213608
1214,2.3419196702662326,2.2529510547037748,0.08896861556245783
1215,2.470408080493267,2.393053211811886,0.0773548686813812
1216,2.3099338720491955,2.223445966059186,0.08648790599000966
1217,2.3234653889914214,2.231250602258637,0.09221478673278449
1218,2.501187928216792,2.4514860343301224,0.04970189388666979
1219,2.4093252934615026,2.3311535804662227,0.07817171299527992
1220,2.4475881979409717,2.3771592984950463,0.07042889944592545
1221,2.627389143068014,2.584390026247815,0.04299911682019886
1222,2.4747790458723076,2.388069682268369,0.08670936360393844
1223,2.496064941870006,2.4285056414210944,0.06755930044891167
1224,2.33367834117249,2.245421617475967,0.08825672369652304
1225,2.3040448698759177,2.2004927749331924,0.10355209494272533
1226,2.362330967135582,2.270999934141512,0.09133103299406997
1227,2.3994787730206015,2.3098536181127463,0.08962515490785528
1228,2.2693999764002677,2.153405727079695,0.11599424932057278
1229,2.426370404084567,2.3437930438359262,0.08257736024864082
1230,2.5193698465668146,2.4501778136312597,0.06919203293555487
1231,2.4130789054407926,2.3318508644215754,0.08122804101921721
1232,2.294263270284639,2.1867725045326463,0.10749076575199279
1233,2.3536836432946613,2.2642466586729806,0.0894369846216807
1234,2.388320549976975,2.2912082294595217,0.09711232051745311
1235,2.454536160056694,2.3847616295896956,0.06977453046699855
1236,2.3926329114529494,2.3212513113023556,0.0713816001505938
1237,2.2349169807685465,2.1253387196121794,0.10957826115636715
1238,2.4730445562488725,2.3992511910469467,0.07379336520192581
1239,2.32899133820641,2.2362144333396805,0.09277690486672929
1240,2.5289460558791914,2.4773723627939392,0.05157369308525217
1241,2.440204126088241,2.3650130939793437,0.07519103210889755
1242,2.4873084935466276,2.4261097446461912,0.06119874890043642
1243,2.45849332617705,2.39278844132209,0.06570488485496018
1244,2.666207509080069,2.6302938993651814,0.03591360971488777
1245,2.4232634027379016,2.3425861287132625,0.08067727402463909
1246,2.499233747204655,2.4346451162980958,0.06458863090655909
1247,2.366184183582101,2.2681263464824517,0.09805783709964944
1248,2.7024151147674194,2.668464947352711,0.03395016741470824
1249,2.300948361366027,2.192552669037306,0.10839569232872082
1250,2.4112154867221784,2.335600098465588,0.07561538825659042
1251,2.3080851929886887,2.211858912177412,0.0962262808112766
1252,2.2996014610478723,2.195302413279016,0.10429904776885612
1253,2.372634196395119,2.2787333271308006,0.0939008692643184
1254,2.4636010908026837,2.396252394587512,0.0673486962151717
1255,2.591972432432345,2.5673196602997064,0.024652772132638834
1256,2.4894076107701064,2.411475571665323,0.07793203910478352
1257,2.278821658330526,2.18305704147192,0.09576461685860593
1258,2.3113737447410396,2.2057694449939653,0.1056042997470743
1259,2.2772136450521607,2.167955657638229,0.10925798741393189
1260,2.3371917699869673,2.2501800443135127,0.08701172567345461
1261,2.704238864111429,2.691812838892364,0.012426025219065107
1262,2.5394836744248246,2.4794298177637972,0.06005385666102736
1263,2.286084788437763,2.1841992550000358,0.1018855334377271
1264,2.5988712913727987,2.5627201347546054,0.03615115661819335
1265,2.396352580613818,2.3075936169623197,0.08875896365149849
1266,2.4264810259124814,2.3434424758715653,0.08303855004091609
1267,2.3943517027350203,2.3204644684928684,0.07388723424215193
1268,2.4902915337696796,2.4273527279357023,0.06293880583397726
1269,2.46829330341385,2.386880241474013,0.08141306193983722
1270,2.5400644252068925,2.470352278137745,0.06971214706914752
1271,2.3144563511168763,2.222373468802927,0.09208288231394945
1272,2.554963288083309,2.4786720897098258,0.0762911983734833
1273,2.5606565243626855,2.4883244379630924,0.0723320863995931
1274,2.55152496012654,2.5033716694795354,0.0481532906470048
1275,2.2885271273236265,2.1793660742715115,0.10916105305211499
1276,2.4872517893496338,2.42597226336424,0.06127952598539377
1277,2.252413959414238,2.1415324359747583,0.11088152343947977
1278,2.487676024010445,2.4112716878127487,0.07640433619769649
1279,2.471686648086112,2.4021144285433973,0.06957221954271464
1280,2.42582834230861,2.358393382320382,0.06743495998822802
1281,2.485430376019765,2.405210926781147,0.08021944923861835
1282,2.3021161879044003,2.20917907260971,0.09293711529469029
1283,2.4316290220583237,2.3565593066863304,0.07506971537199325
1284,2.5608642775904604,2.5140370349970778,0.04682724259338267
1285,2.390761927485365,2.3083329823999126,0.08242894508545229
1286,2.3217154467322727,2.224858632131315,0.09685681460095763
1287,2.3707430595767347,2.269096063237523,0.1016469963392117
1288,2.3238760580901867,2.2228373880002033,0.10103867008998346
1289,2.4049078680296394,2.335901910659125,0.06900595737051463
1290,2.4347041080544503,2.355663779172545,0.07904032888190526
1291,2.432415566975704,2.341950326640913,0.09046524033479075
1292,2.3986239166005916,2.3083584315948453,0.09026548500574627
1293,2.5361653114499387,2.476578170898289,0.05958714055164993
1294,2.365515371561282,2.2823318833649253,0.08318348819635668
1295,2.5373456412154134,2.4912817279291994,0.04606391328621395
1296,2.3767133642581957,2.276780258666019,0.09993310559217683
1297,2.258407797292444,2.1492895336347266,0.10911826365771748
1298,2.337850970775531,2.255262553024212,0.0825884177513192
1299,2.415113868885397,2.325655637675699,0.08945823120969765
1300,2.4041138564983826,2.325525647983188,0.07858820851519477
1301,2.3234904622918764,2.22007972327859,0.10341073901328635
1302,2.4007012706049067,2.3128166349345345,0.08788463567037219
1303,2.422291915855687,2.3413683539872023,0.08092356186848448
1304,2.502714690052037,2.4451356400817477,0.05757904997028929
1305,2.3872274646267693,2.300379898515356,0.08684756611141342
1306,2.512707793462904,2.4489811468119664,0.06372664665093764
1307,2.4159250005620256,2.3354764420148415,0.08044855854718413
1308,2.42967118529613,2.353822442006809,0.0758487432893209
1309,2.394235606276532,2.3164560642853655,0.07777954199116666
1310,2.3083178917294638,2.213070868641296,0.0952470230881679
1311,2.2291877220610807,2.1224893556434483,0.10669836641763242
1312,2.4209846927841165,2.3447211521413536,0.07626354064276297
1313,2.471257237127936,2.381023052146253,0.09023418498168301
1314,2.415601062756623,2.3478108555388766,0.06779020721774653
1315,2.287079963506704,2.177627445687107,0.10945251781959708
1316,2.418116366739877,2.339959625039574,0.07815674170030285
1317,2.3196931785457804,2.219573898068206,0.10011928047757435
1318,2.2530627911318084,2.139459614863332,0.1136031762684766
1319,2.3502547058568894,2.259407744368987,0.09084696148790261
1320,2.3075294898567984,2.212845212725016,0.0946842771317824
1321,2.359094478932086,2.2722647465324024,0.08682973239968339
1322,2.3790115245739765,2.2916802799254965,0.08733124464847997
1323,2.3942544551998224,2.307611457335793,0.08664299786402951
1324,2.3142938723951305,2.212374694170621,0.10191917822450947
1325,2.3430595245304953,2.2462004069422865,0.09685911758820875
1326,2.5212318658717066,2.4461197665465737,0.07511209932513285
1327,2.477225528034554,2.402302915990009,0.0749226120445452
1328,2.2900457530578566,2.197396323610317,0.09264942944753951
1329,2.261005362115279,2.161808825397297,0.09919653671798212
1330,2.3684809497350683,2.281178296530983,0.08730265320408526
1331,2.477589872236543,2.429660447803532,0.04792942443301085
1332,2.3706564917501396,2.2763178223077833,0.09433866944235625
1333,2.345184800278726,2.2337997955056617,0.11138500477306446
1334,2.304007175421974,2.189098759811565,0.11490841561040899
1335,2.362006802828987,2.2685787921761165,0.09342801065287043
1336,2.3797704085361557,2.291593945472078,0.08817646306407756
1337,2.3830556297771532,2.2852455423860234,0.09781008739112984
1338,2.310442485996669,2.20081779103265,0.10962469496401894
1339,2.4578002448208913,2.3799244693573645,0.07787577546352686
1340,2.385871085365576,2.2975639968410433,0.0883070885245325
1341,2.3332523136544454,2.2401371099956413,0.0931152036588041
1342,2.4087910912445407,2.3252745525148475,0.08351653872969322
1343,2.6499533351489504,2.6030798093691603,0.04687352577979009
1344,2.345554696007118,2.257299366036931,0.08825532997018692
1345,2.411109002602732,2.3178502729638506,0.09325872963888138
1346,2.385329037549908,2.300026333670319,0.08530270387958927
1347,2.284788269072911,2.1839249408424193,0.1008633282304916
1348,2.3292556342989847,2.2254166686022603,0.10383896569672446
1349,2.421975768395119,2.3327466066750926,0.08922916172002626
1350,2.397697004816076,2.3092782326378294,0.08841877217824656
1351,2.5240379569989195,2.452238592953372,0.07179936404554743
1352,2.486769766480641,2.403361074590045,0.08340869189059585
1353,2.438595898274128,2.351141879631174,0.08745401864295399
1354,2.5252656439922094,2.45909331234709,0.06617233164511926
1355,2.3483678724289336,2.256156822229567,0.0922110501993667
1356,2.30527583389843,2.2068042989026435,0.09847153499578631
1357,2.432392889054274,2.371809899469617,0.06058298958465702
1358,2.3475965172360183,2.253042845883496,0.09455367135252235
1359,2.548632264095933,2.5162362892923213,0.03239597480361178
1360,2.4221884640690168,2.325306006587384,0.09688245748163293
1361,2.4276534946746535,2.356473178786812,0.07118031588784168
1362,2.3171668252322846,2.222247737710359,0.09491908752192568
1363,2.4112300743054065,2.322309867653548,0.08892020665185862
1364,2.328961650896359,2.2320706881684442,0.09689096272791486
1365,2.4728371699735154,2.3949424133916906,0.07789475658182488
1366,2.3857780152803696,2.302242911198051,0.08353510408231868
1367,2.403508246543257,2.3353331795755867,0.06817506696767017
1368,2.3621794787334527,2.2622378611770877,0.09994161755636499
1369,2.350991886469399,2.2684675071862235,0.08252437928317535
1370,2.303898083054507,2.206884253951836,0.09701382910267098
1371,2.5653111777550985,2.511980946621623,0.05333023113347535
1372,2.330783514388793,2.238170070945029,0.09261344344376399
1373,2.466992024406295,2.386044246220189,0.08094777818610588
1374,2.356072160094203,2.260434819501258,0.09563734059294493
1375,2.4534006361140874,2.3751243789449097,0.07827625716917774
1376,2.484278305903275,2.4090162380567457,0.07526206784652922
1377,2.348167291585627,2.262580613908277,0.08558667767734995
1378,2.3596424989065254,2.2627229881023125,0.0969195108042129
1379,2.6436237947433816,2.61772232649328,0.025901468250101534
1380,2.370364363538114,2.276719466900134,0.09364489663798015
1381,2.44815851186975,2.3610205049124273,0.08713800695732266
1382,2.3988708602126794,2.3249075503145544,0.07396330989812494
1383,2.411067604755854,2.3381827983334698,0.07288480642238415
1384,2.3618665349301664,2.265067134952982,0.09679939997718456
1385,2.3096645597796233,2.2003774836897048,0.1092870760899185
1386,2.335129823501085,2.2449803033785667,0.0901495201225182
1387,2.6441186112746253,2.6163810193954027,0.027737591879222645
1388,2.4324654846688225,2.368015388583064,0.06445009608575836
1389,2.660564211102701,2.639322361903667,0.021241849199034046
1390,2.3827761320007035,2.307362834055014,0.07541329794568963
1391,2.371983750864798,2.2998489605748653,0.07213479028993275
1392,2.4431540908837763,2.374457568005132,0.06869652287864447
1393,2.276577475330388,2.174822528668472,0.10175494666191609
1394,2.2969669051712565,2.1959966284457546,0.10097027672550185
1395,2.491960064137579,2.410825451042928,0.08113461309465109
1396,2.756373845564789,2.7692837671333725,-0.012909921568583727
1397,2.232864855767992,2.126258352044019,0.1066065037239734
1398,2.470683687266731,2.410390892662596,0.06029279460413495
1399,2.452971109512508,2.3852536641750146,0.06771744533749358
1400,2.4587753078727066,2.3810237704938606,0.07775153737884599
1401,2.3885649195124605,2.2947369812699283,0.09382793824253222
1402,2.41098533376253,2.3306246944199205,0.08036063934260973
1403,2.3529937325917816,2.2652022284582665,0.08779150413351511
1404,2.3897801644668566,2.306338816991738,0.08344134747511855
1405,2.423105338984157,2.3384461229821127,0.08465921600204407
1406,2.516902290010685,2.452720303654047,0.06418198635663819
1407,2.481330455603701,2.4132033279115093,0.06812712769219154
1408,2.285842511238455,2.1705535983302404,0.11528891290821441
1409,2.3427227880937007,2.244479046878797,0.09824374121490376
1410,2.6295395368903716,2.597099616704794,0.03243992018557762
1411,2.5155469897979184,2.4589826976333615,0.05656429216455683
1412,2.3987513655876724,2.3061634504211925,0.0925879151664799
1413,2.4409881650326417,2.3750327343400963,0.06595543069254539
1414,2.527428991759838,2.492269467588622,0.03515952417121593
1415,2.457008936785869,2.391718712589351,0.06529022419651787
1416,2.4411908194838436,2.3539035710647616,0.08728724841908209
1417,2.3718429705033275,2.282530114502,0.08931285600132766
1418,2.36330592203095,2.272478266216596,0.09082765581435392
1419,2.3724222114597735,2.28487185062008,0.08755036083969348
1420,2.3432928723996196,2.25757961445374,0.08571325794587947
1421,2.4065933872573817,2.338630940014757,0.06796244724262479
1422,2.291032939243017,2.1789588158654976,0.11207412337751954
1423,2.343017184086765,2.2471542388956394,0.0958629451911257
1424,2.4133806442962533,2.335235653810799,0.07814499048545454
1425,2.4353113588205586,2.3609889527429133,0.07432240607764529
1426,2.432003046782307,2.3459754620569786,0.08602758472532823
1427,2.3862478914539773,2.2953316980801497,0.09091619337382761
1428,2.411888602994484,2.3328141413277566,0.07907446166672738
1429,2.4036646579634593,2.30162659258787,0.10203806537558924
1430,2.45258872576335,2.3877416004359135,0.0648471253274363
1431,2.3100165998812057,2.212831779947449,0.09718481993375683
1432,2.324459914223182,2.2293545686148937,0.09510534560828843
1433,2.500805465305057,2.4379202021090376,0.06288526319601928
1434,2.411139691300504,2.335755068241707,0.07538462305879667
1435,2.4511606641841444,2.381149194529894,0.0700114696542502
1436,2.3734628980908146,2.2840343181108165,0.08942857997999809
1437,2.370463291111808,2.283406018018739,0.08705727309306877
1438,2.2881614506098895,2.1813084328710755,0.10685301773881406
1439,2.395829435057043,2.31563291828051,0.08019651677653261
1440,2.3620696626310678,2.282776002359064,0.07929366027200357
1441,2.3726105943808524,2.289393057656409,0.08321753672444343
1442,2.5580806297596355,2.504418685309322,0.05366194445031347
1443,2.3062418632133617,2.2128778275987107,0.09336403561465101
1444,2.345732688145941,2.2500968058182416,0.09563588232769948
1445,2.392388741672124,2.295563734644961,0.09682500702716323
1446,2.3231657427433023,2.221568634073518,0.10159710866978422
1447,2.4163799053099773,2.3403464487976073,0.07603345651236992
1448,2.4329546815528125,2.3611338350370157,0.07182084651579679
1449,2.384334631392694,2.29939557742877,0.08493905396392387
1450,2.62223950347694,2.6065301862248877,0.01570931725205238
1451,2.5434674365435703,2.4988232952750815,0.04464414126848881
1452,2.342608876380464,2.258063780630394,0.08454509575006997
1453,2.4295000102425424,2.356276700478839,0.07322330976370317
1454,2.4032394358154283,2.3150643374605164,0.08817509835491188
1455,2.3874799434423615,2.2915337687778945,0.09594617466446698
1456,2.51381005810994,2.454371774874271,0.0594382832356688
1457,2.4587303803450515,2.3913181106683616,0.0674122696766899
1458,2.360303222954147,2.28297455136465,0.07732867158949697
1459,2.447766214225037,2.3506631335403187,0.09710308068471818
1460,2.2581993324767273,2.141133972225105,0.11706536025162251
1461,2.5314805451338955,2.4665102066459363,0.06497033848795919
1462,2.2782841085086765,2.161627756404663,0.11665635210401337
1463,2.5201316854297655,2.4488466060472427,0.07128507938252282
1464,2.4020993634618484,2.3284287672436172,0.07367059621823113
1465,2.3428884518662576,2.2436606245914046,0.09922782727485302
1466,2.4077284609939698,2.3298820039803663,0.07784645701360349
1467,2.512456351141163,2.4586918201269055,0.0537645310142576
1468,2.355359040009399,2.265404650836328,0.08995438917307075
1469,2.5019336138294177,2.4540504889206023,0.04788312490881541
1470,2.39410775181767,2.320715094981609,0.07339265683606078
1471,2.463336395311144,2.4044673166335526,0.05886907867759117
1472,2.352883354881365,2.263010547267568,0.0898728076137969
1473,2.3482837082169175,2.26254135764347,0.08574235057344737
1474,2.258490391121263,2.1442838132448174,0.11420657787644561
1475,2.3805826949748643,2.3055763940287184,0.07500630094614591
1476,2.3685327311388793,2.2828181571897015,0.08571457394917781
1477,2.299757706529857,2.1965519886377467,0.1032057178921102
1478,2.3749897710623955,2.294029910198847,0.08095986086354845
1479,2.2635349266621314,2.1608676611629987,0.10266726549913274
1480,2.472915695028421,2.406210794254381,0.0667049007740399
1481,2.368965177735996,2.2785980762486617,0.09036710148733418
1482,2.3259189802647193,2.2269634294321654,0.09895555083255392
1483,2.3470536562063846,2.2463140840594984,0.10073957214688622
1484,2.3664647730549992,2.274224502595091,0.09224027045990812
1485,2.467891452979986,2.3835246509459562,0.08436680203402958
1486,2.3437030974343522,2.2479305345921046,0.09577256284224767
1487,2.442107747268185,2.3707260316327328,0.07138171563545237
1488,2.5152811984027554,2.4646483069662084,0.050632891436547034
1489,2.4902406499801817,2.430719427402324,0.059521222577857635
1490,2.3062961241263236,2.2071124377693625,0.09918368635696106
1491,2.325842595836863,2.2385896038840953,0.08725299195276781
1492,2.3504444416555716,2.2451002875188646,0.10534415413670706
1493,2.4014852389654013,2.3156556029664155,0.08582963599898585
1494,2.38363306157717,2.2974519036438057,0.08618115793336445
1495,2.4376690599745108,2.378722848551725,0.058946211422785666
1496,2.3783668113924827,2.2878125611555844,0.09055425023689834
1497,2.3822759577859953,2.285067080832141,0.09720887695385416
1498,2.490423757209278,2.4415513240514066,0.0488724331578716
1499,2.448969450507304,2.3845975851455607,0.06437186536174311
1500,2.637148781583828,2.590186320704303,0.046962460879524937
1501,2.408345658712529,2.322733189547216,0.08561246916531307
1502,2.3850960014078937,2.2992965271030905,0.08579947430480317
1503,2.4256262931185644,2.3398918845615344,0.08573440855702996
1504,2.5661626556472146,2.5396162902198856,0.02654636542732902
1505,2.526696237439219,2.4788331203527822,0.047863117086436535
1506,2.3835202006023564,2.2966371879079364,0.08688301269442
1507,2.40103023676788,2.3232333277486474,0.07779690901923253
1508,2.304934001389555,2.199661617976968,0.10527238341258682
1509,2.4940368326072795,2.4287159357562755,0.06532089685100395
1510,2.218256463132606,2.1068605200352795,0.11139594309732637
1511,2.5451933287394146,2.481991231792277,0.06320209694713741
1512,2.4116678198172408,2.333377864474713,0.07828995534252758
1513,2.3150524567205193,2.217715185272713,0.09733727144780646
1514,2.4500698414706163,2.374915903009239,0.0751539384613773
1515,2.3735445766678587,2.286128234389518,0.0874163422783405
1516,2.474534891348078,2.3922519390045385,0.08228295234353933
1517,2.447556476512835,2.3684424981044025,0.07911397840843248
1518,2.295305161925953,2.193963256994028,0.10134190493192508
1519,2.4038625140911365,2.316805208931196,0.08705730515994059
1520,2.333043100355263,2.2365886335709817,0.09645446678428149
1521,2.3885832946544645,2.304189074037517,0.08439422061694746
1522,2.299037945269957,2.205202122908101,0.09383582236185628
1523,2.451129839770515,2.375687932169213,0.07544190760130176
1524,2.313046807224545,2.2065133260685554,0.10653348115598948
1525,2.304904052687596,2.210960001149746,0.09394405153785002
1526,2.4020737868188218,2.3097225487396496,0.09235123807917223
1527,2.3471542985576552,2.263364939502626,0.08378935905502916
1528,2.3782183407833055,2.2852701740382826,0.09294816674502293
1529,2.449516292302633,2.3745753083207055,0.07494098398192728
1530,2.446085729050827,2.3621455689462363,0.0839401601045906
1531,2.3853375101236023,2.306465483815138,0.07887202630846435
1532,2.354824696216819,2.2701214956855447,0.08470320053127445
1533,2.431087941131868,2.3400352332865246,0.09105270784534358
1534,2.3649667102190595,2.2818245497078795,0.08314216051117995
1535,2.555548260377396,2.5038875283417537,0.051660732035642365
1536,2.364016721775064,2.284451128815482,0.07956559295958199
1537,2.4192379053411304,2.3284281318921276,0.09080977344900276
1538,2.4438137317715647,2.3817020031420877,0.062111728629477
1539,2.322429802409526,2.2339417931123284,0.08848800929719758
1540,2.5559894894967834,2.5103022942793745,0.04568719521740894
1541,2.287986548397527,2.191421906531863,0.09656464186566405
1542,2.3302025396224106,2.2258764584038278,0.10432608121858289
1543,2.317158454226867,2.209404205867975,0.10775424835889202
1544,2.3803576521827607,2.279896057498858,0.1004615946839027
1545,2.3316823309239556,2.2450929235957204,0.08658940732823517
1546,2.2694548754412365,2.1636320443471426,0.10582283109409385
1547,2.6011580076683183,2.545043038874632,0.05611496879368616
1548,2.307252321052563,2.2065587644236593,0.10069355662890356
1549,2.4541976634662412,2.396779174567593,0.05741848889864842
1550,2.4553500839545266,2.380679444851514,0.07467063910301253
1551,2.439119428607528,2.3528424537657826,0.08627697484174535
1552,2.45726465451234,2.3831400293386484,0.07412462517369178
1553,2.33225612432056,2.2432971757258398,0.08895894859472042
1554,2.311781895478989,2.209237704612212,0.10254419086677702
1555,2.384558469164312,2.313633666400516,0.07092480276379609
1556,2.2931025353787793,2.1913419841214865,0.10176055125729278
1557,2.4252916147121297,2.3456010652271844,0.07969054948494536
1558,2.3864415537901222,2.306361457258795,0.08008009653132708
1559,2.309217915978207,2.217910062017803,0.09130785396040375
1560,2.3065926767832456,2.2020353126610894,0.10455736412215622
1561,2.3048022093760836,2.2075457964578074,0.09725641291827625
1562,2.3885414639311433,2.3024487538207534,0.08609271011038988
1563,2.54644951981617,2.4730537905945007,0.07339572922166937
1564,2.375050308648122,2.2815290171610982,0.09352129148702382
1565,2.346257428164856,2.2428365921030085,0.1034208360618476
1566,2.436884385490005,2.3527596179712362,0.08412476751876863
1567,2.3592956298506995,2.271936078163439,0.0873595516872605
1568,2.3269212497860026,2.2427618577009514,0.08415939208505119
1569,2.5899806590597474,2.538288060044075,0.05169259901567225
1570,2.2889008772708452,2.1889923085758847,0.09990856869496056
1571,2.3032568692675577,2.212241892093719,0.09101497717383866
1572,2.4995557082437956,2.425326195883395,0.07422951236040065
1573,2.524560419198391,2.4868447983516706,0.0377156208467202
1574,2.4348015135192416,2.357664291890376,0.0771372216288655
1575,2.3330133049643162,2.2353819009181533,0.097631404046163
1576,2.4357068095093637,2.365569679860152,0.0701371296492117
1577,2.359398627270355,2.2767951969846654,0.0826034302856895
1578,2.3111074972429297,2.2050386175507874,0.10606887969214229
1579,2.48915247571658,2.409647370307357,0.07950510540922329
1580,2.7356115893918997,2.7113188313764365,0.024292758015463267
1581,2.3843879169444446,2.303908473248098,0.08047944369634674
1582,2.2873439687898522,2.182807030415515,0.10453693837433731
1583,2.3464119493695685,2.2536229316522207,0.09278901771734782
1584,2.255444764688174,2.1444491786063478,0.11099558608182614
1585,2.3830681615218317,2.2984600012213035,0.0846081603005282
1586,2.246514152161516,2.1410902085962946,0.10542394356522156
1587,2.38167426880347,2.2985462928541947,0.08312797594927535
1588,2.6485256190207758,2.6334750689214292,0.015050550099346527
1589,2.391946154072059,2.3079107928796065,0.08403536119245247
1590,2.4810108979266747,2.396858641892598,0.08415225603407661
1591,2.472245492617015,2.4053658999077108,0.06687959270930444
1592,2.2614903821688945,2.155384963392037,0.10610541877685753
1593,2.3815293853526716,2.3012056385102815,0.08032374684239008
1594,2.335544312383685,2.2334574535853293,0.10208685879835588
1595,2.4141099733429106,2.3405416672422,0.07356830610071041
1596,2.471942047889253,2.4054123246057513,0.0665297232835016
1597,2.4303844501242042,2.35626555881785,0.0741188913063544
1598,2.266307028685253,2.1549227606376617,0.11138426804759138
1599,2.4221089585512336,2.344078054330374,0.07803090422085956
1600,2.4551751762215703,2.3852450317247906,0.0699301444967797
1601,2.32794286709484,2.23325784436598,0.09468502272886026
1602,2.3440308374390026,2.254302922641058,0.08972791479794484
1603,2.3417673216467922,2.245740608990853,0.09602671265593932
1604,2.372428446981019,2.279783229350687,0.09264521763033207
1605,2.400116894171005,2.324964409665671,0.07515248450533374
1606,2.5018033145851994,2.4679569081545303,0.03384640643066916
1607,2.4687026262883194,2.385532802767701,0.08316982352061819
1608,2.380329012630528,2.287070985650704,0.09325802697982377
1609,2.2815742321648385,2.1780467691895558,0.1035274629752827
1610,2.4799601255243573,2.4177350118687237,0.062225113655633546
1611,2.3428816400030543,2.2387275039162766,0.1041541360867777
1612,2.3130146390807296,2.2220950911417394,0.09091954793899015
1613,2.2549602163467037,2.142917225529649,0.11204299081705482
1614,2.579751750364178,2.5202362212455243,0.05951552911865354
1615,2.3244937724930566,2.2226217889970528,0.10187198349600379
1616,2.454520301918654,2.391109183363753,0.06341111855490089
1617,2.3530815209383698,2.2599712383824473,0.09311028255592246
1618,2.351046411114574,2.2502351294987744,0.10081128161579977
1619,2.4921516063374938,2.415953164482406,0.07619844185508784
1620,2.353606135761488,2.2654755813900844,0.08813055437140349
1621,2.287322095924057,2.1974130872447013,0.08990900867935592
1622,2.4223810971286768,2.3362392086375317,0.08614188849114512
1623,2.6300112339140767,2.596948272541901,0.03306296137217579
1624,2.445191990281174,2.374404970599717,0.07078701968145706
1625,2.3821799968271784,2.2991297561423556,0.08305024068482281
1626,2.4363679581134905,2.3587244242997283,0.07764353381376221
1627,2.3803514694550167,2.2919036576186906,0.0884478118363261
1628,2.6638652303823833,2.6325147636338513,0.031350466748532035
1629,2.2872653571231916,2.185970525513873,0.10129483160931851
1630,2.4973014663427318,2.438033799923622,0.059267666419109855
1631,2.368336366081012,2.280877980813902,0.08745838526711003
1632,2.4494747869810523,2.383261884774078,0.06621290220697418
1633,2.5418664377596176,2.5003027493089216,0.041563688450696024
1634,2.3609114571481427,2.268918813792348,0.09199264335579471
1635,2.3707006589968307,2.2819952289379697,0.088705430058861
1636,2.382128545072419,2.2848980305617745,0.09723051451064446
1637,2.3451675655515407,2.255373668756057,0.08979389679548389
1638,2.534417659933941,2.4733393683674683,0.06107829156647293
1639,2.336718383758938,2.238219750108407,0.09849863365053091
1640,2.5516244326526656,2.5073939594013104,0.04423047325135521
1641,2.31960851755586,2.2165321083364913,0.10307640921936878
1642,2.3381960884153523,2.2619045969197065,0.07629149149564585
1643,2.452153704738778,2.377633149448375,0.07452055529040313
1644,2.343446240670019,2.239328326361102,0.10411791430891704
1645,2.4537626993837627,2.3648454713913623,0.08891722799240043
1646,2.6084075665923994,2.5801844570280434,0.02822310956435592
1647,2.4831149838279667,2.403404565413206,0.07971041841476056
1648,2.4469249939014976,2.386657431081998,0.06026756281949952
1649,2.350191132444137,2.2402181764802434,0.10997295596389378
1650,2.3116214211121315,2.209104603661616,0.10251681745051533
1651,2.261348183274826,2.155771432592998,0.10557675068182792
1652,2.4115573281420066,2.319752925196972,0.09180440294503445
1653,2.5005273150616882,2.4559238379805173,0.04460347708117096
1654,2.4383342000506976,2.359068339755804,0.07926586029489346
1655,2.5429655732197993,2.497383118243833,0.04558245497596625
1656,2.2619875783391334,2.1556469819948227,0.1063405963443107
1657,2.2450308543008215,2.1328150925496603,0.11221576175116121
1658,2.4927262680479942,2.415682280852709,0.07704398719528527
1659,2.467319706380404,2.3916682776766045,0.0756514287037997
1660,2.3799268886858465,2.296627325140551,0.08329956354529555
1661,2.288502175063607,2.193092715331128,0.09540945973247883
1662,2.407335257463557,2.328209832062665,0.07912542540089174
1663,2.265238498256751,2.1695979204515257,0.09564057780522539
1664,2.37500361857232,2.298127010820619,0.07687660775170091
1665,2.342558169895401,2.2409654417757197,0.10159272811968156
1666,2.3034361426244305,2.20177603074141,0.10166011188302049
1667,2.343449431574462,2.2587116228711683,0.08473780870329373
1668,2.418282681570886,2.36146839542053,0.056814286150356
1669,2.5328548584705,2.4646316162455735,0.06822324222492648
1670,2.3402432372890893,2.23882533002522,0.10141790726386946
1671,2.4934518166250856,2.4362691859645,0.0571826306605856
1672,2.440319688800967,2.3614267919722836,0.0788928968286835
1673,2.3476959080186144,2.246186915330517,0.10150899268809743
1674,2.3595347818678847,2.2782855421448835,0.08124923972300113
1675,2.325748579722597,2.2320266194314193,0.09372196029117763
1676,2.652124947620144,2.6250272745816425,0.027097673038501302
1677,2.417505885918168,2.3471012447498585,0.07040464116830947
1678,2.4020628596100053,2.3218124806186315,0.08025037899137377
1679,2.3928219369961212,2.3123850636896774,0.08043687330644378
1680,2.2846931916706796,2.1777765672936704,0.10691662437700922
1681,2.4632209782275822,2.38876234099703,0.07445863723055224
1682,2.361628666232896,2.264548530274702,0.09708013595819409
1683,2.3450243588434105,2.2517255041917488,0.09329885465166177
1684,2.295398066418503,2.191663695249417,0.10373437116908635
1685,2.37261943623793,2.293865344186372,0.07875409205155792
1686,2.4581260342141813,2.386287404907841,0.07183862930634044
1687,2.377925835067712,2.2874306602308834,0.09049517483682878
1688,2.3805727228086484,2.290378823540542,0.09019389926810639
1689,2.343926365266486,2.2546952323734972,0.0892311328929889
1690,2.6157465214740827,2.5976018215885643,0.018144699885518367
1691,2.3938495107005795,2.3072239694009102,0.08662554129966926
1692,2.338022936920209,2.2389686425476403,0.09905429437256874
1693,2.3461981471075566,2.2454331248118824,0.10076502229567419
1694,2.5368025308170923,2.475461020858518,0.061341509958574125
1695,2.398559492658561,2.32225882234889,0.07630067030967114
1696,2.561303507629983,2.513869214288109,0.04743429334187388
1697,2.4040321833267213,2.323866860180804,0.08016532314591718
1698,2.477628418565831,2.4086301126764487,0.06899830588938238
1699,2.4297461346309697,2.3408291161849935,0.08891701844597621
1700,2.3771730437724634,2.2901971641144314,0.086975879658032
1701,2.26040162443737,2.151619747488379,0.10878187694899122
1702,2.4960593273343354,2.4230184434330666,0.07304088390126884
1703,2.3036936257444967,2.2091428230789147,0.09455080266558191
1704,2.4270506119853588,2.347731287894473,0.0793193240908856
1705,2.6236590716697332,2.58906178364663,0.034597288023103356
1706,2.4722234360694544,2.3948502541110996,0.07737318195835474
1707,2.5562268963395987,2.4955389958932406,0.06068790044635808
1708,2.365075082097892,2.2674907037519354,0.09758437834595668
1709,2.571708747981818,2.524757380070349,0.04695136791146881
1710,2.3944998247307874,2.3092345509483714,0.085265273782416
1711,2.5411143502439493,2.491206083988147,0.049908266255802136
1712,2.3340590372517904,2.234030087199091,0.10002895005269963
1713,2.3505646091053243,2.260364407957267,0.09020020114805716
1714,2.5380581516416263,2.4768454519890533,0.06121269965257303
1715,2.4765552880746147,2.4110117303610856,0.06554355771352904
1716,2.423023820421276,2.3459411867817512,0.07708263363952472
1717,2.366929608510654,2.2794811386880296,0.08744846982262455
1718,2.5483516843798,2.5050672734523243,0.043284410927475925
1719,2.4003313286088805,2.3078511638061583,0.09248016480272225
1720,2.2822003133456095,2.1929868723371992,0.08921344100841022
1721,2.307532929360516,2.2110349760591346,0.09649795330138122
1722,2.4018092753164746,2.307092269970902,0.09471700534557259
1723,2.370125035466722,2.28788598191495,0.08223905355177186
1724,2.3072887421504262,2.21981491173007,0.08747383042035617
1725,2.4773539072156687,2.4087333493176817,0.06862055789798704
1726,2.3345333328449214,2.238156766107929,0.09637656673699224
1727,2.3458622405091543,2.2653234481898554,0.08053879231929884
1728,2.4763169342304856,2.407770992800392,0.06854594143009374
1729,2.339305418560499,2.2506729235845313,0.08863249497596781
1730,2.5240388088133834,2.4586128076320706,0.06542600118131281
1731,2.3978608113130617,2.3058902837525532,0.0919705275605085
1732,2.345890150227961,2.2703639358069125,0.07552621442104845
1733,2.3604206873814584,2.2673289621132064,0.09309172526825193
1734,2.273974971157018,2.179051900075713,0.09492307108130493
1735,2.3468740222230253,2.257841974237703,0.08903204798532238
1736,2.307879171166624,2.224019389053276,0.08385978211334821
1737,2.3468307339545063,2.2617157934960392,0.08511494045846701
1738,2.4060039286753137,2.326726292891108,0.07927763578420555
1739,2.420048184440578,2.332899236677847,0.08714894776273097
1740,2.288253067713119,2.180424208083717,0.10782885962940236
1741,2.4601758476666724,2.3854766933244855,0.07469915434218688
1742,2.3684248471384857,2.269179707204145,0.09924513993434081
1743,2.304506917479336,2.211136122944351,0.09337079453498509
1744,2.3092155405557686,2.2032556686203084,0.10595987193546019
1745,2.4853638234358972,2.428569048293935,0.056794775141962184
1746,2.3621776666785026,2.2733945281414023,0.08878313853710029
1747,2.4536384047695208,2.378487509440391,0.07515089532912977
1748,2.331191682529929,2.2281925313681086,0.10299915116182046
1749,2.56171296528481,2.5125800904794495,0.04913287480536033
1750,2.5246854823268694,2.4901215623282336,0.03456391999863584
1751,2.4831742531294934,2.4103651426295363,0.07280911049995709
1752,2.296304439406149,2.2042675519766117,0.0920368874295372
1753,2.3032244711386505,2.203358827618297,0.09986564352035332
1754,2.385783237890545,2.294091930696717,0.09169130719382812
1755,2.33108812650667,2.231964202437857,0.09912392406881265
1756,2.548323522852899,2.5113561790578713,0.03696734379502775
1757,2.3983952145936263,2.3086887805563414,0.08970643403728484
1758,2.3365612833399223,2.2558727890819217,0.08068849425800062
1759,2.2812256762280376,2.1788550392488104,0.10237063697922721
1760,2.314835096425119,2.2099569476781267,0.1048781487469923
1761,2.3587057473473947,2.272245217330127,0.08646053001726761
1762,2.350547988113785,2.2638035500436917,0.08674443807009347
1763,2.632649584947375,2.590559706463536,0.04208987848383927
1764,2.3750665763599113,2.3002214565819625,0.07484511977794872
1765,2.4171714961686868,2.327313254537107,0.08985824163157963
1766,2.3104183560921823,2.2043589214567785,0.1060594346354038
1767,2.3071976770446234,2.199096907156992,0.10810076988763129
1768,2.491370576281563,2.434686619743536,0.05668395653802705
1769,2.5260923034967013,2.464082473032813,0.06200983046388853
1770,2.249858924475155,2.1304678541068065,0.11939107036834828
1771,2.3063010769858447,2.197117523995303,0.10918355299054161
1772,2.709857102026134,2.713196712012147,-0.0033396099860127926
1773,2.2706865086122185,2.166203481829905,0.10448302678231336
1774,2.501281856355771,2.4182404721115085,0.08304138424426233
1775,2.4809967730881066,2.406748633246303,0.07424813984180378
1776,2.3174164934977615,2.220870058999814,0.09654643449794742
1777,2.385740912659047,2.3149574258045598,0.07078348685448743
1778,2.356003101353897,2.2656900361371157,0.0903130652167814
1779,2.619087352920385,2.578398670136078,0.04068868278430671
1780,2.604394178818207,2.571975389188261,0.032418789629946154
1781,2.3277683150942825,2.2315521833259724,0.09621613176831012
1782,2.5556394524169965,2.519139430027813,0.036500022389183595
1783,2.3835181578082154,2.2969609000249305,0.08655725778328494
1784,2.557825014274734,2.5158090985250197,0.042015915749714416
1785,2.296793589380537,2.187486105552289,0.10930748382824795
1786,2.394154625134966,2.3166785881503733,0.0774760369845926
1787,2.4088448148622637,2.340342722458634,0.0685020924036297
1788,2.2772304170524382,2.1655262647200932,0.11170415233234499
1789,2.3965137849344575,2.313589761383801,0.08292402355065676
1790,2.3700485228859334,2.2823815345506944,0.087666988335239
1791,2.30800086907951,2.2022063766109063,0.10579449246860362
1792,2.315427874922243,2.2217347882894276,0.09369308663281517
1793,2.3422435811681477,2.2489591033721146,0.0932844777960331
1794,2.2842150858936616,2.1871816150418315,0.09703347085183012
1795,2.319870846069561,2.2257019857374125,0.09416886033214844
1796,2.351345154321119,2.2604289886950815,0.09091616562603733
1797,2.472824742074805,2.409783779674576,0.06304096240022883
1798,2.310906269087396,2.2130276833864952,0.0978785857009008
1799,2.3614509894616074,2.2879511146012006,0.07349987486040677
1800,2.6754053435342526,2.6369379824612387,0.03846736107301396
1801,2.5128158492825263,2.447562945952497,0.06525290333002953
1802,2.4966215236729288,2.4299433204712693,0.06667820320165951
1803,2.3439930293928124,2.253904988424591,0.09008804096822143
1804,2.4418817848339165,2.3707839638956254,0.07109782093829109
1805,2.386156626733981,2.298234791259805,0.08792183547417576
1806,2.524581594055809,2.4653202343461773,0.059261359709631645
1807,2.5721503953283658,2.522677317103086,0.04947307822527991
1808,2.389490773380718,2.3005180594616053,0.08897271391911277
1809,2.499084987124239,2.4471622363505716,0.05192275077366748
1810,2.5899292420805557,2.5379670624766484,0.051962179603907366
1811,2.507247054474393,2.445727549923524,0.061519504550869186
1812,2.4709622825954427,2.396210386679201,0.07475189591624165
1813,2.362692799605104,2.282980427190908,0.07971237241419571
1814,2.4126973840972323,2.3388233949346784,0.07387398916255394
1815,2.501171596813169,2.428379003631723,0.07279259318144593
1816,2.3842053194037645,2.2990317990406868,0.08517352036307768
1817,2.31951985814076,2.213717186493656,0.10580267164710389
1818,2.3827600226567385,2.30142197444505,0.08133804821168855
1819,2.6418022491454383,2.591276108131378,0.050526141014060055
1820,2.3220785202852614,2.222574927995574,0.09950359228968741
1821,2.4459546349145924,2.3655435616225673,0.08041107329202513
1822,2.5120984741205494,2.4556712442803987,0.056427229840150694
1823,2.400261372342512,2.331143159080602,0.06911821326190992
1824,2.3620087904727405,2.263163933383588,0.0988448570891527
1825,2.4679075117247984,2.4002032279689822,0.06770428375581616
1826,2.345557111761666,2.246133298395525,0.09942381336614092
1827,2.4840791564385487,2.4108221884895804,0.0732569679489683
1828,2.387512456197962,2.30972846766265,0.07778398853531199
1829,2.3968151316747046,2.3148248140122334,0.08199031766247122
1830,2.284356999075309,2.188201959172921,0.09615503990238805
1831,2.3067536748668225,2.196348228872043,0.11040544599477942
1832,2.6478866413288022,2.596916805094358,0.05096983623444418
1833,2.424284891177493,2.3562667805446984,0.06801811063279439
1834,2.441056470077721,2.3832346241669855,0.05782184591073536
1835,2.5980430474648473,2.558011444534812,0.04003160293003516
1836,2.284844024948882,2.1853269686134436,0.09951705633543861
1837,2.326371495161961,2.2357372508643225,0.09063424429763867
1838,2.352261966038782,2.2729322538355508,0.07932971220323104
1839,2.302177288618507,2.2125317117273333,0.08964557689117347
1840,2.405011312105974,2.3262984149004144,0.07871289720555952
1841,2.3745044716940473,2.2904577759080684,0.0840466957859789
1842,2.4450347773078294,2.372572078757009,0.07246269855082055
1843,2.48544351235007,2.4191637517398252,0.06627976061024476
1844,2.3022782298471065,2.196901960464039,0.10537626938306754
1845,2.5726052608771255,2.514337713404309,0.058267547472816705
1846,2.342002806628168,2.249893331550864,0.09210947507730438
1847,2.368657567756851,2.287817843430573,0.08083972432627817
1848,2.3582580623639235,2.265240377488157,0.09301768487576645
1849,2.326522067060358,2.2224949894437414,0.10402707761661656
1850,2.367827274592973,2.2735096762645224,0.09431759832845055
1851,2.2881306393530103,2.179843944080346,0.10828669527266443
1852,2.4155126865033267,2.316796431285927,0.09871625521739968
1853,2.3090688253238656,2.2125048700744707,0.09656395524939487
1854,2.483723637201894,2.409176830634792,0.07454680656710178
1855,2.397877998796514,2.3231667413405677,0.07471125745594653
1856,2.4256404578216824,2.336528314566828,0.08911214325485428
1857,2.3408968778449535,2.2415997982773437,0.0992970795676098
1858,2.45605928836666,2.3806953161077575,0.07536397225890257
1859,2.3814359191660306,2.292990084797319,0.08844583436871156
1860,2.414302904246459,2.3293095238809753,0.08499338036548387
1861,2.391105112900326,2.2972085390389103,0.0938965738614157
1862,2.2775424281020964,2.173550598804068,0.1039918292980282
1863,2.2657801619773594,2.1579466485034384,0.107833513473921
1864,2.5138043268363672,2.4628627250355657,0.05094160180080154
1865,2.4567220686832183,2.3768157841255944,0.07990628455762394
1866,2.3654730876726044,2.270376414231264,0.09509667344134032
1867,2.3530653033500806,2.2561756169671665,0.09688968638291406
1868,2.400087766971955,2.3289513411488008,0.07113642582315416
1869,2.2901277543766714,2.1897608201612146,0.10036693421545673
1870,2.3532042317594137,2.2645093228236,0.08869490893581355
1871,2.5170853469376913,2.455783245237811,0.06130210169988004
1872,2.351821450866479,2.2449814553468617,0.10683999551961731
1873,2.2377313497131257,2.118593658122994,0.11913769159013166
1874,2.4290409063267036,2.352681733049403,0.07635917327730057
1875,2.4031763242658997,2.306300777240778,0.09687554702512147
1876,2.2902993644736966,2.184493614360356,0.10580575011334048
1877,2.295850895317364,2.181043002945637,0.11480789237172706
1878,2.236745018008924,2.11966421115625,0.11708080685267408
1879,2.367880867330741,2.2786582882078785,0.08922257912286247
1880,2.3838038017768426,2.297843174433343,0.08596062734349941
1881,2.4414254981738974,2.3725612129669997,0.06886428520689769
1882,2.5284481651667297,2.4628601231707896,0.06558804199594004
1883,2.4507596811693912,2.3928523946116864,0.05790728655770483
1884,2.340785985933267,2.246980556529504,0.09380542940376291
1885,2.489919711166421,2.422863841976236,0.06705586919018502
1886,2.333391122681318,2.2460048034090954,0.08738631927222285
1887,2.3968732821451804,2.3097291813941134,0.08714410075106693
1888,2.3858227591200163,2.315116850002856,0.07070590911716046
1889,2.344579412118742,2.2534329519239313,0.09114646019481087
1890,2.501215778427484,2.417229942528212,0.08398583589927178
1891,2.4750224671790244,2.4219620403260476,0.05306042685297685
1892,2.5538216151412003,2.498019941732497,0.055801673408703234
1893,2.3512401557167597,2.246968626375817,0.10427152934094286
1894,2.533936080728957,2.4807831788522043,0.0531529018767527
1895,2.3716086240553844,2.28099809754482,0.09061052651056434
1896,2.2977374282297873,2.1993966949559343,0.09834073327385306
1897,2.332847823077223,2.2350210627495426,0.09782676032768034
1898,2.4209496459601296,2.3526248434996897,0.06832480246043993
1899,2.490758648521303,2.441880849208992,0.048877799312311065
1900,2.492239764491413,2.4291496102176318,0.06309015427378117
1901,2.429532234200036,2.3557208626076154,0.07381137159242046
1902,2.6654229047393554,2.624756648838589,0.040666255900766224
1903,2.2786729464783333,2.17399437968172,0.10467856679661347
1904,2.3430488423142486,2.242984141719007,0.10006470059524153
1905,2.3962727864257127,2.2923662906938156,0.10390649573189714
1906,2.4533565169098988,2.377925400352609,0.07543111655728962
1907,2.422814976353265,2.336966134217895,0.08584884213537025
1908,2.34819545372717,2.250250995910682,0.0979444578164883
1909,2.4363398576153927,2.3674121856712245,0.06892767194416827
1910,2.4255614563784644,2.3530765413042536,0.07248491507421084
1911,2.427795232492448,2.3607849759261206,0.06701025656632753
1912,2.4730994132704995,2.4014011757401916,0.0716982375303079
1913,2.3319762209263897,2.245744576829994,0.0862316440963955
1914,2.313990296528633,2.208460631531776,0.10552966499685734
1915,2.382456922054931,2.2962315365482064,0.08622538550672454
1916,2.4953262217811476,2.440490822353685,0.054835399427462406
1917,2.445197844016403,2.3610952011995194,0.0841026428168834
1918,2.6203072823817513,2.576830591476724,0.04347669090502704
1919,2.504952749662071,2.4421788064157703,0.06277394324630059
1920,2.4089483354354155,2.3225272751144166,0.08642106032099894
1921,2.3384038469057677,2.2478706988972714,0.09053314800849632
1922,2.253572370084082,2.1415055105988365,0.11206685948524564
1923,2.372455785297441,2.2787583459857053,0.09369743931173558
1924,2.4794467312799418,2.4026438196182003,0.07680291166174147
1925,2.351527511037057,2.2601120313751344,0.09141547966192265
1926,2.4356296248058684,2.3562422962181064,0.07938732858776198
1927,2.339799644839207,2.237883260325099,0.10191638451410823
1928,2.4136417497873355,2.338490785130405,0.07515096465693061
1929,2.3373343323789872,2.2472624671887953,0.09007186519019195
1930,2.3920094514137857,2.3026871132557045,0.08932233815808122
1931,2.491560906905141,2.3968438968796,0.094717010025541
1932,2.511319208701238,2.4420019360683356,0.06931727263290233
1933,2.297673758837585,2.192674354373601,0.10499940446398393
1934,2.4939346096363324,2.446417612005468,0.04751699763086448
1935,2.390529007256067,2.3109439076415716,0.07958509961449556
1936,2.412284563117548,2.3202244964496512,0.09206006666789657
1937,2.5374581728272396,2.471049006011023,0.06640916681621656
1938,2.3549610421605514,2.270978505320357,0.0839825368401943
1939,2.2864565339925766,2.1843450449386337,0.10211148905394296
1940,2.341869530571119,2.2532078137672698,0.08866171680384927
1941,2.3905930846944856,2.315610256892037,0.07498282780244869
1942,2.3045996796877475,2.2029236520450213,0.10167602764272621
1943,2.3196030228484803,2.2176456066509225,0.10195741619755783
1944,2.4163272180064284,2.335912628599937,0.08041458940649138
1945,2.388990715941745,2.3121425570894028,0.07684815885234242
1946,2.3490326125701517,2.2607445398489676,0.08828807272118411
1947,2.3154104039613306,2.216903470165281,0.09850693379604936
1948,2.337914703566867,2.2465695048849073,0.09134519868195978
1949,2.273229573796099,2.166203570410676,0.1070260033854229
1950,2.4064139619014733,2.318008711269557,0.0884052506319164
1951,2.401714502319816,2.326390824672261,0.07532367764755499
1952,2.429289071063734,2.354701844807095,0.07458722625663894
1953,2.3056819344360737,2.2042977951533143,0.10138413928275947
1954,2.3980133532915446,2.317123491788743,0.08088986150280153
1955,2.447747391688226,2.3647020739058093,0.08304531778241664
1956,2.4367023853068503,2.370378842034313,0.06632354327253731
1957,2.312955731146929,2.224834745564343,0.08812098558258574
1958,2.5057247981739077,2.4475338087989926,0.05819098937491507
1959,2.419834637208779,2.34844271716814,0.07139192004063899
1960,2.6304530750909154,2.589554432533947,0.0408986425569684
1961,2.485431108874576,2.4193985587361864,0.06603255013838982
1962,2.4285101532872435,2.3376355959278565,0.09087455735938699
1963,2.8017708089103643,2.837199835826537,-0.03542902691617256
1964,2.4246483228451834,2.3684460242126777,0.0562022986325057
1965,2.422607086387507,2.3397001283404277,0.08290695804707937
1966,2.476188214727023,2.3993361513562115,0.07685206337081141
1967,2.6390679738672227,2.6077803047849253,0.03128766908229741
1968,2.3546990625667577,2.2657916776104834,0.08890738495627426
1969,2.6124897917775898,2.57581720944959,0.03667258232799986
1970,2.4136977359263216,2.3325176375833157,0.08118009834300599
1971,2.377911401108781,2.2804182280733336,0.09749317303544736
1972,2.3274236609951675,2.237919492105256,0.08950416888991164
1973,2.385932131811773,2.297989860342452,0.08794227146932121
1974,2.40833420062332,2.3249368459910227,0.08339735463229747
1975,2.3489989948843006,2.256071882528115,0.09292711235618567
1976,2.3608280146176166,2.2717014420256207,0.08912657259199586
1977,2.397109785441327,2.319716096508298,0.07739368893302911
1978,2.430672534200299,2.358572658354882,0.07209987584541722
1979,2.4218152163347297,2.3424366537168098,0.07937856261791998
1980,2.513659139832838,2.4649431147047243,0.04871602512811357
1981,2.5528045545286355,2.5051513946406074,0.047653159888028096
1982,2.5546113226411817,2.501454380073688,0.053156942567493815
1983,2.4208601867814927,2.3441994824385057,0.076660704342987
1984,2.405174421477686,2.3258814699179684,0.07929295155971738
1985,2.2824884347056074,2.178820899892665,0.10366753481294255
1986,2.3301507960871217,2.238950631494067,0.09120016459305491
1987,2.5259581447609323,2.453855895726719,0.07210224903421336
1988,2.4841730638838233,2.4286580644942024,0.0555149993896209
1989,2.431992204551892,2.3577711182366032,0.07422108631528879
1990,2.4260377427628175,2.344737064297431,0.08130067846538669
1991,2.541802032890821,2.476339408898598,0.06546262399222291
1992,2.4694794770075803,2.399246094348911,0.07023338265866919
1993,2.371208428540965,2.2782060363775734,0.09300239216339179
1994,2.394915013207027,2.310605535017339,0.08430947818968804
1995,2.5363378009021282,2.473915719532693,0.06242208136943539
1996,2.292761627299416,2.1919664314957905,0.1007951958036255
1997,2.4145355415412997,2.3243553265034036,0.09018021503789608
1998,2.3979617121433647,2.309469180985213,0.0884925311581517
1999,2.3920675142290966,2.3228060568645703,0.06926145736452627
2000,2.434336957603456,2.357152870650115,0.07718408695334134
2001,2.357003043098318,2.26802328968051,0.08897975341780784
2002,2.3117596773793703,2.2163168567934752,0.09544282058589504
2003,2.50731162749537,2.467322846428058,0.03998878106731185
2004,2.466145729381665,2.4012151324816404,0.06493059690002445
2005,2.506288817948364,2.4545135905263398,0.051775227422024006
2006,2.4574106101700335,2.391474741210515,0.06593586895951864
2007,2.417169350795693,2.3429626431095896,0.07420670768610327
2008,2.4400466191197663,2.383588787214484,0.05645783190528242
2009,2.335478855680742,2.2407731916703995,0.09470566401034253
2010,2.4262407000052146,2.350463517588965,0.07577718241624964
2011,2.376803477413807,2.2743267701441474,0.10247670726965952
2012,2.4427901748685072,2.356191737895701,0.08659843697280634
2013,2.568600218838782,2.5226007482811412,0.045999470557640976
2014,2.511912317861301,2.4451273285865964,0.06678498927470455
2015,2.33692597761622,2.251401248060558,0.08552472955566204
2016,2.371134535893557,2.274107413488226,0.09702712240533096
2017,2.514852245591394,2.4398945488204644,0.07495769677092978
2018,2.499701914279374,2.4377293198928043,0.06197259438656966
2019,2.6507451550783956,2.6436405610337346,0.007104594044661017
2020,2.4071067752768562,2.3163499790060373,0.0907567962708189
2021,2.2518949400775923,2.1526618144312444,0.0992331256463479
2022,2.3912486763644014,2.300123024288709,0.09112565207569245
2023,2.2962471822032304,2.1946397474297195,0.10160743477351097
2024,2.3555928951824985,2.261774905211761,0.09381798997073743
2025,2.2698781379346498,2.16297034598207,0.1069077919525796
2026,2.33502106913684,2.2369686422575543,0.09805242687928573
2027,2.3995529745601276,2.3164416617092494,0.08311131285087825
2028,2.3370276298019745,2.235668737615433,0.10135889218654137
2029,2.272468164400846,2.15682650166138,0.11564166273946608
2030,2.27030090645751,2.172703523569217,0.097597382888293
2031,2.3708064603619827,2.285406372944397,0.08540008741758554
2032,2.55981257878977,2.500423242732359,0.0593893360574107
2033,2.270886144297113,2.1607763728955947,0.11010977140151823
2034,2.6167384225437393,2.575183334584354,0.04155508795938534
2035,2.3238486305956667,2.23561086516187,0.08823776543379669
2036,2.3338392758878035,2.231434061329674,0.10240521455812956
2037,2.3095380158621217,2.1993365229148476,0.1102014929472741
2038,2.2751869457089606,2.1640811454911013,0.11110580021785932
2039,2.3935840483348136,2.2965295747933503,0.09705447354146335
2040,2.4325306082080327,2.3527466976478983,0.07978391056013434
2041,2.388304516513584,2.2961762387452196,0.09212827776836452
2042,2.4241322412604633,2.342429000340561,0.08170324091990233
2043,2.4237216769568803,2.335417015062087,0.08830466189479313
2044,2.5330086373921015,2.4872573007875496,0.045751336604551884
2045,2.352941575236655,2.2603532910759205,0.09258828416073461
2046,2.4638270119229375,2.393446923108654,0.07038008881428359
2047,2.38418160491328,2.282101867215416,0.10207973769786394
2048,2.3607906789141655,2.2655765762244204,0.09521410268974506
2049,2.414636666338099,2.3110052369184384,0.10363142941966075
2050,2.4134158793628258,2.3227217206982615,0.0906941586645642
2051,2.41429977978998,2.3340437493880404,0.08025603040193952
2052,2.390535170541659,2.2901746370994798,0.1003605334421791
2053,2.4898831107618675,2.4261780136358215,0.063705097126046
2054,2.4773875548590247,2.391439571656495,0.08594798320252961
2055,2.298254208774991,2.2050364120972192,0.09321779667777186
2056,2.530112166114818,2.480941870276282,0.049170295838535605
2057,2.297868494441932,2.196663647940417,0.10120484650151518
2058,2.466759845631307,2.399451556406923,0.0673082892243837
2059,2.424713687890061,2.355749027249463,0.06896466064059803
2060,2.3675723755167684,2.277950051397256,0.08962232411951243
2061,2.311726111275701,2.2182301815580625,0.09349592971763832
2062,2.4215023311445463,2.3377087226499325,0.08379360849461381
2063,2.4747017356863634,2.4118243405076365,0.06287739517872692
2064,2.666091015942245,2.640444007305952,0.02564700863629321
2065,2.3534252085108376,2.260985408679783,0.09243979983105444
2066,2.346289555869408,2.2501381912296874,0.09615136463972052
2067,2.406364119009237,2.322997245198135,0.08336687381110197
2068,2.3978919441065285,2.315526631668464,0.08236531243806455
2069,2.5762314874543364,2.5363840026131723,0.03984748484116407
2070,2.5067506541196414,2.4441498780370248,0.0626007760826166
2071,2.4109550473773798,2.3310772435590277,0.07987780381835208
2072,2.356380847549035,2.263037084440553,0.09334376310848214
2073,2.2579404023775664,2.152126743937204,0.10581365844036261
2074,2.3338161950332994,2.2495719012781414,0.08424429375515796
2075,2.4441773698215483,2.364724415607767,0.07945295421378118
2076,2.283060870070635,2.179009957420876,0.10405091264975885
2077,2.3618983797588946,2.2762683742637235,0.08563000549517108
2078,2.394064707487559,2.299524188679228,0.09454051880833081
2079,2.448530008111046,2.362884785369801,0.08564522274124498
2080,2.425342789639514,2.3504420502129295,0.07490073942658437
2081,2.3317385156351005,2.235990017420071,0.09574849821502962
2082,2.341322492406283,2.233658340829313,0.10766415157697029
2083,2.451612008210203,2.3985817478077798,0.05303026040242331
2084,2.2828697563783344,2.1828949930513115,0.09997476332702293
2085,2.297213466746186,2.196812701634869,0.10040076511131701
2086,2.4459828760634728,2.3847979105868404,0.061184965476632325
2087,2.4121608084422848,2.3227700152918187,0.08939079315046605
2088,2.326605988343544,2.2307027099490324,0.09590327839451174
2089,2.4994989661901608,2.4352360823226076,0.06426288386755319
2090,2.474446986529442,2.4120268842081924,0.062420102321249615
2091,2.3341575662063874,2.233193407929246,0.10096415827714145
2092,2.2909840156720094,2.1856890952139993,0.10529492045801003
2093,2.4334103773664255,2.358468729188665,0.07494164817776072
2094,2.3468227970167765,2.2532612665030016,0.09356153051377492
2095,2.2448112418830815,2.1356035082275744,0.10920773365550707
2096,2.4969907499543447,2.427000485073786,0.0699902648805586
2097,2.588125924787911,2.525261075056732,0.062864849731179
2098,2.3839939879814698,2.299650845829903,0.08434314215156657
2099,2.5310699543710724,2.4579125126461987,0.0731574417248737
2100,2.248031444957596,2.1479998578926516,0.10003158706494464
2101,2.5302492336926328,2.4661309197411674,0.06411831395146539
2102,2.322555778424297,2.2188589247383215,0.10369685368597548
2103,2.5252025071007322,2.4557649321783956,0.0694375749223366
2104,2.3786202221224,2.2862635165897447,0.09235670553265551
2105,2.33859210406757,2.248690099853797,0.08990200421377281
2106,2.359499629715269,2.269215765316374,0.09028386439889502
2107,2.5611317844988584,2.4879296816875973,0.07320210281126105
2108,2.4131185691381876,2.341286300451034,0.07183226868715353
2109,2.5817625614587327,2.5327048762383417,0.049057685220391
2110,2.3847853427238825,2.2928694117165107,0.09191593100737183
2111,2.496566493281839,2.4445089732752305,0.05205752000660846
2112,2.320978024112061,2.2193007228743955,0.1016773012376655
2113,2.810087747127985,2.805078029616814,0.005009717511171186
2114,2.3668073655034636,2.2675881524045325,0.09921921309893111
2115,2.3643720142636044,2.2853894793855387,0.07898253487806572
2116,2.3134871139921462,2.2084159150434486,0.10507119894869765
2117,2.4609455973080756,2.3838591156348756,0.07708648167319998
2118,2.318401963908239,2.2182167707854847,0.10018519312275442
2119,2.4065804359453287,2.333676548636301,0.07290388730902775
2120,2.4416294826393297,2.3825720043322205,0.05905747830710917
2121,2.4175688682694916,2.345419057656668,0.07214981061282355
2122,2.352296417955219,2.2589430448541705,0.0933533731010483
2123,2.556107456232831,2.4940130801838962,0.06209437604893475
2124,2.324828194329509,2.2204529091889267,0.10437528514058236
2125,2.3145915961586145,2.21172619445599,0.10286540170262448
2126,2.3515368969079415,2.2599866608472863,0.09155023606065527
2127,2.445122886685749,2.3766253064978176,0.06849758018793128
2128,2.3986658710515902,2.3251456342336887,0.07352023681790154
2129,2.420750911809518,2.3638379976218595,0.056912914187658536
2130,2.5065964020406506,2.44727444437496,0.05932195766569048
2131,2.3315013428583398,2.2393241923342577,0.09217715052408204
2132,2.3141833573042216,2.218492321216311,0.09569103608791085
2133,2.4426868964790436,2.3533499282258727,0.08933696825317083
2134,2.346332872568445,2.263244398416493,0.08308847415195197
2135,2.377624185476678,2.2856754253832037,0.0919487600934743
2136,2.367355818114691,2.279264837791371,0.08809098032332008
2137,2.4808407872536073,2.417494436197499,0.06334635105610831
2138,2.3129181572230726,2.226685270405866,0.08623288681720664
2139,2.3594981386172456,2.274603505578735,0.08489463303851075
2140,2.4579445067480425,2.384098860844987,0.07384564590305542
2141,2.313685999518249,2.2172489558791786,0.09643704363907046
2142,2.5225798405985724,2.4479319319791464,0.07464790861942605
2143,2.3327120067900884,2.2357161449647585,0.09699586182532993
2144,2.5881244955737475,2.554817529647548,0.03330696592619953
2145,2.356348703589409,2.2598635297336456,0.0964851738557635
2146,2.3263918607414724,2.224087581482106,0.10230427925936647
2147,2.5649205596544467,2.5073535420154354,0.057567017639011286
2148,2.6092958496413887,2.5567647709679004,0.052531078673488274
2149,2.335424294294924,2.2356916380672724,0.0997326562276517
2150,2.43676381316956,2.375880715139639,0.06088309802992109
2151,2.5277510500000817,2.4671163256940267,0.06063472430605499
2152,2.6010705468625464,2.5822413245175686,0.018829222344977747
2153,2.2876852993641617,2.193684500632875,0.09400079873128675
2154,2.3488996679488245,2.2608087172309075,0.08809095071791706
2155,2.3633145411837275,2.281231676371663,0.0820828648120644
2156,2.600556161177286,2.5701815122260414,0.03037464895124442
2157,2.390290398163084,2.292843811191798,0.09744658697128594
2158,2.537903419744456,2.4691705916858533,0.06873282805860281
2159,2.471212169885925,2.401458210119158,0.0697539597667669
2160,2.4525453536317867,2.382666588950991,0.06987876468079568
2161,2.3473420814688324,2.2609032775400886,0.08643880392874381
2162,2.428616669884618,2.3509535205102106,0.07766314937440733
2163,2.369259414404095,2.2796398846089683,0.08961952979512677
2164,2.4467704699397896,2.3681455574003456,0.07862491253944404
2165,2.2233715417782007,2.1136972143160055,0.10967432746219519
2166,2.372646633139293,2.2816522653196385,0.09099436781965453
2167,2.377235344683202,2.297705741186243,0.07952960349695903
2168,2.2846613405415956,2.1724986587692037,0.11216268177239197
2169,2.4128651135517867,2.336293214919866,0.07657189863192082
2170,2.4617188246952852,2.383397751119356,0.07832107357592921
2171,2.2903742161576264,2.198599436009468,0.09177478014815854
2172,2.4168230447350596,2.3534090241647485,0.06341402057031109
2173,2.460253629256461,2.3854198280196455,0.07483380123681549
2174,2.5260550323468602,2.4711844753228944,0.054870557023965816
2175,2.3260497158617697,2.223779772082543,0.10226994377922649
2176,2.391913787606079,2.2971502380535544,0.09476354955252475
2177,2.5134902288536862,2.455023669472782,0.05846655938090439
2178,2.3969678954891,2.309090395102407,0.08787750038669273
2179,2.5368695078191537,2.4757233412510753,0.061146166568078364
2180,2.3205803780607246,2.2215818811120354,0.09899849694868923
2181,2.3208598737778203,2.215863070806499,0.1049968029713213
2182,2.351872705984567,2.261494431817734,0.09037827416683308
2183,2.3495744617857315,2.2526799788426715,0.09689448294306002
2184,2.384722489253661,2.294772021334094,0.08995046791956707
2185,2.526157476842805,2.4665186120851343,0.05963886475767044
2186,2.294259551949653,2.1978422682356054,0.09641728371404756
2187,2.4861303173694216,2.4151589285272514,0.07097138884217014
2188,2.3272110475671965,2.237900178967456,0.08931086859974036
2189,2.3663263712702123,2.2751184447852872,0.09120792648492504
2190,2.431117028421244,2.3687527518429707,0.06236427657827326
2191,2.2673321167032894,2.1626607513179152,0.10467136538537414
2192,2.387995053440012,2.298264438061716,0.08973061537829619
2193,2.4155371077453123,2.325077746529809,0.09045936121550335
2194,2.355797522678703,2.2526624825019903,0.1031350401767126
2195,2.3452720105644294,2.2386920933919643,0.10657991717246507
2196,2.239234482205522,2.128951672152364,0.1102828100531581
2197,2.2921065659109927,2.1827081970274995,0.10939836888349319
2198,2.5492736915225223,2.50205609986783,0.04721759165469219
2199,2.411022057568416,2.351997407666134,0.059024649902281734
2200,2.6039263104179144,2.5696750717892827,0.034251238628631775
2201,2.4316384200812826,2.3491089669794722,0.08252945310181037
2202,2.416371435633999,2.342302334909141,0.07406910072485795
2203,2.438176920181379,2.33896059898443,0.09921632119694879
2204,2.4498828200973097,2.384548608007508,0.06533421208980172
2205,2.5544488996433308,2.4914301328575275,0.06301876678580332
2206,2.359369232235586,2.264445572974705,0.09492365926088109
2207,2.3123822772553173,2.2056593841251573,0.10672289313016003
2208,2.274132009994883,2.1736254856528276,0.10050652434205531
2209,2.567179564029963,2.5147137437075395,0.05246582032242353
2210,2.5867863624169947,2.5569288848892215,0.029857477527773124
2211,2.33295043316815,2.2267493486226164,0.10620108454553367
2212,2.3835796684008845,2.307660386122995,0.07591928227788936
2213,2.3859308107113004,2.3115807684326355,0.07435004227866493
2214,2.518059733635069,2.462736323408552,0.05532341022651721
2215,2.2280986576668824,2.1100026936263667,0.1180959640405157
2216,2.4337625349286838,2.345690567662647,0.08807196726603683
2217,2.3860479263399683,2.3112838902112145,0.07476403612875382
2218,2.484479958601798,2.405282757415825,0.07919720118597295
2219,2.3331938558076555,2.2481396724947063,0.08505418331294923
2220,2.2769324648722438,2.1728288022964284,0.10410366257581538
2221,2.3191136715935925,2.2250391421570113,0.09407452943658123
2222,2.3498712018095897,2.2540072774667803,0.09586392434280944
2223,2.2364124477269876,2.1225366850040697,0.11387576272291788
2224,2.5517519592879,2.477689490870772,0.07406246841712827
2225,2.42286089065294,2.343240741600963,0.07962014905197679
2226,2.350396935997476,2.2512492359424674,0.0991477000550085
2227,2.400578378027923,2.3204043169548525,0.08017406107307057
2228,2.6368075364219288,2.609819866101453,0.026987670320475665
2229,2.298239154672914,2.1941484752104894,0.10409067946242478
2230,2.464640112009452,2.4093896174174545,0.0552504945919976
2231,2.433809325819049,2.370379959744859,0.06342936607419025
2232,2.5587731585205806,2.4973400288407004,0.06143312967988024
2233,2.632874157632034,2.59138303672246,0.04149112090957363
2234,2.3249137225680396,2.227059025962442,0.09785469660559754
2235,2.387953984156465,2.3004344802425694,0.08751950391389585
2236,2.2808907969016263,2.177534148908417,0.10335664799320954
2237,2.3684447122518044,2.2784846697322756,0.08996004251952883
2238,2.4044775427282463,2.3130628013954166,0.09141474133282967
2239,2.2724374615910454,2.171453781827899,0.10098367976314648
2240,2.3515528915619317,2.2624294533370914,0.08912343822484026
2241,2.4300167396225336,2.3474677765906655,0.0825489630318681
2242,2.3476737087164,2.2588985108183146,0.08877519789808552
2243,2.387809376809599,2.305682862784782,0.08212651402481708
2244,2.4332286191073216,2.3554311965760073,0.07779742253131428
2245,2.5428993317157302,2.482396572596524,0.06050275911920622
2246,2.4657890552735475,2.4046617002571176,0.06112735501642996
2247,2.4517923263704886,2.3824230160262214,0.06936931034426719
2248,2.37015566567783,2.2739423750075285,0.09621329067030171
2249,2.557847115850782,2.5076498370279054,0.05019727882287661
2250,2.440609752817913,2.360588502768021,0.08002125004989225
2251,2.4633929656778264,2.402218307772865,0.06117465790496146
2252,2.659221536400198,2.6278543085728954,0.031367227827302724
2253,2.344387850218358,2.2375332409331143,0.10685460928524382
2254,2.2161815349387854,2.1025663880032717,0.11361514693551378
2255,2.3746575426062013,2.2955471270375,0.07911041556870124
2256,2.303164286933691,2.202629247930294,0.10053503900339678
2257,2.509457579326165,2.451118726950241,0.058338852375924066
2258,2.6289722000378273,2.583066220070687,0.04590597996714019
2259,2.382415860384087,2.295499066737859,0.08691679364622784
2260,2.4387949854555133,2.3671446710420097,0.07165031441350367
2261,2.2761524886411917,2.1743443434732304,0.10180814516796133
2262,2.388009483610068,2.311807534739385,0.07620194887068266
2263,2.423630648074013,2.3423375473301533,0.08129310074385954
2264,2.3492260357821464,2.24246565204198,0.10676038374016628
2265,2.4922574786201834,2.423107845801292,0.06914963281889142
2266,2.306851902580124,2.2153706397149575,0.09148126286516645
2267,2.357667377638869,2.26993997714328,0.0877274004955888
2268,2.5859950149974353,2.542089281682978,0.04390573331445724
2269,2.3753538089732427,2.2885730455943705,0.0867807633788722
2270,2.3720353488165786,2.2918490097948716,0.08018633902170702
2271,2.3394775219445045,2.2437894169096295,0.09568810503487502
2272,2.4196652753957677,2.3432141786598013,0.0764510967359664
2273,2.472005848215882,2.4029034645291003,0.0691023836867819
2274,2.3851818219955816,2.2940549816648863,0.09112684033069529
2275,2.333418085306493,2.23925755279737,0.09416053250912304
2276,2.2582373593432346,2.151359693181647,0.10687766616158756
2277,2.434297800900318,2.347131132712168,0.08716666818815
2278,2.366406974072388,2.2755642977882147,0.09084267628417342
2279,2.3503374796289407,2.2612690163320424,0.08906846329689833
2280,2.4256664661929754,2.342941595294415,0.08272487089856062
2281,2.367727830981376,2.275536066545358,0.09219176443601818
2282,2.5678159463048527,2.52952665604191,0.03828929026294281
2283,2.490513352418843,2.4189791387530355,0.07153421366580748
2284,2.420746762030579,2.3378801614866767,0.08286660054390227
2285,2.5435361523234956,2.5049850329038703,0.0385511194196253
2286,2.4176790574236784,2.345411548871288,0.0722675085523905
2287,2.3877855839571893,2.3141177062889047,0.07366787766828464
2288,2.337275646138004,2.2438334257091177,0.09344222042888628
2289,2.3021402905792785,2.2044558560839422,0.09768443449533626
2290,2.3764852829066623,2.307314418798552,0.06917086410811013
2291,2.280918589033709,2.180601617902721,0.10031697113098836
2292,2.5195088030176813,2.4621628369825883,0.05734596603509301
2293,2.2969256104518503,2.1970469560549346,0.09987865439691568
2294,2.31927068221304,2.2044518498881605,0.11481883232487933
2295,2.4547853964835826,2.3783753653717064,0.07641003111187628
2296,2.35941896395586,2.2691848124566887,0.09023415149917113
2297,2.441718953693579,2.356697006169189,0.08502194752438985
2298,2.4633498049955636,2.407356924182034,0.05599288081352949
2299,2.442323579562378,2.3742027463844675,0.06812083317791062
2300,2.29252741775454,2.186871824333274,0.10565559342126596
2301,2.2633089183579753,2.1629461055249863,0.10036281283298898
2302,2.446804277567618,2.3771328290678104,0.06967144849980755
2303,2.378271784622995,2.2799819340125174,0.09828985061047746
2304,2.403821089699074,2.3181809369290467,0.08564015277002746
2305,2.3247292019945363,2.227465942719312,0.09726325927522428
2306,2.5490784004947975,2.5214578167072736,0.027620583787523856
2307,2.3766025214393873,2.2768585796705083,0.09974394176887902
2308,2.480635260021617,2.4103531447709767,0.07028211525064032
2309,2.395312842888309,2.3091416351094747,0.08617120777883436
2310,2.358756084851046,2.2645278110474685,0.09422827380357734
2311,2.2723554437808557,2.1622650106573813,0.11009043312347444
2312,2.2749257042089037,2.1585454623185565,0.11638024189034724
2313,2.4842324086534715,2.404717790005119,0.07951461864835263
2314,2.4548459865314887,2.38114562485573,0.07370036167575877
2315,2.46379125587296,2.404060685387675,0.059730570485285295
2316,2.371830774956871,2.2801925381244477,0.09163823683242311
2317,2.714498537878499,2.7085492179727195,0.005949319905779404
2318,2.4664580590150607,2.3884638910519502,0.07799416796311043
2319,2.3025949392194223,2.202540811193368,0.10005412802605429
2320,2.3823283598372456,2.300368953127744,0.08195940670950153
2321,2.3276965006590173,2.2386037521837228,0.08909274847529458
2322,2.3880443381271634,2.2996541521406595,0.08839018598650394
2323,2.317384706695038,2.2119419542099967,0.10544275248504142
2324,2.363188773087128,2.282022541649004,0.08116623143812429
2325,2.291708580421869,2.194308907060306,0.09739967336156319
2326,2.4337329467336444,2.339259904192599,0.09447304254104516
2327,2.379898940775927,2.282650940613873,0.09724800016205393
2328,2.300206413199726,2.1919836011241123,0.1082228120756139
2329,2.3015815251802874,2.1978334395851196,0.1037480855951678
2330,2.486851588209223,2.4142849381987594,0.07256665001046336
2331,2.510846884050623,2.4431079433119365,0.06773894073868636
2332,2.410846358864264,2.3328388784877396,0.07800748037652427
2333,2.4013246656532035,2.3199650833465877,0.08135958230661577
2334,2.539874851066441,2.4851691543682284,0.05470569669821268
2335,2.4111309849721625,2.331730631005131,0.07940035396703138
2336,2.316125244174643,2.2193312181397693,0.09679402603487386
2337,2.639660637477472,2.606989870929498,0.03267076654797396
2338,2.422827112915717,2.344059431220001,0.07876768169571591
2339,2.5652756575412967,2.515915532142073,0.04936012539922352
2340,2.4446899402027022,2.3704921080216366,0.07419783218106568
2341,2.5005923733662443,2.4348187761065074,0.06577359725973686
2342,2.5714283347359324,2.5547645039666143,0.0166638307693181
2343,2.4235538538852635,2.3422697121407587,0.08128414174450471
2344,2.535983253382093,2.48052822006402,0.055455033318073
2345,2.3313401206825843,2.2299091495774066,0.10143097110517774
2346,2.4353443836332853,2.3583493604345347,0.07699502319875062
2347,2.4056888386860584,2.3199326331691807,0.08575620551687768
2348,2.55304792512569,2.508919040742602,0.04412888438308826
2349,2.5255043335273313,2.452411395415185,0.07309293811214612
2350,2.5700033468822427,2.5268132285383045,0.043190118343938266
2351,2.4173289002899563,2.3521056750446205,0.06522322524533575
2352,2.4210551344508153,2.3385841837765335,0.08247095067428178
2353,2.5476668627047174,2.4866522985614004,0.061014564143317074
2354,2.4012068146912093,2.3175210696089175,0.08368574508229187
2355,2.3915526141770886,2.2947095634201577,0.09684305075693089
2356,2.3387869269987336,2.246049627505104,0.09273729949362952
2357,2.4170007688448214,2.328297992411471,0.08870277643335056
2358,2.3768798555637067,2.2752631211355516,0.10161673442815511
2359,2.4739116948777946,2.415877598462495,0.05803409641529944
2360,2.4383918478608346,2.3687779294474134,0.06961391841342124
2361,2.401205664230596,2.3163541636400997,0.08485150059049618
2362,2.3720560355215303,2.2835737152285707,0.08848232029295966
2363,2.5415673562692613,2.488186837931395,0.05338051833786617
2364,2.302629559286246,2.1946462533915647,0.10798330589468108
2365,2.5873504536036265,2.5295498365211047,0.05780061708252182
2366,2.41297095456163,2.3215985164062007,0.09137243815542906
2367,2.393388022145424,2.2971553119466264,0.09623271019879764
2368,2.333369522276084,2.2478666936607774,0.08550282861530656
2369,2.2523561279556468,2.1418081795525503,0.11054794840309645
2370,2.3864631552608437,2.302272016032977,0.0841911392278667
2371,2.34379764334501,2.2422659997317544,0.10153164361325562
2372,2.329416954080624,2.2394977246250694,0.08991922945555464
2373,2.6757008186652667,2.6728931979622144,0.0028076207030522937
2374,2.3576512727709766,2.266037899699598,0.09161337307137885
2375,2.405658078065898,2.337307829377216,0.06835024868868222
2376,2.30781495730433,2.2019784768081334,0.10583648049619665
2377,2.446401669920583,2.3820338713634404,0.06436779855714247
2378,2.4068735911510006,2.313337155750375,0.09353643540062562
2379,2.497605368108559,2.4452671114828255,0.052338256625733326
2380,2.451974051051338,2.3875749503627643,0.0643991006885738
2381,2.351401525109651,2.2708473316785702,0.08055419343108072
2382,2.527952233391561,2.475944253668358,0.052007979723203146
2383,2.6105229605451914,2.578218556849588,0.0323044036956035
2384,2.34202806024056,2.255664887273607,0.08636317296695317
2385,2.5397338824498177,2.474145690647571,0.06558819180224651
2386,2.323171544639149,2.2222775437220657,0.10089400091708356
2387,2.4549975149204064,2.3838841256761696,0.07111338924423682
2388,2.3865757283475886,2.3031881578416935,0.08338757050589507
2389,2.29577601281941,2.1877804210509844,0.10799559176842566
2390,2.3803499220871793,2.29432380041776,0.08602612166941936
2391,2.3837288043929945,2.292034311981339,0.09169449241165539
2392,2.4771959841195974,2.3953937883380068,0.08180219578159065
2393,2.237300323226627,2.1298137388760567,0.10748658435057035
2394,2.3740572952891585,2.2809997596589184,0.0930575356302401
2395,2.402709784696708,2.3172561103982092,0.0854536742984986
2396,2.653903737152835,2.626879263297778,0.027024473855056907
2397,2.4739899792073063,2.3969860533654126,0.07700392584189375
2398,2.252289696661314,2.142465078158516,0.10982461850279801
2399,2.319886123240758,2.2146809938125815,0.10520512942817639
2400,2.531220755113639,2.4848100461459297,0.04641070896770927
2401,2.3507237336033118,2.276395015169509,0.07432871843380262
2402,2.407075665430427,2.3317887709181733,0.07528689451225379
2403,2.2994947768063194,2.1983136360534603,0.10118114075285911
2404,2.391856561059877,2.322313197265037,0.06954336379483994
2405,2.259445078695218,2.1521157091967127,0.10732936949850513
2406,2.4155879770952247,2.3394372786419773,0.0761506984532474
2407,2.400179167769259,2.310895974434682,0.0892831933345768
2408,2.296550121726633,2.194044998146213,0.10250512358041997
2409,2.4026160003832335,2.334926118539082,0.06768988184415159
2410,2.4213738032184584,2.343031765894127,0.07834203732433132
2411,2.5029047108695504,2.4439306890998753,0.058974021769675034
2412,2.3123478485085673,2.2090860658551135,0.10326178265345387
2413,2.400522703124648,2.3166827024279835,0.08384000069666442
2414,2.327527485854258,2.222971474884935,0.10455601096932288
2415,2.416822872734357,2.355937743693792,0.0608851290405652
2416,2.28099221395494,2.1660327753678676,0.11495943858707225
2417,2.366789022714454,2.2774086159605424,0.08938040675391168
2418,2.341314873320101,2.2502403452711626,0.09107452804893823
2419,2.41891025560256,2.3471147842633546,0.07179547133920527
2420,2.3865552696586216,2.3129292843387472,0.07362598531987441
2421,2.3989302230561864,2.319270365011493,0.07965985804469344
2422,2.3977680083241975,2.302791853035836,0.09497615528836167
2423,2.4196094492044606,2.349912376949569,0.06969707225489152
2424,2.3156517275277064,2.2097522832534895,0.10589944427421694
2425,2.3097841694047587,2.217759738458468,0.09202443094629054
2426,2.476269529759958,2.418582150923652,0.057687378836305925
2427,2.439884980544558,2.36355885068733,0.07632612985722798
2428,2.2236307183583435,2.1093584984492497,0.11427221990909375
2429,2.426769811644296,2.355120198035642,0.07164961360865396
2430,2.2912120753897804,2.1851124146012415,0.10609966078853894
2431,2.3499429185006413,2.2594542925139125,0.0904886259867288
2432,2.248843502687631,2.1403597414483544,0.10848376123927661
2433,2.550300242383328,2.5238923651114558,0.026407877271872326
2434,2.445657916466922,2.3784051648884947,0.06725275157842736
2435,2.389117208218513,2.309675382759202,0.07944182545931078
2436,2.4227926853236816,2.3326477850120666,0.09014490031161504
2437,2.5218668825483435,2.4624851228223297,0.05938175972601378
2438,2.3473514674395397,2.2565009512095604,0.0908505162299793
2439,2.2964239123209964,2.19722509033909,0.09919882198190644
2440,2.3635671742507838,2.27107820544922,0.09248896880156376
2441,2.300015221501123,2.19060851270304,0.10940670879808279
2442,2.5078467581725135,2.447496413569462,0.06035034460305155
2443,2.4471141249868746,2.3888700902185676,0.058244034768307085
2444,2.3517652423326947,2.2624968695458807,0.08926837278681399
2445,2.412739737418206,2.3447318323214072,0.06800790509679855
2446,2.4461468141000187,2.3771612752530706,0.06898553884694802
2447,2.3323771665053337,2.2324345297372283,0.09994263676810533
2448,2.3787057906887004,2.28654123350082,0.09216455718788019
2449,2.3970811728705845,2.3119906326378734,0.08509054023271112
2450,2.331389143903222,2.2432752846207453,0.08811385928247661
2451,2.581606700605604,2.5103140611578203,0.07129263944778375
2452,2.461676791773075,2.3773791765663246,0.08429761520675028
2453,2.392489568635308,2.3045859703365403,0.0879035982987677
2454,2.34544433702418,2.2583269877383354,0.0871173492858448
2455,2.479374817102854,2.3961503685764067,0.08322444852644706
2456,2.6178429048752907,2.59453626113039,0.023306643744900768
2457,2.278133762313084,2.1666580480922653,0.11147571422081892
2458,2.277993122975286,2.172371672243653,0.10562145073163309
2459,2.5519077641174808,2.5092667731344047,0.042640990983076055
2460,2.445905634077768,2.358822392178744,0.08708324189902372
2461,2.304669932663335,2.20725299268875,0.09741693997458523
2462,2.37849193274012,2.298810290173718,0.0796816425664022
2463,2.399015549124114,2.3108283662819664,0.08818718284214766
2464,2.33348966114455,2.242313580138678,0.09117608100587171
2465,2.4927509602409095,2.4274448365194874,0.06530612372142208
2466,2.3936950185911106,2.310035616736347,0.08365940185476362
2467,2.3688414223122427,2.287842542232462,0.08099888007978073
2468,2.361248247111696,2.2585688394791146,0.10267940763258121
2469,2.3946971704231665,2.3143149753693,0.08038219505386657
2470,2.5201228451913007,2.4424463683113515,0.07767647687994916
2471,2.2595486929021926,2.1518093994324405,0.10773929346975208
2472,2.446896774740562,2.3869589656404413,0.05993780910012081
2473,2.549648092182256,2.4815430112155563,0.06810508096669965
2474,2.3063407386644394,2.206719342611836,0.09962139605260356
2475,2.226130713088774,2.1145399789908,0.11159073409797404
2476,2.349472946109038,2.2497194944410137,0.09975345166802407
2477,2.332178920557817,2.232971584011692,0.09920733654612501
2478,2.2513057401542227,2.1382171028615247,0.11308863729269802
2479,2.710158626460659,2.688872362621431,0.02128626383922816
2480,2.4526719169991122,2.3814119033633903,0.07126001363572199
2481,2.4658569972785456,2.397800382773024,0.06805661450552147
2482,2.455827081338255,2.3681382537847306,0.08768882755352436
2483,2.36476704133407,2.272550080370315,0.09221696096375487
2484,2.3439062892109552,2.251078117823296,0.09282817138765909
2485,2.3988244870969653,2.3173549801451077,0.08146950695185762
2486,2.3517880557446005,2.248160234862353,0.10362782088224742
2487,2.414974070372108,2.3284197734089354,0.08655429696317274
2488,2.3455962002092425,2.25597658238531,0.08961961782393235
2489,2.3544254376270395,2.261221943236619,0.09320349439042053
2490,2.3171001958086874,2.213410200042175,0.1036899957665125
2491,2.3942009907475788,2.3074875332565177,0.08671345749106107
2492,2.466692490955357,2.3984595007469602,0.06823299020839668
2493,2.381090424305255,2.290227083875766,0.09086334042948874
2494,2.4467482982384747,2.3894272032931125,0.057321094945362194
2495,2.330426278443818,2.231616230674541,0.09881004776927682
2496,2.2831166002039627,2.179702608381765,0.10341399182219746
2497,2.38705968983966,2.288976531641738,0.0980831581979218
2498,2.346374771758092,2.244844908399935,0.10152986335815717
2499,2.525323237589125,2.4873492537313258,0.037973983857799265
2500,2.3771979740942863,2.291531454962186,0.08566651913210022
2501,2.5824196327090583,2.5456606062754794,0.03675902643357887
2502,2.4765232000877684,2.4093551019197625,0.06716809816800584
2503,2.6152301840793215,2.57666308599262,0.038567098086701446
2504,2.5058568560887386,2.4410244854524663,0.06483237063627234
2505,2.5114330995085345,2.4462789931456683,0.06515410636286623
2506,2.456916969480094,2.3843729125561035,0.07254405692399057
2507,2.2618007036380368,2.1643867542458257,0.09741394939221104
2508,2.433694154468991,2.3551433398326975,0.07855081463629343
2509,2.3446711029920624,2.2473473207326524,0.09732378225940996
2510,2.335653299409509,2.246887853093482,0.08876544631602679
2511,2.371839726204496,2.2760791754730096,0.09576055073148648
2512,2.2749588878529288,2.1804623698968237,0.09449651795610503
2513,2.3424678996724735,2.2375205233037088,0.10494737636876472
2514,2.3760062700621614,2.2708577449081115,0.10514852515404982
2515,2.3937270372978676,2.3037857893073523,0.08994124799051528
2516,2.4053326136564954,2.312602097499415,0.09273051615708061
2517,2.2610462726728846,2.1547462709031064,0.10630000176977816
2518,2.436765038685101,2.3481432785129006,0.08862176017220058
2519,2.378151519172043,2.2827179834021876,0.09543353576985547
2520,2.379571504210769,2.294658261516831,0.08491324269393807
2521,2.5287466966329224,2.487408656196732,0.04133804043619049
2522,2.403039728601907,2.309641552083526,0.0933981765183809
2523,2.446953757867608,2.3589215117451277,0.08803224612248028
2524,2.4333978504076654,2.359578317659937,0.07381953274772846
2525,2.4275459548977025,2.3476450449212662,0.07990090997643629
2526,2.4385134389196574,2.349274756957643,0.08923868196201434
2527,2.559337420508293,2.502075006641533,0.057262413866759676
2528,2.554711225494282,2.496141389423783,0.058569836070498926
2529,2.4668362496164242,2.382939953254043,0.08389629636238105
2530,2.5423687155888053,2.490665697117725,0.0517030184710805
2531,2.4824894091546352,2.3984665839292183,0.08402282522541693
2532,2.3451705259941713,2.2581423664635145,0.08702815953065679
2533,2.4207033515106056,2.3474718462818065,0.07323150522879907
2534,2.484666671006198,2.4194821557157504,0.06518451529044755
2535,2.4958942234730697,2.426058909514651,0.06983531395841869
2536,2.330399383622952,2.231024834404243,0.09937454921870881
2537,2.674273666896469,2.6417217047437744,0.032551962152694625
2538,2.4884524213519197,2.4338944994925997,0.05455792185931996
2539,2.5812445779375217,2.5258986273212485,0.05534595061627323
2540,2.4021163788384423,2.3078260720200428,0.09429030681839956
2541,2.3877097378001153,2.3086996634177193,0.07901007438239604
2542,2.3797955515900266,2.2937376987884694,0.0860578528015572
2543,2.3066324079761715,2.209069354115796,0.09756305386037534
2544,2.387283214065966,2.3117504884525903,0.07553272561337554
2545,2.7628601254635337,2.7680432286918344,-0.005183103228300734
2546,2.353344487336087,2.2582714395356733,0.09507304780041359
2547,2.560298363462106,2.509740131793884,0.05055823166822204
2548,2.5103957853041985,2.4421528310672445,0.06824295423695403
2549,2.340220283369824,2.2358497910524893,0.10437049231733475
2550,2.289309702233013,2.189779180857874,0.09953052137513874
2551,2.5056841084670882,2.434377150783961,0.07130695768312734
2552,2.4235592864898607,2.3329554046132057,0.09060388187665502
2553,2.3528015542148535,2.2575676896383543,0.09523386457649918
2554,2.3525778095745067,2.270554786486294,0.08202302308821263
2555,2.2851567212193777,2.178755013390639,0.1064017078287387
2556,2.4162375229399653,2.3139768822389795,0.10226064070098584
2557,2.367520161661501,2.2814047892666225,0.08611537239487843
2558,2.4636163583957194,2.392417027905912,0.07119933048980753
2559,2.322040228236159,2.2216701094364883,0.10037011879967084
2560,2.3287847340819368,2.2271783388607185,0.10160639522121828
2561,2.377180795783019,2.2844735788736257,0.09270721690939343
2562,2.452452600961788,2.369271447409904,0.08318115355188382
2563,2.3527377450535005,2.260237692311679,0.09250005274182138
2564,2.4763473950969757,2.4005229786061713,0.0758244164908044
2565,2.2720706103129853,2.1735205813103438,0.09855002900264154
2566,2.452569625251463,2.3826348955860523,0.0699347296654107
2567,2.2265228183520107,2.1149901727451694,0.11153264560684129
2568,2.4138831374316676,2.316705485809594,0.09717765162207348
2569,2.26314981454147,2.1614741785635485,0.10167563597792162
2570,2.3604184952382634,2.2689617656865173,0.09145672955174611
2571,2.3572628935500655,2.261161745154353,0.0961011483957126
2572,2.338853514169847,2.2519923470192174,0.08686116715062964
2573,2.4583878580471175,2.385859589309327,0.07252826873779039
2574,2.3237224631498026,2.219030848762516,0.10469161438728669
2575,2.3510556209180513,2.2637387967631515,0.08731682415489983
2576,2.4777225022258045,2.3899760981319886,0.08774640409381584
2577,2.5314355178739865,2.4709683326627445,0.06046718521124195
2578,2.4638656741148854,2.399220104225418,0.06464556988946724
2579,2.3651852877300485,2.285217494234811,0.07996779349523742
2580,2.4273710201015914,2.351651744767057,0.0757192753345346
2581,2.4435272195186797,2.365172242290961,0.07835497722771878
2582,2.4982322564244552,2.4531285694143845,0.045103687010070725
2583,2.316465387805122,2.2165755666958304,0.09988982110929134
2584,2.401873180961041,2.3254192060283914,0.0764539749326496
2585,2.3516017556248885,2.2634881297457823,0.0881136258791062
2586,2.3278445478399137,2.225050475151162,0.10279407268875174
2587,2.4293353134630515,2.348017375175376,0.08131793828767542
2588,2.3391970621825684,2.246462055952695,0.0927350062298733
2589,2.4083926918980034,2.313518925065464,0.09487376683253945
2590,2.4626326142671653,2.388168634600841,0.07446397966632423
2591,2.4366317066689374,2.364708808190031,0.0719228984789062
2592,2.5326792160847376,2.465715569107236,0.06696364697750168
2593,2.420250684194281,2.3284836083376077,0.09176707585667332
2594,2.3701914473459627,2.266862403239466,0.10332904410649668
2595,2.3033297794083563,2.202925237956804,0.1004045414515522
2596,2.348977806837462,2.252132052322197,0.096845754515265
2597,2.3469594228417026,2.2651562273192467,0.08180319552245585
2598,2.3573849434072827,2.2842214868262967,0.073163456580986
2599,2.415195937779929,2.3199149341692458,0.09528100361068326
2600,2.474310383582088,2.408242267856053,0.06606811572603499
2601,2.3316374932164603,2.2375745095267408,0.09406298368971955
2602,2.4587615309440682,2.387248445058941,0.07151308588512739
2603,2.295665942918477,2.186178597086699,0.109487345831778
2604,2.294186924784506,2.1860989042611725,0.10808802052333366
2605,2.5494016614828556,2.511382683980313,0.03801897750254257
2606,2.410371916319852,2.3231019609750043,0.08726995534484772
2607,2.257359066190477,2.1477034716728247,0.1096555945176525
2608,2.358341572108758,2.2521598193150005,0.10618175279375741
2609,2.4551609553311495,2.3802380253791813,0.07492292995196825
2610,2.345543302294302,2.2403106212419788,0.10523268105232342
2611,2.2951177918576406,2.1916575105702507,0.10346028128738993
2612,2.4065909873676823,2.32053721870502,0.08605376866266212
2613,2.38183951588036,2.293046717164984,0.08879279871537582
2614,2.2550336979619923,2.1464907914990214,0.10854290646297082
2615,2.3812837500810975,2.295811787066227,0.08547196301487059
2616,2.3827744517814824,2.295654496470958,0.08711995531052441
2617,2.542289081350011,2.489552328368986,0.05273675298102498
2618,2.3956966154576316,2.307740859605345,0.08795575585228654
2619,2.2896044358758036,2.2019411964814757,0.08766323939432796
2620,2.550787279796516,2.479802613270005,0.07098466652651103
2621,2.332959858030195,2.2431642129431677,0.08979564508702742
2622,2.677413669995077,2.670255549048445,0.0071581209466318185
2623,2.4208687454805853,2.338284708843809,0.08258403663677649
2624,2.3946040574509007,2.311868087290696,0.08273597016020462
2625,2.288373645528695,2.173937768301333,0.11443587722736215
2626,2.423765699302789,2.330000373806575,0.09376532549621386
2627,2.3976285635190226,2.3128636871313626,0.08476487638766006
2628,2.4129511146411944,2.324185065138878,0.08876604950231659
2629,2.512775137254178,2.4572939692088944,0.05548116804528336
2630,2.418512714644389,2.357513857704541,0.06099885693984808
2631,2.6009922275716257,2.5418527726994027,0.05913945487222305
2632,2.3486673297910996,2.260380829104492,0.08828650068660782
2633,2.353833668739197,2.277289886990195,0.076543781749002
2634,2.730825092409362,2.7123882141755424,0.018436878233819787
2635,2.397487046132723,2.3113146568092993,0.08617238932342364
2636,2.3643927804109555,2.2681613566407233,0.0962314237702322
2637,2.420244738363438,2.348927689579956,0.07131704878348177
2638,2.461384106365234,2.4147949083254443,0.04658919803978989
2639,2.3570109008505296,2.2684657781320525,0.08854512271847703
2640,2.281148382891714,2.177292109538473,0.10385627335324088
2641,2.580841332805117,2.520926467724452,0.05991486508066535
2642,2.337207470291724,2.236901546634197,0.100305923657527
2643,2.413947714678317,2.3211712332635286,0.09277648141478823
2644,2.3669437205404327,2.292629388877317,0.07431433166311585
2645,2.275405645723588,2.1645716731473907,0.11083397257619731
2646,2.7468907013514383,2.7318428162090496,0.01504788514238875
2647,2.228411909889399,2.1116964432594996,0.11671546662989929
2648,2.4826259326272964,2.396673798530615,0.08595213409668157
2649,2.5604187987268348,2.510104235518996,0.05031456320783878
2650,2.313408958780561,2.2127714443255426,0.10063751445501845
2651,2.4372066930616216,2.3567094815927456,0.080497211468876
2652,2.4211071880589774,2.3399606537639817,0.08114653429499574
2653,2.448990188351037,2.3685079539726632,0.08048223437837398
2654,2.442637113686872,2.3883158542695515,0.054321259417320356
2655,2.3989630805700113,2.3040656472516865,0.09489743331832479
2656,2.2338469461864428,2.118337850441762,0.11550909574468093
2657,2.406807582404612,2.3271344865802353,0.07967309582437654
2658,2.3918095543337494,2.3000906285324803,0.09171892580126917
2659,2.5027363177919377,2.4403900362947706,0.062346281497167144
2660,2.488850121183257,2.417956677740698,0.07089344344255899
2661,2.3628539145021605,2.2677053631851933,0.0951485513169672
2662,2.2862622310631817,2.18309403710616,0.1031681939570217
2663,2.3177973267804193,2.218354024351322,0.09944330242909727
2664,2.4772624130009797,2.4331674799229237,0.04409493307805601
2665,2.539933468775033,2.4895641290232353,0.05036933975179769
2666,2.446636382137771,2.361366718245863,0.08526966389190793
2667,2.35401872959256,2.2575113011517423,0.09650742844081783
2668,2.413143252389568,2.343686377771809,0.06945687461775929
2669,2.414746388136386,2.348766701400386,0.06597968673600008
2670,2.376619211711865,2.2814466673992393,0.0951725443126259
2671,2.4588913103662033,2.378299419518648,0.08059189084755536
2672,2.4835463446442207,2.40893962778244,0.07460671686178078
2673,2.539476643990112,2.464274652574654,0.07520199141545802
2674,2.4004277927951794,2.3269688156883026,0.07345897710687677
2675,2.3483611041165218,2.250765806677133,0.09759529743938877
2676,2.4767538375718323,2.410217430057045,0.0665364075147874
2677,2.260255234998215,2.1475449279861722,0.11271030701204277
2678,2.386039007504218,2.2955491397141383,0.09048986779007961
2679,2.438947784072507,2.393147603802677,0.045800180269830015
2680,2.593370751964973,2.5336036063898084,0.059767145575164715
2681,2.40563051079761,2.330718536843703,0.07491197395390703
2682,2.371862010782185,2.2894711764261375,0.08239083435604755
2683,2.3807565366457824,2.2918018000501457,0.08895473659563669
2684,2.302427593919534,2.204992763538016,0.09743483038151801
2685,2.3548217840598,2.2671059533274613,0.08771583073233868
2686,2.3718510783734006,2.2775949934165824,0.09425608495681814
2687,2.492873011734839,2.4272464437102017,0.06562656802463751
2688,2.3765296365287325,2.283462554459312,0.0930670820694206
2689,2.2524051184327227,2.141901136195993,0.11050398223672975
2690,2.5437310727957585,2.4869153111713556,0.05681576162440294
2691,2.3142007600979655,2.2164014889110097,0.09779927118695575
2692,2.368165208550451,2.272131434185435,0.09603377436501592
2693,2.4530593305996975,2.3847893131665634,0.0682700174331341
2694,2.329633844069691,2.233995558394627,0.09563828567506372
2695,2.299012939735823,2.204227824833764,0.09478511490205932
2696,2.35464236066894,2.254469733014767,0.10017262765417323
2697,2.3840416902390107,2.303876903198974,0.0801647870400366
2698,2.4331435037455433,2.359301851050487,0.07384165269505649
2699,2.53299660036299,2.4784266638095245,0.054569936553465315
2700,2.387074234097473,2.3155287233108965,0.07154551078657656
2701,2.462436866032084,2.3975871604468564,0.06484970558522773
2702,2.4742375648700587,2.3921351783966625,0.0821023864733963
2703,2.4213836523969707,2.3235650372518792,0.09781861514509149
2704,2.408706094727767,2.3223874860524907,0.0863186086752763
2705,2.3413179826247656,2.24867630244643,0.09264168017833585
2706,2.2973789595231953,2.188026068659381,0.10935289086381417
2707,2.593650451550839,2.561641313227241,0.03200913832359831
2708,2.3056309223920044,2.206674465610648,0.09895645678135656
2709,2.440592098752147,2.354736279679339,0.08585581907280782
2710,2.3605143059353306,2.2779760448294075,0.0825382611059231
2711,2.346872219162894,2.240447352426159,0.1064248667367349
2712,2.3411922963307084,2.2434985745358724,0.09769372179483593
2713,2.3936234874696027,2.305526039992387,0.0880974474772156
2714,2.4139192659990854,2.3314736163197525,0.08244564967933288
2715,2.321648304243342,2.229375359834623,0.0922729444087187
2716,2.320146728370684,2.2314459286236525,0.08870079974703149
2717,2.5884768350609626,2.5373047276284404,0.05117210743252221
2718,2.367457682288963,2.2779657421718147,0.08949194011714834
2719,2.5090760362957285,2.4456691653739266,0.06340687092180186
2720,2.359025582515645,2.2716271003738537,0.08739848214179124
2721,2.3481320226553875,2.254505184914252,0.09362683774113556
2722,2.375615536156364,2.288569382119232,0.0870461540371319
2723,2.359120327735247,2.2751464314064562,0.0839738963287906
2724,2.6281963505953523,2.583043257468694,0.045153093126658383
2725,2.3994771175873324,2.3182314795112946,0.0812456380760378
2726,2.329893175735276,2.2285454022886633,0.10134777344661261
2727,2.3823117893891466,2.304298077790175,0.07801371159897164
2728,2.5636743545338385,2.5099426251535615,0.05373172938027704
2729,2.52011798132577,2.469340523100359,0.05077745822541102
2730,2.2562939800780613,2.1543241495656997,0.10196983051236153
2731,2.303043509500505,2.214898949835342,0.08814455966516288
2732,2.380375956853215,2.296005295717787,0.08437066113542757
2733,2.4637223233620342,2.381167316276133,0.08255500708590136
2734,2.3512045517408238,2.26201848220173,0.0891860695390938
2735,2.3410995129518772,2.244746203731836,0.09635330922004126
2736,2.361736382901182,2.2733696227566673,0.08836676014451461
2737,2.3493141780292075,2.2552144405237797,0.09409973750542777
2738,2.269697526427575,2.1595118287201416,0.11018569770743358
2739,2.317460994691538,2.2116393051726835,0.10582168951885462
2740,2.3022241112487123,2.1913076053698872,0.11091650587882507
2741,2.3494814905392825,2.2651274831918853,0.08435400734739718
2742,2.3603871988362064,2.2676569430999964,0.09273025573620997
2743,2.4102228930323704,2.3313066315595523,0.07891626147281805
2744,2.2450851117206443,2.133564008629475,0.11152110309116914
2745,2.43566651981612,2.34194928284205,0.09371723697406997
2746,2.4899260943508295,2.4167104927427165,0.07321560160811291
2747,2.3688205372272377,2.271655386556245,0.09716515067099252
2748,2.1778502932341937,2.054291952396199,0.12355834083799477
2749,2.282077651255087,2.176603417944295,0.10547423331079209
2750,2.3400626984616735,2.2559780461980554,0.08408465226361805
2751,2.28581300475142,2.184591444442776,0.10122156030864371
2752,2.4893392157896272,2.4203874861825394,0.06895172960708784
2753,2.2792186867990143,2.171918875806595,0.10729981099241925
2754,2.5012292397895854,2.4391061918176704,0.062123047971915035
2755,2.3583246174536527,2.2735731203810534,0.08475149707259932
2756,2.385099586019638,2.299612899449549,0.08548668657008918
2757,2.423961181499058,2.3623990864273767,0.06156209507168109
2758,2.427941653038347,2.357589871564553,0.07035178147379417
2759,2.3050999266643433,2.203548721099293,0.10155120556505048
2760,2.3391915007315705,2.2528690980770514,0.08632240265451907
2761,2.360435089092863,2.264452414278595,0.09598267481426825
2762,2.3528733519643357,2.2633538094582244,0.08951954250611127
2763,2.3766867365287045,2.2876644185551838,0.08902231797352078
2764,2.2382760575277487,2.130381228193312,0.10789482933443661
2765,2.319104389399837,2.220620730934546,0.09848365846529106
2766,2.3338955795242673,2.2294238837049285,0.1044716958193388
2767,2.3091265718223237,2.222389638922729,0.08673693289959461
2768,2.347389859378047,2.2463819400460734,0.10100791933197373
2769,2.500601463584446,2.4525237622487466,0.04807770133569944
2770,2.4107899924699705,2.325894391401857,0.08489560106811345
2771,2.437430710577129,2.3633145313903685,0.07411617918676061
2772,2.3546691005660216,2.269597044252902,0.08507205631311976
2773,2.3091766678188748,2.216791135359261,0.0923855324596139
2774,2.51768987566413,2.4610701242811506,0.056619751382979366
2775,2.474391518812271,2.4055872167919428,0.06880430202032839
2776,2.2848333498749858,2.187796494154288,0.09703685572069798
2777,2.4969171247265365,2.439204709840798,0.05771241488573864
2778,2.4580327009110627,2.384542779193494,0.07348992171756885
2779,2.3148223254788585,2.2139644921927673,0.10085783328609121
2780,2.3214550012666186,2.228943221611472,0.09251177965514668
2781,2.4284043040332377,2.3499851000231007,0.07841920401013702
2782,2.328450855247322,2.237409587481086,0.091041267766236
2783,2.3421123017562193,2.249484787347175,0.09262751440904449
2784,2.5779891862611555,2.512922285195788,0.0650669010653675
2785,2.373525276388966,2.2987040219999537,0.0748212543890121
2786,2.5250399772594023,2.4642015978289593,0.06083837943044301
2787,2.2925652946966406,2.185531178342716,0.10703411635392479
2788,2.404358731213105,2.321822739479112,0.08253599173399273
2789,2.5468358878862567,2.497106482005026,0.04972940588123054
2790,2.426234488839025,2.3450151019479426,0.08121938689108221
2791,2.504077059369557,2.4288664999421474,0.0752105594274095
2792,2.527202463659877,2.47066842066747,0.05653404299240705
2793,2.408446637536371,2.323590699675864,0.08485593786050671
2794,2.3338365618435057,2.2420824862290587,0.09175407561444704
2795,2.362299427340588,2.27498751644875,0.0873119108918381
2796,2.4445330201270665,2.3532812481027996,0.09125177202426693
2797,2.5676098295789767,2.5074324788600446,0.06017735071893204
2798,2.4037154863026124,2.3260109206160204,0.07770456568659201
2799,2.3993982786088486,2.308180243483236,0.09121803512561266
2800,2.770567471915437,2.757205257819312,0.013362214096125147
2801,2.368871065805206,2.2808407100269954,0.08803035577821072
2802,2.5089947882550203,2.449913073380611,0.059081714874409386
2803,2.3780953327574355,2.292639709685779,0.08545562307165655
2804,2.396882982630907,2.323751167145601,0.073131815485306
2805,2.499098560965165,2.420859130158602,0.07823943080656282
2806,2.391620352911217,2.2984181125714556,0.09320224033976166
2807,2.288948450158184,2.1837187133295357,0.10522973682864833
2808,2.4041137044012157,2.339985264260375,0.06412844014084085
2809,2.5803521707581005,2.5397576692547505,0.04059450150334998
2810,2.484674591834421,2.4315909988439244,0.0530835929904967
2811,2.2881564858689263,2.1755987184728838,0.11255776739604251
2812,2.466899025907536,2.4093061687669426,0.05759285714059326
2813,2.445804733697348,2.372789997831276,0.07301473586607221
2814,2.2293506203475375,2.1208215073487495,0.10852911299878798
2815,2.53115447057348,2.467667524297315,0.06348694627616513
2816,2.570781129305602,2.516526202480524,0.05425492682507782
2817,2.333563875742194,2.2353796584172763,0.09818421732491789
2818,2.4519520734526528,2.3601720506596653,0.09178002279298747
2819,2.5719835346196125,2.5118662547042785,0.060117279915334
2820,2.4932763162428953,2.4070805208049673,0.08619579543792799
2821,2.3416425903681803,2.2405922975267054,0.10105029284147493
2822,2.3987418608416817,2.3146243875832417,0.08411747325843999
2823,2.438510191545869,2.355345820606585,0.08316437093928375
2824,2.4549788059432758,2.375948834846075,0.07902997109720067
2825,2.289309841811695,2.188129860692199,0.101179981119496
2826,2.3882141731478366,2.317827384918427,0.07038678822940936
2827,2.589905880920729,2.5294505535745966,0.06045532734613257
2828,2.5654380247485475,2.533153082362292,0.032284942386255455
2829,2.5690783756906788,2.5160640873789806,0.05301428831169819
2830,2.262212374535872,2.1548613981008122,0.10735097643505975
2831,2.4666466807190814,2.3942666112043156,0.07238006951476583
2832,2.334031308868048,2.2400358519072765,0.0939954569607715
2833,2.3955806294328146,2.318853802880428,0.07672682655238638
2834,2.3920234358835315,2.312429375513069,0.07959406037046257
2835,2.35799179465576,2.267738409108838,0.09025338554692208
2836,2.455132000496043,2.37113944937053,0.08399255112551307
2837,2.4106383190311163,2.3438973898644915,0.06674092916662477
2838,2.2580516274700564,2.1498448509509354,0.10820677651912103
2839,2.4685453270564004,2.4034970056727194,0.065048321383681
2840,2.5596067702122394,2.5188175176661147,0.040789252546124644
2841,2.799740372207835,2.8177400860047586,-0.017999713796923444
2842,2.417449150249635,2.3422024641226122,0.07524668612702268
2843,2.3661082247088534,2.2756455486793223,0.09046267602953106
2844,2.50434918068236,2.427187960831736,0.07716121985062419
2845,2.4027521476528073,2.3378185717496027,0.06493357590320459
2846,2.3611967175648725,2.264972301816404,0.0962244157484684
2847,2.552310677962124,2.481120693694592,0.07118998426753187
2848,2.39242498702029,2.32057462279384,0.07185036422644986
2849,2.2995243678442883,2.1954832140623006,0.10404115378198764
2850,2.4597487449979916,2.39051939713719,0.06922934786080148
2851,2.3793939573969456,2.290621036183959,0.08877292121298641
2852,2.357654231615969,2.2663532287458077,0.09130100287016152
2853,2.374031045694174,2.281023581382696,0.09300746431147777
2854,2.5421788773917093,2.4978529220831236,0.04432595530858574
2855,2.374184770302335,2.292534773956165,0.0816499963461701
2856,2.5351358074305934,2.488348767484319,0.04678703994627442
2857,2.2115932124730495,2.096534407210159,0.11505880526289047
2858,2.4693677987742304,2.3938815160226903,0.07548628275154012
2859,2.4081816641462255,2.323650932413074,0.0845307317331514
2860,2.405157404779805,2.3282938696626654,0.07686353511713984
2861,2.327092489973394,2.229497197929854,0.09759529204353967
2862,2.356577905496482,2.2679220958954143,0.08865580960106767
2863,2.399581206366139,2.3048145024330564,0.0947667039330824
2864,2.3304183960048857,2.2413198887434,0.0890985072614856
2865,2.5610666599268685,2.5107121685610068,0.05035449136586179
2866,2.3809808186049732,2.305591618245051,0.07538920035992236
2867,2.373783027804052,2.2988689187326043,0.07491410907144758
2868,2.6751870610899537,2.647843796428218,0.027343264661735756
2869,2.374661273886381,2.2860965096472072,0.08856476423917359
2870,2.3817820736344824,2.2774909246823847,0.10429114895209768
2871,2.4464325358435652,2.3701413907363933,0.07629114510717194
2872,2.414675965803531,2.333761438805159,0.08091452699837198
2873,2.309080757779975,2.2053333528657983,0.10374740491417667
2874,2.301903252464906,2.1984496254997365,0.10345362696516958
2875,2.3680882476568748,2.2735515833676385,0.09453666428923624
2876,2.2552678449711907,2.1462778920518675,0.10898995291932323
2877,2.3470752662772885,2.255400504769793,0.09167476150749554
2878,2.2635318473812007,2.154621373026096,0.10891047435510481
2879,2.3436099235085806,2.249284616960169,0.09432530654841154
2880,2.413958936445096,2.3310307537882684,0.08292818265682778
2881,2.3720564901140833,2.2787375235542227,0.0933189665598606
2882,2.407130913335536,2.319575551488416,0.08755536184711987
2883,2.306024689654821,2.210285759973294,0.0957389296815272
2884,2.3904950697307994,2.291066787776833,0.09942828195396647
2885,2.3233239865599997,2.228933259750265,0.09439072680973482
2886,2.4350730153077897,2.3569244034583248,0.07814861184946498
2887,2.315808617040163,2.217149992051852,0.09865862498831124
2888,2.4434423365106253,2.3616992692753467,0.08174306723527858
2889,2.4659960678974313,2.381107044556587,0.08488902334084436
2890,2.433648680056924,2.366463623138498,0.0671850569184258
2891,2.3785334061275747,2.2857178435032437,0.092815562624331
2892,2.3732004315967377,2.2793816925420782,0.09381873905465943
2893,2.563118793442014,2.5231240562369672,0.03999473720504687
2894,2.4704006914079844,2.3929614318919445,0.0774392595160398
2895,2.4098140237381163,2.3316570875702327,0.07815693616788355
2896,2.370594263297414,2.2980648683687983,0.07252939492861588
2897,2.3337327738749574,2.241250285458141,0.09248248841681628
2898,2.6159834549495136,2.575675693731153,0.04030776121836066
2899,2.5541737343434523,2.480746820237311,0.07342691410614144
2900,2.386574971810159,2.2985654223573606,0.08800954945279837
2901,2.324088091602156,2.2125831950641603,0.11150489653799545
2902,2.4524184053993374,2.367575569489331,0.08484283591000663
2903,2.4011703944919685,2.331695588238605,0.06947480625336366
2904,2.4317369863389424,2.338323758565586,0.09341322777335659
2905,2.376973464268453,2.2916648805121302,0.08530858375632278
2906,2.2810268901778112,2.1811937880350842,0.099833102142727
2907,2.392410878479353,2.3014375744554387,0.09097330402391446
2908,2.35312194891658,2.2583915677592388,0.09473038115734145
2909,2.3258117799456595,2.2264782120879625,0.09933356785769698
2910,2.5451506289207226,2.4828543873660642,0.062296241554658405
2911,2.394277953792585,2.292155336747696,0.10212261704488901
2912,2.5000837504512305,2.4482217776378037,0.05186197281342686
2913,2.301552174844866,2.1911068905288666,0.11044528431599954
2914,2.396123873014848,2.311761333570588,0.08436253944425998
2915,2.425262542480445,2.350411574283791,0.07485096819665404
2916,2.3588124831280757,2.2731195777426554,0.08569290538542029
2917,2.408638667279749,2.3184520190510676,0.0901866482286815
2918,2.5057819156412973,2.4674060487391043,0.03837586690219297
2919,2.5327380585164905,2.494090904597044,0.03864715391944662
2920,2.4094034809562284,2.3337936913485247,0.0756097896077037
2921,2.4967580175140394,2.443523975796917,0.05323404171712243
2922,2.406731401654279,2.3368926064218383,0.06983879523244063
2923,2.3161639865676262,2.2167918865043723,0.09937210006325392
2924,2.450322235000783,2.3852090668938204,0.06511316810696277
2925,2.4317415112424365,2.363355881188325,0.06838563005411169
2926,2.388198258679709,2.2959375646205022,0.09226069405920656
2927,2.3960664496944717,2.319130166845737,0.07693628284873455
2928,2.4958231613795268,2.438458350712613,0.05736481066691379
2929,2.511285634439009,2.461199570890716,0.0500860635482927
2930,2.4060506456891466,2.328088674830561,0.0779619708585857
2931,2.606380606803701,2.5541285234386546,0.05225208336504661
2932,2.5603896353676316,2.514327376000239,0.0460622593673925
2933,2.6519915984834963,2.6091145516396486,0.042877046843847744
2934,2.32826031959597,2.2403354901326087,0.08792482946336122
2935,2.3531158002835313,2.257465803571309,0.09564999671222241
2936,2.412700030638574,2.3404008033787895,0.07229922725978444
2937,2.407104301685063,2.327154009102771,0.07995029258229192
2938,2.4861290442040116,2.4121618636387354,0.07396718056527618
2939,2.310327199165639,2.2163337129005325,0.09399348626510662
2940,2.3527184997560635,2.271969927935439,0.08074857182062445
2941,2.314339567254766,2.2175544276346484,0.09678513962011781
2942,2.527475510338969,2.4490684447733475,0.07840706556562127
2943,2.399221336662183,2.3173264855597266,0.0818948511024562
2944,2.38793610356762,2.2968529312678023,0.09108317229981777
2945,2.296374153675561,2.185629036539815,0.11074511713574564
2946,2.294765074813594,2.18434109994016,0.11042397487343392
2947,2.4036037601395974,2.320536826440192,0.08306693369940543
2948,2.608481981257272,2.5703705755358497,0.038111405721422464
2949,2.413946569392083,2.3259830732026465,0.08796349618943644
2950,2.464723049402278,2.392223212632709,0.07249983676956884
2951,2.4235454735882147,2.344863600791615,0.07868187279659988
2952,2.4474837807923415,2.378722873803785,0.06876090698855641
2953,2.4128129113271113,2.326567291068131,0.08624562025898008
2954,2.533745940008782,2.476429938316638,0.0573160016921439
2955,2.3711930950211815,2.2940778128506807,0.07711528217050079
2956,2.266229394474894,2.1611877826248866,0.10504161185000749
2957,2.5014130860664965,2.456718986198995,0.04469409986750161
2958,2.246753720405046,2.1386273458182923,0.10812637458675356
2959,2.367481861316686,2.265551203084855,0.10193065823183112
2960,2.368551472283647,2.2701305457890366,0.09842092649461032
2961,2.342448591506726,2.2431912312241398,0.09925736028258614
2962,2.3683423434021647,2.286224863962415,0.08211747943974945
2963,2.479027523006214,2.4214153666080964,0.057612156398117786
2964,2.39023556946056,2.29743772708751,0.09279784237305
2965,2.3222891963308885,2.2169482720042835,0.10534092432660502
2966,2.3595221024756956,2.2745002665812306,0.08502183589446499
2967,2.8215622993989564,2.8139430610758027,0.007619238323153699
2968,2.41390921692051,2.3255173636380015,0.08839185328250831
2969,2.4576881567927313,2.394535843820905,0.06315231297182633
2970,2.3190721132015613,2.222006228717491,0.09706588448407016
2971,2.4559800579498696,2.3821760838981714,0.07380397405169825
2972,2.3541996794622335,2.258871685003009,0.09532799445922446
2973,2.2911532466264566,2.200792915951557,0.09036033067489946
2974,2.5644746000708336,2.5175782626550802,0.046896337415753386
2975,2.521500137213119,2.4531247945918655,0.06837534262125367
2976,2.387445520603871,2.299735547046268,0.08770997355760324
2977,2.4702610098074396,2.3983051252760794,0.07195588453136015
2978,2.5302614345418513,2.4609956081295947,0.06926582641225654
2979,2.296851904182686,2.20141875196017,0.0954331522225158
2980,2.662579428068345,2.637030232856855,0.025549195211489906
2981,2.488334850481778,2.407442935922676,0.08089191455910205
2982,2.4261030919610045,2.3521425228456443,0.0739605691153602
2983,2.2681348622608626,2.1614099060085437,0.10672495625231893
2984,2.336686281341881,2.236467135736767,0.10021914560511425
2985,2.408212431611,2.332039120454274,0.07617331115672599
2986,2.3203144566148164,2.2200344617686665,0.10027999484614991
2987,2.3615454230727235,2.2815062744622354,0.08003914861048811
2988,2.398105887994525,2.310786902496721,0.08731898549780404
2989,2.447789496355408,2.3860455161959737,0.061743980159434386
2990,2.3587509825383477,2.261030300567232,0.09772068197111583
2991,2.535957913264492,2.479320444221274,0.05663746904321787
2992,2.4335912581364885,2.358774839582595,0.07481641855389354
2993,2.3486805837731604,2.2647453867827707,0.08393519699038965
2994,2.413992325941926,2.3235080701059667,0.0904842558359591
2995,2.382606511547255,2.2966119637324387,0.08599454781481608
2996,2.5755899092764944,2.5244307452261587,0.051159164050335715
2997,2.4524318291525002,2.3890911835366886,0.06334064561581165
2998,2.384623382498974,2.3074670303989104,0.07715635210006377
2999,2.3973365244146287,2.299548907844195,0.09778761657043367
3000,2.232730358094081,2.1186335119857462,0.11409684610833493
3001,2.2503853346273646,2.13871230451916,0.11167303010820451
3002,2.4174426383694017,2.3348872528860176,0.08255538548338404
3003,2.38125709737588,2.274552308430829,0.1067047889450512
3004,2.478861493445328,2.3963350420107234,0.08252645143460446
3005,2.3054731681580245,2.2103194534800634,0.09515371467796108
3006,2.318229685791063,2.219426798892565,0.09880288689849825
3007,2.422523483143204,2.340210175216409,0.08231330792679525
3008,2.3842937926039136,2.299012722002072,0.08528107060184142
3009,2.3159874566598107,2.213973467079002,0.10201398958080876
3010,2.4835220005058187,2.429969859267563,0.05355214123825558
3011,2.461210036891384,2.386616045211606,0.07459399167977798
3012,2.3840948377328592,2.299985775407079,0.0841090623257803
3013,2.48072196637487,2.394706909676298,0.08601505669857179
3014,2.4892424629362733,2.4325431982051398,0.056699264731133514
3015,2.3100345731485405,2.2048470761553336,0.10518749699320695
3016,2.486619727977989,2.4309614979558036,0.055658230022185506
3017,2.5350218725695863,2.4810170528749134,0.05400481969467297
3018,2.6784578407421455,2.651376339707214,0.027081501034931676
3019,2.3592269178795795,2.262017285402269,0.0972096324773104
3020,2.356393118523686,2.2604095540857623,0.09598356443792389
3021,2.2960559492636547,2.1857775135198882,0.1102784357437665
3022,2.5296277886277037,2.471057528961007,0.0585702596666966
3023,2.4892673324425445,2.401244770912428,0.08802256153011667
3024,2.4262734995728525,2.3548071088209013,0.07146639075195127
3025,2.443985474151969,2.3667741634874586,0.07721131066451026
3026,2.3414354976842384,2.2570701635441077,0.0843653341401307
3027,2.3480243045618785,2.2563771676594793,0.09164713690239923
3028,2.235416853184202,2.118442208723634,0.11697464446056793
3029,2.4728064631467017,2.4095740654588016,0.06323239768790012
3030,2.428535116030272,2.3505491683861117,0.07798594764416045
3031,2.4948106184271044,2.422187070299111,0.07262354812799332
3032,2.5123102251237466,2.4445931286598106,0.06771709646393598
3033,2.546054769104134,2.4737387579579346,0.07231601114619934
3034,2.532685656705634,2.4688067063764656,0.06387895032916857
3035,2.4010387726415567,2.329930553971926,0.07110821866963057
3036,2.467700340675208,2.4239457985078308,0.043754542167377064
3037,2.346087460293934,2.2449923432821324,0.10109511701180152
3038,2.346797965278308,2.247222018653207,0.09957594662510116
3039,2.506535896422763,2.4621355561065887,0.04440034031617435
3040,2.555625685615275,2.494297121657468,0.061328563957806725
3041,2.371019078938005,2.287579154282668,0.083439924655337
3042,2.3119862575803465,2.2039755861455106,0.10801067143483589
3043,2.3390286342637303,2.2440855289573443,0.09494310530638606
3044,2.3006196833633243,2.195961100613305,0.10465858275001949
3045,2.296099909782509,2.1923671570767755,0.10373275270573368
3046,2.5783281837884875,2.5199643727518257,0.05836381103666177
3047,2.322308065585827,2.2225852961911436,0.09972276939468339
3048,2.5632321640845563,2.525771860473185,0.037460303611371426
3049,2.475768883300514,2.394345110411311,0.08142377288920288
3050,2.410950937017462,2.3444756373039746,0.06647529971348742
3051,2.3653925599432166,2.267147321029913,0.09824523891330372
3052,2.4521684071042325,2.3841489084594496,0.06801949864478285
3053,2.3915439557387637,2.3023256329991852,0.08921832273957842
3054,2.3836633742750815,2.2959157419061595,0.08774763236892191
3055,2.3630829733056453,2.279621245987287,0.08346172731835821
3056,2.4471960509662765,2.3689312059835816,0.07826484498269481
3057,2.4033436708739715,2.3226033464749616,0.08074032439900991
3058,2.47220830199721,2.4057501698137616,0.06645813218344854
3059,2.3727625539627097,2.28106508241959,0.09169747154311958
3060,2.4008231680269763,2.327800498030026,0.07302266999695028
3061,2.2934351117879967,2.1912024868337014,0.1022326249542953
3062,2.314318396456066,2.2253807495058413,0.08893764695022455
3063,2.5733943348265758,2.5075133014764703,0.06588103335010542
3064,2.438380031967793,2.3683676667848585,0.0700123651829343
3065,2.238238659596061,2.1269791486340046,0.11125951096205622
3066,2.5560925820019325,2.4998490508926836,0.056243531109248845
3067,2.3238402515895746,2.217162408080228,0.10667784350934673
3068,2.3790856962938047,2.280106110553696,0.09897958574010879
3069,2.3339168476851313,2.23970166649581,0.09421518118932148
3070,2.479214615554372,2.420481608741345,0.05873300681302718
3071,2.470345335641946,2.3953176353090013,0.07502770033294448
3072,2.478360271351099,2.4076475752660738,0.07071269608502506
3073,2.625172200341252,2.5678265849441186,0.057345615397133454
3074,2.3003349297012656,2.2040872756267853,0.09624765407448033
3075,2.386226736131798,2.3119510190777204,0.07427571705407754
3076,2.529803294654953,2.468546571666796,0.0612567229881571
3077,2.366341213621111,2.2842511027431307,0.08209011087798013
3078,2.328402630638342,2.2276076729403504,0.10079495769799163
3079,2.391624899626428,2.3000057994730967,0.09161910015333152
3080,2.2996858374240916,2.1979154766157767,0.10177036080831492
3081,2.524566898554264,2.487163393092325,0.037403505461938824
3082,2.2188377038577616,2.1058963585167256,0.11294134534103595
3083,2.3220218267572195,2.2238840543399445,0.09813777241727495
3084,2.5406019235086643,2.483062797598798,0.05753912590986632
3085,2.500789173229635,2.433558760605247,0.06723041262438789
3086,2.2484809459696455,2.1415002416076523,0.10698070436199325
3087,2.489601837045253,2.4195326374728503,0.07006919957240276
3088,2.61811207050428,2.5626812325673707,0.055430837936909505
3089,2.461091218364683,2.400345527628807,0.06074569073587588
3090,2.5271017866991934,2.4762815816191814,0.05082020508001195
3091,2.504804160764874,2.43494895995505,0.06985520080982388
3092,2.254963874475445,2.1512383409532374,0.10372553352220759
3093,2.4384429001562844,2.350446223515964,0.08799667664032018
3094,2.5215925586384276,2.4604964792138446,0.06109607942458295
3095,2.442385520167156,2.380310119637858,0.06207540052929783
3096,2.323325718373799,2.2209073658464633,0.10241835252733589
3097,2.4853370268959876,2.4367326586448064,0.048604368251181196
3098,2.457692585888128,2.390508702712499,0.06718388317562907
3099,2.389137722377748,2.292037092676936,0.09710062970081212
3100,2.6246156301247185,2.572182266231153,0.052433363893565677
3101,2.3385263534176515,2.2479178009692258,0.0906085524484257
3102,2.490739617884773,2.4321400597073866,0.0585995581773866
3103,2.4656689742607307,2.38572738294235,0.07994159131838074
3104,2.6736878213261552,2.6584670139276927,0.015220807398462544
3105,2.382979062994828,2.300799993394947,0.08217906959988142
3106,2.6040577443749293,2.5815195820949532,0.02253816227997607
3107,2.3989920547640806,2.3147667538500416,0.08422530091403901
3108,2.4703277976825215,2.386812658482652,0.08351513919986964
3109,2.375609324927021,2.301514134677746,0.07409519024927524
3110,2.450841780880445,2.3672994087795862,0.08354237210085858
3111,2.3815198939116584,2.289062327937172,0.0924575659744864
3112,2.346809614282683,2.2513737596517482,0.09543585463093462
3113,2.3429063128488585,2.2575796452160746,0.08532666763278396
3114,2.5734456715920495,2.512293016650143,0.06115265494190636
3115,2.39212891648597,2.3137180358534746,0.07841088063249524
3116,2.2973890289377117,2.201738670638921,0.09565035829879065
3117,2.4855840082964162,2.416702936094374,0.06888107220204231
3118,2.341231865824787,2.2504467083294903,0.0907851574952967
3119,2.3757136226733246,2.294105471909261,0.08160815076406358
3120,2.4454653384353504,2.3772764302290104,0.06818890820634005
3121,2.4278564190524974,2.3523482930629407,0.0755081259895567
3122,2.332779796695779,2.2429016758447613,0.08987812085101776
3123,2.429450808411918,2.325062512473812,0.10438829593810617
3124,2.237137344572756,2.1353402371787253,0.10179710739403047
3125,2.3200136223156775,2.2165731302378493,0.10344049207782824
3126,2.6200582391449077,2.5738192076378894,0.04623903150701825
3127,2.3457090763728075,2.266028508919219,0.07968056745358831
3128,2.4167028482699675,2.34355726418952,0.07314558408044736
3129,2.358792093907255,2.2778964563839383,0.08089563752331674
3130,2.2789177016764373,2.1717323321317306,0.1071853695447067
3131,2.3757156511855095,2.3022690046731284,0.07344664651238109
3132,2.521944118794118,2.460122532532212,0.06182158626190626
3133,2.7050861259663534,2.6929900212782685,0.012096104688084974
3134,2.5307494946013693,2.4843149345409152,0.0464345600604541
3135,2.3054873626707377,2.207483039253477,0.09800432341726051
3136,2.38891558174225,2.3016231659202413,0.08729241582200853
3137,2.55627486554412,2.500555955463397,0.05571891008072294
3138,2.391498033360627,2.31815703878245,0.07334099457817711
3139,2.4352537684970437,2.364045189614821,0.07120857888222254
3140,2.4218727433052276,2.3403146822241627,0.08155806108106489
3141,2.3066775062837652,2.2113776460238235,0.09529986025994175
3142,2.50027396270355,2.4394579210285867,0.06081604167496346
3143,2.3107472225728176,2.2044183082208777,0.10632891435193992
3144,2.3720854322238996,2.2825640657167408,0.0895213665071588
3145,2.6075524911550527,2.5591624960791104,0.04838999507594233
3146,2.370409908399535,2.2832775264074976,0.08713238199203754
3147,2.289809193941412,2.1828685363863585,0.10694065755505333
3148,2.2795142999558773,2.169996267069884,0.10951803288599349
3149,2.319278969500567,2.2169109272134375,0.10236804228712959
3150,2.3852390455080172,2.306419167416454,0.07881987809156321
3151,2.226958703911885,2.11417301157877,0.11278569233311497
3152,2.3531112655203374,2.2589573983248927,0.09415386719544472
3153,2.3803691181611484,2.3078260789416514,0.07254303921949701
3154,2.518150383387793,2.457937385886685,0.06021299750110787
3155,2.281315628277126,2.1731086808127693,0.10820694746435677
3156,2.431708937248071,2.34136370143056,0.09034523581751097
3157,2.4804276799070144,2.4236100507717953,0.05681762913521915
3158,2.592944304359462,2.5581363680737335,0.03480793628572876
3159,2.4099667353782777,2.3282841904163196,0.08168254496195804
3160,2.418628870483778,2.3481188718990187,0.07050999858475926
3161,2.4543533605227497,2.396142572984259,0.05821078753849074
3162,2.3869876585468908,2.3133173417394284,0.07367031680746239
3163,2.445158218444869,2.3545354525098907,0.09062276593497831
3164,2.364908779302627,2.271409747442893,0.09349903185973396
3165,2.407883422182951,2.313507657081095,0.09437576510185597
3166,2.335721877683204,2.233308393047354,0.10241348463584998
3167,2.40530692154499,2.3092373152024486,0.09606960634254147
3168,2.4279813365858076,2.3494916095226825,0.07848972706312507
3169,2.4628070071502046,2.3965779214242056,0.06622908572599906
3170,2.4425894140200124,2.3655907957515763,0.07699861826843613
3171,2.5438433066448183,2.478291550364594,0.06555175628022436
3172,2.4043978560663155,2.3347559650380934,0.06964189102822216
3173,2.3278549785750826,2.230746183061386,0.09710879551369667
3174,2.3953278872945685,2.2978292162283047,0.09749867106626375
3175,2.293062390191849,2.1956688852974198,0.09739350489442922
3176,2.234637346853682,2.113010332094321,0.121627014759361
3177,2.4414137968190643,2.349967187853594,0.09144660896547041
3178,2.28099728357052,2.171050468783424,0.10994681478709634
3179,2.485680031702618,2.4120228789736813,0.07365715272893691
3180,2.529774342183743,2.4702068733178737,0.059567468865869166
3181,2.4265893998150827,2.347377580915106,0.07921181889997664
3182,2.394392755221757,2.3092153847444443,0.08517737047731266
3183,2.2546819050820597,2.1408950639204862,0.11378684116157345
3184,2.457216581710638,2.383712348956734,0.07350423275390439
3185,2.5804333966814426,2.536776173794,0.04365722288744234
3186,2.615395236168799,2.5591334505143384,0.056261785654460716
3187,2.5136774877752246,2.4561607407297625,0.05751674704546206
3188,2.2827916631233536,2.185156227890434,0.0976354352329194
3189,2.6808982610716674,2.6341984897013697,0.04669977137029768
3190,2.411327751479349,2.3355877275972814,0.07574002388206758
3191,2.364922113694285,2.2875735966151978,0.0773485170790873
3192,2.3026583449296893,2.2026126956552785,0.10004564927441084
3193,2.27897505089023,2.1694321349757306,0.10954291591449916
3194,2.591756473214211,2.5369355832208926,0.05482088999331847
3195,2.4680381711337445,2.401858871541482,0.06617929959226254
3196,2.3567629192742108,2.2745709535839667,0.08219196569024412
3197,2.3852049488435343,2.289153100869544,0.09605184797399025
3198,2.449064033921905,2.367831644559829,0.08123238936207633
3199,2.3767865576316836,2.287417031872007,0.08936952575967672
3200,2.2355853103806775,2.1134144782375435,0.12217083214313407
3201,2.3233463094141076,2.2264315687544647,0.0969147406596429
3202,2.420754358511666,2.355127022564258,0.06562733594740822
3203,2.365441135335574,2.2874275861013795,0.07801354923419446
3204,2.5224103793288872,2.45745202390142,0.06495835542746731
3205,2.364775512078864,2.2868717268821404,0.0779037851967237
3206,2.305313795519769,2.205371783861868,0.09994201165790129
3207,2.3625583473496254,2.264031403533312,0.09852694381631366
3208,2.454761753853698,2.379918588182859,0.07484316567083926
3209,2.334194300902893,2.2307071185045735,0.10348718239831944
3210,2.254424006718034,2.136781794149126,0.11764221256890783
3211,2.2391143216321203,2.134926087284473,0.10418823434764724
3212,2.482562103449034,2.4015269606661374,0.08103514278289659
3213,2.290505762139688,2.180017758869183,0.1104880032705049
3214,2.538705344439535,2.479765596962912,0.058939747476622895
3215,2.3097324644297297,2.210838769634902,0.09889369479482779
3216,2.401995886394385,2.3167645213529906,0.08523136504139428
3217,2.360519112105928,2.259269472841436,0.10124963926449215
3218,2.441809542646992,2.3733976489709527,0.06841189367603917
3219,2.2628066432529366,2.1495460620200584,0.11326058123287819
3220,2.333067510727108,2.232262433987985,0.10080507673912287
3221,2.4018034193763707,2.32004441906624,0.0817590003101305
3222,2.5017075870728744,2.456730281108071,0.04497730596480354
3223,2.4411167421775004,2.374147523739437,0.06696921843806347
3224,2.458995499824795,2.3721884844304006,0.0868070153943945
3225,2.3094471376788115,2.2142197317268812,0.09522740595193024
3226,2.3664715968713583,2.2738391158015663,0.09263248106979205
3227,2.487940432911456,2.41566157540788,0.07227885750357599
3228,2.2558516699117215,2.1452348576672224,0.11061681224449904
3229,2.4195468002946705,2.337622932541711,0.08192386775295946
3230,2.4529559923454927,2.3817771362635463,0.0711788560819464
3231,2.4041006331173636,2.3180515497456007,0.08604908337176287
3232,2.429495990181223,2.352427629000979,0.07706836118024407
3233,2.591737477273749,2.5533888269177285,0.03834865035602064
3234,2.2717287266045516,2.168000360610827,0.10372836599372448
3235,2.3675507983387627,2.2740973203951933,0.0934534779435694
3236,2.2667767549017155,2.1613350299637575,0.105441724937958
3237,2.319436660176892,2.220810974811988,0.09862568536490368
3238,2.2339064777750606,2.1238821164953228,0.1100243612797378
3239,2.5429172490320266,2.471566587577497,0.07135066145452962
3240,2.2906094914528814,2.1831133082873504,0.107496183165531
3241,2.568993002505607,2.5193299783922085,0.049663024113398624
3242,2.299117542927648,2.200978150620687,0.0981393923069609
3243,2.217441278471868,2.0985841783323824,0.11885710013948536
3244,2.382362762881398,2.2954419511083946,0.08692081177300359
3245,2.387079616310498,2.2913469521612546,0.09573266414924353
3246,2.4369566622844134,2.359475039776342,0.07748162250807145
3247,2.466048880777695,2.3882567350660717,0.0777921457116233
3248,2.3809570896651944,2.3092214254615215,0.07173566420367283
3249,2.577467027451828,2.5278836432451737,0.0495833842066542
3250,2.2999196409140104,2.2149493819075605,0.08497025900644983
3251,2.5799667318633945,2.5166566986876493,0.06331003317574524
3252,2.4165735253780536,2.334978165061778,0.08159536031627557
3253,2.397954193300096,2.307384553347759,0.0905696399523368
3254,2.3134428668255653,2.205694569948677,0.10774829687688836
3255,2.456890458440777,2.3823623983231914,0.0745280601175855
3256,2.4793976403267775,2.3995681926474353,0.07982944767934219
3257,2.2940511112242326,2.1877658761798253,0.10628523504440723
3258,2.525936010755692,2.458228164016658,0.06770784673903396
3259,2.2571919666666895,2.14597687399364,0.11121509267304974
3260,2.4498157672181553,2.3640742625054165,0.08574150471273878
3261,2.3777616855945385,2.2888291481940146,0.08893253740052387
3262,2.5080927873546095,2.443916773741398,0.06417601361321168
3263,2.2280200390439187,2.113822382417876,0.11419765662604275
3264,2.393142983811313,2.313329727618282,0.07981325619303092
3265,2.4076304054540927,2.3367737971367855,0.07085660831730722
3266,2.526074843410955,2.446193218307291,0.07988162510366381
3267,2.4899609087237913,2.42310798974131,0.06685291898248114
3268,2.4344845982916716,2.3541739415775482,0.08031065671412341
3269,2.7054582760201877,2.696653939026959,0.008804336993228912
3270,2.309231716044714,2.2027078045480493,0.10652391149666451
3271,2.4754583742426273,2.4037641363254676,0.07169423791715968
3272,2.396796253520381,2.3138703148567727,0.08292593866360809
3273,2.4091545795817546,2.3354662581796632,0.07368832140209136
3274,2.5001557048182788,2.4415128615892625,0.05864284322901625
3275,2.4348111336662037,2.3572966662507135,0.07751446741549017
3276,2.4869189892563215,2.4242539561250394,0.06266503313128213
3277,2.2856594612413335,2.1817788196233194,0.10388064161801402
3278,2.2800748136636493,2.1724733048592952,0.10760150880435404
3279,2.393272588249351,2.3106003018414856,0.0826722864078655
3280,2.2795300910041476,2.1586789458979507,0.12085114510619688
3281,2.3549444166523203,2.256814146818226,0.09813026983409445
3282,2.396201810695385,2.3029365472418686,0.09326526345351649
3283,2.486145684999945,2.394179420958818,0.09196626404112695
3284,2.40436583953153,2.324449070339271,0.0799167691922591
3285,2.4123935710594457,2.339796183983169,0.07259738707627683
3286,2.4406836089585404,2.3693705034337595,0.07131310552478087
3287,2.3410784334797943,2.2525328306959356,0.0885456027838587
3288,2.2061584546726523,2.086274783601294,0.11988367107135822
3289,2.5099636687610136,2.4717865702347135,0.038177098526300135
3290,2.450554924011156,2.393466115086515,0.057088808924640855
3291,2.3532782769958844,2.2662819824598497,0.08699629453603475
3292,2.4729446449650583,2.391647974035557,0.08129667092950132
3293,2.608935781873712,2.5820964675545954,0.026839314319116347
3294,2.505183518691363,2.4537837903915904,0.05139972829977246
3295,2.5137463960949433,2.4466983666735946,0.06704802942134869
3296,2.5554620189189294,2.502806718960687,0.05265529995824236
3297,2.4756654680158783,2.4162219710871935,0.05944349692868478
3298,2.3659332564426983,2.2870998782046854,0.07883337823801284
3299,2.2844387279956018,2.191524987134226,0.0929137408613756
3300,2.2962224070403745,2.1944184631566657,0.10180394388370884
3301,2.430982456231873,2.3424345310742885,0.08854792515758447
3302,2.5094568941987836,2.4344584171356143,0.07499847706316931
3303,2.4363493036479658,2.36456345512486,0.07178584852310577
3304,2.6353373770016644,2.5870249816008384,0.04831239540082599
3305,2.6170876183379526,2.5841818578757314,0.032905760462221156
3306,2.5891299818216216,2.5684243743426496,0.020705607478971988
3307,2.2428170967051213,2.1256195897738572,0.11719750693126407
3308,2.489129212935832,2.4115719493308725,0.07755726360495929
3309,2.425026609106437,2.345358230411074,0.07966837869536336
3310,2.425889798290576,2.3582292138321614,0.06766058445841461
3311,2.388059470182435,2.2948448311280774,0.09321463905435756
3312,2.3882189338711126,2.2929425301474846,0.095276403723628
3313,2.333184335906971,2.2439928733475965,0.08919146255937438
3314,2.3619259744520287,2.2799830364426463,0.08194293800938235
3315,2.4218521047599304,2.348507734454,0.07334437030593044
3316,2.3780676887905945,2.2965911272674253,0.08147656152316918
3317,2.500274988888404,2.448054477816758,0.05222051107164605
3318,2.3844623039971604,2.301441015070719,0.08302128892644145
3319,2.450459069845776,2.3774378031056607,0.07302126674011555
3320,2.5329346481647157,2.4623486403140054,0.07058600785071034
3321,2.457551910070723,2.3951843155777075,0.06236759449301532
3322,2.2628626454294087,2.1464762507428903,0.11638639468651846
3323,2.359959644362921,2.2617102281061827,0.09824941625673844
3324,2.256390701776029,2.1551514322505425,0.10123926952548645
3325,2.461399718480884,2.3920843660009314,0.06931535247995235
3326,2.360960785685391,2.2679296759005614,0.09303110978482954
3327,2.303674791324199,2.2004168496148573,0.10325794170934177
3328,2.4599454972878365,2.3796898668740973,0.08025563041373918
3329,2.518856451500065,2.459746853077629,0.059109598422435905
3330,2.3381633226524365,2.2325877199756667,0.1055756026767698
3331,2.325842112214379,2.2341614700635493,0.0916806421508296
3332,2.3524955271171506,2.265485752648655,0.08700977446849567
3333,2.4391552005990063,2.359651934343466,0.07950326625554016
3334,2.6091794620325524,2.574678474989288,0.03450098704326443
3335,2.3129454083495053,2.214225238505964,0.09872016984354115
3336,2.316880612993592,2.2236197864381477,0.09326082655544443
3337,2.3548123532625334,2.2694749006262183,0.08533745263631509
3338,2.51508276545975,2.4518343431772487,0.06324842228250116
3339,2.4222033354229535,2.3383643463811796,0.08383898904177389
3340,2.3948843381767735,2.3167554944945037,0.0781288436822698
3341,2.2190320724085733,2.1035774117780788,0.11545466063049448
3342,2.434552511494026,2.351667839076254,0.08288467241777164
3343,2.4439627867953146,2.3968246703959055,0.047138116399409125
3344,2.780511514677588,2.7717352043663492,0.0087763103112386
3345,2.594948443436966,2.557290148058247,0.03765829537871879
3346,2.383874399561065,2.2972141643777757,0.08666023518328947
3347,2.275432096932048,2.1688231215276663,0.10660897540438175
3348,2.401031272999792,2.311182408768899,0.089848864230893
3349,2.431233661656887,2.3643564007099656,0.06687726094692126
3350,2.257246457729731,2.140558121936822,0.11668833579290894
3351,2.477789075997897,2.4171574782597176,0.06063159773817928
3352,2.29140959345377,2.184908601543845,0.1065009919099249
3353,2.2916046541183803,2.18843335547113,0.10317129864725016
3354,2.2476198461608883,2.1327700104446468,0.11484983571624152
3355,2.438526523581811,2.3484809354447305,0.09004558813708075
3356,2.415450756223921,2.3306419343045803,0.0848088219193408
3357,2.374341041476589,2.304384175728378,0.06995686574821125
3358,2.4519970992634343,2.3769325066367535,0.07506459262668086
3359,2.424979529777505,2.3434301674189677,0.08154936235853727
3360,2.3136450046814545,2.2242299270582784,0.08941507762317613
3361,2.490046262363111,2.430468298333287,0.059577964029824404
3362,2.4932950218015626,2.4350895178534433,0.0582055039481193
3363,2.496826859343389,2.43741010171082,0.05941675763256882
3364,2.4271732419175556,2.3532043685409043,0.07396887337665126
3365,2.2746562474880703,2.1625628285883596,0.1120934188997107
3366,2.2743317266359853,2.1741004671887394,0.10023125944724587
3367,2.483548094675926,2.4154322574571094,0.06811583721881664
3368,2.2967757718668165,2.200042076488798,0.09673369537801868
3369,2.306518649567839,2.2096584481436228,0.09686020142421636
3370,2.705482988134098,2.6891619689127952,0.0163210192213028
3371,2.4118981702398723,2.324445868384652,0.08745230185522024
3372,2.372300247026062,2.292061830061771,0.08023841696429068
3373,2.5471551453233583,2.5088456498989355,0.038309495424422746
3374,2.352636266251509,2.2482514675591743,0.10438479869233452
3375,2.3199222784783595,2.2230736845959678,0.09684859388239175
3376,2.333785872399339,2.226789971294097,0.10699590110524237
3377,2.35041690566285,2.2475715733133783,0.1028453323494718
3378,2.5853045333374647,2.5285868634505806,0.05671766988688409
3379,2.2835886720098073,2.167932181430475,0.11565649057933225
3380,2.250182978553091,2.142395188272065,0.10778779028102603
3381,2.4702469866701557,2.3921994866530585,0.07804750001709726
3382,2.3904133518558988,2.304188734167217,0.08622461768868162
3383,2.3824751777160706,2.30425258114434,0.07822259657173047
3384,2.4273329733393703,2.370475767380777,0.05685720595859323
3385,2.4319214866881484,2.3539561905390967,0.07796529614905179
3386,2.3198556595917394,2.2247061989574526,0.09514946063428686
3387,2.2968821387569567,2.19267310122345,0.10420903753350652
3388,2.2327462747577975,2.1195151478569265,0.113231126900871
3389,2.3923171564801606,2.2991223535704206,0.09319480290974003
3390,2.456553388105677,2.3847724186930996,0.07178096941257728
3391,2.3561626414281496,2.267223389865643,0.0889392515625067
3392,2.2927985806792375,2.1790558316698188,0.11374274900941872
3393,2.3793902605756605,2.2991656847705326,0.08022457580512787
3394,2.3567402277433813,2.265099679619422,0.0916405481239595
3395,2.3397930237043463,2.250545452642699,0.08924757106164716
3396,2.499457799599253,2.441750457424123,0.05770734217513018
3397,2.5395798361674546,2.496938503553178,0.04264133261427672
3398,2.454398059895984,2.367417770807368,0.08698028908861621
3399,2.4951775569718033,2.4417798866712057,0.05339767030059761
3400,2.493881813426916,2.4273457053486887,0.06653610807822741
3401,2.447414469007899,2.378189806207957,0.06922466279994177
3402,2.524198924707278,2.4796112413945504,0.044587683312727666
3403,2.364382355256691,2.2677667608169734,0.09661559443971779
3404,2.379218364499115,2.294324239779,0.08489412472011537
3405,2.6036039679284904,2.55434198688086,0.04926198104763024
3406,2.536443413288431,2.48521084127713,0.051232572011300714
3407,2.4148277025034894,2.333665379845785,0.08116232265770451
3408,2.3345196672751785,2.231733461551663,0.1027862057235156
3409,2.475153933937362,2.407921402188254,0.06723253174910804
3410,2.2748720559567706,2.173410994114717,0.10146106184205372
3411,2.3216512737971504,2.2243300217925146,0.09732125200463582
3412,2.499331493237393,2.4152730834068405,0.08405840983055235
3413,2.453631182975725,2.3803145314886693,0.07331665148705557
3414,2.4564048128123233,2.362733201702696,0.0936716111096274
3415,2.40509394401009,2.3266876922654065,0.07840625174468352
3416,2.390477226764463,2.291136232079427,0.09934099468503588
3417,2.3960499708220833,2.325847668759118,0.0702023020629654
3418,2.3541627635794726,2.2675337635358552,0.0866290000436174
3419,2.6383197845178272,2.587293434195749,0.05102635032207825
3420,2.470416827671967,2.401085805730249,0.06933102194171825
3421,2.4508234853625273,2.38217765949003,0.06864582587249712
3422,2.5168498335977314,2.4634492997970865,0.05340053380064491
3423,2.432247375100103,2.3622108431160638,0.07003653198403903
3424,2.43373040977963,2.351441278690804,0.08228913108882585
3425,2.325599297016854,2.231438416399502,0.0941608806173524
3426,2.346399652305066,2.240055113325051,0.10634453898001484
3427,2.409092291829504,2.3362604972394556,0.0728317945900483
3428,2.416076773436659,2.3383854950929073,0.07769127834375178
3429,2.350149952394199,2.262777495988064,0.08737245640613489
3430,2.2957596387132857,2.208761756827103,0.08699788188618252
3431,2.3865401905587995,2.29451135314686,0.09202883741193935
3432,2.2930522394892665,2.190473085450124,0.1025791540391423
3433,2.2791580959973916,2.1847605229343516,0.09439757306303997
3434,2.3833046484922495,2.2846727494845376,0.09863189900771197
3435,2.464776604421405,2.405246979921296,0.0595296245001089
3436,2.4550011943156935,2.3949810153783733,0.06002017893732026
3437,2.3026092499335706,2.197691233634662,0.10491801629890851
3438,2.418284407330725,2.333432531657979,0.08485187567274588
3439,2.4394155379446163,2.3539068298385666,0.08550870810604971
3440,2.3276681491228457,2.2184326910375045,0.10923545808534119
3441,2.467582274188057,2.4009603192025963,0.06662195498546053
3442,2.3926236172842983,2.311281795957061,0.08134182132723744
3443,2.471917411295309,2.4015707475177077,0.07034666377760113
3444,2.4098567516334173,2.3228968887659014,0.08695986286751589
3445,2.4200293011947016,2.355403610181336,0.06462569101336557
3446,2.578856065986907,2.5086691529164327,0.07018691307047442
3447,2.48817512756865,2.414703908533868,0.07347121903478193
3448,2.4606712364893695,2.396004605261667,0.06466663122770244
3449,2.377468485351267,2.2899330739113015,0.08753541143996557
3450,2.425066139106297,2.362704615343511,0.0623615237627857
3451,2.42595375568368,2.335544121813341,0.09040963387033907
3452,2.330770680914518,2.2395915211619037,0.09117915975261415
3453,2.3424196274710156,2.2399976367000844,0.10242199077093117
3454,2.4027777897006186,2.3291373571601355,0.07364043254048314
3455,2.426576282818341,2.3567421713038974,0.06983411151444363
3456,2.3448862102451145,2.252038823055953,0.09284738718916152
3457,2.334616587663933,2.23152533263196,0.10309125503197292
3458,2.4545420695833005,2.3829344651943876,0.0716076043889129
3459,2.465365464782468,2.3890306662459695,0.07633479853649838
3460,2.336447697911951,2.2515564659945437,0.08489123191740733
3461,2.4218999428902177,2.3500914943610525,0.07180844852916524
3462,2.6008936256983133,2.5666278195253964,0.03426580617291686
3463,2.344267539690266,2.242270107462768,0.10199743222749813
3464,2.2893527338393995,2.187877562689066,0.10147517115033367
3465,2.522075020584679,2.4640698729950525,0.05800514758962638
3466,2.357454819311832,2.2676771942813154,0.08977762503051645
3467,2.450305820650095,2.3774774091080553,0.0728284115420399
3468,2.37653778345028,2.296918689162507,0.07961909428777325
3469,2.4672027464404263,2.3973399768904904,0.06986276954993587
3470,2.305900108589061,2.2056646624795997,0.10023544610946145
3471,2.265119878930576,2.163395825610492,0.10172405332008427
3472,2.208248624384261,2.0929502435439504,0.11529838084031052
3473,2.389702063779193,2.3160122088542874,0.07368985492490543
3474,2.5890339830709626,2.552170047051873,0.03686393601908966
3475,2.4178358546301992,2.3370406704023963,0.08079518422780296
3476,2.5219635224360277,2.4752632041088867,0.046700318327141055
3477,2.468053710224066,2.397284748857568,0.07076896136649813
3478,2.42644330756117,2.3431280822823166,0.0833152252788536
3479,2.4860056650570574,2.417100393696256,0.06890527136080138
3480,2.3127359599691335,2.2185781972701615,0.09415776269897203
3481,2.414065256862724,2.331716664188339,0.08234859267438477
3482,2.356540503842054,2.2518809920424814,0.10465951179957278
3483,2.4349875050641665,2.3655136025906423,0.06947390247352425
3484,2.337699091978332,2.2457473506995895,0.09195174127874228
3485,2.4957463257366954,2.4277349483694524,0.06801137736724305
3486,2.381118135605566,2.294078269943933,0.08703986566163335
3487,2.4126139992436073,2.3354182067299742,0.07719579251363307
3488,2.311037494146819,2.223870178695669,0.08716731545114964
3489,2.4471818145461603,2.3769443011669003,0.0702375133792601
3490,2.5080571839794175,2.4603474053802157,0.04770977859920178
3491,2.4325731522876453,2.366734252123075,0.06583890016457028
3492,2.4643804591403775,2.4062725831378855,0.05810787600249201
3493,2.4665790182313203,2.3955144196081575,0.07106459862316283
3494,2.349884184494038,2.247378778021371,0.10250540647266693
3495,2.541133878200241,2.47401386769376,0.06712001050648064
3496,2.511516434697018,2.453287671951188,0.058228762745829776
3497,2.3753488446999533,2.275361974456869,0.09998687024308417
3498,2.3638336531811324,2.2742960243218544,0.08953762885927796
3499,2.4845683144004354,2.4135766958323615,0.0709916185680739
3500,2.543625551612695,2.4816629777096963,0.06196257390299875
3501,2.288300869493003,2.1821429688206098,0.10615790067239317
3502,2.448578383629608,2.3785839972072127,0.0699943864223953
3503,2.388761141539058,2.3024409636893632,0.0863201778496947
3504,2.395731818060509,2.3108406481052306,0.08489116995527857
3505,2.4703205312334524,2.4079647942306406,0.06235573700281183
3506,2.387880878914301,2.301105288899203,0.08677559001509794
3507,2.3134452996473973,2.2117956602874727,0.10164963935992466
3508,2.256992675429326,2.1424254178778854,0.1145672575514407
3509,2.307170488389674,2.2038914285249263,0.10327905986474795
3510,2.6220502511362773,2.5808128335297225,0.04123741760655486
3511,2.5377434560668344,2.4819610073869023,0.055782448679932095
3512,2.291115099284339,2.1890600904257616,0.10205500885857743
3513,2.280703274624943,2.172780829782706,0.10792244484223712
3514,2.2713653018055973,2.1536803300069214,0.11768497179867587
3515,2.4025501470547397,2.3165577140977067,0.08599243295703296
3516,2.383847282068584,2.3010024674228693,0.08284481464571458
3517,2.36676037942032,2.2657078161304915,0.10105256328982826
3518,2.375819737786795,2.282445383549217,0.09337435423757823
3519,2.273671143503505,2.1696097343614476,0.1040614091420573
3520,2.2866688602985774,2.183663833425288,0.10300502687328938
3521,2.4513182092832064,2.383765599644955,0.06755260963825149
3522,2.4776756172193326,2.423435732972857,0.05423988424647552
3523,2.3635373750609916,2.270430130155283,0.09310724490570843
3524,2.4062304932680902,2.340674609156123,0.06555588411196744
3525,2.397597078708421,2.3233739978183134,0.07422308089010743
3526,2.3608427896315853,2.274196464961319,0.08664632467026623
3527,2.3407354576111015,2.240490154487157,0.10024530312394431
3528,2.221475617135375,2.1055846475742745,0.11589096956110057
3529,2.634098400331714,2.6143913004727763,0.019707099858937482
3530,2.4968854902187747,2.43073589602169,0.06614959419708466
3531,2.3853448785251827,2.294215711727344,0.09112916679783867
3532,2.3718201195156365,2.284040946518685,0.0877791729969517
3533,2.4166670187960695,2.3327969283328156,0.08387009046325389
3534,2.462138388388886,2.3991290877217426,0.06300930066714328
3535,2.332652175867572,2.2452418881839775,0.08741028768359449
3536,2.5098537538620795,2.4485016936705253,0.06135206019155426
3537,2.4554462887203883,2.375548680691906,0.07989760802848211
3538,2.475983276002981,2.3925306155427006,0.08345266046028055
3539,2.358189065458384,2.266036319167816,0.09215274629056802
3540,2.399409788285938,2.3146498938510587,0.08475989443487952
3541,2.345399253377583,2.2501884475575538,0.09521080582002917
3542,2.4803048924170246,2.421302925075589,0.0590019673414357
3543,2.448440470879536,2.36093594180539,0.08750452907414585
3544,2.386269028134676,2.3058366882245385,0.08043233991013743
3545,2.338245326606565,2.2446158907487668,0.09362943585779826
3546,2.3973303476737984,2.3163285822521154,0.08100176542168303
3547,2.285927561871974,2.180118609244719,0.10580895262725498
3548,2.419530090347038,2.3374262032363986,0.0821038871106392
3549,2.5507346462962053,2.493866538418883,0.05686810787732233
3550,2.742455518429149,2.721629391420404,0.020826127008744866
3551,2.5520680804234885,2.5014773303583517,0.0505907500651368
3552,2.2830614348019718,2.1702569613352027,0.11280447346676903
3553,2.4137276276254407,2.335275044597464,0.07845258302797653
3554,2.4820072508516984,2.4103848449909777,0.07162240586072066
3555,2.5995998230408612,2.541655720214408,0.057944102826453125
3556,2.4176561737210145,2.3300826371133208,0.08757353660769374
3557,2.441499538276192,2.364015863300413,0.0774836749757788
3558,2.2993404077800297,2.1959989584894912,0.10334144929053846
3559,2.4064394003033973,2.3230454794410424,0.08339392086235486
3560,2.3253881876311993,2.2196533376324017,0.10573484999879756
3561,2.263174438365114,2.1539672234140985,0.10920721495101526
3562,2.320328206100718,2.2342222220417316,0.08610598405898662
3563,2.4090206623383827,2.3318024466983838,0.07721821563999898
3564,2.35667701345186,2.261311545339276,0.09536546811258395
3565,2.342933604609353,2.2556054458736265,0.08732815873572664
3566,2.4442284989727683,2.372885208256197,0.07134329071657142
3567,2.2861336422836,2.1843259758173046,0.10180766646629547
3568,2.554572743131768,2.511451703838155,0.043121039293612995
3569,2.3280766024315027,2.2377217533574347,0.09035484907406799
3570,2.3128264075789797,2.2305052592817667,0.08232114829721304
3571,2.39470353008573,2.3091870323066526,0.08551649777907722
3572,2.4419255267505777,2.3577270169480555,0.08419850980252219
3573,2.5541126761776454,2.5087556542231626,0.04535702195448277
3574,2.2571644666243094,2.1496458125521993,0.10751865407211003
3575,2.3818423892829945,2.307978992679334,0.07386339660366037
3576,2.531496130853289,2.474961906010702,0.056534224842586855
3577,2.3560170183968805,2.2640896690005743,0.0919273493963062
3578,2.6234064818924767,2.59291122065437,0.030495261238106863
3579,2.3073998607542126,2.2030903967778404,0.1043094639763722
3580,2.4122935406452632,2.3380317036755063,0.07426183696975697
3581,2.5233840361119513,2.459523970431234,0.06386006568071734
3582,2.417317265425209,2.3503298467440956,0.06698741868111346
3583,2.7748569912963346,2.7687286944437353,0.006128296852599302
3584,2.4908214269294926,2.4239049716440837,0.0669164552854089
3585,2.276233160714114,2.169396449498609,0.10683671121550509
3586,2.404594377438598,2.341447697419566,0.0631466800190319
3587,2.2498132848986354,2.141930276320306,0.10788300857832933
3588,2.287901177575026,2.1882843362759723,0.09961684129905368
3589,2.5473241703770317,2.4739671118277458,0.07335705854928598
3590,2.4734475652171377,2.4139446076614215,0.05950295755571622
3591,2.3528373948680334,2.2618599522689222,0.09097744259911122
3592,2.456475224693623,2.391189857615636,0.06528536707798693
3593,2.5097201549571397,2.452366619946699,0.057353535010440826
3594,2.6656868450320204,2.6309576957775938,0.034729149254426606
3595,2.563382793724456,2.4965343655541132,0.06684842817034298
3596,2.31522173734833,2.221309125865401,0.09391261148292918
3597,2.302970289589237,2.1937722288381285,0.10919806075110872
3598,2.3088226532912217,2.2034854532922545,0.10533719999896718
3599,2.7029888162212203,2.722086815434364,-0.0190979992131437
3600,2.5056072320934066,2.4487464282782354,0.056860803815171224
3601,2.303289687571477,2.1997063518622615,0.10358333570921552
3602,2.2586647044502066,2.1531417486002127,0.10552295584999394
3603,2.320997411883037,2.2355734902266358,0.08542392165640145
3604,2.346470610114063,2.2554201939866347,0.09105041612742815
3605,2.415923697477013,2.3248950495819423,0.09102864789507059
3606,2.3815829703691755,2.3089508288974283,0.07263214147174724
3607,2.46712467081758,2.4055324110971092,0.061592259720470555
3608,2.5963559619019194,2.567090997329097,0.02926496457282246
3609,2.368567649884206,2.27756830421491,0.0909993456692959
3610,2.6146104927546188,2.57251469468236,0.04209579807225872
3611,2.3980118814702736,2.30858990383759,0.08942197763268345
3612,2.4055577203408127,2.3303596913352496,0.07519802900556316
3613,2.4996064254738064,2.4109822980396314,0.08862412743417503
3614,2.31959030657911,2.2126301037252336,0.10696020285387631
3615,2.4113715854941002,2.313774060197456,0.09759752529664434
3616,2.2803203441126385,2.170717529578002,0.10960281453463638
3617,2.4901195024065506,2.4227877219360723,0.06733178047047828
3618,2.3289961151400345,2.2365699119416114,0.0924262031984231
3619,2.4144638365446394,2.345853494880446,0.06861034166419344
3620,2.3980784335749794,2.3166205287691537,0.08145790480582571
3621,2.406061260238957,2.332052574668855,0.07400868557010165
3622,2.5416697190211606,2.476570517304219,0.06509920171694139
3623,2.3441934349431657,2.2403864394227306,0.10380699552043504
3624,2.3699626712681225,2.281038155665437,0.08892451560268544
3625,2.4096070739019333,2.3391099723709794,0.0704971015309539
3626,2.538930170883285,2.4940627843823457,0.044867386500939244
3627,2.4572085523527054,2.3710029551455922,0.08620559720711318
3628,2.4494781391023577,2.365681739345285,0.08379639975707276
3629,2.435788080971058,2.3627209673524883,0.07306711361856966
3630,2.4335942591220636,2.3548992267233952,0.07869503239866837
3631,2.4851852696941017,2.4015269635839935,0.08365830611010816
3632,2.3151318866485697,2.20976590476826,0.10536598188030988
3633,2.3001955566573415,2.1872777375570087,0.11291781910033283
3634,2.3675009104002243,2.2741956091278883,0.09330530127233594
3635,2.497780180416127,2.442417794984279,0.055362385431847905
3636,2.388915100662025,2.308054077581402,0.08086102308062282
3637,2.4187529797915914,2.35926396780321,0.059489011988381524
3638,2.6312535300922053,2.5967363405182797,0.03451718957392558
3639,2.3381425937458005,2.2583464902784804,0.07979610346732002
3640,2.5405498747026565,2.4848934603323243,0.0556564143703322
3641,2.4361292524947276,2.364640824566161,0.07148842792856636
3642,2.4134852699357214,2.3315110951053963,0.0819741748303251
3643,2.452715533494045,2.3739493444892408,0.07876618900480414
3644,2.67237288678571,2.649507895809006,0.022864990976704025
3645,2.485459614675203,2.4260113806500034,0.05944823402519939
3646,2.289008043663691,2.182081160201375,0.10692688346231582
3647,2.3200822894728814,2.216344680477885,0.1037376089949964
3648,2.3344610419696896,2.246610533826259,0.08785050814343043
3649,2.5183622386502735,2.448543956436677,0.06981828221359665
3650,2.381240403754708,2.2799224014034065,0.1013180023513014
3651,2.2628340405657728,2.1440107065393947,0.11882333402637801
3652,2.3717632271783717,2.286809972465044,0.08495325471332782
3653,2.4475092687872215,2.3667940371699285,0.08071523161729299
3654,2.5238381023010845,2.469105342437791,0.05473275986329362
3655,2.355024635325973,2.250152008622821,0.1048726267031519
3656,2.383012395816746,2.294761177254943,0.08825121856180296
3657,2.3363759488229947,2.2456533119974424,0.09072263682555226
3658,2.5820072837637777,2.5373079593350836,0.044699324428694176
3659,2.393738637186393,2.321926170855158,0.07181246633123495
3660,2.4923751266509426,2.4206840384835075,0.07169108816743508
3661,2.448479889248411,2.376390441253812,0.07208944799459927
3662,2.1871068262462883,2.064878097929099,0.12222872831718945
3663,2.508808803210338,2.4418268191129813,0.06698198409735667
3664,2.3412050307692027,2.2485125635698098,0.09269246719939295
3665,2.276464696950377,2.163745690145557,0.11271900680481961
3666,2.3089927996068536,2.206539738185305,0.10245306142154842
3667,2.231680156074722,2.122709003828077,0.108971152246645
3668,2.3731852562817957,2.302358837808532,0.07082641847326387
3669,2.4969897207509426,2.448012975712605,0.04897674503833782
3670,2.40730288691811,2.322401196188118,0.08490169072999221
3671,2.4332261158716624,2.361387621858388,0.07183849401327436
3672,2.4522304889508773,2.358432248479003,0.09379824047187446
3673,2.3443676593523204,2.245011611991309,0.09935604736101133
3674,2.4374354217714447,2.353507767586743,0.0839276541847016
3675,2.556473129491647,2.4877659966751007,0.0687071328165465
3676,2.2858659562868406,2.1817487265974536,0.10411722968938708
3677,2.403478320182808,2.328449152007147,0.07502916817566119
3678,2.6260231441955226,2.569048134512913,0.05697500968260982
3679,2.3297699629085975,2.22324116797412,0.10652879493447731
3680,2.4756709497905276,2.413343115423433,0.06232783436709477
3681,2.335802942004909,2.237135491051934,0.0986674509529748
3682,2.326434544467194,2.241911207769665,0.08452333669752887
3683,2.3126953740630167,2.208501203074723,0.10419417098829387
3684,2.56473775693919,2.5333099301428885,0.03142782679630152
3685,2.519217048273591,2.4666147418210285,0.0526023064525627
3686,2.4848859767535982,2.419692401571142,0.06519357518245616
3687,2.3635582726208364,2.285336870750234,0.07822140187060223
3688,2.358443523409527,2.2581962821941453,0.10024724121538187
3689,2.4890797669782976,2.4133117302589207,0.07576803671937693
3690,2.315917540715127,2.209460722584543,0.10645681813058427
3691,2.490909222431549,2.4236527498907474,0.06725647254080158
3692,2.3569247283750836,2.2685720363603235,0.08835269201476015
3693,2.6683297518531734,2.658277182987216,0.0100525688659574
3694,2.312178786471956,2.213087014836052,0.09909177163590366
3695,2.434080199686526,2.34386551192874,0.09021468775778585
3696,2.4285987523907804,2.3372881607030176,0.09131059168776279
3697,2.5713835369533293,2.5446395464294116,0.026743990523917738
3698,2.350962813578642,2.25584260607935,0.09512020749929162
3699,2.4329196248039935,2.356002745345297,0.0769168794586963
3700,2.7147090470382373,2.7085552392710155,0.006153807767221853
3701,2.431411254036759,2.3632737425375807,0.06813751149917824
3702,2.5272895978372483,2.4741202687709913,0.05316932906625693
3703,2.4828457183825745,2.421497258257376,0.06134846012519857
3704,2.5580906566215345,2.519340465051362,0.038750191570172454
3705,2.448703287845334,2.385157456217725,0.06354583162760896
3706,2.5271879897656966,2.457798136783024,0.06938985298267264
3707,2.309206586801971,2.2110391715418003,0.09816741526017081
3708,2.4080343764849372,2.3224070776950976,0.08562729878983966
3709,2.5151752542725188,2.456141812424538,0.05903344184798076
3710,2.3067958279768708,2.2106990974477734,0.0960967305290974
3711,2.535177221282061,2.4886538817882466,0.046523339493814486
3712,2.3806046226119446,2.282777456088432,0.09782716652351242
3713,2.4218925495854267,2.335547902464288,0.08634464712113887
3714,2.3107443379459047,2.2151461120356095,0.09559822591029521
3715,2.519961039640312,2.4646503085452642,0.05531073109504758
3716,2.4834343453226415,2.4209302363215803,0.06250410900106118
3717,2.3824798768362023,2.3029521026692628,0.07952777416693957
3718,2.4095514791411694,2.328024952619433,0.0815265265217362
3719,2.30432090102113,2.2006612901794425,0.1036596108416874
3720,2.3560363026056894,2.2617365731442534,0.09429972946143605
3721,2.425527137083817,2.3451879914176774,0.08033914566613953
3722,2.2717079486995218,2.162730749602711,0.10897719909681092
3723,2.334359204099577,2.2414153344942727,0.09294386960530421
3724,2.7777249260366044,2.7696776035353574,0.008047322501246956
3725,2.3679552381394204,2.2878547570773926,0.08010048106202783
3726,2.3218737242936,2.227632718684034,0.09424100560956594
3727,2.431625030927536,2.339270634584413,0.09235439634312304
3728,2.429810490805781,2.3463806390952064,0.08342985171057471
3729,2.4194499031927164,2.3325681033256194,0.08688179986709699
3730,2.301624005029502,2.2040145501720354,0.09760945485746664
3731,2.5129998479036466,2.454958964070802,0.05804088383284478
3732,2.3416282647895743,2.2447077998365765,0.09692046495299778
3733,2.484466780350907,2.418626828274321,0.065839952076586
3734,2.462325131203219,2.380635067318312,0.08169006388490674
3735,2.5023158371211243,2.445485798439188,0.05683003868193648
3736,2.5542433899635513,2.515584461993429,0.03865892797012238
3737,2.4631466505361796,2.3988022618836036,0.06434438865257608
3738,2.4579148827862665,2.373570014260377,0.08434486852588963
3739,2.4446891621214317,2.3782003210372964,0.06648884108413533
3740,2.369726300150768,2.291912819020235,0.07781348113053266
3741,2.383121818428852,2.312763203787643,0.07035861464120874
3742,2.38851317761024,2.3137126870837936,0.07480049052644633
3743,2.3851129100998394,2.294803903426521,0.09030900667331831
3744,2.3428417348966084,2.246442660239816,0.0963990746567922
3745,2.3928799243504444,2.3087694739906945,0.08411045035974984
3746,2.4372030335233847,2.3545254116577055,0.08267762186567928
3747,2.424641524483581,2.3324183088295367,0.09222321565404412
3748,2.3351289108323043,2.242915868958241,0.09221304187406343
3749,2.2921206657134077,2.1828069982955123,0.10931366741789539
3750,2.417693158350805,2.3508201786377687,0.06687297971303607
3751,2.4628398229770734,2.3973963952817265,0.06544342769534683
3752,2.512681810280799,2.4560177183271343,0.05666409195366473
3753,2.3993311557573342,2.3237951411327757,0.0755360146245585
3754,2.4696707600179537,2.3902085949039105,0.07946216511404325
3755,2.4873686663806835,2.4192670800809197,0.06810158629976382
3756,2.4836826199822437,2.4081081153096533,0.07557450467259041
3757,2.3664341963201303,2.27111048787451,0.09532370844562044
3758,2.376234533589895,2.2965916981990064,0.07964283539088868
3759,2.4551646434757948,2.38032015220067,0.07484449127512471
3760,2.407620409848922,2.3293500037345476,0.07827040611437441
3761,2.300673313444707,2.20406121996748,0.09661209347722677
3762,2.416565520775424,2.329181451033105,0.08738406974231916
3763,2.4056005351176384,2.3180525106387826,0.08754802447885579
3764,2.460786014038846,2.381329815971575,0.079456198067271
3765,2.3660715366433385,2.2824782725405806,0.08359326410275791
3766,2.3968904686034156,2.3165628104118743,0.0803276581915413
3767,2.3257666658675773,2.2219115701822387,0.10385509568533857
3768,2.353233768787646,2.2571797745496953,0.09605399423795058
3769,2.2971719965090838,2.1940489694979153,0.10312302701116849
3770,2.5363635596844865,2.4853764543610035,0.05098710532348294
3771,2.5725272389199936,2.5160788296418777,0.056448409278115896
3772,2.587945675484351,2.5568737081049235,0.031071967379427523
3773,2.489762515841363,2.428015860307514,0.06174665553384928
3774,2.365110166001424,2.276095076649901,0.08901508935152336
3775,2.357549981507772,2.2686111264886732,0.08893885501909882
3776,2.4595458085479884,2.389314050989434,0.07023175755855426
3777,2.5528447412116395,2.5043077565033967,0.04853698470824286
3778,2.447217695682038,2.387997164260806,0.05922053142123174
3779,2.308419056344378,2.218107407511909,0.0903116488324689
3780,2.390611071773635,2.3010937061688943,0.08951736560474055
3781,2.5582413621836357,2.497190635670146,0.06105072651348964
3782,2.2628534775366127,2.149843212831643,0.11301026470496955
3783,2.6389735510096632,2.6085089522363982,0.030464598773265017
3784,2.314873569935734,2.202555234616232,0.11231833531950208
3785,2.235489083986328,2.12109453079559,0.11439455319073799
3786,2.4021291875120183,2.307724162453466,0.0944050250585522
3787,2.580403144759772,2.5474675549984087,0.03293558976136346
3788,2.3788168625106905,2.295040765074597,0.08377609743609327
3789,2.432012467833684,2.3651484170526516,0.06686405078103252
3790,2.502972656926689,2.4341188849597226,0.06885377196696618
3791,2.3250550281339493,2.2301700677511334,0.09488496038281591
3792,2.3158567113252535,2.209265741322053,0.10659097000320061
3793,2.3633660353472994,2.2779771150985466,0.08538892024875278
3794,2.3892285671623243,2.300042756530139,0.08918581063218545
3795,2.3337226071311035,2.2470741964213223,0.08664841070978113
3796,2.445018074239239,2.3595533352675444,0.08546473897169449
3797,2.4546194032942013,2.3932344862027795,0.0613849170914218
3798,2.286499830379473,2.190982913589597,0.09551691678987595
3799,2.359442567925376,2.266450767917053,0.09299180000832319
3800,2.357949588068916,2.2767091943714597,0.08124039369745617
3801,2.3121975799801975,2.212926254365327,0.09927132561487051
3802,2.371037539131726,2.2842336992216405,0.08680383991008567
3803,2.3237509658072195,2.237559310963276,0.08619165484394342
3804,2.48172964912998,2.4001885379176713,0.08154111121230878
3805,2.6294218425399642,2.593898239778948,0.03552360276101618
3806,2.5317588964123776,2.4726166034098402,0.05914229300253737
3807,2.2930010253290045,2.199920643963214,0.09308038136579055
3808,2.304268822631216,2.201448767728377,0.10282005490283908
3809,2.4158429235122694,2.3470415017006636,0.06880142181160576
3810,2.3760969002055847,2.2817773681493843,0.09431953205620047
3811,2.4456191843220947,2.369237497591138,0.07638168673095658
3812,2.4287201274629844,2.367087330389557,0.06163279707342717
3813,2.363506404432553,2.2742114265348494,0.08929497789770346
3814,2.385307475087898,2.3060018602035126,0.07930561488438537
3815,2.484121315617085,2.428893335386148,0.05522798023093678
3816,2.5141804730915975,2.452306049552618,0.06187442353897943
3817,2.3736924790610203,2.282147954283943,0.0915445247770772
3818,2.4136622225750246,2.320478646729056,0.09318357584596848
3819,2.438642055077703,2.357292394196455,0.08134966088124784
3820,2.3698285121971443,2.2847572181537528,0.08507129404339153
3821,2.4449708188269077,2.3530936436176058,0.09187717520930194
3822,2.391133186937482,2.300817640245886,0.09031554669159592
3823,2.5310110578105336,2.48105089776896,0.049960160041573776
3824,2.3741657378026093,2.2893799686297784,0.08478576917283087
3825,2.2907922259107036,2.1852554040882253,0.10553682182247837
3826,2.4907922850370134,2.434434655036659,0.05635763000035432
3827,2.5723357901244785,2.5103897431643465,0.06194604696013206
3828,2.399961906911801,2.308970440835492,0.09099146607630892
3829,2.4706074894112304,2.408056914171184,0.06255057524004659
3830,2.400962444510635,2.317240424875282,0.08372201963535275
3831,2.3103428439626286,2.214562111176872,0.0957807327857565
3832,2.3055025380178074,2.2014507477079284,0.10405179030987899
3833,2.2852086987541793,2.182575486240183,0.10263321251399615
3834,2.4682034173073686,2.3978012774102337,0.07040213989713484
3835,2.582314851863471,2.55797769967598,0.024337152187491107
3836,2.5312703018279405,2.476048606487837,0.05522169534010368
3837,2.45046747212427,2.3886079991718066,0.06185947295246352
3838,2.458346418549713,2.391420304231018,0.066926114318695
3839,2.3048682759593264,2.2064693175407073,0.09839895841861912
3840,2.4709793891417426,2.3917941419458546,0.07918524719588804
3841,2.3778942169015167,2.276882516622866,0.1010117002786508
3842,2.402230729958597,2.3135519739512262,0.08867875600737074
3843,2.4700977217074414,2.400128396336757,0.06996932537068457
3844,2.3783268626079406,2.2938625856763726,0.084464276931568
3845,2.32962048597435,2.224921796028321,0.10469868994602871
3846,2.3313397805067213,2.242083398754671,0.0892563817520502
3847,2.254791926611228,2.1435543433851456,0.11123758322608257
3848,2.2915912472911426,2.1933712626061794,0.09821998468496318
3849,2.462892922799795,2.4126646471228588,0.05022827567693611
3850,2.2950064579319447,2.1988870077858675,0.09611945014607715
3851,2.4288200129546245,2.3419441267698176,0.0868758861848069
3852,2.610016400721384,2.5849303384898703,0.02508606223151366
3853,2.3215886091327143,2.2320917263233944,0.08949688280931989
3854,2.3852446713772295,2.29781101329924,0.0874336580779893
3855,2.309994448063791,2.209066523306214,0.10092792475757717
3856,2.3488034398849855,2.2592777930733843,0.08952564681160124
3857,2.312309224093667,2.226700398720012,0.08560882537365533
3858,2.379267417415386,2.285639532625122,0.09362788479026385
3859,2.5830178700428017,2.553168280674584,0.0298495893682178
3860,2.280178074827356,2.178897648803737,0.10128042602361909
3861,2.2883366782849333,2.194762368377318,0.0935743099076154
3862,2.4036748109216934,2.3155854407350422,0.0880893701866512
3863,2.3586177637609635,2.2785690212968595,0.0800487424641041
3864,2.3568451284754386,2.2704776300951357,0.08636749838030289
3865,2.292254540364915,2.1936933403713272,0.09856119999358759
3866,2.428395645244132,2.349119679095286,0.0792759661488458
3867,2.3508986356062818,2.2690263839448295,0.08187225166145229
3868,2.5980747313661436,2.571115106015476,0.026959625350667427
3869,2.3597918911718057,2.2728505787336317,0.08694131243817393
3870,2.465392980549697,2.4102445145145226,0.055148466035174426
3871,2.419798684820347,2.344710053532084,0.07508863128826304
3872,2.421031400941027,2.3368543606185184,0.08417704032250883
3873,2.4200196758503485,2.335967664172032,0.08405201167831633
3874,2.3160234202521552,2.218025587850981,0.0979978324011741
3875,2.5208890556131194,2.469732677868345,0.05115637774477433
3876,2.259669158539052,2.1425904334432633,0.11707872509578854
3877,2.4149154246557725,2.335117714368811,0.07979771028696137
3878,2.3894855148700094,2.317115897936141,0.07236961693386856
3879,2.454802361817111,2.3861455460590024,0.06865681575810845
3880,2.282827096164932,2.1804069743002144,0.10242012186471783
3881,2.3415242582956015,2.254390551173058,0.08713370712254331
3882,2.4006809035574097,2.3053924137945705,0.09528848976283921
3883,2.2917703094810977,2.1962166514236787,0.095553658057419
3884,2.3572453766965666,2.2657962271425185,0.09144914955404815
3885,2.284539372833252,2.1867918374002815,0.09774753543297043
3886,2.435800205431021,2.362942293492747,0.07285791193827418
3887,2.345079260636654,2.2578314519893596,0.08724780864729453
3888,2.4023163352785692,2.303405331134929,0.09891100414364029
3889,2.548615631418928,2.4870724738660774,0.06154315755285067
3890,2.2878498469456163,2.1858790555959047,0.10197079134971165
3891,2.258067041849189,2.1417371009243,0.11632994092488902
3892,2.577535267091974,2.5413994093367913,0.03613585775518269
3893,2.4999714924335215,2.4517707325288076,0.04820075990471384
3894,2.31899989086839,2.210515382004111,0.10848450886427896
3895,2.440412089617869,2.3630831493924207,0.07732894022544823
3896,2.3009069724081197,2.2001160524843706,0.10079091992374911
3897,2.471184697677563,2.4045432225194934,0.06664147515806951
3898,2.438961631863656,2.364047914150962,0.07491371771269417
3899,2.360042784608857,2.277701562225173,0.08234122238368391
3900,2.492298607018216,2.423692679804063,0.06860592721415282
3901,2.394902608477947,2.3107645186782486,0.08413808979969817
3902,2.4742637767573967,2.4086270663981364,0.06563671035926033
3903,2.305894700629992,2.213041706663039,0.09285299396695335
3904,2.3508945464996476,2.2524896826813805,0.09840486381826707
3905,2.3859895635188484,2.294766364100475,0.0912231994183732
3906,2.379922082466375,2.2979120778998747,0.08201000456650043
3907,2.5131122038483005,2.460292423026031,0.05281978082226946
3908,2.4227314486072173,2.3604637285257657,0.06226772008145165
3909,2.361422824140189,2.2877214835793422,0.07370134056084687
3910,2.3967265692115833,2.3189785790441095,0.0777479901674738
3911,2.5843926670701247,2.54628896874299,0.03810369832713478
3912,2.5265999993900423,2.4493699337831853,0.07723006560685697
3913,2.3573897509646464,2.268703956750333,0.08868579421431333
3914,2.2882224451805526,2.1826139977128074,0.10560844746774523
3915,2.4433430435887256,2.3652497847425336,0.078093258846192
3916,2.5264723138832665,2.4562045800899774,0.0702677337932891
3917,2.514383286622719,2.4743160753539217,0.0400672112687972
3918,2.2911852803857857,2.1919020640357703,0.09928321635001547
3919,2.3687768291830875,2.2886029390577476,0.08017389012533993
3920,2.259684499945787,2.152071530949072,0.10761296899671491
3921,2.3250765085952807,2.233668845458218,0.09140766313706283
3922,2.5968656898064144,2.550643689878448,0.04622199992796627
3923,2.3534892999776704,2.2645513104619965,0.08893798951567389
3924,2.286913482136146,2.1824260223357355,0.10448745980041041
3925,2.5580464591134415,2.496797974132756,0.06124848498068536
3926,2.2764008676981566,2.182837086129843,0.09356378156831369
3927,2.420546537322271,2.3361655017525527,0.08438103556971832
3928,2.451384343789337,2.3686883891228505,0.0826959546664865
3929,2.5518946005335823,2.486910326254984,0.06498427427859843
3930,2.3964425774067446,2.3073838352311786,0.08905874217556597
3931,2.4528327739198335,2.374323059656249,0.07850971426358466
3932,2.3810110380718967,2.286507440884671,0.0945035971872259
3933,2.406999358111883,2.3261484884428363,0.08085086966904687
3934,2.4216025565283665,2.3485706932301884,0.07303186329817812
3935,2.5322406429850273,2.4743905197491265,0.057850123235900774
3936,2.454977211410195,2.3645100584094765,0.09046715300071861
3937,2.4473193094376717,2.369684149682794,0.07763515975487767
3938,2.2707202115513816,2.16353856353982,0.10718164801156149
3939,2.4109831857567805,2.3147630440317206,0.09622014172505988
3940,2.4371103227666353,2.357895195001751,0.07921512776488449
3941,2.3521549754618474,2.253832449937168,0.09832252552467935
3942,2.436261614405209,2.3638794738319513,0.07238214057325765
3943,2.404940250805897,2.3208945872382896,0.08404566356760723
3944,2.3627951814519794,2.270115270180234,0.09267991127174557
3945,2.4800256655099884,2.4102946091201467,0.06973105638984167
3946,2.4811347539376833,2.4141126315435097,0.0670221223941736
3947,2.3895876123562827,2.2955391449835356,0.09404846737274708
3948,2.318994068982436,2.2206411850178074,0.09835288396462882
3949,2.343289759156196,2.2572112775212774,0.08607848163491871
3950,2.300321761173419,2.2033918876058394,0.09692987356757943
3951,2.6079571944227236,2.5633773114168683,0.04457988300585525
3952,2.574922437127529,2.527429911457783,0.047492525669746044
3953,2.409135282902627,2.3175319848884115,0.09160329801421563
3954,2.3953783540653255,2.3115575205065,0.0838208335588253
3955,2.6171274355768768,2.569414970785655,0.04771246479122171
3956,2.324709649331698,2.231764772805619,0.09294487652607897
3957,2.396104569504511,2.322274885440714,0.07382968406379709
3958,2.4742941437391863,2.3927946188736633,0.08149952486552303
3959,2.306137014642516,2.2098660200994926,0.09627099454302357
3960,2.4574224031134695,2.3879479885822583,0.06947441453121117
3961,2.434534217982898,2.3499601396129135,0.08457407836998465
3962,2.329069691610845,2.243445619867263,0.08562407174358189
3963,2.2879929521781732,2.1842586194795595,0.10373433269861376
3964,2.4003800914556988,2.3308574837758598,0.06952260767983898
3965,2.3641991097652593,2.2677413866883094,0.09645772307694989
3966,2.5063680766121883,2.4458493877316845,0.060518688880503824
3967,2.375848132353367,2.2850469309804287,0.09080120137293823
3968,2.354487801460081,2.258836721688628,0.09565107977145315
3969,2.498773328037655,2.4150869893784277,0.08368633865922748
3970,2.4009041933064825,2.3202796515921573,0.0806245417143252
3971,2.358505809960334,2.269765257601189,0.08874055235914513
3972,2.422948770400771,2.3395131273994942,0.08343564300127682
3973,2.392485297892316,2.3063423958779166,0.08614290201439934
3974,2.3172358163437607,2.2084240499589636,0.10881176638479717
3975,2.5664665647506792,2.533816490929137,0.03265007382154206
3976,2.572608115797075,2.5328452031948214,0.0397629126022534
3977,2.4670484212240837,2.3987825623462804,0.06826585887780334
3978,2.3299541741428773,2.236121295684441,0.09383287845843613
3979,2.36971088748136,2.2716343650738686,0.09807652240749132
3980,2.3863125135727707,2.3166793177444256,0.06963319582834515
3981,2.45059423470223,2.3720628492953186,0.07853138540691118
3982,2.313244276101206,2.2055530556559146,0.10769122044529134
3983,2.368259230450698,2.268901073999023,0.09935815645167523
3984,2.406679687062374,2.318614413251999,0.0880652738103751
3985,2.6793488938947787,2.6604640077762025,0.018884886118576194
3986,2.5220122557859104,2.469455752575861,0.05255650321004923
3987,2.2204646364594747,2.1035432245211494,0.11692141193832528
3988,2.4374235046474784,2.350808855933568,0.08661464871391056
3989,2.4256909105516993,2.355746746196549,0.06994416435515038
3990,2.338131849769654,2.2490295746638718,0.08910227510578217
3991,2.5432807235435053,2.4962254313393477,0.047055292204157606
3992,2.5381511063618,2.472451688527687,0.06569941783411304
3993,2.3632558819824374,2.2809361713371596,0.08231971064527777
3994,2.3400061909248104,2.2585740398457474,0.08143215107906299
3995,2.422399467649799,2.3562592494202486,0.0661402182295503
3996,2.4306096912908353,2.351273011523317,0.07933667976751835
3997,2.2818886398080624,2.168579685872139,0.11330895393592355
3998,2.5007207771476194,2.4374662879303814,0.06325448921723797
3999,2.459909849114956,2.3954722032793114,0.06443764583564437
4000,2.5038302938712635,2.456219038051128,0.04761125582013559
4001,2.2110071361736527,2.097873879779137,0.11313325639451577
4002,2.4590230229517003,2.393524122161548,0.06549890079015208
4003,2.491025910360858,2.420585117943089,0.0704407924177688
4004,2.323990297148785,2.2303674678171914,0.0936228293315935
4005,2.495666037323654,2.438138967571136,0.05752706975251787
4006,2.512341120082346,2.4595105219647926,0.05283059811755342
4007,2.481370537828644,2.399117897007247,0.08225264082139683
4008,2.5184692920111984,2.4547792699923323,0.06369002201886609
4009,2.3445603279452394,2.262709442083759,0.08185088586148037
4010,2.498358101993711,2.453192953517036,0.045165148476674855
4011,2.3053510882536403,2.205358075613304,0.09999301264033633
4012,2.3386826825014166,2.2495922750811426,0.08909040742027408
4013,2.488319036125225,2.4122708958236583,0.07604814030156692
4014,2.6886883162868385,2.6571622378020208,0.0315260784848177
4015,2.3766488312591525,2.2767108054722036,0.09993802578694888
4016,2.3151194309221723,2.210233724293458,0.1048857066287141
4017,2.3851165837158717,2.2952255406690627,0.08989104304680895
4018,2.2594671771489856,2.1566470313596455,0.10282014578934007
4019,2.344839733769747,2.250786164470219,0.09405356929952813
4020,2.4530494092838877,2.39163726948681,0.061412139797077714
4021,2.3145340144689945,2.216031949367865,0.09850206510112969
4022,2.4036154168991524,2.3161632881142524,0.08745212878489994
4023,2.4026567889239794,2.336134610758406,0.06652217816557338
4024,2.3951831300399977,2.303695241350199,0.09148788868979851
4025,2.3972139946686237,2.305216750199359,0.09199724446926494
4026,2.321800811494262,2.2261141321593985,0.09568667933486363
4027,2.3010394781519588,2.1964512313932807,0.10458824675867806
4028,2.393294306125624,2.3182806498035484,0.07501365632207557
4029,2.5508703527469994,2.5005156160687445,0.05035473667825485
4030,2.53342180211229,2.466392660588271,0.06702914152401895
4031,2.337425107007575,2.2460219618226542,0.09140314518492065
4032,2.368854308789533,2.2829561690587163,0.0858981397308165
4033,2.4260072025927943,2.343619902318231,0.0823873002745632
4034,2.511652806932295,2.4553859097095807,0.056266897222714274
4035,2.5984622794813474,2.5590767366723854,0.039385542808962004
4036,2.4422256086290064,2.372530320368867,0.0696952882601396
4037,2.387391654748804,2.3147149814788146,0.0726766732699895
4038,2.4679849012642343,2.405640443928221,0.06234445733601346
4039,2.3991546948803086,2.318259369368367,0.08089532551194178
4040,2.392386710246171,2.299298814490456,0.09308789575571508
4041,2.4575270841380674,2.3892409321455257,0.06828615199254173
4042,2.3913424289356637,2.2967284174600757,0.09461401147558801
4043,2.4167891473291996,2.33576078020297,0.08102836712622974
4044,2.3714886466965392,2.279962884502169,0.09152576219437014
4045,2.4690069712868694,2.4117939686017844,0.057213002685085
4046,2.3419607371755156,2.2428077169175813,0.09915302025793427
4047,2.335998880553366,2.2383936966410847,0.09760518391228112
4048,2.3969851579640613,2.318900851381024,0.07808430658303722
4049,2.4507676628443225,2.3915069028494322,0.05926075999489022
4050,2.3724708528106127,2.276993179232739,0.09547767357787373
4051,2.398991689048862,2.317343123997368,0.08164856505149398
4052,2.3198782852722797,2.2216325571469597,0.09824572812531995
4053,2.4904511556015794,2.4292904518611826,0.06116070374039673
4054,2.3939272974509884,2.298565162900961,0.09536213455002729
4055,2.3408094318708788,2.2501905796890402,0.09061885218183852
4056,2.3287104720862883,2.239566656537843,0.0891438155484452
4057,2.4551509512570275,2.3785815253717084,0.07656942588531912
4058,2.5721832350699714,2.527125989116766,0.04505724595320526
4059,2.2469399222298425,2.144986499968977,0.10195342226086535
4060,2.3942597418287663,2.30696359766305,0.08729614416571652
4061,2.3100945547089564,2.20597322527167,0.10412132943728647
4062,2.6130749963371156,2.580110883140478,0.03296411319663761
4063,2.6293848575726075,2.621501007726564,0.0078838498460434
4064,2.4173994290713994,2.3313728456117224,0.08602658345967695
4065,2.424697494144775,2.331032389345425,0.0936651047993502
4066,2.4314393730949546,2.3490271665863407,0.08241220650861392
4067,2.6045679919571527,2.5652846378044143,0.039283354152738426
4068,2.4887965272473576,2.4098249011765223,0.0789716260708353
4069,2.3762906317935726,2.2818789656207388,0.09441166617283381
4070,2.457731610269147,2.3954839373426027,0.06224767292654443
4071,2.5136260815906586,2.4700153801375255,0.04361070145313306
4072,2.3557304113478787,2.2641933988866265,0.09153701246125223
4073,2.2716323496163118,2.1619927533972607,0.10963959621905106
4074,2.274748359362393,2.158952178409937,0.11579618095245614
4075,2.3833158203905183,2.3030732808519634,0.08024253953855487
4076,2.506667467374974,2.44486300668429,0.06180446069068424
4077,2.5287031157167568,2.4785473392736384,0.050155776443118416
4078,2.4274496499684437,2.333476441923843,0.09397320804460074
4079,2.526596506251218,2.448225229169458,0.07837127708175995
4080,2.2805588110730315,2.1827425917378434,0.09781621933518814
4081,2.4199879334864485,2.347722159952038,0.07226577353441055
4082,2.516937119015257,2.4511603759870706,0.06577674302818659
4083,2.2432056493477837,2.133941380845927,0.10926426850185678
4084,2.52425070947388,2.4537657526869063,0.07048495678697364
4085,2.329277769007909,2.239116920528514,0.0901608484793952
4086,2.2651403739422733,2.1663247651377477,0.09881560880452556
4087,2.407070746779527,2.3323648087475135,0.07470593803201364
4088,2.4041153929836723,2.309822156662227,0.09429323632144548
4089,2.3920761924874934,2.295896423784432,0.09617976870306144
4090,2.4325856031877446,2.3522900307673122,0.08029557242043239
4091,2.3986988696021085,2.303981744416206,0.0947171251859027
4092,2.393776388933911,2.312035868062618,0.08174052087129313
4093,2.301218304416767,2.196349307047006,0.10486899736976074
4094,2.311987479266688,2.2180548862773164,0.09393259298937151
4095,2.546446629467366,2.4875468565808947,0.058899772886471524
4096,2.5289973573138496,2.4701714674259008,0.05882588988794879
4097,2.4217016609606246,2.337023099069859,0.08467856189076572
4098,2.404807267217293,2.309589635447936,0.09521763176935716
4099,2.3910027341399545,2.3115268827864655,0.079475851353489
4100,2.526172587408239,2.4646797550439397,0.061492832364299144
4101,2.521605434609374,2.463743412676448,0.05786202193292578
4102,2.560426597960235,2.4886703351563013,0.07175626280393388
4103,2.4373576515736284,2.3603222729774282,0.07703537859620013
4104,2.4042406613580667,2.324260800352884,0.0799798610051825
4105,2.4521707911521125,2.3869484071318317,0.0652223840202808
4106,2.3671856661526567,2.28328491559226,0.08390075056039681
4107,2.390925186901921,2.3094803742141963,0.08144481268772452
4108,2.5744001032243236,2.517325631996531,0.05707447122779241
4109,2.3361814246125907,2.247421999893218,0.08875942471937259
4110,2.4333584846351735,2.365270632463535,0.06808785217163837
4111,2.303860816255882,2.211434672791024,0.09242614346485789
4112,2.4562104396147793,2.399082518008227,0.057127921606552334
4113,2.431504016231495,2.3611697659919484,0.07033425023954676
4114,2.4383568659857264,2.3611824227606037,0.07717444322512268
4115,2.293143975112402,2.1837809984007843,0.10936297671161777
4116,2.5853876562461777,2.531064846616518,0.05432280962965974
4117,2.3043319585149655,2.2110945935340416,0.09323736498092394
4118,2.3937585257008873,2.308514863917766,0.08524366178312137
4119,2.44736714772211,2.375873940068502,0.0714932076536079
4120,2.430802426298411,2.3440721799391473,0.08673024635926385
4121,2.483316639731718,2.4097184120847097,0.07359822764700841
4122,2.4875195298035804,2.4240670774917605,0.06345245231181984
4123,2.267147495103476,2.1550951066522437,0.11205238845123233
4124,2.3502444115472967,2.2569943435327446,0.09325006801455205
4125,2.237984295340492,2.1241256199334466,0.11385867540704542
4126,2.4298942799875016,2.3619974839195885,0.0678967960679131
4127,2.4223552665402743,2.337090804168325,0.08526446237194918
4128,2.335602165099988,2.2482962516377367,0.08730591346225136
4129,2.3904566262102325,2.3165067913809647,0.07394983482926776
4130,2.388415766709664,2.294027689403813,0.09438807730585097
4131,2.565445750995478,2.51667354834287,0.04877220265260762
4132,2.4121302650583445,2.3421143165598095,0.07001594849853499
4133,2.3770758301472785,2.2880076715559188,0.08906815859135975
4134,2.4066853503136634,2.312884655900199,0.09380069441346439
4135,2.8135718943238848,2.835775762371858,-0.022203868047973252
4136,2.44918060373409,2.3944567909819585,0.05472381275213145
4137,2.3408152302221414,2.2551690871457,0.08564614307644147
4138,2.400982459583009,2.3192502368278647,0.08173222275514425
4139,2.4152499024232794,2.3453005756009406,0.06994932682233879
4140,2.3895989187504862,2.308381446110158,0.0812174726403283
4141,2.561763710803011,2.513090989055271,0.048672721747740066
4142,2.27493129422682,2.171484295725011,0.10344699850180872
4143,2.389108577062654,2.3042560680594133,0.0848525090032406
4144,2.331958701754026,2.2372581194760692,0.09470058227795697
4145,2.3939838791916164,2.306573554159825,0.08741032503179147
4146,2.5114181600312664,2.438485131792141,0.07293302823912517
4147,2.3806508499431813,2.302596529674086,0.07805432026909553
4148,2.366820792254238,2.276330210005232,0.09049058224900586
4149,2.3722721944625813,2.2773835808949814,0.09488861356759992
4150,2.349681392609219,2.251321505193665,0.09835988741555379
4151,2.479561251105516,2.391282393111698,0.08827885799381763
4152,2.277816200118392,2.1722167900071674,0.10559941011122476
4153,2.4321000520309775,2.3515835027617666,0.08051654926921081
4154,2.8225361656030974,2.8179000287575136,0.004636136845583838
4155,2.3758014077614327,2.282810688958264,0.09299071880316889
4156,2.3429800256856206,2.257485225593136,0.08549480009248445
4157,2.472120979383241,2.3939202676589746,0.07820071172426646
4158,2.437095757196509,2.351382178111672,0.08571357908483668
4159,2.403121336299756,2.3163730063324457,0.08674832996731041
4160,2.4088561712037957,2.332583399811604,0.0762727713921918
4161,2.403985016171475,2.3336296247594883,0.07035539141198655
4162,2.448112999955635,2.36685368885039,0.08125931110524487
4163,2.401516833155106,2.3116781616326794,0.08983867152242642
4164,2.383683835115606,2.3079798723670164,0.07570396274858959
4165,2.424432445934048,2.3288910960402864,0.0955413498937614
4166,2.335384422954227,2.2279568874506643,0.10742753550356277
4167,2.3441385546592284,2.253466274456306,0.09067228020292228
4168,2.5815986091637226,2.5487211035270234,0.03287750563669922
4169,2.4874006649586793,2.4304125917807062,0.05698807317797305
4170,2.509904848859849,2.461415414251676,0.04848943460817301
4171,2.432358520044045,2.359698574624218,0.07265994541982712
4172,2.2941366970619907,2.1933675996668356,0.10076909739515516
4173,2.5112563137632273,2.4581321440846082,0.053124169678619104
4174,2.507823930026883,2.454716928844297,0.053107001182586266
4175,2.4195743776850644,2.3319970451447034,0.08757733254036104
4176,2.3733525531530697,2.2903986240227105,0.08295392913035915
4177,2.5013660758691336,2.440189539504702,0.061176536364431655
4178,2.3579606159801423,2.2744007138254094,0.08355990215473286
4179,2.3674787456891124,2.292305555248423,0.07517319044068937
4180,2.550204550542764,2.495521458364962,0.054683092177802095
4181,2.365165926112814,2.2782874917454925,0.08687843436732168
4182,2.3965708113806587,2.3050646026072483,0.09150620877341042
4183,2.4208081666804397,2.336718116341248,0.0840900503391917
4184,2.3625320822255147,2.2783938011628413,0.0841382810626734
4185,2.3989549103728116,2.3220091616276584,0.07694574874515325
4186,2.3249457490774175,2.233266624780275,0.09167912429714242
4187,2.4039649125732474,2.3158155129636224,0.08814939960962498
4188,2.4012407797033,2.307591017077656,0.09364976262564406
4189,2.32371614145708,2.229449231563921,0.09426690989315878
4190,2.5494612689165708,2.485608102676906,0.06385316623966464
4191,2.4099374123115695,2.3192617474942416,0.09067566481732792
4192,2.4263251578505924,2.3656752040560383,0.06064995379455418
4193,2.4028494400073606,2.3213858704241117,0.08146356958324885
4194,2.332531249144249,2.2348352892406336,0.09769595990361557
4195,2.5268182683383524,2.4664986027153883,0.06031966562296409
4196,2.3495837742832615,2.26826895015205,0.0813148241312116
4197,2.3024492627745854,2.2033607296233946,0.09908853315119082
4198,2.337449868001567,2.245730063452263,0.09171980454930395
4199,2.3186763855992107,2.2325515748912315,0.08612481070797928
4200,2.3326670210913125,2.229067670514826,0.1035993505764865
4201,2.5266394879212086,2.4788862215212535,0.04775326639995514
4202,2.4752993123764115,2.4068490765531267,0.0684502358232848
4203,2.3875787670154827,2.302181721950353,0.0853970450651298
4204,2.3544018431917375,2.2601780262287496,0.09422381696298787
4205,2.3533046835716798,2.2668566897844156,0.0864479937872642
4206,2.3178032440163476,2.2166957194059713,0.10110752461037631
4207,2.367507021875079,2.2732313103619064,0.09427571151317249
4208,2.4350259965245127,2.3562890831557572,0.07873691336875543
4209,2.4425065110598747,2.369062431752144,0.07344407930773089
4210,2.4238036403324403,2.3444001327758963,0.07940350755654402
4211,2.3035790934967104,2.21364167116871,0.0899374223280005
4212,2.38383533039407,2.306341488395208,0.07749384199886178
4213,2.385133549821725,2.308743535571951,0.07639001424977421
4214,2.6068019023279145,2.570162800282701,0.0366391020452137
4215,2.511095319742965,2.453807698210444,0.057287621532521094
4216,2.3123590280412123,2.215924052309125,0.09643497573208748
4217,2.474352785661125,2.4057996628316776,0.06855312282944759
4218,2.554057517769851,2.494932636969165,0.0591248808006859
4219,2.3512353664082397,2.263358803360603,0.08787656304763658
4220,2.4380151573499567,2.3635253031201335,0.07448985422982313
4221,2.33871136286989,2.2309148323064365,0.10779653056345362
4222,2.5199614923671234,2.471097238579966,0.04886425378715753
4223,2.5297230767009764,2.480373800296827,0.04934927640414921
4224,2.308662402158029,2.2146129921030684,0.0940494100549607
4225,2.609541338503868,2.5864256915289,0.02311564697496804
4226,2.385541867588923,2.3020827184040087,0.08345914918491415
4227,2.3608597944076513,2.2780492389845173,0.08281055542313398
4228,2.3275186910492436,2.2190059981158745,0.10851269293336907
4229,2.336264833659585,2.2269889552713957,0.10927587838818908
4230,2.4044860365315666,2.3278774632798083,0.0766085732517583
4231,2.4280707183954,2.348236926365085,0.07983379203031493
4232,2.3605111716686666,2.260079115704503,0.1004320559641636
4233,2.3565195371358194,2.2793048334706936,0.07721470366512584
4234,2.3686435321106614,2.2790002170008647,0.08964331510979662
4235,2.543780437466143,2.49288072027174,0.05089971719440278
4236,2.48056408957727,2.403310717192787,0.0772533723844826
4237,2.409806033272028,2.323915625776276,0.08589040749575183
4238,2.525458270912346,2.462685932974652,0.06277233793769366
4239,2.4325461065028473,2.3643254800370923,0.068220626465755
4240,2.4374595967420185,2.373600739625403,0.06385885711661565
4241,2.336375214641958,2.2399301851444346,0.0964450294975232
4242,2.2655412026837114,2.163560465795698,0.10198073688801346
4243,2.3726963685510647,2.2662664744209264,0.10642989413013826
4244,2.4614180578286113,2.4030054607848546,0.058412597043756787
4245,2.5449219246638672,2.49025356032914,0.054668364334727215
4246,2.363730468661222,2.275477010427994,0.08825345823322817
4247,2.38027042868297,2.291225259691599,0.08904516899137072
4248,2.413796738996803,2.3535797483052607,0.06021699069154218
4249,2.4000405522778285,2.3196951494261664,0.08034540285166214
4250,2.287185799743151,2.1797043623611976,0.10748143738195326
4251,2.372769395839178,2.2951956257941886,0.07757377004498922
4252,2.2534233252643316,2.141574132895606,0.1118491923687257
4253,2.3989413347921835,2.311577557115934,0.08736377767624948
4254,2.409497523352736,2.3131329178580153,0.09636460549472048
4255,2.432954791452004,2.3595876666849223,0.07336712476708174
4256,2.3785149390561484,2.3005679816544875,0.07794695740166091
4257,2.374589146951307,2.2870006113095394,0.0875885356417676
4258,2.3362172212035586,2.2392028097498997,0.09701441145365886
4259,2.477892817886891,2.410187632120072,0.06770518576681894
4260,2.3829484980852196,2.2943223781058255,0.08862611997939407
4261,2.3183423639191463,2.224348546818186,0.09399381710096044
4262,2.3889486943928424,2.3003556863602395,0.08859300803260295
4263,2.296995571176517,2.1958334787294285,0.10116209244708863
4264,2.437458626169579,2.3760131603163233,0.06144546585325594
4265,2.50124442160558,2.42932464429089,0.07191977731469024
4266,2.4471049905617455,2.3848845042799147,0.062220486281830745
4267,2.3835890991234856,2.3036157618210686,0.07997333730241696
4268,2.4238817314117647,2.3341789257636605,0.08970280564810418
4269,2.461521208091803,2.4083245939284734,0.05319661416332977
4270,2.4626435426789395,2.3883055167806195,0.07433802589831995
4271,2.4601136115483344,2.3862890745539045,0.07382453699442992
4272,2.3030803605993206,2.205378559414184,0.09770180118513672
4273,2.2977495080955825,2.1966837930623675,0.10106571503321504
4274,2.3385091443064088,2.2593524760300943,0.07915666827631451
4275,2.4218995513452044,2.35059910545272,0.07130044589248419
4276,2.360000823431069,2.2779254174465997,0.08207540598446927
4277,2.4191278816574484,2.324505974499261,0.0946219071581873
4278,2.4888193987459704,2.4226845273421023,0.06613487140386809
4279,2.374754903853468,2.2891955064398934,0.08555939741357443
4280,2.309886763589354,2.2050678040446727,0.10481895954468134
4281,2.3801151961227505,2.2920835133505593,0.0880316827721912
4282,2.4488145747308283,2.383746011821813,0.06506856290901553
4283,2.501062223029301,2.4210286514705723,0.08003357155872859
4284,2.3895023955647834,2.3163567053116885,0.07314569025309492
4285,2.4051793524587177,2.3362188599534988,0.06896049250521896
4286,2.462569372986849,2.377576482651441,0.08499289033540824
4287,2.4351933963388115,2.362056156500734,0.0731372398380774
4288,2.485372694331691,2.4102061657354628,0.07516652859622841
4289,2.4534173519135236,2.358899196301683,0.09451815561184063
4290,2.4855587027188193,2.4154861183546315,0.07007258436418784
4291,2.390771020346792,2.3114285112847717,0.07934250906202012
4292,2.5617135081349987,2.5039143144371145,0.05779919369788411
4293,2.582278714258552,2.524581651558035,0.05769706270051689
4294,2.335995678652304,2.238862482275358,0.09713319637694617
4295,2.3581873345468964,2.2722668625959948,0.08592047195090169
4296,2.4601704359708845,2.410364243331207,0.04980619263967734
4297,2.3919334826831595,2.301916277732434,0.09001720495072574
4298,2.3618234251277372,2.273767098456265,0.08805632667147245
4299,2.4947487600330684,2.4368114118263366,0.0579373482067318
4300,2.6213290995908762,2.576684287459535,0.044644812131341194
4301,2.332085875823025,2.2344214499076047,0.09766442591542024
4302,2.58885151464162,2.548342160397935,0.04050935424368518
4303,2.3138526264365504,2.2171833728135604,0.09666925362299006
4304,2.334848681015456,2.248252040710233,0.08659664030522318
4305,2.3534788241499984,2.2588020656121044,0.09467675853789403
4306,2.517672597037537,2.4619799127967945,0.05569268424074236
4307,2.542245123832089,2.4823762161979066,0.05986890763418229
4308,2.418597200489672,2.333847411881202,0.08474978860847004
4309,2.3645522407368063,2.2672269744920284,0.09732526624477789
4310,2.5363747242582195,2.483130774344621,0.0532439499135986
4311,2.34852045879231,2.263209032336437,0.0853114264558732
4312,2.408545104685749,2.3359401806989597,0.07260492398678942
4313,2.488252491488319,2.4196159161050796,0.06863657538323942
4314,2.357960239445608,2.260738144663453,0.09722209478215493
4315,2.323392867074069,2.230107540859647,0.09328532621442198
4316,2.4958171866705112,2.435369184049649,0.06044800262086225
4317,2.424309249338407,2.3478030797075378,0.07650616963086909
4318,2.392845492020684,2.2941136183312674,0.09873187368941672
4319,2.3422057320080896,2.252382810896198,0.0898229211118915
4320,2.525685766502448,2.4645628307175174,0.061122935784930554
4321,2.328598441693032,2.2267422552636114,0.10185618642942051
4322,2.5401186850398307,2.4909806078619168,0.049138077177913964
4323,2.3947318013177723,2.293745493250406,0.10098630806736608
4324,2.389607408166155,2.3020540597944312,0.08755334837172368
4325,2.3956644695065092,2.312728199387982,0.08293627011852722
4326,2.614416465929677,2.5803282486085735,0.03408821732110345
4327,2.3594348705225663,2.272252078848514,0.0871827916740524
4328,2.563753618717324,2.5387222924583575,0.025031326258966757
4329,2.3349311829663564,2.238499529314341,0.09643165365201556
4330,2.3852913201382004,2.2941719313742364,0.09111938876396408
4331,2.4049559066056614,2.323835774008711,0.08112013259695017
4332,2.5088374050912816,2.4274150339760636,0.081422371115218
4333,2.4346262637538882,2.3518815130807265,0.08274475067316178
4334,2.3272493950745092,2.2258170344495785,0.10143236062493077
4335,2.3666745935694595,2.2751896305751558,0.09148496299430375
4336,2.5089845321949404,2.438331316677402,0.07065321551753856
4337,2.4098695626674633,2.320308198349381,0.08956136431808215
4338,2.324777908607116,2.232658933370417,0.09211897523669865
4339,2.2587991354205426,2.1419669703489976,0.11683216507154492
4340,2.5077277770953064,2.4344359679928784,0.07329180910242794
4341,2.3467100477854217,2.266234610594059,0.08047543719136252
4342,2.35304840359602,2.2568463995913093,0.09620200400471068
4343,2.3162935364490864,2.222190602330819,0.09410293411826753
4344,2.4083556438562135,2.316817665343343,0.09153797851287049
4345,2.358509167353026,2.25728771367479,0.10122145367823565
4346,2.2909543894332836,2.1845717664912496,0.10638262294203393
4347,2.454557291910117,2.381513794399115,0.07304349751100192
4348,2.259100990790949,2.1513524935182486,0.1077484972727003
4349,2.2458500552152527,2.1355164757388008,0.11033357947645195
4350,2.43451949029113,2.338379749776252,0.09613974051487784
4351,2.3296922240894937,2.243490642568837,0.08620158152065693
4352,2.5595347096309276,2.50849920004846,0.0510355095824675
4353,2.3887089325443758,2.2963243620588463,0.0923845704855295
4354,2.309369523794417,2.203618186205064,0.10575133758935307
4355,2.5576285072138614,2.504588705393871,0.05303980181999046
4356,2.5300688856847753,2.4540765820684567,0.07599230361631859
4357,2.392427221298116,2.3111565772794638,0.08127064401865214
4358,2.3536961966675394,2.262845863747173,0.09085033292036648
4359,2.5137594801606316,2.4367541923926783,0.07700528776795323
4360,2.2783597761487715,2.166784458667687,0.11157531748108429
4361,2.4197900943329946,2.3490467517750577,0.0707433425579369
4362,2.358119310682946,2.255545016942951,0.10257429373999472
4363,2.2937372313828504,2.193619744795273,0.10011748658757735
4364,2.513457719108,2.4534515610507586,0.06000615805724152
4365,2.719606044727331,2.696835382096664,0.022770662630666738
4366,2.5465045336743333,2.5074941994696007,0.039010334204732544
4367,2.507277278046859,2.4487539917128855,0.05852328633397352
4368,2.310666979283672,2.2148912323062517,0.09577574697742008
4369,2.4981760474980077,2.435378155410127,0.06279789208788067
4370,2.2471147565399114,2.1367761589302954,0.11033859760961606
4371,2.402859281772167,2.319699004093195,0.08316027767897172
4372,2.279136656913281,2.1726828410655235,0.10645381584775748
4373,2.627258700111273,2.5964999824618205,0.030758717649452372
4374,2.5132433121223667,2.4589006786595147,0.054342633462852064
4375,2.3166885205423418,2.218092081164415,0.09859643937792661
4376,2.519647415505099,2.460042121722058,0.05960529378304136
4377,2.381240581570483,2.3104561241811643,0.0707844573893186
4378,2.3411861449064197,2.2432502056156123,0.09793593929080746
4379,2.3460343702451247,2.2592243897041,0.08680998054102496
4380,2.697575974278655,2.6783944926253334,0.019181481653321786
4381,2.339974259161257,2.2563875972843257,0.08358666187693142
4382,2.485251259158404,2.420407610060642,0.06484364909776197
4383,2.4449054494019213,2.380721182257571,0.06418426714435022
4384,2.546738364634153,2.485624267432909,0.06111409720124383
4385,2.38149998129379,2.2933641984412785,0.08813578285251156
4386,2.337538419433133,2.2497594343864638,0.08777898504666926
4387,2.382531253563255,2.3009681136983664,0.08156313986488861
4388,2.2483945010896877,2.137959694822729,0.11043480626695867
4389,2.381914247356035,2.3090126391825403,0.07290160817349456
4390,2.41202172836321,2.3322269976129193,0.07979473075029064
4391,2.478888302999269,2.4127620052390664,0.06612629776020285
4392,2.316734968067292,2.2140378752932106,0.10269709277408134
4393,2.3734483873409706,2.2741963895390542,0.0992519978019164
4394,2.256341469027961,2.147983226438275,0.10835824258968563
4395,2.592632980686019,2.541186532528979,0.05144644815704025
4396,2.399898836350072,2.3220950086837564,0.07780382766631577
4397,2.3013576730122685,2.1910686312338097,0.11028904177845877
4398,2.4437511945294914,2.3669417838134286,0.07680941071606284
4399,2.431594035587952,2.3714972268279206,0.06009680876003154
4400,2.4644508576911464,2.373290727669492,0.09116013002165424
4401,2.418178088242594,2.3362248037570494,0.0819532844855444
4402,2.402157344548057,2.3301827945002507,0.0719745500478064
4403,2.436930694938451,2.3686521461029173,0.06827854883553375
4404,2.392866930239145,2.320536645804729,0.07233028443441603
4405,2.240603815258173,2.122630546173616,0.11797326908455696
4406,2.432451679466213,2.358778722829888,0.073672956636325
4407,2.3564779939018137,2.263624131468066,0.09285386243374782
4408,2.4444889656003244,2.379332295678055,0.0651566699222692
4409,2.3979920348403025,2.3085803229796475,0.089411711860655
4410,2.615921901075861,2.594316482473061,0.021605418602800075
4411,2.4178270180973835,2.3428354770819055,0.074991541015478
4412,2.431370951752964,2.360330432946473,0.07104051880649065
4413,2.330320806036137,2.243291983730139,0.08702882230599807
4414,2.345475047081756,2.2592434498614904,0.08623159722026541
4415,2.3267569653127382,2.23552328622424,0.09123367908849822
4416,2.4344762003070453,2.3562833621792603,0.07819283812778499
4417,2.3700923083363645,2.2746074419423135,0.09548486639405107
4418,2.561970230231041,2.5259095774490787,0.036060652781962244
4419,2.2825025503958303,2.1792999627057066,0.10320258769012369
4420,2.316553235833148,2.2223956485058913,0.09415758732725665
4421,2.444548301840386,2.3676794078610417,0.07686889397934449
4422,2.2747955681123653,2.1752367547677487,0.09955881334461658
4423,2.363870492423452,2.2769548852385078,0.0869156071849444
4424,2.353566901785536,2.260387195653186,0.09317970613235005
4425,2.3018133157061347,2.2110653352118277,0.09074798049430699
4426,2.472167142907569,2.4059807349793685,0.06618640792820063
4427,2.6202828456228446,2.5973746346867634,0.022908210936081197
4428,2.351407410603943,2.2569185604740287,0.09448885012991415
4429,2.3738506167367643,2.2795315409559387,0.09431907578082566
4430,2.480306573813105,2.413223699420765,0.06708287439233995
4431,2.3556561056547523,2.270113020052685,0.08554308560206714
4432,2.364340179626133,2.267494181177266,0.09684599844886677
4433,2.389241561601867,2.3094776399291126,0.07976392167275437
4434,2.3490177736879616,2.2391260057319466,0.10989176795601496
4435,2.2897162699258713,2.1864141232702385,0.10330214665563275
4436,2.561638618205954,2.5172852377683594,0.0443533804375944
4437,2.3912059122464777,2.321005782305412,0.07020012994106573
4438,2.5582738923138817,2.5344740734246867,0.023799818889195024
4439,2.3748004666737152,2.2718897439988037,0.10291072267491153
4440,2.3324100809876818,2.234064702955346,0.09834537803233578
4441,2.3366438869805553,2.2491288644502165,0.08751502253033872
4442,2.3273372937077226,2.2311914893325806,0.09614580437514197
4443,2.383777830868551,2.2863595183631773,0.0974183125053738
4444,2.2673142220893197,2.1568559336092012,0.1104582884801184
4445,2.3294665635991136,2.242696869930436,0.08676969366867748
4446,2.4640803032430716,2.401699360036483,0.06238094320658849
4447,2.4262678025086792,2.3396511173264583,0.08661668518222099
4448,2.3035821843813213,2.1998124038508804,0.10376978053044095
4449,2.3547770496809197,2.2628580584283564,0.09191899125256331
4450,2.3327439019377705,2.2319502861579936,0.10079361577977686
4451,2.252229094405356,2.150915078946117,0.10131401545923868
4452,2.610008166475513,2.580652630577759,0.02935553589775397
4453,2.4927522946534966,2.428491852775605,0.0642604418778916
4454,2.3305335466434616,2.2253666528687632,0.10516689377469834
4455,2.4512850992192927,2.3884505880696043,0.06283451114968841
4456,2.3000622608190646,2.20233197861889,0.09773028220017466
4457,2.3971615567104063,2.3056669908524405,0.09149456585796578
4458,2.623341522139997,2.5992928940052837,0.0240486281347132
4459,2.444618832936246,2.3821807385572766,0.0624380943789693
4460,2.5530677052297848,2.499199731893429,0.053867973336355846
4461,2.3406614679511843,2.23769769429826,0.1029637736529243
4462,2.4160945758339363,2.335094075364176,0.08100050046976026
4463,2.3592956298506995,2.271936078163439,0.0873595516872605
4464,2.35779568575566,2.2611642861158416,0.09663139963981848
4465,2.3265320186594756,2.23468207834948,0.09184994030999549
4466,2.440396935150243,2.369261976941836,0.07113495820840665
4467,2.2745093318744676,2.15776907951608,0.11674025235838759
4468,2.386271308191773,2.295336776703255,0.09093453148851793
4469,2.4461413412855424,2.375751861231831,0.07038948005371148
4470,2.420494556018621,2.3429976414761082,0.07749691454251284
4471,2.3636343528741532,2.259835205947767,0.10379914692638614
4472,2.5469327825966053,2.4831763551219486,0.06375642747465671
4473,2.293499507846469,2.1930152399482195,0.1004842678982496
4474,2.5141442462964476,2.460605309948213,0.05353893634823459
4475,2.4211443364834513,2.348096198832445,0.07304813765100615
4476,2.3306311560765427,2.23992593502784,0.09070522104870271
4477,2.47696841995382,2.406897280976167,0.07007113897765294
4478,2.4446958330334434,2.381560978034598,0.0631348549988453
4479,2.3210490481017474,2.2368230527393234,0.08422599536242403
4480,2.394731631017133,2.302377364535221,0.09235426648191192
4481,2.3721861973495244,2.279976259510615,0.09220993783890918
4482,2.4091727215449272,2.32472303911809,0.08444968242683704
4483,2.40594092359501,2.317990559203864,0.0879503643911459
4484,2.4535415570703933,2.3877147311444187,0.06582682592597466
4485,2.339494974625348,2.2482153073861038,0.09127966723924441
4486,2.4520809956485103,2.3855998030074637,0.06648119264104668
4487,2.330661492186183,2.2380723008276857,0.0925891913584973
4488,2.373037006142213,2.2766453732122383,0.09639163292997477
4489,2.492183559084127,2.4144864684741703,0.07769709060995655
4490,2.4541572567814636,2.3553241950288264,0.09883306175263717
4491,2.329892193364289,2.2367233372700785,0.09316885609421055
4492,2.4078043695628644,2.3254166853443134,0.08238768421855092
4493,2.4466533336485594,2.362904263735329,0.08374906991323039
4494,2.316344163142864,2.2167549459141256,0.09958921722873848
4495,2.2974663169208855,2.2016325614497,0.09583375547118544
4496,2.4612596840476013,2.3971229043282194,0.06413677971938192
4497,2.3579602326637614,2.2695856995793116,0.08837453308444987
4498,2.3083160812047545,2.2006040359787478,0.10771204522600675
4499,2.509882891694017,2.4545049094601556,0.05537798223386137
4500,2.4166336563462183,2.3258443772305566,0.0907892791156617
4501,2.428386373034302,2.351744954633744,0.07664141840055771
4502,2.258101586957705,2.152266576362416,0.10583501059528899
4503,2.226428424756546,2.1133556890167036,0.11307273573984222
4504,2.3292096288278623,2.2328398245155148,0.09636980431234754
4505,2.4014070025294467,2.319516137606503,0.08189086492294351
4506,2.3949238301466123,2.319409972422747,0.07551385772386521
4507,2.3119797422984107,2.2117047122533924,0.10027503004501837
4508,2.6655636986448883,2.63342036643631,0.03214333220857846
4509,2.315733257633817,2.2096365546099457,0.10609670302387153
4510,2.314620913201373,2.2258868338510567,0.08873407935031619
4511,2.4038943378918805,2.3357306867161562,0.0681636511757242
4512,2.466930345197751,2.424311605940364,0.042618739257386906
4513,2.4379271309417017,2.3601716411789644,0.07775548976273727
4514,2.3523440329094187,2.2688605794382393,0.08348345347117947
4515,2.5055946898735875,2.441541806350207,0.06405288352338045
4516,2.4760282583734763,2.407555267500105,0.06847299087337122
4517,2.286337993478556,2.185077629046025,0.10126036443253073
4518,2.346038909624232,2.2473816465284666,0.09865726309576539
4519,2.423370305916134,2.350392270932755,0.07297803498337885
4520,2.3393044985135725,2.24819937320824,0.09110512530533255
4521,2.437066971281357,2.3542537575749733,0.0828132137063835
4522,2.426373972889661,2.3462320002533104,0.08014197263635081
4523,2.427500180571287,2.343548418432271,0.08395176213901623
4524,2.619261190530672,2.5861025195764653,0.03315867095420666
4525,2.463126159508968,2.4124127200698595,0.050713439439108665
4526,2.5257975943178024,2.461460151773509,0.0643374425442933
4527,2.4910272189651055,2.4267852552663536,0.0642419636987519
4528,2.3166584816484455,2.214360988875043,0.10229749277340261
4529,2.4599867155506328,2.3876540949927962,0.07233262055783651
4530,2.357610762713267,2.263737144360238,0.0938736183530291
4531,2.4916425255283445,2.426714021003696,0.06492850452464838
4532,2.408902376573358,2.3216651343995838,0.08723724217377438
4533,2.364141619035281,2.289260801710871,0.07488081732440977
4534,2.411980274804184,2.337550317482772,0.07442995732141222
4535,2.506994627726351,2.444244539217331,0.06275008850901997
4536,2.4796648838686766,2.4034857223739947,0.07617916149468185
4537,2.5851597474574763,2.517132843861312,0.06802690359616426
4538,2.298648134027994,2.199286880906956,0.09936125312103794
4539,2.3918661108820523,2.3175644085491656,0.07430170233288669
4540,2.422181217041895,2.326242561947618,0.0959386550942769
4541,2.37769004475565,2.296348037518234,0.08134200723741625
4542,2.4497758630456334,2.3891624878184547,0.06061337522717869
4543,2.478055735004746,2.419936354082542,0.058119380922204034
4544,2.3631703388730725,2.2753261726692036,0.08784416620386892
4545,2.363622684821453,2.2703918849077196,0.09323079991373362
4546,2.347810649498681,2.2461043148097453,0.10170633468893575
4547,2.51778897456005,2.462011212630447,0.05577776192960293
4548,2.316532741154707,2.232569169916361,0.08396357123834619
4549,2.546096792798737,2.5007060436105255,0.04539074918821129
4550,2.336845879000118,2.2488042619404633,0.08804161705965452
4551,2.4297425549669125,2.3737315783489223,0.05601097661799015
4552,2.7065878681582856,2.673339680249044,0.033248187909241445
4553,2.3394952582792063,2.2484033204491833,0.091091937830023
4554,2.4111693826709604,2.317657716984953,0.09351166568600755
4555,2.354140232695111,2.2626527143877695,0.09148751830734136
4556,2.475119105005879,2.4169117798738022,0.058207325132076715
4557,2.4286459014005337,2.353102101639478,0.07554379976105574
4558,2.405633783106759,2.319303477625401,0.08633030548135778
4559,2.417103425952325,2.329939088129935,0.08716433782239008
4560,2.3122540007502703,2.1961847909028007,0.1160692098474696
4561,2.2397994569875723,2.124802467217281,0.11499698977029116
4562,2.2895368047061204,2.177784355392152,0.11175244931396833
4563,2.387623606876214,2.311997384858149,0.07562622201806501
4564,2.4233133477408972,2.341221217024278,0.08209213071661914
4565,2.4388015834123724,2.375935710022747,0.06286587338962546
4566,2.4347734659475773,2.3612414630380383,0.07353200290953898
4567,2.2551139183353155,2.1442523694897266,0.11086154884558885
4568,2.346342775664115,2.2538375852876547,0.09250519037646043
4569,2.2853553576334145,2.1696672121555736,0.1156881454778409
4570,2.4400741045872554,2.357134487123246,0.08293961746400935
4571,2.3954244867915278,2.31265477211043,0.08276971468109773
4572,2.3470748681046176,2.2556660674311853,0.09140880067343238
4573,2.4366906270562576,2.3604990001755723,0.07619162688068526
4574,2.3646249735354132,2.2745058484432263,0.09011912509218689
4575,2.3263148921992145,2.2294745179375353,0.09684037426167924
4576,2.4560786958203793,2.403384358851818,0.052694336968561295
4577,2.437740363079927,2.3541258816618935,0.08361448141803329
4578,2.38740031856507,2.305730623390111,0.0816696951749587
4579,2.3071095407484896,2.202752243351017,0.10435729739747268
4580,2.6080566071326254,2.558133455726348,0.049923151406277455
4581,2.381800438953531,2.287864150892071,0.09393628806145982
4582,2.3805781204536722,2.2951966737462177,0.08538144670745451
4583,2.443186796936481,2.3763849461677142,0.06680185076876688
4584,2.3338155905376303,2.237046543814779,0.09676904672285147
4585,2.4220545823948294,2.3443852115312986,0.07766937086353076
4586,2.42027825391634,2.349161193952012,0.07111705996432827
4587,2.4000623363597495,2.3151131840418784,0.08494915231787115
4588,2.3573898856961244,2.2603491678822563,0.09704071781386814
4589,2.478161968450136,2.4153483447791806,0.06281362367095555
4590,2.313516083155055,2.2099616927325934,0.10355439042246184
4591,2.3738457697578235,2.274840984770211,0.09900478498761256
4592,2.330310774072765,2.2299289848106345,0.10038178926213037
4593,2.5155694330972715,2.447222574783475,0.0683468583137965
4594,2.4557298281364592,2.3804150552223327,0.07531477291412658
4595,2.3788069482575054,2.2878144329198165,0.09099251533768893
4596,2.291475914396897,2.177698728299621,0.11377718609727605
4597,2.3395181884277574,2.246095635205615,0.09342255322214221
4598,2.4469715345562135,2.3567031860222536,0.09026834853395993
4599,2.776591569660308,2.791536269961721,-0.01494470030141315
4600,2.6826328842183407,2.6654681046691557,0.01716477954918494
4601,2.32074883462896,2.2221344204394393,0.09861441418952088
4602,2.395396240395455,2.3010384966443342,0.09435774375112072
4603,2.315560320072591,2.217990681258254,0.097569638814337
4604,2.429852082140748,2.338780289911776,0.0910717922289721
4605,2.4662809746499286,2.3721031634723113,0.09417781117761725
4606,2.442867063292403,2.3736956168850676,0.06917144640733541
4607,2.242138986451443,2.1312612070786545,0.11087777937278842
4608,2.584799120861295,2.5325715306945815,0.05222759016671352
4609,2.6616871550986145,2.634290414481594,0.027396740617020576
4610,2.382750368285275,2.3107508500960656,0.07199951818920924
4611,2.4115146812852735,2.337221059117325,0.07429362216794866
4612,2.4207745903268076,2.341507222064033,0.0792673682627747
4613,2.3402433993475262,2.245587074376646,0.09465632497088006
4614,2.4838157939212713,2.4139577746305214,0.06985801929074986
4615,2.3167002272224795,2.2171740979866685,0.09952612923581095
4616,2.483305176462964,2.4353384454973472,0.047966730965616655
4617,2.4014313380254713,2.3062161598822457,0.09521517814322555
4618,2.293749327910166,2.1824903321916755,0.11125899571849063
4619,2.3189378520208215,2.224259470157687,0.09467838186313449
4620,2.4264558336670814,2.340773001662863,0.08568283200421822
4621,2.4454056686540198,2.3673445313031043,0.07806113735091547
4622,2.456882312356055,2.3826280953953254,0.07425421696072965
4623,2.4460173360370234,2.384136535242855,0.061880800794168245
4624,2.332744958330471,2.2402272718923277,0.09251768643814318
4625,2.471069368653722,2.398787046315361,0.0722823223383613
4626,2.5945685993117134,2.5467326861256807,0.04783591318603264
4627,2.396201528713965,2.3154106829419496,0.08079084577201545
4628,2.4719347122936104,2.3981459715724407,0.0737887407211697
4629,2.4185384560540677,2.3434095276153455,0.07512892843872221
4630,2.3913183575910373,2.2996145409961577,0.09170381659487958
4631,2.5744593787226604,2.531001109299802,0.043458269422858464
4632,2.5082146860399046,2.449983942816645,0.058230743223259385
4633,2.5736717871649497,2.5077205621898435,0.06595122497510619
4634,2.5938852184642753,2.5481140766969492,0.04577114176732611
4635,2.3494807507444575,2.251768610766374,0.09771213997808337
4636,2.548195337283274,2.491428417112044,0.05676692017122997
4637,2.301374529672784,2.2039718672790545,0.09740266239372941
4638,2.4378445145979653,2.3676231356706405,0.07022137892732472
4639,2.4203431982175303,2.3419666021729553,0.07837659604457503
4640,2.2962459160279822,2.200024997540713,0.0962209184872691
4641,2.321619660436517,2.2389276777294875,0.0826919827070296
4642,2.2998770116276512,2.196854157671077,0.10302285395657407
4643,2.4709015251314757,2.4169048106548936,0.05399671447658205
4644,2.359235067303704,2.274313621341943,0.08492144596176088
4645,2.4041420268732376,2.3215869554870303,0.08255507138620732
4646,2.381191491565922,2.314023073187358,0.06716841837856391
4647,2.4965444150150016,2.4320747685546924,0.06446964646030917
4648,2.4056656988916783,2.311869494689679,0.09379620420199908
4649,2.371582473227126,2.2839219143989014,0.08766055882822466
4650,2.409137974768966,2.3330781833863266,0.0760597913826393
4651,2.3248564421745015,2.2292942295946645,0.09556221257983699
4652,2.39703036065181,2.3151314006914676,0.08189895996034258
4653,2.501817928310413,2.4508588897808257,0.050959038529587275
4654,2.3738266641329577,2.2949047521484234,0.07892191198453435
4655,2.389937549440691,2.313425110561984,0.07651243887870685
4656,2.428140216897234,2.343004660000003,0.08513555689723074
4657,2.376063814049378,2.295625257536076,0.08043855651330212
4658,2.389934107217332,2.2999785380678874,0.08995556914944469
4659,2.269035400986182,2.161934678029898,0.10710072295628414
4660,2.4338897471481173,2.3621045612316554,0.07178518591646199
4661,2.272782183522803,2.1600553279544252,0.1127268555683778
4662,2.462600854236769,2.3822299729741885,0.08037088126258052
4663,2.3066590132856084,2.20872100402301,0.09793800926259832
4664,2.3025423675452834,2.208311637061664,0.09423073048361941
4665,2.4126197916306507,2.3245295804667623,0.08809021116388838
4666,2.4412289415584234,2.3606517326452043,0.08057720891321907
4667,2.3580047419100905,2.2652802636312743,0.09272447827881614
4668,2.5063982603345587,2.4345024201956083,0.07189584013895045
4669,2.336991542386328,2.2638675222641194,0.07312402012220875
4670,2.577084374066591,2.524307113950553,0.05277726011603834
4671,2.3478274881394716,2.2602593160638644,0.08756817207560719
4672,2.3277171305191686,2.2366832805909813,0.0910338499281873
4673,2.3791900181431362,2.291037655039233,0.0881523631039034
4674,2.45467582309899,2.3794493589722814,0.07522646412670841
4675,2.47250027797982,2.4069792640660332,0.06552101391378695
4676,2.33458159146933,2.240206699591238,0.094374891878092
4677,2.3340175416524938,2.233381299013367,0.10063624263912674
4678,2.8197473667633215,2.8364926347849857,-0.016745268021664206
4679,2.309344821761001,2.2034632666150165,0.10588155514598441
4680,2.620513063468934,2.5791643437955796,0.041348719673354406
4681,2.393485425109041,2.321667785818682,0.07181763929035911
4682,2.5564740672282653,2.516649507293436,0.03982455993482947
4683,2.465383319250525,2.411042096974122,0.05434122227640259
4684,2.206796377771803,2.094525971481161,0.11227040629064211
4685,2.343341114857673,2.239971891676252,0.10336922318142072
4686,2.4212963174340065,2.347703370093387,0.07359294734061939
4687,2.4362285134121455,2.3683605658132394,0.06786794759890613
4688,2.3322104618450763,2.2315370353449397,0.10067342650013655
4689,2.439752491696515,2.3733992495131804,0.0663532421833346
4690,2.413262367889705,2.324710184064628,0.0885521838250769
4691,2.3794272128204366,2.3003542913295667,0.07907292149086986
4692,2.359448742564422,2.2766597564618123,0.08278898610260965
4693,2.3616403334540625,2.270292558633826,0.0913477748202367
4694,2.3927770984168513,2.2984670348640575,0.09431006355279381
4695,2.3902711211130034,2.3153104260026844,0.074960695110319
4696,2.5229274295131434,2.4678237698905643,0.055103659622579126
4697,2.3076531290709092,2.1969260740931564,0.11072705497775281
4698,2.3751595899564943,2.286994890933412,0.08816469902308244
4699,2.2859228226497526,2.186407443864886,0.09951537878486638
4700,2.5088130649400933,2.458170230211021,0.050642834729072383
4701,2.3464234263493693,2.249858208422374,0.09656521792699513
4702,2.4973484927529968,2.4347368914671916,0.06261160128580512
4703,2.4890331296393633,2.4130462065876133,0.07598692305175003
4704,2.3546522883127032,2.273182186486843,0.08147010182586012
4705,2.2393547763665196,2.113861523680734,0.1254932526857857
4706,2.343086168293998,2.2513396769452028,0.09174649134879509
4707,2.4701689288651356,2.407837904021072,0.06233102484406361
4708,2.3233585652798308,2.2284809545741373,0.09487761070569345
4709,2.271103088663527,2.1645507258749483,0.10655236278857849
4710,2.393991964537119,2.3114047955331474,0.08258716900397145
4711,2.3367161109470143,2.24834451202042,0.08837159892659407
4712,2.3590032395612477,2.267342745448464,0.09166049411278365
4713,2.398954568572346,2.3256936413195652,0.07326092725278066
4714,2.4296771370602617,2.3533419513020233,0.07633518575823839
4715,2.511923476251541,2.4418127797142932,0.070110696537248
4716,2.316585993463423,2.2207902754989077,0.09579571796451525
4717,2.3934897033811215,2.311368894617801,0.08212080876332051
4718,2.6330937816919495,2.587939968628095,0.045153813063854464
4719,2.3793646697756117,2.2835024803967947,0.09586218937881696
4720,2.333634846812915,2.2374113399094986,0.0962235069034163
4721,2.3858020000227627,2.294351992204811,0.09145000781795165
4722,2.325098193176301,2.2248754465980896,0.10022274657821129
4723,2.2980440655569176,2.201771616186444,0.09627244937047363
4724,2.6203188632198113,2.572568754946555,0.04775010827325632
4725,2.3903963523274676,2.2906982857892704,0.09969806653819724
4726,2.382984550068292,2.2841752456318076,0.09880930443648417
4727,2.4524395387018587,2.390671237975591,0.06176830072626771
4728,2.350375984881623,2.2476301691204177,0.10274581576120534
4729,2.389190729545836,2.2899581799122646,0.09923254963357131
4730,2.41372564672001,2.344387252999829,0.06933839372018102
4731,2.3624472604531186,2.28452625835779,0.0779210020953287
4732,2.359896081147153,2.2588854987161513,0.1010105824310017
4733,2.640390646325667,2.6206688600715005,0.019721786254166318
4734,2.5956345557328024,2.5767185481836723,0.018916007549130143
4735,2.3704853639233963,2.2896240424967216,0.08086132142667468
4736,2.277433965575687,2.164770144165664,0.11266382141002262
4737,2.4041497835236743,2.321285275840067,0.08286450768360742
4738,2.4198251565460565,2.3291265204371476,0.09069863610890883
4739,2.5570074999962507,2.4967040616199885,0.060303438376262175
4740,2.3361913795197995,2.2375994976808045,0.09859188183899503
4741,2.427360139118361,2.3456752052441088,0.08168493387425224
4742,2.256945483833177,2.154921500349386,0.10202398348379127
4743,2.372730354944021,2.282577423084211,0.09015293185980999
4744,2.3394816998111247,2.2482523220367296,0.0912293777743951
4745,2.574545415030283,2.5000873646180892,0.07445805041219389
4746,2.33374436895608,2.23902294122843,0.09472142772765002
4747,2.3902911091474075,2.301894678118003,0.08839643102940453
4748,2.280915282295919,2.1789932498349556,0.10192203246096332
4749,2.358909988005192,2.2687959511314975,0.09011403687369457
4750,2.3564605406446453,2.286623300709667,0.06983723993497826
4751,2.2636840536560605,2.165510911935533,0.09817314172052738
4752,2.4721566950152543,2.3930004007753403,0.079156294239914
4753,2.3928760774246003,2.3161026400766507,0.07677343734794961
4754,2.3713633023419463,2.2876145748133077,0.0837487275286386
4755,2.3347740338577188,2.2406392588178328,0.09413477503988599
4756,2.407209483748415,2.3298155386371016,0.07739394511131348
4757,2.288863286439958,2.1941256813833205,0.09473760505663753
4758,2.442823412293005,2.361065782496651,0.08175762979635381
4759,2.376840056275212,2.2799951606687463,0.09684489560646581
4760,2.3726392003688708,2.288600133195055,0.0840390671738156
4761,2.6398846308847825,2.5832246939261014,0.0566599369586811
4762,2.281615822207551,2.1827960128816253,0.0988198093259256
4763,2.2547343818768057,2.1542568542432208,0.10047752763358497
4764,2.303596043035457,2.209117049049222,0.09447899398623516
4765,2.3355609062510867,2.227986971586565,0.1075739346645217
4766,2.3016443271092,2.2016034721602353,0.10004085494896486
4767,2.4117151443070703,2.315699349709202,0.09601579459786835
4768,2.6978094447948706,2.663918415361474,0.033891029433396724
4769,2.2494190003532393,2.145109982139112,0.1043090182141273
4770,2.2974909251796904,2.194763433390203,0.10272749178948759
4771,2.427033215892227,2.3453096189425935,0.08172359694963349
4772,2.3121063085177207,2.2041333818783264,0.10797292663939428
4773,2.4673296038867734,2.3868406599603733,0.08048894392640005
4774,2.49792648943809,2.4375356354104945,0.0603908540275957
4775,2.2912435326402663,2.185564916735468,0.10567861590479843
4776,2.592035804645448,2.55661421255791,0.035421592087538034
4777,2.4063719756300723,2.3149373877555797,0.09143458787449266
4778,2.425062898351776,2.361898641103961,0.06316425724781505
4779,2.74057160033539,2.7300998550502342,0.010471745285155709
4780,2.575572037208253,2.522503478388549,0.05306855881970396
4781,2.398320254738694,2.31513567661859,0.08318457812010394
4782,2.3911493555350374,2.3138649609216153,0.07728439461342207
4783,2.425566218296987,2.3416325713709307,0.08393364692605632
4784,2.3079350883800656,2.214827923356528,0.09310716502353777
4785,2.4367224468350583,2.3528593813221397,0.08386306551291867
4786,2.493967477205757,2.4359133518676512,0.058054125338105944
4787,2.4038902390694292,2.3246666265775207,0.07922361249190857
4788,2.214869226027483,2.0987790597771383,0.11609016625034485
4789,2.310714903331664,2.1994964576468607,0.11121844568480332
4790,2.424303508652684,2.360804469617257,0.06349903903542709
4791,2.3702439863860083,2.288130073888964,0.08211391249704425
4792,2.2972966113994544,2.195716933399709,0.10157967799974532
4793,2.47682242133362,2.4043180911356723,0.07250433019794755
4794,2.3283026144756844,2.2363803923545107,0.09192222212117374
4795,2.4699178258145604,2.3943317046185806,0.07558612119597985
4796,2.671719934036487,2.644716484867282,0.02700344916920505
4797,2.2911014039068416,2.1881595099007196,0.10294189400612197
4798,2.6093928584749713,2.569331220513391,0.04006163796158013
4799,2.31778069802258,2.2144226839217827,0.10335801410079748
4800,2.415182528056906,2.327888959506687,0.08729356855021875
4801,2.3661465758727744,2.2840313091028217,0.08211526676995273
4802,2.4141598556481556,2.3307821664067485,0.0833776892414071
4803,2.413335876016317,2.3413834825987054,0.0719523934176114
4804,2.367884381445414,2.2883921603856927,0.07949222105972131
4805,2.3905427597966873,2.314131592116144,0.07641116768054346
4806,2.5114486490493912,2.4743676682883504,0.03708098076104083
4807,2.379484032356641,2.301472672785486,0.07801135957115513
4808,2.4434078972539357,2.368205550066318,0.07520234718761776
4809,2.4259531195249435,2.3547414176240284,0.07121170190091508
4810,2.4018403833696946,2.3185207827793675,0.08331960059032717
4811,2.3904631672615295,2.300646249336048,0.0898169179254813
4812,2.3649213172551,2.275301207896871,0.08962010935822873
4813,2.427682954703661,2.3514928157830313,0.07619013892062965
4814,2.436956598058766,2.349849837468677,0.08710676059008904
4815,2.44130641210773,2.350642592809833,0.09066381929789724
4816,2.37574477063137,2.2917801010029852,0.08396466962838467
4817,2.4630304278326114,2.3901172512501585,0.07291317658245289
4818,2.4797740848619556,2.41474508906879,0.06502899579316557
4819,2.4865276093439626,2.4082641342782423,0.07826347506572029
4820,2.3950277508514164,2.3087860114839867,0.08624173936742974
4821,2.3835973552986203,2.283606708348061,0.09999064695055937
4822,2.3304707588338265,2.2312410198286843,0.0992297390051422
4823,2.429985744733286,2.361151077965456,0.06883466676783012
4824,2.6049244553031654,2.556187764898955,0.04873669040421058
4825,2.38713628503107,2.318206414907102,0.06892987012396778
4826,2.4450501659639072,2.364713710459309,0.08033645550459845
4827,2.21404856791776,2.100904901911038,0.11314366600672177
4828,2.357081011590739,2.2766894712316343,0.08039154035910467
4829,2.4218512324092782,2.344310547187489,0.07754068522178903
4830,2.323517850625048,2.223172851772903,0.1003449988521452
4831,2.4084342964557544,2.33281177946613,0.07562251698962452
4832,2.2766530952691255,2.165231032614036,0.1114220626550897
4833,2.4480009712791575,2.380863345690616,0.06713762558854164
4834,2.4065146791529917,2.3308435479784904,0.0756711311745013
4835,2.490642661398909,2.409306353865039,0.08133630753387022
4836,2.3886962824795304,2.3087008438938397,0.07999543858569069
4837,2.2858963481127703,2.175540232895222,0.11035611521754829
4838,2.3673186633709618,2.2805612311946004,0.08675743217636134
4839,2.3854191017127513,2.2924131641415175,0.09300593757123377
4840,2.284613704906351,2.1794977826025184,0.10511592230383249
4841,2.519720155997421,2.4640510644988485,0.05566909149857269
4842,2.3244750406481023,2.228299360746149,0.09617567990195308
4843,2.423472139328897,2.34047062185127,0.0830015174776273
4844,2.282670187225589,2.179068569300011,0.10360161792557765
4845,2.5233328452932597,2.467833849532963,0.05549899576029693
4846,2.3523147713782047,2.266746551432934,0.08556821994527075
4847,2.5435683992324325,2.478984090114376,0.06458430911805646
4848,2.318732963783635,2.226155312712671,0.09257765107096372
4849,2.3997010886761387,2.3202513794093584,0.0794497092667803
4850,2.3294257993961587,2.223200980977788,0.1062248184183705
4851,2.4008436269449156,2.3366678397495053,0.06417578719541028
4852,2.412179726821534,2.3310984714154435,0.08108125540609068
4853,2.347980280562951,2.2475822945313064,0.1003979860316444
4854,2.396622457464829,2.3201806858913203,0.07644177157350862
4855,2.3804480487558064,2.29688587616337,0.08356217259243648
4856,2.2992214754653313,2.1892630722497817,0.10995840321554962
4857,2.584444867802264,2.5461336526375304,0.03831121516473335
4858,2.3625427518762256,2.2585805211582968,0.10396223071792887
4859,2.289086240197433,2.181015669804222,0.108070570393211
4860,2.3803131782657734,2.2968944647181453,0.08341871354762809
4861,2.408494238680392,2.314192260928471,0.09430197775192095
4862,2.389081521655856,2.3083861331449,0.08069538851095581
4863,2.5011080606075593,2.4465523627771564,0.05455569783040293
4864,2.249462061682602,2.1404972504375754,0.10896481124502655
4865,2.4825752289886123,2.4126494459437415,0.06992578304487074
4866,2.3668724333047932,2.2777015309612074,0.08917090234358582
4867,2.325606217736385,2.242957273956235,0.08264894378014986
4868,2.4083306837092495,2.324176981622103,0.08415370208714634
4869,2.3231595085506354,2.222278966827855,0.10088054172278049
4870,2.4813905016342845,2.401984489994669,0.07940601163961558
4871,2.4894814539094026,2.431687438455301,0.057794015454101455
4872,2.415713541882401,2.3385286710836284,0.07718487079877256
4873,2.3313870167507758,2.240364837636179,0.09102217911459665
4874,2.259273320335926,2.1479685506570023,0.11130476967892378
4875,2.4534969151185106,2.373427521925396,0.08006939319311446
4876,2.309549313106258,2.203876192619465,0.10567312048679289
4877,2.4999905160617657,2.44964604340813,0.05034447265363573
4878,2.3730524486629756,2.3088233583799136,0.06422909028306201
4879,2.3355329513248306,2.245165484507211,0.09036746681761976
4880,2.473533366795142,2.4145099406106225,0.0590234261845195
4881,2.2857512379285483,2.1858711265335353,0.09988011139501296
4882,2.630915319220439,2.591955171047791,0.03896014817264781
4883,2.4029078735623854,2.321306517390019,0.0816013561723663
4884,2.3142225714977354,2.1982743084202343,0.11594826307750106
4885,2.307560893391107,2.204616714980457,0.10294417841064973
4886,2.517449035396114,2.4642983641758978,0.05315067122021633
4887,2.392649052424291,2.3119363190256044,0.08071273339868679
4888,2.33682080406919,2.2408232918978563,0.09599751217133345
4889,2.418743695751708,2.3479438699339075,0.07079982581780042
4890,2.35852304668689,2.258370422385155,0.10015262430173477
4891,2.5356707372102676,2.4688586699546895,0.06681206725557809
4892,2.3881100929043404,2.2901785070709897,0.09793158583335071
4893,2.4498356549997164,2.36705987208224,0.08277578291747645
4894,2.4038922011815473,2.3173279664437807,0.08656423473776664
4895,2.32781477331751,2.2435832253564607,0.08423154796104937
4896,2.366504146529121,2.271174704491496,0.09532944203762517
4897,2.317962682682087,2.2223994042474304,0.0955632784346565
4898,2.255524650851743,2.1450570846691916,0.11046756618255138
4899,2.3934276293804175,2.310594785784043,0.08283284359637433
4900,2.3598497899487825,2.2820087579160084,0.07784103203277404
4901,2.235183935893417,2.123457054387276,0.11172688150614096
4902,2.2669797023065894,2.1555162601719817,0.11146344213460768
4903,2.3356130804152975,2.2284023206180015,0.107210759797296
4904,2.4982256066386563,2.4308809124460593,0.06734469419259703
4905,2.377860414006367,2.30413295751625,0.07372745649011714
4906,2.287596823802016,2.196259617343231,0.09133720645878496
4907,2.4558248799049145,2.4018095426169928,0.05401533728792174
4908,2.3648669949268912,2.28509929288597,0.07976770204092132
4909,2.372655644581692,2.2702683402756896,0.1023873043060024
4910,2.580227171500918,2.5347264572494814,0.04550071425143676
4911,2.2716467572830705,2.1558714013267886,0.11577535595628197
4912,2.437693769577139,2.3649214336056144,0.07277233597152444
4913,2.3707410415674612,2.286557141584297,0.08418389998316433
4914,2.5091350244414996,2.4550072491758184,0.054127775265681244
4915,2.332788586348398,2.2375516279031427,0.09523695844525548
4916,2.3447344879067753,2.2523187983906428,0.09241568951613255
4917,2.5184427580382747,2.4555762430718926,0.06286651496638207
4918,2.4497036399746865,2.380423320197536,0.06928031977715055
4919,2.337650292495253,2.243748133719108,0.09390215877614505
4920,2.612770385335778,2.5614892673965004,0.05128111793927781
4921,2.3340915499497634,2.2369262332697706,0.09716531667999284
4922,2.3253472773207373,2.218070349654631,0.1072769276661063
4923,2.519347125731186,2.4635100640187257,0.05583706171246039
4924,2.5087988252805102,2.4484191321675866,0.06037969311292368
4925,2.458879160279655,2.3901900661776967,0.06868909410195823
4926,2.437090536168916,2.3634801202768227,0.07361041589209316
4927,2.5489614879987834,2.4698908578379677,0.07907063016081572
4928,2.4174701127779845,2.3390768175679932,0.07839329520999128
4929,2.30411830484499,2.201612321413925,0.10250598343106487
4930,2.4554427152978873,2.380030287703799,0.07541242759408817
4931,2.5360522220950776,2.4902202869067533,0.04583193518832429
4932,2.3013162872413573,2.1987180275396243,0.10259825970173297
4933,2.731757638220428,2.7328183953330676,-0.001060757112639532
4934,2.2583933837389014,2.155120700426043,0.10327268331285833
4935,2.429507126476743,2.347163629377196,0.08234349709954714
4936,2.6584547128838305,2.646472881807999,0.011981831075831728
4937,2.3050034723763284,2.204920993507021,0.10008247886930732
4938,2.335928688807295,2.2432195539945736,0.09270913481272158
4939,2.4023909376745065,2.3139759209368185,0.08841501673768803
4940,2.3254176961546604,2.229756392871221,0.09566130328343947
4941,2.493422875252858,2.4306937913697553,0.06272908388310272
4942,2.430836391114313,2.3625987489512497,0.0682376421630635
4943,2.418649790060545,2.343078259326004,0.07557153073454081
4944,2.643837861849128,2.620396993048074,0.023440868801054116
4945,2.3382030004743055,2.254090669507913,0.0841123309663927
4946,2.3568256020547,2.2621818146076094,0.09464378744709068
4947,2.690922178123756,2.664396802036338,0.026525376087417563
4948,2.581500366653345,2.528228285711073,0.053272080942272204
4949,2.4256840784704745,2.3461799763622126,0.07950410210826186
4950,2.416852863255457,2.329589519226621,0.08726334402883573
4951,2.470723864425618,2.3902270931138347,0.08049677131178345
4952,2.294640261274487,2.2026096756388305,0.09203058563565669
4953,2.4049569497169108,2.3335971536602917,0.07135979605661902
4954,2.468732243885486,2.3857357059975883,0.08299653788789785
4955,2.4069854966888924,2.3221291142553873,0.08485638243350513
4956,2.3244697426166057,2.229466805684327,0.09500293693227846
4957,2.3271452391628085,2.2259268672041483,0.10121837195866012
4958,2.2849008682433554,2.1900287433412458,0.09487212490210961
4959,2.3851548689995883,2.2850748495510413,0.10008001944854694
4960,2.42800915922245,2.3379260793516567,0.09008307987079345
4961,2.270429924166668,2.161162234920328,0.10926768924634
4962,2.5343787979612253,2.48086253307973,0.05351626488149552
4963,2.4295207133037637,2.346965259247739,0.08255545405602494
4964,2.536334955454781,2.474771756428553,0.06156319902622798
4965,2.4526975016720254,2.387463322961734,0.06523417871029125
4966,2.2918705070671628,2.1989623494249737,0.09290815764218907
4967,2.3809936994504564,2.3122030443262296,0.06879065512422677
4968,2.3640899590820728,2.274797525598361,0.08929243348371196
4969,2.403582360223056,2.3390089945126205,0.06457336571043548
4970,2.389548468560459,2.305416640759095,0.08413182780136408
4971,2.3403018301434346,2.256201013327764,0.0841008168156705
4972,2.275336702745532,2.1773611343215262,0.09797556842400557
4973,2.4040407222034013,2.3240366213992654,0.08000410080413589
4974,2.527525000477404,2.480774954439612,0.04675004603779209
4975,2.2727903599030697,2.16182931714601,0.11096104275705976
4976,2.57718004850467,2.5317766792430523,0.04540336926161759
4977,2.3132324125444494,2.2303273218491597,0.08290509069528973
4978,2.240998313712563,2.1350329380943562,0.10596537561820663
4979,2.296876854361405,2.1933996404320806,0.1034772139293243
4980,2.471604803777792,2.385698406280601,0.0859063974971912
4981,2.6955533657317754,2.6803918863364578,0.015161479395317645
4982,2.4381566351338213,2.3486140315605595,0.08954260357326183
4983,2.3160289385409594,2.216610071927818,0.09941886661314125
4984,2.3294401615082942,2.223633851520937,0.1058063099873574
4985,2.363571309953579,2.2721839997901703,0.09138731016340884
4986,2.580059384614,2.525012566273813,0.0550468183401871
4987,2.4695260943001855,2.3852791601489316,0.08424693415125395
4988,2.5957227258037543,2.5449680764831304,0.0507546493206239
4989,2.4746248669785555,2.420239688828354,0.05438517815020161
4990,2.4911185477183575,2.4399035865148453,0.05121496120351221
4991,2.432652842794114,2.3664769458205495,0.06617589697356463
4992,2.374888053664243,2.272946670954389,0.10194138270985409
4993,2.2403349065034974,2.1334771198652303,0.10685778663826717
4994,2.526390264883511,2.47527897529199,0.05111128959152067
4995,2.4409729110922846,2.3514217400556583,0.08955117103662635
4996,2.422721536358794,2.362282657281698,0.060438879077096
4997,2.369333017334095,2.2853769136176147,0.08395610371648043
4998,2.3271821328898596,2.234904829300133,0.09227730358972686
4999,2.5416894845285216,2.4684355414327515,0.07325394309577016
5000,2.328929533357753,2.2404677460870337,0.0884617872707194
5001,2.2938882125050486,2.1955552526706303,0.09833295983441825
5002,2.4179768933798744,2.348716765926628,0.0692601274532465
5003,2.3787565536931736,2.2875745122780207,0.09118204141515296
5004,2.352201327841067,2.2773875084877853,0.07481381935328191
5005,2.4540098395592866,2.3797480237040225,0.07426181585526415
5006,2.3802075032907797,2.3035727739537295,0.07663472933705018
5007,2.360143584543461,2.2693790883473413,0.09076449619611981
5008,2.242088279386533,2.1293643024487063,0.11272397693782654
5009,2.4896503024518064,2.4255785022279017,0.06407180022390468
5010,2.5456073726620665,2.487101428601143,0.058505944060923465
5011,2.373640129631881,2.294246030865719,0.0793940987661621
5012,2.345556357812534,2.2679632977855197,0.07759306002701427
5013,2.312509948114329,2.2188830342214594,0.09362691389286981
5014,2.5212155304527757,2.454433678228477,0.06678185222429889
5015,2.4404885551569864,2.3642104117177167,0.07627814343926964
5016,2.477834042870364,2.4259617372141937,0.05187230565617007
5017,2.5263470521351232,2.449311316749559,0.07703573538556441
5018,2.377559417534461,2.2997693629571,0.0777900545773611
5019,2.301020866587936,2.2034672007267857,0.09755366586115022
5020,2.449250142189589,2.3817142650389607,0.06753587715062848
5021,2.341148023082981,2.2549234357656167,0.08622458731736415
5022,2.451662158508536,2.3873129739313903,0.06434918457714556
5023,2.27183799758649,2.161843275048772,0.10999472253771803
5024,2.3296197984362523,2.2365153718079793,0.09310442662827301
5025,2.619930733134663,2.568739165871662,0.05119156726300078
5026,2.4050221544328907,2.3422512207551964,0.06277093367769426
5027,2.429577515118137,2.3425527577826335,0.08702475733550363
5028,2.400012397837884,2.3251994974588053,0.0748129003790785
5029,2.430649493413581,2.34119347385813,0.0894560195554508
5030,2.3699616136376713,2.278647429796214,0.09131418384145729
5031,2.5216599824233343,2.4715258568193477,0.05013412560398667
5032,2.3046142447805913,2.198865023602662,0.10574922117792918
5033,2.5285162670332433,2.447710962967712,0.08080530406553121
5034,2.3744296008992465,2.283454886150946,0.09097471474830066
5035,2.2620385958319447,2.1597227354708193,0.10231586036112539
5036,2.473369658286517,2.405469543761558,0.0679001145249587
5037,2.4744666582486015,2.405918093634755,0.06854856461384662
5038,2.245873383574968,2.1365973456138434,0.1092760379611244
5039,2.2443168008609997,2.1333636863556125,0.11095311450538725
5040,2.418516043829695,2.341719968198297,0.0767960756313979
5041,2.3242066721446046,2.2265044512375485,0.09770222090705616
5042,2.515470241588574,2.447928131123123,0.067542110465451
5043,2.70244596333244,2.696613199615058,0.005832763717382061
5044,2.3102051212820696,2.2158089489589248,0.09439617232314479
5045,2.3003381355585764,2.2046507895271366,0.0956873460314398
5046,2.337730201999042,2.230289966452332,0.10744023554671012
5047,2.3409697482936456,2.2489346039519713,0.09203514434167426
5048,2.453122469901047,2.3769145150457214,0.07620795485532561
5049,2.3188408078674736,2.2247627485369934,0.09407805933048019
5050,2.341144106569128,2.2455696725838665,0.09557443398526155
5051,2.2962420726666157,2.1995437860282205,0.09669828663839519
5052,2.3319102671611525,2.2357131176132357,0.0961971495479168
5053,2.4531376921913335,2.3798843177517144,0.0732533744396191
5054,2.3323649296974343,2.2331675585564548,0.09919737114097948
5055,2.496513588052198,2.442898398689021,0.053615189363176885
5056,2.2732080316623047,2.1579100196856933,0.11529801197661138
5057,2.3719166177917246,2.2859531252972842,0.08596349249444035
5058,2.521869130726962,2.453362481556734,0.06850664917022797
5059,2.483287088505411,2.4100614716635542,0.07322561684185658
5060,2.2422013558298937,2.1356812086825427,0.10652014714735092
5061,2.414965833860441,2.3427040924462084,0.0722617414142328
5062,2.3846102719770803,2.297987864660043,0.08662240731703719
5063,2.292091596982231,2.180332939684926,0.11175865729730505
5064,2.6016986664115964,2.5577960575522876,0.043902608859308856
5065,2.3890499212794944,2.3000345760723544,0.08901534520714005
5066,2.4644637116490724,2.3931081671597685,0.07135554448930392
5067,2.3534289093944154,2.2570160381431763,0.0964128712512391
5068,2.481816748606749,2.4119990699939073,0.0698176786128415
5069,2.3846943134549696,2.2983289353359027,0.08636537811906697
5070,2.37165662889031,2.2696303442407935,0.10202628464951635
5071,2.3838489733509105,2.3147521232148143,0.06909685013609623
5072,2.4238954969374906,2.3340629641826967,0.08983253275479397
5073,2.303594257177913,2.192369621852037,0.1112246353258759
5074,2.355769257819144,2.2687123114883483,0.08705694633079553
5075,2.402099703067855,2.3069238534351753,0.09517584963267955
5076,2.301093664629213,2.193790239195694,0.107303425433519
5077,2.3583348229285006,2.276165321346698,0.0821695015818027
5078,2.558382810487256,2.4901823232924745,0.06820048719478145
5079,2.2420986489210013,2.129816134857463,0.1122825140635384
5080,2.5000467051771893,2.4174016110045047,0.08264509417268462
5081,2.4129498074657287,2.328957539431521,0.08399226803420756
5082,2.479990268959635,2.4003985054851906,0.0795917634744443
5083,2.43030073952724,2.3530850417562834,0.07721569777095638
5084,2.4639520216575304,2.373666130417468,0.09028589124006237
5085,2.489673546277745,2.428303041469415,0.06137050480832995
5086,2.4581449917729605,2.3838338267103905,0.07431116506257007
5087,2.354146363266262,2.253915503383395,0.10023085988286695
5088,2.4328760497249253,2.361003018326296,0.0718730313986291
5089,2.471212576632815,2.397305192927995,0.07390738370481964
5090,2.4875821522415293,2.4191694296570905,0.06841272258443887
5091,2.2830800201977732,2.181309407853275,0.10177061234449836
5092,2.500956227632878,2.4414042697863185,0.05955195784655931
5093,2.5093719108980324,2.43443568710496,0.07493622379307219
5094,2.376247739330594,2.2896915985551543,0.0865561407754396
5095,2.5030756100547955,2.4379260816308794,0.06514952842391608
5096,2.5021142722018936,2.429358572756777,0.07275569944511684
5097,2.366356341457452,2.269178093515854,0.09717824794159835
5098,2.3529883131114255,2.2789943078865234,0.07399400522490218
5099,2.3041699423921167,2.21470448074532,0.08946546164679692
5100,2.266016759679921,2.1669459177838664,0.09907084189605486
5101,2.3872144638236317,2.292381001665442,0.09483346215818989
5102,2.308951756238401,2.2160945082454706,0.0928572479929306
5103,2.3641344434087244,2.2752458949308716,0.08888854847785277
5104,2.3858570975786435,2.3048837284041905,0.08097336917445297
5105,2.5161761108129523,2.4665240995066555,0.04965201130629682
5106,2.415739410232378,2.348447503803223,0.06729190642915528
5107,2.4320425875152565,2.35649605264661,0.07554653486864638
5108,2.3771020706154813,2.290703404510159,0.08639866610532243
5109,2.348260604911687,2.2651409412075405,0.0831196637041467
5110,2.310321551768808,2.213026957631643,0.09729459413716501
5111,2.2650923687941975,2.1705995047269977,0.09449286406719981
5112,2.2949991525367084,2.1978907701230335,0.09710838241367492
5113,2.341938920990006,2.2444777022407756,0.0974612187492303
5114,2.3002311316446673,2.193232917731187,0.10699821391348019
5115,2.4568437892305903,2.3770956595674564,0.07974812966313394
5116,2.424314235640142,2.3578284113888612,0.06648582425128069
5117,2.398822418157729,2.336422480159799,0.06239993799793009
5118,2.422780774310023,2.355330701008442,0.06745007330158126
5119,2.493125557708518,2.4403297037171345,0.052795853991383535
5120,2.3804176167977804,2.2818530375738786,0.09856457922390183
5121,2.4982162725792287,2.4407329544227094,0.0574833181565193
5122,2.3524699920230803,2.263580608168515,0.08888938385456546
5123,2.3102634143967298,2.20465931299887,0.10560410139785992
5124,2.3480117193804153,2.252743063989995,0.09526865539042051
5125,2.410009644337544,2.3220444971561403,0.08796514718140358
5126,2.303972234841839,2.2094569955273995,0.09451523931443973
5127,2.464022745669131,2.3966732667159314,0.06734947895319943
5128,2.533269771173041,2.480029281636775,0.05324048953626637
5129,2.346677762013238,2.266242398175094,0.08043536383814409
5130,2.41227575601096,2.325677833755799,0.08659792225516094
5131,2.4521265775968475,2.3743345341153383,0.07779204348150914
5132,2.3806780416759903,2.28182984653197,0.09884819514402032
5133,2.5243696106343516,2.4711765993488406,0.053193011285511016
5134,2.6635086623539457,2.6614189744880843,0.0020896878658613893
5135,2.40273286687578,2.3110800797227165,0.09165278715306346
5136,2.5918100274528717,2.5612646769602128,0.03054535049265894
5137,2.4953052449782684,2.4377606236656613,0.05754462131260718
5138,2.515815692901418,2.471318588148303,0.04449710475311486
5139,2.428783720347535,2.3370150308012856,0.0917686895462495
5140,2.310680868399637,2.217385200190739,0.09329566820889834
5141,2.4399184772577485,2.359080899633935,0.0808375776238135
5142,2.445120670834372,2.3743447887848617,0.07077588204951013
5143,2.266297295047226,2.1536508841563005,0.11264641089092553
5144,2.418421944250884,2.3234719322378004,0.09495001201308373
5145,2.409486728072814,2.3344173864403786,0.07506934163243528
5146,2.4400609711709844,2.3488567905411237,0.09120418062986069
5147,2.3193563547804543,2.241867892437012,0.07748846234344242
5148,2.2855876649624283,2.190875706404274,0.0947119585581544
5149,2.3475913488326934,2.2453140774804985,0.10227727135219489
5150,2.256187527828253,2.146538930700093,0.10964859712815977
5151,2.5346962591668265,2.4895617066698614,0.045134552496965075
5152,2.4155679743157097,2.333547647245444,0.08202032707026552
5153,2.385011600416039,2.29715349451491,0.08785810590112897
5154,2.311183365373687,2.209954211685378,0.1012291536883092
5155,2.464382410935838,2.4017714097334557,0.06261100120238217
5156,2.4014415895945933,2.3095615903161786,0.09187999927841473
5157,2.3550985008664704,2.274017290700138,0.08108121016633252
5158,2.3192251542919773,2.218524771619523,0.1007003826724544
5159,2.425765919437485,2.3640456957656797,0.0617202236718053
5160,2.6157446898288574,2.612593671345322,0.003151018483535495
5161,2.4292302673530695,2.358315941630481,0.0709143257225886
5162,2.3216559144214655,2.2194752099640938,0.10218070445737171
5163,2.3982098389203337,2.2995974564698702,0.09861238245046344
5164,2.5719513745420257,2.5074301302991793,0.06452124424284644
5165,2.4847813363628606,2.408222256900326,0.07655907946253437
5166,2.3858090113672974,2.299651778735556,0.08615723263174146
5167,2.4375557238717516,2.357689158474733,0.07986656539701853
5168,2.6267315782107348,2.588005122461592,0.03872645574914291
5169,2.41725226350549,2.3272709114052326,0.08998135210025726
5170,2.419888743789698,2.3491362029400364,0.07075254084966165
5171,2.4253655310226385,2.3326951682763895,0.09267036274624907
5172,2.5684685676232455,2.516516359060993,0.051952208562252356
5173,2.366547152465452,2.279373115347677,0.08717403711777516
5174,2.4578578038121144,2.3652856085474094,0.09257219526470495
5175,2.5463843687715624,2.481518475030712,0.06486589374085039
5176,2.3752083472966405,2.2878141320809786,0.08739421521566193
5177,2.318867424176767,2.2232749763120445,0.09559244786472254
5178,2.4130223666895554,2.3167061869253174,0.09631617976423801
5179,2.548878406884176,2.4979694724769357,0.0509089344072402
5180,2.505783878831936,2.441625493713801,0.0641583851181351
5181,2.393698060912336,2.294204210967106,0.09949384994523003
5182,2.4555241644581245,2.39168850162171,0.06383566283641429
5183,2.265652758853431,2.15374077624769,0.11191198260574087
5184,2.2821074524295577,2.1718232090738456,0.11028424335571207
5185,2.496794201878042,2.439405044909784,0.05738915696825764
5186,2.4048017237484607,2.311877014603883,0.09292470914457773
5187,2.350987765978324,2.2594380233714317,0.09154974260689208
5188,2.2926153793376676,2.181760131200962,0.11085524813670578
5189,2.5908152438005434,2.536755857431349,0.054059386369194495
5190,2.3308570015118284,2.2224392108952222,0.10841779061660617
5191,2.4720426863803393,2.4033451533703976,0.06869753300994175
5192,2.325892473925848,2.23409862499154,0.09179384893430775
5193,2.523214776831766,2.463589178822298,0.05962559800946776
5194,2.470249254447614,2.395451897360584,0.07479735708702995
5195,2.3947024288086944,2.3091466029038807,0.0855558259048137
5196,2.4077790657671994,2.311667064232436,0.09611200153476318
5197,2.416220441868899,2.331842003108152,0.08437843876074691
5198,2.341113792967897,2.2406248220345146,0.1004889709333825
5199,2.431232164738873,2.3553779147360236,0.07585425000284918
5200,2.440338804973158,2.35757854880392,0.08276025616923821
5201,2.4152947574033945,2.3471373692425326,0.06815738816086192
5202,2.595294004502663,2.5526377685600874,0.042656235942575726
5203,2.3960362014079455,2.3026429269137636,0.09339327449418189
5204,2.491990957176431,2.4206841604933604,0.0713067966830705
5205,2.4833637536648814,2.4145484230095535,0.06881533065532786
5206,2.520452765191498,2.462089263217827,0.05836350197367102
5207,2.568454264583045,2.5284503214847627,0.040003943098282146
5208,2.3898574133120913,2.2996528832683114,0.09020453004377993
5209,2.4530561056577906,2.375583466700388,0.07747263895740275
5210,2.424520736191482,2.3410541736821786,0.08346656250930318
5211,2.4930312145720284,2.420309941583073,0.07272127298895548
5212,2.523129010200038,2.435208119240174,0.0879208909598641
5213,2.3500459656632287,2.2571246837369188,0.09292128192630988
5214,2.4584280064341684,2.3845630475933945,0.07386495884077382
5215,2.470988231961523,2.4017916584998593,0.06919657346166375
5216,2.3786003597578067,2.2975695080037353,0.08103085175407143
5217,2.4229414796292184,2.3621492901125207,0.060792189516697626
5218,2.4739954317286403,2.404342046534556,0.06965338519408437
5219,2.635722430384617,2.6411132716909727,-0.005390841306355476
5220,2.538572946625415,2.4750742021324195,0.06349874449299575
5221,2.569052145472265,2.5101139516247746,0.05893819384749044
5222,2.506439873056566,2.4486905083614823,0.05774936469508374
5223,2.4694670507922565,2.4143813189499235,0.05508573184233301
5224,2.2719289819866284,2.1707648291875388,0.10116415279908963
5225,2.3935659632949804,2.3196889540810797,0.07387700921390072
5226,2.359484160496859,2.2832081054712847,0.07627605502557433
5227,2.467923312984478,2.413618934866056,0.054304378118422036
5228,2.357971479449203,2.2765050741420567,0.08146640530714633
5229,2.3248775446036505,2.2350158937502114,0.08986165085343911
5230,2.3385413553302685,2.2353884345934363,0.10315292073683224
5231,2.4208892725603786,2.3304999164419855,0.09038935611839305
5232,2.4216070280229602,2.3288744671501713,0.09273256087278892
5233,2.4041572895555983,2.3320622489557166,0.0720950405998817
5234,2.314731007039039,2.222165814567429,0.09256519247160977
5235,2.4169990207201186,2.341847069387883,0.07515195133223562
5236,2.3049658302646003,2.205189328622235,0.09977650164236529
5237,2.2782997948259767,2.174629261849183,0.10367053297679352
5238,2.3741292291830383,2.2889959700170803,0.08513325916595793
5239,2.3955868364739423,2.3017515984087087,0.09383523806523364
5240,2.364512152633985,2.2724197520258786,0.0920924006081063
5241,2.4247429105854317,2.342175746199864,0.08256716438556788
5242,2.439936250626863,2.373523091222888,0.06641315940397519
5243,2.4484006916586454,2.390114428816205,0.05828626284244054
5244,2.2824273897992238,2.1689227948448924,0.1135045949543314
5245,2.3971382733315387,2.3028613207809503,0.09427695255058843
5246,2.384419296711039,2.3080436575386285,0.07637563917241064
5247,2.471094506775321,2.4214363370031435,0.04965816977217763
5248,2.4915810993821768,2.4243213057626343,0.06725979361954249
5249,2.409152962013256,2.3308248744459235,0.07832808756733245
5250,2.335493437189085,2.2496011170309647,0.08589232015812032
5251,2.4495921656558064,2.381925891090421,0.06766627456538554
5252,2.431455365974538,2.363594495176746,0.06786087079779213
5253,2.3500927995458887,2.2561308542076195,0.09396194533826918
5254,2.393665168402001,2.3126014230855563,0.08106374531644489
5255,2.455757699379335,2.3936273973691136,0.062130302010221516
5256,2.2568182313021903,2.1475367083026207,0.10928152299956961
5257,2.6631095349916594,2.6390088195574166,0.024100715434242748
5258,2.622142259139006,2.5707014828217347,0.051440776317271286
5259,2.392575114839483,2.3119136990406193,0.08066141579886388
5260,2.4108015200638455,2.313647221883828,0.0971542981800173
5261,2.4234285809380625,2.349208442896066,0.07422013804199645
5262,2.572570056075021,2.528632547480419,0.04393750859460166
5263,2.3758794130182594,2.2840757973173096,0.09180361570094986
5264,2.307195024551578,2.199504027804202,0.10769099674737603
5265,2.3977483029372197,2.3119143436748675,0.08583395926235227
5266,2.599537227282967,2.567304511357892,0.03223271592507482
5267,2.5257520004290845,2.4718401697011374,0.05391183072794714
5268,2.461477746811368,2.385746501392054,0.07573124541931442
5269,2.698530832458093,2.654011432315532,0.04451940014256106
5270,2.3760095749729055,2.293304149322449,0.08270542565045647
5271,2.412920301722659,2.333631299362014,0.07928900236064518
5272,2.3913952792147892,2.2951562096768967,0.09623906953789252
5273,2.37236487174511,2.2971198855213935,0.07524498622371656
5274,2.311195802255907,2.2183060274890374,0.09288977476686977
5275,2.4048724451135817,2.3160842555059524,0.08878818960762924
5276,2.420200073064129,2.339320196506158,0.08087987655797102
5277,2.309867919956884,2.2122949005740877,0.09757301938279639
5278,2.398105218805655,2.3132055614689055,0.08489965733674953
5279,2.4353207758759208,2.3505479331687633,0.08477284270715746
5280,2.4421235168606312,2.357585665227323,0.0845378516333084
5281,2.4627503389837915,2.387022784798691,0.07572755418510058
5282,2.4426899607009718,2.374942869863803,0.06774709083716868
5283,2.450317599114034,2.363381702720105,0.08693589639392885
5284,2.281086659490897,2.167793393691825,0.11329326579907217
5285,2.4784308871088303,2.4025144597613663,0.07591642734746396
5286,2.5657063597619416,2.5018267734768225,0.06387958628511914
5287,2.6813094789523144,2.6613407912283713,0.019968687723943113
5288,2.402357996926301,2.312607314429172,0.08975068249712903
5289,2.4776028136449364,2.4178980610310554,0.059704752613880974
5290,2.4458723770650557,2.3837796262129376,0.06209275085211807
5291,2.332276482004125,2.230299366259366,0.10197711574475887
5292,2.5603219518166696,2.5132821499298212,0.04703980188684831
5293,2.3082476985988363,2.209077908899564,0.09916978969927248
5294,2.466340142186225,2.391553063935384,0.07478707825084108
5295,2.249819700808537,2.137095810606692,0.11272389020184503
5296,2.3534052088037654,2.2589977682605618,0.0944074405432036
5297,2.41450579073354,2.3290804670425675,0.08542532369097255
5298,2.393428965719199,2.313396235425954,0.08003273029324509
5299,2.3748373973815,2.2822374125735765,0.09259998480792353
5300,2.444316413233908,2.358562135414167,0.0857542778197411
5301,2.71336320311957,2.705178373613267,0.008184829506302727
5302,2.2913004457645183,2.181364405012343,0.10993604075217522
5303,2.37310577310843,2.280665991449408,0.09243978165902211
5304,2.443008832402205,2.369519076641957,0.07348975576024763
5305,2.3463713407611007,2.256587218987278,0.08978412177382245
5306,2.5052643583116017,2.460165672076368,0.04509868623523383
5307,2.5858763879679363,2.556932896277058,0.028943491690878176
5308,2.349237544074704,2.2559854475111063,0.09325209656359768
5309,2.48970817202254,2.419155026344243,0.07055314567829685
5310,2.236353255374955,2.121231538336256,0.11512171703869933
5311,2.253551655336852,2.1454440235299925,0.10810763180685967
5312,2.7262697612280746,2.7130772794545224,0.013192481773552256
5313,2.389945090768063,2.2990821761893048,0.09086291457875806
5314,2.377460312674408,2.3031246747487333,0.07433563792567455
5315,2.4887391712397857,2.423442803882656,0.06529636735712963
5316,2.3435607342543694,2.258623405732134,0.08493732852223523
5317,2.5452067906252887,2.4834377840142037,0.061769006611084976
5318,2.357315546718126,2.2659923146765615,0.09132323204156467
5319,2.5354392492808175,2.478559612641679,0.05687963663913864
5320,2.278719364989461,2.180345800072944,0.09837356491651716
5321,2.469770631562329,2.4039760474577077,0.06579458410462147
5322,2.466449965806654,2.387398545285699,0.07905142052095515
5323,2.2994692250419466,2.1992530754032127,0.10021614963873393
5324,2.379079933029425,2.2940242727943776,0.08505566023504763
5325,2.4166966063997757,2.326879338357494,0.08981726804228174
5326,2.3827400393399927,2.3040046713143756,0.07873536802561709
5327,2.5242234835719555,2.447880066657622,0.07634341691433333
5328,2.441534306704742,2.369936089098896,0.07159821760584606
5329,2.4543134033454783,2.374208797516661,0.08010460582881729
5330,2.658534137417277,2.63100638500032,0.027527752416957263
5331,2.641543170171929,2.619905336976692,0.021637833195236933
5332,2.4752182097576325,2.4133910265584833,0.06182718319914926
5333,2.2930084522456764,2.191059851777798,0.10194860046787824
5334,2.262966174438156,2.159634505158394,0.10333166927976212
5335,2.5416934844791026,2.5067334828574364,0.03496000162166624
5336,2.412319235932947,2.3271686895402617,0.08515054639268538
5337,2.4011463288371995,2.3113034507487265,0.08984287808847302
5338,2.3233064320600563,2.219020819995535,0.10428561206452125
5339,2.654854764907649,2.6290112192968245,0.02584354561082458
5340,2.412521877429028,2.3385448232223833,0.07397705420664469
5341,2.287573282546424,2.18090727636374,0.10666600618268429
5342,2.3767647003623305,2.292967666060735,0.08379703430159546
5343,2.3736508006729533,2.295504322046513,0.07814647862644053
5344,2.553274630717271,2.4927261680604045,0.06054846265686642
5345,2.453951856686445,2.378442368028695,0.07550948865775009
5346,2.3508973585828836,2.2653540968974664,0.08554326168541726
5347,2.454953268248283,2.385490187898515,0.069463080349768
5348,2.4608563146634608,2.3786329413856353,0.08222337327782547
5349,2.36300435466033,2.2694409294199858,0.09356342524034433
5350,2.2864244351634535,2.178884165076354,0.10754027008709954
5351,2.4291980098351345,2.3448952312419165,0.084302778593218
5352,2.6047234221260664,2.5727160828071725,0.03200733931889399
5353,2.372558657071703,2.2927988823601666,0.07975977471153639
5354,2.4024046341803125,2.3256296295389576,0.0767750046413549
5355,2.3793251294189903,2.3014789872424646,0.07784614217652575
5356,2.3933773286364723,2.3013797853221987,0.09199754331427368
5357,2.375794238529079,2.2921929857256904,0.0836012528033887
5358,2.280597416690743,2.1876907282882483,0.09290668840249472
5359,2.287708924041017,2.18723921276411,0.10046971127690707
5360,2.381405437690471,2.2871716242081837,0.09423381348228732
5361,2.605390277943271,2.572725907064217,0.03266437087905372
5362,2.433373781131951,2.3644848235871043,0.06888895754484681
5363,2.5107958614969066,2.440807653019794,0.0699882084771124
5364,2.535282483037546,2.4746669260376244,0.060615556999921605
5365,2.5711414456257016,2.5346767857692076,0.03646465985649394
5366,2.3248964737497637,2.2160521263003066,0.10884434744945715
5367,2.4367858980340085,2.3781718289360794,0.0586140690979291
5368,2.337977176208056,2.2486218730851832,0.08935530312287288
5369,2.46646722512356,2.3923135773952042,0.07415364772835575
5370,2.3139717642527766,2.219885151830374,0.09408661242240246
5371,2.237030337321043,2.1192781665250733,0.11775217079596967
5372,2.285751144267301,2.186349878162116,0.09940126610518529
5373,2.4145417412260213,2.3382077828123773,0.07633395841364399
5374,2.406614782887461,2.327139982003209,0.07947480088425207
5375,2.3856075281665357,2.302069234352851,0.08353829381368483
5376,2.301964344175241,2.1951865544157982,0.10677778975944285
5377,2.3905209546943054,2.3089222526167226,0.0815987020775828
5378,2.223809753229038,2.113524203461208,0.11028554976783012
5379,2.33042944230371,2.214378134948545,0.116051307355165
5380,2.4398763697756554,2.374521831119088,0.06535453865656748
5381,2.3838692151370746,2.298394098598598,0.08547511653847684
5382,2.472132571275188,2.4038095632491374,0.0683230080260504
5383,2.2504154319855925,2.148131788629403,0.10228364335618956
5384,2.3893443833609127,2.2919216434336054,0.09742273992730732
5385,2.330287909955188,2.2508849309575876,0.0794029789976003
5386,2.3808883792550373,2.288093448455614,0.09279493079942336
5387,2.3749224116793832,2.2843141668562046,0.09060824482317864
5388,2.5900393556609718,2.5571355080808265,0.03290384758014531
5389,2.4877476136376186,2.4011595628286253,0.08658805080899334
5390,2.410797295126119,2.3281616745719513,0.08263562055416784
5391,2.536223666998754,2.4853324278365956,0.05089123916215854
5392,2.4302313015072254,2.348867017462445,0.08136428404478036
5393,2.376729069552286,2.2939289403197054,0.0828001292325804
5394,2.580987531268063,2.5312336398982804,0.049753891369782366
5395,2.534843824859811,2.484373221899175,0.05047060296063588
5396,2.51296503837221,2.4651427826587025,0.04782225571350773
5397,2.415383905672209,2.337491764915757,0.07789214075645212
5398,2.3252441697282467,2.234947565412141,0.09029660431610553
5399,2.421591265292067,2.34116954880512,0.08042171648694696
5400,2.5055068992513765,2.446321183991371,0.05918571526000527
5401,2.58362304067071,2.5246261326517527,0.058996908018957406
5402,2.545107669557464,2.4787606169970506,0.06634705256041329
5403,2.4684978157879867,2.3954517698999327,0.07304604588805397
5404,2.464061486574351,2.3943596442024306,0.06970184237192045
5405,2.391223035378601,2.2838026154226188,0.10742041995598228
5406,2.333156567526959,2.230834704512707,0.10232186301425195
5407,2.3583634099034323,2.260788621275218,0.09757478862821412
5408,2.381595984802012,2.297912936489515,0.08368304831249684
5409,2.427494234563001,2.3446799346713827,0.08281429989161815
5410,2.441345637145042,2.3774479507470136,0.06389768639802851
5411,2.29694089101026,2.191214106297087,0.10572678471317287
5412,2.278819146775274,2.1661900395027227,0.11262910727255138
5413,2.2302421252733344,2.1122159020265827,0.11802622324675172
5414,2.3693895093503547,2.266695192976372,0.10269431637398263
5415,2.520504094824125,2.4418471709111076,0.07865692391301726
5416,2.3641519259133843,2.2777438579219744,0.08640806799140988
5417,2.5560370190060158,2.5017501377382034,0.05428688126781234
5418,2.3683961834932137,2.2703849513264096,0.09801123216680407
5419,2.4768909313530005,2.4083356164636145,0.06855531488938604
5420,2.4235711407905094,2.3409546302429853,0.08261651054752406
5421,2.4417559425292046,2.3638875631883347,0.07786837934086988
5422,2.515275803821715,2.453085354966319,0.06219044885539571
5423,2.366299212395853,2.276963026110129,0.08933618628572404
5424,2.6163636498218295,2.5785021119154172,0.037861537906412224
5425,2.2739767150642085,2.172154767777587,0.1018219472866213
5426,2.284370700730333,2.176434006240443,0.10793669448989007
5427,2.4044490647235226,2.329309161233435,0.0751399034900877
5428,2.448298222328984,2.378740632621259,0.06955758970772496
5429,2.363673128382861,2.2631764598365423,0.10049666854631889
5430,2.339198709004093,2.236117411920423,0.10308129708367009
5431,2.5946819058927253,2.5676879561694843,0.026993949723240984
5432,2.4066869029425932,2.339103622840047,0.06758328010254644
5433,2.3229373166755227,2.222257958295373,0.10067935838014952
5434,2.4334651302941546,2.363103999602564,0.07036113069159056
5435,2.3030390327064003,2.2083779952110443,0.09466103749535604
5436,2.3371032192636005,2.2447278478293042,0.0923753714342963
5437,2.3783669758465016,2.287961645956098,0.09040532989040351
5438,2.3544982086089647,2.252637674568604,0.10186053404036066
5439,2.3117009908377684,2.213793503837049,0.0979074870007195
5440,2.3153221044133967,2.2206259033493065,0.09469620106409016
5441,2.439707830662071,2.364277120838963,0.07543070982310818
5442,2.428465605423306,2.3515763689865614,0.07688923643674439
5443,2.436917377123745,2.3679303090944552,0.06898706802928967
5444,2.55206212818599,2.5146702295111765,0.03739189867481363
5445,2.339501973227016,2.2369705527001216,0.10253142052689457
5446,2.409618301645408,2.315105701255778,0.09451260038962994
5447,2.282661488227921,2.1706789661765398,0.11198252205138104
5448,2.3793905686726973,2.289166847661866,0.09022372101083143
5449,2.3321994936911605,2.2477831970057935,0.08441629668536699
5450,2.416298182789331,2.3552562346656343,0.06104194812369679
5451,2.3635604179390692,2.2747045040597063,0.08885591387936298
5452,2.3548877324047077,2.25770838743652,0.09717934496818792
5453,2.3630489944773148,2.2750828015447104,0.08796619293260433
5454,2.316496977861664,2.2184036081580265,0.09809336970363747
5455,2.3891735299684744,2.2988178450071057,0.0903556849613687
5456,2.2590730384472124,2.151008120514927,0.10806491793228545
5457,2.519171034003232,2.47244462830381,0.04672640569942166
5458,2.50122115867467,2.4504152375054113,0.05080592116925864
5459,2.462153310479557,2.407416577622864,0.05473673285669278
5460,2.361635732712375,2.2715025296008906,0.09013320311148432
5461,2.3045511439190434,2.1995348488862265,0.10501629503281684
5462,2.4070427398658842,2.3291587199476624,0.0778840199182218
5463,2.387037976596219,2.2908614764566084,0.09617650013961043
5464,2.2622860436194228,2.151114166694732,0.11117187692469077
5465,2.3685779291272695,2.2837290661382412,0.08484886298902827
5466,2.521849361318443,2.44457297592952,0.07727638538892334
5467,2.2998986911999717,2.215713816082872,0.08418487511709971
5468,2.5146095897894947,2.460978203665742,0.05363138612375273
5469,2.4499176649562004,2.379285278958357,0.07063238599784327
5470,2.3556626257223203,2.269119634669168,0.08654299105315211
5471,2.330665311240004,2.230059593435125,0.10060571780487937
5472,2.3613456235931687,2.29037921942199,0.07096640417117861
5473,2.4512930166921914,2.391736670577775,0.0595563461144164
5474,2.289485645165475,2.186542955380129,0.10294268978534582
5475,2.3884997316282077,2.2989740834440093,0.08952564818419839
5476,2.462635841768732,2.377325329767907,0.08531051200082507
5477,2.3161073917054567,2.2235268959944454,0.09258049571101123
5478,2.3574269224416673,2.258486382557848,0.09894053988381923
5479,2.481255751397272,2.4100584732684807,0.07119727812879129
5480,2.2181452420740064,2.106396259218526,0.11174898285548052
5481,2.6146367411077795,2.578259402210048,0.03637733889773154
5482,2.2721526514326773,2.1672776141176837,0.10487503731499359
5483,2.3227319637477324,2.225780530005934,0.09695143374179827
5484,2.5477257977940195,2.5030976025592975,0.04462819523472206
5485,2.4942651495244355,2.44171008025184,0.05255506927259557
5486,2.325690554322216,2.2249529543295834,0.10073759999263254
5487,2.376204610073707,2.287287637769092,0.08891697230461526
5488,2.3119959231820815,2.2158567470171766,0.09613917616490486
5489,2.376530720825369,2.284273413357129,0.09225730746823979
5490,2.411655033648215,2.3235073105357325,0.08814772311248253
5491,2.36192375741068,2.269532128998895,0.09239162841178494
5492,2.4101616973388267,2.3279568064662786,0.08220489087254812
5493,2.3216972530698787,2.2230512198330907,0.098646033236788
5494,2.6210987883708468,2.585249693221111,0.03584909514973589
5495,2.498075235618583,2.4385718326452386,0.05950340297334433
5496,2.4322031410819647,2.3586023334537227,0.07360080762824195
5497,2.3583542375052104,2.266479541224461,0.09187469628074929
5498,2.485441118154542,2.4237073980947965,0.06173372005974542
5499,2.4378221085985494,2.3558813771317935,0.08194073146675596
5500,2.38371718175831,2.296114729684362,0.08760245207394801
5501,2.352958739266129,2.2596006618168287,0.09335807744930014
5502,2.310646264224147,2.2252461553226057,0.08540010890154148
5503,2.2517086514551985,2.143679242903377,0.10802940855182142
5504,2.5388082592084538,2.4785004081409783,0.06030785106747549
5505,2.377273250503863,2.299008006547745,0.078265243956118
5506,2.262542352250145,2.1498784300759866,0.11266392217415833
5507,2.3008106849904006,2.204879046603866,0.09593163838653451
5508,2.3835303900203932,2.3039840025168603,0.07954638750353293
5509,2.3410515796643834,2.236182713013392,0.10486886665099115
5510,2.515699413609033,2.440279514730013,0.07541989887901979
5511,2.357966146466199,2.2633672671021396,0.09459887936405931
5512,2.3276337859210314,2.2395443602098224,0.08808942571120904
5513,2.271027384624717,2.1539842347912863,0.11704314983343078
5514,2.4894093462059828,2.4330737408536853,0.056335605352297424
5515,2.3554075697921615,2.269314957279799,0.08609261251236244
5516,2.594846481958458,2.5366950921945675,0.05815138976389056
5517,2.428018813646655,2.3525501315670283,0.07546868207962687
5518,2.363858083697583,2.2708318664380434,0.09302621725953975
5519,2.2765116138727857,2.1769272416124226,0.0995843722603631
5520,2.4050321117230324,2.3170866826600385,0.08794542906299396
5521,2.4848842809898892,2.4152244457505376,0.0696598352393516
5522,2.3917271768259534,2.316424460904353,0.07530271592160043
5523,2.351935108262368,2.2652008754407884,0.08673423282157966
5524,2.5717473698610087,2.5195425956916164,0.05220477416939229
5525,2.4673145684421276,2.3903637827005264,0.07695078574160119
5526,2.3977895753388156,2.308253161003192,0.08953641433562343
5527,2.3254933363423866,2.2222025961929637,0.10329074014942297
5528,2.3737327239279002,2.287031049474122,0.0867016744537783
5529,2.289781590841526,2.1848734870085833,0.10490810383294269
5530,2.5110128327357546,2.4490836009294674,0.06192923180628718
5531,2.4175381592116114,2.360192914834475,0.057345244377136506
5532,2.431360656166875,2.3608901859770803,0.07047047018979447
5533,2.3790403292597584,2.280318773850752,0.09872155540900618
5534,2.253717543004753,2.1408194481189593,0.11289809488579383
5535,2.283014671367791,2.1834100853028393,0.09960458606495148
5536,2.4601554930698093,2.3872218228721502,0.07293367019765906
5537,2.322177878861716,2.235929254498426,0.08624862436328984
5538,2.49014212551347,2.4350067727907976,0.05513535272267234
5539,2.3985666896868043,2.313599919529821,0.08496677015698317
5540,2.4112088768545745,2.3355592837613166,0.07564959309325792
5541,2.381196891797351,2.3034478846724644,0.07774900712488675
5542,2.208565205901536,2.0924641436958895,0.11610106220564642
5543,2.321358553942211,2.2358125445605004,0.08554600938171042
5544,2.6629120335205037,2.614823972921991,0.04808806059851278
5545,2.2797674485585837,2.171925204519398,0.10784224403918552
5546,2.3605950943674068,2.2774899504625234,0.08310514390488333
5547,2.4080434129624977,2.3340797075011466,0.07396370546135111
5548,2.354188970654995,2.2824200376241985,0.07176893303079668
5549,2.305085006396946,2.208051245422454,0.09703376097449201
5550,2.366530875330816,2.2833761110378554,0.08315476429296043
5551,2.4450360193737377,2.366473400534694,0.07856261883904381
5552,2.505669632620131,2.426962461024166,0.07870717159596508
5553,2.4759277755331794,2.4009351377657726,0.07499263776740683
5554,2.406265136262882,2.32875220934403,0.07751292691885237
5555,2.5899975104907207,2.5456637516497733,0.04433375884094737
5556,2.4181141304391605,2.3401704943117165,0.07794363612744393
5557,2.5685495261635087,2.517930501766395,0.050619024397113854
5558,2.42307280484756,2.3402813775919684,0.08279142725559163
5559,2.453665594756766,2.392535214902041,0.061130379854724914
5560,2.4607187940270236,2.3866819937891304,0.07403680023789327
5561,2.4624820367172604,2.383671810481082,0.0788102262361785
5562,2.278456069394083,2.176616961700602,0.10183910769348126
5563,2.439658999274695,2.3528947376188563,0.08676426165583884
5564,2.2973941761746866,2.2138320837472776,0.08356209242740897
5565,2.436829149024308,2.3736396509342472,0.06318949809006069
5566,2.682213589017825,2.65725983423749,0.024953754780335125
5567,2.367965091308458,2.280369638631372,0.0875954526770859
5568,2.7087683368357207,2.6732169932051724,0.03555134363054835
5569,2.364865243973427,2.2854402787606047,0.07942496521282205
5570,2.423172087472875,2.340273633647243,0.08289845382563188
5571,2.3915842752045338,2.3115780548330576,0.0800062203714762
5572,2.386669150447821,2.3063654985030744,0.08030365194474642
5573,2.306276670364382,2.217247247274026,0.08902942309035611
5574,2.408664831504327,2.329071220719434,0.07959361078489291
5575,2.4688114720469585,2.397274351843304,0.07153712020365433
5576,2.4003096261785304,2.317861068611284,0.08244855756724645
5577,2.2590688809798887,2.1447695165158094,0.11429936446407929
5578,2.48201617906338,2.4048522810677135,0.07716389799566636
5579,2.3552104434281547,2.263419959665513,0.09179048376264154
5580,2.3391505681281184,2.2416318433337103,0.09751872479440804
5581,2.4010302367678804,2.323233327748648,0.07779690901923253
5582,2.4678753322396765,2.4151155141250187,0.0527598181146578
5583,2.355287494862219,2.2678188099083476,0.08746868495387128
5584,2.5302179466284205,2.4571224096007596,0.07309553702766092
5585,2.4124889544008674,2.327415875324594,0.08507307907627348
5586,2.5826076821177195,2.5419795576014237,0.04062812451629583
5587,2.315163673811802,2.2182774680843753,0.09688620572742668
5588,2.640134581849616,2.630305757096433,0.009828824753182808
5589,2.5171367499207786,2.4510445491622375,0.06609220075854116
5590,2.3397043415554664,2.2569818503613783,0.08272249119408803
5591,2.3113048966249243,2.2063608217865127,0.10494407483841162
5592,2.455825579127324,2.392664233912747,0.06316134521457695
5593,2.3333253856306158,2.2259999062164275,0.10732547941418824
5594,2.5468988072662935,2.4791030277658628,0.0677957795004307
5595,2.5953234726280203,2.5738507355645694,0.021472737063450875
5596,2.3584443071357435,2.2720372524217494,0.08640705471399412
5597,2.4509030956816904,2.3679381168130584,0.08296497886863197
5598,2.3952681948977776,2.3116547453362863,0.0836134495614913
5599,2.422095102471637,2.3369194388719094,0.08517566359972761
5600,2.4206530581594077,2.351354078392612,0.06929897976679555
5601,2.339940039799708,2.252412708568538,0.08752733123116974
5602,2.3395950816095734,2.245322788918723,0.09427229269085036
5603,2.5656759125880546,2.53382688131137,0.03184903127668459
5604,2.2361949592766406,2.127671731768925,0.1085232275077157
5605,2.362645319473763,2.262311678350346,0.10033364112341703
5606,2.441707869831021,2.3597200951049464,0.08198777472607466
5607,2.491924229453975,2.4338180820190294,0.058106147434945576
5608,2.4048732346145543,2.318906599359979,0.08596663525457515
5609,2.4439338872250835,2.363262208235228,0.08067167898985561
5610,2.2886656068792663,2.1890850286096697,0.09958057826959665
5611,2.4421851138829576,2.3729727967999614,0.06921231708299613
5612,2.3795205254890752,2.294528758940447,0.08499176654862817
5613,2.383041541748734,2.284663486839801,0.09837805490893281
5614,2.503984430593712,2.4407041872681114,0.06328024332560034
5615,2.364422308605498,2.276854341705126,0.08756796690037172
5616,2.4162628254293144,2.3375165130105384,0.07874631241877594
5617,2.713366768831911,2.7117082748966217,0.0016584939352894956
5618,2.3789400458927203,2.3110420445715563,0.06789800132116408
5619,2.3651036804767376,2.283191938669993,0.08191174180674476
5620,2.4206062586519606,2.3270294193221717,0.09357683932978889
5621,2.423292870229795,2.3432239313454617,0.0800689388843332
5622,2.2957110389256408,2.199782084586709,0.09592895433893167
5623,2.3551360752577715,2.264819345610894,0.09031672964687765
5624,2.624734937907941,2.5605483134287663,0.06418662447917489
5625,2.4056589764998497,2.3201032880659396,0.08555568843391015
5626,2.477578676750339,2.4022153904956425,0.07536328625469668
5627,2.3723606380553903,2.284827106636481,0.0875335314189094
5628,2.353341113345076,2.257655347207686,0.09568576613739
5629,2.3544272628472194,2.248934601043888,0.10549266180333117
5630,2.4058731099815516,2.3243250695692135,0.0815480404123381
5631,2.3582089339208565,2.2648949623502306,0.09331397157062593
5632,2.489385302222085,2.4283301346407367,0.061055167581348435
5633,2.3380673820931577,2.24411170257752,0.09395567951563777
5634,2.344792681360273,2.259832416318877,0.08496026504139609
5635,2.3815771256260807,2.2918107227131164,0.08976640291296434
5636,2.299880020248496,2.19635884820668,0.1035211720418161
5637,2.411517077880722,2.3276450732703955,0.08387200461032629
5638,2.4514127989649643,2.382771553944671,0.06864124502029334
5639,2.4211700588436504,2.349984264526043,0.07118579431760752
5640,2.300368962099696,2.1996671835597272,0.10070177853996887
5641,2.45869353361473,2.4105389235062313,0.04815461010849864
5642,2.3132451825046263,2.2082933326613623,0.104951849843264
5643,2.682766824974796,2.633652372742582,0.04911445223221422
5644,2.6339524172260766,2.582067647924012,0.05188476930206454
5645,2.4767925261416446,2.4055160656821615,0.0712764604594831
5646,2.5932640368647655,2.530303306930388,0.06296072993437729
5647,2.33334760175857,2.2279817316472217,0.10536587011134824
5648,2.5541282956713784,2.5183979625682484,0.03573033310313001
5649,2.5349413235315805,2.456914469560978,0.0780268539706026
5650,2.2906183037659877,2.1783472546142018,0.11227104915178598
5651,2.355990997701684,2.2747671319466054,0.08122386575507878
5652,2.340640049418847,2.235691149016685,0.10494890040216198
5653,2.30076606743654,2.202014030044977,0.09875203739156335
5654,2.3439287091115775,2.247674367168428,0.09625434194314941
5655,2.444486597456398,2.35647980541041,0.08800679204598794
5656,2.517131954495582,2.4630449863271875,0.054086968168394645
5657,2.3564501242875155,2.271011708445001,0.08543841584251455
5658,2.4227444954487116,2.34983075426989,0.07291374117882166
5659,2.3912227944409694,2.322487356819294,0.06873543762167555
5660,2.442821187352338,2.3529953194316025,0.08982586792073555
5661,2.4438911613726573,2.3794639334795438,0.0644272278931135
5662,2.361883143090582,2.26363560720485,0.09824753588573198
5663,2.517257654967012,2.460221542950581,0.057036112016430884
5664,2.582686521495608,2.5164597371892867,0.06622678430632112
5665,2.3734242148371036,2.2881491021106384,0.08527511272646526
5666,2.5316388418300075,2.454612827518421,0.07702601431158662
5667,2.3939342906935,2.308754374391933,0.08517991630156718
5668,2.343780434234898,2.2513414077799228,0.09243902645497526
5669,2.465783466362757,2.384880244538073,0.08090322182468412
5670,2.586081067388507,2.5394904283762783,0.046590639012228596
5671,2.454206008278299,2.3817479917352453,0.07245801654305373
5672,2.39578492743182,2.321582834298816,0.07420209313300408
5673,2.2841674899529654,2.1868228073883498,0.09734468256461559
5674,2.315712893476041,2.20699561780631,0.108717275669731
5675,2.472251242145129,2.4024521504784455,0.0697990916666833
5676,2.463251229266131,2.3881723484310773,0.07507888083505376
5677,2.446632555408203,2.3588986299760215,0.08773392543218161
5678,2.2815745220518027,2.172195887697998,0.10937863435380457
5679,2.4254996452889777,2.3381886220531016,0.08731102323587603
5680,2.2511500921714847,2.1384011420102182,0.1127489501612664
5681,2.7797619965115588,2.782217114715534,-0.0024551182039753705
5682,2.2689174697624006,2.1616099372255726,0.10730753253682801
5683,2.5054689718664145,2.426197486225859,0.07927148564055564
5684,2.4689612690009985,2.4042714398853184,0.06468982911568011
5685,2.308352132127159,2.2014580598691467,0.1068940722580125
5686,2.5656293567672313,2.5253443001938973,0.04028505657333392
5687,2.4414923912457116,2.3854028084637133,0.05608958278199827
5688,2.43085771354775,2.3525697770345615,0.07828793651318833
5689,2.367391258403128,2.2977443639428548,0.06964689446027306
5690,2.4074991106145456,2.316721615197904,0.0907774954166416
5691,2.4902160510616773,2.4188946518654593,0.07132139919621805
5692,2.4540670417978347,2.384124344610692,0.06994269718714285
5693,2.5324902602171995,2.462496977245352,0.06999328297184748
5694,2.334089483561974,2.2381484536785194,0.09594102988345465
5695,2.402283166622393,2.326810025206929,0.0754731414154639
5696,2.3097107901839102,2.2130445288665426,0.09666626131736766
5697,2.3485071674036555,2.2660453043189195,0.08246186308473602
5698,2.4495921066365574,2.37578634292429,0.07380576371226732
5699,2.3953752330701086,2.3027333133130816,0.09264191975702696
5700,2.312862277552027,2.221581513591085,0.09128076396094231
5701,2.2620884802634724,2.1537536041778447,0.10833487608562775
5702,2.3974412480927176,2.328703847742429,0.06873740035028852
5703,2.3403421857964606,2.2485757653956533,0.09176642040080729
5704,2.547524097321777,2.489865973662622,0.0576581236591549
5705,2.432987595447798,2.3448989996483536,0.08808859579944439
5706,2.4517162492204676,2.378782768053268,0.07293348116719978
5707,2.4278756947334164,2.339530606028858,0.08834508870455826
5708,2.4955817125789794,2.4425318090937616,0.053049903485217875
5709,2.3645560488623354,2.2553520379427128,0.10920401091962262
5710,2.4169887061887367,2.3269598544001235,0.0900288517886132
5711,2.674123493392303,2.658995759234332,0.015127734157970973
5712,2.4177685754056544,2.335870141994235,0.08189843341141945
5713,2.5492406187197347,2.4914043297912345,0.057836288928500235
5714,2.6800309263343425,2.6631609846001503,0.016869941734192206
5715,2.418152020886276,2.33947211710863,0.07867990377764578
5716,2.4100002683113475,2.3206260940286594,0.08937417428268812
5717,2.334950813494775,2.243065275593013,0.09188553790176224
5718,2.6130233339641302,2.580989008416981,0.032034325547149134
5719,2.3765608285382953,2.281877209696039,0.0946836188422564
5720,2.43456744092697,2.3400456993991905,0.09452174152777948
5721,2.408358178744592,2.319264837545969,0.08909334119862278
5722,2.3653932026110067,2.275016635914573,0.09037656669643379
5723,2.598734326953002,2.542890302902217,0.055844024050784924
5724,2.3967963153900125,2.314262259469112,0.08253405592090068
5725,2.487247736409118,2.440496953516232,0.04675078289288592
5726,2.321396925423601,2.222939527172728,0.09845739825087296
5727,2.4915079205048736,2.434532366797406,0.05697555370746743
5728,2.4561399644725803,2.3982706795641033,0.05786928490847698
5729,2.4761597501464645,2.421938777261686,0.05422097288477845
5730,2.3083080917087675,2.2033001725154713,0.10500791919329622
5731,2.257164696141732,2.143891568870485,0.11327312727124728
5732,2.4434164732127845,2.3542789696013995,0.08913750361138506
5733,2.5279313740211453,2.4708587812705125,0.05707259275063281
5734,2.3754571907584294,2.306004087641191,0.06945310311723851
5735,2.608791146863911,2.562585951739606,0.046205195124304765
5736,2.3512495614148903,2.2680196831644808,0.0832298782504095
5737,2.341220982593968,2.2542636933671463,0.08695728922682155
5738,2.2630746078491133,2.158024727945404,0.10504987990370918
5739,2.3959346284860406,2.30515295074339,0.09078167774265067
5740,2.416727696589176,2.337957339948061,0.07877035664111487
5741,2.400470941048544,2.318779214618449,0.08169172643009492
5742,2.444202039078474,2.3729686340864724,0.07123340499200159
5743,2.3786489722488056,2.2886912435502933,0.08995772869851226
5744,2.3648200367271803,2.2823592451621115,0.0824607915650688
5745,2.4370183890854715,2.345068026759065,0.09195036232640641
5746,2.44537280158929,2.386773072968529,0.05859972862076113
5747,2.321524092546377,2.216303278371423,0.10522081417495377
5748,2.2557320808503207,2.1482091589104884,0.10752292193983237
5749,2.4748634296047975,2.3987560916369035,0.07610733796789404
5750,2.4413943942147083,2.362769491450348,0.07862490276436018
5751,2.2932830310030243,2.185069943043739,0.1082130879592853
5752,2.3903292202245354,2.30883912282223,0.0814900974023054
5753,2.5864172121900455,2.5346992609878556,0.051717951202189916
5754,2.2610251252848617,2.1528035388558897,0.10822158642897195
5755,2.446559611553606,2.3728264717473047,0.07373313980630147
5756,2.363654565863881,2.2670316753431083,0.09662289052077266
5757,2.4596721103224217,2.3987604534050573,0.06091165691736444
5758,2.4372918148426796,2.367290122170171,0.07000169267250866
5759,2.3712755681009505,2.288222092230254,0.08305347587069667
5760,2.519373317758946,2.455201496733475,0.06417182102547114
5761,2.3738386907029576,2.280403352786039,0.09343533791691883
5762,2.4503786426428853,2.3700840444778835,0.08029459816500184
5763,2.329220153058711,2.233825497449825,0.09539465560888605
5764,2.3843759961411144,2.3122500712769822,0.07212592486413216
5765,2.3417743834319253,2.2453107225895437,0.09646366084238167
5766,2.3151485610216898,2.2166753373182435,0.09847322370344624
5767,2.412988968858111,2.3237329720130484,0.08925599684506258
5768,2.368568078546856,2.271488550891291,0.09707952765556493
5769,2.497492135310468,2.4347198378320276,0.06277229747844038
5770,2.290715851083415,2.180482599830126,0.11023325125328887
5771,2.3235500726181364,2.2248317769590646,0.09871829565907175
5772,2.365225448030682,2.2679126150017273,0.09731283302895477
5773,2.29995873065461,2.18658928415341,0.11336944650120007
5774,2.3223724722649792,2.219859258359037,0.10251321390594237
5775,2.278413512432412,2.1731309939281105,0.10528251850430159
5776,2.418655150869516,2.346951075978533,0.07170407489098318
5777,2.3183336117669078,2.2097095290246025,0.10862408274230528
5778,2.286659486395274,2.1906576271913725,0.09600185920390159
5779,2.306721758472043,2.1990662482499075,0.10765551022213549
5780,2.4671120953222614,2.386341698101267,0.08077039722099455
5781,2.278934885333597,2.180725347904364,0.09820953742923333
5782,2.598040427516485,2.573968263063307,0.024072164453178058
5783,2.2293630524551435,2.113624941918362,0.1157381105367814
5784,2.3472414155141377,2.2662683393671794,0.08097307614695826
5785,2.36687638880757,2.290073802148406,0.07680258665916417
5786,2.4503560956783685,2.3849449118315635,0.065411183846805
5787,2.496910725216308,2.436896061263929,0.06001466395237909
5788,2.4525546945910865,2.3714220209582635,0.08113267363282306
5789,2.357597118422362,2.284714291106321,0.0728828273160409
5790,2.4302922959598163,2.354436234520884,0.07585606143893253
5791,2.2007693843378533,2.0819699930397815,0.11879939129807182
5792,2.4735932036031656,2.3990532014858066,0.074540002117359
5793,2.478493248905585,2.4173747688794887,0.06111848002609621
5794,2.4091799630962005,2.3364205279241723,0.07275943517202821
5795,2.603420010168078,2.56764427776,0.035775732408077854
5796,2.4671005180803713,2.399887301340819,0.06721321673955227
5797,2.323984229805019,2.224613927222183,0.09937030258283563
5798,2.5509221742982704,2.4896956081600807,0.061226566138189664
5799,2.5226596067429283,2.475508684366782,0.047150922376146376
5800,2.3055801662847304,2.199279834236626,0.10630033204810418
5801,2.298776393782834,2.204715032100842,0.09406136168199186
5802,2.2677070951072738,2.1665614796649137,0.10114561544236
5803,2.431464876141908,2.3383237803138446,0.0931410958280634
5804,2.2814593756997774,2.167598224215547,0.11386115148423048
5805,2.443857276520852,2.3833124214829757,0.06054485503787621
5806,2.4096667540614223,2.322324902464178,0.08734185159724417
5807,2.3409604442545113,2.240771302276112,0.10018914197839912
5808,2.4280608456558035,2.344985491835956,0.08307535381984765
5809,2.8690250850576158,2.8900267069022902,-0.021001621844674467
5810,2.4521692207146764,2.3890498968514517,0.06311932386322461
5811,2.450082950078388,2.362435796421415,0.08764715365697295
5812,2.296716810195575,2.184753596561718,0.11196321363385708
5813,2.3206512528727985,2.230260044177204,0.09039120869559447
5814,2.597043647081847,2.5794171285955567,0.017626518486290266
5815,2.2800802118183863,2.18701352528704,0.09306668653134631
5816,2.4044856354154387,2.320314556540609,0.08417107887482977
5817,2.373754538487953,2.293320572752575,0.08043396573537764
5818,2.3585263490649395,2.257961081513905,0.10056526755103468
5819,2.516376209023248,2.479349379192121,0.03702682983112737
5820,2.2860537891827817,2.1742484689243815,0.11180532025840018
5821,2.495430804179204,2.421759567231668,0.07367123694753586
5822,2.3189043503459335,2.211653036130601,0.10725131421533263
5823,2.5559933224227054,2.5194867201535533,0.03650660226915203
5824,2.3154435331978087,2.2164075260778784,0.09903600711993032
5825,2.3929552056532017,2.3253057152992276,0.06764949035397416
5826,2.424110943011838,2.3294723252553275,0.09463861775651061
5827,2.4181144927717813,2.332552240872814,0.08556225189896738
5828,2.4596888426651975,2.3919902577384997,0.06769858492669778
5829,2.386015387045762,2.287404306580176,0.0986110804655862
5830,2.3791336039473365,2.287939341936323,0.09119426201101355
5831,2.3530605917609337,2.273426757979297,0.07963383378163691
5832,2.3924183969063058,2.3010510664914414,0.09136733041486433
5833,2.552738438188528,2.4866154769179873,0.06612296127054051
5834,2.4512419249439854,2.378171845265228,0.07307007967875734
5835,2.710329122419427,2.699533612305241,0.010795510114185891
5836,2.416289814168358,2.3359621438470968,0.0803276703212612
5837,2.3825040461598426,2.283880038820658,0.09862400733918442
5838,2.4689835101884907,2.3999684829314814,0.06901502725700936
5839,2.3607062857748056,2.260953475023634,0.0997528107511716
5840,2.249832222065631,2.1371216845849177,0.11271053748071314
5841,2.51562466870256,2.465459291924578,0.05016537677798194
5842,2.3562361975890074,2.268454144017503,0.08778205357150437
5843,2.3437730377928263,2.2518233162818557,0.09194972151097058
5844,2.4003117599966837,2.3049084711390453,0.09540328885763838
5845,2.3954725671911037,2.3122697222064312,0.08320284498467245
5846,2.322916481983722,2.2174581375477285,0.10545834443599356
5847,2.4684626125294353,2.4159836865938944,0.05247892593554093
5848,2.2799449769789444,2.173433252827426,0.10651172415151855
5849,2.40180752855041,2.3005234832210903,0.10128404532931956
5850,2.6112320415413786,2.5819838064701512,0.029248235071227313
5851,2.569753058679547,2.5305594060260512,0.039193652653495725
5852,2.305109117494164,2.206756001768109,0.09835311572605487
5853,2.42277940460806,2.340561457577828,0.082217947030232
5854,2.5067580958764593,2.469666950598532,0.03709114527792723
5855,2.477926924480613,2.415527590000272,0.06239933448034085
5856,2.4906394096909406,2.4243556836694173,0.06628372602152321
5857,2.7202957195294304,2.7102437866094102,0.010051932920020157
5858,2.375182896716372,2.276217052668614,0.0989658440477581
5859,2.4743084655775363,2.4095588168783695,0.06474964869916677
5860,2.530058588805674,2.4706689842888414,0.059389604516832506
5861,2.4040204936678524,2.321585175289542,0.08243531837831064
5862,2.427181362297689,2.3470943342518353,0.08008702804585388
5863,2.294882672978722,2.200440082923091,0.09444259005563094
5864,2.3948075285100163,2.29792193251508,0.0968855959949364
5865,2.4563444629313653,2.3820299744996247,0.0743144884317406
5866,2.2952113392218365,2.1948053232207734,0.10040601600106314
5867,2.3906828228487296,2.2952839718103406,0.09539885103838897
5868,2.4149468270447243,2.3440573871302814,0.07088943991444285
5869,2.34419081379934,2.2650722916344788,0.07911852216486137
5870,2.387221225878162,2.2984022933680057,0.08881893251015649
5871,2.667743404248747,2.6445076620885617,0.023235742160185424
5872,2.4044786982262227,2.3114729061837327,0.09300579204249004
5873,2.3712409988593866,2.2809893847265146,0.09025161413287197
5874,2.4562896001024113,2.398342761375021,0.05794683872739048
5875,2.3042134750424172,2.19874243984626,0.10547103519615719
5876,2.3209172367776394,2.2383748522354256,0.08254238454221374
5877,2.4647485357779613,2.4093162116131186,0.05543232416484267
5878,2.5077505630457146,2.45863816196356,0.049112401082154644
5879,2.352560780673956,2.26029931357474,0.09226146709921634
5880,2.4205941347632374,2.3462161805317243,0.07437795423151305
5881,2.3375633093090458,2.2485491069735684,0.08901420233547741
5882,2.611121922608244,2.5739507413180047,0.03717118129023911
5883,2.4973780900223317,2.440520159026753,0.05685793099557879
5884,2.472793795376228,2.402262680196599,0.07053111517962884
5885,2.335178394146121,2.229919646868094,0.10525874727802709
5886,2.436415921310009,2.3665148708831443,0.06990105042686467
5887,2.4711750248613726,2.396397799414229,0.07477722544714371
5888,2.4943627139496813,2.4241496554832906,0.0702130584663907
5889,2.540852667615911,2.4889644450920536,0.0518882225238575
5890,2.3558195119346284,2.2475895257069864,0.1082299862276419
5891,2.2946718807575532,2.1961485087071893,0.09852337205036399
5892,2.338136109707231,2.2398645235767396,0.09827158613049125
5893,2.242782719067935,2.1305663185811055,0.11221640048682957
5894,2.4687441755654858,2.388591365786624,0.08015280977886174
5895,2.3257985110349084,2.2291311371571325,0.09666737387777591
5896,2.567124132617557,2.5009430970768083,0.06618103554074883
5897,2.455313331738052,2.4003195958711316,0.05499373586692036
5898,2.31100667076245,2.211250119198098,0.0997565515643517
5899,2.2971625591958387,2.1952170587160293,0.10194550047980933
5900,2.333173421765188,2.243533030108032,0.0896403916571562
5901,2.2918875467378075,2.1927004234355034,0.09918712330230406
5902,2.3452824772840297,2.2502691902883303,0.09501328699569944
5903,2.295487967560581,2.199624029469491,0.09586393809109017
5904,2.28679888639721,2.186916026316805,0.09988286008040514
5905,2.303496337131638,2.206268085683103,0.0972282514485352
5906,2.3112825198427402,2.2199806814954433,0.09130183834729699
5907,2.4038627043173766,2.3171774396034404,0.08668526471393623
5908,2.4184407620350847,2.3402784861445576,0.07816227589052716
5909,2.4088465884037995,2.328960351801184,0.0798862366026154
5910,2.537315888145204,2.474293364590675,0.0630225235545292
5911,2.4935190785737555,2.4225726244309356,0.07094645414281997
5912,2.399724420663389,2.315388410370109,0.08433601029327997
5913,2.32190784675007,2.2234441817338655,0.09846366501620452
5914,2.4217314973975284,2.326230453206176,0.09550104419135241
5915,2.40218214373643,2.313722814416735,0.08845932931969491
5916,2.3812414237309536,2.2952016603299548,0.08603976340099884
5917,2.3164635489607277,2.2101159151730627,0.10634763378766499
5918,2.3448886299326896,2.2492135428214697,0.09567508711121997
5919,2.3343463211523052,2.2361611110251127,0.0981852101271925
5920,2.399218214807597,2.30991386005576,0.08930435475183707
5921,2.3490760401023114,2.2638526205298586,0.08522341957245283
5922,2.3818029012039186,2.2904583433616623,0.09134455784225626
5923,2.4177898703092757,2.3489515922550583,0.06883827805421738
5924,2.472534190923659,2.3900316228836824,0.08250256803997669
5925,2.5454249168806924,2.5083441586224997,0.03708075825819268
5926,2.4504156244528708,2.3743210243295514,0.07609460012331937
5927,2.4657252486058487,2.396661096787211,0.06906415181863768
5928,2.2851854608832793,2.1784353233207567,0.1067501375625226
5929,2.2883704513799334,2.169903335007747,0.11846711637218643
5930,2.4347082311018573,2.36326666493454,0.07144156616731712
5931,2.407968131778362,2.3236038713903766,0.08436426038798528
5932,2.3685841136120285,2.2900881178493426,0.07849599576268584
5933,2.429328422799021,2.3433137506070074,0.08601467219201364
5934,2.416270044141338,2.3404340776296664,0.07583596651167168
5935,2.735261529144257,2.728551925280732,0.006709603863524816
5936,2.390974359500955,2.2976065578058074,0.0933678016951478
5937,2.7322247143781886,2.7328676207678684,-0.0006429063896797871
5938,2.372041890900717,2.278750584509851,0.09329130639086625
5939,2.568778289160726,2.5299385592832304,0.03883972987749562
5940,2.2668367843152035,2.1624033373509763,0.10443344696422718
5941,2.5167072195984823,2.460305731389001,0.05640148820948143
5942,2.3701132150475703,2.2860037949716383,0.08410942007593203
5943,2.344132836299524,2.2405426656542664,0.10359017064525755
5944,2.56015659794337,2.5404986475071203,0.019657950436249738
5945,2.497659339356845,2.4257859834671804,0.07187335588966448
5946,2.4975811132261514,2.4400790930738068,0.057502020152344624
5947,2.3726757254821895,2.2755300436459023,0.09714568183628725
5948,2.326080117974843,2.2353099503700697,0.09077016760477319
5949,2.4612625586415797,2.3891822472785362,0.07208031136304349
5950,2.3419034697600627,2.2377397397375454,0.10416373002251733
5951,2.3371723810340685,2.246982308808556,0.09019007222551245
5952,2.320379066951993,2.2278020742512026,0.09257699270079023
5953,2.4775426644026575,2.424525644068231,0.05301702033442668
5954,2.4124924652052973,2.3275738294385286,0.08491863576676861
5955,2.4101205015206966,2.325149260366947,0.08497124115374977
5956,2.351601172635456,2.2598558083949447,0.0917453642405115
5957,2.4703238007617148,2.4141745125550713,0.056149288206643444
5958,2.6579831702829426,2.641664219107438,0.016318951175504637
5959,2.4586708538835027,2.379533747460719,0.07913710642278371
5960,2.301633997147411,2.1930424484829256,0.1085915486644855
5961,2.2325009007325174,2.1238641593557652,0.10863674137675217
5962,2.421142368033039,2.350474982008652,0.07066738602438694
5963,2.310375689824784,2.2027725431205547,0.10760314670422932
5964,2.271857225359457,2.163015802979434,0.10884142238002292
5965,2.3330226659757356,2.2306507447218626,0.10237192125387296
5966,2.3108441379843057,2.2146847661755875,0.09615937180871814
5967,2.3733371440757858,2.2912476540730395,0.08208949000274623
5968,2.356949280914277,2.2758158366189547,0.08113344429532221
5969,2.344560274035647,2.2477015126357895,0.0968587613998575
5970,2.379670626188117,2.2953729446977564,0.08429768149036043
5971,2.5801990819166427,2.54584675601915,0.03435232589749271
5972,2.360739523159293,2.2694004234391465,0.09133909972014642
5973,2.4518361895087555,2.372833329386502,0.07900286012225344
5974,2.3943229732505227,2.3178187910871513,0.0765041821633714
5975,2.4696432327651734,2.408821798033015,0.06082143473215851
5976,2.286288083592781,2.1847945619638702,0.10149352162891079
5977,2.3356771873944657,2.2397622856385424,0.09591490175592332
5978,2.3680941748122506,2.2710624112850675,0.09703176352718312
5979,2.3713514374841793,2.2818588482621593,0.08949258922201997
5980,2.606550393037466,2.5420152453412856,0.0645351476961804
5981,2.2748502457313933,2.1613408539142998,0.11350939181709352
5982,2.2713251213607153,2.162880341972055,0.10844477938866026
5983,2.415889591591846,2.3404251066609114,0.07546448493093472
5984,2.3579798046951135,2.2624463886339212,0.09553341606119226
5985,2.4580541382541807,2.3791217080814366,0.0789324301727441
5986,2.4223774262063924,2.3651522607025135,0.057225165503878905
5987,2.3019574124040654,2.2030033779897216,0.0989540344143438
5988,2.474053129577361,2.403621417315332,0.07043171226202904
5989,2.5392386129670887,2.468290495970562,0.0709481169965267
5990,2.3461804328406113,2.2534116048198416,0.09276882802076969
5991,2.4621725709713504,2.3848862943880365,0.077286276583314
5992,2.424164268596486,2.3370270602595316,0.0871372083369546
5993,2.357659514875065,2.259701464927369,0.09795804994769641
5994,2.4304380029445527,2.3567689689582294,0.0736690339863233
5995,2.306799902925204,2.2046549193879974,0.1021449835372068
5996,2.294072026466347,2.1838270825364186,0.11024494392992823
5997,2.3996857129290547,2.312256973935187,0.08742873899386794
5998,2.436451359010426,2.35549676446086,0.08095459454956622
5999,2.350406691810993,2.2543311445341674,0.09607554727682555
6000,2.326253124761041,2.232222484485138,0.09403064027590302
6001,2.387881605130158,2.2935266273132404,0.0943549778169177
6002,2.3161240993309677,2.2178697467328377,0.09825435259813009
6003,2.543587650172412,2.4939861427677776,0.049601507404634315
6004,2.4904539642919143,2.4117788057675122,0.0786751585244021
6005,2.4648809603578363,2.3871260009487267,0.07775495940910959
6006,2.572495818358955,2.528023558272254,0.04447226008670091
6007,2.4308442201066827,2.361060814825855,0.06978340528082771
6008,2.460935498328607,2.4085917367409944,0.05234376158761256
6009,2.4753311313239292,2.391052101556855,0.08427902976707413
6010,2.3124041060055993,2.214813076712827,0.09759102929277219
6011,2.504716680781964,2.44514595869341,0.05957072208855374
6012,2.3832601420479365,2.292879749780709,0.09038039226722727
6013,2.329249101694051,2.2485581286490075,0.08069097304504336
6014,2.5682172189975527,2.528513858253103,0.03970336074444969
6015,2.365825728260965,2.270957093797104,0.09486863446386096
6016,2.4104594669283674,2.336503371892774,0.07395609503559353
6017,2.355653540903757,2.2577015051838822,0.09795203571987487
6018,2.5680759374228823,2.5339983029366073,0.03407763448627499
6019,2.3937940393392974,2.3073656724740013,0.08642836686529609
6020,2.282286477079725,2.1854032715535254,0.09688320552619967
6021,2.5514804160264966,2.5019637774419197,0.04951663858457689
6022,2.419432743348096,2.3425773940220838,0.07685534932601223
6023,2.3699184346038384,2.2820681338414275,0.08785030076241096
6024,2.47930061776639,2.415309311454967,0.06399130631142302
6025,2.3073702154224036,2.208424295756365,0.0989459196660385
6026,2.4535329588887453,2.3685568352451893,0.084976123643556
6027,2.373319768508764,2.2834427375957027,0.08987703091306143
6028,2.3170786501624825,2.2186780967239197,0.0984005534385628
6029,2.589201349521364,2.5538254681024557,0.03537588141890824
6030,2.2824486613517663,2.1778466408928567,0.10460202045890954
6031,2.4779649043834033,2.432573225391385,0.045391678992018125
6032,2.310243238233543,2.2062098871938423,0.10403335103970068
6033,2.345343933677341,2.2390334011284656,0.10631053254887535
6034,2.28120171844439,2.179432759334555,0.10176895910983497
6035,2.4321481411817407,2.347707908466083,0.0844402327156577
6036,2.3239289438025494,2.23308264526991,0.09084629853263948
6037,2.418667635558821,2.334966792269909,0.08370084328891192
6038,2.359302327476461,2.281616241504114,0.07768608597234694
6039,2.2827116970853965,2.181828158539631,0.10088353854576537
6040,2.466867949840187,2.3810463372406905,0.08582161259949661
6041,2.4566849755370415,2.373787684894899,0.08289729064214235
6042,2.5066839326356702,2.442458632505423,0.0642253001302473
6043,2.411537398708453,2.321546524100901,0.08999087460755195
6044,2.4794413513359417,2.4011619370615165,0.0782794142744252
6045,2.3375715395486156,2.2401593112150002,0.0974122283336154
6046,2.5037614269507507,2.4498843123381118,0.05387711461263889
6047,2.3591572682546254,2.258949787412166,0.10020748084245934
6048,2.5096518899652263,2.439776840037002,0.06987504992822435
6049,2.370003831809107,2.2719377406832533,0.09806609112585374
6050,2.3855216605741836,2.282389122673355,0.10313253790082877
6051,2.511776157445222,2.4653789243607473,0.04639723308447463
6052,2.6811786967611773,2.62673012714928,0.05444856961189748
6053,2.443252485339691,2.3610084103101268,0.0822440750295641
6054,2.3050107409177363,2.1984249297751517,0.10658581114258459
6055,2.4688271581084296,2.3965305925003357,0.07229656560809383
6056,2.2921978662799054,2.193415539846141,0.09878232643376439
6057,2.339409504824793,2.236271255576167,0.10313824924862613
6058,2.3506066600564965,2.256265874907688,0.0943407851488085
6059,2.369352873433766,2.2817999256669226,0.0875529477668433
6060,2.459119270793373,2.3796667915274288,0.07945247926594412
6061,2.312804028454671,2.2100957486959736,0.10270827975869734
6062,2.2996823439555216,2.202819335624878,0.09686300833064365
6063,2.392609643640759,2.3189977781925593,0.07361186544819986
6064,2.4280192889599377,2.3535290933481736,0.07449019561176407
6065,2.431450646786833,2.351056341995459,0.080394304791374
6066,2.369108372347325,2.2783349546415197,0.09077341770580549
6067,2.6752660964533796,2.6673465631266793,0.007919533326700368
6068,2.3480718042784217,2.255751304172671,0.09232050010575055
6069,2.4486734863327553,2.377934654683466,0.0707388316492894
6070,2.4303302443062957,2.366918596667937,0.06341164763835883
6071,2.481279309893643,2.405555562436035,0.07572374745760779
6072,2.4023561948129943,2.322270836512712,0.0800853583002823
6073,2.5192647518233575,2.473239866344329,0.04602488547902839
6074,2.4514189101330914,2.3849033406290827,0.06651556950400872
6075,2.44127227644686,2.3665702638440225,0.07470201260283771
6076,2.354660840923853,2.2511186762322093,0.1035421646916439
6077,2.4689429565422047,2.4056589181665635,0.06328403837564123
6078,2.408905954094553,2.3294135396609454,0.07949241443360755
6079,2.376517742482556,2.2793629202664096,0.09715482221614646
6080,2.2963798792316767,2.193707908512711,0.10267197071896561
6081,2.3965349879421645,2.312948134715976,0.0835868532261883
6082,2.2530934380969243,2.1486641652157776,0.10442927288114667
6083,2.3405943862821577,2.2495293302855757,0.09106505599658199
6084,2.381020432960111,2.307269917085461,0.07375051587464965
6085,2.283332178313966,2.1756462226221815,0.10768595569178441
6086,2.3157851311797275,2.2164561309887327,0.09932900019099478
6087,2.467224609069471,2.388279553903687,0.07894505516578398
6088,2.4545789355177643,2.3905079386742565,0.06407099684350781
6089,2.217280970458097,2.1015376741319627,0.11574329632613445
6090,2.3845822909669914,2.2964967956995372,0.08808549526745413
6091,2.4626086950553168,2.401899279221148,0.060709415834168556
6092,2.3148713729778465,2.2104354903435053,0.10443588263434123
6093,2.4166740688276582,2.342796766375571,0.07387730245208735
6094,2.469524587832196,2.395587531487457,0.07393705634473902
6095,2.3542179608921265,2.2628827963309397,0.09133516456118684
6096,2.490783968580604,2.4238942926397757,0.0668896759408284
6097,2.535056583548971,2.484266540674075,0.05079004287489575
6098,2.4355466181714913,2.3550721123919525,0.08047450577953885
6099,2.458043246634847,2.378388002837711,0.07965524379713607
6100,2.315069599285123,2.209067596631687,0.10600200265343629
6101,2.4187710918296044,2.328356507165146,0.09041458466445818
6102,2.378545628270712,2.2923407901611332,0.08620483810957857
6103,2.313224879502862,2.207294561479727,0.10593031802313524
6104,2.4324445054630726,2.348889199427655,0.0835553060354175
6105,2.4421999121250018,2.37163093840773,0.07056897371727189
6106,2.2959780269383705,2.193434064658518,0.10254396227985252
6107,2.4234114805644524,2.3476163077192345,0.07579517284521797
6108,2.516226028580846,2.4573158307691796,0.05891019781166662
6109,2.508960441593948,2.4424487993517747,0.06651164224217343
6110,2.3863515867983183,2.2972919308856214,0.08905965591269682
6111,2.4450527458335207,2.366502168790637,0.0785505770428836
6112,2.448046851423697,2.3835363148832287,0.06451053654046834
6113,2.344875804124039,2.248388717500931,0.09648708662310801
6114,2.2995578728339243,2.2085439880311504,0.09101388480277395
6115,2.4197198188396434,2.3320155279543497,0.08770429088529363
6116,2.376130410728236,2.282689438231441,0.09344097249679528
6117,2.5173181876470214,2.461013685474181,0.056304502172840554
6118,2.4505623233518876,2.380562687167473,0.06999963618441463
6119,2.369856455399601,2.2914575461933877,0.0783989092062134
6120,2.445023494311372,2.3733677065889065,0.07165578772246528
6121,2.3243473841517823,2.2225803834603637,0.10176700069141864
6122,2.3872493920951796,2.301477826401618,0.08577156569356159
6123,2.495399731395053,2.424661085916125,0.07073864547892805
6124,2.290317039835049,2.1910081241598265,0.09930891567522249
6125,2.4746443210727773,2.387257884493378,0.08738643657939926
6126,2.456503539986494,2.3874148652295513,0.06908867475694258
6127,2.4551270222068595,2.3705434331507447,0.08458358905611485
6128,2.4446341502799327,2.360909874798318,0.08372427548161454
6129,2.4058396547220804,2.329160828931437,0.07667882579064322
6130,2.3894741963321278,2.3117110110868517,0.07776318524527603
6131,2.3893024269414345,2.3034907186032285,0.08581170833820595
6132,2.4169646992732328,2.3292963331081267,0.08766836616510609
6133,2.33758072484911,2.2347966564389057,0.10278406841020438
6134,2.490140555386726,2.4203506491241176,0.06978990626260861
6135,2.410825800547105,2.3291512691460983,0.08167453140100678
6136,2.30199141502649,2.197758999894773,0.1042324151317171
6137,2.3033759901059474,2.213007146698623,0.0903688434073242
6138,2.5624661734325715,2.5049864760363874,0.05747969739618419
6139,2.4114671227612923,2.3268903473814193,0.08457677537987296
6140,2.4925263451118784,2.428085709265694,0.06444063584618442
6141,2.3367988198237266,2.2380330448209853,0.09876577500274131
6142,2.419182343744671,2.339299551094119,0.07988279265055231
6143,2.3680002164263,2.269632162153933,0.09836805427236683
6144,2.457340768389474,2.376586307981691,0.08075446040778322
6145,2.3075962065784545,2.2050134471692093,0.10258275940924522
6146,2.3239230627513954,2.232581049617196,0.09134201313419954
6147,2.3157391294336502,2.2262388381526366,0.08950029128101367
6148,2.462216488598935,2.4157490162000497,0.04646747239888516
6149,2.366869158752201,2.282032444064144,0.08483671468805687
6150,2.740798298376699,2.737382188285481,0.0034161100912180054
6151,2.3347552532598317,2.235163342965461,0.09959191029437076
6152,2.509690865315906,2.4422885067363924,0.0674023585795136
6153,2.406778779041805,2.327179546760983,0.07959923228082211
6154,2.3193835077680656,2.2224583972964265,0.0969251104716391
6155,2.330572336399058,2.2341124801278265,0.09645985627123155
6156,2.649628044196465,2.620233675341803,0.029394368854661845
6157,2.5952855839933204,2.5456953213989744,0.04959026259434607
6158,2.3670401520683253,2.2859189874293078,0.08112116463901753
6159,2.3993172382510886,2.30806287656539,0.09125436168569845
6160,2.4752853760049405,2.4030314700772215,0.07225390592771896
6161,2.313821329184959,2.2207112729161804,0.09311005626877877
6162,2.3772691595969477,2.292749750976966,0.08451940861998164
6163,2.4780013148516264,2.399374587948698,0.07862672690292838
6164,2.561358143268355,2.515818696229263,0.045539447039092185
6165,2.5278894789000677,2.463440832559813,0.06444864634025471
6166,2.327291193209531,2.234103270711698,0.0931879224978327
6167,2.36354799434366,2.2676268847113907,0.09592110963226919
6168,2.435053518992519,2.355517069396765,0.07953644959575401
6169,2.418937756136905,2.342708235668156,0.07622952046874909
6170,2.440723673973467,2.365319200785881,0.07540447318758581
6171,2.3696347679619127,2.271066693175031,0.09856807478688179
6172,2.414626738524398,2.3290359893840646,0.08559074914033316
6173,2.3933297524615162,2.2957262533404452,0.09760349912107102
6174,2.4294913886645864,2.343105904070006,0.0863854845945804
6175,2.3149233814265355,2.237771981202041,0.07715140022449463
6176,2.2803933187415857,2.187108031649731,0.09328528709185457
6177,2.424415292199633,2.3513583266373304,0.07305696556230279
6178,2.3067365632240358,2.196242341869984,0.11049422135405162
6179,2.3634390567758925,2.2832536475244396,0.0801854092514529
6180,2.569767786036794,2.5163210383225985,0.05344674771419555
6181,2.444588853093923,2.398213300016088,0.04637555307783492
6182,2.3981128630326256,2.3031132624002484,0.09499960063237722
6183,2.3692403056443867,2.275510013831112,0.09373029181327475
6184,2.4866871315201178,2.4170318284135828,0.069655303106535
6185,2.4310756506719957,2.3648954853053796,0.06618016536661608
6186,2.332217965928201,2.2416312002174594,0.09058676571074153
6187,2.499452561640941,2.447320657027534,0.052131904613407
6188,2.2507186083171424,2.141672506035199,0.10904610228194356
6189,2.35672458071057,2.2579917928929762,0.09873278781759387
6190,2.3716807404611093,2.2826768095591974,0.08900393090191194
6191,2.3689889427086905,2.2807167126438634,0.0882722300648271
6192,2.2599900972353892,2.146055539707367,0.1139345575280224
6193,2.350453055629043,2.273809135201592,0.07664392042745094
6194,2.3246027320467393,2.22961209179904,0.09499064024769943
6195,2.3434299650122683,2.2521845473778876,0.09124541763438065
6196,2.410734746402618,2.3339997471005844,0.07673499930203365
6197,2.316986025314432,2.215941813713654,0.1010442116007777
6198,2.5120436634758576,2.456999428597883,0.055044234877974496
6199,2.239450320360315,2.123605568306249,0.11584475205406575
6200,2.6307847540404445,2.5925647131870693,0.03822004085337527
6201,2.334938095345693,2.247086092225511,0.08785200312018171
6202,2.498641409580562,2.430313001786636,0.0683284077939259
6203,2.315111910506726,2.2245945685053803,0.09051734200134565
6204,2.3379586537833084,2.231999360083157,0.10595929370015122
6205,2.3190038868689906,2.2299337951105502,0.08907009175844038
6206,2.449099126422526,2.352147336657395,0.0969517897651313
6207,2.367542651973723,2.2709441947016438,0.09659845727207905
6208,2.2510056679988786,2.138653227698011,0.11235244030086777
6209,2.5122997589552534,2.443538213146795,0.06876154580845828
6210,2.356930986816518,2.257780384603727,0.09915060221279104
6211,2.6724715771303074,2.639447099830581,0.03302447729972657
6212,2.3668168176028916,2.284056260084309,0.0827605575185828
6213,2.341722844089654,2.247963158541569,0.09375968554808489
6214,2.3695037965059567,2.2810839436011445,0.08841985290481214
6215,2.309376371407514,2.22408276867649,0.08529360273102382
6216,2.334725856674875,2.245399208626918,0.08932664804795731
6217,2.3255375001023855,2.2277352516809956,0.09780224842138985
6218,2.3183989195707713,2.2151940450761654,0.10320487449460591
6219,2.4003389657251812,2.308972433194695,0.09136653253048621
6220,2.260067212799903,2.1562108070672292,0.10385640573267363
6221,2.2525034545621843,2.1377387946969355,0.11476465986524875
6222,2.3556819536787748,2.264331468225871,0.09135048545290392
6223,2.459763328199145,2.3801334752088557,0.07962985299028924
6224,2.471320861979577,2.3997650621969573,0.07155579978261972
6225,2.421997742230352,2.3451247531770925,0.07687298905325957
6226,2.402387781053303,2.3268507691171125,0.07553701193619045
6227,2.4038556147683128,2.335035920102883,0.06881969466542959
6228,2.403657840444703,2.328047392003264,0.07561044844143927
6229,2.390956994032144,2.3042364544180196,0.08672053961412418
6230,2.5002833898997006,2.463948530510547,0.036334859389153706
6231,2.488707337410375,2.4307208660807404,0.057986471329634526
6232,2.377135101430552,2.281140587022833,0.09599451440771878
6233,2.398872195435479,2.3224911159635404,0.0763810794719384
6234,2.4123172737560155,2.327755459187269,0.08456181456874656
6235,2.382395639870955,2.2974458737861023,0.08494976608485283
6236,2.315648018317474,2.230889620993495,0.08475839732397894
6237,2.3281154704483185,2.2228205861153265,0.10529488433299194
6238,2.3172420283973216,2.2298559273560796,0.087386101041242
6239,2.311073706774897,2.219182906862667,0.09189079991223004
6240,2.53327118588147,2.459797728696529,0.07347345718494092
6241,2.3857924745495733,2.300452758619144,0.08533971593042944
6242,2.3377853422798656,2.237804534474922,0.09998080780494378
6243,2.4695294597642117,2.3975655949618697,0.07196386480234196
6244,2.4419454803877194,2.3533459477798115,0.08859953260790787
6245,2.352950867910929,2.2615138835122743,0.09143698439865444
6246,2.441323268321187,2.3717259040848075,0.06959736423637963
6247,2.3795886358579206,2.291786318350077,0.08780231750784351
6248,2.380031758329627,2.303634674298979,0.07639708403064782
6249,2.25172862545692,2.140370968022417,0.11135765743450277
6250,2.4153034194495326,2.325473845614216,0.08982957383531653
6251,2.542077349138098,2.4723376881580887,0.06973966098000917
6252,2.3288969843044764,2.227244515999939,0.10165246830453745
6253,2.318906108128474,2.22237630656921,0.09652980155926372
6254,2.3090447071708238,2.204801324245666,0.10424338292515767
6255,2.391742750234188,2.321351387020162,0.07039136321402584
6256,2.3687149628730295,2.2783326162473485,0.09038234662568101
6257,2.6146765116360733,2.5501743575806843,0.06450215405538895
6258,2.407552861328652,2.3285629227835276,0.07898993854512426
6259,2.4187946922525727,2.3259860847940987,0.09280860745847397
6260,2.432913899830538,2.349348611352649,0.08356528847788924
6261,2.3988622100210604,2.302107931400432,0.09675427862062858
6262,2.3957256097392263,2.301197883976488,0.09452772576273816
6263,2.3322777494487545,2.223437598766472,0.10884015068228248
6264,2.563026766594069,2.5036128870134102,0.05941387958065869
6265,2.483618743557708,2.429165206985407,0.05445353657230134
6266,2.249216952272967,2.148475635327294,0.10074131694567301
6267,2.3865398682167522,2.316763057918104,0.06977681029864824
6268,2.505708735966709,2.4477644475890057,0.05794428837770349
6269,2.618650755496627,2.5767549477906595,0.04189580770596768
6270,2.535530011043732,2.4937557104345034,0.04177430060922882
6271,2.291056263225852,2.1880971863908254,0.10295907683502659
6272,2.5375204310421116,2.4871330220191235,0.050387409022988106
6273,2.3763358872983678,2.283799918052713,0.09253596924565466
6274,2.4312837185531357,2.348007047122703,0.08327667143043271
6275,2.2856251803905008,2.1813734730866874,0.10425170730381339
6276,2.3112826732334066,2.2060503691120004,0.10523230412140627
6277,2.3206108916610537,2.2328130184400137,0.08779787322104005
6278,2.35183475618181,2.2561429032781906,0.09569185290361926
6279,2.470413533396616,2.4138749938045323,0.05653853959208366
6280,2.3407524171302434,2.242282741032258,0.09846967609798529
6281,2.251659155112501,2.1518492976721184,0.09980985744038273
6282,2.399752536261149,2.3101429064099444,0.0896096298512048
6283,2.408742600577321,2.314700252299456,0.09404234827786473
6284,2.302770475906947,2.2046252147638743,0.09814526114307265
6285,2.608985536551892,2.5590661611471828,0.04991937540470914
6286,2.483706541656294,2.4072151381149136,0.07649140354138018
6287,2.2726907945621924,2.1648572533307324,0.10783354123145994
6288,2.373583514078976,2.2891025221693586,0.08448099190961722
6289,2.4046023100466667,2.3082278921819177,0.09637441786474898
6290,2.386320624057524,2.2993594200555134,0.08696120400201046
6291,2.4145349621253707,2.33573880616214,0.07879615596323086
6292,2.3570375822524934,2.2737896499941277,0.08324793225836569
6293,2.530675323259731,2.4837187508836425,0.04695657237608852
6294,2.3642064939734118,2.2726151740421843,0.09159131993122749
6295,2.4679313285643407,2.395544869891414,0.07238645867292659
6296,2.4488207233282244,2.3806735376199093,0.06814718570831513
6297,2.3640616935402026,2.272070421472929,0.09199127206727375
6298,2.493359615509985,2.41969635956704,0.07366325594294487
6299,2.373932601191953,2.279170308828251,0.09476229236370193
6300,2.541001368116007,2.4822404208559026,0.0587609472601045
6301,2.4192509249967866,2.3444534513178623,0.07479747367892431
6302,2.4271755414559655,2.3550016042930966,0.0721739371628689
6303,2.3063365893374637,2.2056276060648607,0.10070898327260291
6304,2.4265211273839813,2.3753148987388855,0.05120622864509583
6305,2.432265243738604,2.369144046017137,0.06312119772146696
6306,2.3858908844229196,2.2965814378271716,0.08930944659574802
6307,2.4330422976199073,2.3722444088294714,0.060797888790435906
6308,2.320908294504103,2.2335817437550194,0.08732655074908369
6309,2.374043987282426,2.2820677049315137,0.09197628235091226
6310,2.338314281682134,2.245408528673461,0.09290575300867321
6311,2.404068374837784,2.326718192545333,0.07735018229245094
6312,2.3792557501687726,2.2816437959637437,0.09761195420502888
6313,2.400340776169228,2.328101707542805,0.07223906862642293
6314,2.3743407574747555,2.281332668782928,0.09300808869182742
6315,2.464434935768919,2.396130612980509,0.06830432278841014
6316,2.443680446887131,2.371320710483526,0.07235973640360482
6317,2.3760713431376175,2.2790196560375104,0.09705168710010703
6318,2.412214942593112,2.314831786772905,0.09738315582020718
6319,2.60375667222862,2.5693131618154386,0.0344435104131815
6320,2.399702108415301,2.312734073367669,0.08696803504763206
6321,2.4448584656053582,2.3559252597851668,0.08893320582019149
6322,2.3090919555619713,2.2079691959848513,0.10112275957712002
6323,2.33258729091836,2.2371439694315685,0.09544332148679135
6324,2.432188778917792,2.351788722807244,0.08040005611054823
6325,2.4122333808823524,2.318287475613194,0.09394590526915847
6326,2.3275358917048146,2.2297379001669833,0.09779799153783131
6327,2.529929663266624,2.47320437056427,0.056725292702354047
6328,2.4570060257712703,2.3928650173397266,0.06414100843154369
6329,2.407433975381095,2.3178291517813774,0.08960482359971778
6330,2.3330474250282474,2.2313349272421013,0.1017124977861461
6331,2.3401809484994174,2.2334666379658388,0.1067143105335786
6332,2.3897445776247475,2.3144765491343926,0.07526802849035485
6333,2.4118719791194563,2.332632474964151,0.07923950415530534
6334,2.329391204729507,2.2304104095752466,0.09898079515426028
6335,2.343386457306508,2.250726369438337,0.09266008786817093
6336,2.5440104816895617,2.4794256351152963,0.06458484657426533
6337,2.3621766999574794,2.260981937237567,0.10119476271991257
6338,2.2738226607482512,2.160660859655744,0.11316180109250729
6339,2.351797485712079,2.2491582097803358,0.10263927593174316
6340,2.5365538397255745,2.4760471106224538,0.060506729103120716
6341,2.3103882833206635,2.1994805081689703,0.11090777515169314
6342,2.3424352553765546,2.234524901813903,0.10791035356265155
6343,2.269764991458475,2.1555741654212053,0.11419082603726993
6344,2.348198424624647,2.257609778551213,0.0905886460734342
6345,2.465080254494378,2.3844043141631603,0.08067594033121761
6346,2.322786937639412,2.2375242799893007,0.08526265765011143
6347,2.464751927197645,2.398480695679204,0.06627123151844083
6348,2.4103735132461868,2.3158099677136605,0.09456354553252622
6349,2.340945269653721,2.238423635567894,0.10252163408582726
6350,2.35091751493952,2.2520966338965303,0.09882088104298958
6351,2.425977479298075,2.3470199303680497,0.07895754893002538
6352,2.3657837384195797,2.2713654551352387,0.09441828328434099
6353,2.3866919454965028,2.2969736003923438,0.08971834510415899
6354,2.4831674037961986,2.4154804424696934,0.0676869613265052
6355,2.403817278680359,2.3273118146512317,0.07650546402912717
6356,2.465948673897983,2.4015800147857083,0.06436865911227452
6357,2.603492863190207,2.5692010732618504,0.034291789928356575
6358,2.3592555030782987,2.275543085444872,0.08371241763342674
6359,2.464866778220917,2.387411587354632,0.0774551908662846
6360,2.4256612833904594,2.3355563104550896,0.09010497293536979
6361,2.2868507241839087,2.1791222736566653,0.10772845052724334
6362,2.438597439718581,2.350019761818213,0.08857767790036775
6363,2.337776245247216,2.253865729763645,0.08391051548357131
6364,2.3567497521008383,2.2599497503447945,0.09680000175604375
6365,2.3767835479591817,2.2827138912238407,0.09406965673534096
6366,2.395777440080232,2.315075004712675,0.08070243536755717
6367,2.410361054414105,2.3256828172048643,0.08467823720924095
6368,2.523652038326626,2.4376930133456436,0.08595902498098251
6369,2.304976888400929,2.202765764578214,0.10221112382271524
6370,2.5656856385150397,2.5103527286528675,0.05533290986217221
6371,2.5566942973076987,2.4885486165441337,0.06814568076356498
6372,2.3461311903007314,2.2529640208203268,0.0931671694804046
6373,2.335967507542059,2.233071559245086,0.10289594829697313
6374,2.49468574449328,2.447124343773401,0.04756140071987902
6375,2.5235129825133087,2.4538720197349977,0.069640962778311
6376,2.454287712471633,2.383764379245671,0.07052333322596205
6377,2.397620525597814,2.3160089625544855,0.0816115630433285
6378,2.3545568334498777,2.2712334691829548,0.08332336426692288
6379,2.3711122790737043,2.295272306598106,0.07583997247559804
6380,2.547051756663906,2.503149293455282,0.04390246320862401
6381,2.3783522080771076,2.3064617789870607,0.07189042909004684
6382,2.3617817944939237,2.2599614530103738,0.1018203414835499
6383,2.396245846894962,2.322679751708831,0.073566095186131
6384,2.3616403334540625,2.270292558633826,0.0913477748202367
6385,2.7671107569878406,2.7743347913782195,-0.007224034390378886
6386,2.4392645941261817,2.3614566313580476,0.07780796276813406
6387,2.3609405172802145,2.261170865992601,0.09976965128761339
6388,2.483713208755477,2.4211314458959667,0.06258176285951045
6389,2.3048566789190605,2.2055444586384585,0.09931222028060205
6390,2.4304995957847306,2.355214567847522,0.07528502793720859
6391,2.513245036121977,2.4482250145758018,0.06502002154617514
6392,2.2859400497437803,2.178413519794558,0.1075265299492223
6393,2.3773051982920776,2.2979143973893428,0.07939080090273487
6394,2.419807448727668,2.3504711510274254,0.06933629770024252
6395,2.490316977401308,2.4358381059369734,0.0544788714643345
6396,2.375303403872475,2.288644248554908,0.0866591553175673
6397,2.3137129987929925,2.2104258633838687,0.10328713540912382
6398,2.262406920561862,2.1527824239389695,0.10962449662289275
6399,2.283013103850537,2.177832763559678,0.10518034029085888
6400,2.6135857815403827,2.60056662914861,0.01301915239177287
6401,2.3931966482692957,2.3010517396053576,0.0921449086639381
6402,2.4981652147860633,2.4497977673953133,0.04836744739075005
6403,2.402447891864434,2.306937388768629,0.095510503095805
6404,2.3597002037210952,2.281544627324535,0.07815557639656046
6405,2.415788653449294,2.3233756555474665,0.09241299790182733
6406,2.293730355119991,2.190249719877776,0.10348063524221462
6407,2.473002786725686,2.416665545926271,0.056337240799415156
6408,2.464771053079345,2.3896035176995336,0.07516753537981158
6409,2.482499426908514,2.4185337856666234,0.06396564124189075
6410,2.4372609999556447,2.3504730532721316,0.08678794668351308
6411,2.475495763553574,2.4066212188284526,0.06887454472512156
6412,2.3732474583444585,2.2806093557110536,0.09263810263340488
6413,2.546070614828735,2.4780516269051724,0.06801898792356242
6414,2.3688769678964654,2.283443627012016,0.0854333408844492
6415,2.4737169721289978,2.4053706456290818,0.06834632649991601
6416,2.3989358494163304,2.3100063797405608,0.08892946967576965
6417,2.320913987856602,2.2265493982234594,0.09436458963314243
6418,2.379088916737878,2.3000417829596125,0.07904713377826544
6419,2.3098182003373533,2.2071178924198747,0.10270030791747864
6420,2.4790912043386664,2.4055950266056416,0.07349617773302475
6421,2.4649803217604314,2.389414306798238,0.0755660149621935
6422,2.3460948452701347,2.251229540786991,0.09486530448314356
6423,2.3009645907226286,2.2041427089156875,0.09682188180694107
6424,2.39384154147642,2.3044723030604333,0.08936923841598654
6425,2.425403371626408,2.3295904493980175,0.09581292222839055
6426,2.3529734896648478,2.261944458501946,0.09102903116290184
6427,2.5110832369740077,2.446656291426033,0.06442694554797468
6428,2.4760551143227447,2.397222740592503,0.07883237373024166
6429,2.3345385130018896,2.241493478865649,0.09304503413624055
6430,2.4468299495732584,2.36956194625555,0.07726800331770844
6431,2.414588293545991,2.329640473164501,0.08494782038148996
6432,2.3931735865421433,2.306539404937851,0.08663418160429215
6433,2.5463755833226775,2.5104442301035568,0.035931353219120776
6434,2.674115330564148,2.6275857384568555,0.04652959210729257
6435,2.471690962518902,2.4047056334557357,0.06698532906316634
6436,2.4530628346113352,2.370397586829348,0.08266524778198736
6437,2.311971833236402,2.2173059834367224,0.09466584979967951
6438,2.4074446360196555,2.333449825246655,0.07399481077300063
6439,2.7222783374625017,2.6867809190691827,0.03549741839331899
6440,2.3788999644397784,2.2937284135284353,0.0851715509113431
6441,2.37164432693046,2.2830346859724355,0.08860964095802437
6442,2.3807971190216337,2.293684674818084,0.0871124442035498
6443,2.5741137132771774,2.5145705500940436,0.059543163183133796
6444,2.4933752692514473,2.426727768814014,0.0666475004374334
6445,2.392327707548166,2.310419821943263,0.08190788560490336
6446,2.3209782357226634,2.2280169486468697,0.09296128707579365
6447,2.6547579587890957,2.6166663061836197,0.03809165260547598
6448,2.3797744319866854,2.297118476658355,0.08265595532833059
6449,2.4671319847367856,2.387143206375757,0.07998877836102869
6450,2.4396360484159336,2.3474377251547827,0.09219832326115096
6451,2.4039300939452524,2.3103655581500346,0.09356453579521773
6452,2.4882283074047993,2.429857178547422,0.058371128857377386
6453,2.292102523508679,2.179943915097567,0.11215860841111214
6454,2.496837576551778,2.440185365457554,0.056652211094224025
6455,2.4113140236884227,2.3402491545682227,0.07106486912020005
6456,2.456614710902265,2.3919969640347714,0.06461774686749377
6457,2.4141704225021785,2.3418730200205817,0.07229740248159677
6458,2.478102137236662,2.425772870874749,0.05232926636191282
6459,2.3358326080684813,2.231410375231316,0.10442223283716512
6460,2.357523559157568,2.2683688997437623,0.08915465941380551
6461,2.3944741337622886,2.31706322609764,0.07741090766464875
6462,2.509678429714362,2.455966793999755,0.05371163571460702
6463,2.3959182489086173,2.3115671763293735,0.08435107257924379
6464,2.516144270929279,2.4682676221883426,0.047876648740936556
6465,2.2632636958430754,2.1563780292807233,0.1068856665623521
6466,2.3510868572347365,2.2598359988716923,0.09125085836304425
6467,2.545396697857829,2.4984410457872372,0.046955652070591825
6468,2.313686196181817,2.2171635243465952,0.0965226718352219
6469,2.5238258255426977,2.4643665854669754,0.05945924007572234
6470,2.3500328803447252,2.2504591824989677,0.09957369784575754
6471,2.3446506422132125,2.2412112526756314,0.10343938953758114
6472,2.386434181818862,2.2981753157992126,0.0882588660196495
6473,2.479065597573848,2.4117595502368614,0.06730604733698664
6474,2.2682971801430227,2.1601128978518287,0.10818428229119403
6475,2.3486156480166134,2.2674652020631045,0.08115044595350884
6476,2.495693078357628,2.439075591883115,0.05661748647451326
6477,2.4154101324323873,2.3317190756493207,0.08369105678306665
6478,2.4358662567786054,2.348030194114674,0.08783606266393118
6479,2.491858268775193,2.4219770704945627,0.06988119828063022
6480,2.365855916852777,2.2945816677118924,0.07127424914088465
6481,2.452484964918698,2.389147191046397,0.0633377738723011
6482,2.3207632322897265,2.214962819965762,0.10580041232396464
6483,2.346800523001128,2.2500733453328152,0.09672717766831296
6484,2.3600488433084204,2.273405768988383,0.08664307432003726
6485,2.3825817222419654,2.293755152809893,0.08882656943207223
6486,2.3641794281379176,2.2787177286478855,0.08546169949003213
6487,2.511736675948386,2.4705176905407873,0.04121898540759883
6488,2.3921326550271598,2.2916401138995752,0.10049254112758454
6489,2.333506732567997,2.2456175271353773,0.08788920543261947
6490,2.4579544677030065,2.3921319309363525,0.06582253676665406
6491,2.4919608642926088,2.4186993433807444,0.07326152091186433
6492,2.4684652969541467,2.391352522030341,0.07711277492380564
6493,2.479743954896469,2.4153749772030473,0.06436897769342176
6494,2.5380294717709595,2.4872169444774794,0.05081252729348007
6495,2.524009500272874,2.484741447999727,0.039268052273147
6496,2.4183003454004663,2.335598841296478,0.08270150410398847
6497,2.3964214489947566,2.3155782482097447,0.08084320078501195
6498,2.402604472097178,2.3038953507765867,0.09870912132059129
6499,2.414069609653152,2.3400366750646944,0.07403293458845761
6500,2.4558529281363755,2.3681776359607807,0.08767529217559478
6501,2.5105535799425076,2.456167662530976,0.05438591741153154
6502,2.497493234182358,2.4167087586693112,0.08078447551304668
6503,2.3816489255361306,2.2912267937296447,0.09042213180648595
6504,2.367135706259208,2.2831769094531134,0.08395879680609486
6505,2.513168015745333,2.4589398181865953,0.054228197558737534
6506,2.717833645024391,2.696610095650441,0.02122354937394988
6507,2.4035768805528446,2.3316469768355543,0.07192990371729024
6508,2.4631557526510104,2.404560468526669,0.05859528412434134
6509,2.326830895115903,2.224704718028351,0.1021261770875519
6510,2.5277444573170786,2.4502734161676925,0.07747104114938619
6511,2.3994680939095816,2.317730127515298,0.08173796639428366
6512,2.493498973316442,2.424478328254109,0.06902064506233296
6513,2.3677952738653407,2.2823260174313353,0.08546925643400538
6514,2.386888914539341,2.3156794740539968,0.07120944048534428
6515,2.485093331190375,2.4277635232801997,0.05732980791017539
6516,2.2731058720524286,2.1733495521347366,0.09975631991769207
6517,2.445480204993164,2.3802366966821458,0.06524350831101833
6518,2.325609448858672,2.2265235386809845,0.09908591017768753
6519,2.236967796861021,2.12634779136191,0.11062000549911088
6520,2.339532145672486,2.246934938089386,0.09259720758309964
6521,2.4694469921610565,2.394151201555181,0.07529579060587555
6522,2.337440945347437,2.2429140133589467,0.09452693198849049
6523,2.4596224319664803,2.392375794612871,0.06724663735360936
6524,2.2512111941146373,2.150454085151966,0.10075710896267154
6525,2.435658826122466,2.3584851174812074,0.07717370864125872
6526,2.4006553888325946,2.334508146508807,0.06614724232378766
6527,2.568646595943946,2.521356668999173,0.047289926944773075
6528,2.4068063812732468,2.33046599987822,0.07634038139502675
6529,2.3160171355008106,2.2172352863815643,0.09878184911924626
6530,2.457956525828738,2.3835666952131462,0.0743898306155919
6531,2.384695449006351,2.3013960993422296,0.08329934966412145
6532,2.412475477873431,2.339168475862563,0.07330700201086815
6533,2.267935733806426,2.1609273561367295,0.1070083776696964
6534,2.2592823624364518,2.1472334593346782,0.11204890310177351
6535,2.404890853047417,2.32526372345865,0.07962712958876716
6536,2.4441035441361763,2.368631016074193,0.07547252806198346
6537,2.5817841893320868,2.547367869894472,0.034416319437614806
6538,2.4432595494847043,2.377358617318061,0.06590093216664306
6539,2.3965595517815066,2.3051707303048734,0.09138882147663319
6540,2.541556468102137,2.5066334905718946,0.03492297753024243
6541,2.548781812679392,2.5025410177408443,0.046240794938547936
6542,2.7212386122711143,2.6952085077438617,0.02603010452725263
6543,2.381430949905211,2.2901788505008422,0.09125209940436863
6544,2.3909284187782713,2.3049963079502533,0.085932110828018
6545,2.4523931885270676,2.3900066702023626,0.06238651832470499
6546,2.560375862658688,2.5218892243184685,0.03848663834021959
6547,2.4077863599208302,2.3162578030934204,0.09152855682740979
6548,2.433951783538248,2.343775283602125,0.0901764999361232
6549,2.3685939609351125,2.2859812741099272,0.0826126868251853
6550,2.266060932314003,2.1564449236276415,0.10961600868636134
6551,2.322951816823138,2.224399725886513,0.09855209093662465
6552,2.4488538288112442,2.3894052105837638,0.05944861822748049
6553,2.411662073474252,2.338149709128311,0.073512364345941
6554,2.6606717947528615,2.6206950862893685,0.039976708463492994
6555,2.4129394104597077,2.3280111827141083,0.08492822774559938
6556,2.4769597977889894,2.4249351115192996,0.05202468626968981
6557,2.395762918904901,2.307442126082059,0.088320792822842
6558,2.4364867317819265,2.3610641202245275,0.07542261155739904
6559,2.2757995007388594,2.166022243977688,0.10977725676117123
6560,2.325196906589975,2.233828229430757,0.09136867715921815
6561,2.3141373238312486,2.2169046648074766,0.09723265902377198
6562,2.4344042440529665,2.3576074471809774,0.07679679687198915
6563,2.569300923298569,2.5258176254778832,0.04348329782068561
6564,2.462800502838759,2.3852166639602372,0.07758383887852194
6565,2.4104864261199648,2.327882370326944,0.08260405579302077
6566,2.302115505949364,2.1988856571127036,0.10322984883666031
6567,2.441414164547807,2.361121874203659,0.08029229034414787
6568,2.397077084985301,2.301371490651806,0.09570559433349501
6569,2.3815482376733197,2.288583640895069,0.09296459677825064
6570,2.32575306626779,2.2270554135345075,0.09869765273328257
6571,2.4204104154250228,2.342803554379426,0.07760686104559689
6572,2.439362888930879,2.3688809393193817,0.07048194961149745
6573,2.456017683831708,2.3688584843306324,0.08715919950107542
6574,2.501478884561693,2.43872828815785,0.06275059640384306
6575,2.3515820846237196,2.2658371770575148,0.0857449075662049
6576,2.4816911450842887,2.41871281665136,0.06297832843292861
6577,2.290928784602878,2.1794939964358733,0.11143478816700458
6578,2.3348532013207794,2.229085315794587,0.10576788552619254
6579,2.353551861800952,2.256574415161436,0.09697744663951591
6580,2.4925685427414477,2.4215919729767252,0.07097656976472244
6581,2.4646120113920524,2.3955451744366316,0.06906683695542082
6582,2.339339581421945,2.2587041311290332,0.08063545029291186
6583,2.3446919301727434,2.2620302104535477,0.08266171971919567
6584,2.4383210148716707,2.3580787522949525,0.08024226257671829
6585,2.46532756631056,2.3810636537523555,0.08426391255820453
6586,2.4413085492202735,2.3642003662912825,0.07710818292899102
6587,2.4645842120315984,2.369548280009555,0.0950359320220433
6588,2.3674186731492903,2.2830884836871275,0.08433018946216286
6589,2.2800720586071836,2.176879665674071,0.10319239293311266
6590,2.4679129546813257,2.416595204359656,0.05131775032166974
6591,2.3738706857688627,2.279306702266338,0.0945639835025247
6592,2.590661062331127,2.5268042792833727,0.0638567830477541
6593,2.4093205152445565,2.3195533887856534,0.08976712645890306
6594,2.4869807601254834,2.4205883940947297,0.06639236603075371
6595,2.5846858575547786,2.539479739096662,0.04520611845811651
6596,2.5761868057063317,2.5156492079679165,0.06053759773841527
6597,2.358824070797192,2.257276497312658,0.10154757348453414
6598,2.3839273802776315,2.2914749335061284,0.0924524467715031
6599,2.4071028827571075,2.3397369204068843,0.06736596235022319
6600,2.4384087172969022,2.363175663027943,0.07523305426895943
6601,2.421504082430094,2.3328374554094613,0.08866662702063266
6602,2.509502136235939,2.4692941367815844,0.04020799945435449
6603,2.2943441394736808,2.199010168132546,0.09533397134113475
6604,2.4490044571198477,2.362779888492808,0.08622456862703975
6605,2.336641584756456,2.237566397576659,0.09907518717979702
6606,2.7705588626668693,2.754956489397731,0.015602373269138159
6607,2.3650802611968134,2.28256738219112,0.08251287900569348
6608,2.2833189464566024,2.181430039266993,0.10188890718960941
6609,2.238389596823886,2.1219102371098075,0.11647935971407852
6610,2.4289190886963854,2.363196462383562,0.06572262631282344
6611,2.4306019264835736,2.3496586498350474,0.0809432766485263
6612,2.275114115080898,2.162820873406927,0.11229324167397081
6613,2.380627142490759,2.2945001308727027,0.08612701161805614
6614,2.519486550079582,2.4637742945997325,0.05571225547984948
6615,2.3178634885968616,2.2176631590913574,0.10020032950550428
6616,2.4665810325718396,2.3946203001431074,0.07196073242873213
6617,2.5810903620623913,2.53713088816331,0.04395947389908139
6618,2.3859039043122503,2.3132500618214134,0.07265384249083695
6619,2.4350158597959886,2.3482745562909564,0.08674130350503217
6620,2.374674377846228,2.3006254505971895,0.07404892724903833
6621,2.315024935286418,2.2105937771751867,0.10443115811123116
6622,2.405982832598324,2.3227933535002103,0.08318947909811358
6623,2.263188380577782,2.1579871006936497,0.10520127988413241
6624,2.4012505386416727,2.3079720220156856,0.09327851662598707
6625,2.4331328051709513,2.356207479507248,0.07692532566370325
6626,2.531019267161867,2.4853027830044105,0.04571648415745644
6627,2.4023868589918678,2.329185318086898,0.07320154090496978
6628,2.3188221783246084,2.216157260322406,0.10266491800220257
6629,2.2702698786534743,2.166844848246034,0.10342503040744022
6630,2.388517047708229,2.3147829356377696,0.07373411207045955
6631,2.3353108182641806,2.2309947496960914,0.10431606856808928
6632,2.3819215492158023,2.3031259369986037,0.07879561221719866
6633,2.4013226582790157,2.31875948977864,0.08256316850037582
6634,2.4201247472349623,2.3443613408359267,0.07576340639903556
6635,2.294519332689763,2.1949037553651176,0.09961557732464543
6636,2.5214177389893293,2.452720764564436,0.06869697442489331
6637,2.4978688356928744,2.432051998900471,0.06581683679240324
6638,2.366341057688911,2.2613103135607915,0.1050307441281193
6639,2.270521063990324,2.158379606736756,0.11214145725356817
6640,2.353239488314783,2.257932301893697,0.09530718642108615
6641,2.5281054210758804,2.4694750354851216,0.05863038559075884
6642,2.368693253128455,2.2860858445960535,0.08260740853240156
6643,2.320309328697624,2.2163756045025607,0.10393372419506353
6644,2.5617412690469723,2.4982469820071938,0.06349428703977855
6645,2.3125940009865955,2.210073695539093,0.10252030544750257
6646,2.354771304967549,2.276372015864521,0.07839928910302785
6647,2.564986231973609,2.5113439668630457,0.05364226511056325
6648,2.4042656670759617,2.3285160677258094,0.07574959935015224
6649,2.480663182709194,2.391876283832667,0.0887868988765268
6650,2.439493951283984,2.3647872175162736,0.07470673376771053
6651,2.2832049401970282,2.173962314394909,0.10924262580211908
6652,2.3078136786920775,2.2121402877926655,0.09567339089941207
6653,2.502811721230636,2.441857025466796,0.06095469576384005
6654,2.3295384319610295,2.2394686361938367,0.09006979576719276
6655,2.439324616449885,2.3624487780924213,0.0768758383574637
6656,2.2698003946835428,2.1653562584768693,0.10444413620667348
6657,2.3139941249977802,2.2217603269326016,0.09223379806517862
6658,2.2826397264525204,2.181968713157916,0.10067101329460426
6659,2.5159260152103093,2.4523137420847037,0.06361227312560569
6660,2.4728040582205986,2.3987464806614796,0.07405757755911901
6661,2.4413317095876237,2.36791754372252,0.07341416586510352
6662,2.344341092278857,2.2368058048118193,0.10753528746703767
6663,2.3057690900643992,2.2004355529086914,0.10533353715570781
6664,2.3552115708348116,2.2668984284412956,0.08831314239351595
6665,2.3431459408283564,2.24770126411735,0.09544467671100643
6666,2.4240594109328435,2.339181176739188,0.08487823419365537
6667,2.6267671546576588,2.5870941842923587,0.03967297036530004
6668,2.4072043880542666,2.324941924750597,0.08226246330366971
6669,2.3640024055441216,2.2676373187272962,0.09636508681682532
6670,2.3572906805905673,2.267651961663702,0.08963871892686548
6671,2.5099804435595456,2.458111672275331,0.05186877128421452
6672,2.4625200366342037,2.3872412028058396,0.07527883382836409
6673,2.3115436202635116,2.210049711895969,0.10149390836754257
6674,2.388606725849693,2.304587075189461,0.08401965066023198
6675,2.294816485271797,2.188159950641569,0.10665653463022773
6676,2.517403912531334,2.491192574881791,0.026211337649542976
6677,2.3972142469469926,2.3187405570769286,0.07847368987006398
6678,2.284005836234929,2.189295292192385,0.09471054404254398
6679,2.6750358655156847,2.6430874389717074,0.03194842654397734
6680,2.452294813547091,2.3820679799701585,0.07022683357693227
6681,2.2848872471465453,2.1709358588646492,0.1139513882818961
6682,2.443015991880052,2.3516774568306307,0.09133853504942113
6683,2.320342286200535,2.230066917270738,0.09027536892979704
6684,2.547881915621538,2.5003960039156317,0.047485911705906325
6685,2.355273102704989,2.2772086358118626,0.0780644668931263
6686,2.683332612567183,2.6732306561680654,0.010101956399117373
6687,2.637478231331619,2.597872282711574,0.03960594862004507
6688,2.2707841201126624,2.1582517975461575,0.11253232256650492
6689,2.452188320089079,2.39526835858212,0.05691996150695866
6690,2.3347396352367626,2.232726609790547,0.10201302544621571
6691,2.4646405630110695,2.373704559623964,0.09093600338710539
6692,2.414598475755141,2.3398713315546673,0.07472714420047355
6693,2.2665431980857584,2.149286666973058,0.11725653111270029
6694,2.4448640956187204,2.381232939389517,0.06363115622920335
6695,2.4116788405195466,2.3338625934591612,0.07781624706038537
6696,2.425428798242106,2.3460645862921132,0.07936421194999266
6697,2.41707350894605,2.3336304227633184,0.08344308618273155
6698,2.3340951128362875,2.2341997125692443,0.09989540026704313
6699,2.505471560720227,2.4344620713009264,0.07100948941930074
6700,2.4285569138469807,2.3477532506513645,0.08080366319561616
6701,2.3869699665630444,2.293232245281231,0.09373772128181335
6702,2.39615892767809,2.3048199525862274,0.09133897509186273
6703,2.34196707387452,2.244879261373685,0.0970878125008352
6704,2.4302711297071466,2.343343996771469,0.08692713293567778
6705,2.3372531438966515,2.24709835303605,0.09015479086060152
6706,2.3783550990255113,2.2990654222309908,0.07928967679452059
6707,2.300161456217221,2.1989476807882538,0.10121377542896726
6708,2.4430432680177674,2.3561679505005575,0.0868753175172099
6709,2.36498295059351,2.2705769420998725,0.09440600849363756
6710,2.3448958253881274,2.2382066465831914,0.106689178804936
6711,2.408018692451635,2.322071741396297,0.0859469510553379
6712,2.467772113338551,2.390456594535647,0.07731551880290422
6713,2.6317086482778174,2.590485037839182,0.041223610438635205
6714,2.4465159359559925,2.365122666338882,0.08139326961711069
6715,2.3886059130752333,2.2985142337029925,0.09009167937224083
6716,2.464075098987397,2.37744435953764,0.08663073944975697
6717,2.3254570049169225,2.226845943919752,0.09861106099717043
6718,2.465302631032899,2.3891385033435877,0.07616412768931147
6719,2.4227374459730613,2.3654012885682225,0.05733615740483877
6720,2.4761837288809407,2.396929292298937,0.0792544365820036
6721,2.5760737314296436,2.530195224260019,0.045878507169624605
6722,2.3109425810354716,2.204905990061036,0.10603659097443563
6723,2.46948852496343,2.3798878738772813,0.0896006510861489
6724,2.454242849168898,2.383078042100776,0.07116480706812212
6725,2.334895247486272,2.2337928088927503,0.10110243859352153
6726,2.3852370726487746,2.3111321420834496,0.07410493056532497
6727,2.454279620403679,2.375723402386603,0.07855621801707624
6728,2.5009840003657033,2.434029685802068,0.06695431456363554
6729,2.3202454106953376,2.226839892701458,0.09340551799387953
6730,2.348296474262652,2.251779233082067,0.09651724118058524
6731,2.4226886182656755,2.346397805818629,0.07629081244704672
6732,2.564902250280727,2.509630317260309,0.05527193302041766
6733,2.5735895566644005,2.5389283721592646,0.03466118450513589
6734,2.2632798778469874,2.1589330541568077,0.10434682369017967
6735,2.557122161448652,2.4965912384338935,0.060530923014758375
6736,2.3689874588288533,2.270888154027222,0.09809930480163143
6737,2.458133491220778,2.3886973758629693,0.06943611535780869
6738,2.471859013939262,2.396697537592329,0.07516147634693304
6739,2.254005174178827,2.145679085747023,0.10832608843180402
6740,2.3301597406030754,2.232822316968759,0.09733742363431652
6741,2.4529067432360945,2.3626936769148155,0.09021306632127901
6742,2.5545186557704316,2.5074189633907036,0.047099692379728
6743,2.320716580828752,2.2259405984999585,0.0947759823287937
6744,2.454068866491688,2.3688553237244485,0.08521354276723958
6745,2.622494884867812,2.581366082409096,0.041128802458715974
6746,2.528160677428857,2.4567565772855544,0.07140410014330278
6747,2.4629208224034533,2.401025562990959,0.06189525941249441
6748,2.4372578960491413,2.34795471196827,0.08930318408087112
6749,2.3658928641814896,2.2799371631826437,0.08595570099884586
6750,2.3980489376222045,2.3197287958228783,0.07832014179932623
6751,2.3281345775484064,2.2297325931132863,0.09840198443512005
6752,2.372129396894913,2.282140826699281,0.089988570195632
6753,2.4475592726249715,2.3558759388682953,0.09168333375667626
6754,2.3422387182240603,2.2530663096660843,0.08917240855797592
6755,2.325276941422027,2.2327153588504225,0.09256158257160463
6756,2.508368521013149,2.4494077549514897,0.05896076606165934
6757,2.444490023368702,2.3765331869677913,0.06795683640091088
6758,2.4965755742120552,2.4336264147377205,0.06294915947433477
6759,2.5172496112213234,2.470986125470481,0.04626348575084238
6760,2.4052855547563383,2.3242840344122038,0.08100152034413455
6761,2.415406194936149,2.320827779205327,0.09457841573082204
6762,2.5889239628314282,2.5363840255903836,0.052539937241044665
6763,2.3319424050134923,2.242946816837,0.08899558817649211
6764,2.451386046200717,2.357297262992499,0.09408878320821801
6765,2.3922538085970158,2.3096746218492417,0.08257918674777409
6766,2.4426427748873527,2.365783915189209,0.07685885969814388
6767,2.5341211407624864,2.4749472068185923,0.05917393394389414
6768,2.3140307793412678,2.213731541754055,0.10029923758721271
6769,2.294844030367442,2.1899740341468243,0.10486999622061743
6770,2.345257052665618,2.2663465653094246,0.07891048735619322
6771,2.337589033216651,2.2444865566197825,0.09310247659686866
6772,2.284389712057689,2.170726849475757,0.11366286258193181
6773,2.41643612025124,2.3368046052197236,0.07963151503151655
6774,2.4651412609693155,2.3865143061680496,0.07862695480126591
6775,2.4625077657029397,2.4017817024529764,0.060726063249963325
6776,2.475990008160019,2.4099951998388924,0.06599480832112636
6777,2.353081164252275,2.2538983917674766,0.09918277248479823
6778,2.3432495337179837,2.2442836749180013,0.09896585879998243
6779,2.385272317812382,2.299452443745784,0.08581987406659763
6780,2.336434332824964,2.250747645273309,0.0856866875516551
6781,2.4186113376422953,2.3349770536270853,0.08363428401521
6782,2.4183916405008246,2.3331942239506285,0.08519741655019608
6783,2.365614584242883,2.27447166367574,0.09114292056714302
6784,2.2875191001087862,2.184048890189202,0.10347020991958411
6785,2.44311691907947,2.3637304799787677,0.07938643910070242
6786,2.3883754575290426,2.3103212621843543,0.07805419534468827
6787,2.3071696602812723,2.21001686936534,0.09715279091593221
6788,2.505322404126968,2.4289243678258994,0.07639803630106856
6789,2.3041243099880795,2.1976733495417626,0.10645096044631686
6790,2.3882570684944437,2.3054743121282417,0.08278275636620203
6791,2.3743032059769296,2.3005844746997677,0.07371873127716189
6792,2.5023580543078134,2.44264712891412,0.059710925393693604
6793,2.524198328564414,2.4601565207736074,0.0640418077908067
6794,2.343831422246469,2.2496861316750483,0.09414529057142085
6795,2.38208202294925,2.2929683784029855,0.08911364454626458
6796,2.340808396969444,2.24264154437993,0.09816685258951408
6797,2.636438230433355,2.5958462239819347,0.04059200645142047
6798,2.4220148672373343,2.3528911842071007,0.06912368303023353
6799,2.416727297069603,2.3324087276617784,0.08431856940782456
6800,2.3140330523659394,2.2156847027368047,0.09834834962913463
6801,2.4159852765997774,2.330689587193765,0.08529568940601218
6802,2.439293394437074,2.359523354535954,0.07977003990111964
6803,2.439214091850048,2.363610756003115,0.07560333584693257
6804,2.494909433642045,2.4477390209441805,0.047170412697864705
6805,2.3279217993103476,2.2200496100906393,0.10787218921970831
6806,2.2937685053167702,2.1871764964678126,0.10659200884895759
6807,2.2609341848646847,2.1550498711455344,0.1058843137191503
6808,2.352287893167518,2.2630209853806385,0.08926690778687973
6809,2.282240570131913,2.173263473572905,0.10897709655900822
6810,2.3494061223552047,2.253866539929533,0.09553958242567173
6811,2.424910427105049,2.3500027930894527,0.07490763401559608
6812,2.3952456795947907,2.3207817032454834,0.07446397634930735
6813,2.3672353301614235,2.2738805766688377,0.09335475349258582
6814,2.457514551723414,2.3881059954453163,0.0694085562780975
6815,2.4239085133452254,2.333276696463729,0.09063181688149635
6816,2.591547559797827,2.5559096020555816,0.03563795774224543
6817,2.3258586529349023,2.2520795860328997,0.07377906690200264
6818,2.310687566076632,2.211595987026815,0.09909157904981702
6819,2.490161119171026,2.416811242957283,0.07334987621374323
6820,2.3831841952805446,2.301446901287231,0.08173729399331364
6821,2.3520365160692602,2.254101930870327,0.09793458519893328
6822,2.492644653854733,2.4557934679285687,0.03685118592616421
6823,2.2475220847362998,2.128625405621828,0.11889667911447166
6824,2.6184882060810066,2.5831917395670163,0.03529646651399032
6825,2.6042164433543036,2.5630532319361032,0.04116321141820034
6826,2.4084352934591244,2.332124350227745,0.07631094323137955
6827,2.2900476734039934,2.184390842613474,0.10565683079051924
6828,2.267553576934594,2.157749702825258,0.1098038741093359
6829,2.4887020711647825,2.4381566141488253,0.05054545701595714
6830,2.33005131052672,2.2286005553308965,0.10145075519582347
6831,2.4306627091777275,2.3511869617510746,0.07947574742665298
6832,2.5945758784223227,2.5482372699601314,0.04633860846219129
6833,2.3163311671339777,2.222853449812736,0.09347771732124155
6834,2.3269471381022697,2.2276380237521267,0.099309114350143
6835,2.327471817649508,2.219770294217413,0.10770152343209505
6836,2.3310886328578935,2.231772261028351,0.09931637182954267
6837,2.5459739514578104,2.494451359822158,0.051522591635652315
6838,2.448541998937094,2.3767531608634385,0.07178883807365555
6839,2.332604796879579,2.232164951864799,0.1004398450147801
6840,2.419926900758338,2.3356365165929702,0.08429038416536772
6841,2.458226870180627,2.3934144255217844,0.0648124446588425
6842,2.31337935229926,2.213524140719609,0.09985521157965094
6843,2.3299257789708085,2.2404509470943057,0.08947483187650285
6844,2.4266293132579784,2.337376117318463,0.08925319593951553
6845,2.2811703815358926,2.1802166302819526,0.10095375125394002
6846,2.41637588828378,2.333404864891941,0.08297102339183882
6847,2.382919217722358,2.298899586722238,0.08401963100012022
6848,2.5482442871267774,2.4882825622293865,0.05996172489739093
6849,2.356678664344757,2.2669759955529507,0.08970266879180633
6850,2.6162136711865887,2.5772715350918953,0.038942136094693325
6851,2.595734903108884,2.5491749784028945,0.04655992470598935
6852,2.2403286610638613,2.1308130503166494,0.10951561074721194
6853,2.3954104505386216,2.2997745604999262,0.09563589003869533
6854,2.4811027932221816,2.4103751811104086,0.07072761211177303
6855,2.585888033290153,2.541667924306238,0.04422010898391493
6856,2.276930602917763,2.169198589441656,0.10773201347610684
6857,2.3285403217473934,2.2292775395776525,0.09926278216974094
6858,2.3637842621951934,2.2754154790057495,0.08836878318944397
6859,2.4384681760593097,2.370246538048974,0.06822163801033554
6860,2.326385199033861,2.225371865372068,0.10101333366179288
6861,2.3936788421882533,2.308895486457305,0.08478335573094853
6862,2.2967403469697367,2.1990574971376673,0.09768284983206943
6863,2.410780161553672,2.328772936711734,0.08200722484193834
6864,2.421349970922972,2.3358961767545785,0.0854537941683935
6865,2.5065365700031768,2.428286903455687,0.07824966654748966
6866,2.2732956898076013,2.1741454679859897,0.0991502218216116
6867,2.3038235168897567,2.208268920823348,0.09555459606640859
6868,2.5334440519124137,2.4654995137514044,0.06794453816100932
6869,2.2854190996967167,2.16957576002708,0.11584333966963678
6870,2.271182694645971,2.1755718170927563,0.09561087755321473
6871,2.3774178595454516,2.2793831425575224,0.0980347169879292
6872,2.336966499614202,2.2483897425895116,0.08857675702469026
6873,2.3478090809432626,2.256172569649305,0.09163651129395767
6874,2.3682942904150788,2.2793084179085117,0.08898587250656709
6875,2.3000566873020674,2.20725930433655,0.09279738296551754
6876,2.3180901420412794,2.231798855234729,0.08629128680655018
6877,2.3615904658943516,2.2769854701383423,0.08460499575600933
6878,2.2828945864856682,2.1740063847733304,0.10888820171233782
6879,2.2858777851710657,2.180926311419142,0.10495147375192371
6880,2.3066414256191448,2.217478102003245,0.08916332361589996
6881,2.638560998333027,2.597095983769657,0.04146501456337015
6882,2.335166713151833,2.2270847863108916,0.10808192684094164
6883,2.322162857335336,2.221036211569199,0.10112664576613728
6884,2.4461826251101892,2.358629520341596,0.08755310476859313
6885,2.295796011277429,2.1985352817838497,0.09726072949357922
6886,2.3466101717957017,2.2459528043578394,0.10065736743786236
6887,2.2649005994122033,2.163170836372409,0.1017297630397942
6888,2.700905918626658,2.6949529222622957,0.005952996364362306
6889,2.291308378140469,2.18575030512578,0.10555807301468922
6890,2.3274561373753024,2.230227824060013,0.09722831331528958
6891,2.557359745069806,2.506745767426878,0.05061397764292774
6892,2.6189390132438195,2.56725767423242,0.05168133901139971
6893,2.4246166794743926,2.3462142839059164,0.07840239556847628
6894,2.3918449721926063,2.2965414364537193,0.09530353573888695
6895,2.3664062061960487,2.278745570078117,0.08766063611793173
6896,2.3630455963196795,2.270414884267298,0.09263071205238127
6897,2.4030064778233635,2.3278495263255796,0.0751569514977839
6898,2.4972999880432702,2.4388733025194793,0.05842668552379093
6899,2.341744790723975,2.2635557765995924,0.07818901412438262
6900,2.5301492872007705,2.476951832855718,0.05319745434505263
6901,2.5728397199325017,2.5436895431089823,0.02915017682351939
6902,2.46385766122988,2.389625242765922,0.074232418463958
6903,2.348947091283152,2.257658163804737,0.091288927478415
6904,2.4419430030616076,2.363413405825048,0.07852959723655939
6905,2.431581167570196,2.3556578687617007,0.07592329880849524
6906,2.4415990887782764,2.3634296981806573,0.07816939059761907
6907,2.2822740779419988,2.1799454710167923,0.10232860692520651
6908,2.3418535139600727,2.25009002514436,0.09176348881571261
6909,2.4151753687799213,2.3340229990202683,0.08115236975965301
6910,2.3336711900807545,2.2427654823740744,0.09090570770668016
6911,2.3565713811796187,2.2658003816151573,0.09077099956446144
6912,2.5649747262389857,2.511632398093461,0.05334232814552475
6913,2.2930002458461325,2.1919376506656514,0.10106259518048111
6914,2.320181856533781,2.224940465421201,0.09524139111258023
6915,2.3520638948165975,2.2599563206236377,0.09210757419295978
6916,2.4545327169068663,2.3733236409476173,0.08120907595924898
6917,2.3313937049794373,2.2411295074084436,0.09026419757099369
6918,2.2819417677136236,2.1756893823778167,0.10625238533580683
6919,2.5382372736505006,2.4710297021274568,0.0672075715230438
6920,2.4890077317224515,2.404817918498261,0.0841898132241905
6921,2.37500701964482,2.2947085176664204,0.08029850197839972
6922,2.355624537603516,2.2810716324355838,0.07455290516793234
6923,2.576491132780665,2.5276185107440514,0.04887262203661358
6924,2.489343516530189,2.41179388812437,0.07754962840581925
6925,2.3661083886420244,2.2916520508063183,0.07445633783570615
6926,2.4049386956234833,2.3227301168829455,0.08220857874053777
6927,2.5159905219855734,2.4468313233231713,0.06915919866240205
6928,2.5150402381468027,2.4687782702707324,0.04626196787607029
6929,2.3683201405420777,2.286413057046529,0.08190708349554887
6930,2.234982085984439,2.1241072768572926,0.11087480912714653
6931,2.6669920167966787,2.642300987212673,0.024691029584005708
6932,2.445790145219418,2.3715295070795728,0.07426063813984518
6933,2.3725174905522155,2.2864103747636975,0.08610711578851804
6934,2.4310213775941008,2.3519430948061673,0.0790782827879335
6935,2.353310270816005,2.254720015776338,0.09859025503966734
6936,2.366327567526963,2.2818726298193406,0.08445493770762225
6937,2.357464017184885,2.258652781854103,0.09881123533078195
6938,2.2830133269944963,2.174023297773887,0.10899002922060941
6939,2.4057352546638553,2.3203940286387423,0.08534122602511296
6940,2.40519041273226,2.320940916861313,0.08424949587094721
6941,2.251934850267286,2.137110310691929,0.11482453957535688
6942,2.277531250059815,2.173103314969771,0.10442793509004389
6943,2.4937277956211434,2.4316966726868,0.06203112293434332
6944,2.5041063244984065,2.453487722417482,0.050618602080924724
6945,2.3605119865803608,2.2623246490015947,0.09818733757876608
6946,2.41825032842362,2.336229498083192,0.08202083034042795
6947,2.491290256608027,2.441596670025778,0.04969358658224898
6948,2.2693023917098496,2.1681218308496084,0.10118056086024119
6949,2.4272361858327405,2.3502243552480278,0.07701183058471273
6950,2.54598972640474,2.5048476192079776,0.04114210719676237
6951,2.388061566172234,2.2964379054365676,0.09162366073566641
6952,2.4041051704246974,2.3288599025548558,0.07524526786984165
6953,2.5347616837724036,2.4770951018265923,0.05766658194581131
6954,2.506937613327202,2.448469426722421,0.058468186604780925
6955,2.4645362413491094,2.4076100605723494,0.05692618077676004
6956,2.3395600513944177,2.249116961230571,0.09044309016384666
6957,2.5088613636057833,2.430331323470493,0.07853004013529041
6958,2.2923590881917777,2.201383619167088,0.09097546902468956
6959,2.3300689108326615,2.2242305981375514,0.10583831269511013
6960,2.3665275363763327,2.2786846674645704,0.0878428689117623
6961,2.3167943491438634,2.2106992009586777,0.10609514818518573
6962,2.4601062311855237,2.3924362840690665,0.06766994711645724
6963,2.297539961907467,2.19201424943468,0.10552571247278708
6964,2.2436330033263894,2.1292116390224662,0.11442136430392313
6965,2.4671168651263793,2.4000483805666653,0.06706848455971404
6966,2.478919456847401,2.410845682165488,0.06807377468191333
6967,2.3477689099564922,2.2490035602071203,0.0987653497493719
6968,2.303631137896874,2.1978293626735144,0.10580177522335976
6969,2.3668405536156785,2.268884142341475,0.09795641127420351
6970,2.5082908003741284,2.4371311772246145,0.07115962314951396
6971,2.3372640011675188,2.239596739284625,0.09766726188289354
6972,2.3297624960997205,2.219787857941673,0.10997463815804753
6973,2.6289291669575654,2.616500069915068,0.012429097042497617
6974,2.320650352859178,2.2315170254670007,0.08913332739217728
6975,2.275090801392159,2.1654317689482907,0.10965903244386821
6976,2.332530402687537,2.2315382921340237,0.1009921105535132
6977,2.384242734422225,2.2990759789231254,0.08516675549909936
6978,2.608390721476886,2.5593267177931516,0.04906400368373465
6979,2.2755186909274143,2.1696993147857255,0.10581937614168879
6980,2.446797320916179,2.3805491885046433,0.06624813241153582
6981,2.4364388900698026,2.3676486617929613,0.06879022827684134
6982,2.3909198315115128,2.2948913821855976,0.09602844932591514
6983,2.376634255269688,2.295658897514617,0.08097535775507136
6984,2.428712308412027,2.3443142524440677,0.08439805596795935
6985,2.747428409305853,2.7409689811915197,0.00645942811433331
6986,2.4183546055842005,2.3365553908381322,0.08179921474606822
6987,2.555522322711359,2.51332361979329,0.0421987029180686
6988,2.3815140318614247,2.293319935586247,0.08819409627517771
6989,2.287864630956187,2.1704763702893177,0.11738826066686947
6990,2.694240199298054,2.6575419424338516,0.03669825686420225
6991,2.418538857866882,2.3307957998074333,0.08774305805944849
6992,2.4083646476280207,2.3191265987186416,0.08923804890937914
6993,2.6108547446687793,2.577904552844029,0.03295019182475034
6994,2.3446707861704423,2.250288288834381,0.09438249733606119
6995,2.3034856489761526,2.2033398957343975,0.10014575324175512
6996,2.5520295957658345,2.49591827618768,0.05611131957815463
6997,2.5773274569228275,2.5306686145877393,0.04665884233508821
6998,2.293734038725965,2.1941964584433378,0.09953758028262705
6999,2.475925045049251,2.4089647668275957,0.0669602782216554
7000,2.565944842997907,2.5217319403317506,0.044212902666156406
7001,2.492201856695872,2.4151000107951286,0.07710184590074354
7002,2.4883031537379843,2.4170982551674345,0.07120489857054979
7003,2.491897785965622,2.4204496909061897,0.0714480950594325
7004,2.4258975422973594,2.343990145772675,0.08190739652468437
7005,2.45038411876525,2.3718341519282427,0.07854996683700755
7006,2.3893288973540443,2.300156742549377,0.08917215480466734
7007,2.514237313340137,2.449532650735372,0.06470466260476515
7008,2.428771631769092,2.3604266849377953,0.06834494683129666
7009,2.5198565527913637,2.4477101648793984,0.07214638791196526
7010,2.4083246491157895,2.3411365951597305,0.06718805395605898
7011,2.4814758212524963,2.417415377759984,0.0640604434925125
7012,2.4017266522036076,2.3117302359919645,0.08999641621164312
7013,2.5411488398701665,2.4844667597155707,0.05668208015459575
7014,2.536415987068188,2.4766379036190145,0.05977808344917346
7015,2.4601886930978236,2.3851399908319673,0.07504870226585636
7016,2.415407946941113,2.34418904887742,0.07121889806369319
7017,2.3853351025635297,2.2982397840861175,0.08709531847741214
7018,2.4070714030960576,2.326540961198208,0.08053044189784941
7019,2.448067958822369,2.380007372187798,0.06806058663457115
7020,2.436618858235693,2.368301469444118,0.0683173887915749
7021,2.3373919278586857,2.2408368459310304,0.09655508192765527
7022,2.3954539432885666,2.3146208964510726,0.08083304683749404
7023,2.563374979310842,2.5272935125341465,0.036081466776695326
7024,2.417439589455571,2.33782542388042,0.07961416557515077
7025,2.440449270662834,2.3740107531765147,0.06643851748631935
7026,2.470628468959045,2.409524732901208,0.06110373605783703
7027,2.471469929518541,2.409136732986346,0.062333196532195156
7028,2.4275214893476513,2.348924173174605,0.07859731617304622
7029,2.5497466075847393,2.50599270309092,0.04375390449381911
7030,2.4274846925590174,2.3557495091137595,0.07173518344525798
7031,2.3170201010936617,2.2152605388154423,0.10175956227821947
7032,2.312354424928977,2.222483185481497,0.0898712394474801
7033,2.341416114213222,2.2448630453179064,0.09655306889531579
7034,2.446303605631034,2.374260437902609,0.07204316772842523
7035,2.3591368035059577,2.2592225579620737,0.09991424554388395
7036,2.370709178755883,2.271130732155427,0.09957844660045634
7037,2.34382900072781,2.2478849804717287,0.09594402025608151
7038,2.3576506441196727,2.2649777506896194,0.09267289343005336
7039,2.407244398038439,2.3415880169980325,0.0656563810404065
7040,2.7284391197198614,2.715844372581499,0.012594747138362283
7041,2.5319303588505155,2.481932472674548,0.049997886175967565
7042,2.607338810732836,2.586570210300405,0.020768600432430784
7043,2.4191415942501147,2.332372577851356,0.08676901639875867
7044,2.3565586432763337,2.266835275247058,0.08972336802927572
7045,2.292905391046806,2.188058384001016,0.10484700704578964
7046,2.4271294751405335,2.3466129980610346,0.08051647707949883
7047,2.555591950055497,2.5007943159863646,0.05479763406913252
7048,2.5113666961644077,2.437344331070976,0.07402236509343174
7049,2.372263275161758,2.2712320887706388,0.1010311863911193
7050,2.437375021867287,2.3659456951210616,0.07142932674622537
7051,2.6428919639652486,2.6166531620331543,0.02623880193209427
7052,2.4868084134449138,2.4192426051957865,0.06756580824912728
7053,2.39860779922362,2.3363921289408833,0.06221567028273656
7054,2.3044962434877636,2.2061588635193528,0.09833737996841085
7055,2.5115308633940794,2.449890144898985,0.06164071849509423
7056,2.44379147476464,2.365881841515677,0.07790963324896305
7057,2.561623905359821,2.5085426947114113,0.05308121064840954
7058,2.492884308247856,2.434382931354121,0.05850137689373458
7059,2.6653064811558824,2.6336656341692715,0.03164084698661096
7060,2.4992178839109522,2.4356427940674212,0.063575089843531
7061,2.3207615407624287,2.2271440677584793,0.0936174730039494
7062,2.3799476040462086,2.289983782691922,0.08996382135428682
7063,2.475830842432095,2.41665264092982,0.05917820150227504
7064,2.4156144110263966,2.3316355044043497,0.08397890662204688
7065,2.4766311846271374,2.414753686100085,0.06187749852705249
7066,2.326830349961605,2.2305916052884656,0.09623874467313964
7067,2.28006433372656,2.1836022642651782,0.0964620694613818
7068,2.4636156728030096,2.3863762967614948,0.07723937604151487
7069,2.5660002245016966,2.5037793091018603,0.06222091539983632
7070,2.4092360391226597,2.3148602264615876,0.09437581266107209
7071,2.4395653198527927,2.3486878847628136,0.09087743508997903
7072,2.3816723972175238,2.2991850413004533,0.08248735591707046
7073,2.460464337862269,2.383517728891954,0.07694660897031502
7074,2.3752570415451055,2.269797445826623,0.10545959571848273
7075,2.345887822742977,2.251854330604883,0.09403349213809431
7076,2.4566993232362266,2.378685949155267,0.07801337408095943
7077,2.3714009262672726,2.2729191463318124,0.09848177993546026
7078,2.3297540083172175,2.2325877146844215,0.09716629363279594
7079,2.4496072053988507,2.3767709546909517,0.07283625070789901
7080,2.3628827565836414,2.284847123997896,0.07803563258574542
7081,2.5588869409347104,2.4957960790684814,0.06309086186622892
7082,2.3982378066835386,2.312692110720385,0.08554569596315353
7083,2.398880262574055,2.319531255561466,0.07934900701258885
7084,2.5878497424557154,2.5390091300081377,0.04884061244757776
7085,2.471071650445932,2.397850998792534,0.07322065165339797
7086,2.369118911043064,2.2716106293085634,0.09750828173450055
7087,2.5502326941476468,2.500912333264693,0.04932036088295355
7088,2.3549883606604687,2.269772646506274,0.08521571415419471
7089,2.323760617398609,2.219551751491173,0.10420886590743628
7090,2.520339081292208,2.4581654329915823,0.06217364830062566
7091,2.5185460745232815,2.4781152612716726,0.04043081325160891
7092,2.488923986921336,2.410205314249678,0.07871867267165777
7093,2.331969384925122,2.2398075516378446,0.09216183328727734
7094,2.3063997248534767,2.1965712049229844,0.10982851993049225
7095,2.380597402119073,2.3036704635776863,0.07692693854138666
7096,2.519430609064422,2.4582501198296995,0.0611804892347223
7097,2.4037947184494377,2.326353882012146,0.0774408364372916
7098,2.2747753807709707,2.1683496676231995,0.10642571314777127
7099,2.573398893450054,2.538754925093347,0.0346439683567068
7100,2.449679390525258,2.37581488708739,0.07386450343786821
7101,2.415887799582843,2.3386286445323976,0.07725915505044556
7102,2.4154913391396353,2.348982080142687,0.06650925899694826
7103,2.392925637673464,2.3092502296719277,0.08367540800153606
7104,2.384082149741537,2.3024022596723936,0.08167989006914356
7105,2.3117886926897686,2.207610639892846,0.1041780527969225
7106,2.4710421530992748,2.4043162078094604,0.06672594528981435
7107,2.3297135533198614,2.238268467673467,0.0914450856463942
7108,2.3457161270720936,2.251186196597762,0.09452993047433145
7109,2.661002451903762,2.662541140581251,-0.0015386886774892972
7110,2.3394382332142816,2.241745702850792,0.09769253036348946
7111,2.38522248250017,2.305171681428766,0.08005080107140428
7112,2.359428105463612,2.2818455012460395,0.07758260421757246
7113,2.4349646550402366,2.3636413557915064,0.07132329924873027
7114,2.3922214091656135,2.323099412704911,0.06912199646070238
7115,2.413742251104637,2.3504498581832722,0.0632923929213649
7116,2.488295705896591,2.437554323480459,0.05074138241613202
7117,2.352805358614384,2.251034916070642,0.10177044254374179
7118,2.49068126675838,2.435609576529514,0.05507169022886638
7119,2.4873561159354427,2.4324198460315225,0.0549362699039202
7120,2.4441648171159294,2.3587317735236444,0.08543304359228499
7121,2.3634709966466754,2.2900515199902323,0.0734194766564431
7122,2.501059529454425,2.455103109585286,0.0459564198691389
7123,2.405854124258314,2.3406072014417973,0.06524692281651667
7124,2.3269052050876753,2.2229424353178855,0.1039627697697898
7125,2.335150097493377,2.2466939989981562,0.08845609849522074
7126,2.3869643619831646,2.320152954406238,0.06681140757692683
7127,2.4994949503753907,2.4285190377892016,0.07097591258618907
7128,2.364714027426855,2.2757366979403253,0.08897732948652992
7129,2.3614285386795038,2.2772074379451634,0.0842211007343403
7130,2.368844654089832,2.2716883274571225,0.09715632663270934
7131,2.433346946448314,2.3652855816829725,0.06806136476534164
7132,2.3325711426030074,2.231936964237839,0.1006341783651683
7133,2.370932701681895,2.2909247222948386,0.0800079793870565
7134,2.4018888106200333,2.3237084020917638,0.07818040852826957
7135,2.5330800220069993,2.4805049855933308,0.05257503641366856
7136,2.4034421818978595,2.3248705922108854,0.07857158968697409
7137,2.4597438666972216,2.406722575411848,0.05302129128537336
7138,2.3836747914273073,2.3068500589683127,0.07682473245899457
7139,2.4754261823479147,2.4108847272658678,0.0645414550820469
7140,2.313022083292902,2.2163014570079076,0.09672062628499445
7141,2.3255008723737527,2.2545307009850015,0.07097017138875117
7142,2.4055045355853806,2.330586945764941,0.07491758982043972
7143,2.2885353767783654,2.1846821164362114,0.10385326034215403
7144,2.4544144408416293,2.396703716500567,0.05771072434106239
7145,2.439786671428847,2.364608720520219,0.07517795090862789
7146,2.4779794742117867,2.4008959839839052,0.07708349022788141
7147,2.4824284507418897,2.4154351659216284,0.06699328482026123
7148,2.3543020554562544,2.257136860865588,0.09716519459066619
7149,2.42445643317962,2.3409025548616063,0.08355387831801364
7150,2.325880430014776,2.230007641810771,0.09587278820400513
7151,2.5133842982742642,2.4491988825457005,0.06418541572856373
7152,2.382524719836728,2.293587500725026,0.08893721911170216
7153,2.3190757013242282,2.2237229201590982,0.09535278116513002
7154,2.464192888617743,2.40503443628251,0.059158452335233314
7155,2.3658508622333145,2.272224700624458,0.0936261616088565
7156,2.539468718378921,2.4846300261868866,0.05483869219203452
7157,2.616015298033197,2.572487998308041,0.04352729972515634
7158,2.3287070278335205,2.2248536885718133,0.10385333926170714
7159,2.3682826186097534,2.278958631282451,0.0893239873273024
7160,2.2792800169844822,2.1721261021736438,0.10715391481083847
7161,2.531731572968333,2.475563654142307,0.05616791882602579
7162,2.3716658364248717,2.2795150539537894,0.09215078247108233
7163,2.409432489739658,2.325546198305308,0.08388629143435011
7164,2.4310486582587734,2.3497942693356144,0.08125438892315895
7165,2.5840979974473197,2.5287097499937614,0.055388247453558304
7166,2.407893982986167,2.323125226399836,0.08476875658633132
7167,2.4745804456173564,2.393633973100675,0.0809464725166813
7168,2.301496214499891,2.2040081715162247,0.0974880429836662
7169,2.4296516638964865,2.340131491091534,0.08952017280495239
7170,2.5664065462296013,2.5128487592427886,0.05355778698681268
7171,2.4597011128054067,2.3911689713697517,0.068532141435655
7172,2.390513713099583,2.3075036259947894,0.0830100871047934
7173,2.449047811414269,2.377029862488092,0.07201794892617697
7174,2.298002316373436,2.205033410941826,0.09296890543161007
7175,2.652085958254671,2.635789550047437,0.016296408207234325
7176,2.387234902824848,2.309840892198948,0.07739401062590012
7177,2.3921673882699697,2.314081181282186,0.07808620698778368
7178,2.4796203163656867,2.4135162796512457,0.06610403671444098
7179,2.319703252043427,2.2197782036872193,0.09992504835620775
7180,2.4258627472315037,2.3316608116520645,0.09420193557943923
7181,2.5907645423763763,2.527864177342366,0.06290036503401053
7182,2.3186898408818637,2.21975416293337,0.09893567794849378
7183,2.2934958254412714,2.2011840613265834,0.092311764114688
7184,2.3604480878539973,2.267733663037087,0.0927144248169105
7185,2.433142368875881,2.3416978259956376,0.0914445428802435
7186,2.246350005110357,2.1417092447140584,0.10464076039629866
7187,2.3354168908188626,2.2346309390280337,0.10078595179082894
7188,2.340987275166511,2.248857028089731,0.09213024707677997
7189,2.4225189852820743,2.3418302478289323,0.08068873745314198
7190,2.403037263320965,2.301084727436499,0.10195253588446596
7191,2.397883524226641,2.323661454159737,0.07422207006690407
7192,2.3539119662829275,2.261209032790268,0.09270293349265968
7193,2.3714603498204565,2.2816267919529913,0.08983355786746516
7194,2.3288077857967258,2.2258233689418963,0.10298441685482951
7195,2.4597563291830076,2.392545655047428,0.06721067413557957
7196,2.301508519584178,2.1966280619642817,0.10488045761989628
7197,2.5394517597333497,2.4901112535898595,0.04934050614349017
7198,2.384827044395041,2.2961152339121425,0.08871181048289856
7199,2.4581867539496174,2.390707998407815,0.06747875554180238
7200,2.3503666197461115,2.2490504238373505,0.10131619590876095
7201,2.7394085960134054,2.724419169806212,0.014989426207193457
7202,2.5066031729599216,2.4436450443557107,0.0629581286042109
7203,2.239005670218215,2.125860750074285,0.11314492014392963
7204,2.2939185183734505,2.1926418466376583,0.10127667173579225
7205,2.433824894332918,2.3620119985992263,0.07181289573369165
7206,2.416928066928224,2.3298319571780404,0.08709610975018345
7207,2.2951578293557464,2.1895139426218284,0.105643886733918
7208,2.3469976789493208,2.2543576253481157,0.09264005360120509
7209,2.259001790785638,2.1492760788960124,0.10972571188962554
7210,2.3207981817187853,2.2228539848675446,0.09794419685124067
7211,2.2693472817419855,2.1659344127755893,0.10341286896639623
7212,2.357434214118328,2.261960964517967,0.09547324960036097
7213,2.405022365686671,2.3182370523587528,0.08678531332791817
7214,2.2918443340170853,2.184821729484778,0.1070226045323075
7215,2.290324124604125,2.1860011550893304,0.10432296951479447
7216,2.436498818265865,2.3708216825364055,0.06567713572945966
7217,2.4854945235616435,2.441343343925787,0.044151179635856685
7218,2.5457749728562655,2.4780764682005696,0.06769850465569593
7219,2.330804978158181,2.2299262801869504,0.10087869797123084
7220,2.3381568092960627,2.245474555294303,0.09268225400175956
7221,2.447989711416311,2.3794903989140876,0.0684993125022233
7222,2.419592227303774,2.3410658911596705,0.07852633614410376
7223,2.525006241157245,2.464360642895779,0.060645598261466205
7224,2.5282352032597832,2.4728933237362125,0.055341879523570725
7225,2.4395283205611173,2.3691700018991715,0.07035831866194586
7226,2.287441476532289,2.1922672249735293,0.09517425155875969
7227,2.4203971243202034,2.3432986601838253,0.07709846413637811
7228,2.349365708665274,2.255715014521397,0.09365069414387728
7229,2.4965405308836317,2.422808277779148,0.07373225310448372
7230,2.4930372047383322,2.4159837645332862,0.07705344020504601
7231,2.358097750421569,2.2649803306601104,0.09311741976145882
7232,2.33035029584151,2.2339209409997993,0.09642935484171078
7233,2.5304563707722454,2.4671630673328977,0.06329330343934769
7234,2.5918883692814405,2.548030273006304,0.04385809627513648
7235,2.4972033378760674,2.417766795074284,0.07943654280178336
7236,2.415760202448045,2.3298821132786824,0.08587808916936268
7237,2.541314568469229,2.5131678930976546,0.028146675371574226
7238,2.4942565491395308,2.4377782378845896,0.05647831125494118
7239,2.5664651329183235,2.497525000879768,0.06894013203855565
7240,2.434376352219421,2.3677111691521224,0.06666518306729863
7241,2.3121921018687965,2.2113880079456525,0.10080409392314404
7242,2.3481397973151332,2.259144146066919,0.08899565124821418
7243,2.265010007012705,2.1548014427305007,0.11020856428220416
7244,2.3968839279103875,2.332370639673567,0.06451328823682045
7245,2.3605317631364326,2.263204436541655,0.09732732659477783
7246,2.353719883277333,2.266438944950947,0.08728093832638573
7247,2.6479248795476837,2.639823698021929,0.008101181525754786
7248,2.4297086612376133,2.339864797611373,0.08984386362624042
7249,2.428181081368815,2.3538477421229334,0.07433333924588181
7250,2.4137368511340656,2.3275605413681775,0.08617630976588808
7251,2.2682633621537738,2.1668789300179028,0.101384432135871
7252,2.320340914300313,2.215703391606452,0.10463752269386095
7253,2.4661650034268123,2.3731726373665594,0.09299236606025296
7254,2.4009966031321066,2.3251182789289966,0.07587832420311003
7255,2.437943898854759,2.350259856791963,0.08768404206279579
7256,2.372796557755204,2.2794591704084906,0.09333738734671337
7257,2.363185239067788,2.261001317797305,0.1021839212704827
7258,2.469806978518744,2.393092269574635,0.07671470894410914
7259,2.5538912683441377,2.4979592198362117,0.05593204850792599
7260,2.4932129836150794,2.4043542542329104,0.08885872938216899
7261,2.362253304161221,2.2781604007040137,0.08409290345720732
7262,2.4597436536304165,2.395973755525244,0.06376989810517264
7263,2.2902396633690603,2.1815046857738216,0.10873497759523865
7264,2.3558825605113336,2.2623634693105505,0.09351909120078306
7265,2.347877250497704,2.2708630238709078,0.07701422662679613
7266,2.2890829150966705,2.1902912785928472,0.09879163650382328
7267,2.5423648699435906,2.504961196013673,0.0374036739299175
7268,2.605334831204249,2.5701084072807316,0.03522642392351738
7269,2.324913691061415,2.2311858493015837,0.09372784175983151
7270,2.2960867009651795,2.1919273417434133,0.10415935922176622
7271,2.3918551082601067,2.322247834398831,0.06960727386127585
7272,2.5131776018491108,2.443772631210437,0.0694049706386739
7273,2.4697851465346985,2.393742041936424,0.07604310459827435
7274,2.4478122192300042,2.377533934421799,0.07027828480820508
7275,2.453211935283159,2.378096825810376,0.0751151094727831
7276,2.361661045426746,2.277981135488258,0.08367990993848817
7277,2.6575334732837477,2.61672813574297,0.04080533754077775
7278,2.4792305910347707,2.4156473770933014,0.06358321394146937
7279,2.4937638583080335,2.431681049512514,0.06208280879551964
7280,2.3920038905056193,2.306321687367164,0.0856822031384552
7281,2.250777744875908,2.13955185142761,0.1112258934482977
7282,2.38033873674115,2.2836471364360413,0.0966916003051086
7283,2.592099728491973,2.5471522261606308,0.04494750233134237
7284,2.3629515963419925,2.266612201715573,0.0963393946264195
7285,2.3738155237218534,2.27244095137,0.10137457235185332
7286,2.4225053109808137,2.3405166850678105,0.08198862591300315
7287,2.579932996704041,2.5402335551746664,0.039699441529374546
7288,2.3787977501328834,2.279886744345378,0.09891100578750534
7289,2.402030553123662,2.322832316434558,0.07919823668910375
7290,2.295765593583291,2.196278113288215,0.09948748029507559
7291,2.548087011138025,2.4986902774341044,0.0493967337039205
7292,2.4056995026438286,2.3285888086651485,0.07711069397868009
7293,2.3617888302634684,2.287710950911818,0.07407787935165056
7294,2.3071494679405884,2.212409393345161,0.09474007459542744
7295,2.4954835817705927,2.428331598941582,0.06715198282901058
7296,2.5371161907709125,2.4883863935795905,0.04872979719132209
7297,2.332367184793013,2.2389173017790007,0.09344988301401225
7298,2.3359944690007937,2.240691519875186,0.09530294912560766
7299,2.447583787799917,2.3757938875866995,0.07178990021321763
7300,2.3813833239969653,2.308068114373882,0.07331520962308335
7301,2.372221537119785,2.3099972563364424,0.06222428078334241
7302,2.303317837960892,2.2063624646374103,0.09695537332348181
7303,2.5638548395405785,2.5100464026646403,0.05380843687593817
7304,2.3506039012988893,2.2554660732037375,0.09513782809515181
7305,2.5756896783217917,2.53013483613533,0.04555484218646155
7306,2.3253805762036555,2.224806527326285,0.10057404887737054
7307,2.4488633960783437,2.379977336287084,0.0688860597912595
7308,2.41135026526599,2.348522050583726,0.06282821468226407
7309,2.4763281667995023,2.418010724839486,0.058317441960016314
7310,2.4123468422968024,2.3334256760083414,0.07892116628846102
7311,2.3165805886888506,2.2193670617469223,0.09721352694192831
7312,2.3039142037965212,2.2023744147316986,0.10153978906482264
7313,2.6139239400569183,2.5744949846507676,0.039428955406150656
7314,2.3953612254224605,2.318491389995342,0.07686983542711845
7315,2.2879460119913326,2.1798799088823126,0.10806610310901998
7316,2.3600067437955214,2.267641484652975,0.09236525914254656
7317,2.3379967500221848,2.242930184846448,0.09506656517573697
7318,2.4462216295593113,2.3821566010856556,0.0640650284736557
7319,2.514458535705487,2.467390854559265,0.04706768114622184
7320,2.327922300707555,2.2239032239175214,0.10401907679003353
7321,2.514002400490108,2.4601186785226163,0.05388372196749147
7322,2.3811587512842096,2.2958792355108653,0.08527951577334436
7323,2.447847948596247,2.3706110259109736,0.0772369226852736
7324,2.501952304784747,2.4495128584758343,0.05243944630891262
7325,2.3155794768346665,2.2153349354681504,0.10024454136651606
7326,2.3809653719919788,2.291003283815144,0.0899620881768346
7327,2.3934692962354753,2.297608678912722,0.09586061732275342
7328,2.6402948027520585,2.6037006838372583,0.036594118914800244
7329,2.273340214641417,2.1693750723813734,0.10396514226004339
7330,2.4034822644736464,2.335420933538575,0.0680613309350715
7331,2.472314560360542,2.3991979755783017,0.07311658478224015
7332,2.3430007208385883,2.2499706844670038,0.09303003637158458
7333,2.3518333663672677,2.2576075400376534,0.09422582632961429
7334,2.4482348331308414,2.3742499707714524,0.07398486235938906
7335,2.542639512745482,2.5045674391686488,0.038072073576833176
7336,2.5679429891573857,2.5200273888124434,0.047915600344942355
7337,2.470497880543289,2.4146389823458416,0.05585889819744727
7338,2.3906369521068815,2.311411955466025,0.07922499664085647
7339,2.506205932116443,2.438935204923558,0.06727072719288518
7340,2.526299934477984,2.4751588855256488,0.0511410489523354
7341,2.3148173756111,2.2225311885230803,0.09228618708801983
7342,2.473548589324493,2.427818403371067,0.04573018595342582
7343,2.3372192773900227,2.2492135329959546,0.08800574439406805
7344,2.4770410636496063,2.4130529625727037,0.06398810107690256
7345,2.298800247066522,2.202627307598016,0.0961729394685058
7346,2.363595856023279,2.279113021935143,0.08448283408813584
7347,2.411920590849101,2.314616455478553,0.09730413537054794
7348,2.4577934477511376,2.3808478822230237,0.07694556552811394
7349,2.6205276483285913,2.6004665767850392,0.020061071543552078
7350,2.5109883151434307,2.471257008568745,0.03973130657468582
7351,2.5328505155508534,2.476698830442495,0.05615168510835833
7352,2.442444680217567,2.3734671271820567,0.06897755303551056
7353,2.5461231518178296,2.4834960737484932,0.06262707806933632
7354,2.3765767152848194,2.304432115612116,0.07214459967270326
7355,2.4777054143805683,2.408742539882581,0.06896287449798733
7356,2.332419861668705,2.2262589375298303,0.10616092413887479
7357,2.365804368610793,2.2646620632193777,0.10114230539141511
7358,2.380635272769057,2.2897230615029827,0.0909122112660743
7359,2.4507845990388977,2.3644981494087363,0.08628644963016141
7360,2.3724795129628893,2.274613574586653,0.09786593837623636
7361,2.4467464127657674,2.3659463554397684,0.08080005732599904
7362,2.3874604353762137,2.3017068871945945,0.08575354818161918
7363,2.4570309403021406,2.384634859265775,0.07239608103636552
7364,2.6065991355822136,2.5426351091457398,0.06396402643647381
7365,2.3604159519088093,2.279894082452525,0.08052186945628437
7366,2.3164139819600775,2.2209708846216336,0.09544309733844392
7367,2.5182913837323757,2.461600708119466,0.05669067561290975
7368,2.586532275459425,2.5568778966210157,0.02965437883840938
7369,2.5748263603522936,2.518109864257197,0.05671649609509677
7370,2.2899783315850866,2.1921529120190173,0.09782541956606927
7371,2.371195605653151,2.283710157528992,0.0874854481241587
7372,2.550780372436334,2.495750999330284,0.05502937310604983
7373,2.3272072974549065,2.230887676252375,0.09631962120253146
7374,2.3962685887588684,2.3249927808858204,0.07127580787304799
7375,2.4748181094930954,2.3962267630895413,0.07859134640355414
7376,2.3396597766034115,2.2506325806856515,0.08902719591775998
7377,2.4379771748006167,2.378572936086917,0.05940423871369971
7378,2.4494402317624244,2.3716248216010127,0.07781541016141169
7379,2.4207610246065516,2.332630597577217,0.0881304270293346
7380,2.4650001237553436,2.378737539074669,0.0862625846806746
7381,2.3013044034777406,2.195952833308862,0.10535157016887853
7382,2.633878555573669,2.626645562035003,0.007232993538666133
7383,2.3657911587608775,2.2679099654356634,0.09788119332521417
7384,2.457767309257934,2.392727689918505,0.06503961933942914
7385,2.3646383690285493,2.2568633039059196,0.10777506512262969
7386,2.4444096469082988,2.3702802734618693,0.07412937344642945
7387,2.3791259901034447,2.279170689842564,0.09995530026088062
7388,2.453601711908944,2.3769077350755086,0.0766939768334356
7389,2.378684306173373,2.2990000557731567,0.07968425040021643
7390,2.2838032142459035,2.1731424699368587,0.11066074430904482
7391,2.498180837357345,2.437894058826918,0.060286778530426854
7392,2.2923753258548634,2.185555285590382,0.10682004026448144
7393,2.3932704977724444,2.313389335744053,0.07988116202839146
7394,2.27383904715531,2.1690487470427233,0.10479030011258672
7395,2.3887106244937697,2.292301977496737,0.09640864699703267
7396,2.385263937187365,2.3102340786715008,0.07502985851586441
7397,2.5127324544839396,2.452036539677322,0.06069591480661751
7398,2.4075805475212952,2.327221481121078,0.0803590664002174
7399,2.39093902702865,2.310642187130649,0.08029683989800107
7400,2.524808740135999,2.4512131237621384,0.07359561637386047
7401,2.3316953351273546,2.2375113688714974,0.09418396625585723
7402,2.3779704855527712,2.3042846559158616,0.07368582963690962
7403,2.4298491677518474,2.364425635313711,0.06542353243813626
7404,2.3630613008063563,2.2734715290831984,0.08958977172315796
7405,2.3777067606548186,2.2882324873160056,0.08947427333881297
7406,2.439785761714217,2.3768821040536285,0.06290365766058859
7407,2.5308307795252896,2.4475124085538495,0.08331837097144001
7408,2.2661577498711356,2.160927798292298,0.10522995157883752
7409,2.4023372937901057,2.320784822195704,0.0815524715944016
7410,2.2716682653423543,2.1732493616216395,0.09841890372071482
7411,2.3952724038147797,2.3054197794475306,0.08985262436724906
7412,2.4231468962047957,2.344827224626078,0.07831967157871755
7413,2.382034833832961,2.2997404359253655,0.0822943979075954
7414,2.371131961967511,2.2818922570918017,0.08923970487570942
7415,2.421113986919429,2.3345389353076533,0.08657505161177559
7416,2.5193880359211716,2.456513536754509,0.06287449916666255
7417,2.4467480946763023,2.3721938833253775,0.07455421135092477
7418,2.3862080082004598,2.2918100866367968,0.094397921563663
7419,2.4429009376696453,2.3795215486132455,0.06337938905639984
7420,2.4591865653956653,2.386379993803465,0.07280657159220016
7421,2.353464770330589,2.2832086844218535,0.07025608590873533
7422,2.5015754820115066,2.438389733809247,0.06318574820225953
7423,2.4973201355623145,2.432277747908069,0.06504238765424564
7424,2.457051642766147,2.3636171702986437,0.09343447246750314
7425,2.302511393827255,2.1991047426760058,0.10340665115124903
7426,2.409051854056599,2.3303751629153564,0.07867669114124265
7427,2.3195529565987414,2.2111820292334046,0.10837092736533682
7428,2.459261737566751,2.3902015393045053,0.06906019826224563
7429,2.4840659017880222,2.4224224874287303,0.06164341435929188
7430,2.352252876392144,2.256386486650434,0.09586638974171002
7431,2.378095457868878,2.2862458519905235,0.09184960587835445
7432,2.361508471991549,2.266884703220381,0.09462376877116796
7433,2.416806441579195,2.340382887314858,0.07642355426433722
7434,2.2407335679653895,2.139278711962275,0.10145485600311455
7435,2.6703845685255807,2.6194162192404873,0.05096834928509342
7436,2.366723398135457,2.279720318666697,0.08700307946875974
7437,2.3940463645708823,2.311154570287698,0.08289179428318416
7438,2.501684001474441,2.4456153859082717,0.05606861556616938
7439,2.3229865177184976,2.2362037276443685,0.08678279007412915
7440,2.369576014803404,2.2843310713236127,0.0852449434797915
7441,2.3410063858813004,2.244147324375373,0.09685906150592727
7442,2.2972872240043336,2.191218238740517,0.1060689852638168
7443,2.2890719807194424,2.1874219169204654,0.10165006379897701
7444,2.4662481840857624,2.402337773862216,0.0639104102235466
7445,2.2388105249979735,2.129834164136871,0.10897636086110252
7446,2.293098841943385,2.201415306837204,0.09168353510618088
7447,2.5971041127498866,2.548720168731692,0.04838394401819457
7448,2.4468107649757114,2.3714920641350012,0.07531870084071013
7449,2.392824020020548,2.29666287061768,0.0961611494028678
7450,2.274994209759655,2.1668805590940026,0.10811365066565237
7451,2.4105752816683688,2.3438703522154998,0.06670492945286899
7452,2.3738842738807118,2.2909925848752515,0.08289168900546029
7453,2.506912802946885,2.421994636279298,0.08491816666758689
7454,2.3718581118901345,2.292171590993063,0.0796865208970714
7455,2.427893548803467,2.3539582633300693,0.0739352854733979
7456,2.6743075770867955,2.6426327578061484,0.03167481928064708
7457,2.3205362612786193,2.217187469709147,0.10334879156947219
7458,2.3752964405471597,2.2795132628063284,0.09578317774083134
7459,2.568062378103406,2.537458097157601,0.03060428094580514
7460,2.4005561644643696,2.322215236334497,0.07834092812987281
7461,2.2569041147560394,2.1448938772991215,0.11201023745691785
7462,2.6127381574999875,2.594033806006566,0.018704351493421534
7463,2.4518594716349105,2.366787963019048,0.08507150861586243
7464,2.3665578109525764,2.263937442544739,0.1026203684078375
7465,2.2931867359914055,2.2006600440237856,0.09252669196761998
7466,2.3706982304878506,2.278432676416688,0.09226555407116255
7467,2.3660937219811466,2.2745721075630434,0.09152161441810325
7468,2.497969903579385,2.4371103179425386,0.06085958563684635
7469,2.3812927514858795,2.296406805763067,0.08488594572281238
7470,2.331281928255604,2.2376119370669683,0.09366999118863584
7471,2.3465971704228457,2.2651240569304756,0.08147311349237008
7472,2.449590569916932,2.3719308555091763,0.07765971440775576
7473,2.4300825927333305,2.3640719142233992,0.06601067850993125
7474,2.369713490190399,2.2861705854741667,0.08354290471623216
7475,2.3159490385946704,2.2086986100440744,0.10725042855059597
7476,2.4175266386941887,2.33553814796745,0.08198849072673875
7477,2.484735131439231,2.4220185798725913,0.06271655156663991
7478,2.614237361971229,2.574058274292975,0.04017908767825418
7479,2.3423507969018993,2.2516028993799484,0.0907478975219509
7480,2.421903037694138,2.343919781852083,0.07798325584205479
7481,2.448304233958844,2.3793037361928695,0.06900049776597461
7482,2.256014029438111,2.153340807755947,0.10267322168216397
7483,2.5484506184496154,2.507678097482701,0.04077252096691453
7484,2.3383346040993023,2.2469641706505845,0.09137043344871776
7485,2.505051242618295,2.4466600457511234,0.05839119686717176
7486,2.423892129270097,2.3491239759459344,0.07476815332416242
7487,2.3509647303218926,2.242680917997002,0.1082838123248906
7488,2.590932061857043,2.5568295256615436,0.03410253619549941
7489,2.5011755896258197,2.4183826986771715,0.08279289094864817
7490,2.315529867349592,2.222352473767115,0.09317739358247668
7491,2.458760076101,2.4020828466904782,0.05667722941052178
7492,2.397368970356969,2.3142750493747766,0.08309392098219259
7493,2.4152287372513137,2.3327901650378697,0.08243857221344397
7494,2.3394704234398276,2.2396510387662083,0.09981938467361928
7495,2.3834180329919223,2.2944868716204248,0.08893116137149759
7496,2.3508378873962066,2.272562389271741,0.07827549812446577
7497,2.7136895961507794,2.6796100973834216,0.03407949876735783
7498,2.284380005276951,2.179361838632755,0.10501816664419605
7499,2.244920984335517,2.132169462949491,0.11275152138602618
7500,2.341399731713196,2.250244191887336,0.09115553982585967
7501,2.3180196590011697,2.2206595759092336,0.09736008309193611
7502,2.3266533857520626,2.2189468740706637,0.10770651168139889
7503,2.491625120090122,2.4351738462751404,0.056451273814981384
7504,2.372445715949839,2.271298565463044,0.10114715048679468
7505,2.3959694235056004,2.321085447436827,0.07488397606877317
7506,2.4908270725181523,2.4250514358755844,0.06577563664256791
7507,2.4194640290083247,2.3322559944924843,0.08720803451584036
7508,2.3502814911723893,2.2642650792656007,0.08601641190678855
7509,2.4685554256910245,2.404176006602114,0.06437941908891043
7510,2.297624996007384,2.188459852896606,0.10916514311077785
7511,2.4196989908546747,2.3455946286962996,0.07410436215837501
7512,2.302810215488358,2.1943180875485138,0.10849212793984409
7513,2.4251111865839925,2.3422748838157603,0.08283630276823217
7514,2.385864757354059,2.3056653990215494,0.08019935833250935
7515,2.33625771878165,2.2480917081425793,0.0881660106390707
7516,2.306890411147378,2.2035003677131555,0.10339004343422253
7517,2.2180948055054555,2.097693105951875,0.1204016995535806
7518,2.577661396909242,2.5124404867519994,0.06522091015724252
7519,2.2908373243491593,2.1926213456297514,0.0982159787194079
7520,2.381168516201948,2.294177710805385,0.0869908053965629
7521,2.4596715171775947,2.385322248077494,0.07434926910010065
7522,2.376337409827001,2.2807618631057833,0.09557554672121782
7523,2.345968756435221,2.239033065783632,0.10693569065158925
7524,2.478713217655763,2.4086607750181717,0.07005244263759147
7525,2.639496428791079,2.6172826518529626,0.022213776938116325
7526,2.469808591436901,2.389684638462628,0.08012395297427277
7527,2.4643514803302997,2.3930649996403526,0.07128648068994714
7528,2.382632842827562,2.299759052610864,0.08287379021669805
7529,2.4512226880706027,2.386534686642671,0.06468800142793185
7530,2.345828287729559,2.2590303595065926,0.08679792822296628
7531,2.374043976453086,2.2866239770436216,0.08741999940946421
7532,2.467379362096451,2.4108982116159603,0.056481150480490516
7533,2.377580927039643,2.3078289071540166,0.06975201988562629
7534,2.316625303879191,2.2210284239917484,0.09559687988744248
7535,2.3212571832505087,2.23309013127213,0.08816705197837882
7536,2.312669858995914,2.211759336901459,0.10091052209445506
7537,2.3809589788424477,2.2963633952101916,0.08459558363225606
7538,2.4644839804615843,2.3963685286844933,0.068115451777091
7539,2.4859600085077815,2.40688878853021,0.0790712199775716
7540,2.3577901453995778,2.2733349364713615,0.08445520892821623
7541,2.360375179996463,2.2690337607096356,0.09134141928682737
7542,2.4344948409832607,2.3779744956454607,0.05652034533780004
7543,2.6482904912552523,2.594038512034831,0.054251979220421465
7544,2.2711144667906664,2.163890684904994,0.1072237818856725
7545,2.3888668958756365,2.304491555029511,0.08437534084612563
7546,2.3851039477600464,2.289675404164406,0.09542854359564057
7547,2.4963367157779675,2.4319041855559744,0.06443253022199302
7548,2.627915182973156,2.6168366963889844,0.011078486584171543
7549,2.2767031162282128,2.1855224604009575,0.09118065582725521
7550,2.2396358861779047,2.1311304924139423,0.1085053937639624
7551,2.353428140320287,2.265392222273072,0.08803591804721522
7552,2.3293582042685435,2.235098886272031,0.09425931799651233
7553,2.4501947058643303,2.387573476261764,0.06262122960256633
7554,2.5035055591472433,2.4299748083243786,0.07353075082286464
7555,2.4326952499502674,2.3549869114674427,0.07770833848282477
7556,2.4659548776667846,2.4081675224942187,0.057787355172565835
7557,2.4618489712649825,2.3771508498949343,0.08469812137004817
7558,2.2967104334731188,2.2058147073348144,0.09089572613830432
7559,2.4294348580423155,2.347214861993937,0.08221999604837871
7560,2.485710612868331,2.4262256371771214,0.059484975691209474
7561,2.5671986730897682,2.503847215007195,0.06335145808257314
7562,2.4482984698535595,2.3623802949624655,0.08591817489109399
7563,2.485404910924596,2.407093728646471,0.07831118227812528
7564,2.2415929821285565,2.1356312906449517,0.10596169148360479
7565,2.410600974780998,2.3363293632938955,0.0742716114871027
7566,2.383665680672496,2.2911044105749814,0.09256127009751447
7567,2.405259840315742,2.3247148163620763,0.08054502395366558
7568,2.4009121537507387,2.3184283829389556,0.08248377081178315
7569,2.472387438366427,2.380760658738225,0.0916267796282022
7570,2.3934725942555435,2.320511904782635,0.07296068947290868
7571,2.437388355427188,2.3632142893973183,0.07417406602986976
7572,2.2824673530943054,2.17866278742398,0.10380456567032548
7573,2.3552970686331838,2.2589162165293857,0.0963808521037981
7574,2.4773821470529604,2.3965903261945787,0.08079182085838177
7575,2.4669416883644684,2.4014257837683513,0.06551590459611711
7576,2.7128269828977642,2.687212655822776,0.025614327074988452
7577,2.581136474756653,2.53561075477397,0.045525719982682844
7578,2.347395143569943,2.2570302542669607,0.09036488930298248
7579,2.430073078000938,2.346228460905122,0.08384461709581581
7580,2.3120176128935856,2.206642140003854,0.10537547288973181
7581,2.649871022594519,2.6432195708642983,0.006651451730220526
7582,2.3212743130803966,2.233954306008816,0.08732000707158072
7583,2.4412696126938522,2.3580837366799017,0.08318587601395055
7584,2.498974218137994,2.4469686607768564,0.052005557361137544
7585,2.4299501628904077,2.3368279636240183,0.09312219926638932
7586,2.5899857382379974,2.5448165348040592,0.045169203433938154
7587,2.33776630099751,2.252569130854111,0.08519717014339889
7588,2.435994614979097,2.3653662517451766,0.07062836323392041
7589,2.3672401343931706,2.285573684495914,0.08166644989725658
7590,2.380128316776803,2.2966274350183706,0.0835008817584324
7591,2.289560539424851,2.1881663101715065,0.10139422925334429
7592,2.4076521665955624,2.334481532202696,0.07317063439286642
7593,2.4498851858275406,2.3673495370005684,0.08253564882697217
7594,2.4674963731529655,2.4050262479609055,0.06247012519206008
7595,2.4721893917769426,2.4180809139341086,0.05410847784283401
7596,2.402165838632141,2.3272224170309097,0.07494342160123146
7597,2.242074267700632,2.143460296542951,0.09861397115768122
7598,2.34408020232247,2.257122955870406,0.08695724645206404
7599,2.4105895381186535,2.3320325255656114,0.07855701255304215
7600,2.401969493452188,2.313372735356879,0.08859675809530865
7601,2.6046401749570096,2.5852411182057686,0.019399056751240984
7602,2.376935300604015,2.281885202391423,0.09505009821259192
7603,2.480421204437506,2.4221684707520232,0.05825273368548256
7604,2.4303270029254773,2.343493686912708,0.08683331601276922
7605,2.3997123825788877,2.3193988295629255,0.08031355301596221
7606,2.560739633649988,2.5065135356964094,0.05422609795357847
7607,2.5167280111394046,2.4485834586633204,0.0681445524760842
7608,2.4951601559801846,2.446355886084684,0.048804269895500685
7609,2.325801559176609,2.2321999647114925,0.09360159446511629
7610,2.228700012576231,2.113262806539606,0.1154372060366251
7611,2.3077976479303675,2.2128151192279937,0.09498252870237378
7612,2.2354106176502246,2.1279994243271623,0.10741119332306237
7613,2.4404426066887033,2.3579249331342664,0.08251767355443684
7614,2.3307914086749855,2.2350796153913017,0.09571179328368373
7615,2.389039373241831,2.3138414495483155,0.07519792369351563
7616,2.4964720768260418,2.427003512911274,0.06946856391476786
7617,2.3520023624014588,2.2638429083372063,0.08815945406425252
7618,2.418172284520781,2.3367357013306513,0.08143658319012959
7619,2.4057314307526423,2.3160986087910898,0.08963282196155253
7620,2.2754660606346695,2.1752435854397776,0.10022247519489191
7621,2.3957640290557234,2.302104272787865,0.09365975626785827
7622,2.3789487870896506,2.298695698350279,0.08025308873937176
7623,2.4661857649064687,2.4235836108247275,0.04260215408174117
7624,2.385799768834028,2.3066185240763106,0.07918124475771737
7625,2.439377055469383,2.3506592814358953,0.0887177740334879
7626,2.4252455226659144,2.3550144408108484,0.07023108185506599
7627,2.279833843949372,2.172032357671473,0.1078014862778991
7628,2.735857356225189,2.7185535791366635,0.017303777088525596
7629,2.6990158646420217,2.6555138251705923,0.04350203947142939
7630,2.508847623599198,2.424553221415864,0.08429440218333406
7631,2.280759754364192,2.1742046651232836,0.10655508924090862
7632,2.382375246113401,2.297160555132615,0.08521469098078605
7633,2.367712656156431,2.270224672822118,0.09748798333431319
7634,2.375181997949513,2.3059261693966007,0.06925582855291212
7635,2.3247319112594496,2.2232617461900865,0.10147016506936302
7636,2.325624735057654,2.2290508307693577,0.09657390428829649
7637,2.4743403771616026,2.401102269402752,0.07323810775885065
7638,2.4222788688940837,2.3506601556280198,0.07161871326606395
7639,2.388343388143181,2.3059877070979184,0.08235568104526259
7640,2.439559500126747,2.3533301781174627,0.08622932200928446
7641,2.488298738424912,2.430601792531095,0.057696945893816576
7642,2.287572467346106,2.167749030458714,0.11982343688739228
7643,2.52700653672858,2.4712862064752175,0.05572033025336243
7644,2.353847544741275,2.2670761805022193,0.08677136423905596
7645,2.4271602231257754,2.3411262747363395,0.0860339483894359
7646,2.3932636437277846,2.3059302029204423,0.08733344080734229
7647,2.338937466731555,2.2499361323575062,0.08900133437404856
7648,2.5029671120914463,2.438076887986148,0.06489022410529843
7649,2.3718336011569185,2.2777548866307615,0.09407871452615701
7650,2.376482917816892,2.290272629487504,0.08621028832938782
7651,2.4753490826963755,2.4037236393779566,0.07162544331841891
7652,2.3533001567856724,2.255539213906278,0.09776094287939419
7653,2.382742928529339,2.306756058833616,0.07598686969572332
7654,2.290534177407412,2.185682140472637,0.10485203693477496
7655,2.461105866273486,2.389264808819555,0.07184105745393099
7656,2.286223811591781,2.183020016725312,0.1032037948664688
7657,2.5307390872273796,2.455457694806419,0.07528139242096055
7658,2.416465885389306,2.3487290025444487,0.06773688284485724
7659,2.7197534068590667,2.6892337142949234,0.03051969256414333
7660,2.405059975829968,2.3300764525257054,0.07498352330426261
7661,2.2903918971774866,2.19117872415314,0.09921317302434662
7662,2.3994403497626915,2.31718209975483,0.08225825000786147
7663,2.4749721583967177,2.3936174310273364,0.08135472736938132
7664,2.5335319823759916,2.471123798801316,0.06240818357467548
7665,2.310163236571332,2.2062091010913027,0.1039541354800293
7666,2.4686103398634316,2.4147610847303973,0.05384925513303429
7667,2.53020508719644,2.4699821380967735,0.06022294909966641
7668,2.3161346062463495,2.225544164491679,0.09059044175467035
7669,2.3913542278392903,2.3076027120883085,0.08375151575098183
7670,2.3235158843179087,2.2207309684675822,0.10278491585032645
7671,2.343839638676816,2.2391180540829816,0.1047215845938343
7672,2.396470286839144,2.322777313235657,0.07369297360348703
7673,2.450205136376078,2.3656869432515446,0.08451819312453335
7674,2.284039303482729,2.1712385664603806,0.1128007370223485
7675,2.4607842380236953,2.38912666046792,0.07165757755577529
7676,2.5431674660477492,2.4706983772888944,0.07246908875885483
7677,2.3132745099571137,2.2246733566748893,0.0886011532822244
7678,2.3811848568373075,2.283891086450169,0.0972937703871386
7679,2.5426168945700827,2.485507226661892,0.05710966790819061
7680,2.42913425368055,2.364955960124388,0.06417829355616167
7681,2.4772159494795845,2.402909164438824,0.07430678504076038
7682,2.5556637833311875,2.5007543154969705,0.05490946783421702
7683,2.4096888546024413,2.3271428542511368,0.08254600035130455
7684,2.305898048815537,2.2148385994126727,0.09105944940286426
7685,2.4090565385740343,2.3260524206471986,0.08300411792683571
7686,2.3755904960735448,2.2918168162840207,0.0837736797895241
7687,2.2978763183263213,2.197477331516611,0.10039898680971016
7688,2.3340864241474395,2.2499120335716336,0.08417439057580589
7689,2.464083862211831,2.388213289834811,0.07587057237701966
7690,2.339676627915378,2.244256841996897,0.09541978591848066
7691,2.3385657341887205,2.245995246387457,0.09257048780126365
7692,2.4499415604297523,2.3703258617703273,0.07961569865942497
7693,2.258406017267455,2.1487259464034225,0.10968007086403242
7694,2.2926150550692634,2.1997722731255775,0.09284278194368589
7695,2.3951231798848625,2.3050043587501268,0.09011882113473568
7696,2.3490711767632697,2.264751870853643,0.08431930590962677
7697,2.390370306398004,2.3205683061390525,0.06980200025895167
7698,2.2729318804786205,2.176080287549808,0.09685159292881229
7699,2.2295207841505107,2.115454437988954,0.11406634616155653
7700,2.525103719096012,2.4591549283828726,0.06594879071313953
7701,2.339318680104156,2.2495288677694285,0.0897898123347276
7702,2.3833614048431917,2.2958347188508443,0.08752668599234736
7703,2.331055774991619,2.2287810308740936,0.10227474411752535
7704,2.2677283332714278,2.1567443052170585,0.11098402805436924
7705,2.4856715291318676,2.4146057777400203,0.07106575139184734
7706,2.324718209558247,2.2317045439096574,0.0930136656485896
7707,2.4123258084452246,2.316406782940809,0.09591902550441578
7708,2.4411405099216976,2.3639639413550753,0.07717656856662236
7709,2.3158719901503444,2.231125129824531,0.08474686032581324
7710,2.4919035616494303,2.4301534164319074,0.06175014521752287
7711,2.337900947220319,2.2483308026540962,0.0895701445662227
7712,2.262310008905624,2.1525519775849498,0.1097580313206743
7713,2.459262884168623,2.3846788651998505,0.07458401896877254
7714,2.455405875349016,2.366751138832405,0.08865473651661127
7715,2.3703301876733285,2.2796999455902527,0.0906302420830758
7716,2.295813045292686,2.182401371074751,0.11341167421793497
7717,2.8252265123571023,2.8305392642375318,-0.005312751880429456
7718,2.287924208933368,2.1788530073813592,0.10907120155200856
7719,2.4193121769097075,2.332402818418969,0.08690935849073833
7720,2.277583330001812,2.1607031817005873,0.11688014830122473
7721,2.311875907699018,2.2282909839366623,0.0835849237623556
7722,2.470952093217746,2.399257150808925,0.07169494240882113
7723,2.374347702447561,2.2921089832893875,0.08223871915817371
7724,2.5110897141079107,2.456024481771527,0.05506523233638383
7725,2.4000999875572644,2.3098158853876756,0.09028410216958882
7726,2.336044734039551,2.24178691870194,0.09425781533761102
7727,2.41346912032769,2.3316250674067236,0.08184405292096653
7728,2.460966093516549,2.3865821780288528,0.0743839154876964
7729,2.5183328958601607,2.451684440370521,0.0666484554896396
7730,2.5756155123608573,2.519144666852495,0.056470845508362455
7731,2.282526977871319,2.1713966818163133,0.11113029605500557
7732,2.5937085061164242,2.540646380817349,0.05306212529907528
7733,2.3225729760523293,2.223817576361932,0.09875539969039737
7734,2.344551593484064,2.2405801387547992,0.10397145472926494
7735,2.397223484396998,2.324004907895455,0.07321857650154273
7736,2.373894879121002,2.286743632581697,0.08715124653930495
7737,2.5147215882189853,2.4543503791736003,0.060371209045384955
7738,2.2853775051742122,2.1844757480649446,0.10090175710926763
7739,2.2753468295790817,2.174273434356833,0.10107339522224867
7740,2.2890194347772765,2.190914581943975,0.0981048528333015
7741,2.3363664082890296,2.239876807219141,0.09648960106988858
7742,2.4043814283538567,2.3274717042788695,0.0769097240749872
7743,2.372573202737688,2.294304404580876,0.0782687981568122
7744,2.3539555047775016,2.2627804605901636,0.09117504418733802
7745,2.312320599119896,2.215808601090746,0.09651199802915
7746,2.551916192055821,2.5088020517737166,0.04311414028210425
7747,2.2049823342946095,2.084975077593777,0.12000725670083234
7748,2.3542362019748646,2.2571988746114426,0.09703732736342197
7749,2.449174896066504,2.3852319063808824,0.0639429896856214
7750,2.5130677508963934,2.433195273248912,0.07987247764748151
7751,2.439300473607023,2.3671786055448503,0.07212186806217291
7752,2.4354507806973564,2.3495099358747726,0.0859408448225838
7753,2.428327127136538,2.3566461348697265,0.07168099226681157
7754,2.3369631794441346,2.248728660062996,0.08823451938113847
7755,2.406951311536201,2.3126025975505584,0.09434871398564271
7756,2.290552529763042,2.1858889148405996,0.10466361492244225
7757,2.288090563030944,2.1887284682837236,0.09936209474722046
7758,2.5627243278715586,2.510957953381278,0.051766374490280764
7759,2.459547040710787,2.385002539268753,0.07454450144203406
7760,2.5525391181278154,2.492446484809581,0.060092633318234334
7761,2.466229714276545,2.3964004686582276,0.06982924561831716
7762,2.488333177915873,2.4273370916607804,0.060996086255092674
7763,2.675532565605103,2.645871505594494,0.029661060010609308
7764,2.3684478146445334,2.2802094980340484,0.08823831661048498
7765,2.3565506237839386,2.2510515013604073,0.10549912242353132
7766,2.3893236140081076,2.301342320190129,0.08798129381797848
7767,2.4069026353736507,2.3102774837429436,0.09662515163070706
7768,2.425203804360886,2.3526523150228376,0.07255148933804856
7769,2.41350553804473,2.3297533233300953,0.08375221471463457
7770,2.416643191297909,2.3305113556456267,0.08613183565228244
7771,2.3867356936653445,2.3153564302531566,0.07137926341218792
7772,2.3695434296912197,2.2820797379185414,0.08746369177267832
7773,2.2898680733894787,2.1766431187586965,0.11322495463078219
7774,2.514512889901325,2.450300742190239,0.06421214771108597
7775,2.3249139715009486,2.2246947951809846,0.10021917631996402
7776,2.417212785451347,2.33148243149415,0.08573035395719719
7777,2.355459923965153,2.2723010482998602,0.08315887566529279
7778,2.3784690551738485,2.2824733946552915,0.09599566051855701
7779,2.36637694478362,2.2763693121420125,0.0900076326416075
7780,2.3815314977994095,2.312427639598011,0.06910385820139853
7781,2.485860503059281,2.403605129852687,0.08225537320659404
7782,2.367306631210607,2.28573544756288,0.08157118364772709
7783,2.3300224897210664,2.2375916763229338,0.09243081339813264
7784,2.316936163447134,2.2305814228969507,0.08635474055018344
7785,2.2390565091017107,2.135565449356011,0.10349105974569994
7786,2.4518904911337764,2.372190452832027,0.07970003830174965
7787,2.268612633282567,2.16070299793044,0.10790963535212672
7788,2.4270517183787352,2.351135187744089,0.07591653063464632
7789,2.299989409142663,2.191726364379228,0.10826304476343473
7790,2.3441410716660327,2.2396046777476135,0.10453639391841918
7791,2.4152556974855384,2.343293599447719,0.07196209803781928
7792,2.5157115292177363,2.4641258818115643,0.051585647406172
7793,2.4177302495087996,2.3243499832354835,0.09338026627331608
7794,2.2925481387499955,2.1804936761032847,0.11205446264671082
7795,2.3297692868272746,2.2354182267933003,0.09435106003397431
7796,2.357138470570703,2.2666546915964982,0.09048377897420457
7797,2.3749289422309316,2.280864986465333,0.09406395576559845
7798,2.356039012114249,2.2682764771286,0.08776253498564923
7799,2.2499213415841033,2.146266353781796,0.1036549878023072
7800,2.3674735145048604,2.2773658731031357,0.09010764140172478
7801,2.3767167449506474,2.2866777418295414,0.09003900312110602
7802,2.3516475420973406,2.268173233357408,0.08347430873993256
7803,2.557676518224233,2.5024609758735674,0.055215542350665725
7804,2.3726020811553963,2.279792621915398,0.0928094592399984
7805,2.4014058623970103,2.3127708757984213,0.08863498659858893
7806,2.221263931148436,2.110332400285934,0.11093153086250229
7807,2.474737283431284,2.4243105755195433,0.05042670791174064
7808,2.4897435029632056,2.420462715926655,0.0692807870365506
7809,2.335471070547226,2.233016878569932,0.10245419197729388
7810,2.3455555418627836,2.2556583641498316,0.08989717771295203
7811,2.5479933940495845,2.477299948885826,0.07069344516375864
7812,2.3497881462812376,2.252130261883846,0.09765788439739165
7813,2.4084041785080053,2.332764732508872,0.07563944599913341
7814,2.492839002930862,2.4252998915838018,0.06753911134706003
7815,2.2702439151212332,2.1573080343774484,0.1129358807437848
7816,2.485630128897161,2.4175065153814534,0.0681236135157075
7817,2.5215055256898844,2.4574978481427125,0.06400767754717185
7818,2.3902728476064694,2.3072513267266768,0.08302152087979264
7819,2.266603988263268,2.1653055292533963,0.10129845900987178
7820,2.470858407321526,2.3883251528453635,0.08253325447616255
7821,2.3962137428423174,2.3011331911498263,0.09508055169249108
7822,2.458303449252657,2.385947807921964,0.07235564133069339
7823,2.4490349814352133,2.3800166357476784,0.06901834568753484
7824,2.554504242347312,2.4860702361168845,0.06843400623042761
7825,2.3968395895032097,2.3115776440360176,0.08526194546719212
7826,2.227849352742781,2.117072668975913,0.110776683766868
7827,2.433768772663024,2.3652694330680117,0.0684993395950122
7828,2.385978120174842,2.309122526497353,0.07685559367748862
7829,2.392504305433716,2.299784576501771,0.0927197289319448
7830,2.4825162778529837,2.4064407976856663,0.07607548016731736
7831,2.536702362688302,2.4863638177408993,0.05033854494740275
7832,2.232351630880413,2.111800535689104,0.12055109519130935
7833,2.2532356134762996,2.1346421350902043,0.11859347838609535
7834,2.4570807334710927,2.3824120813252603,0.0746686521458324
7835,2.2871848623565647,2.1866798219890575,0.10050504036750718
7836,2.266544367224454,2.157033431245873,0.10951093597858108
7837,2.328688141772475,2.2281272796243705,0.10056086214810467
7838,2.2917596835417458,2.189972105955799,0.10178757758594692
7839,2.5515052793979525,2.487449753880907,0.06405552551704563
7840,2.4871458035937435,2.4064944920662765,0.08065131152746696
7841,2.252335983263174,2.1422287144917065,0.11010726877146748
7842,2.385027538357519,2.313237357816479,0.07179018054103992
7843,2.27458970473824,2.176914741219671,0.09767496351856897
7844,2.4748735746270194,2.4231336979978986,0.05173987662912083
7845,2.40788229821207,2.3027535525057083,0.10512874570636166
7846,2.3494321396475155,2.2468998152340247,0.1025323244134908
7847,2.3690719428202156,2.2796446814361717,0.08942726138404389
7848,2.3595895166220004,2.2594494004588404,0.1001401161631601
7849,2.479506548875451,2.4065467638198825,0.07295978505556855
7850,2.3959913822685364,2.318031820635981,0.07795956163255546
7851,2.3357458567963816,2.2476427224615168,0.08810313433486483
7852,2.455869628111716,2.3882494909380436,0.06762013717367221
7853,2.426255161514389,2.3423632807449937,0.08389188076939513
7854,2.421142577742253,2.3618701225054295,0.05927245523682334
7855,2.469122969395118,2.4019567384144813,0.06716623098063668
7856,2.2797299949931005,2.180244228142265,0.09948576685083532
7857,2.4853618267745605,2.4276671434102504,0.05769468336431016
7858,2.4999285945321184,2.417023872253166,0.08290472227895229
7859,2.361115209776522,2.271260257424937,0.08985495235158458
7860,2.353218672126785,2.2583996919810185,0.0948189801457664
7861,2.2759845803044416,2.1690589158854183,0.10692566441902329
7862,2.447485394014367,2.3622768123371154,0.08520858167725143
7863,2.39870959894143,2.304464656759911,0.0942449421815188
7864,2.5351199500204156,2.4940376286479284,0.04108232137248713
7865,2.5500562753415905,2.5007384347675927,0.049317840573997795
7866,2.339533492986861,2.241758451244444,0.09777504174241702
7867,2.4815293868170336,2.4271654026656795,0.05436398415135413
7868,2.359012181549073,2.289973460115875,0.069038721433198
7869,2.6628333418274206,2.634513026682436,0.028320315144984676
7870,2.552789049221173,2.4943448766356138,0.05844417258555934
7871,2.4149039289488843,2.340329341592197,0.07457458735668743
7872,2.3660226624611846,2.277418638994135,0.08860402346704976
7873,2.295393878625064,2.1998593260119352,0.09553455261312882
7874,2.369551319673126,2.2762155744307933,0.0933357452423329
7875,2.4075452004089963,2.3502141006696253,0.057331099739371005
7876,2.5273141119862608,2.4718213786097882,0.055492733376472536
7877,2.262309616985554,2.1533864707241617,0.10892314626139221
7878,2.514720323773598,2.457928827538284,0.05679149623531421
7879,2.315133649269148,2.2170782330275736,0.09805541624157454
7880,2.38039516305269,2.294770229037684,0.08562493401500593
7881,2.5147044517972335,2.453529735916225,0.061174715881008535
7882,2.3324195108918495,2.2403803355485508,0.09203917534329875
7883,2.3623666841714432,2.2690044960887867,0.0933621880826565
7884,2.254594417800747,2.1563400128621604,0.0982544049385865
7885,2.3297463721156335,2.2317642988502393,0.09798207326539421
7886,2.4810410595021137,2.4086479513718366,0.0723931081302771
7887,2.221381264814695,2.1041293668007217,0.1172518980139734
7888,2.408389735587595,2.305803357756491,0.1025863778311038
7889,2.3440416976789353,2.2462361139688602,0.09780558371007508
7890,2.5219320380746875,2.4806263856433555,0.041305652431331996
7891,2.341869089865667,2.256648319495984,0.08522077036968279
7892,2.424743822624322,2.3297482658841133,0.09499555674020854
7893,2.47722600903273,2.3951535281932825,0.08207248083944751
7894,2.3801716865044846,2.307901419120881,0.07227026738360376
7895,2.3498296056698975,2.250837389253059,0.09899221641683864
7896,2.3748652159020778,2.288314977021966,0.0865502388801116
7897,2.444627944953431,2.3781160620867112,0.06651188286671994
7898,2.4546056483565817,2.374376186498555,0.0802294618580266
7899,2.3573778115310593,2.2666505787222055,0.09072723280885375
7900,2.3537968593558896,2.2572431562489887,0.09655370310690081
7901,2.4126251060152617,2.3206656179321663,0.0919594880830954
7902,2.3888761168040658,2.2944684747024144,0.09440764210165131
7903,2.396431453845844,2.3163127027507064,0.08011875109513777
7904,2.2972833097935124,2.1932964052011483,0.10398690459236404
7905,2.293847064067843,2.1870655251801927,0.1067815388876503
7906,2.369461827520805,2.273986729167719,0.0954750983530861
7907,2.226720287258988,2.1114829898898444,0.11523729736914357
7908,2.3133451773805085,2.211403218981336,0.10194195839917253
7909,2.545758480445853,2.487580301715363,0.05817817873049025
7910,2.634010019578581,2.6040895611009387,0.029920458477642242
7911,2.435986487436056,2.361579947837907,0.07440653959814902
7912,2.429302856746584,2.3333372834721984,0.09596557327438582
7913,2.3120034103991656,2.2143096503558795,0.09769376004328612
7914,2.5841264299657487,2.5307015830069424,0.05342484695880634
7915,2.3798654692932337,2.2905657147678506,0.08929975452538308
7916,2.351804721586395,2.2553705952965286,0.09643412628986647
7917,2.344418798566988,2.2630915993646843,0.08132719920230391
7918,2.511045858835615,2.456739367466332,0.054306491369283005
7919,2.37913741519338,2.2862401046419505,0.09289731055142969
7920,2.3036183866791187,2.200298327872033,0.1033200588070855
7921,2.49404116473588,2.4430901915011938,0.050950973234686
7922,2.578808011624961,2.513982192591251,0.0648258190337101
7923,2.530467992241205,2.4766566776464236,0.05381131459478139
7924,2.34047091467633,2.2427448525369873,0.09772606213934276
7925,2.3630297771064583,2.278697070152086,0.08433270695437223
7926,2.4526073425034913,2.3937919264591736,0.058815416044317725
7927,2.322768953807041,2.2173482788655137,0.10542067494152718
7928,2.426277233027067,2.3379473114299407,0.08832992159712649
7929,2.461527756981811,2.4075569495901448,0.05397080739166604
7930,2.3270021004824417,2.2333763141482628,0.09362578633417895
7931,2.5179971526171303,2.4512498178239266,0.06674733479320372
7932,2.3450930404380816,2.2512359058465594,0.09385713459152223
7933,2.44655296289902,2.378873166182393,0.06767979671662694
7934,2.3986750072513288,2.30551607075701,0.09315893649431883
7935,2.4166848573337427,2.3516855919594617,0.06499926537428102
7936,2.3176150169349063,2.2330175569336097,0.08459746000129664
7937,2.4040043867560774,2.3310447260361644,0.072959660719913
7938,2.331904492209909,2.223813823186387,0.10809066902352216
7939,2.3167769096911535,2.2204255718311794,0.09635133785997407
7940,2.552981630777629,2.5001666682174095,0.05281496256021967
7941,2.5346832102471346,2.4919682855342193,0.04271492471291527
7942,2.3850105720307724,2.2936161035594713,0.09139446847130106
7943,2.391372395821305,2.3063457592411334,0.08502663658017173
7944,2.4767403289145244,2.4095874552427636,0.06715287367176082
7945,2.6452053811949012,2.6166100862642496,0.028595294930651605
7946,2.4053926826442504,2.3295616240896484,0.07583105855460204
7947,2.5202926436041664,2.4499799211243265,0.07031272247983988
7948,2.5091061280389577,2.440414369558864,0.06869175848009368
7949,2.702517704920423,2.704798252632402,-0.00228054771197872
7950,2.3755274829023327,2.28483939783833,0.09068808506400261
7951,2.5267979954354107,2.4645837528980072,0.062214242537403486
7952,2.3769136415469894,2.2837616398396334,0.09315200170735594
7953,2.3599305935575017,2.267185299523425,0.0927452940340765
7954,2.4851540381343415,2.4104154629898957,0.07473857514444582
7955,2.427093895792347,2.347248949630169,0.07984494616217797
7956,2.414646969764227,2.3324008830700125,0.08224608669421452
7957,2.3886165289546613,2.311040381333018,0.07757614762164344
7958,2.37259325670558,2.2727867807248163,0.09980647598076375
7959,2.3683887464835958,2.290544176670322,0.0778445698132737
7960,2.4603205128203847,2.3918716509071745,0.0684488619132102
7961,2.359586514023565,2.2639850623425053,0.09560145168105949
7962,2.5944452225074848,2.5572372621993917,0.037207960308093035
7963,2.2912159480358376,2.1793657338600565,0.11185021417578112
7964,2.2947025619742734,2.205420487200336,0.08928207477393757
7965,2.3796435981527764,2.298615152158941,0.08102844599383552
7966,2.5883872314860867,2.549881589772954,0.03850564171313264
7967,2.5267507198163526,2.4792598635652556,0.04749085625109695
7968,2.322077592708515,2.2350374702424936,0.08704012246602133
7969,2.3758265541411374,2.2871788075502724,0.08864774659086505
7970,2.489304412115133,2.438814037284997,0.05049037483013574
7971,2.2698437624894945,2.155178770398614,0.11466499209088044
7972,2.401155867983385,2.2993218269210063,0.10183404106237859
7973,2.4661462940395653,2.393144581889514,0.07300171215005147
7974,2.3612181015553593,2.2878949881099513,0.07332311344540798
7975,2.328173427493281,2.23132723213997,0.09684619535331063
7976,2.371096153436731,2.284620965139338,0.08647518829739287
7977,2.2998816350349225,2.2054561231236445,0.09442551191127802
7978,2.4598512510440655,2.3904572592547937,0.06939399178927186
7979,2.492010377402802,2.409415884743722,0.08259449265908003
7980,2.271794756353491,2.1646837752085535,0.10711098114493733
7981,2.468985284291734,2.38644237400124,0.08254291029049421
7982,2.481187925765473,2.40525554725373,0.07593237851174317
7983,2.471700169033373,2.3914490814757436,0.08025108755762922
7984,2.346150673969293,2.2600955889326455,0.0860550850366475
7985,2.3515031172230763,2.2486278270563407,0.10287529016673558
7986,2.4584411047893413,2.389727904598718,0.06871320019062344
7987,2.551848991169217,2.5096135249262934,0.042235466242923625
7988,2.3279467563057383,2.232846885176175,0.09509987112956342
7989,2.2906001849890836,2.1914470642327,0.09915312075638338
7990,2.337035926695095,2.251728891941063,0.0853070347540319
7991,2.47715071902071,2.4136592777639008,0.06349144125680928
7992,2.4689793259416133,2.3903181533074553,0.07866117263415795
7993,2.3022406683769576,2.1988782468298216,0.10336242154713604
7994,2.4223088474913577,2.3522444028284846,0.0700644446628731
7995,2.2739477667208363,2.1613897872805783,0.11255797944025803
7996,2.4116744649827884,2.3355454868360264,0.076128978146762
7997,2.3808487822775657,2.303598824242086,0.07724995803547952
7998,2.2798798499948756,2.169601505799671,0.11027834419520444
7999,2.3788520842678844,2.278891545734336,0.09996053853354825
8000,2.346034703749416,2.2464288880147483,0.09960581573466776
8001,2.289169055073365,2.178948899518682,0.11022015555468334
8002,2.5806085914100136,2.5278382846524172,0.05277030675759642
8003,2.4027126440041715,2.3149358569451617,0.08777678705900982
8004,2.619663535332496,2.5761873179355237,0.043476217396972494
8005,2.397932225646727,2.3215759657340604,0.07635625991266659
8006,2.4612575999523414,2.384068562204802,0.07718903774753949
8007,2.440570965490231,2.3737885905775435,0.06678237491268746
8008,2.442249264082451,2.3694295456668257,0.07281971841562518
8009,2.4326633078441784,2.3501834621986375,0.0824798456455409
8010,2.3798966186244734,2.2877107571543327,0.09218586147014074
8011,2.2649170957540963,2.1509193176721,0.11399777808199607
8012,2.345560412893814,2.2472512100258353,0.09830920286797884
8013,2.44947041038756,2.3748153199534,0.07465509043416008
8014,2.4625482402613623,2.3933541941363585,0.0691940461250038
8015,2.463085040617327,2.3958613323042406,0.06722370831308622
8016,2.3366384788754666,2.2361152389573298,0.10052323991813683
8017,2.4389765628581985,2.3679861592248272,0.07099040363337128
8018,2.4667947917529713,2.41539829220272,0.051396499550251384
8019,2.491263938649687,2.4278396041023926,0.06342433454729424
8020,2.287718113894085,2.1868572324710445,0.10086088142304073
8021,2.386136584551011,2.3141381836293067,0.07199840092170451
8022,2.6859458790467348,2.6449242966745787,0.04102158237215603
8023,2.384820482444773,2.3140664635350587,0.07075401890971422
8024,2.5189168614743513,2.4693923364062806,0.0495245250680707
8025,2.3225746779571197,2.218114942673785,0.10445973528333452
8026,2.4318783952960334,2.362764715769699,0.06911367952633451
8027,2.3616866933943657,2.2602526962628704,0.10143399713149526
8028,2.413721399961028,2.3382744160407145,0.07544698392031357
8029,2.5006074422069084,2.4304705410045893,0.07013690120231919
8030,2.3333365293662136,2.239278673205471,0.09405785616074258
8031,2.4096307265272308,2.3265068645091964,0.08312386201803434
8032,2.3855082454461813,2.2847712488797502,0.10073699656643109
8033,2.2971370164378135,2.2081423418385793,0.08899467459923427
8034,2.4533703296446405,2.3719605011100353,0.08140982853460521
8035,2.608184052299844,2.584310466949183,0.023873585350660864
8036,2.2944765245457264,2.19708343987525,0.09739308467047625
8037,2.75394888198588,2.745798546070218,0.008150335915662055
8038,2.5071645565424747,2.4476411056425342,0.05952345089994049
8039,2.37826639557248,2.2996822527296286,0.07858414284285153
8040,2.5203091859407687,2.4946270225187566,0.025682163422012128
8041,2.482448252587884,2.406997033037081,0.07545121955080303
8042,2.375245884109966,2.284639210764576,0.0906066733453903
8043,2.418483378612857,2.3348700747740345,0.08361330383882226
8044,2.373037592057655,2.2793689543473517,0.09366863771030332
8045,2.3512173503514795,2.2778011735567185,0.07341617679476098
8046,2.4579089636060147,2.3796167053176824,0.0782922582883323
8047,2.4015784991830436,2.308491876963971,0.09308662221907271
8048,2.4284931315108573,2.357298276278328,0.07119485523252944
8049,2.3554832278626394,2.2718199383343087,0.08366328952833069
8050,2.329740533189732,2.232106619628562,0.0976339135611699
8051,2.4229183153282676,2.335103728629119,0.08781458669914866
8052,2.69265361161392,2.692004467895188,0.000649143718731704
8053,2.353716229119188,2.249113021920297,0.10460320719889094
8054,2.358613156863124,2.2613752338156825,0.09723792304744139
8055,2.3940808854373103,2.3066872576878996,0.08739362774941073
8056,2.4327137188983565,2.361130184099246,0.07158353479911073
8057,2.322544226421581,2.225626192375431,0.0969180340461504
8058,2.6090989995808336,2.563653446181439,0.04544555339939471
8059,2.489561338919327,2.4110569773812913,0.07850436153803564
8060,2.3535751992930476,2.263616773805001,0.08995842548804678
8061,2.289081457365513,2.1927713023928206,0.09631015497269235
8062,2.3126477501608447,2.2123132453842187,0.10033450477662598
8063,2.362307164045181,2.2696340824095707,0.09267308163561028
8064,2.406937051312533,2.3175641064302197,0.08937294488231329
8065,2.6299818184049997,2.580578187769489,0.04940363063551079
8066,2.4492646788941075,2.3938043760932435,0.055460302800864
8067,2.4718397001279215,2.4024218431816977,0.06941785694622382
8068,2.3308249765838065,2.232616078245208,0.0982088983385987
8069,2.2936045305346635,2.1982012945493175,0.09540323598534606
8070,2.6360146505972337,2.5948753026488407,0.041139347948393024
8071,2.2558160540284757,2.1504659421805012,0.10535011184797449
8072,2.4056814483222286,2.318667873342395,0.08701357497983375
8073,2.469357018790693,2.403820839204659,0.06553617958603386
8074,2.512909951461242,2.4533195800052465,0.05959037145599533
8075,2.270904076957981,2.1701358102261183,0.10076826673186279
8076,2.3761167414834627,2.285871229034924,0.09024551244853862
8077,2.358137253104457,2.272356641874469,0.08578061122998815
8078,2.463746786852417,2.3951915987631467,0.0685551880892703
8079,2.390314344881327,2.3100105681781717,0.08030377670315536
8080,2.3817239383774225,2.304291305093029,0.07743263328439332
8081,2.3466178279491725,2.2496130123426146,0.09700481560655794
8082,2.4490139627468936,2.372322373742048,0.07669158900484563
8083,2.414257095764399,2.327849633871179,0.08640746189322002
8084,2.3235716135420463,2.225333160115078,0.09823845342696824
8085,2.3941645073270497,2.3252953735575566,0.06886913376949311
8086,2.358290978320901,2.27047988232921,0.0878110959916909
8087,2.41283235128492,2.3304557625819364,0.0823765887029837
8088,2.3606121339959616,2.2610580493052206,0.09955408469074101
8089,2.4674809042264263,2.3945264834087516,0.07295442081767467
8090,2.324351819111632,2.2313179786873474,0.09303384042428453
8091,2.5872700709427963,2.5289417807009693,0.05832829024182695
8092,2.425049714256425,2.344239524097078,0.08081019015934698
8093,2.488395896882046,2.4132761040953006,0.07511979278674552
8094,2.527283840534835,2.4689793301978757,0.05830451033695905
8095,2.4231793192377826,2.3388846987864182,0.08429462045136438
8096,2.4188222770360133,2.3374845202920933,0.08133775674391996
8097,2.371041753559898,2.2822421973920495,0.08879955616784851
8098,2.329972811571402,2.232431555039531,0.09754125653187096
8099,2.3318442979768843,2.242905464197827,0.08893883377905709
8100,2.3874949191485633,2.3131652228214703,0.07432969632709296
8101,2.494247661856568,2.4238631945731774,0.07038446728339043
8102,2.342819484935058,2.248768238086198,0.0940512468488599
8103,2.3264976736815424,2.237373772116059,0.08912390156548344
8104,2.4054223404928328,2.3265054444822226,0.07891689601061014
8105,2.396856992644534,2.312963320251213,0.0838936723933208
8106,2.442429881322153,2.365016061665164,0.07741381965698935
8107,2.2778857431747968,2.1719144073110295,0.10597133586376728
8108,2.361428633139925,2.2618626436262095,0.09956598951371554
8109,2.4114823453678103,2.316364052169337,0.09511829319847331
8110,2.3847532356253054,2.3009260728452943,0.08382716278001112
8111,2.4116586485405884,2.3317925157519754,0.07986613278861299
8112,2.326734353687252,2.236014205464072,0.09072014822318009
8113,2.4327275264267563,2.3596875359048757,0.0730399905218806
8114,2.379551112995846,2.286477885335085,0.09307322766076132
8115,2.4859650743110153,2.4031937141345248,0.08277136017649056
8116,2.428878436589913,2.3625982675813537,0.06628016900855949
8117,2.3357469924420884,2.2443808144099253,0.09136617803216307
8118,2.562807424494049,2.5132568046569377,0.0495506198371114
8119,2.352368522481534,2.264313600355436,0.08805492212609778
8120,2.3488991884322763,2.2528429808040134,0.09605620762826295
8121,2.2848667500896367,2.167972154524015,0.11689459556562154
8122,2.3144214313548823,2.2151958402840544,0.09922559107082796
8123,2.513175867188587,2.457461578921483,0.055714288267104006
8124,2.423483290368339,2.341496079667562,0.08198721070077708
8125,2.5034190077604364,2.4349005249798257,0.06851848278061068
8126,2.338997580227511,2.2505134046835997,0.08848417554391119
8127,2.6149649480725423,2.5802677182848712,0.03469722978767109
8128,2.3520753258511014,2.26383386202448,0.08824146382662157
8129,2.3649501077579624,2.268526369413883,0.09642373834407936
8130,2.4206649087013767,2.34827569582932,0.07238921287205669
8131,2.423399487262915,2.349145832342989,0.07425365491992642
8132,2.3036352231384245,2.201906666850582,0.1017285562878425
8133,2.363731920709377,2.2641081331201094,0.09962378758926782
8134,2.3046560384065327,2.2084224482706274,0.09623359013590527
8135,2.3584545883061905,2.2656303691297475,0.09282421917644301
8136,2.4517929445897235,2.3829712537571384,0.06882169083258516
8137,2.4192268751718298,2.349571140465188,0.06965573470664177
8138,2.4489597012441924,2.3860750314512926,0.06288466979289975
8139,2.3261032070703638,2.227532786320825,0.09857042074953881
8140,2.339102527714758,2.22912132789422,0.10998119982053822
8141,2.3913763711137466,2.2947730880605164,0.09660328305323018
8142,2.3571849405602294,2.2732144098783986,0.0839705306818308
8143,2.359540663435132,2.2565898393786727,0.10295082405645939
8144,2.9470734220824806,3.0006687549557767,-0.0535953328732961
8145,2.365046229789517,2.279607520717802,0.08543870907171502
8146,2.4986119104522087,2.446300173367468,0.052311737084740795
8147,2.3949541515810986,2.317600766996491,0.07735338458460772
8148,2.374006681485785,2.296191626727737,0.07781505475804806
8149,2.4163508337065704,2.335182694831571,0.08116813887499941
8150,2.2231182291699727,2.105198667855027,0.11791956131494574
8151,2.4884871249615483,2.407707352559275,0.08077977240227341
8152,2.5673004148971255,2.517611981544732,0.04968843335239326
8153,2.2593620052245593,2.1440968672136664,0.11526513801089289
8154,2.462648158448387,2.380210013232464,0.08243814521592308
8155,2.513958436873405,2.4445875042304688,0.06937093264293637
8156,2.402524344808769,2.321308792938699,0.08121555187007035
8157,2.34827327651787,2.249209876484167,0.09906340003370318
8158,2.3687701903291094,2.2835550225455914,0.08521516778351801
8159,2.688952316259331,2.6568223203600536,0.032129995899277564
8160,2.4066404842842406,2.3294165173644767,0.07722396691976385
8161,2.3832301233400344,2.295147623860504,0.08808249947953017
8162,2.3811940284891673,2.300471642853137,0.0807223856360304
8163,2.3906997528612997,2.3060507577321463,0.08464899512915336
8164,2.3754774669348744,2.2944439628542557,0.08103350408061871
8165,2.423116119852859,2.3395471634946605,0.0835689563581985
8166,2.405098091167701,2.333163081107902,0.07193501005979908
8167,2.3536595423619144,2.2660448523101895,0.08761469005172495
8168,2.501279310822369,2.4166593749511827,0.08461993587118632
8169,2.523698144915143,2.470851011907609,0.052847133007534186
8170,2.425200637765818,2.3540852403305017,0.07111539743531647
8171,2.4771641175055703,2.404472057538802,0.07269205996676842
8172,2.422184574352318,2.3490628289367375,0.07312174541558036
8173,2.3545346924729644,2.266270982502494,0.0882637099704704
8174,2.5699965779412604,2.5197535785042473,0.05024299943701305
8175,2.4465078987887505,2.3658587053269553,0.08064919346179522
8176,2.2434799734753725,2.1362193757125483,0.10726059776282426
8177,2.3672508772817262,2.2668633189526854,0.10038755832904078
8178,2.6401115757670333,2.605928867421506,0.03418270834552706
8179,2.2847778125941938,2.182496008968089,0.10228180362610484
8180,2.3717671905946194,2.275500025120077,0.09626716547454217
8181,2.3277314043415114,2.2319704967807166,0.0957609075607948
8182,2.483014947496989,2.4124977916664982,0.0705171558304909
8183,2.42487197255302,2.3469138456734524,0.07795812687956749
8184,2.3517476942806645,2.268187744423282,0.08355994985738269
8185,2.3565713562761412,2.257120867124723,0.09945048915141808
8186,2.4628731826896986,2.401868053127207,0.0610051295624916
8187,2.3728361813065195,2.2856828882144042,0.08715329309211528
8188,2.387000757154985,2.298076284443209,0.08892447271177595
8189,2.405935653520233,2.318946463275095,0.08698919024513785
8190,2.5083468489837495,2.457217428279669,0.05112942070408044
8191,2.361401107650969,2.2689559518481266,0.0924451558028423
8192,2.350719241819178,2.2539392258704067,0.09678001594877106
8193,2.4003764727704553,2.3181860915525494,0.0821903812179059
8194,2.308537625625458,2.208296489088623,0.10024113653683475
8195,2.2599845438640416,2.15279474627877,0.10718979758527158
8196,2.384976893136099,2.29501060486217,0.08996628827392872
8197,2.3386934305698786,2.238063408869779,0.10063002170009971
8198,2.355427806748195,2.259008735840315,0.09641907090788004
8199,2.274019890433938,2.171938859094971,0.10208103133896707
8200,2.327138406669555,2.2263055069078166,0.10083289976173848
8201,2.4445419007819558,2.3674773059383276,0.07706459484362815
8202,2.3787598784616995,2.2847015327892928,0.09405834567240667
8203,2.675226416421657,2.6594756296370354,0.015750786784621607
8204,2.4205520728522103,2.3398375030732446,0.08071456977896574
8205,2.3504050681922277,2.2473945370998143,0.10301053109241343
8206,2.341274315447102,2.244690193637784,0.09658412180931819
8207,2.580075010196514,2.5414119545070197,0.03866305568949446
8208,2.426936645391518,2.352507822551446,0.0744288228400718
8209,2.3660040579571344,2.290508326070969,0.07549573188616554
8210,2.5032179580342726,2.437853233929781,0.06536472410449168
8211,2.3141483819545323,2.2103985304968545,0.10374985145767779
8212,2.4577659161181487,2.3781020585795467,0.07966385753860195
8213,2.3939855757842445,2.314698581316446,0.07928699446779852
8214,2.372836903050295,2.2765884419512252,0.0962484610990697
8215,2.2813082444899626,2.1800830906276984,0.10122515386226416
8216,2.570692019982105,2.5229000325044937,0.047791987477611375
8217,2.488016780499319,2.4200716907682125,0.06794508973110647
8218,2.3788472437556094,2.300016807011261,0.0788304367443482
8219,2.331441961629503,2.2402465088772305,0.09119545275227248
8220,2.436194338783553,2.3548597137695215,0.08133462501403166
8221,2.405698077699488,2.317122519898708,0.08857555780077986
8222,2.5478918165383417,2.4814090969942955,0.06648271954404628
8223,2.444673175376864,2.3742035261432894,0.07046964923357457
8224,2.468492921647864,2.3955669948119236,0.07292592683594057
8225,2.407301805446034,2.3268464114757306,0.08045539397030321
8226,2.3284868627580555,2.23506008401416,0.0934267787438956
8227,2.308557474060499,2.212345661112469,0.0962118129480296
8228,2.5037648973233395,2.43304021203999,0.07072468528334941
8229,2.3582489993590183,2.2625488928298743,0.09570010652914407
8230,2.351096444457676,2.2592380270731907,0.09185841738448541
8231,2.2903258233349577,2.1861458127694626,0.10418001056549508
8232,2.5038700168790817,2.432578059973875,0.07129195690520662
8233,2.3539010848500532,2.2619229975693775,0.09197808728067569
8234,2.3221779201576402,2.224847333731913,0.09733058642572745
8235,2.3419340829541633,2.2304041581347533,0.11152992481940993
8236,2.5261246181168135,2.482657125077348,0.0434674930394654
8237,2.3349156519886165,2.2425393465520855,0.09237630543653097
8238,2.5178371433478683,2.462146230001599,0.05569091334626952
8239,2.396818594137899,2.2986522823218523,0.09816631181604674
8240,2.3223513479371376,2.236513360738391,0.08583798719874647
8241,2.3871465948354667,2.305156992704791,0.08198960213067563
8242,2.3247019189093665,2.2255935288360273,0.09910839007333916
8243,2.456518697142841,2.3899167243982933,0.06660197274454793
8244,2.4975374557700034,2.4169472991696,0.08059015660040325
8245,2.531893734755361,2.4984521401969566,0.033441594558404564
8246,2.3170991651897377,2.213760785677826,0.1033383795119116
8247,2.3020592702275575,2.201625480322761,0.10043378990479646
8248,2.3405427558224563,2.238992268786998,0.10155048703545821
8249,2.628639292571344,2.5870928425491364,0.041546450022207804
8250,2.4219225083309954,2.334882597117287,0.08703991121370835
8251,2.301610758777326,2.200990438319893,0.10062032045743319
8252,2.4809449577752334,2.3967453597214043,0.08419959805382904
8253,2.5017838031992476,2.4418536476308916,0.059930155568356014
8254,2.366558874600445,2.28064259927752,0.085916275322925
8255,2.4824987889381007,2.42804221877912,0.05445657015898053
8256,2.2909058639236464,2.1831096320219237,0.10779623190172272
8257,2.4585166702235037,2.3974780962047677,0.061038574018736025
8258,2.4626646064443904,2.400579112196774,0.062085494247616335
8259,2.647247133299963,2.612683042559583,0.03456409074038014
8260,2.285713529261648,2.178010448902026,0.10770308035962195
8261,2.3477091277538813,2.2513139111863305,0.09639521656755079
8262,2.348466564358645,2.249657502556047,0.09880906180259785
8263,2.4590420075043626,2.3926469426562473,0.0663950648481153
8264,2.3776789740662805,2.28080207403996,0.09687690002632054
8265,2.5801774540785285,2.5381479656877444,0.04202948839078413
8266,2.4217501067235125,2.331065828768957,0.09068427795455536
8267,2.534842912679425,2.4810676317014893,0.053775280977935935
8268,2.3505702620958044,2.2566634932460956,0.09390676884970883
8269,2.3416037681897093,2.243454423626022,0.09814934456368718
8270,2.339483767035557,2.255620261762799,0.08386350527275788
8271,2.299738447154894,2.2003168886209354,0.09942155853395862
8272,2.3130365884809128,2.20327062109299,0.10976596738792255
8273,2.3523587320850456,2.2644092092958363,0.08794952278920931
8274,2.314236940220267,2.211660653760501,0.10257628645976613
8275,2.4370301954950873,2.3734889654786193,0.06354123001646794
8276,2.339509608910353,2.248904327288486,0.09060528162186676
8277,2.3263758677491735,2.2342782341309455,0.09209763361822798
8278,2.3368237956469424,2.2368614006950076,0.09996239495193482
8279,2.3122786038041436,2.220570557753113,0.09170804605103067
8280,2.3310038412384593,2.2290434362921236,0.10196040494633563
8281,2.30381855062861,2.1988935935494878,0.1049249570791222
8282,2.455089855579669,2.3883012184255996,0.06678863715406935
8283,2.4954926862511075,2.421638181033887,0.07385450521722037
8284,2.5768738856044453,2.5097567819393096,0.06711710366513568
8285,2.3452019443314365,2.2493550270606875,0.09584691727074901
8286,2.383949895962484,2.2939675771010886,0.08998231886139552
8287,2.6798674321606795,2.657645192787217,0.02222223937346257
8288,2.2955508270482943,2.1948202715583287,0.10073055548996557
8289,2.496788684224556,2.4265134233266203,0.07027526089793579
8290,2.310259728935193,2.1985722536056267,0.11168747532956624
8291,2.4262829901858294,2.3566326562637925,0.0696503339220369
8292,2.312056597491723,2.2219720719251326,0.0900845255665903
8293,2.484598388207017,2.4242451962675458,0.060353191939471085
8294,2.264336804354401,2.1656664127378784,0.09867039161652258
8295,2.280976188430721,2.1799947862996274,0.10098140213109374
8296,2.4107708610599485,2.326705867239662,0.08406499382028665
8297,2.5546833837910112,2.5080102753238918,0.04667310846711947
8298,2.62752409058512,2.5892452818808946,0.0382788087042254
8299,2.3686323820773483,2.263320015650474,0.10531236642687425
8300,2.3802671154735036,2.2959642360076704,0.08430287946583315
8301,2.382419161053148,2.3006412290863856,0.08177793196676264
8302,2.291541108642486,2.181314347980392,0.11022676066209414
8303,2.2984159241787867,2.1917707176980756,0.10664520648071107
8304,2.2578020143179813,2.1533303123217604,0.10447170199622091
8305,2.2293151071706494,2.117441978278926,0.11187312889172318
8306,2.374009635038057,2.285572076911085,0.08843755812697163
8307,2.3446917257707525,2.2501143488511697,0.09457737691958279
8308,2.39404051367291,2.3096006377489573,0.08443987592395263
8309,2.418850946652211,2.3357298354765623,0.08312111117564847
8310,2.3555332516314538,2.2564240290259394,0.09910922260551436
8311,2.5993956780880176,2.555084048299532,0.044311629788485796
8312,2.6375894809384453,2.5916285483926176,0.04596093254582767
8313,2.3163334590862834,2.214727666012612,0.10160579307367135
8314,2.440303626621502,2.3555229045735366,0.08478072204796527
8315,2.431130676894203,2.3544592525724113,0.07667142432179164
8316,2.39567392179128,2.3139698090532264,0.08170411273805378
8317,2.3913854225534616,2.3127111535383227,0.07867426901513896
8318,2.30359364955635,2.208902308039577,0.09469134151677272
8319,2.586102508242444,2.5622358829925087,0.023866625249935325
8320,2.658774818911466,2.6334589351978326,0.025315883713633358
8321,2.38589137257027,2.3178287259487567,0.06806264662151351
8322,2.3733291472092017,2.2910552548852654,0.08227389232393634
8323,2.386228410482042,2.304531025777627,0.08169738470441512
8324,2.43849809388328,2.3776627847655964,0.06083530911768342
8325,2.390992609758303,2.3036041674954286,0.08738844226287457
8326,2.3466997818818016,2.253656561074387,0.09304322080741478
8327,2.44662412791955,2.380055670679801,0.06656845723974891
8328,2.268235929673538,2.1631561401530366,0.10507978952050134
8329,2.432665737495175,2.351070812059095,0.08159492543607971
8330,2.4445750251250096,2.3635325108620133,0.08104251426299625
8331,2.4710447255786208,2.3948734694748013,0.07617125610381947
8332,2.426213262477196,2.346636623935106,0.07957663854209018
8333,2.5149061781381783,2.450642785848379,0.06426339228979927
8334,2.2402827403798966,2.127469976858247,0.11281276352164982
8335,2.3507054532414027,2.280430437970151,0.07027501527125146
8336,2.4286498109076526,2.3572280388156086,0.07142177209204403
8337,2.3456393615937388,2.2548647175048524,0.09077464408888636
8338,2.4040707548991014,2.3164457660134397,0.08762498888566173
8339,2.367180347311993,2.2718070689517984,0.09537327836019438
8340,2.4634468750051037,2.3926061154086296,0.07084075959647418
8341,2.3310687005446553,2.2476414052638187,0.08342729528083659
8342,2.4230766135253754,2.3496541828199846,0.07342243070539078
8343,2.4588380972429906,2.378077972276355,0.08076012496663543
8344,2.4121840534663312,2.3309757581991275,0.08120829526720375
8345,2.381589925631731,2.3008892060273136,0.0807007196044176
8346,2.263145950767797,2.159481033579231,0.10366491718856619
8347,2.2838985821910787,2.1869330106090934,0.09696557158198527
8348,2.6540511674511182,2.6133006637218053,0.04075050372931299
8349,2.422000242365771,2.3373205639076904,0.08467967845808078
8350,2.493537492107685,2.4241775473567233,0.06935994475096185
8351,2.275380985210282,2.17997847593025,0.09540250928003191
8352,2.4012002281175144,2.326456504620191,0.07474372349732361
8353,2.3872231271405684,2.2874196563057283,0.09980347083484009
8354,2.5345026038778578,2.4726949602339117,0.061807643643946086
8355,2.318441743992367,2.2318890658184056,0.08655267817396117
8356,2.4413491875533975,2.363067279235138,0.07828190831825932
8357,2.3967859353376055,2.304196482136916,0.09258945320068968
8358,2.3072045953690568,2.20426400866787,0.10294058670118655
8359,2.3336970470002085,2.2495925652703184,0.08410448172989016
8360,2.3822516328415593,2.2918923266377407,0.0903593062038186
8361,2.3837083458381914,2.2933915506568505,0.09031679518134084
8362,2.449279182786344,2.3739387579104774,0.07534042487586667
8363,2.332969166109101,2.2326776021907375,0.10029156391836347
8364,2.2045697433632503,2.0866778517119244,0.11789189165132585
8365,2.425599139788154,2.355615844948666,0.06998329483948806
8366,2.698671904327219,2.7113356105315405,-0.012663706204321556
8367,2.4303394846705357,2.3615841863438143,0.06875529832672145
8368,2.426235826593919,2.3546275836887087,0.07160824290521006
8369,2.3531001775503393,2.262778710310866,0.09032146723947321
8370,2.484960051519823,2.412913472372219,0.07204657914760393
8371,2.6451661849527266,2.6030282600441508,0.04213792490857582
8372,2.415934155441287,2.3359056432912904,0.08002851214999662
8373,2.3276821010625395,2.2320693012332904,0.09561279982924908
8374,2.4592828950551313,2.3949582759130914,0.06432461914203991
8375,2.5190190581683662,2.458882769758693,0.060136288409673444
8376,2.461231236109784,2.38574681269576,0.07548442341402373
8377,2.3870478529839363,2.3089403141997367,0.07810753878419963
8378,2.5098709190360515,2.4541143906127076,0.05575652842334389
8379,2.3966098881966285,2.3071707212828008,0.0894391669138277
8380,2.3746338294480784,2.287674581099137,0.08695924834894164
8381,2.4318550962497016,2.3850310297278097,0.04682406652189197
8382,2.2624268669909835,2.1554542847209825,0.10697258227000095
8383,2.24840957798331,2.137513984598949,0.11089559338436139
8384,2.447685705793038,2.3672138182983353,0.0804718874947028
8385,2.3286466824723497,2.222278864098207,0.10636781837414278
8386,2.4990499823143453,2.4151352096821994,0.08391477263214586
8387,2.3466493717860355,2.2566872025354052,0.08996216925063028
8388,2.439808115349885,2.3806213708584365,0.05918674449144845
8389,2.2824788315970297,2.1826694036022367,0.09980942799479298
8390,2.424550851172317,2.3482628688070486,0.07628798236526846
8391,2.4012185962280315,2.317428376297321,0.08379021993071056
8392,2.444120305932731,2.364728319409297,0.07939198652343382
8393,2.381181397085974,2.307568364394246,0.07361303269172792
8394,2.4733222158120074,2.414271181855111,0.05905103395689659
8395,2.4533931634834296,2.360412761505435,0.09298040197799473
8396,2.418181089234197,2.3281330554776063,0.09004803375659076
8397,2.4068740510485824,2.3114242967933567,0.09544975425522573
8398,2.351032322457229,2.270862604581613,0.080169717875616
8399,2.2996062950085863,2.192768181569881,0.1068381134387053
8400,2.3771859221024654,2.2866118966584943,0.09057402544397108
8401,2.3605058544882382,2.262333233198151,0.0981726212900873
8402,2.4381609143346994,2.3614862805769397,0.07667463375775974
8403,2.5458046920749697,2.4984114187265374,0.04739327334843235
8404,2.496004363525034,2.4572960422375676,0.038708321287466596
8405,2.4328768606202464,2.338783867129777,0.09409299349046929
8406,2.4303774795822193,2.3483947525675535,0.0819827270146658
8407,2.340579936431791,2.239497810929811,0.10108212550198026
8408,2.2900542916720217,2.1988429068855107,0.09121138478651103
8409,2.463060600374157,2.3995328297408407,0.06352777063331638
8410,2.3772713661085865,2.273127127914225,0.10414423819436136
8411,2.413547375803794,2.337919489170552,0.07562788663324227
8412,2.3352072094190843,2.226376887108142,0.10883032231094214
8413,2.4141786398150575,2.335250635289018,0.07892800452603943
8414,2.311924296204014,2.2121738286256503,0.09975046757836381
8415,2.29672167639781,2.188897418980382,0.10782425741742818
8416,2.4053180771717404,2.318528706095592,0.08678937107614848
8417,2.3782596045569075,2.2868124430383565,0.09144716151855103
8418,2.4884627286013106,2.4258304860711903,0.06263224253012023
8419,2.42572924250455,2.338718557454303,0.087010685050247
8420,2.3030683969701453,2.2009959043928387,0.10207249257730666
8421,2.57351867521488,2.516654302878348,0.056864372336531854
8422,2.330507107728581,2.238899421506942,0.09160768622163884
8423,2.4294129953485855,2.3522973998595944,0.07711559548899105
8424,2.2567972699372256,2.1474633952127067,0.10933387472451894
8425,2.3966527706137506,2.3047820892380146,0.09187068137573595
8426,2.364939651252459,2.2705947613065676,0.09434488994589163
8427,2.340997598719426,2.2460226056161248,0.09497499310330104
8428,2.5117316358262953,2.4492280146094756,0.06250362121681974
8429,2.395853600814482,2.322308661246755,0.07354493956772679
8430,2.4712348707149223,2.4063700289694947,0.06486484174542761
8431,2.3749514074106806,2.2868479816532354,0.08810342575744512
8432,2.392636498697553,2.3246108781852053,0.06802562051234773
8433,2.298756188607972,2.190265564952097,0.10849062365587514
8434,2.3894403903902703,2.306058567030239,0.08338182336003142
8435,2.3883098227716446,2.2936844894103485,0.09462533336129608
8436,2.501882384289024,2.440804537663061,0.06107784662596272
8437,2.446926482970495,2.378065540530257,0.06886094244023822
8438,2.384662652692792,2.3037402929102377,0.08092235978255413
8439,2.3868397423443626,2.2964145756577934,0.09042516668656919
8440,2.376398620232086,2.280863726951384,0.09553489328070208
8441,2.511945174699957,2.4325955062343683,0.07934966846558877
8442,2.456192422577547,2.3907620675515924,0.06543035502595451
8443,2.5878030657342874,2.560368226805665,0.02743483892862253
8444,2.4268344794711885,2.342155561269372,0.08467891820181661
8445,2.434809708009638,2.3492059563411063,0.08560375166853174
8446,2.392401776862833,2.3060542502131813,0.08634752664965184
8447,2.2997868813238465,2.1964238509314464,0.10336303039240002
8448,2.213561514144211,2.0936743992166105,0.11988711492760062
8449,2.4283399693639667,2.3488720465295345,0.07946792283443216
8450,2.3869996086400214,2.3000576008069937,0.08694200783302763
8451,2.5741600253855337,2.529949882129104,0.04421014325642947
8452,2.46627248349894,2.405966907779774,0.06030557571916617
8453,2.2832245549778767,2.168055263512107,0.1151692914657696
8454,2.3884219213947797,2.305562793418753,0.08285912797602668
8455,2.3703183398574215,2.2831161938332136,0.08720214602420784
8456,2.3131423424029434,2.2210303068456954,0.092112035557248
8457,2.419189766590545,2.3309365291334716,0.08825323745707347
8458,2.3035946040520145,2.201519469393758,0.10207513465825668
8459,2.2873074852895003,2.179209053539669,0.10809843174983147
8460,2.2400582347477482,2.1294521299071048,0.11060610484064348
8461,2.47140501630468,2.40822944319627,0.06317557310841027
8462,2.3619823014012082,2.2731559480272603,0.08882635337394795
8463,2.321361229745671,2.236939471617966,0.08442175812770492
8464,2.347591054662998,2.2710601441675227,0.07653091049547545
8465,2.3864817507554834,2.3043931278672587,0.08208862288822472
8466,2.301535154593555,2.2031736938187527,0.09836146077480246
8467,2.362286498616735,2.2775988915621586,0.08468760705457656
8468,2.29331749032041,2.189203952397804,0.10411353792260591
8469,2.7077851524643877,2.6990111641616132,0.008773988302774427
8470,2.429534667384354,2.3501548486596926,0.07937981872466127
8471,2.4986834086158662,2.424163322409285,0.07452008620658113
8472,2.5288712578399415,2.4709541481129365,0.057917109727005034
8473,2.5230633384228205,2.4569150016677805,0.06614833675503995
8474,2.3265490942364453,2.2402960605960547,0.08625303364039061
8475,2.2836607073163657,2.190811469403033,0.09284923791333277
8476,2.307800652298721,2.2066643433373523,0.10113630896136883
8477,2.300203600845247,2.2061766376827654,0.09402696316248171
8478,2.419514193124741,2.3361452104917855,0.08336898263295556
8479,2.4383014284,2.3539436405583434,0.0843577878416566
8480,2.3498151181534195,2.256429942311817,0.09338517584160266
8481,2.3813509792961645,2.2799177039962646,0.10143327529989987
8482,2.4134964527972316,2.3301317288055583,0.08336472399167327
8483,2.447440055756955,2.3912662861344387,0.05617376962251619
8484,2.3862169079413116,2.300499821154523,0.08571708678678869
8485,2.437435666644831,2.3622088898410643,0.07522677680376688
8486,2.364783623184596,2.2658783207868614,0.09890530239773465
8487,2.4595660731214743,2.376313086218312,0.08325298690316218
8488,2.6591934972277467,2.6218162787768233,0.037377218450923344
8489,2.407586838892091,2.330247006929068,0.07733983196302319
8490,2.3207969350394917,2.2215331259055153,0.09926380913397637
8491,2.4389572038434006,2.359698168669542,0.07925903517385846
8492,2.36995302651906,2.291333127994277,0.07861989852478324
8493,2.5473157270482036,2.483684465685394,0.06363126136280961
8494,2.2485587397596407,2.1356685335838406,0.11289020617580015
8495,2.8227200126873706,2.8244220508297717,-0.0017020381424011077
8496,2.619872390340911,2.601892105064542,0.0179802852763693
8497,2.4028626792873102,2.321455209900574,0.08140746938673615
8498,2.4976740900905092,2.4212865828842083,0.07638750720630094
8499,2.4736166590727184,2.4033817921663685,0.07023486690634995
8500,2.391102665715357,2.3074287323443694,0.08367393337098772
8501,2.465404338104027,2.3801709559074546,0.08523338219657228
8502,2.372785818373959,2.28443812552209,0.08834769285186939
8503,2.4322904216794448,2.3441215208463557,0.08816890083308904
8504,2.5259444839655716,2.466405746726788,0.05953873723878367
8505,2.3470457569492327,2.2521536859907862,0.09489207095844643
8506,2.4727003989924063,2.401713289713329,0.07098710927907748
8507,2.37077012552772,2.2776386570697973,0.09313146845792275
8508,2.400580638738958,2.3393249963764413,0.06125564236251657
8509,2.332372015985135,2.232207859002284,0.10016415698285108
8510,2.4215656290490073,2.3528920463708065,0.06867358267820078
8511,2.4167027034017647,2.3365784688232973,0.0801242345784674
8512,2.2586462283524744,2.1425292502931645,0.11611697805930987
8513,2.5090844014501146,2.458959240331163,0.05012516111895149
8514,2.505771096203438,2.4422527424175953,0.06351835378584259
8515,2.478636983199306,2.4071619495829637,0.07147503361634211
8516,2.3749550451360393,2.277496660075176,0.09745838506086324
8517,2.399805444183078,2.325163657344689,0.07464178683838885
8518,2.4705100738949377,2.3961962926526867,0.07431378124225096
8519,2.3941421146857373,2.311928640760913,0.08221347392482414
8520,2.4537027635622923,2.368264952590724,0.08543781097156833
8521,2.4200490779224078,2.333927192629858,0.08612188529254983
8522,2.4637298877886824,2.3982280781314573,0.06550180965722507
8523,2.5831134562149956,2.5336616143410233,0.049451841873972224
8524,2.5522984820660297,2.487138740530414,0.06515974153561555
8525,2.2882050064226807,2.185503128272677,0.10270187815000353
8526,2.3786087698586735,2.298993124563033,0.07961564529564047
8527,2.4508479882668155,2.3790606749879832,0.07178731327883225
8528,2.400877056222146,2.311773487599116,0.08910356862303015
8529,2.4106408172384026,2.3205625099458578,0.09007830729254485
8530,2.5653762801230537,2.494514070886284,0.07086220923676967
8531,2.495507059873548,2.429226250431016,0.06628080944253201
8532,2.413037283707481,2.34167065043769,0.07136663326979109
8533,2.4012872196816177,2.331945098993155,0.06934212068846257
8534,2.4502043377851965,2.380251649500721,0.06995268828447543
8535,2.686975721250077,2.658994002797581,0.027981718452495752
8536,2.382067553113985,2.2820411029505347,0.10002645016345024
8537,2.3773748084269575,2.2896051408825744,0.08776966754438309
8538,2.307397478029571,2.2075335732673045,0.09986390476226648
8539,2.3474370756278176,2.2655848418816675,0.08185223374615003
8540,2.324235897110269,2.2255575034513737,0.0986783936588953
8541,2.522517021144882,2.4716116470186758,0.050905374126206215
8542,2.3272480378170006,2.2399179965577485,0.08733004125925214
8543,2.487238441385582,2.4061026678584163,0.08113577352716561
8544,2.358072320950972,2.2709250789888884,0.08714724196208357
8545,2.3428944149479634,2.249961174675011,0.09293324027295213
8546,2.3695262782112696,2.2836958185479133,0.08583045966335634
8547,2.6844129277245745,2.656140812465303,0.028272115259271313
8548,2.827780563060781,2.848885854580225,-0.02110529151944407
8549,2.4242514473248584,2.354452487662639,0.0697989596622195
8550,2.3334634594144443,2.242144855140896,0.09131860427354832
8551,2.4659945824123044,2.4032295921199607,0.06276499029234373
8552,2.3978383473208176,2.3291030972238818,0.06873525009693582
8553,2.607681918512585,2.5693972820922766,0.03828463642030844
8554,2.246938442930301,2.142902078966399,0.10403636396390192
8555,2.291338091051211,2.175953427979133,0.11538466307207829
8556,2.6062526794532017,2.564358201584764,0.04189447786843781
8557,2.3642505943888086,2.274667104823591,0.08958348956521744
8558,2.2985186395037664,2.203850442902812,0.0946681966009546
8559,2.404606755413837,2.3168786983397966,0.08772805707404041
8560,2.3897248286803103,2.2976010135925304,0.09212381508777989
8561,2.3331748675223056,2.2486575654019063,0.08451730212039932
8562,2.4737382202628813,2.4062871594611486,0.06745106080173269
8563,2.5656716981138716,2.5158557337010894,0.04981596441278224
8564,2.444151095956539,2.3857050044385177,0.05844609151802116
8565,2.3732547047604355,2.289306103259476,0.08394860150095962
8566,2.377064899508762,2.2895754773884547,0.0874894221203073
8567,2.330466252045722,2.237369860267104,0.09309639177861806
8568,2.354034273480139,2.2600659957219578,0.09396827775818117
8569,2.5081646981972163,2.4665189697685053,0.04164572842871106
8570,2.3360372339082622,2.2531573963073064,0.08287983760095585
8571,2.455415045321464,2.3743071078897624,0.08110793743170142
8572,2.398018811898782,2.3078458928656636,0.09017291903311841
8573,2.3903870372493263,2.3157316865755133,0.07465535067381301
8574,2.4062284424396503,2.3375489816130623,0.06867946082658793
8575,2.2575800424060386,2.148936361596242,0.1086436808097968
8576,2.5145606935309326,2.4666600024236414,0.04790069110729123
8577,2.31954173295853,2.2201197868557268,0.0994219461028032
8578,2.3104998420879905,2.206406024466553,0.10409381762143743
8579,2.313573551865431,2.209205649432419,0.1043679024330122
8580,2.30463798486344,2.2083595359929062,0.09627844887053394
8581,2.4408362913620945,2.3633285879357637,0.07750770342633073
8582,2.3500881037507795,2.2494108044365166,0.10067729931426284
8583,2.375779539129519,2.2955090644412053,0.08027047468831361
8584,2.434193804190358,2.345937241891493,0.0882565622988647
8585,2.3461369148796636,2.2512316178629277,0.09490529701673589
8586,2.67278953589316,2.6234174624208237,0.049372073472336186
8587,2.4124887318466635,2.3248531118415814,0.08763562000508207
8588,2.338862985000299,2.2498157807925483,0.08904720420775059
8589,2.24134123645945,2.1215588816410915,0.11978235481835853
8590,2.216206964483856,2.1053663134798173,0.11084065100403873
8591,2.4540038383747427,2.382415407431845,0.07158843094289757
8592,2.3270914902770548,2.225861140656572,0.10123034962048294
8593,2.4265258906222065,2.3480207760912117,0.07850511453099474
8594,2.343813559939357,2.2532149586536074,0.09059860128574959
8595,2.33707330860655,2.2435421118252266,0.09353119678132327
8596,2.4484713909449654,2.3764133993204797,0.07205799162448567
8597,2.3457166334458313,2.245196527047989,0.10052010639784204
8598,2.600066818993592,2.556379344895655,0.04368747409793716
8599,2.330874871624294,2.226749643032643,0.10412522859165119
8600,2.3399388423901657,2.246057205806167,0.0938816365839985
8601,2.5082992095934893,2.452894099713037,0.05540510988045222
8602,2.3613479953891163,2.267370583442893,0.09397741194622311
8603,2.405265759575853,2.3298240934900507,0.07544166608580216
8604,2.3281539801750646,2.231665734322462,0.09648824585260263
8605,2.4098896130220404,2.319976115049959,0.08991349797208148
8606,2.4086761865147635,2.321147244206404,0.08752894230835961
8607,2.3647424208107917,2.2879818791959092,0.07676054161488244
8608,2.693557422777845,2.6749138388479587,0.018643583929886187
8609,2.295090634794151,2.1869371229573797,0.10815351183677135
8610,2.4930555099375296,2.4307785927024756,0.06227691723505391
8611,2.5009935563728063,2.4523851836601236,0.0486083727126827
8612,2.4437590153383764,2.3710867819988004,0.07267223333957595
8613,2.4722726023410933,2.402401055313025,0.06987154702806819
8614,2.4421574553968957,2.3746976756412987,0.06745977975559692
8615,2.362787182840315,2.271975924107841,0.09081125873247364
8616,2.4026220905523283,2.3193846840113195,0.08323740654100886
8617,2.421573825481735,2.3483862980149928,0.07318752746674217
8618,2.333712909948386,2.2461158783630593,0.08759703158532695
8619,2.391102365934807,2.304723737671419,0.08637862826338782
8620,2.367196191981015,2.2758360244434916,0.0913601675375233
8621,2.3762520615325067,2.288156875652759,0.08809518587974763
8622,2.4357365216463656,2.3474056999625867,0.08833082168377882
8623,2.4666927406031043,2.3824004659980753,0.08429227460502897
8624,2.3611121799410504,2.277950971523182,0.08316120841786834
8625,2.4590541729175834,2.379393724558542,0.07966044835904151
8626,2.5641628687530122,2.507675951912676,0.05648691684033613
8627,2.36000062989751,2.2709592141813744,0.08904141571613566
8628,2.2845419808641503,2.1858981215346165,0.09864385932953379
8629,2.3858330963370853,2.3059814751625356,0.07985162117454969
8630,2.3759471024258456,2.296183625170046,0.07976347725579958
8631,2.337726992216723,2.2357330806777713,0.10199391153895165
8632,2.4308929129233334,2.343738244629396,0.08715466829393748
8633,2.560856433266757,2.519990052515958,0.040866380750798736
8634,2.341451972506371,2.2369532375108414,0.10449873499552975
8635,2.438258854728003,2.3725831831238775,0.06567567160412535
8636,2.5937992321904,2.545059180104722,0.048740052085678
8637,2.3694409299428614,2.2854047388004064,0.08403619114245497
8638,2.3517466049845823,2.263746325928225,0.08800027905635721
8639,2.348278836268798,2.2610977458658854,0.08718109040291244
8640,2.430012002136655,2.353611427315777,0.07640057482087803
8641,2.462026344782742,2.3896648778617773,0.0723614669209649
8642,2.4277257863520845,2.3359128875409416,0.09181289881114285
8643,2.3249425031119113,2.2311465613480173,0.09379594176389405
8644,2.329890642521115,2.2341127521357436,0.09577789038537166
8645,2.4281134312650297,2.368800766050049,0.05931266521498069
8646,2.2972597453735633,2.195349615558771,0.10191012981479242
8647,2.2670583105851976,2.154956724595484,0.11210158598971365
8648,2.424037862220484,2.340294367423652,0.08374349479683207
8649,2.4819073518430605,2.4401987099564573,0.04170864188660328
8650,2.4418380187376987,2.354307392230158,0.08753062650754062
8651,2.324379925501844,2.2343429416764335,0.09003698382541048
8652,2.4326855786455375,2.3588298208572556,0.0738557577882819
8653,2.5304498823636217,2.4774996801611757,0.05295020220244595
8654,2.311801920299947,2.2080709298883896,0.10373099041155731
8655,2.3903638604915494,2.304725347435619,0.08563851305593051
8656,2.62965590306883,2.5781101559931576,0.05154574707567239
8657,2.409889007033524,2.3286501076992647,0.08123889933425943
8658,2.354111015500868,2.2658981544180032,0.08821286108286497
8659,2.3165517476551454,2.210318890782283,0.10623285687286232
8660,2.6998317589937906,2.6991610698277815,0.0006706891660090974
8661,2.43970960483776,2.3559671454999465,0.08374245933781355
8662,2.3450559867500878,2.2460137019467035,0.09904228480338428
8663,2.3371571434672314,2.2281954899848424,0.10896165348238895
8664,2.358108758397923,2.272391002537237,0.0857177558606863
8665,2.4856727326221018,2.4195274369712414,0.06614529565086036
8666,2.367970186865447,2.2709183639352046,0.09705182293024217
8667,2.3543370730453588,2.280348753719109,0.07398831932624983
8668,2.3830059416345866,2.2946062153038094,0.0883997263307772
8669,2.5709967823507403,2.527457804484392,0.043538977866348194
8670,2.5122313784575954,2.458372164093593,0.053859214364002206
8671,2.449595496818432,2.396646781641294,0.05294871517713817
8672,2.6279455798845235,2.5829997483898492,0.04494583149467424
8673,2.496434651230645,2.4249563050002854,0.07147834623035942
8674,2.281386314440158,2.181622581072518,0.09976373336763977
8675,2.289057357153601,2.1893092581975484,0.09974809895605263
8676,2.232789292159436,2.1095822239193645,0.12320706824007166
8677,2.3133288682209683,2.230699960996248,0.08262890722472038
8678,2.2694699604053796,2.1564433677769914,0.11302659262838821
8679,2.345971937161197,2.2595439839656706,0.08642795319552654
8680,2.3510086446779357,2.2662513200195225,0.08475732465841324
8681,2.4173921876685553,2.33581705773878,0.08157512992977534
8682,2.3465129101089324,2.242796715067151,0.10371619504178131
8683,2.4412237025056243,2.374303149356226,0.06692055314939838
8684,2.3176457706723554,2.2079486809258393,0.10969708974651615
8685,2.3257613480514134,2.219755294333448,0.10600605371796545
8686,2.337471870331461,2.2380794432188904,0.09939242711257057
8687,2.2830212791877598,2.1805156901143863,0.10250558907337348
8688,2.482590495809536,2.423214581947457,0.05937591386207908
8689,2.330676975645893,2.236145857195673,0.09453111845021978
8690,2.4655138581261387,2.410889841874633,0.05462401625150548
8691,2.483231550143793,2.4186804744306554,0.06455107571313778
8692,2.5420379302354927,2.4933361346774303,0.04870179555806242
8693,2.3214241426026776,2.2300511688821536,0.091372973720524
8694,2.3856189096602782,2.280776750956634,0.1048421587036441
8695,2.4533935987994706,2.3886896031360156,0.06470399566345497
8696,2.4112538508212435,2.331075910085793,0.08017794073545037
8697,2.409063617315673,2.3460196729171368,0.06304394439853622
8698,2.4463689605002465,2.3663933800969175,0.07997558040332908
8699,2.3602916490739934,2.2629799812729328,0.0973116678010606
8700,2.290802314988082,2.1891330093649013,0.10166930562318077
8701,2.2984707936474815,2.1953983256698737,0.10307246797760783
8702,2.400823021905569,2.3085258258755754,0.09229719602999342
8703,2.379894553198327,2.3101835716775425,0.06971098152078437
8704,2.5781063775786626,2.5216856968056627,0.05642068077299989
8705,2.470843113180546,2.416325599703211,0.05451751347733502
8706,2.3902980085808205,2.313249130735378,0.07704887784544256
8707,2.2482292108991113,2.132806888169577,0.11542232272953434
8708,2.3031850323542966,2.1930271737172164,0.11015785863708016
8709,2.3593280931165843,2.259341070869961,0.09998702224662326
8710,2.4593132944659444,2.3927482226983554,0.06656507176758897
8711,2.472712572329788,2.3899652211170936,0.08274735121269439
8712,2.3094517585632945,2.2195333565933764,0.08991840196991818
8713,2.550437249131642,2.5296929220245725,0.020744327107069527
8714,2.355909875107337,2.2612009430403766,0.0947089320669603
8715,2.2735527922123597,2.168503509401928,0.10504928281043169
8716,2.429742566210156,2.344317036234455,0.08542552997570096
8717,2.4663121018820595,2.3917016855005455,0.074610416381514
8718,2.3938405229310575,2.299319502214137,0.09452102071692048
8719,2.451021108803477,2.3800671363718897,0.07095397243158708
8720,2.4093422392357504,2.3518091137613104,0.057533125474440006
8721,2.58081557137772,2.552806929767192,0.028008641610528073
8722,2.2630832035806145,2.1616924351697944,0.10139076841082018
8723,2.486623087545224,2.4143443127123754,0.07227877483284884
8724,2.260340791910562,2.1509503411590916,0.10939045075147025
8725,2.4648689830004638,2.416838947882578,0.04803003511788573
8726,2.3738898008207885,2.2964030372246453,0.07748676359614315
8727,2.2666240772042476,2.1512307240520503,0.11539335315219734
8728,2.402040598970876,2.325482158519549,0.07655844045132687
8729,2.3771261334275784,2.3050821972340034,0.07204393619357496
8730,2.3578231208332383,2.260902558211841,0.09692056262139737
8731,2.295161344182202,2.1834577316593955,0.11170361252280658
8732,2.346539069129802,2.2552637547006653,0.0912753144291365
8733,2.5117415174404627,2.4584699330826507,0.053271584357811985
8734,2.5412890516122717,2.4748720695521698,0.06641698206010194
8735,2.361414684683237,2.268689167901028,0.0927255167822092
8736,2.3764241870130625,2.295941270875864,0.08048291613719849
8737,2.2861535276332394,2.187351629980167,0.09880189765307223
8738,2.529579061975665,2.480083758453566,0.049495303522098855
8739,2.3855537658426518,2.2923309906961276,0.09322277514652422
8740,2.3243020040517743,2.230146116369212,0.09415588768256233
8741,2.3473187328982164,2.2489518671976807,0.09836686570053566
8742,2.3556676184349326,2.2734476537836903,0.08221996465124226
8743,2.5369142791474855,2.472488077588691,0.06442620155879464
8744,2.4189767278360246,2.354107850574369,0.06486887726165547
8745,2.2923717537271786,2.183996638203158,0.10837511552402068
8746,2.4409703811004047,2.34770418935093,0.09326619174947481
8747,2.3195459883000784,2.226286674174251,0.09325931412582733
8748,2.4516967744654625,2.3821789809462977,0.06951779351916487
8749,2.367422713821437,2.2711992142187603,0.09622349960267673
8750,2.355796265437575,2.2742089661554785,0.08158729928209629
8751,2.388115652461182,2.294599572787008,0.09351607967417408
8752,2.515548129690698,2.4573959322331285,0.05815219745756961
8753,2.301934318604466,2.1999087852258277,0.1020255333786384
8754,2.314781598710737,2.217709393600499,0.09707220511023795
8755,2.407895523927185,2.332010765573337,0.075884758353848
8756,2.527239431857717,2.454528078365037,0.07271135349267999
8757,2.346581761677793,2.2418971637009895,0.1046845979768034
8758,2.4199068518353437,2.348691685595386,0.07121516623995783
8759,2.6041794505238527,2.576268110558684,0.02791133996516848
8760,2.4228763474694133,2.3636414503588776,0.059234897110535645
8761,2.662446462234211,2.644052762804823,0.018393699429387844
8762,2.4711414254783794,2.406866165336473,0.06427526014190654
8763,2.438228303159147,2.3687931851338826,0.06943511802526459
8764,2.392447269531309,2.3111696030146134,0.08127766651669566
8765,2.3550002201872253,2.2475822298625374,0.1074179903246879
8766,2.4857446280433195,2.4099691777912957,0.07577545025202381
8767,2.37316874355138,2.2917468311061993,0.08142191244518093
8768,2.4482912601900484,2.3877875360667136,0.06050372412333482
8769,2.383474983222003,2.3007358459770644,0.08273913724493864
8770,2.3759654532104086,2.280558918218188,0.09540653499222085
8771,2.528838492666442,2.482457693544273,0.04638079912216897
8772,2.474937246765795,2.4182734421697987,0.0566638045959964
8773,2.456010633553091,2.3775219198553494,0.07848871369774146
8774,2.5498953698128815,2.494375321585142,0.055520048227739593
8775,2.4213926804264627,2.3462985783043213,0.0750941021221414
8776,2.5531308130972863,2.510752417422439,0.04237839567484736
8777,2.2759959992627508,2.1715210598836907,0.10447493937906005
8778,2.2692503560762063,2.1675174806296313,0.10173287544657494
8779,2.3647040802966326,2.2728003033975996,0.09190377689903295
8780,2.349543649539168,2.253641338864629,0.09590231067453914
8781,2.4079284933416822,2.330886447355284,0.0770420459863983
8782,2.2898223026733273,2.18940075283613,0.10042154983719742
8783,2.2851090345386806,2.182022287684919,0.10308674685376173
8784,2.5067590875093315,2.4673363359398275,0.03942275156950403
8785,2.3610811192052417,2.272871784941346,0.08820933426389566
8786,2.2902011495135137,2.1835173439635183,0.10668380554999546
8787,2.321467388141491,2.2360488783921535,0.08541850974933762
8788,2.446937404537522,2.371224701411545,0.07571270312597678
8789,2.3207790796933794,2.2264035260440456,0.09437555364933381
8790,2.470124143188507,2.403076481548362,0.06704766164014497
8791,2.3962047092944787,2.3116265543364576,0.08457815495802112
8792,2.3940362020666734,2.2990430543099056,0.09499314775676782
8793,2.4958100966318915,2.449349007522947,0.04646108910894453
8794,2.5641406972601297,2.5005529424958284,0.06358775476430134
8795,2.549936981856093,2.502564613200363,0.047372368655730135
8796,2.3700390318273024,2.2890792715079544,0.08095976031934793
8797,2.4839445259205943,2.4090592600792777,0.0748852658413166
8798,2.5626956452789154,2.5075875095893916,0.055108135689523774
8799,2.2272313244356776,2.1235183513221085,0.10371297311356908
8800,2.417323845884678,2.3485574069849795,0.06876643889969847
8801,2.4036235803374497,2.3399137679610327,0.06370981237641704
8802,2.323893318981791,2.2231669558735443,0.1007263631082469
8803,2.4393022142380647,2.363490809360896,0.07581140487716853
8804,2.3080525290626497,2.2105371147659345,0.09751541429671517
8805,2.448527051236495,2.379522756836398,0.06900429440009681
8806,2.700564606960325,2.6609042529645985,0.03966035399572654
8807,2.3181512796111843,2.212305691148043,0.1058455884631413
8808,2.409417417378105,2.3218103044518186,0.08760711292628631
8809,2.3510087125072157,2.262583038010075,0.08842567449714078
8810,2.557085888642179,2.512830300133443,0.04425558850873568
8811,2.713009334373749,2.7204979586336555,-0.0074886242599063735
8812,2.439641316248877,2.362451155323331,0.07719016092554565
8813,2.6729669018216202,2.65344810389373,0.01951879792789013
8814,2.38867619111238,2.299096367210361,0.08957982390201913
8815,2.492927951536525,2.4239376279348925,0.06899032360163249
8816,2.3784833918976687,2.2758734867596835,0.10260990513798518
8817,2.3490526939793397,2.261623008275622,0.08742968570371756
8818,2.410694349454127,2.317151577054692,0.09354277239943487
8819,2.6875685386811416,2.650132233928595,0.03743630475254678
8820,2.377848721576706,2.304969254369682,0.0728794672070241
8821,2.2646050142003276,2.154563418359058,0.11004159584126949
8822,2.4926863852913823,2.4335155438254428,0.05917084146593954
8823,2.4873464754321564,2.424015150896338,0.06333132453581847
8824,2.4966202117690526,2.4192468625432726,0.07737334922577999
8825,2.4647984112177763,2.391075433771849,0.07372297744592737
8826,2.571755567844687,2.539554548545249,0.03220101929943775
8827,2.378448593411735,2.302401585521029,0.07604700789070584
8828,2.326558704646034,2.223657019175395,0.10290168547063905
8829,2.7127093985016892,2.696928562091712,0.015780836409977184
8830,2.3170576937584624,2.2202644989900544,0.09679319476840798
8831,2.407828995630203,2.328671923527688,0.07915707210251499
8832,2.4516030648498717,2.3859961147649273,0.06560695008494433
8833,2.4917485076121597,2.422071301888623,0.06967720572353686
8834,2.3086991500363627,2.2069312166613293,0.10176793337503343
8835,2.4476254690072867,2.366626257462513,0.08099921154477352
8836,2.369560249688289,2.2717816557560724,0.09777859393221666
8837,2.3368002185411414,2.2441030805094244,0.09269713803171697
8838,2.3391929192987964,2.245960212471715,0.09323270682708129
8839,2.3950922213943207,2.301697698335596,0.09339452305872475
8840,2.4657460781542624,2.395035110151165,0.07071096800309729
8841,2.3280641979073593,2.229357778800305,0.09870641910705436
8842,2.274846902263051,2.1662011071416414,0.1086457951214097
8843,2.4956128266610547,2.4295322590052915,0.0660805676557632
8844,2.384697484392841,2.285897495231979,0.09879998916086219
8845,2.639477818188066,2.6242692668025622,0.01520855138550381
8846,2.3184595480864925,2.2393712471540725,0.07908830093241992
8847,2.331133277658683,2.2385928496125773,0.09254042804610574
8848,2.4471912857503395,2.369337328218611,0.0778539575317283
8849,2.265878876074542,2.1598883472192325,0.10599052885530957
8850,2.3253077074185273,2.226053456210581,0.09925425120794618
8851,2.4436172511800245,2.3539880582167867,0.08962919296323779
8852,2.3573387324869186,2.2689976681536383,0.08834106433328026
8853,2.291801950307849,2.1944493754429266,0.09735257486492221
8854,2.5421066165882897,2.494002422818425,0.04810419376986452
8855,2.473142390652362,2.412092341876338,0.06105004877602438
8856,2.5566834258805042,2.501914232676907,0.05476919320359741
8857,2.295355698528951,2.2002882770855265,0.0950674214434244
8858,2.461203887154749,2.3862454253350927,0.07495846181965637
8859,2.5071924832782435,2.440207356486635,0.06698512679160862
8860,2.483473358145297,2.4266140012999986,0.056859356845298414
8861,2.3898399658649674,2.2980456376963323,0.09179432816863509
8862,2.5663543748521396,2.5089322376549164,0.05742213719722322
8863,2.322856137912319,2.2337715220058207,0.08908461590649841
8864,2.2833835547722714,2.185801345057644,0.0975822097146275
8865,2.2483948918641343,2.148958238364071,0.09943665350006325
8866,2.639759351738839,2.615120861973962,0.024638489764877036
8867,2.3593028234772278,2.2635421891138265,0.09576063436340121
8868,2.938381174356508,2.9804045182816465,-0.04202334392513851
8869,2.5187217952935446,2.469475033627314,0.049246761666230654
8870,2.3344620814878474,2.233451533087231,0.10101054840061652
8871,2.454573102451231,2.3750420638814194,0.07953103856981159
8872,2.7184391923456057,2.6965960398371336,0.02184315250847213
8873,2.421074209494499,2.3502594743908856,0.07081473510361347
8874,2.4277144854536132,2.3633681429209155,0.06434634253269778
8875,2.472532613339974,2.4000822758491074,0.07245033749086671
8876,2.4530038430408214,2.381521014034491,0.0714828290063303
8877,2.3706102894230185,2.277812694419723,0.09279759500329554
8878,2.2988506709461096,2.1969397806141298,0.10191089033197986
8879,2.4490666230991462,2.3718000673430724,0.07726655575607388
8880,2.4155016731976184,2.339594077508629,0.07590759568898964
8881,2.478484164937532,2.4146354294756693,0.06384873546186265
8882,2.3469718008424336,2.2508452110767365,0.0961265897656971
8883,2.45241849769146,2.3875200889839454,0.0648984087075144
8884,2.354582352510599,2.2722070063745514,0.08237534613604769
8885,2.336936027007202,2.247197736315695,0.08973829069150696
8886,2.327854603640494,2.2375035708765036,0.09035103276399026
8887,2.4496988283057517,2.373000121977811,0.07669870632794051
8888,2.457954084339752,2.389392942035191,0.0685611423045609
8889,2.513383260738004,2.465257535180932,0.048125725557072396
8890,2.6219716422518227,2.589012299004362,0.03295934324746064
8891,2.304500116655383,2.192959541085036,0.11154057557034713
8892,2.3280548486779704,2.233286023622089,0.09476882505588158
8893,2.335679624201546,2.2337029249391005,0.10197669926244535
8894,2.493650351342926,2.4382689236506034,0.05538142769232257
8895,2.4386828317654,2.3492512097615275,0.08943162200387267
8896,2.406680316782553,2.333658672736104,0.07302164404644884
8897,2.3839106865389543,2.2989444687536955,0.08496621778525881
8898,2.254180102209834,2.1412405123504388,0.112939589859395
8899,2.4641783286795365,2.385527648372617,0.07865068030691935
8900,2.2883981587334,2.185083075804681,0.10331508292871927
8901,2.4002740142862993,2.3154079271093178,0.08486608717698152
8902,2.308416892547551,2.2112257278939134,0.09719116465363742
8903,2.6464903901619623,2.6058802440731994,0.0406101460887629
8904,2.291365681398609,2.1882252161027322,0.10314046529587673
8905,2.301598966493591,2.20578601469368,0.09581295179991134
8906,2.5501628710930704,2.475657705205506,0.0745051658875644
8907,2.319569940389239,2.230470598023405,0.08909934236583394
8908,2.586029763509179,2.5442588248227493,0.04177093868642956
8909,2.277613400123156,2.168411671665678,0.109201728457478
8910,2.3698128605360687,2.2900958752001386,0.07971698533593008
8911,2.327914842444031,2.2298090580387337,0.09810578440529705
8912,2.3778171219515656,2.2751173354654988,0.10269978648606681
8913,2.5219930929882173,2.455734130444501,0.06625896254371622
8914,2.3447647288521627,2.2476836227061843,0.09708110614597842
8915,2.444587729032061,2.3592081869672956,0.08537954206476517
8916,2.322635972535497,2.236883475892247,0.08575249664324991
8917,2.4048363637648236,2.3274053217308266,0.07743104203399698
8918,2.4790244739045844,2.410262135242612,0.06876233866197223
8919,2.4126399798697262,2.316667856204983,0.09597212366474306
8920,2.5485416810680688,2.48650994160579,0.06203173946227869
8921,2.4578850638159304,2.3816088188119515,0.0762762450039789
8922,2.324525008447071,2.2332954518411086,0.09122955660596244
8923,2.2725625159497946,2.170949615754749,0.10161290019504543
8924,2.5025264708681685,2.4221035601109744,0.0804229107571941
8925,2.5030207032808898,2.4380202743068713,0.06500042897401848
8926,2.2810326609299634,2.1812263908231504,0.09980627010681298
8927,2.4394461593230514,2.358804030687559,0.08064212863549258
8928,2.353214363603943,2.2602827322549355,0.0929316313490074
8929,2.52252190470395,2.4620008595296343,0.06052104517431589
8930,2.4590544919062105,2.3984253946184224,0.06062909728778809
8931,2.3226867535111233,2.2309985397631906,0.09168821374793268
8932,2.2971129640984365,2.1959540343081834,0.1011589297902531
8933,2.3951700359313266,2.3056127907599784,0.08955724517134822
8934,2.3585607946957476,2.2758637890042173,0.08269700569153038
8935,2.412260298409227,2.3396594856082524,0.07260081280097452
8936,2.4410469448597794,2.372652207529605,0.06839473733017432
8937,2.266836522235192,2.1643859606997307,0.10245056153546139
8938,2.2956034353928785,2.2003235084897685,0.09527992690310993
8939,2.48604908286701,2.419874825405937,0.06617425746107308
8940,2.3721512691825226,2.2772767765275757,0.09487449265494696
8941,2.328562710305792,2.2280335327830496,0.1005291775227426
8942,2.4716753895297785,2.3895980034218387,0.0820773861079398
8943,2.4020895841830634,2.3251608094285703,0.07692877475449311
8944,2.2904246188495194,2.1877279214208865,0.10269669742863297
8945,2.5266593401937123,2.462367823062051,0.06429151713166137
8946,2.3424597583343822,2.256698035368478,0.08576172296590423
8947,2.3327899224801127,2.235511070876053,0.09727885160405991
8948,2.415610685546559,2.324737226895555,0.09087345865100405
8949,2.379048196866762,2.2942043574978115,0.08484383936895057
8950,2.3609263798742957,2.2802027217659653,0.08072365810833038
8951,2.4407899708994196,2.36087411507972,0.07991585581969973
8952,2.4490294765815106,2.374387896607725,0.07464157997378562
8953,2.354891053775968,2.265718369427732,0.08917268434823589
8954,2.4221819049008593,2.3318794053640093,0.09030249953684999
8955,2.3064013519248245,2.2000649848062372,0.1063363671185873
8956,2.4668865643009905,2.386791498547986,0.0800950657530044
8957,2.3820739176588193,2.301272018983621,0.08080189867519838
8958,2.432266499330942,2.3583837103180714,0.07388278901287082
8959,2.4032534615364067,2.325783778817756,0.07746968271865073
8960,2.4508123728178703,2.376765545892671,0.07404682692519948
8961,2.461148501113166,2.389482955816321,0.07166554529684532
8962,2.468409257072358,2.4005364197723242,0.06787283730003368
8963,2.436730516555636,2.352176818717569,0.08455369783806699
8964,2.4423860654629905,2.381291960599219,0.06109410486377165
8965,2.3333590301013682,2.2444053286164976,0.0889537014848707
8966,2.344430851406242,2.2531548655744955,0.09127598583174645
8967,2.4915902724134074,2.413735302575218,0.07785496983818918
8968,2.563822643810008,2.5093301321897084,0.054492511620299666
8969,2.7461058274328503,2.7311193887431986,0.01498643868965166
8970,2.328313726374411,2.2205542442234996,0.10775948215091136
8971,2.3660009616452586,2.2651416543151743,0.1008593073300843
8972,2.41964425069149,2.3432687062787267,0.0763755444127634
8973,2.3790637037882476,2.2966908134100836,0.08237289037816398
8974,2.305376224956809,2.204557097679857,0.10081912727695208
8975,2.5269842744860824,2.4736150068839113,0.05336926760217109
8976,2.291210842724588,2.1880242564267416,0.10318658629784627
8977,2.5631647877191126,2.500894078164645,0.06227070955446745
8978,2.515120302974946,2.455116174821948,0.06000412815299816
8979,2.2655832510670275,2.1577236616917514,0.10785958937527607
8980,2.466778888127385,2.386783992303734,0.07999489582365094
8981,2.3403918085498345,2.2562404687435214,0.08415133980631317
8982,2.3105568929667357,2.2139582905868074,0.09659860237992834
8983,2.4593649349002,2.3999504318050113,0.059414503095188476
8984,2.4542226760039165,2.3806216675345357,0.07360100846938078
8985,2.369299455455801,2.284497795088714,0.08480166036708692
8986,2.624528025290579,2.5885056518336413,0.03602237345693782
8987,2.4593704704833392,2.384481346556862,0.07488912392647729
8988,2.2836984374774225,2.1799517875260603,0.10374664995136218
8989,2.6233955267287303,2.5977967721926136,0.025598754536116708
8990,2.317088729762286,2.2190694675621585,0.09801926220012769
8991,2.431976029616079,2.3433932050584563,0.08858282455762279
8992,2.691421438918114,2.6630784144826585,0.028343024435455444
8993,2.5100196520523332,2.4448289046803002,0.06519074737203301
8994,2.4486703184015917,2.37708376043843,0.07158655796316182
8995,2.374999531953914,2.2913944685016894,0.08360506345222474
8996,2.27835251848435,2.163930922778267,0.11442159570608323
8997,2.5302444998881373,2.4657554312059395,0.06448906868219773
8998,2.3324707922667023,2.2372235496498116,0.09524724261689066
8999,2.3812106450695665,2.294959820245797,0.08625082482376945
9000,2.3475282985273758,2.26640978666736,0.08111851186001573
9001,2.3021196278280285,2.2064227077895824,0.0956969200384461
9002,2.3100888496780403,2.211088246806233,0.09900060287180734
9003,2.3789781690476484,2.2878880831775685,0.09109008587007983
9004,2.4123809525673123,2.326414662725436,0.08596628984187626
9005,2.2762003836320743,2.174086595308874,0.10211378832320017
9006,2.3209433188417,2.21935038982244,0.10159292901925987
9007,2.3453361931702092,2.2581488901905784,0.08718730297963084
9008,2.443415559517081,2.3739639369426166,0.06945162257446436
9009,2.5177745500710755,2.478315193438088,0.0394593566329875
9010,2.6315212776034045,2.5843595802503696,0.04716169735303488
9011,2.360413359914703,2.2715022329113235,0.08891112700337933
9012,2.5035831262875763,2.4478186907232256,0.055764435564350734
9013,2.368846333673016,2.266462839511522,0.10238349416149406
9014,2.3853563251889094,2.3226866818649254,0.06266964332398395
9015,2.5973940509499664,2.578601923068795,0.01879212788117135
9016,2.628174669758813,2.582771133113717,0.04540353664509578
9017,2.461129589325191,2.388511862345797,0.07261772697939417
9018,2.4365728090141263,2.376193643133863,0.060379165880263486
9019,2.415725082691222,2.332274732440083,0.08345035025113878
9020,2.4154521840296606,2.3405253962947263,0.07492678773493422
9021,2.5604831370914307,2.526685240809258,0.03379789628217278
9022,2.458611381677648,2.3752960199423097,0.08331536173533838
9023,2.285056340452336,2.171944598663777,0.11311174178855898
9024,2.513964290450513,2.4502103316603123,0.06375395879020074
9025,2.308045971209113,2.2081368399541543,0.0999091312549587
9026,2.4100346569168045,2.3213944993173077,0.08864015759949684
9027,2.448460620754363,2.376441090513874,0.0720195302404889
9028,2.2290100496984286,2.1183075644097307,0.11070248528869797
9029,2.428319037739409,2.362233902012765,0.06608513572664387
9030,2.323849292215729,2.2347538023561246,0.08909548985960436
9031,2.338162681404974,2.239612391239439,0.09855029016553507
9032,2.548422118220458,2.4958771835562263,0.05254493466423149
9033,2.3938799752120112,2.315644019357439,0.07823595585457221
9034,2.3540506197955566,2.2698017987098424,0.08424882108571419
9035,2.485979811220432,2.4102318465593267,0.07574796466110545
9036,2.4064870543428283,2.313758571860656,0.09272848248217214
9037,2.5198475762597705,2.4501237356248633,0.06972384063490722
9038,2.6797043893636805,2.661093873339156,0.01861051602452468
9039,2.544056275381244,2.487021417013306,0.05703485836793787
9040,2.8996210174209875,2.94946297873722,-0.04984196131623264
9041,2.4387911994456357,2.363358139777345,0.07543305966829061
9042,2.3894790956002585,2.2880119196157085,0.10146717598455002
9043,2.376087992001454,2.2935918483109416,0.08249614369051228
9044,2.416692710472137,2.3447735310122884,0.0719191794598486
9045,2.362317994924135,2.2682376749868634,0.09408031993727173
9046,2.3314250920818322,2.240120657513891,0.09130443456794124
9047,2.3683869125673227,2.2749187934847312,0.09346811908259145
9048,2.3027456606597227,2.1858950044593146,0.11685065620040813
9049,2.3827599614723045,2.2917449681425732,0.09101499332973129
9050,2.5480784035404103,2.510886500924123,0.037191902616287464
9051,2.4633380824465188,2.3886482903487765,0.07468979209774229
9052,2.3998838997928735,2.3082042849051403,0.09167961488773324
9053,2.3852247327411384,2.2944237831520753,0.09080094958906315
9054,2.4143585419540967,2.3306729888193742,0.08368555313472248
9055,2.284146281475611,2.182349404332659,0.10179687714295227
9056,2.33587048547631,2.2553516472499964,0.08051883822631378
9057,2.37632148253531,2.2728334019443075,0.10348808059100234
9058,2.452664017050827,2.378914768485916,0.07374924856491072
9059,2.2994171964755896,2.210064454710268,0.08935274176532149
9060,2.4308464236267766,2.3640314930063413,0.06681493062043531
9061,2.533520619670678,2.487226127207461,0.04629449246321693
9062,2.614493454824072,2.5740330589420486,0.04046039588202355
9063,2.2418546490965467,2.1270621444807496,0.11479250461579715
9064,2.768610668372606,2.7526923854205236,0.015918282952082308
9065,2.468977526067374,2.3960369929191634,0.07294053314821047
9066,2.447299735869511,2.3695752098531098,0.07772452601640145
9067,2.5673033645373966,2.5214198126462692,0.04588355189112736
9068,2.4573734228350608,2.392434398804631,0.06493902403042995
9069,2.3922246666424543,2.30206783801073,0.09015682863172447
9070,2.3796204598384256,2.3008697886031784,0.07875067123524726
9071,2.27337530639183,2.168046673599515,0.10532863279231464
9072,2.384965161968233,2.3017917278003797,0.08317343416785317
9073,2.3348779786699843,2.24978018697205,0.08509779169793408
9074,2.4284140489220603,2.346988704726999,0.0814253441950612
9075,2.4144575696358848,2.323325061847192,0.09113250778869286
9076,2.3669021799341903,2.2829883102716604,0.0839138696625299
9077,2.358184142818704,2.271474222605255,0.08670992021344892
9078,2.418808091070159,2.3244188433778494,0.09438924769230939
9079,2.419186959012735,2.358087447430648,0.06109951158208693
9080,2.3373997033745852,2.240148407484788,0.09725129588979708
9081,2.343983890255145,2.2532186138382007,0.09076527641694421
9082,2.3433527477467266,2.248842835789676,0.09450991195705072
9083,2.629334942584962,2.6048956498364646,0.024439292748497543
9084,2.3252507180891326,2.2418528802945983,0.08339783779453436
9085,2.344975099121734,2.2451264830038395,0.09984861611789464
9086,2.308122685952077,2.214712804205186,0.09340988174689091
9087,2.488469599770777,2.43256737145481,0.055902228315966696
9088,2.502722717996789,2.4550298690212853,0.04769284897550374
9089,2.359370352567213,2.263679009840341,0.09569134272687174
9090,2.308482871019288,2.205428199652326,0.10305467136696178
9091,2.457378546204903,2.3839064858670875,0.07347206033781539
9092,2.2274431045241463,2.1208413515401685,0.10660175298397778
9093,2.4113360825719514,2.342952912259373,0.06838317031257857
9094,2.4388988311552815,2.3759955563416115,0.06290327481366997
9095,2.4443584206141717,2.3625327776786773,0.08182564293549444
9096,2.4718173844148636,2.423632866821534,0.048184517593329534
9097,2.47611428629459,2.395469432128084,0.08064485416650635
9098,2.4231137027959493,2.3401208059688905,0.08299289682705879
9099,2.497036013062773,2.419941422566258,0.07709459049651501
9100,2.5683860644385104,2.517686902476358,0.050699161962152406
9101,2.348942060540441,2.260010626962951,0.08893143357749
9102,2.3212122791339453,2.226005812416962,0.0952064667169834
9103,2.4422451942334913,2.353447506298278,0.08879768793521325
9104,2.5832293597229286,2.522876178655319,0.06035318106760945
9105,2.41282210208364,2.336746804700734,0.07607529738290619
9106,2.663515053170012,2.6415579176223165,0.021957135547695295
9107,2.3976254004575797,2.3005814161371845,0.09704398432039518
9108,2.3215966799013907,2.2268532217572257,0.09474345814416507
9109,2.2557259792803834,2.1583775871660467,0.09734839211433677
9110,2.4520295788366426,2.3743108377009112,0.0777187411357314
9111,2.320913722644735,2.2248682199735934,0.09604550267114176
9112,2.3944646164128094,2.311254775455918,0.08320984095689132
9113,2.340639470704426,2.2389047648879057,0.10173470581652033
9114,2.546086491449142,2.511297107610893,0.034789383838249144
9115,2.36635333721638,2.2723443944130652,0.09400894280331462
9116,2.494172346450732,2.4123426838333697,0.08182966261736224
9117,2.4852325166218416,2.4277231598529565,0.057509356768885134
9118,2.575064116476506,2.5102995978824993,0.06476451859400667
9119,2.4272187654911312,2.3440072400151943,0.08321152547593691
9120,2.524342549613522,2.469891618268572,0.05445093134495016
9121,2.3713469212741938,2.2857873621806677,0.08555955909352608
9122,2.2477107015741016,2.1404153913374695,0.10729531023663208
9123,2.469599297666662,2.405026465642364,0.06457283202429798
9124,2.3981893036575666,2.3144263450977056,0.08376295855986093
9125,2.3354036632909176,2.2265047833530662,0.10889887993785141
9126,2.350719622147786,2.266790764412097,0.08392885773568892
9127,2.3585089810451625,2.2754336452255575,0.08307533581960502
9128,2.2683946916505726,2.172603296544186,0.09579139510638646
9129,2.3024835744739462,2.190980462129908,0.11150311234403842
9130,2.448256016251424,2.3764370913039143,0.07181892494750963
9131,2.426568829756546,2.346092675341009,0.08047615441553724
9132,2.443856513371522,2.3631115311438373,0.08074498222768467
9133,2.3248171115369445,2.2288081564876645,0.09600895504927998
9134,2.358698746751674,2.2792252328586327,0.07947351389304114
9135,2.4265049113389705,2.340385122490385,0.08611978884858562
9136,2.3991182233583337,2.316685787947007,0.08243243541132683
9137,2.520686550670727,2.450064555060742,0.07062199560998517
9138,2.404390942642986,2.3339362300736477,0.07045471256933844
9139,2.3851302954775777,2.3089731489833256,0.07615714649425209
9140,2.437194494299401,2.3627225729020953,0.07447192139730552
9141,2.401380736695131,2.315668231115515,0.0857125055796164
9142,2.41430187373415,2.3277326728544208,0.08656920087972919
9143,2.3927366304483275,2.322101535481822,0.07063509496650555
9144,2.675788228322469,2.653951895220301,0.021836333102168037
9145,2.5178590296525103,2.466416270365265,0.05144275928724529
9146,2.463601623170408,2.396083390570972,0.0675182325994359
9147,2.41007524684619,2.3379299979651176,0.07214524888107254
9148,2.3779821515202952,2.2851394997197914,0.09284265180050388
9149,2.5727289931046653,2.506647881463955,0.06608111164071051
9150,2.361094144271799,2.2719786802677113,0.08911546400408765
9151,2.4068729342176614,2.3139208056358145,0.09295212858184687
9152,2.507530613494242,2.4348258083468046,0.07270480514743749
9153,2.3989365854467826,2.3183525046011986,0.080584080845584
9154,2.405408458344749,2.3225765133164455,0.08283194502830327
9155,2.3990480820932873,2.334658431309307,0.06438965078398029
9156,2.3584699787625243,2.272187360868201,0.08628261789432345
9157,2.495977004557543,2.4141491043565857,0.08182790020095743
9158,2.3589458963265844,2.2739464831049383,0.08499941322164606
9159,2.312766823443537,2.208882808127412,0.10388401531612468
9160,2.2814460089489446,2.1851721842163285,0.09627382473261603
9161,2.416547982725332,2.3311538318082357,0.08539415091709657
9162,2.309761896063925,2.2101150786716124,0.0996468173923124
9163,2.305479110462673,2.204985944201658,0.1004931662610149
9164,2.4918190149787223,2.424114441527082,0.06770457345164038
9165,2.443283932962226,2.3716714485883297,0.07161248437389611
9166,2.325402054732151,2.22115125018272,0.10425080454943059
9167,2.356409510229142,2.277192883463265,0.07921662676587671
9168,2.3108938653649673,2.2154180829454573,0.09547578241951005
9169,2.2827059324256647,2.1698693867428145,0.11283654568285018
9170,2.3614750654309615,2.258751022146234,0.10272404328472762
9171,2.319936965196226,2.232435091712174,0.0875018734840518
9172,2.381324069270042,2.288651086446653,0.09267298282338876
9173,2.3953480846999597,2.328758558191789,0.06658952650817085
9174,2.297411376377436,2.199222304606481,0.09818907177095504
9175,2.591261388154621,2.5558739581723535,0.035387429982267626
9176,2.4130452550531745,2.3452593521703102,0.06778590288286424
9177,2.418255645711992,2.3310569353503126,0.08719871036167959
9178,2.4412180378610326,2.3721822040904152,0.0690358337706174
9179,2.390015511079581,2.331006925642706,0.05900858543687493
9180,2.5102823953009987,2.4652287006937468,0.04505369460725195
9181,2.356822421916864,2.263074950400709,0.09374747151615503
9182,2.2717834652366857,2.1678773621891207,0.10390610304756498
9183,2.3357360186042735,2.2376451821046937,0.09809083649957984
9184,2.401030612420171,2.314924289270549,0.08610632314962219
9185,2.5480428384988083,2.501224646431761,0.04681819206704718
9186,2.4840477651882993,2.412663264638027,0.07138450055027246
9187,2.719729841535566,2.711882899479991,0.007846942055575123
9188,2.5064737191394633,2.4586039077584254,0.04786981138103785
9189,2.43324273269652,2.3681902055084403,0.06505252718807952
9190,2.2962721864516307,2.193473218055689,0.1027989683959416
9191,2.2163483660316934,2.106742828873806,0.10960553715788723
9192,2.364138176921557,2.2639958149272776,0.1001423619942794
9193,2.4157194228006933,2.3322987915829128,0.08342063121778054
9194,2.329408197346679,2.2376695868384173,0.0917386105082616
9195,2.391470641447341,2.3071753758464686,0.08429526560087242
9196,2.3113855094887534,2.2119126318900126,0.0994728775987408
9197,2.468332774124976,2.392058842887687,0.07627393123728865
9198,2.28920956648906,2.1817719338315635,0.10743763265749662
9199,2.2658211879319055,2.160671768773481,0.10514941915842435
9200,2.4515158583899277,2.384394463098205,0.06712139529172267
9201,2.29190013770931,2.180561162270632,0.11133897543867777
9202,2.493880824801976,2.439331991330363,0.0545488334716131
9203,2.337708897693504,2.244419727821208,0.09328916987229618
9204,2.5131299742547344,2.443938612342182,0.06919136191255237
9205,2.713537869704054,2.706079508749216,0.007458360954838206
9206,2.454326336393876,2.3816314304650668,0.07269490592880912
9207,2.404401736242437,2.3272950526224063,0.07710668362003048
9208,2.5452296537406855,2.4973146913514417,0.047914962389243865
9209,2.317927792885148,2.230629956754716,0.08729783613043196
9210,2.3678054889483757,2.282918545428747,0.08488694351962867
9211,2.3454159511939268,2.247714414256409,0.09770153693751782
9212,2.625505117848435,2.611286403800514,0.014218714047920855
9213,2.471210264939517,2.4110220596261738,0.060188205313343346
9214,2.65027648070909,2.6214408069894257,0.028835673719664445
9215,2.4730943275596533,2.390451136622235,0.08264319093741834
9216,2.492554840716337,2.4440665492682125,0.04848829144812461
9217,2.276461829065588,2.182688267874198,0.09377356119138991
9218,2.4338994275358017,2.3550496283533464,0.07884979918245527
9219,2.438087756040157,2.358001474868684,0.08008628117147287
9220,2.5221700054037677,2.4637206570313412,0.058449348372426435
9221,2.3635935278284044,2.269259449359197,0.0943340784692075
9222,2.3470949904144414,2.2499643650542955,0.09713062536014583
9223,2.5170433283591347,2.4484064707479356,0.06863685761119909
9224,2.2752284017901614,2.1645736330078766,0.11065476878228475
9225,2.3305995014898415,2.2319872889705783,0.09861221251926322
9226,2.4192459073267605,2.331437819724969,0.08780808760179148
9227,2.3000108900518916,2.1970754231676746,0.10293546688421706
9228,2.414492801706488,2.336711388457795,0.07778141324869292
9229,2.4491114826588167,2.371563432389604,0.07754805026921252
9230,2.2950419963507214,2.1926981887134835,0.10234380763723783
9231,2.4458142043686264,2.3816603126802476,0.06415389168837882
9232,2.374682694835322,2.2892232115801128,0.08545948325520936
9233,2.3609773656331967,2.262585262550983,0.09839210308221391
9234,2.3776924248427123,2.2786063270838146,0.09908609775889765
9235,2.3589380355385403,2.27742156263208,0.08151647290646036
9236,2.2798652145852567,2.178056692828131,0.10180852175712563
9237,2.2897131143837077,2.179751984344653,0.10996113003905483
9238,2.5262145766924338,2.451311588974886,0.07490298771754755
9239,2.3876584282307602,2.296325559317399,0.09133286891336123
9240,2.504514108451405,2.441035660310782,0.0634784481406232
9241,2.3393732415212485,2.242952810233113,0.0964204312881356
9242,2.453481913053959,2.3995404829975193,0.05394143005643981
9243,2.3967768277915416,2.3152637520645056,0.08151307572703592
9244,2.338682454533186,2.2425112016383193,0.09617125289486683
9245,2.4030109973367506,2.322814136352299,0.08019686098445167
9246,2.303774110053009,2.2012338369723516,0.1025402730806575
9247,2.5200107526198443,2.47614666380574,0.043864088814104196
9248,2.3481199039381493,2.261727226723517,0.0863926772146324
9249,2.3901944226735594,2.312023319622394,0.07817110305116559
9250,2.4523021401454415,2.368211308450356,0.08409083169508547
9251,2.377061986805015,2.291576945368318,0.085485041436697
9252,2.3748679119415006,2.3019358261764187,0.07293208576508192
9253,2.2667164674616345,2.1561572803739546,0.11055918708767987
9254,2.31891270807293,2.2228228878862097,0.09608982018672041
9255,2.4075753854612776,2.3218335813466826,0.08574180411459498
9256,2.3388165158217067,2.2437236021047378,0.09509291371696893
9257,2.7786221431466624,2.7788576846190924,-0.0002355414724299898
9258,2.4716898846139785,2.4158293533744755,0.055860531239503075
9259,2.3962591822378467,2.2972974897735607,0.09896169246428599
9260,2.4879983592300454,2.4367988453122655,0.05119951391777988
9261,2.410259162715483,2.3266032770354492,0.08365588568003357
9262,2.376062068767922,2.2961177443315086,0.07994432443641353
9263,2.4869336302181853,2.4161823222481704,0.07075130797001483
9264,2.3601228359334985,2.260977393935992,0.09914544199750663
9265,2.32768158185754,2.2312176674885698,0.09646391436897028
9266,2.3494142225109953,2.2693622602005985,0.0800519623103968
9267,2.559528715878953,2.492183652534228,0.06734506334472501
9268,2.308072972302487,2.205841073231195,0.10223189907129226
9269,2.3012058714402155,2.205765506851666,0.09544036458854954
9270,2.473106237633884,2.4067295180799126,0.06637671955397151
9271,2.4252073888971015,2.36052207023656,0.06468531866054139
9272,2.372116005583493,2.2835911794018635,0.08852482618162938
9273,2.4767155992349914,2.4090137062086727,0.06770189302631868
9274,2.317036157459751,2.202865426746786,0.11417073071296491
9275,2.4408524298894934,2.3691243519019904,0.07172807798750291
9276,2.3542919136769798,2.2604986946548395,0.09379321902214022
9277,2.3893355111310552,2.304919769304619,0.08441574182643619
9278,2.41982204835756,2.348855319980856,0.07096672837670415
9279,2.334531833005888,2.2354314820038357,0.09910035100205228
9280,2.3577720644392706,2.254199059515513,0.10357300492375776
9281,2.483850122595104,2.43079642538579,0.05305369720931408
9282,2.310462557244621,2.21211015350483,0.0983524037397907
9283,2.3097051011696252,2.215084773542276,0.09462032762734918
9284,2.3623046878234755,2.259018079348286,0.10328660847518956
9285,2.3918393683651153,2.299228426682403,0.09261094168271233
9286,2.4069444513719906,2.324833272840123,0.08211117853186778
9287,2.239057076972305,2.1301110527422984,0.10894602423000643
9288,2.3695130011141146,2.292427213770119,0.07708578734399563
9289,2.458202349770007,2.391704720506107,0.06649762926390013
9290,2.383757653671559,2.316085141668338,0.06767251200322066
9291,2.5415713341236383,2.457010655009515,0.08456067911412335
9292,2.3917021174511293,2.3132452882410908,0.07845682921003849
9293,2.285010263880758,2.1863324115411658,0.09867785233959214
9294,2.4188144375521814,2.3396645291492724,0.07914990840290903
9295,2.327919716954665,2.231106508087947,0.09681320886671818
9296,2.490350058924266,2.431133504605757,0.05921655431850903
9297,2.311371865520094,2.217592582914432,0.09377928260566204
9298,2.5584777268870176,2.499495503750691,0.05898222313632662
9299,2.360764162608887,2.2821869997490376,0.07857716285984928
9300,2.4235537160281684,2.329488597880768,0.09406511814740037
9301,2.419897955724549,2.3426115128141314,0.07728644291041764
9302,2.26980007328865,2.171371599720642,0.09842847356800766
9303,2.3108953737538163,2.2046307399761393,0.10626463377767692
9304,2.3587034771410065,2.2650659691173733,0.09363750802363313
9305,2.467196753954535,2.4087333657142604,0.05846338824027475
9306,2.381984837147025,2.299644219825304,0.08234061732172115
9307,2.378832076291526,2.2949678064630965,0.08386426982842954
9308,2.359980360896928,2.2649115557286437,0.09506880516828442
9309,2.454454807909771,2.372881273760894,0.08157353414887725
9310,2.3518250026993384,2.253575147222943,0.09824985547639553
9311,2.2674089790421776,2.1569614863331124,0.11044749270906529
9312,2.3844168519664497,2.2930847258955818,0.09133212607086794
9313,2.4808297736780514,2.4290123363182112,0.051817437359840124
9314,2.4340855048843175,2.344581575905752,0.08950392897856574
9315,2.252411382990538,2.1547089631364202,0.09770241985411765
9316,2.343806522108207,2.2486488072212616,0.09515771488694558
9317,2.422707387333708,2.3470074306688407,0.07569995666486751
9318,2.4620474458679706,2.3817592991964434,0.08028814667152728
9319,2.284510804602574,2.1864074842355126,0.09810332036706138
9320,2.369360860156205,2.2688807129970012,0.10048014715920361
9321,2.2800871731644503,2.17042914424368,0.10965802892077026
9322,2.520103261855982,2.4770690693345228,0.043034192521459236
9323,2.392044539364928,2.317048022918429,0.07499651644649896
9324,2.3992522294421597,2.3338538625202756,0.06539836692188405
9325,2.279880608130796,2.1758884549079998,0.10399215322279609
9326,2.511646582941571,2.450877443655801,0.06076913928576966
9327,2.4990662989333923,2.4395016522214905,0.05956464671190176
9328,2.6377589923552405,2.609130036221458,0.02862895613378269
9329,2.3580896223221,2.2727856084129807,0.08530401390911946
9330,2.6155460461432556,2.562317827439563,0.053228218703692765
9331,2.522970493537804,2.4438153407047083,0.0791551528330956
9332,2.3884771496268398,2.302185962835861,0.0862911867909788
9333,2.4088908695859588,2.322425629661214,0.08646523992474497
9334,2.489093614100475,2.4323859789961317,0.05670763510434318
9335,2.4293314255648415,2.342968489132711,0.08636293643213033
9336,2.298804005021468,2.189645612721683,0.10915839229978541
9337,2.427396541903457,2.344424259392501,0.08297228251095623
9338,2.4667478557306275,2.3855205486137923,0.08122730711683523
9339,2.3174949399431206,2.216624137638464,0.1008708023046565
9340,2.5287715215205706,2.4660283835228696,0.06274313799770104
9341,2.4753120912353612,2.4071815484341252,0.06813054280123598
9342,2.364680203868187,2.263131529206833,0.10154867466135409
9343,2.453814988887243,2.374907704859829,0.07890728402741409
9344,2.5114801839737533,2.46008348591762,0.05139669805613334
9345,2.291925480803895,2.1974544803176035,0.09447100048629142
9346,2.3421105917752123,2.2576140380651966,0.08449655371001574
9347,2.3077027209421335,2.2050243028368235,0.10267841810530998
9348,2.4610408668444204,2.383075378444774,0.07796548839964634
9349,2.46337259193128,2.3977594776146294,0.06561311431665073
9350,2.2643130366388293,2.1551033656652296,0.10920967097359968
9351,2.444098377483149,2.386641013606185,0.057457363876963985
9352,2.3937664461073767,2.3176746008409577,0.07609184526641899
9353,2.432010424305536,2.369319766751094,0.06269065755444192
9354,2.3055040530299133,2.2084631838279747,0.09704086920193866
9355,2.340846090101357,2.251188127776651,0.08965796232470602
9356,2.3135774402690497,2.2137934759089535,0.09978396436009618
9357,2.50173542823415,2.4385446060967415,0.06319082213740845
9358,2.3799643840482076,2.287351259074506,0.09261312497370167
9359,2.5368980386523776,2.4718955269008096,0.06500251175156802
9360,2.387850898682856,2.3077872627308507,0.08006363595200527
9361,2.3645304198567176,2.263687555745598,0.10084286411111965
9362,2.407514065222404,2.3298720977673315,0.07764196745507235
9363,2.4107112901055947,2.3223711755044416,0.0883401146011531
9364,2.2465955812020804,2.1284104832809527,0.11818509792112764
9365,2.3448282522910526,2.2537352274644906,0.09109302482656201
9366,2.519594018966133,2.4696251454522025,0.049968873513930756
9367,2.3148491040266044,2.2163000058698503,0.09854909815675406
9368,2.427751060187183,2.3467486075804476,0.08100245260673544
9369,2.3661241275709703,2.276786490893873,0.08933763667709727
9370,2.482495384303736,2.4278593651556553,0.054636019148080806
9371,2.333336909878024,2.236706135976474,0.09663077390155017
9372,2.40470715057669,2.312103282622987,0.09260386795370312
9373,2.279740679618519,2.1787070928292445,0.10103358678927465
9374,2.340145894295777,2.2368499098901844,0.10329598440559273
9375,2.3704254389221395,2.2964878271324394,0.07393761178970015
9376,2.363930464816947,2.2805879359912127,0.08334252882573434
9377,2.396876293149755,2.3138656497678043,0.08301064338195063
9378,2.372038157673555,2.2926604407168325,0.07937771695672247
9379,2.398601916745845,2.3079906242705586,0.09061129247528665
9380,2.4498293908996662,2.3724398448784743,0.07738954602119197
9381,2.38227180890935,2.2791540288142964,0.10311778009505357
9382,2.3363199996151014,2.240587231975149,0.09573276763995242
9383,2.4604233076895166,2.385635746149767,0.07478756153974953
9384,2.504523784147195,2.4464164806717688,0.05810730347542625
9385,2.463398049294553,2.3840394891758905,0.0793585601186626
9386,2.356275424794773,2.2735381772807237,0.0827372475140491
9387,2.293410874675186,2.181683784659312,0.111727090015874
9388,2.3006089332336366,2.187466733037915,0.11314220019572163
9389,2.407836695494612,2.314164278125047,0.09367241736956533
9390,2.2854882055432184,2.1865228466445386,0.09896535889867986
9391,2.582684150010302,2.540792842353237,0.041891307657064836
9392,2.4174101361532068,2.329726827548561,0.08768330860464557
9393,2.61689331116095,2.5825759298379616,0.03431738132298845
9394,2.3858716528028703,2.2854210141024494,0.10045063870042092
9395,2.5034919842916925,2.4282139583575124,0.07527802593418009
9396,2.3276750503430463,2.2215254246846734,0.10614962565837294
9397,2.412329646262301,2.3242035515776283,0.08812609468467292
9398,2.2887980945221367,2.1819163720096606,0.10688172251247607
9399,2.2841805387257383,2.1773827417332576,0.10679779699248071
9400,2.2919308536737435,2.1855358873890207,0.10639496628472278
9401,2.366281394626632,2.2712445188900596,0.09503687573657249
9402,2.5986609761090094,2.586663435699607,0.011997540409402152
9403,2.4567725686009703,2.3699528870517015,0.08681968154926878
9404,2.4172222228791553,2.3211276767160127,0.09609454616314261
9405,2.417125825678715,2.3334819059854257,0.08364391969328944
9406,2.487377380853312,2.4217512328153354,0.0656261480379765
9407,2.6309752161680353,2.5972562362110785,0.03371897995695683
9408,2.3040208995683167,2.1966725223440897,0.10734837722422697
9409,2.2801064008729526,2.1802943036901485,0.09981209718280404
9410,2.3568281756787677,2.2640156254037813,0.09281255027498636
9411,2.4578689748730143,2.372781107959716,0.08508786691329817
9412,2.28101646731751,2.1859122242006777,0.09510424311683252
9413,2.3734194451242674,2.2764280828560937,0.09699136226817373
9414,2.363621676084618,2.2772863394493923,0.08633533663522552
9415,2.365527253118278,2.275583075526578,0.08994417759170004
9416,2.4533325355896776,2.382546064982446,0.07078647060723142
9417,2.3672371963880092,2.2763928396598776,0.09084435672813163
9418,2.527353967508518,2.464899866532062,0.06245410097645587
9419,2.3673655050984452,2.260077477597111,0.10728802750133415
9420,2.4499796666514806,2.362320558326262,0.0876591083252185
9421,2.318645102779551,2.212241563826552,0.10640353895299937
9422,2.296280684633869,2.194165910860593,0.10211477377327594
9423,2.4045880192456024,2.324255808178902,0.08033221106670041
9424,2.304451562876391,2.2015770086586635,0.10287455421772762
9425,2.299133223634696,2.2007535976320627,0.09837962600263328
9426,2.3167563300816947,2.234006406236324,0.08274992384537061
9427,2.408118712887126,2.356542532757333,0.05157618012979315
9428,2.3444541206518816,2.2429644441757315,0.10148967647615015
9429,2.4307651096131275,2.375246106321055,0.05551900329207271
9430,2.533413575029016,2.4795863833202247,0.05382719170879113
9431,2.31185685574067,2.198048312159561,0.11380854358110915
9432,2.3389297764524564,2.2511629023264907,0.08776687412596562
9433,2.2867979414730337,2.1892425202876757,0.09755542118535798
9434,2.331987822509877,2.2432203655203597,0.08876745698951716
9435,2.334522158361871,2.23414264252496,0.10037951583691074
9436,2.339556548234795,2.2664806951477905,0.07307585308700437
9437,2.36685936062119,2.2697093734233724,0.09714998719781764
9438,2.4486625120413072,2.377096106463277,0.07156640557803007
9439,2.5524834424767646,2.5026741015907787,0.049809340885985876
9440,2.412071686946297,2.3177037548061503,0.0943679321401465
9441,2.3504874017323383,2.245494976234754,0.10499242549758447
9442,2.3035149218504403,2.2052840910185063,0.09823083083193396
9443,2.5362600607139663,2.4917624914961887,0.04449756921777759
9444,2.3351555197299025,2.2449051138951446,0.09025040583475796
9445,2.477604888220763,2.3988002835046816,0.07880460471608153
9446,2.3098013328812073,2.200421335618499,0.10937999726270808
9447,2.4059049435872937,2.3162676562782423,0.0896372873090514
9448,2.342998710562695,2.246537530629459,0.096461179933236
9449,2.3881442647345175,2.3033723999245006,0.08477186481001686
9450,2.4510928028375814,2.3872580762779685,0.06383472655961286
9451,2.4114162304392956,2.324206188099571,0.08721004233972485
9452,2.4234372975885776,2.351909528230643,0.07152776935793481
9453,2.3249459245690107,2.222820029310797,0.1021258952582138
9454,2.365022815398513,2.2846475760158715,0.08037523938264135
9455,2.435599833668591,2.3476390979786967,0.08796073568989415
9456,2.404584390782489,2.3241495066618416,0.08043488412064725
9457,2.476485165995312,2.4077553991319687,0.06872976686334331
9458,2.3397777976742558,2.227694848169705,0.11208294950455056
9459,2.515585779072968,2.4459873055440804,0.0695984735288877
9460,2.3286657231236805,2.2236952860609556,0.10497043706272491
9461,2.3527348999027575,2.259721037639693,0.09301386226306452
9462,2.4543501582248735,2.3676022433522497,0.08674791487262379
9463,2.408774057835131,2.314805778972588,0.09396827886254311
9464,2.417168535253196,2.35087347272382,0.06629506252937611
9465,2.3809936549056925,2.2872811367364503,0.0937125181692422
9466,2.3316459482543213,2.225420466307869,0.10622548194645232
9467,2.3330320828163025,2.2311862445385398,0.10184583827776272
9468,2.456811201654077,2.3913837573393444,0.06542744431473269
9469,2.3793057671777986,2.2785143470910736,0.10079142008672504
9470,2.4786146921168637,2.402768514742454,0.07584617737440968
9471,2.437164765839765,2.3491691656689193,0.08799560017084573
9472,2.345853778625258,2.252018489982848,0.09383528864240986
9473,2.3854746479064555,2.3030698766621813,0.08240477124427414
9474,2.5846783826689674,2.5369674757110108,0.047710906957956656
9475,2.669364819729993,2.6476234603293824,0.021741359400610616
9476,2.3332245212614566,2.2387826883325324,0.09444183292892427
9477,2.3959170411623134,2.326314394001531,0.06960264716078246
9478,2.259742352205635,2.147606832494138,0.11213551971149682
9479,2.340291767857803,2.2426034038203255,0.09768836403747727
9480,2.405877419900388,2.3144564148027365,0.09142100509765161
9481,2.41353167818819,2.335966922668255,0.0775647555199348
9482,2.330429408140746,2.217054481124269,0.11337492701647722
9483,2.4646179551544716,2.3876580887242786,0.07695986643019292
9484,2.3437037412895965,2.2484765115476306,0.09522722974196585
9485,2.3981605957240935,2.320581978648532,0.07757861707556124
9486,2.3767305039849593,2.278500454809225,0.09823004917573419
9487,2.534367827763448,2.494113213320968,0.04025461444248002
9488,2.579814028664168,2.5305441099762285,0.04926991868793973
9489,2.407138143870633,2.3218164781239983,0.08532166574663469
9490,2.3378051228311283,2.2382765640926645,0.09952855873846378
9491,2.482291979227436,2.397490214515778,0.08480176471165812
9492,2.406747952573745,2.336726314802399,0.07002163777134607
9493,2.2991916506454055,2.205950828685783,0.09324082195962236
9494,2.4390430734178348,2.364235843998714,0.07480722941912088
9495,2.2820144760561343,2.175967693520124,0.1060467825360103
9496,2.4623606175472945,2.375603466270452,0.08675715127684258
9497,2.4004293591034176,2.314774149834553,0.0856552092688645
9498,2.3442838548093072,2.24642900462909,0.09785485018021722
9499,2.3694127061904715,2.2782634369988677,0.09114926919160382
9500,2.5287623803400288,2.4855744038764676,0.043187976463561206
9501,2.4081562677680117,2.3225757900390933,0.08558047772891841
9502,2.268958187865429,2.160989122233919,0.10796906563151021
9503,2.2489339475611487,2.1442085155675286,0.10472543199362017
9504,2.3060463089388885,2.2122710337385922,0.09377527520029627
9505,2.369803672300051,2.2828552956311916,0.08694837666885924
9506,2.3845006116537117,2.3044018653005733,0.0800987463531384
9507,2.4260580627908555,2.330340021928856,0.09571804086199931
9508,2.6108147415208167,2.576856304334065,0.033958437186751844
9509,2.2521851699699873,2.1396899942578327,0.11249517571215462
9510,2.244671259772845,2.1374439839745087,0.10722727579833613
9511,2.423471087225101,2.3497542606537696,0.0737168265713315
9512,2.436395746953887,2.3512734782154325,0.0851222687384543
9513,2.261379951916619,2.1555867062384393,0.10579324567817983
9514,2.3719410890581556,2.2710323843203466,0.100908704737809
9515,2.363864528109369,2.2713583996198037,0.09250612848956541
9516,2.412610979832505,2.3234662000209023,0.08914477981160251
9517,2.266779487573532,2.15146485084265,0.11531463673088194
9518,2.277818721645927,2.172353991861494,0.10546472978443289
9519,2.2214876186726498,2.1070133635730723,0.11447425509957743
9520,2.385125860540373,2.3014305109211737,0.08369534961919944
9521,2.3224535467170226,2.2306075530228973,0.09184599369412538
9522,2.3535918367337123,2.262986853317048,0.09060498341666445
9523,2.608851990082682,2.5597651652556106,0.049086824827071496
9524,2.352092722242771,2.2643873976474675,0.08770532459530367
9525,2.4921778001144275,2.405188411548588,0.08698938856583949
9526,2.492424904053245,2.415781935757083,0.07664296829616202
9527,2.413858799516743,2.3218189555581388,0.0920398439586041
9528,2.4021144350933583,2.319751192852206,0.08236324224115243
9529,2.3374089968671483,2.2399953986124848,0.09741359825466356
9530,2.422085595126825,2.340080933442293,0.08200466168453202
9531,2.3068229386492014,2.1928947445374147,0.11392819411178667
9532,2.3669694675234543,2.276572849048438,0.09039661847501623
9533,2.48477308971928,2.4036082603311733,0.08116482938810687
9534,2.5164830280493127,2.458222246467008,0.058260781582304855
9535,2.325602689866323,2.235934640886827,0.0896680489794961
9536,2.4561455300616197,2.3878860018689436,0.06825952819267611
9537,2.4674732844043596,2.3996036895341346,0.06786959487022504
9538,2.399185185446121,2.321818434906656,0.07736675053946485
9539,2.361595260389366,2.270058705346452,0.09153655504291391
9540,2.3587244514677423,2.26590874584163,0.09281570562611252
9541,2.3649400287436086,2.267993125268799,0.09694690347480961
9542,2.451437117680648,2.3730447610308585,0.07839235664978972
9543,2.3654522786449217,2.2791487970120388,0.08630348163288293
9544,2.434918762642333,2.3711004886325755,0.06381827400975748
9545,2.6038071847299467,2.5628618297963057,0.04094535493364093
9546,2.2209311871360575,2.1076948961533346,0.11323629098272292
9547,2.4451270652699884,2.3821928830511685,0.06293418221881986
9548,2.3306436253592295,2.2465617843891312,0.0840818409700983
9549,2.4637617313855023,2.392385574597533,0.07137615678796916
9550,2.526956376759159,2.471349497142414,0.055606879616745264
9551,2.3304747439322897,2.2327764616222,0.09769828231008981
9552,2.297184652965845,2.1912692939583893,0.10591535900745574
9553,2.364309394850354,2.255791977366557,0.10851741748379728
9554,2.3138329497839214,2.213826709947434,0.1000062398364876
9555,2.3486491134438428,2.2583191739355475,0.09032993950829526
9556,2.428744239213034,2.3599730867011877,0.06877115251184618
9557,2.239790151493274,2.1278603765403528,0.11192977495292133
9558,2.2977261736531713,2.2110713798343142,0.0866547938188571
9559,2.5168288663812595,2.4473027340824975,0.06952613229876192
9560,2.4344379495258113,2.3579923896129795,0.07644555991283175
9561,2.3893721308975593,2.2941811597751105,0.09519097112244879
9562,2.429183161773719,2.3459548180350334,0.0832283437386856
9563,2.590843504865536,2.5491186933131087,0.041724811552427354
9564,2.376032856124545,2.2948454830178546,0.08118737310669033
9565,2.3032960071696804,2.1910750155352163,0.11222099163446408
9566,2.4666873882097082,2.411084552228137,0.05560283598157145
9567,2.4533269816940972,2.3697003420609772,0.08362663963312
9568,2.3992648509768366,2.308137972477326,0.09112687849951051
9569,2.353658542842059,2.250236626279477,0.10342191656258226
9570,2.5261981162419063,2.468572779155394,0.057625337086512296
9571,2.4213507748950165,2.3454319666942163,0.07591880820080021
9572,2.408304573276434,2.3273000995531867,0.08100447372324737
9573,2.462495744206634,2.386972221757579,0.07552352244905514
9574,2.3658720445676,2.274411331401081,0.09146071316651883
9575,2.3788721175410537,2.277772680888789,0.10109943665226462
9576,2.2997036315475836,2.1962702964402023,0.10343333510738129
9577,2.2969945111298977,2.193142556968515,0.10385195416138293
9578,2.291365776987061,2.187884530860279,0.103481246126782
9579,2.290930710026143,2.189147294926789,0.10178341509935418
9580,2.2704623236583235,2.161924573812052,0.1085377498462714
9581,2.4318013917933547,2.360413293255173,0.07138809853818184
9582,2.464840179474704,2.3880156332189224,0.07682454625578172
9583,2.4542689213896587,2.386040535353024,0.06822838603663461
9584,2.3267561019407283,2.237849364256419,0.08890673768430934
9585,2.3963554137703365,2.30876074815843,0.08759466561190665
9586,2.5118842300947457,2.4434945328021924,0.06838969729255329
9587,2.33306052075518,2.2236806706240477,0.10937985013113227
9588,2.454501780727996,2.3782045556922244,0.07629722503577163
9589,2.3936683106054355,2.307031822631011,0.08663648797442436
9590,2.32768676905058,2.2300439923089543,0.09764277674162569
9591,2.4660906358347385,2.3971918187885684,0.06889881704617018
9592,2.641463873992807,2.5938759609028903,0.04758791308991661
9593,2.447287955713405,2.363719790832326,0.0835681648810791
9594,2.5248609759010847,2.444360176930297,0.08050079897078755
9595,2.5167404091742593,2.458939053590231,0.057801355584028435
9596,2.6298127366152784,2.591704814970696,0.03810792164458254
9597,2.540383366811747,2.477341069609723,0.06304229720202414
9598,2.417449537485777,2.3532548938402753,0.06419464364550187
9599,2.3672058778248166,2.2699366442111395,0.09726923361367712
9600,2.42307033383122,2.364308383563187,0.058761950268033214
9601,2.3893927833601043,2.3119919024168856,0.07740088094321873
9602,2.5274392923624247,2.467854874407266,0.059584417955158564
9603,2.3241284641218356,2.212899592992233,0.11122887112960278
9604,2.5484517249290857,2.4914287842323892,0.057022940696696445
9605,2.3662183670986376,2.2767593043629435,0.08945906273569415
9606,2.349002666911888,2.26035532833031,0.0886473385815778
9607,2.447780788252735,2.365050907280518,0.08272988097221701
9608,2.3773283012582587,2.2818491719107112,0.09547912934754743
9609,2.556977703884327,2.5142265260886556,0.0427511777956715
9610,2.5685369835817933,2.5094406236935067,0.05909635988828654
9611,2.4589366481200776,2.400155363847002,0.058781284273075496
9612,2.471496895906652,2.3962056264689715,0.07529126943768061
9613,2.431528962871708,2.355284402763143,0.07624456010856484
9614,2.2841622390742224,2.1829731873561125,0.10118905171810999
9615,2.3806855327447782,2.2769679482167886,0.10371758452798963
9616,2.3962265735987627,2.3130753038142062,0.08315126978455645
9617,2.4086568657988767,2.325691216636457,0.08296564916241955
9618,2.3604235577412207,2.258070480922688,0.10235307681853278
9619,2.357043170052243,2.2539574136516856,0.1030857564005574
9620,2.583824942775245,2.5237817272973,0.06004321547794467
9621,2.391281273330835,2.302024756659185,0.08925651667165013
9622,2.364903459553356,2.2663390323812913,0.09856442717206448
9623,2.418860305562186,2.3511812124457303,0.06767909311645548
9624,2.4086811031119186,2.316868248392208,0.09181285471971057
9625,2.402663577766539,2.3149543304893596,0.08770924727717944
9626,2.5325658016130306,2.484454598904126,0.04811120270890479
9627,2.391960244189118,2.2962841698362557,0.09567607435286218
9628,2.5191306392876265,2.465659636652745,0.05347100263488169
9629,2.421581261394656,2.3495419574053433,0.07203930398931258
9630,2.3628902399951306,2.268539288607164,0.09435095138796656
9631,2.360911457148142,2.268918813792348,0.09199264335579427
9632,2.4818091535123026,2.4145019429674006,0.06730721054490196
9633,2.4192060160003925,2.338001898927548,0.08120411707284436
9634,2.429458759326103,2.35359956558338,0.07585919374272265
9635,2.477253347076267,2.417256156662554,0.059997190413712875
9636,2.224619851975165,2.113533726436019,0.11108612553914643
9637,2.4281048311177216,2.3572130462902643,0.07089178482745728
9638,2.3382393390781955,2.2372823433312385,0.10095699574695693
9639,2.491913477210194,2.4265856408397273,0.06532783637046657
9640,2.4240819401264084,2.340458849424494,0.08362309070191465
9641,2.3747479957466346,2.294046030412862,0.08070196533377283
9642,2.461786895012146,2.39116215857391,0.07062473643823619
9643,2.4144775768453757,2.329320942905245,0.08515663394013062
9644,2.3116971127909305,2.2129298625108524,0.09876725028007804
9645,2.2868795363175702,2.186914293052762,0.09996524326480838
9646,2.514969771908787,2.4673123403390407,0.04765743156974622
9647,2.272027495167462,2.1627889837002092,0.10923851146725294
9648,2.3949338458113183,2.309877443633641,0.08505640217767718
9649,2.483237605837105,2.4111054920728834,0.07213211376422146
9650,2.363311950875545,2.2664592800450127,0.09685267083053217
9651,2.3276170533511884,2.2436863955713817,0.08393065777980668
9652,2.3664718744605957,2.2836338976779786,0.08283797678261706
9653,2.389644041852863,2.313188542256649,0.0764554995962139
9654,2.4196095427083355,2.3448435961774075,0.07476594653092805
9655,2.2875449630357636,2.189253237441568,0.09829172559419552
9656,2.4561683487361554,2.3778185474308855,0.07834980130526992
9657,2.359084739851911,2.2646858518572017,0.0943988879947093
9658,2.4464045829656995,2.361810391694574,0.08459419127112566
9659,2.4427802779230023,2.362408634303122,0.08037164361988047
9660,2.390313413523751,2.29544086083747,0.09487255268628125
9661,2.4395267433949965,2.3538379702835437,0.08568877311145284
9662,2.4831766956615353,2.4142817291051357,0.0688949665563996
9663,2.487052697070352,2.405860330882291,0.08119236618806092
9664,2.362038253545058,2.273876527607306,0.08816172593775207
9665,2.446455347449261,2.3631042220807905,0.08335112536847067
9666,2.439632825256297,2.358499335254884,0.08113349000141312
9667,2.3758593577204152,2.3087207689529468,0.06713858876746848
9668,2.4737317781293395,2.395565772603671,0.07816600552566833
9669,2.4014778612355534,2.3272071570064887,0.07427070422906468
9670,2.485207837914923,2.415107793709838,0.07010004420508498
9671,2.351657538110831,2.250362793485228,0.10129474462560273
9672,2.325983557264838,2.242859092823307,0.08312446444153121
9673,2.2905424284832856,2.183082391578808,0.10746003690447781
9674,2.316564818777005,2.217046599151166,0.09951821962583907
9675,2.4728596108636864,2.402655941420851,0.07020366944283563
9676,2.31774613625019,2.2170547180188627,0.10069141823132721
9677,2.357981025763584,2.258289813119804,0.09969121264377989
9678,2.3881238419767543,2.2942406066918006,0.09388323528495368
9679,2.409021698082161,2.3321501465825625,0.07687155149959857
9680,2.4180287880684324,2.330134455684999,0.08789433238343314
9681,2.3921738437656295,2.296019208389884,0.09615463537574565
9682,2.3588518116039463,2.2707446832821025,0.08810712832184375
9683,2.4704505044365406,2.397820583970208,0.07262992046633254
9684,2.3035069610791155,2.207677866393395,0.09582909468572032
9685,2.4542382159244087,2.3947365848073536,0.05950163111705509
9686,2.368178368009473,2.278796631110372,0.08938173689910123
9687,2.3792132546733713,2.2849420112096643,0.09427124346370697
9688,2.43430993802669,2.3719441898142435,0.06236574821244645
9689,2.4024070179253227,2.327652228680065,0.07475478924525758
9690,2.481615173984149,2.4242605997529925,0.05735457423115653
9691,2.4117316093891628,2.341153122875383,0.07057848651377974
9692,2.384082173520876,2.2976718420406965,0.08641033148017963
9693,2.4284252965669886,2.358174352345284,0.07025094422170453
9694,2.4471659086015793,2.3766359454069206,0.07052996319465876
9695,2.4795875634651643,2.412089583208217,0.06749798025694709
9696,2.493608753368695,2.4265263877087735,0.06708236565992154
9697,2.252917488822536,2.1372105681780966,0.11570692064443922
9698,2.497893137966003,2.4502939888095447,0.04759914915645824
9699,2.305243619584244,2.2070127451454264,0.0982308744388174
9700,2.3886595907576864,2.2933584769058615,0.09530111385182494
9701,2.21703499020015,2.1028872119337128,0.11414777826643707
9702,2.575369830093913,2.5311706679476598,0.04419916214625319
9703,2.277626358084336,2.1707815970240523,0.10684476106028384
9704,2.467108422740725,2.4072731127257683,0.0598353100149569
9705,2.4384594907452235,2.373089953618605,0.0653695371266183
9706,2.351073413993415,2.2590153173928105,0.0920580966006046
9707,2.3106691680511373,2.209049147300031,0.10162002075110621
9708,2.381242511372318,2.3038654051604914,0.0773771062118267
9709,2.6243683278993752,2.553903570900207,0.0704647569991681
9710,2.5855355871908396,2.565303453213495,0.0202321339773448
9711,2.3011055177745225,2.1974478867858727,0.10365763098864988
9712,2.3120140206938853,2.214479122660175,0.09753489803371007
9713,2.4910624497440716,2.4234787992352116,0.06758365050886006
9714,2.22690841686304,2.116163363527414,0.11074505333562579
9715,2.3103964703227597,2.2192281220552292,0.09116834826753051
9716,2.3066239160647823,2.205210290606766,0.10141362545801647
9717,2.433962537658495,2.3724614304319025,0.0615011072265923
9718,2.560506492608292,2.4960528643831337,0.06445362822515843
9719,2.388875449803226,2.305492721893728,0.08338272790949786
9720,2.435526326876317,2.350704328544074,0.08482199833224291
9721,2.419787595914589,2.3335062427309974,0.08628135318359176
9722,2.3630677807193377,2.2707994084807885,0.09226837223854911
9723,2.39899275030882,2.3217093151570065,0.07728343515181368
9724,2.32166137980803,2.220173015109304,0.10148836469872613
9725,2.465821998339053,2.40561426375698,0.060207734582072625
9726,2.4261849378854587,2.3516586118986917,0.074526325986767
9727,2.3767270859672163,2.2797492733660047,0.09697781260121152
9728,2.336009757562058,2.2507099972011018,0.08529976036095643
9729,2.423520501401202,2.363714541264168,0.059805960137033765
9730,2.3037246769899884,2.20136164590062,0.1023630310893684
9731,2.4501245212618095,2.3774824302371935,0.07264209102461594
9732,2.4464972823283855,2.364458220546505,0.08203906178188047
9733,2.3775573299275,2.298047417585843,0.07950991234165672
9734,2.3945737980251627,2.301385604009212,0.09318819401595047
9735,2.3885534954600303,2.2919372514963228,0.0966162439637075
9736,2.4201036791292974,2.3336416903666146,0.08646198876268274
9737,2.5568040238201237,2.5012285093274884,0.055575514492635314
9738,2.343300095968815,2.245065499341212,0.09823459662760303
9739,2.338373901076002,2.2342084209098676,0.10416548016613447
9740,2.4437841167682595,2.3624043947843574,0.08137972198390209
9741,2.255528270065565,2.139927870830373,0.11560039923519216
9742,2.3735185337259574,2.2820075407753895,0.09151099295056797
9743,2.4356637313772187,2.349575966012728,0.08608776536449092
9744,2.2901201392584074,2.18301371651305,0.10710642274535731
9745,2.2991138999648744,2.196755194983428,0.10235870498144628
9746,2.2742472513783967,2.1625885086048218,0.1116587427735749
9747,2.457347670644693,2.3902282037929785,0.06711946685171455
9748,2.3511171854170176,2.2647911816050015,0.08632600381201616
9749,2.3436295666111993,2.2445543354987887,0.09907523111241057
9750,2.5417639746238745,2.4840721825225742,0.057691792101300265
9751,2.3446967214381553,2.2446602834158544,0.10003643802230089
9752,2.553033789391485,2.5194830314090395,0.03355075798244567
9753,2.4496815784420645,2.3705088169618462,0.07917276148021823
9754,2.316411319906526,2.218794834242897,0.09761648566362924
9755,2.418894201000623,2.3434957279184676,0.07539847308215553
9756,2.53675952824446,2.4921208909261496,0.044638637318310526
9757,2.4928945763933075,2.4208185726015055,0.07207600379180201
9758,2.3376815858881184,2.2488510001025532,0.08883058578556513
9759,2.3292321382559207,2.229093130686079,0.10013900756984162
9760,2.4607106581174807,2.41407304554449,0.046637612572990594
9761,2.347962744629501,2.265982159986107,0.08198058464339386
9762,2.3828622572697435,2.294818340475931,0.08804391679381274
9763,2.289586933124225,2.1802777428215245,0.10930919030270037
9764,2.612059207883973,2.575009057866134,0.037050150017838845
9765,2.3139278541270563,2.2181161378055587,0.09581171632149754
9766,2.3595602718689563,2.2638938889546876,0.09566638291426877
9767,2.396160463304709,2.3166162427416315,0.07954422056307742
9768,2.36947235217978,2.275231729514584,0.09424062266519595
9769,2.3916119117281607,2.3341004711544375,0.05751144057372315
9770,2.4124387810057764,2.3256974753682766,0.08674130563749971
9771,2.362027954298006,2.277145108563748,0.08488284573425764
9772,2.4109223588822246,2.3550533607114366,0.05586899817078805
9773,2.4005005863110758,2.312628363176298,0.08787222313477772
9774,2.32705766127187,2.244694752117291,0.082362909154579
9775,2.450808544768969,2.358763547002571,0.09204499776639796
9776,2.258514925668128,2.1516793086066044,0.10683561706152345
9777,2.3305485139057653,2.250872329220793,0.07967618468497228
9778,2.3652796034307246,2.2703749420880492,0.09490466134267539
9779,2.3289965498534935,2.2230042685198446,0.10599228133364891
9780,2.369059397279485,2.279148688437355,0.08991070884213004
9781,2.3655686256040944,2.275319492938293,0.09024913266580148
9782,2.3159454691438963,2.214363739846985,0.10158172929691123
9783,2.3989027589512504,2.33106969128532,0.06783306766593045
9784,2.3406760980170755,2.2360235357593385,0.104652562257737
9785,2.316956501390109,2.2184596310554796,0.09849687033462917
9786,2.2623975942522567,2.1620907397007363,0.10030685455152044
9787,2.4623403758274938,2.3869920195958216,0.07534835623167213
9788,2.318206074284966,2.21213212600169,0.10607394828327621
9789,2.4357639692183497,2.360464007312489,0.07529996190586052
9790,2.4137423902735837,2.3267327525459733,0.08700963772761039
9791,2.4286293013643316,2.358165358034899,0.07046394332943251
9792,2.287030528154041,2.1777074325102457,0.10932309564379539
9793,2.3791452060598806,2.2927670667579414,0.08637813930193916
9794,2.3294995123681064,2.23616494663381,0.09333456573429633
9795,2.335684566118158,2.233447399058888,0.10223716705926966
9796,2.4091819293537404,2.3134380148480322,0.09574391450570818
9797,2.346740559096862,2.2589845777427997,0.08775598135406248
9798,2.368765128157363,2.2816945507131567,0.08707057744420643
9799,2.3416802313943816,2.244718486305237,0.09696174508914446
9800,2.3907706601493093,2.3204220104632127,0.07034864968609655
9801,2.404538410010444,2.324697774128012,0.07984063588243195
9802,2.3179744277746734,2.206976713344969,0.11099771442970452
9803,2.3865604306195,2.3010187506759965,0.08554167994350337
9804,2.542019356501267,2.488876855914519,0.053142500586747854
9805,2.393203445933979,2.309596879861344,0.08360656607263461
9806,2.466367325738444,2.399617593465848,0.06674973227259606
9807,2.443203362968038,2.3771624778450797,0.06604088512295814
9808,2.4637824394949144,2.3901505149824485,0.07363192451246592
9809,2.4705532858275863,2.3860031632456975,0.08455012258188876
9810,2.3478747590152995,2.238779768012473,0.10909499100282671
9811,2.318114721748019,2.218727667938886,0.09938705380913326
9812,2.2909794128917214,2.1890549948780498,0.10192441801367158
9813,2.4227736282961905,2.3307837961715654,0.09198983212462508
9814,2.667635878985702,2.655224319484136,0.012411559501566138
9815,2.3709516641920088,2.272949647012081,0.09800201717992785
9816,2.4340592894785753,2.355300149765654,0.07875913971292148
9817,2.383558370039691,2.288043885004024,0.09551448503566728
9818,2.431071089640795,2.3530774987406837,0.07799359090011126
9819,2.45528509472773,2.3805163309397996,0.0747687637879304
9820,2.4029544037560906,2.3053607052529195,0.09759369850317112
9821,2.5413377721332937,2.467403133435659,0.07393463869763472
9822,2.3959538816095156,2.3085122985500903,0.08744158305942529
9823,2.3028241267543956,2.211151741932096,0.09167238482229978
9824,2.383808245086838,2.290358536104494,0.09344970898234406
9825,2.2630026463999617,2.148931043918362,0.11407160248159975
9826,2.505104597480562,2.4178394998464467,0.08726509763411539
9827,2.2957347298977187,2.197030836356396,0.0987038935413227
9828,2.372149153058395,2.287578080911366,0.08457107214702919
9829,2.4096280776764405,2.3239757247967385,0.08565235287970197
9830,2.4024096704081614,2.3353254622929955,0.06708420811516591
9831,2.4498471142545863,2.3862124158392364,0.06363469841534997
9832,2.3618532170775612,2.2645947899021595,0.09725842717540178
9833,2.445042217868388,2.3735057412350913,0.07153647663329687
9834,2.355833841464853,2.2572212475926174,0.09861259387223553
9835,2.2896458537356583,2.175266492433242,0.11437936130241644
9836,2.350402376856823,2.2500002934590007,0.1004020833978223
9837,2.4917246264632364,2.4099329114216004,0.08179171504163607
9838,2.2804778301998105,2.1724306707441614,0.10804715945564913
9839,2.4370739583379066,2.356620265101802,0.08045369323610485
9840,2.4391769753605637,2.3595719746628587,0.07960500069770493
9841,2.3778931919973245,2.2964814564112612,0.0814117355860633
9842,2.4345011100098626,2.3541007844803796,0.08040032552948295
9843,2.3605776366540745,2.2553891392213634,0.10518849743271108
9844,2.3615106974229634,2.28534338559629,0.07616731182667325
9845,2.492973326437557,2.4383862240977563,0.0545871023398008
9846,2.3398651744495496,2.2377076615173808,0.10215751293216879
9847,2.364688787084887,2.278944485225321,0.08574430185956627
9848,2.3952523906106356,2.312997267272702,0.08225512333793361
9849,2.473273200265842,2.414897240511419,0.05837595975442289
9850,2.324231197979897,2.234814936562534,0.08941626141736325
9851,2.4115536630638865,2.3346605784893586,0.07689308457452793
9852,2.236833217241405,2.1282483909028667,0.1085848263385385
9853,2.432590617399122,2.3500739126828027,0.08251670471631911
9854,2.4846208984237217,2.4099662437517724,0.07465465467194932
9855,2.5512937447422757,2.509378696910389,0.04191504783188682
9856,2.4051774396559877,2.3384298251445217,0.06674761451146605
9857,2.294559835405299,2.187696553573765,0.10686328183153426
9858,2.371951819133398,2.2804974943147016,0.09145432481869653
9859,2.3246486709740855,2.237565800232604,0.08708287074148124
9860,2.303190827643014,2.2102392489128087,0.09295157873020532
9861,2.480637457191331,2.399843629647112,0.08079382754421927
9862,2.8025328445898876,2.8219055703189824,-0.019372725729094764
9863,2.3127264623540613,2.2190779145661845,0.09364854778787679
9864,2.4656277498109187,2.4189862288980963,0.046641520912822365
9865,2.3369830379578715,2.2527741721398735,0.08420886581799802
9866,2.5152043965342377,2.4551020828782155,0.060102313656022144
9867,2.3352400548605274,2.242905622703927,0.09233443215660042
9868,2.425254552176054,2.357360337762981,0.06789421441307297
9869,2.429063283486458,2.3524472565039938,0.07661602698246428
9870,2.345233676280279,2.2544427693378353,0.09079090694244352
9871,2.4076941189731706,2.3156887715216086,0.09200534745156208
9872,2.4028776548202315,2.305996740527192,0.09688091429303958
9873,2.268957435847648,2.172077171270667,0.09688026457698129
9874,2.3311943372784683,2.2523768300930813,0.07881750718538694
9875,2.501019081084132,2.436674280819244,0.06434480026488831
9876,2.6061985505987555,2.6044384188014313,0.0017601317973241493
9877,2.4010008982307083,2.326746488024885,0.07425441020582335
9878,2.379351236494105,2.30425698748938,0.07509424900472483
9879,2.5272156202590708,2.4639778976555617,0.06323772260350902
9880,2.3322648973616023,2.2317526473043654,0.10051225005723685
9881,2.4977285572174512,2.4283394516098324,0.0693891056076188
9882,2.3104264294840124,2.212350036230248,0.0980763932537645
9883,2.315992524640674,2.2216065833302823,0.0943859413103918
9884,2.34804766897353,2.2501545463452155,0.09789312262831462
9885,2.4551499646482604,2.3846182173844257,0.07053174726383471
9886,2.3962592894698624,2.3211469855503246,0.07511230391953783
9887,2.3402978345196765,2.2532912655457347,0.08700656897394188
9888,2.4642927198543156,2.3908597979917023,0.0734329218626133
9889,2.4636387254385723,2.406948831929508,0.056689893509064504
9890,2.33209539532438,2.241597471602572,0.09049792372180798
9891,2.560599457421278,2.4990916674936705,0.061507789927607526
9892,2.5827929406616965,2.5320121401771813,0.050780800484515165
9893,2.2485528297923953,2.1385112961154125,0.11004153367698288
9894,2.5631997738482553,2.505456324225173,0.0577434496230822
9895,2.31842514209337,2.2226054344499984,0.09581970764337155
9896,2.434032013403297,2.363930633089593,0.07010138031370383
9897,2.4561561857047685,2.3905501457047147,0.06560604000005377
9898,2.633215549478272,2.5941701025278205,0.039045446950451534
9899,2.407935682411856,2.3374197310439113,0.07051595136794475
9900,2.3928067632424876,2.2993400565710087,0.09346670667147894
9901,2.374299329156349,2.283366713741537,0.09093261541481201
9902,2.3958703362289087,2.3081698124805605,0.08770052374834814
9903,2.4584853995796676,2.3957969193290745,0.06268848025059315
9904,2.440213193478741,2.3622564814588887,0.07795671201985233
9905,2.31337935229926,2.2135241407196085,0.09985521157965138
9906,2.3454426519030696,2.2568256335894854,0.08861701831358415
9907,2.525884995832468,2.4601505238116994,0.06573447202076865
9908,2.4250351499878593,2.3469751104042533,0.07806003958360597
9909,2.3844211704231744,2.292653398266144,0.09176777215703025
9910,2.268446786156009,2.167308590890501,0.10113819526550794
9911,2.3708443127488157,2.2782846775728944,0.09255963517592125
9912,2.3333427026518216,2.242517905461761,0.09082479719006065
9913,2.3953831233590455,2.2991999000007923,0.09618322335825313
9914,2.290184615494767,2.195055610312578,0.09512900518218936
9915,2.3691619816048655,2.283862177792942,0.08529980381192326
9916,2.3398987286789126,2.2341089216017256,0.10578980707718699
9917,2.4025766752071,2.3120505224537533,0.09052615275334652
9918,2.4924082311186018,2.442074921527775,0.050333309590826936
9919,2.5281568051260543,2.466156399377797,0.06200040574825749
9920,2.3068433040254734,2.204356734635743,0.10248656938973033
9921,2.256857848097769,2.1501836010504234,0.10667424704734563
9922,2.5229489045012095,2.447657338554894,0.07529156594631559
9923,2.3619522069635,2.2755335919141375,0.08641861504936266
9924,2.4339229103392737,2.373022194190022,0.06090071614925163
9925,2.2455786383233725,2.1337498234353065,0.11182881488806595
9926,2.338827142566037,2.246092364681581,0.09273477788445605
9927,2.3779832816820408,2.2879372511563645,0.09004603052567628
9928,2.3479090732014516,2.2601011079764945,0.08780796522495704
9929,2.4975157310529768,2.439897951750395,0.057617779302581607
9930,2.5651425917054493,2.506104821050687,0.059037770654762234
9931,2.3017842972678446,2.197074340294746,0.1047099569730987
9932,2.341826716839586,2.241475643436501,0.10035107340308524
9933,2.5577356553485604,2.5290912693588306,0.028644385989729848
9934,2.30691609095849,2.205136412736552,0.10177967822193779
9935,2.331828668685411,2.2343431885171703,0.09748548016824055
9936,2.3339658814524777,2.2451122494038214,0.08885363204865637
9937,2.623564070303078,2.5810798446430945,0.042484225659983554
9938,2.36002037043613,2.261764173363354,0.09825619707277644
9939,2.2107645938588707,2.091306376988114,0.11945821687075675
9940,2.468818077664023,2.398277520628402,0.07054055703562101
9941,2.3570543326665216,2.2742394363476377,0.08281489631888395
9942,2.3411932696983664,2.253339143273674,0.08785412642469259
9943,2.433988790289443,2.3567383740177132,0.0772504162717298
9944,2.4263577826846645,2.3430077821846043,0.08335000050006025
9945,2.50094890494463,2.431115041312541,0.06983386363208899
9946,2.471125364991041,2.3923537796673005,0.07877158532374073
9947,2.6976332093296405,2.678724372747626,0.018908836582014477
9948,2.3725995513898384,2.2875591219188567,0.08504042947098167
9949,2.245536785424959,2.132858316630568,0.1126784687943907
9950,2.3476063246426153,2.261490311608804,0.08611601303381144
9951,2.3605376792481008,2.2791678595117237,0.08136981973637702
9952,2.364614639117529,2.275578662422903,0.08903597669462604
9953,2.4189289573037005,2.3552815690238216,0.06364738827987892
9954,2.4604708422046255,2.3782231320932734,0.08224771011135212
9955,2.477473179673475,2.437586876108566,0.039886303564908854
9956,2.407247569684483,2.3351274098627806,0.0721201598217025
9957,2.290457249455136,2.1782594461050597,0.11219780335007634
9958,2.530987247950956,2.4754721736850334,0.055515074265922504
9959,2.5035110576885256,2.4234907808177018,0.0800202768708238
9960,2.489370055421449,2.431421069811056,0.05794898561039297
9961,2.550375149185105,2.4904571700105107,0.059917979174594294
9962,2.295741869134619,2.1938771128216006,0.10186475631301839
9963,2.3268188100284615,2.225329122207062,0.10148968782139933
9964,2.451867018423377,2.364755769600324,0.08711124882305299
9965,2.3150104033049965,2.2107877334141555,0.10422266989084106
9966,2.4665271080882416,2.420829560359555,0.045697547728686505
9967,2.3528613772705502,2.2462814422069073,0.10657993506364294
9968,2.3470406176140415,2.2629367039314605,0.08410391368258097
9969,2.48042469178871,2.4132850635401772,0.06713962824853281
9970,2.305034049630914,2.2048404775059556,0.1001935721249585
9971,2.4140697371372246,2.3338891146213365,0.08018062251588809
9972,2.3910104624129516,2.304400895863801,0.08660956654915042
9973,2.321429214276174,2.2220676678136715,0.09936154646250239
9974,2.3381611789401653,2.240872119282873,0.0972890596572924
9975,2.5756685139216695,2.5280983973181725,0.04757011660349697
9976,2.3158456246030727,2.2192365294299674,0.09660909517310534
9977,2.4683736103182228,2.4073263300917165,0.061047280226506295
9978,2.503770351207625,2.439494863335352,0.06427548787227311
9979,2.4368186582961338,2.361263382947695,0.07555527534843876
9980,2.26632557367428,2.1550512838813223,0.1112742897929575
9981,2.40301165170549,2.347908868336432,0.05510278336905783
9982,2.397007369888577,2.3193509965933976,0.07765637329517938
9983,2.3264757968117116,2.213172084181694,0.11330371263001737
9984,2.3718160742225076,2.2796917183949628,0.09212435582754486
9985,2.408440597040807,2.337341703614338,0.07109889342646936
9986,2.4600043802292393,2.3882598967146658,0.07174448351457352
9987,2.5915172321780124,2.5506499529522,0.040867279225812236
9988,2.3139395721196965,2.2092225435210304,0.10471702859866605
9989,2.2100107557808872,2.0910094477154173,0.11900130806546994
9990,2.4302357929269904,2.3678370577777264,0.062398735149264084
9991,2.3802616801746206,2.3009964811883705,0.07926519898625006
9992,2.218614311646632,2.0977548166053923,0.12085949504123983
9993,2.4265420714485897,2.3501974670578636,0.0763446043907261
9994,2.336884786263441,2.233001317560367,0.10388346870307386
9995,2.3881187488342173,2.3037650772635456,0.08435367157067164
9996,2.3910519096354594,2.303561098657459,0.0874908109780006
9997,2.387321692029516,2.322574912482686,0.06474677954682972
9998,2.532322935226447,2.4973297128938525,0.03499322233259461
9999,2.557557483153837,2.5127887873671884,0.04476869578664866
