replicate,competitor_bits_per_event,trigram_bits_per_event,delta_competitor_minus_trigram_bits_per_event
0,2.721264193422854,2.2829831004213768,0.4382810930014771
1,2.9044712825870476,2.4840820081264883,0.4203892744605593
2,2.7111049551920483,2.2608093826043287,0.4502955725877196
3,2.6151223876759575,2.160332709537425,0.4547896781385323
4,2.6953499602638575,2.225339169633656,0.47001079063020157
5,2.8020463847567862,2.3545272088460734,0.4475191759107129
6,2.7272009627640026,2.289442929283671,0.4377580334803315
7,2.8952960430237575,2.4319141051462827,0.46338193787747484
8,2.8609147596919624,2.440239696617043,0.4206750630749192
9,2.787355758048895,2.3371855694449417,0.4501701886039533
10,2.815853356247086,2.391887327648888,0.4239660285981981
11,2.9014832757514344,2.4476015424996125,0.4538817332518219
12,2.649063170383628,2.1974327748535116,0.4516303955301164
13,2.729109371330032,2.2608564237255986,0.46825294760443326
14,2.7830662790929224,2.362315273255362,0.4207510058375603
15,2.907802635892131,2.4190504980343857,0.4887521378577455
16,2.7831767264351095,2.3588103834936804,0.42436634294142905
17,2.6915019837638394,2.2426897448772416,0.4488122388865978
18,2.794799064407021,2.36140601077985,0.43339305362717084
19,2.6612744887736306,2.2212459056932614,0.4400285830803692
20,2.690311122410335,2.242497291495087,0.4478138309152482
21,2.703436123661377,2.249083569775753,0.4543525538856241
22,2.713589060164711,2.2535212486682195,0.46006781149649134
23,2.717330587031498,2.2674010024199354,0.44992958461156274
24,2.699677168458085,2.242735587535739,0.45694158092234627
25,2.822239198414778,2.3741994795208394,0.4480397188939387
26,2.862010395304398,2.4078222678698435,0.4541881274345543
27,2.751630286054122,2.3360842376833575,0.4155460483707647
28,2.7721563153564226,2.3352660267482674,0.43689028860815515
29,2.7428377601396243,2.3138389541557154,0.42899880598390894
30,2.976436274337445,2.559464623324355,0.41697165101308986
31,2.685123723533845,2.239684933893267,0.44543878964057804
32,2.695515082796008,2.206385876155231,0.4891292066407771
33,2.7490292189426864,2.3065563810868523,0.442472837855834
34,2.724655074517824,2.308103781356173,0.41655129316165107
35,2.74360159470212,2.266359976522403,0.477241618179717
36,2.7126025048440114,2.272412803932984,0.4401897009110276
37,2.805176752334152,2.317917886973835,0.4872588653603174
38,2.6055584550768973,2.1459612099594922,0.4595972451174051
39,2.70834223638243,2.2643735483595164,0.44396868802291367
40,2.79112212071804,2.3430051445407583,0.44811697617728186
41,2.727844072534627,2.2747487967528572,0.45309527578176967
42,2.847827606489652,2.4036781070516766,0.4441494994379753
43,2.7894550333389834,2.3274723069533754,0.461982726385608
44,2.8538875485086326,2.3870508954250442,0.46683665308358835
45,2.7736126869386863,2.29914770229172,0.4744649846469664
46,2.739258532407657,2.3138511799739883,0.4254073524336688
47,2.702992979036799,2.2484971413151413,0.45449583772165747
48,2.867717971051485,2.39770135158905,0.4700166194624349
49,2.7597551653750356,2.3247076220659033,0.4350475433091323
50,2.7578656117347,2.306627871292168,0.45123774044253206
51,3.092503731023388,2.7089227141631973,0.3835810168601905
52,2.669718548709667,2.198700268139946,0.47101828056972117
53,2.8279773747287433,2.3577313826155284,0.47024599211321494
54,2.8323597445351845,2.376492179373156,0.4558675651620283
55,2.8708964050094887,2.4195672436053726,0.45132916140411616
56,2.654527330082775,2.2223880664706184,0.4321392636121568
57,2.7937862062017333,2.333595868073096,0.4601903381286374
58,2.7249241963907354,2.2823866429294184,0.44253755346131696
59,2.745626379037066,2.2748866031139943,0.4707397759230716
60,2.7354749976647312,2.2829768103519172,0.452498187312814
61,2.9268507993454906,2.495522775090817,0.43132802425467354
62,2.7107567810580067,2.2560339894377517,0.454722791620255
63,2.796266041061932,2.324859684197319,0.4714063568646134
64,2.928343078429633,2.471288155081052,0.457054923348581
65,2.7856497290163063,2.3469024286011773,0.438747300415129
66,2.7912511749663365,2.3203335749305265,0.47091760003580996
67,2.7503949721677134,2.2831625719931004,0.4672324001746131
68,2.7394367329191662,2.30325393169182,0.4361828012273463
69,2.7339171295849494,2.2958850295906874,0.43803209999426196
70,2.718286504968911,2.261913603500319,0.4563729014685922
71,2.7143151330173065,2.242766430411549,0.47154870260575743
72,2.7087724458731417,2.268592103884183,0.4401803419889587
73,2.820270300668855,2.389124945541636,0.4311453551272191
74,2.9949373063019533,2.5305966446921646,0.4643406616097887
75,2.802178075781581,2.332648924467656,0.46952915131392503
76,2.9821503116734283,2.5447228890573785,0.4374274226160497
77,2.7880905491645778,2.3274743972513567,0.46061615191322103
78,2.766562994123628,2.3026562004197024,0.4639067937039254
79,2.770871846157963,2.299417247274184,0.47145459888377905
80,2.8563134435186748,2.4110966541097074,0.44521678940896736
81,2.852975052233229,2.4202314113241816,0.4327436409090475
82,2.684866455497844,2.249705927604211,0.435160527893633
83,2.788066110589692,2.352068015884686,0.4359980947050057
84,2.710194850176701,2.2298599532182286,0.4803348969584724
85,2.978735233772995,2.573646969017257,0.4050882647557379
86,2.7069542677717053,2.2159179351980685,0.4910363325736369
87,2.7309414714465787,2.279526816004265,0.4514146554423135
88,2.8506922673950967,2.3713726565616313,0.4793196108334654
89,2.685003711026984,2.2168551676135637,0.46814854341342027
90,2.8476546712372235,2.412249162768724,0.43540550846849957
91,2.9511749481587475,2.5130767075871145,0.43809824057163294
92,2.6063076582283506,2.1348153672407024,0.4714922909876482
93,2.6985335754151105,2.2470915979673958,0.45144197744771475
94,2.7551413154575277,2.3246853951821653,0.4304559202753624
95,2.6953396304450727,2.248863159836882,0.44647647060819073
96,2.7582228060417613,2.3102974056258194,0.44792540041594187
97,2.7515211377484183,2.277269881174077,0.47425125657434153
98,2.679839784398721,2.2106591093209538,0.4691806750777672
99,2.6729971431659756,2.218202361460179,0.4547947817057967
100,2.9077593689448507,2.4172083970621587,0.4905509718826919
101,2.744014319719807,2.293078632374085,0.450935687345722
102,2.7981885824407424,2.3677005136709437,0.4304880687697987
103,2.7744896474060927,2.3635654956882686,0.41092415171782415
104,2.6962267742430086,2.2414021982181427,0.4548245760248659
105,2.598250675477519,2.137353092571093,0.4608975829064259
106,2.7574138382880133,2.2807917977425896,0.4766220405454238
107,3.018038757744147,2.6204073807399824,0.39763137700416484
108,2.6967907176693124,2.2349501921694643,0.4618405254998481
109,2.7520491965244047,2.319363095718067,0.43268610080633785
110,2.81998129504245,2.393991020164141,0.4259902748783091
111,2.8068235004143984,2.342803209081105,0.4640202913332936
112,2.762446494390133,2.3194994473858883,0.4429470470042447
113,2.7951082139665164,2.356843533759084,0.43826468020743237
114,2.932903495640428,2.521765591183185,0.41113790445724296
115,3.141836584628452,2.779147275544771,0.3626893090836809
116,2.746143616305964,2.3014240407299402,0.4447195755760238
117,2.8616210410362637,2.4050836574425314,0.4565373835937323
118,2.874989051197752,2.436709210894444,0.4382798403033079
119,2.796091039126651,2.346061981519304,0.4500290576073471
120,2.6448420488870394,2.177599841939415,0.4672422069476245
121,2.771076837338091,2.349237811335985,0.4218390260021061
122,2.6483971146807987,2.1810481285883374,0.46734898609246134
123,2.6245648760210925,2.160466913806695,0.46409796221439725
124,2.8412783789671288,2.3854885032869673,0.4557898756801615
125,2.7058470503230314,2.224160864031438,0.48168618629159354
126,2.7004584873913178,2.224856095107916,0.4756023922834016
127,2.841093042006488,2.38954124127647,0.4515518007300181
128,2.7844559234885757,2.330467428855415,0.45398849463316093
129,2.754588231452333,2.3105726481235647,0.4440155833287682
130,2.858497017044813,2.4216707564703976,0.4368262605744153
131,2.6369474209012207,2.16994140598766,0.46700601491356064
132,2.6717117467115004,2.2080247498208765,0.46368699689062387
133,2.902369782863376,2.49617030367364,0.4061994791897363
134,2.7094710824240553,2.273617712361068,0.4358533700629872
135,2.6786810737380184,2.205408898154815,0.47327217558320367
136,2.8065691320110444,2.385089373591034,0.4214797584200105
137,2.6232130470205757,2.1527521087411143,0.47046093827946134
138,2.649536490084921,2.20876454618082,0.4407719439041009
139,2.81635752477289,2.3943664242040867,0.4219911005688033
140,2.9277779745566863,2.5309053090928617,0.3968726654638246
141,2.951094802658929,2.5231503515670823,0.42794445109184664
142,2.7378528840618297,2.26274577944085,0.4751071046209798
143,2.8813101559364083,2.4016528951785685,0.47965726075783977
144,2.7745273064660543,2.3097662675260926,0.4647610389399617
145,2.8693662508692914,2.4295776484428186,0.4397886024264728
146,2.7740954553290313,2.324770431675974,0.44932502365305726
147,2.881065152775535,2.423027281082136,0.4580378716933988
148,2.7629987043834623,2.3098742285743423,0.45312447580911996
149,2.8199974699453443,2.3707049388443453,0.449292531100999
150,2.8115847130447613,2.390262967284047,0.42132174576071435
151,2.707962086319147,2.2725144704636486,0.4354476158554985
152,2.6909916670166836,2.2221176154555216,0.468874051561162
153,2.799952767608003,2.3093604546257263,0.4905923129822769
154,2.906082146809467,2.467121105547204,0.4389610412622629
155,2.809399915911984,2.3122612804527107,0.4971386354592733
156,2.7068344902603325,2.2436940088064676,0.4631404814538649
157,2.740648494859906,2.3212745958673957,0.41937389899251043
158,2.7944134284006736,2.3445880483081982,0.4498253800924754
159,2.8191673538317974,2.3894858445563507,0.4296815092754467
160,2.7220585839876037,2.270255514962579,0.45180306902502476
161,2.6973186052902762,2.218475109858658,0.4788434954316183
162,2.68624695158668,2.250373891191782,0.4358730603948979
163,2.6996530691088734,2.2345411034567766,0.4651119656520968
164,2.826660285426266,2.414452482940443,0.4122078024858231
165,2.7581822954051174,2.303220071559244,0.4549622238458735
166,2.7437797511715107,2.2756116564606224,0.4681680947108884
167,2.7884774672250305,2.315208091404092,0.47326937582093853
168,2.8628124346644728,2.4069537787304,0.45585865593407293
169,2.641994842310688,2.195762095088921,0.44623274722176687
170,2.753027029038118,2.307124687926209,0.4459023411119092
171,2.7097883302740127,2.2160843736423694,0.49370395663164324
172,2.6646885253494292,2.225044918044037,0.4396436073053924
173,2.7107405902025,2.2659193370228556,0.4448212531796445
174,2.802527541349469,2.3270444746695165,0.4754830666799523
175,2.7253189704828817,2.2749264549948602,0.4503925154880215
176,2.8791370344268996,2.4614035927233715,0.4177334417035281
177,2.716584917865084,2.271098610457887,0.44548630740719686
178,2.8672048369225895,2.3902614084753986,0.47694342844719095
179,2.7485959602571053,2.2829188677355177,0.4656770925215876
180,2.7982647088205765,2.3540544522649602,0.4442102565556163
181,2.704750399107697,2.2531928754973416,0.4515575236103553
182,2.644949408974507,2.1880865713794964,0.4568628375950108
183,2.6789820485172537,2.222356632182635,0.4566254163346186
184,2.6766613802617,2.2222719413340504,0.4543894389276497
185,2.993369029804429,2.523689546877124,0.469679482927305
186,2.7808030707631235,2.3263457251470703,0.4544573456160532
187,2.7235439905620735,2.3074699771313125,0.416074013430761
188,2.9513284113883036,2.456031513294005,0.49529689809429867
189,2.817806745321015,2.3648942701084823,0.45291247521253286
190,2.8923923205562003,2.47523277121272,0.4171595493434803
191,2.852903897456755,2.429858673862352,0.4230452235944031
192,2.625872553769697,2.165295508987294,0.4605770447824029
193,2.713336068093612,2.2520245335561104,0.4613115345375016
194,2.9359151430901043,2.5374586782655553,0.398456464824549
195,2.6812257578099263,2.23718866504789,0.4440370927620365
196,2.7364588736226856,2.291191825022524,0.44526704860016153
197,2.662282285412052,2.1954747946182165,0.46680749079383554
198,2.739155792345378,2.3048111408917515,0.43434465145362644
199,2.5916453954987126,2.134159880985173,0.45748551451353947
200,2.859369811810583,2.4255456016023573,0.4338242102082255
201,2.798275961470276,2.355186755647624,0.4430892058226523
202,2.7146670330732845,2.271976533362123,0.4426904997111616
203,2.8667563482943805,2.4521077686630433,0.4146485796313373
204,2.6952289758739143,2.2218044696340686,0.47342450623984567
205,2.8772690642276775,2.412011379243064,0.4652576849846133
206,2.813578703235077,2.336986689044176,0.476592014190901
207,2.9003954229997735,2.421460228776144,0.4789351942236295
208,2.673895663477844,2.2211675901240464,0.4527280733537977
209,2.703260779991438,2.244203965154692,0.459056814836746
210,2.712159006378284,2.2482861446899003,0.4638728616883836
211,2.72880265655956,2.276484968406939,0.45231768815262097
212,2.8612040016784825,2.384214826247172,0.4769891754313105
213,2.815130061729888,2.410172880753575,0.4049571809763126
214,2.822167032215867,2.3590404405419334,0.4631265916739338
215,2.7448410290436995,2.3151712285103336,0.4296698005333659
216,2.7440815516456616,2.261134950776291,0.4829466008693708
217,2.7636182472139503,2.319735451584459,0.4438827956294915
218,2.8644154695049577,2.4372794902247956,0.4271359792801621
219,2.9096380736996306,2.45523430637312,0.45440376732651044
220,2.7705245456807472,2.338857505043719,0.43166704063702843
221,2.880051005829707,2.409943928354471,0.47010707747523606
222,2.708562680006763,2.2535543563776637,0.4550083236290994
223,2.744726821447559,2.3077430089719653,0.4369838124755936
224,2.7911812400084144,2.3403298086722475,0.4508514313361669
225,2.6325825751523957,2.1525707393736058,0.4800118357787899
226,2.9667988105549594,2.5465201734987195,0.4202786370562399
227,3.1322284220078065,2.792463103436031,0.3397653185717755
228,2.768139136276447,2.31892943399437,0.44920970228207713
229,2.7350155889512857,2.2958933536707837,0.439122235280502
230,2.8446242642367245,2.3761723435240607,0.46845192071266384
231,2.993494161642662,2.6300487413739813,0.36344542026868076
232,3.056617498372508,2.6577692144661276,0.3988482839063803
233,2.825789519040669,2.3956791029727307,0.4301104160679383
234,2.807891196290646,2.318845549120461,0.48904564717018495
235,2.754241286075521,2.291678579482861,0.4625627065926601
236,2.799009279374288,2.3709413763140534,0.42806790306023457
237,2.765319171341955,2.299460133125436,0.4658590382165193
238,2.7409777215679534,2.271064092874193,0.4699136286937602
239,2.743533870739843,2.293453934720568,0.4500799360192751
240,2.695914301821536,2.2176657987040276,0.47824850311750833
241,2.7200146618110965,2.2607884951468544,0.4592261666642421
242,2.7311353170636554,2.2754177118924592,0.4557176051711962
243,2.7575382192788473,2.2816708430055557,0.4758673762732917
244,2.66768872523659,2.194981033735524,0.47270769150106595
245,2.842378114430869,2.4348539872397064,0.4075241271911625
246,2.667945395721865,2.2101870016267173,0.45775839409514774
247,2.7278103849799242,2.262011755879985,0.4657986290999392
248,2.6277346059002307,2.1614679076739702,0.46626669822626043
249,2.7506990326655445,2.2964422576358277,0.45425677502971684
250,2.741608783531919,2.2897918748083175,0.4518169087236017
251,2.6989162537569222,2.250495911587518,0.4484203421694044
252,2.8319072658237285,2.401873846637282,0.43003341918644633
253,2.6139694978663854,2.139785868681363,0.4741836291850223
254,2.73187614045817,2.2755902444480185,0.4562858960101517
255,2.831727178903072,2.3987716134184423,0.43295556548462955
256,2.939822374996979,2.4609910788077722,0.47883129618920695
257,2.8515680561967796,2.4024788250753173,0.44908923112146226
258,2.7102648196026355,2.240914515317122,0.4693503042855136
259,2.7462966852377177,2.3131883829533266,0.4331083022843911
260,2.635448621568981,2.183718673531666,0.45172994803731514
261,2.7766601884428592,2.3259175657232025,0.4507426227196567
262,2.821091310332597,2.3805946597716257,0.4404966505609713
263,2.790875029743478,2.367904798043544,0.4229702316999342
264,2.6559014632523863,2.1851344999936706,0.4707669632587157
265,2.9711776767760645,2.536329966639696,0.43484771013636836
266,2.8082818165160117,2.351922138092085,0.4563596784239268
267,2.7722547368591948,2.3071996843864437,0.46505505247275103
268,2.660161835417067,2.194801336506437,0.46536049891063014
269,2.8887373203544073,2.4545938148942654,0.4341435054601419
270,2.738303848600511,2.2953648341194968,0.44293901448101414
271,2.8267608679474487,2.35941273783235,0.46734813011509857
272,2.8131944030962672,2.364012938131224,0.4491814649650432
273,2.6019591857327153,2.1544144753006456,0.4475447104320698
274,2.8727388759597097,2.4007105903764008,0.4720282855833089
275,2.79779116241293,2.3792477207093827,0.4185434417035472
276,2.8510591941484806,2.3980101437098527,0.453049050438628
277,2.7277473781654953,2.29469446426408,0.4330529139014154
278,2.7634134791910836,2.3182141667438314,0.4451993124472522
279,2.732741699942512,2.289535004641248,0.44320669530126366
280,2.751789319973903,2.2833991170411156,0.4683902029327873
281,2.7894447941078506,2.349457945903325,0.4399868482045255
282,2.9764979792281028,2.5493205228026556,0.42717745642544713
283,2.7871153649843508,2.351788531011309,0.4353268339730416
284,2.66394783250082,2.217401106432349,0.44654672606847123
285,2.735450036764623,2.2883827783338906,0.4470672584307325
286,2.794753065457886,2.372202433458184,0.42255063199970166
287,2.789801294977266,2.3291970743508896,0.4606042206263763
288,2.8035110721430607,2.3836540947132554,0.4198569774298053
289,2.7711688351041808,2.3114460330331696,0.4597228020710111
290,2.687187624475202,2.2573502246826087,0.4298373997925933
291,2.734092990510721,2.3109938474746494,0.42309914303607155
292,2.8030728415047124,2.3901528777775565,0.4129199637271559
293,2.6952825747033473,2.2382504808889774,0.45703209381436993
294,2.7123434150734034,2.267450135910887,0.4448932791625162
295,2.8139968147122008,2.358592002796887,0.4554048119153138
296,2.6692934242200286,2.206714279695088,0.46257914452494076
297,2.7360893495600527,2.2893912134918,0.4466981360682527
298,2.766720887020018,2.2816919235967466,0.4850289634232716
299,2.7919472035380606,2.316167785020971,0.4757794185170896
300,2.8049663924002926,2.32710074913354,0.47786564326675274
301,2.920296423056836,2.471342551770498,0.4489538712863377
302,2.7029868392188954,2.2522900265245145,0.4506968126943809
303,2.714739134220305,2.252937063728089,0.46180207049221567
304,3.039116470623034,2.591105628524009,0.44801084209902475
305,2.6490766490132183,2.1914000907941134,0.4576765582191049
306,2.9461176824551156,2.511991775739188,0.43412590671592755
307,2.787738110212167,2.3198530211751542,0.46788508903701276
308,2.9417946116313134,2.511721339938361,0.4300732716929523
309,2.9187649172617833,2.5397945770479713,0.37897034021381204
310,2.7764208063964544,2.3345375840902505,0.4418832223062039
311,2.8624159475071127,2.4397765736366503,0.42263937387046235
312,2.841616971425013,2.3880746789478415,0.4535422924771715
313,2.6192460753139706,2.173487692626676,0.4457583826872944
314,2.814138762219509,2.351189048447728,0.4629497137717813
315,2.804509808882412,2.367356690850861,0.4371531180315511
316,2.9300294078900753,2.5061585152033095,0.4238708926867658
317,2.9463075582864366,2.503201863486772,0.44310569479966455
318,2.809683879972978,2.390144619393455,0.4195392605795232
319,2.887908861083879,2.474151585320522,0.41375727576335697
320,2.6304970802771646,2.194268496577541,0.4362285836996236
321,2.722990533570323,2.2753080318751966,0.44768250169512624
322,2.67631427714289,2.199635466577173,0.4766788105657169
323,2.7972745922278324,2.3636872217395704,0.433587370488262
324,2.7863617583336326,2.326048841097229,0.4603129172364038
325,2.909989833440646,2.4694154316319255,0.44057440180872076
326,2.6688241010525875,2.229523337803106,0.43930076324948164
327,2.630091932510104,2.1687370182752765,0.46135491423482744
328,2.7331099760900446,2.271053089161166,0.46205688692887836
329,2.7579214825299556,2.326402544762273,0.4315189377676827
330,2.8422902806219548,2.411011292033247,0.4312789885887076
331,2.666485433836164,2.1914501603235235,0.47503527351264063
332,2.8454703575100933,2.386039739325449,0.45943061818464415
333,2.704514632812048,2.2442734679617398,0.4602411648503084
334,2.9355037890740836,2.5124791887876357,0.42302460028644795
335,3.069286552577506,2.6626950707367425,0.40659148184076344
336,2.746840131340828,2.303495533403705,0.4433445979371231
337,2.7423204344451726,2.315445218333558,0.4268752161116147
338,2.656351552996166,2.206211283801617,0.4501402691945491
339,2.8289540691359862,2.370322115355122,0.4586319537808641
340,2.818306000341476,2.3855157455411247,0.43279025480035127
341,2.8375273129476453,2.3681948094154586,0.4693325035321867
342,2.765537842558984,2.2880991136414255,0.47743872891755856
343,2.7576821505202433,2.2990276258019184,0.4586545247183249
344,2.727835247785757,2.2815608130564833,0.44627443472927375
345,2.8360763133219478,2.3460541362624134,0.4900221770595343
346,2.837651457052792,2.3886614163176443,0.4489900407351479
347,2.727412670363953,2.2825934702895805,0.4448192000743725
348,2.7053030108186404,2.2685140449058188,0.4367889659128217
349,2.774272131157341,2.302844307728245,0.47142782342909584
350,2.874796565614963,2.447559016876127,0.427237548738836
351,2.6865900324334744,2.2174115022325704,0.46917853020090394
352,2.7498400682980457,2.2755315188607232,0.4743085494373225
353,2.753251007645611,2.3067195290967217,0.4465314785488892
354,2.750163868860487,2.3253756388116287,0.42478823004885813
355,2.768798260577288,2.323927142912801,0.44487111766448706
356,2.8385528625031853,2.3956360734920423,0.44291678901114295
357,2.75127838045419,2.285644366871446,0.4656340135827439
358,2.751862660563992,2.324394160255319,0.4274685003086729
359,2.937625604852226,2.5468837189181213,0.3907418859341045
360,2.7805683775856043,2.344586901492789,0.43598147609281535
361,2.763311548661746,2.3197110081030714,0.4436005405586747
362,2.8323975540648467,2.380973391467748,0.4514241625970987
363,2.737289068536247,2.275594536277389,0.4616945322588579
364,2.8586504951682277,2.4453808772374503,0.4132696179307773
365,2.843179924588132,2.3901074984369446,0.45307242615118737
366,2.784331156471346,2.3361502802555303,0.4481808762158157
367,2.726740902453464,2.248204599851848,0.47853630260161584
368,2.7265031711987233,2.2822250790611034,0.44427809213761993
369,2.9034691736802793,2.48694981714621,0.41651935653406946
370,2.832395695740844,2.383016804265556,0.4493788914752881
371,2.8051707538252937,2.3287378922763877,0.47643286154890596
372,2.616702066133035,2.157877503952187,0.458824562180848
373,2.608965091929915,2.1526768794067217,0.4562882125231935
374,2.778236037502917,2.303891712172767,0.4743443253301498
375,2.6803138850117443,2.20841136097383,0.47190252403791444
376,2.6183674911396113,2.1503478352983745,0.46801965584123684
377,3.09092723287655,2.699452789404068,0.39147444347248195
378,2.89462218411302,2.4385273544177317,0.45609482969528825
379,2.733963892043852,2.287059741363171,0.4469041506806808
380,2.739225790589203,2.297245547873838,0.44198024271536474
381,2.677510049017501,2.2288203879983497,0.4486896610191513
382,2.844502782155807,2.4226337503326842,0.42186903182312285
383,2.7640436397024244,2.303574488416884,0.46046915128554033
384,2.6052736907581586,2.15045347501205,0.45482021574610876
385,2.7373271366325174,2.2873955554278314,0.449931581204686
386,2.7453961298089617,2.313017838458494,0.4323782913504677
387,2.908088952965265,2.4892155903825817,0.4188733625826835
388,2.7727783574174794,2.325437895921143,0.44734046149633633
389,2.698366992234953,2.2342520493675946,0.4641149428673583
390,2.7701690259311538,2.301401106973286,0.46876791895786774
391,2.6885829299206603,2.236525717457667,0.45205721246299335
392,2.706981149768991,2.2762850393970986,0.43069611037189226
393,2.8206555039741916,2.3704550929637676,0.4502004110104241
394,3.028916195548141,2.5930340899682607,0.4358821055798803
395,2.7469686164288314,2.302221494972021,0.4447471214568104
396,2.8703780231642644,2.468102892177965,0.4022751309862995
397,2.797011403175545,2.3454269694954575,0.4515844336800874
398,2.933190015607946,2.4945107072833843,0.4386793083245615
399,2.732734505717648,2.3067608508137947,0.4259736549038533
400,2.7664460192661933,2.2953509838925297,0.4710950353736636
401,2.685539996449183,2.2410471705283994,0.44449282592078365
402,2.829847387667392,2.3613316688371193,0.46851571883027265
403,2.7684540197302567,2.3350240745864466,0.43342994514381017
404,2.68133861821937,2.2079117930517316,0.47342682516763857
405,2.779799883710678,2.3491468930269,0.43065299068377794
406,2.7921056366345263,2.336534405850735,0.45557123078379114
407,2.8748303145776046,2.4834502364604027,0.3913800781172019
408,2.9054745832031017,2.4878389674427512,0.41763561576035046
409,2.736328471238366,2.290147349911092,0.44618112132727417
410,2.7478344449259398,2.3056976370591067,0.44213680786683307
411,2.7152412533072443,2.2426422899586234,0.47259896334862095
412,2.6678026011549014,2.1803772149863483,0.48742538616855313
413,2.7132132335371555,2.251513585217576,0.46169964831957966
414,2.8132002932745186,2.378900110720215,0.4343001825543036
415,2.7225476868241922,2.2954953536207574,0.42705233320343483
416,3.0209459870671376,2.629431320493998,0.3915146665731397
417,2.787083013684918,2.3100114127183757,0.47707160096654233
418,2.9128778069489814,2.4577293002409557,0.45514850670802565
419,2.76144985969069,2.3120971542777173,0.4493527054129727
420,2.651952608521139,2.2028139361735306,0.4491386723476083
421,3.0384752547438083,2.628349207120758,0.4101260476230504
422,2.891177778752061,2.4548106851430846,0.4363670936089763
423,2.8180561199273177,2.4115879607159583,0.4064681592113595
424,2.785511028472976,2.308423501318732,0.47708752715424385
425,2.578770659693607,2.113416253735835,0.4653544059577719
426,2.8438035857737733,2.3972639450186675,0.4465396407551059
427,2.6927879882540977,2.2604797601234625,0.4323082281306352
428,2.7703705865637405,2.308919844833694,0.4614507417300464
429,2.7692554340368702,2.343693122798191,0.42556231123867905
430,2.6683026034454826,2.2006259054450372,0.4676766980004454
431,2.6365474270598392,2.188636423367197,0.44791100369264214
432,2.729519265706441,2.281992136385051,0.44752712932139005
433,2.722022870045268,2.2667114438123317,0.4553114262329365
434,2.9283656938849165,2.4242885149958706,0.5040771788890459
435,2.7332373528085876,2.285387180897734,0.4478501719108534
436,2.732049240179409,2.3139546848207173,0.4180945553586919
437,2.901919428339405,2.421869169386273,0.48005025895313214
438,2.8187446161774417,2.3801185721311913,0.4386260440462504
439,2.8345161543693624,2.3891577963817228,0.4453583579876397
440,2.8918725673640675,2.440287185618697,0.45158538174537055
441,2.656924268332026,2.1948971249118596,0.4620271434201664
442,2.8062039907713694,2.3581209305503914,0.448083060220978
443,2.7475493381672975,2.317812593909506,0.4297367442577915
444,2.7519825724911766,2.303404245652314,0.44857832683886256
445,2.817255994059192,2.3688953417668497,0.44836065229234245
446,2.6229825014977357,2.158171247649508,0.46481125384822786
447,2.7103076332608986,2.226745270841082,0.4835623624198164
448,2.590258869504007,2.1343090026817686,0.45594986682223837
449,2.717950797556858,2.2661619508756514,0.45178884668120656
450,2.6338467610396914,2.17897724053514,0.45486952050455143
451,2.781113223086852,2.348026777963133,0.4330864451237191
452,2.7105886317883296,2.2548078722852054,0.45578075950312424
453,2.8218331047183525,2.4032589838210345,0.41857412089731794
454,2.8154788184914423,2.344888395116061,0.4705904233753815
455,2.9625059616147533,2.5369929367877164,0.4255130248270369
456,2.6797650376381394,2.2028942154711837,0.47687082216695575
457,2.6845333400527607,2.254873400117847,0.42965993993491347
458,2.852675332956822,2.395815162083733,0.4568601708730893
459,2.714879935978924,2.2593450528595045,0.4555348831194195
460,2.671103572096913,2.1959038525106194,0.4751997195862936
461,2.785078724680962,2.3389339713303197,0.4461447533506422
462,2.71651626106652,2.2388279970352856,0.4776882640312343
463,2.7938924996010437,2.3309214728251297,0.46297102677591395
464,2.7840264220690045,2.3000485394778716,0.48397788259113295
465,2.7463264470191318,2.2759288654955796,0.47039758152355216
466,2.846859774954361,2.3832957377907436,0.4635640371636174
467,2.8909925712115587,2.4536482767100405,0.43734429450151824
468,2.757077894085233,2.2915865203292674,0.46549137375596583
469,2.7330004991148016,2.280990209070908,0.45201029004389337
470,2.6503042274829065,2.1834963576481425,0.46680786983476397
471,2.6006497942061544,2.130732360676792,0.4699174335293623
472,2.6374540415124903,2.195767917983957,0.4416861235285334
473,2.8072987924795796,2.372470385568389,0.4348284069111905
474,2.766984611047311,2.288563331801102,0.4784212792462088
475,2.8473055775700646,2.397099819401155,0.45020575816890984
476,2.757081731394341,2.2802034882374884,0.47687824315685257
477,2.8759499361945773,2.386234270469182,0.48971566572539516
478,2.9727894696557513,2.55082922559185,0.4219602440639014
479,2.681977110328454,2.2235064124295914,0.45847069789886286
480,2.672433783884685,2.2322655845925157,0.4401681992921693
481,2.7362316444273134,2.2898169757060165,0.44641466872129687
482,2.7762543539475812,2.3296283191726,0.4466260347749813
483,2.73109715314975,2.2880217389257513,0.44307541422399854
484,2.733221773698673,2.244187918584671,0.4890338551140019
485,2.8775425256648344,2.438573038924639,0.4389694867401954
486,2.635350210175428,2.159895046221888,0.4754551639535398
487,2.7314537329278896,2.268516589804963,0.46293714312292655
488,2.6990407461785995,2.269612990616722,0.4294277555618775
489,2.662166338786355,2.1998397334794864,0.46232660530686864
490,2.7071821619184187,2.266878244515649,0.44030391740276986
491,2.7804078643031285,2.339855613803437,0.4405522504996915
492,2.7148005131074813,2.2810968101061198,0.4337037030013615
493,2.6930722596858003,2.2366011265098837,0.4564711331759166
494,2.6612851541963107,2.206773234135831,0.4545119200604799
495,2.766232434669978,2.302900003494872,0.4633324311751057
496,2.7945742839764436,2.355878667589511,0.43869561638693266
497,2.7932882274291893,2.327577298461404,0.46571092896778543
498,2.7175301596546606,2.250199820436061,0.46733033921859946
499,2.686825941370052,2.2353685522656788,0.45145738910437316
500,2.747003248997089,2.2829638687372067,0.46403938025988234
501,2.760827301285879,2.3010557419485744,0.4597715593373044
502,2.778833369105927,2.346624628210717,0.4322087408952098
503,2.7750676056366426,2.303534371202412,0.4715332344342307
504,2.6824150996321676,2.2304800282634303,0.45193507136873734
505,2.6854030023267,2.2429560553627352,0.4424469469639649
506,2.6272833314523574,2.168980134284411,0.4583031971679463
507,2.8640641187661395,2.4429734986566887,0.42109062010945086
508,2.7067246745143203,2.230667257915432,0.47605741659888823
509,2.766123455682306,2.368050503412417,0.39807295226988915
510,2.921488611271114,2.478119417585731,0.44336919368538297
511,2.7501920387335472,2.2658157190892587,0.4843763196442885
512,2.762276252441479,2.3122548435312402,0.45002140891023856
513,2.850874842923578,2.4386942731769685,0.41218056974660966
514,2.860705897706956,2.450279339807384,0.41042655789957205
515,2.711195350748489,2.263892392248512,0.4473029584999768
516,2.773804777039054,2.3354489079757825,0.4383558690632716
517,2.686641879350052,2.2244902909263002,0.4621515884237519
518,2.749953496087935,2.2936152069780475,0.4563382891098873
519,2.7362516461754827,2.2878025522205836,0.44844909395489907
520,2.715891090657821,2.266110721724699,0.4497803689331219
521,2.821268481972285,2.353234563297651,0.4680339186746343
522,2.881076553528456,2.400290964720008,0.48078558880844824
523,2.6567151723428686,2.180489496444516,0.47622567589835274
524,2.834622265739374,2.372698201893462,0.4619240638459119
525,2.6928779729759573,2.236892297345131,0.4559856756308265
526,2.6129943805760942,2.1783042647299236,0.4346901158461707
527,2.8070506450293244,2.3698457596465956,0.43720488538272884
528,2.7291872875562575,2.249231533996989,0.47995575355926867
529,2.8015025347596376,2.3911204176566025,0.41038211710303507
530,2.6922022108657564,2.2075687920423728,0.4846334188233836
531,2.748614922379523,2.3132617853537454,0.4353531370257775
532,2.7323319987097796,2.300909664003581,0.43142233470619873
533,2.6570525320244167,2.191766102618993,0.46528642940542353
534,2.7130087296504484,2.250824580057605,0.46218414959284315
535,2.7195149260506257,2.2526105240160805,0.4669044020345452
536,2.695925068899824,2.227136679899838,0.468788388999986
537,2.7731598788419176,2.2976124110684633,0.47554746777345436
538,2.9260719460741567,2.504471399920562,0.42160054615359455
539,2.6551175339328172,2.2084118397580847,0.4467056941747325
540,2.803599757595232,2.3506983223244973,0.4529014352707348
541,2.800027086904466,2.3334455810822794,0.4665815058221865
542,2.854156493226991,2.439735321438372,0.4144211717886188
543,2.67953749218443,2.2473733086049403,0.4321641835794896
544,2.87501391909748,2.491329943860596,0.38368397523688413
545,2.7516164431542394,2.2923622156918952,0.4592542274623441
546,2.675054727495399,2.227557858382159,0.4474968691132397
547,3.1032011685737513,2.7075292765761705,0.3956718919975808
548,2.7492635047348166,2.294588096988652,0.4546754077461648
549,2.787067158885684,2.290135492007565,0.49693166687811896
550,2.7885727910963753,2.31893209790389,0.46964069319248525
551,2.7404957321689842,2.2772518036049876,0.46324392856399665
552,2.857990046376824,2.3803764055258663,0.4776136408509579
553,2.694015641855292,2.2296045331092844,0.46441110874600744
554,2.8203552343447713,2.3822895608163104,0.43806567352846093
555,2.740770724455713,2.2861950087647758,0.45457571569093735
556,2.919572197569054,2.4902864524889705,0.42928574508008355
557,2.791631487158879,2.305183989531957,0.4864474976269224
558,2.834117784356617,2.3958966456878175,0.4382211386687995
559,2.713463630164422,2.2584218847195143,0.4550417454449076
560,2.835973918201211,2.3823345389198303,0.4536393792813809
561,2.775001919695276,2.3001982617773753,0.4748036579179007
562,2.670358957106556,2.198597508907784,0.4717614481987722
563,2.7756506876409994,2.350974334645234,0.42467635299576534
564,2.7759431227058586,2.319104022187253,0.45683910051860543
565,2.961044650077498,2.569541962555996,0.39150268752150197
566,2.757257074928283,2.335802412217748,0.4214546627105351
567,2.674006123157923,2.2050386758422795,0.4689674473156433
568,2.6622592862732386,2.22076064023516,0.44149864603807876
569,2.9216071500779486,2.492674174227169,0.4289329758507794
570,2.7363763771039658,2.2982062876189007,0.4381700894850651
571,2.763359368154071,2.289135675197923,0.4742236929561483
572,2.8958787062283156,2.4238198935809505,0.47205881264736504
573,2.8385670843971926,2.3771411831420486,0.46142590125514404
574,2.8904193036379917,2.5144903926987983,0.37592891093919345
575,2.7512384030247756,2.2763321656445163,0.4749062373802593
576,2.6913970373310057,2.262973737209249,0.4284233001217568
577,2.6880150714501014,2.216934156616266,0.4710809148338355
578,2.7537056277079266,2.3221674329355366,0.43153819477238997
579,2.8714023003753293,2.4431018952533097,0.4283004051220196
580,2.750972253683907,2.3062245262850185,0.4447477273988887
581,2.7472401140516567,2.2925266540063483,0.45471346004530844
582,2.825303142998703,2.392896914524952,0.4324062284737509
583,2.792028176684039,2.336502907430989,0.45552526925305026
584,2.9261093681960526,2.4978340489181097,0.42827531927794293
585,2.925187819562626,2.4557449715604003,0.4694428480022257
586,2.7438484410963,2.2789099286765278,0.46493851241977247
587,2.7369278753976456,2.2850951788468805,0.4518326965507651
588,2.866842513508876,2.433861989487,0.4329805240218758
589,2.6953870325536196,2.239945119387136,0.45544191316648375
590,2.8073808595082133,2.353369076410354,0.4540117830978594
591,2.9076988248253373,2.4273102914093694,0.4803885334159679
592,2.7205942385829314,2.2927907794303466,0.4278034591525848
593,2.6977452719179627,2.2386409993515595,0.4591042725664032
594,2.694080394527939,2.2592749943522317,0.4348054001757071
595,2.7929496235821363,2.347871431835639,0.44507819174649743
596,2.954605796486384,2.5662158583245787,0.3883899381618052
597,2.761730088206276,2.3069403549382335,0.4547897332680426
598,2.7422133391512884,2.299986611417265,0.4422267277340235
599,2.8330926115358355,2.3877837707345564,0.4453088408012791
600,2.720696847643356,2.2745013286716635,0.44619551897169263
601,2.7249243864437207,2.261004233824884,0.46392015261883657
602,2.7763788985088294,2.330512221528273,0.44586667698055615
603,2.8326487835822975,2.4175986652325183,0.41505011834977923
604,2.6244316754945154,2.155435000602222,0.46899667489229335
605,2.643383733462501,2.205458635587249,0.4379250978752518
606,2.6995142173932374,2.262600144624718,0.43691407276851946
607,2.775153052927912,2.3339241327093374,0.4412289202185744
608,2.8064082718402346,2.364012010393411,0.44239626144682376
609,2.7565716912435456,2.2910129514609676,0.465558739782578
610,2.8053957546444175,2.3240906593151243,0.4813050953292932
611,2.857717112119118,2.4116360456915165,0.4460810664276016
612,2.6379146990814486,2.191475094217438,0.4464396048640107
613,2.921145140547257,2.4853273267708644,0.4358178137763926
614,2.676572399265015,2.21510036337026,0.46147203589475483
615,2.8824808316487953,2.453348114663453,0.4291327169853423
616,2.7235418317554365,2.2712916114026096,0.4522502203528269
617,2.682866481621862,2.22290087072171,0.4599656109001522
618,2.847884188903774,2.404652339078218,0.4432318498255561
619,2.7092661007605905,2.238736636319911,0.47052946444067967
620,2.777390560097161,2.340116095071309,0.437274465025852
621,2.6547139669216424,2.1874309624789663,0.4672830044426761
622,2.7152179434160115,2.284456187729984,0.4307617556860275
623,2.8471033307870623,2.3821580617418907,0.46494526904517164
624,2.7233316422884473,2.248424393771166,0.4749072485172814
625,2.7306768737057068,2.272077697103215,0.4585991766024917
626,2.9295746218403362,2.4946480067288888,0.4349266151114475
627,2.75205682603768,2.292876403831892,0.45918042220578803
628,2.7615879660560596,2.3300451544047402,0.43154281165131936
629,2.8648142471151328,2.433418114178182,0.43139613293695067
630,2.860145171221587,2.4011171529508912,0.4590280182706956
631,2.7613246720789486,2.3020459053809903,0.4592787666979583
632,2.759852391052263,2.30722826683004,0.45262412422222287
633,2.7923423273524604,2.3157829738796267,0.4765593534728336
634,2.7945846117205626,2.3373572104434555,0.45722740127710715
635,2.904648960620207,2.465375391576564,0.4392735690436429
636,2.926840549513655,2.495768084685404,0.4310724648282509
637,2.9562353509177246,2.5974216498599016,0.35881370105782295
638,2.671512458065296,2.250833459179564,0.420678998885732
639,2.763284072319553,2.315412534294831,0.44787153802472224
640,2.7427135964788043,2.2953242719837776,0.44738932449502666
641,2.906971795859299,2.517116053521423,0.3898557423378759
642,2.692135941627156,2.204654527040187,0.48748141458696903
643,2.669884978932835,2.229546337242523,0.4403386416903121
644,2.822645753623997,2.395496695510482,0.4271490581135149
645,2.785078637304894,2.355974171594562,0.42910446571033223
646,2.605946562359854,2.1503893825476648,0.45555717981218935
647,2.926452385213191,2.4825499950244274,0.44390239018876354
648,2.674876067061501,2.2052467207928066,0.46962934626869446
649,2.7698208873116883,2.318733851937209,0.45108703537447914
650,2.8718794675877897,2.4382915151698197,0.43358795241797
651,2.7529095368209906,2.3348679070577902,0.41804162976320036
652,2.6746756684134145,2.203119867357774,0.47155580105564043
653,2.6902487597277607,2.233486587894534,0.45676217183322665
654,2.7099474075317533,2.287974782406666,0.4219726251250875
655,2.899202900172444,2.4609656914115763,0.4382372087608677
656,2.7440287957606913,2.3006600903504775,0.4433687054102138
657,2.661760772151413,2.210438112510664,0.45132265964074936
658,2.7680379630281062,2.283886269686308,0.4841516933417984
659,2.7696063903534465,2.311567141649374,0.4580392487040723
660,2.841325599592229,2.3879810158363326,0.4533445837558965
661,2.684317997231132,2.2508757631178233,0.4334422341133086
662,2.8041869340444516,2.357139222264329,0.4470477117801228
663,2.8170279711139754,2.348175020635172,0.46885295047880327
664,2.625037605733731,2.1648697202260685,0.4601678855076625
665,2.7555880590219846,2.3036063065898293,0.4519817524321552
666,2.781363126721781,2.3372279616443254,0.44413516507745543
667,2.8334604459853185,2.4223080754047985,0.41115237058052
668,2.6555818105181705,2.1903768666437626,0.4652049438744079
669,2.8105972406113455,2.3394091259016334,0.4711881147097121
670,2.6358198961556436,2.1865289176693343,0.4492909784863093
671,2.812134637179353,2.3210110497172414,0.4911235874621118
672,2.8583805729600313,2.4346598110448014,0.4237207619152299
673,2.7691054621168085,2.297354333532341,0.4717511285844673
674,2.724060404258163,2.2673725760922507,0.45668782816591236
675,2.668433595142553,2.2153665584302993,0.45306703671225357
676,2.7359434932285254,2.270966270915052,0.46497722231347316
677,2.9238092352692004,2.4877822071297517,0.4360270281394487
678,2.6907388112559985,2.2193085665319887,0.47143024472400974
679,2.9046922934892643,2.494477462618304,0.41021483087096033
680,2.78314206473576,2.3366637317171035,0.4464783330186566
681,2.8140223653492864,2.3705036847119447,0.4435186806373417
682,2.8953102089674156,2.4445422111514747,0.4507679978159409
683,2.846598782715164,2.4109177997038604,0.43568098301130354
684,2.6287906882361924,2.167088176167361,0.4617025120688316
685,2.8038549267979205,2.3216322676112933,0.4822226591866272
686,2.6903833321036523,2.2408571264101322,0.4495262056935201
687,2.6954914473120395,2.222923046046613,0.47256840126542654
688,2.807541908233513,2.386983073765611,0.4205588344679021
689,3.01874376763883,2.596415482387923,0.42232828525090715
690,2.907757798710255,2.4728575350321327,0.4349002636781223
691,2.8239146867100575,2.4101056439567037,0.41380904275335384
692,2.859665953156875,2.3884342961302223,0.4712316570266526
693,2.879013466789463,2.4229776216362984,0.45603584515316475
694,2.666482032832599,2.187894215910167,0.478587816922432
695,2.7489277902126275,2.2850855360298397,0.4638422541827878
696,2.6313275359823063,2.1673211851152234,0.46400635086708286
697,2.8809270132913025,2.470648399705551,0.41027861358575146
698,2.6768156503592047,2.2457003232726453,0.4311153270865593
699,2.663994622017283,2.2037221358175434,0.4602724861997398
700,2.8961487416279827,2.466689470311847,0.4294592713161358
701,2.8673909489243137,2.437150653602865,0.4302402953214486
702,2.8560405876789625,2.4203135709723806,0.43572701670658187
703,2.7423163335283234,2.293209889674083,0.4491064438542405
704,2.7736761438713744,2.359378797789628,0.4142973460817463
705,2.7724067257439753,2.3341904075072892,0.43821631823668605
706,2.8145755907383823,2.3744014859178195,0.44017410482056274
707,2.5985101329663642,2.1422241343471606,0.4562859986192036
708,2.850675760002709,2.4100580781308416,0.44061768187186745
709,2.8005277639074935,2.3560324244262967,0.4444953394811968
710,2.9220500688725517,2.5538128566026086,0.3682372122699431
711,2.711266994639474,2.2214958468000963,0.4897711478393778
712,2.683636661601849,2.2235123305702955,0.4601243310315537
713,2.7860284489578806,2.348037297577593,0.43799115138028766
714,2.769426427631282,2.307025156104827,0.46240127152645494
715,2.7620376089588357,2.308904086922277,0.45313352203655866
716,2.825451254030638,2.3830040239753236,0.4424472300553144
717,2.8755419706452314,2.367501813349308,0.5080401572959232
718,2.9020904545946804,2.4907422374117636,0.4113482171829168
719,2.780115892471039,2.3634981166649145,0.4166177758061247
720,2.693108173923985,2.218407012878932,0.4747011610450529
721,2.7530697671853592,2.3151641204102775,0.4379056467750817
722,2.7018770856167458,2.235905788313215,0.4659712973035308
723,2.823146292221425,2.374164575317229,0.4489817169041963
724,2.8205325460638044,2.3313920378487714,0.4891405082150331
725,2.931403333563843,2.4498408757948456,0.48156245776899764
726,2.703784321379499,2.262793265346759,0.44099105603274014
727,2.7417328970333212,2.2892710712953677,0.45246182573795357
728,2.713014133204107,2.287341099548823,0.4256730336552841
729,2.820726442034139,2.354873397143421,0.4658530448907183
730,2.7295035744869582,2.2847664498023437,0.44473712468461457
731,2.9222346889243993,2.5486797685624847,0.3735549203619146
732,2.7944925459376675,2.3390527306642817,0.45543981527338584
733,2.704678228180638,2.2374436971183433,0.4672345310622945
734,2.6231481791309452,2.1745928476847536,0.44855533144619164
735,2.749518917427628,2.2968018656515845,0.4527170517760437
736,2.7623810264215676,2.3446840914323066,0.41769693498926097
737,2.8297600156474436,2.3891330864557228,0.44062692919172086
738,2.6741720389448482,2.205367054566839,0.4688049843780093
739,2.6577562111952546,2.2045936221638534,0.4531625890314013
740,2.753765767815676,2.295467798131177,0.4582979696844989
741,2.773603100465076,2.3135596659206015,0.4600434345444744
742,2.837242643669178,2.375773281727053,0.4614693619421253
743,2.8585761537158505,2.395018706703233,0.46355744701261736
744,2.8063618976375935,2.394343749394502,0.41201814824309135
745,2.7960578969075347,2.3421590689645235,0.4538988279430112
746,2.7039202962992603,2.272999833905905,0.43092046239335513
747,2.840641502724405,2.369378929557048,0.471262573167357
748,2.675577486674712,2.2024917892924276,0.47308569738228456
749,2.7584183256251498,2.2948626134793177,0.463555712145832
750,2.654782193954294,2.171109282846481,0.4836729111078131
751,2.7174034404311,2.2663938881529404,0.45100955227815964
752,2.703551732480366,2.270787119338746,0.4327646131416203
753,2.8160927782798963,2.3527113837358415,0.4633813945440548
754,2.742818839868974,2.3008770379483203,0.4419418019206538
755,2.6897978683362482,2.224280549260926,0.46551731907532234
756,2.810328967822488,2.360814996463471,0.4495139713590173
757,2.6498521900718703,2.184238767456293,0.4656134226155775
758,2.7648848463994002,2.292907564350825,0.47197728204857503
759,2.9195233190436976,2.5232546683074633,0.3962686507362343
760,2.8038341868472076,2.369695043874738,0.43413914297246947
761,2.897350846703649,2.4284949479949827,0.4688558987086662
762,2.7170924470075426,2.2406854397553553,0.4764070072521873
763,2.766868095682765,2.3077441350443486,0.4591239606384163
764,2.753484106456847,2.2944493085626454,0.45903479789420176
765,2.808903368472112,2.397861778017187,0.41104159045492494
766,2.7285503886442677,2.273548668270535,0.4550017203737329
767,2.864203525957573,2.4518429774146275,0.41236054854294535
768,2.8482220400605995,2.406295295232018,0.4419267448285815
769,2.7722029777189547,2.321347281792498,0.4508556959264567
770,2.7412610908832056,2.287197806103283,0.4540632847799224
771,2.8076417291927727,2.3632523795791256,0.44438934961364707
772,2.7645853319235902,2.303044654657472,0.46154067726611814
773,2.8734399516601,2.44704483682664,0.42639511483345993
774,2.618883938297294,2.166172885948676,0.45271105234861775
775,2.826329089980093,2.3807701999544744,0.44555889002561866
776,2.7280658094192343,2.2849706516578685,0.44309515776136577
777,2.916186595466111,2.473575368693066,0.44261122677304465
778,2.7957727385675306,2.297226905092698,0.4985458334748327
779,2.735575541566681,2.2550404382294538,0.4805351033372274
780,2.9476322818002987,2.4944689937376827,0.45316328806261597
781,2.839715547061761,2.3879771562592946,0.4517383908024666
782,2.778371825061549,2.350117365519579,0.4282544595419697
783,2.8601077218271285,2.4246382333903793,0.43546948843674915
784,2.788950653265319,2.3128302293727283,0.4761204238925907
785,2.764727103894061,2.2613622118255594,0.5033648920685017
786,2.7532817820012117,2.314052315898449,0.4392294661027627
787,2.9618544735323793,2.4944341030143367,0.46742037051804264
788,2.71190994966118,2.2681156603670187,0.4437942892941611
789,2.860471265535234,2.4106610707274116,0.44981019480782214
790,2.674234334416381,2.205964202052185,0.468270132364196
791,2.9343572953999955,2.485847160555757,0.44851013484423863
792,2.910036474547415,2.4514597564938816,0.4585767180535334
793,2.78406056549007,2.296661239921892,0.4873993255681781
794,2.7076232284744557,2.264911671574393,0.4427115569000626
795,2.6257013751227833,2.1613794911579816,0.4643218839648018
796,2.756845692684852,2.2904020321349146,0.46644366054993736
797,2.8132686763002988,2.358047583493514,0.4552210928067848
798,2.6560745291480052,2.194929839317623,0.46114468983038215
799,2.7450697318429973,2.282223569001099,0.4628461628418985
800,2.598977251304912,2.1418146365111124,0.4571626147937997
801,2.912479769011389,2.5180524051098923,0.3944273639014968
802,2.6770225095655555,2.214505656370563,0.46251685319499236
803,2.7240006210675607,2.261371326643985,0.4626292944235755
804,2.7802857872935496,2.3265857800618623,0.45370000723168724
805,2.685829483070349,2.2435429115475456,0.4422865715228035
806,2.657603489309229,2.209436781488148,0.4481667078210809
807,2.8278515483768047,2.340482552792298,0.48736899558450686
808,3.0427847819369322,2.720854911473678,0.3219298704632543
809,2.8118615285467543,2.3426363592050645,0.4692251693416898
810,2.74689068108721,2.324371462290299,0.4225192187969107
811,2.6888654903978773,2.2136728902116087,0.4751926001862685
812,2.655680225858442,2.202261091818603,0.453419134039839
813,2.7939327683866386,2.3122878144719463,0.4816449539146923
814,2.8332055339347164,2.430368658625135,0.40283687530958145
815,2.753403332446437,2.291931237967025,0.46147209447941195
816,2.834769692070538,2.3650415935164477,0.46972809855409015
817,2.6913533027260605,2.231944217207995,0.4594090855180655
818,2.6693320370641205,2.2046339645793136,0.4646980724848069
819,2.638105418920114,2.1669357680591856,0.47116965086092844
820,2.7206458315222966,2.2806502605787764,0.43999557094352015
821,2.8463684124811524,2.385443767042266,0.4609246454388862
822,3.0103712712760484,2.575222201056915,0.4351490702191336
823,2.6841150417670296,2.2289419330504145,0.4551731087166151
824,2.7193374678265076,2.284233220503806,0.4351042473227018
825,2.749146217018819,2.30691800671921,0.4422282102996089
826,2.8716165988853652,2.432071725923197,0.43954487296216804
827,2.8339382573984255,2.3911192652246447,0.44281899217378085
828,2.775181401022173,2.3397494076200624,0.4354319934021107
829,2.764941652207,2.3062540816836936,0.4586875705233062
830,2.708028751636426,2.2589482948873756,0.4490804567490505
831,2.7078662667800857,2.2644160223663836,0.44345024441370207
832,2.627535916595603,2.161679500783166,0.465856415812437
833,2.697996336702596,2.2356609979281323,0.46233533877446353
834,2.8324906480953267,2.408154097824289,0.4243365502710379
835,2.819301884321099,2.355774764986216,0.4635271193348829
836,2.7887151341450456,2.3433564191361977,0.4453587150088478
837,2.756640412403417,2.3304688614063815,0.42617155099703563
838,2.7515841624748942,2.3022893532721156,0.44929480920277864
839,2.796985956173551,2.319596283777677,0.4773896723958737
840,2.7183503404533518,2.26202126695964,0.45632907349371177
841,2.905710196447045,2.418784890992028,0.48692530545501667
842,2.849123772509992,2.385011883669046,0.4641118888409461
843,2.8074995211026743,2.375893932705794,0.43160558839688035
844,2.6874032544535127,2.234109048837849,0.4532942056156637
845,2.7513099959237577,2.346415226936891,0.4048947689868667
846,2.8108779795989296,2.3667385263482776,0.44413945325065196
847,2.869189144420765,2.427008397824056,0.4421807465967089
848,2.7983859026695366,2.381948394402953,0.41643750826658366
849,2.7193412049963617,2.296789606693609,0.4225515983027526
850,2.7019923650150552,2.254090896311744,0.44790146870331116
851,2.663198377293222,2.219439417587731,0.44375895970549095
852,2.682034578455175,2.2367531242105017,0.44528145424467347
853,2.9012270831903986,2.45557681674198,0.44565026644841854
854,2.6557700492461045,2.1984992737340727,0.45727077551203177
855,2.6940227399262873,2.226049937069673,0.46797280285661413
856,2.8549897631053947,2.390403265666988,0.46458649743840663
857,2.7509049945815773,2.2761619061472835,0.4747430884342938
858,2.694790296093951,2.2095179134923923,0.4852723826015586
859,2.7229590477126435,2.252136800962115,0.47082224675052853
860,2.7896050051587284,2.3552547673823145,0.4343502377764139
861,2.8086807504359967,2.3607088458072343,0.44797190462876246
862,2.9778457249530423,2.6304093217932154,0.34743640315982693
863,2.6673869410393958,2.201809457540724,0.4655774834986719
864,2.7872740026651464,2.3297396692213055,0.45753433344384087
865,2.6946998088862593,2.2249895427701607,0.46971026611609856
866,3.0201823561262433,2.5974588047707616,0.4227235513554817
867,2.6707112497669563,2.2410118956636764,0.42969935410327986
868,2.822010820464229,2.3767474172874468,0.44526340317678237
869,2.6632033795004615,2.193249387725303,0.4699539917751583
870,2.825598573442914,2.3661822496591447,0.4594163237837692
871,2.7987818211223785,2.3743873387609606,0.42439448236141786
872,3.007510565202509,2.5814835226637,0.4260270425388093
873,2.7265380663471634,2.285663645513493,0.44087442083367057
874,2.757685287244608,2.2896620797928664,0.46802320745174164
875,2.8194794847869633,2.3826479143465003,0.43683157044046306
876,2.965219865516994,2.5692610743003668,0.39595879121662714
877,2.7196223885837707,2.2854693955144834,0.43415299306928734
878,2.83592287477282,2.4091186352260827,0.4268042395467373
879,2.8475466566898,2.424856809151764,0.42268984753803585
880,2.875749925928137,2.456172123215664,0.41957780271247325
881,2.7082114558123265,2.2679716527532983,0.4402398030590282
882,3.0330432990243628,2.6499669822302763,0.3830763167940865
883,2.6723951040564904,2.210197417042617,0.46219768701387354
884,2.719436392182756,2.27210474172011,0.4473316504626461
885,2.7746210240817435,2.344715767805609,0.4299052562761343
886,2.71563258730055,2.2658648067640046,0.4497677805365452
887,2.691292400054739,2.2462953182921486,0.44499708176259034
888,2.8650593659851147,2.462457598558009,0.40260176742710563
889,2.8493546514009385,2.393727351302297,0.4556273000986413
890,2.72428039414436,2.308624733855618,0.415655660288742
891,2.649267878979218,2.2000555068158616,0.4492123721633563
892,2.5966899546728355,2.1351102543768765,0.46157970029595896
893,2.8638815808642275,2.4208680898790886,0.44301349098513887
894,2.8597925965054873,2.390624716271153,0.4691678802343344
895,2.768530743829298,2.2982059939580375,0.4703247498712604
896,2.811236765184296,2.4095045059140485,0.40173225927024747
897,2.8301759470382786,2.369505252593226,0.4606706944450525
898,2.9290919390615007,2.4771351350636333,0.4519568039978674
899,2.78159060314139,2.3084578537144336,0.4731327494269566
900,2.8100957628567977,2.345911446594082,0.46418431626271595
901,2.7713980190981853,2.330513942774436,0.44088407632374915
902,2.685499066704215,2.2468920112170006,0.43860705548721457
903,2.7356878125219577,2.3126478766798426,0.4230399358421151
904,2.679489378361239,2.2130731505932175,0.4664162277680215
905,2.9238027917373857,2.4697604722966706,0.45404231944071505
906,2.8504384745794917,2.4545646245110144,0.3958738500684773
907,2.8347019771968287,2.40708261121237,0.4276193659844587
908,2.775896198444455,2.294932025599598,0.4809641728448568
909,2.7292054880388257,2.2741636830921923,0.4550418049466334
910,2.6215403216829025,2.1702229172269556,0.4513174044559469
911,2.785276747091652,2.384026688895907,0.4012500581957452
912,3.043989004957389,2.6323185468837926,0.41167045807359637
913,2.6705307326429537,2.196432215653871,0.4740985169890828
914,2.7081362779646816,2.2462845468776065,0.4618517310870751
915,2.82154528821262,2.35748885961348,0.46405642859914
916,2.7481143633026575,2.2978721450536503,0.4502422182490071
917,2.825645028972274,2.3989471808883738,0.4266978480839003
918,3.002031543811304,2.5787184694016276,0.42331307440967647
919,2.772667704240327,2.326230559316325,0.4464371449240021
920,2.865978952590136,2.41779463112777,0.448184321462366
921,2.7309470265704183,2.262104666094682,0.46884236047573635
922,2.7816534845043983,2.33628149736349,0.4453719871409083
923,2.7504213696745805,2.2996796879289683,0.45074168174561224
924,2.8603856308030102,2.4463064835464543,0.4140791472565559
925,2.7271514772607697,2.2600675046696694,0.46708397259110024
926,2.745516523777917,2.337056218329543,0.408460305448374
927,2.7660952432966894,2.3194719556593983,0.4466232876372911
928,2.6906288736978476,2.2323313272227,0.45829754647514775
929,2.64982880993449,2.196505928643523,0.4533228812909669
930,2.890771396125996,2.469858170730672,0.42091322539532383
931,2.7928282271256366,2.3509512791046365,0.4418769480210001
932,2.8368964558927874,2.421088134705769,0.4158083211870185
933,2.8704836414273953,2.426018996488374,0.44446464493902127
934,2.8603658317804275,2.414495459891201,0.4458703718892263
935,2.7955691648733483,2.311749094397409,0.48382007047593945
936,2.703826534410817,2.26107332213333,0.4427532122774873
937,2.8917980347991263,2.4384609847059266,0.4533370500931997
938,2.861694594621413,2.4057471165216677,0.45594747809974523
939,2.7843768700183316,2.3184180142604545,0.4659588557578771
940,2.8764975320059576,2.401105019980948,0.47539251202500976
941,2.72945635847543,2.2899333109843494,0.43952304749108073
942,2.777773301561218,2.315577001646067,0.462196299915151
943,2.7217234569840976,2.2776184437748275,0.4441050132092701
944,2.883268688507876,2.484324192788322,0.39894449571955404
945,2.7128311851910447,2.2378224118243515,0.4750087733666932
946,2.6656693842549597,2.196829014810264,0.46884036944469587
947,2.996409626581695,2.575546771487015,0.42086285509468
948,2.692062340405268,2.2036362182427376,0.48842612216253034
949,2.7120194346041973,2.2248061053324006,0.4872133292717966
950,2.7753754867504,2.3478573242604357,0.4275181624899642
951,2.796171831559626,2.347482744837205,0.4486890867224207
952,2.7766141975042604,2.332948470706634,0.4436657267976263
953,2.7698327985755222,2.313386253636227,0.45644654493929515
954,2.7753153700184057,2.3092332406364537,0.4660821293819519
955,2.925934246500014,2.5287029262146796,0.39723132028533437
956,2.7486213192032123,2.2666705456630236,0.48195077354018867
957,2.726068557925758,2.2811625976709644,0.4449059602547938
958,2.729859496001669,2.252783920166221,0.4770755758354479
959,2.9186950187942013,2.478442921425416,0.44025209736878557
960,2.7629949668844436,2.3334385542532545,0.42955641263118904
961,2.8127346561860285,2.3553131159387783,0.4574215402472501
962,2.701686195487842,2.2229159399551555,0.4787702555326865
963,2.726389151908579,2.2501939405036686,0.47619521140491017
964,2.8461263380284034,2.353199445083802,0.49292689294460157
965,2.75861194759769,2.3283611220111595,0.43025082558653027
966,2.771050230586731,2.3107775108849804,0.46027271970175043
967,2.833408598852047,2.338579635032242,0.4948289638198049
968,2.695961211802492,2.2338979062744926,0.46206330552799946
969,2.6339465084694877,2.174172556476686,0.4597739519928017
970,2.793650790088513,2.326017755736119,0.467633034352394
971,2.746456995565119,2.289580875447041,0.456876120118078
972,2.7443635560024107,2.2715800251507683,0.4727835308516424
973,2.7892900084665713,2.343230349446499,0.4460596590200723
974,2.727052351308059,2.2773074120915546,0.4497449392165045
975,2.7595122135639416,2.3453963673439118,0.41411584622002984
976,2.7677687910664766,2.3377086965095017,0.4300600945569748
977,2.7864680552687795,2.337078304920542,0.44938975034823736
978,2.700880201974104,2.245734031669688,0.45514617030441595
979,2.8138143266501996,2.353401686596624,0.46041264005357574
980,2.787414187975576,2.3353281045923553,0.45208608338322076
981,2.7176067441280303,2.2477041933192115,0.4699025508088188
982,2.6844919221190313,2.2251355412929565,0.4593563808260748
983,2.7323415159089204,2.290910410427534,0.4414311054813864
984,2.841314758407611,2.373528371589282,0.4677863868183292
985,2.890046610935217,2.473627135566644,0.4164194753685728
986,2.6761049040483886,2.2239140410092024,0.4521908630391862
987,2.8328207701761845,2.4127771550834964,0.42004361509268806
988,2.756903875810521,2.320506599279296,0.43639727653122495
989,2.7181072266042197,2.2647109061838164,0.45339632042040323
990,2.7585271268228753,2.301561571279379,0.4569655555434964
991,2.8047057252895846,2.354223266393225,0.4504824588963596
992,2.7528985689345076,2.2914147871288137,0.4614837818056938
993,2.7410756372126794,2.285030520700263,0.45604511651241664
994,2.8615214243708915,2.4070568888336483,0.4544645355372432
995,2.7606542174539284,2.2918674946027155,0.4687867228512128
996,2.7892310004901946,2.339106809755815,0.4501241907343796
997,2.784864682353185,2.323460218972198,0.46140446338098684
998,2.7776702976410332,2.3239853048986476,0.4536849927423856
999,2.6049197450532056,2.143369651129941,0.4615500939232646
1000,2.8771656918470097,2.453860396986389,0.42330529486062085
1001,2.733256941785264,2.2654789928721835,0.46777794891308044
1002,2.636323731391861,2.1830662408045125,0.4532574905873483
1003,2.776732779438551,2.3287527244333157,0.4479800550052353
1004,2.8513229369636477,2.3429202552493855,0.5084026817142622
1005,2.638917735449369,2.175771615577579,0.46314611987179033
1006,2.740579081545316,2.304480539593596,0.43609854195172026
1007,2.6399121280299593,2.1756859463235414,0.46422618170641794
1008,2.6900183683297505,2.243411958060526,0.44660641026922443
1009,2.776037111753911,2.313687179572128,0.462349932181783
1010,2.898670743951741,2.4589873196361847,0.4396834243155565
1011,2.9424821614744876,2.5598093845083483,0.3826727769661393
1012,2.7228093979646206,2.2774701815222076,0.44533921644241303
1013,2.8329378639792893,2.3601784339858667,0.4727594299934226
1014,3.036553036249646,2.6054825842641893,0.4310704519854567
1015,2.831262375044952,2.356051080616244,0.47521129442870835
1016,2.9172965591487694,2.483188441501701,0.43410811764706825
1017,2.945075676876044,2.533741876806774,0.41133380006927034
1018,2.918698809763792,2.5137528999113905,0.40494590985240153
1019,2.832651495265468,2.369659908665788,0.4629915865996801
1020,2.6860255594328,2.2478926510472244,0.4381329083855756
1021,2.9762199606254542,2.58694535510249,0.3892746055229641
1022,2.824696959021344,2.3542493496776054,0.47044760934373864
1023,2.7788496242751926,2.3126716459324155,0.4661779783427771
1024,2.677083347903752,2.2448673561222523,0.43221599178149983
1025,2.7062272321820044,2.240686934697142,0.46554029748486236
1026,2.701866127062512,2.234811743896057,0.4670543831664551
1027,2.903073781943757,2.4511528612808857,0.45192092066287115
1028,2.8927764181993414,2.5126911703219075,0.3800852478774339
1029,2.921967146781627,2.503465305755738,0.41850184102588894
1030,2.83598843372638,2.3960309679095344,0.4399574658168457
1031,2.66065427231636,2.1972949750154815,0.46335929730087866
1032,2.844111608574284,2.410780734412873,0.43333087416141103
1033,2.710795895847499,2.251619037388645,0.45917685845885403
1034,2.769173231001496,2.3151072200869733,0.4540660109145227
1035,2.753476606921216,2.318408273608599,0.43506833331261685
1036,2.737643593691457,2.303930026401306,0.4337135672901513
1037,2.8685294312521634,2.4102730756664164,0.45825635558574707
1038,2.7841061009724295,2.3054708029017656,0.47863529807066385
1039,2.7741350294350933,2.3386809150920667,0.4354541143430266
1040,2.6898692164612914,2.2586151343441556,0.4312540821171358
1041,2.820606556835759,2.3276333088381467,0.49297324799761233
1042,2.7042450112979806,2.2552310417508123,0.4490139695471682
1043,2.855205470587796,2.3837320787198157,0.4714733918679803
1044,2.661137610698362,2.208619133561342,0.4525184771370201
1045,2.7719894529287483,2.299616649866967,0.47237280306178153
1046,2.739776123370253,2.2829785758282486,0.4567975475420045
1047,2.650097982080123,2.187326880016888,0.46277110206323524
1048,3.1616385782890273,2.8018972927119785,0.35974128557704876
1049,2.6481324920926825,2.2122698597209376,0.43586263237174494
1050,2.73749450401997,2.2697563532770393,0.4677381507429308
1051,2.84702472663314,2.4532884326258753,0.39373629400726484
1052,2.747478835540931,2.282016332963307,0.465462502577624
1053,2.8410297427830424,2.3920638057594945,0.4489659370235479
1054,2.651201035988975,2.179406600166238,0.4717944358227366
1055,2.7551254017124323,2.2913156649379545,0.4638097367744778
1056,2.7562205356608884,2.294845412333541,0.4613751233273473
1057,2.818163756193468,2.4065549240765014,0.41160883211696664
1058,2.8505149492083723,2.3778662637380688,0.4726486854703036
1059,2.906986104001785,2.493946885750113,0.4130392182516718
1060,3.0537405269726636,2.7134315939259714,0.3403089330466922
1061,2.980185679227872,2.5571669615087687,0.42301871771910315
1062,2.932562671845581,2.521492790765681,0.41106988107990006
1063,2.722273672920438,2.2380999130048833,0.48417375991555467
1064,2.792868470520325,2.3682026607398057,0.42466580978051915
1065,2.579582480079888,2.1063620376484242,0.4732204424314639
1066,2.816047235346293,2.3987741015933213,0.4172731337529716
1067,2.7112833986365317,2.2784598833492953,0.4328235152872364
1068,2.704249429639576,2.240662434956274,0.4635869946833018
1069,2.6147273597776093,2.1492201853909547,0.46550717438665457
1070,2.894966548837525,2.485281180789663,0.40968536804786204
1071,2.8066413798570373,2.355435528367379,0.4512058514896582
1072,2.7223488186428524,2.268310496596244,0.4540383220466082
1073,2.7757008803813132,2.2759452883681677,0.49975559201314557
1074,2.77699892971593,2.343592913121583,0.43340601659434697
1075,2.787582783609503,2.352896427110082,0.4346863564994212
1076,2.7486051695771634,2.3026429366400305,0.4459622329371329
1077,2.7761843220680467,2.3274846630367936,0.4486996590312531
1078,2.737267634660746,2.276296567982012,0.4609710666787339
1079,2.7526328156653888,2.325794158918354,0.4268386567470346
1080,2.735913329977785,2.260567501702317,0.4753458282754681
1081,2.732333393302681,2.248609451696465,0.483723941606216
1082,2.7926989796203068,2.3426343014316333,0.45006467818867346
1083,2.746900484490624,2.3053205284900518,0.4415799560005724
1084,2.671269391810789,2.210034276697778,0.46123511511301096
1085,2.765314014152267,2.343718527233779,0.42159548691848814
1086,2.8829812629635665,2.4019372336208904,0.4810440293426761
1087,2.6850605331814923,2.2173795705388675,0.4676809626426248
1088,2.831677981867937,2.361812711288034,0.46986527057990335
1089,2.7700020593725942,2.3422503792628313,0.42775168010976294
1090,2.9177386093131754,2.517653328644468,0.40008528066870763
1091,2.971144204514597,2.550512639408803,0.4206315651057939
1092,2.732361652782079,2.251660967856476,0.48070068492560303
1093,2.898270368432183,2.4288729919711347,0.4693973764610484
1094,2.806940525616748,2.346310753344629,0.4606297722721191
1095,2.751843551504657,2.285459030000808,0.4663845215038491
1096,2.729037070036728,2.287986103909134,0.4410509661275941
1097,2.7022146886507925,2.250711309957121,0.4515033786936713
1098,2.737095375152,2.2628340439732386,0.47426133117876157
1099,2.7901310174123988,2.3704099475359164,0.4197210698764824
1100,2.820120390647963,2.3636919824063902,0.4564284082415728
1101,2.823378490705004,2.3894539404790645,0.4339245502259397
1102,2.726835240259736,2.2652016410850613,0.4616335991746747
1103,2.81335062103564,2.3352890020328085,0.4780616190028315
1104,2.777771100400698,2.3536495074275807,0.42412159297311725
1105,2.740084310481687,2.2955979349381526,0.44448637554353443
1106,2.8963024712150105,2.4284362432293127,0.46786622798569777
1107,2.735588382239013,2.2662789143078426,0.46930946793117023
1108,2.7177177031476845,2.251642786503166,0.4660749166445184
1109,2.820822126477659,2.366846859511633,0.45397526696602597
1110,2.7074870827962387,2.236184245003338,0.47130283779290094
1111,2.7945113975820717,2.3729832415204015,0.42152815606167016
1112,2.748409556494527,2.289728246966006,0.45868130952852093
1113,2.80622934797726,2.4016368881600063,0.40459245981725367
1114,2.657814386509848,2.2076799170266117,0.4501344694832361
1115,2.7882299426620594,2.331358560531626,0.45687138213043355
1116,2.8308190420048494,2.3745056466671537,0.45631339533769566
1117,2.769864701661276,2.3620886984939524,0.40777600316732343
1118,2.7431724384093856,2.2896944543547364,0.45347798405464923
1119,2.757670020259666,2.292137147135655,0.4655328731240109
1120,2.7139983421934653,2.2570893597180244,0.4569089824754409
1121,2.8587946944490588,2.41564847785974,0.44314621658931896
1122,2.7506262343919605,2.2997205878568394,0.4509056465351211
1123,2.9373452520557737,2.5045409122630757,0.43280433979269795
1124,2.774216225935186,2.3165748577583027,0.4576413681768834
1125,2.70415374812701,2.221110839514913,0.48304290861209687
1126,2.619411281182749,2.1508323558320086,0.4685789253507404
1127,2.8105900783566056,2.3169081706913026,0.49368190766530295
1128,2.751039191285128,2.319087109156905,0.4319520821282232
1129,2.835694957945747,2.3895810088356364,0.4461139491101105
1130,2.801240748063718,2.402515987107821,0.39872476095589704
1131,2.686157764424124,2.229708177766059,0.45644958665806534
1132,2.7337566776662454,2.2795870816948245,0.4541695959714209
1133,2.847627423382707,2.4188844723957215,0.42874295098698534
1134,2.6173893340406065,2.1487346099836184,0.46865472405698805
1135,2.844989851116744,2.3985887132053647,0.4464011379113795
1136,2.8695171752192814,2.3848755963366965,0.48464157888258486
1137,2.7769481297010765,2.3270553814649313,0.4498927482361452
1138,2.7760010830015545,2.3412773109643665,0.4347237720371879
1139,2.8855940418280106,2.421103225416926,0.4644908164110846
1140,2.7314864133768664,2.2742520931558987,0.45723432022096766
1141,2.7845640342114866,2.309497194806471,0.4750668394050157
1142,2.6344060010002193,2.1646238312794193,0.4697821697208
1143,2.8130902871112475,2.378641018709913,0.43444926840133435
1144,2.789420612036701,2.3582099373451793,0.43121067469152186
1145,2.882483912578681,2.4721016625485692,0.410382250030112
1146,2.6775112372037864,2.2037637623952535,0.47374747480853285
1147,2.764382455810703,2.303168537328994,0.4612139184817088
1148,2.8219984013214856,2.3834143665642635,0.4385840347572221
1149,2.6445001344780446,2.2113266300126506,0.43317350446539393
1150,2.8386557602118656,2.414611826344982,0.42404393386688355
1151,2.714256533527087,2.2853916035134776,0.4288649300136096
1152,2.634984742851084,2.1834293187995075,0.45155542405157645
1153,2.8408634801681623,2.3900869933767415,0.4507764867914208
1154,2.7425758032936343,2.28773064424953,0.4548451590441043
1155,2.7588823137153162,2.2955149934115533,0.46336732030376293
1156,2.7586554049350123,2.3169129916419253,0.44174241329308694
1157,2.76826989128825,2.336951751494889,0.431318139793361
1158,2.7417435506623735,2.262355702855436,0.47938784780693755
1159,2.8128145423113327,2.366222107959039,0.44659243435229357
1160,2.7983546368145578,2.3397526942083586,0.45860194260619913
1161,2.7707369674560764,2.332269772594155,0.4384671948619214
1162,2.6883683676624655,2.2465223686386877,0.44184599902377775
1163,2.7790401604502626,2.334363583476274,0.44467657697398844
1164,2.748272139509524,2.318013646075755,0.43025849343376876
1165,2.7939877904063954,2.3373419985142734,0.45664579189212207
1166,2.772723352857344,2.296339227350247,0.47638412550709663
1167,2.9063808919338014,2.5164682230372977,0.3899126688965038
1168,2.8158193207272446,2.364630050157727,0.45118927056951774
1169,2.978002231522643,2.5844753985629407,0.39352683295970214
1170,2.756517813374115,2.3051574890691606,0.4513603243049542
1171,2.7254006948828975,2.2860660592993263,0.4393346355835712
1172,2.637096157180921,2.1738279250491037,0.4632682321318171
1173,2.755733906772884,2.3178470870696795,0.43788681970320464
1174,2.8682900600059758,2.4255774599974402,0.4427126000085355
1175,2.709345619992217,2.2583604605812035,0.45098515941101347
1176,2.651353840301041,2.179276736249895,0.472077104051146
1177,2.716550866240862,2.227738781529573,0.4888120847112889
1178,2.7342164553270303,2.278308620177725,0.4559078351493051
1179,2.7508984069146156,2.275322061219967,0.4755763456946487
1180,2.7715744913990332,2.329525062739955,0.44204942865907837
1181,2.908087710585351,2.4646692709668154,0.44341843961853566
1182,2.603452306316582,2.1467435625542937,0.45670874376228854
1183,2.675861194692998,2.2133078085358036,0.46255338615719443
1184,2.756321190899566,2.294513676564307,0.46180751433525913
1185,2.827928938650606,2.412089163835485,0.415839774815121
1186,2.750998897895191,2.29498452800991,0.4560143698852812
1187,2.74727220718343,2.282784831240082,0.4644873759433481
1188,2.755957861282945,2.309382093677071,0.44657576760587414
1189,2.7147123164919806,2.269031825853606,0.44568049063837467
1190,2.753804727860145,2.2842559262246653,0.46954880163547985
1191,2.750762690663863,2.3170535119896223,0.43370917867424064
1192,2.662680293718431,2.1906380277197792,0.4720422659986516
1193,2.714915182824899,2.2847222947678447,0.43019288805705447
1194,2.8700762413151977,2.443991345348174,0.4260848959670236
1195,2.9772501204748987,2.531282981245011,0.4459671392298876
1196,2.855804514931375,2.412051954686485,0.44375256024488996
1197,2.739229920171691,2.260465809057402,0.4787641111142893
1198,2.9197562099366534,2.485312994259137,0.4344432156775162
1199,2.6829407397477514,2.2181258829041965,0.46481485684355484
1200,2.691178570661012,2.2331795506860392,0.45799901997497283
1201,2.6094773186341125,2.157027690167828,0.45244962846628445
1202,2.6166377873080453,2.1564227096291027,0.46021507767894265
1203,2.832036891892038,2.3758846004632703,0.4561522914287677
1204,2.7037847288552097,2.2277720778133823,0.47601265104182744
1205,2.822543979121202,2.388726841891064,0.4338171372301378
1206,2.834445094426655,2.3622129811584736,0.4722321132681815
1207,2.7232130504332,2.2799280800763024,0.44328497035689773
1208,2.6688905704673243,2.1970305547709423,0.4718600156963819
1209,2.6913800702101254,2.2274936971096997,0.4638863731004257
1210,2.675087897491975,2.2143847454554884,0.4607031520364866
1211,2.617441509199486,2.163134607054044,0.4543069021454422
1212,2.6977512139907587,2.2249930824967135,0.4727581314940452
1213,2.7572953375611626,2.310243484920184,0.4470518526409788
1214,2.690586932188882,2.2561550647239876,0.43443186746489415
1215,2.851648583649834,2.3769624750004743,0.4746861086493599
1216,2.6763707040257594,2.225933905771326,0.4504367982544335
1217,2.698135335749771,2.2424965614862002,0.4556387742635706
1218,2.8685236353777235,2.4379698076923355,0.43055382768538797
1219,2.7542892653329942,2.3317585661311835,0.42253069920181074
1220,2.7925930591224404,2.3732501519582736,0.4193429071641668
1221,2.972760804425771,2.5652907708819477,0.4074700335438233
1222,2.8351229499789365,2.3672762188221177,0.46784673115681885
1223,2.858176911173149,2.4067155744083077,0.45146133676484146
1224,2.6871286936290075,2.2546023604977714,0.4325263331312361
1225,2.6592574097081205,2.21568585778574,0.4435715519223806
1226,2.714143177470199,2.277643300814125,0.4364998766560739
1227,2.7650465008811747,2.3060347089142295,0.4590117919669452
1228,2.6372525091759127,2.1728717645323927,0.46438074464351997
1229,2.800391155911368,2.3434349568746886,0.4569561990366795
1230,2.889512590267772,2.4243108417651418,0.4652017485026301
1231,2.7897479040073416,2.31700063624955,0.4727472677577915
1232,2.6644530264394786,2.198171301287607,0.4662817251518714
1233,2.7279174639578723,2.2648742716564985,0.4630431923013738
1234,2.7563449697853826,2.2955441137457644,0.4608008560396182
1235,2.814041256680131,2.363645398134946,0.45039585854518505
1236,2.7399983617320847,2.312277431305938,0.4277209304261467
1237,2.5858978431452013,2.1407077718951264,0.4451900712500749
1238,2.843989341689933,2.386836467193026,0.4571528744969071
1239,2.6896614342448903,2.246547153069097,0.4431142811757933
1240,2.8691988576320675,2.4684268219845027,0.4007720356475648
1241,2.800501760383692,2.3576618815671453,0.44283987881654685
1242,2.8382067606673376,2.4095092376534577,0.42869752301387987
1243,2.818789869663556,2.36929566615088,0.4494942035126761
1244,3.0410456891737714,2.6002619294110993,0.44078375976267203
1245,2.785544379789829,2.341059324335464,0.44448505545436534
1246,2.823576835799087,2.4138820183789824,0.4096948174201045
1247,2.7512097755952114,2.272987416595763,0.47822235899944854
1248,3.0560127737725034,2.630806419376016,0.42520635439648746
1249,2.6913852079749616,2.200780445066728,0.49060476290823374
1250,2.762632321513724,2.3218905179339884,0.4407418035797357
1251,2.667068936240534,2.2152111053312047,0.4518578309093293
1252,2.667191181426958,2.2055267442611575,0.46166443716580075
1253,2.749172283578411,2.277489844443482,0.47168243913492924
1254,2.824377662643952,2.383763750534743,0.44061391210920897
1255,2.940592410151361,2.5335649554896813,0.40702745466167967
1256,2.881270077109533,2.392638320893432,0.4886317562161011
1257,2.64201972257662,2.1896980259998857,0.4523216965767345
1258,2.6784776699679864,2.2127499878398296,0.46572768212815685
1259,2.6514493286646275,2.183320635125927,0.46812869353870035
1260,2.679160726131601,2.252648814230972,0.42651191190062887
1261,3.0433917663751298,2.6490732910990964,0.39431847527603336
1262,2.9147049635952085,2.4592377346469694,0.4554672289482391
1263,2.6464393323398134,2.1944189302229953,0.45202040211681815
1264,2.913977786775753,2.5304613780892393,0.3835164086865137
1265,2.7685725228536957,2.303105006503935,0.4654675163497606
1266,2.789694958197302,2.33799054879569,0.45170440940161205
1267,2.7585741525684324,2.316311338263582,0.4422628143048506
1268,2.8588243498212127,2.418308830746373,0.44051551907483955
1269,2.8393313773203537,2.3661495939216635,0.4731817833986902
1270,2.887730300718966,2.447104713824103,0.4406255868948632
1271,2.676363293574203,2.2197141361990034,0.4566491573751996
1272,2.949221154293898,2.456558075203632,0.4926630790902662
1273,2.9322478640668446,2.4750672102517726,0.457180653815072
1274,2.8914117556086523,2.467324433338739,0.4240873222699131
1275,2.6685221160299206,2.188074278538199,0.4804478374917216
1276,2.864460552107164,2.4063163298834542,0.45814422222371
1277,2.6303221244766593,2.1588385610336838,0.4714835634429755
1278,2.862044072235274,2.3999521562902926,0.4620919159449812
1279,2.8207864179548134,2.3846701395648173,0.4361162783899961
1280,2.7684817161234148,2.338080087175993,0.43040162894742195
1281,2.888428729462972,2.3913561092078424,0.49707262025512966
1282,2.662604747804201,2.2143693351105926,0.44823541269360856
1283,2.7981387418479087,2.3397371180778133,0.4584016237700954
1284,2.9013765906540865,2.4873257703053957,0.4140508203486908
1285,2.739339290211022,2.29896740827645,0.4403718819345719
1286,2.7083016001201154,2.2275944540979116,0.4807071460222039
1287,2.7675677794756925,2.2774889732532873,0.4900788062224053
1288,2.6927459204928526,2.229937902504658,0.4628080179881944
1289,2.762965849825648,2.3253256297405813,0.43764022008506664
1290,2.7774118649438884,2.339434014600268,0.43797785034362047
1291,2.8346592239603527,2.33414023896653,0.500518984993823
1292,2.775996868088072,2.311526351920087,0.46447051616798474
1293,2.899749774477238,2.463197205161905,0.43655256931533293
1294,2.7403013382726664,2.284957002393774,0.45534433587889245
1295,2.887432890085112,2.4602651980616694,0.4271676920234424
1296,2.7712710260268065,2.28131783046727,0.4899531955595364
1297,2.62711197318125,2.1588504330639813,0.4682615401172687
1298,2.6903034100869667,2.255242747571305,0.4350606625156619
1299,2.7887209948478606,2.319046882844351,0.4696741120035095
1300,2.763634582389562,2.3233650552822125,0.44026952710734957
1301,2.6975192405411406,2.2299128965218324,0.4676063440193081
1302,2.7675194932705045,2.3068783766705816,0.4606411165999229
1303,2.7812639960730343,2.343641138759597,0.4376228573134373
1304,2.8602960364338315,2.430188183678564,0.4301078527552673
1305,2.7491270631381157,2.297340870812272,0.45178619232584394
1306,2.883308087925898,2.430276905294126,0.4530311826317721
1307,2.7824644130953877,2.3268050395696536,0.45565937352573416
1308,2.792753471842597,2.3530611650292945,0.4396923068133023
1309,2.763322790101805,2.31529122639705,0.4480315637047547
1310,2.6770564859877912,2.2175473285400016,0.45950915744778964
1311,2.595783615562408,2.135408854795378,0.4603747607670301
1312,2.771077796073302,2.3314213554733447,0.43965644059995723
1313,2.8698549490620704,2.3763556676561715,0.49349928140589894
1314,2.7749368656875153,2.331928189731612,0.4430086759559031
1315,2.6605121623254195,2.1874242452304546,0.4730879170949649
1316,2.7679969739481867,2.3243173552783607,0.44367961866982597
1317,2.6939981177201484,2.229173392137502,0.46482472558264654
1318,2.6319148951863434,2.152534089272455,0.47938080591388843
1319,2.7406746317805344,2.2618459909655435,0.4788286408149909
1320,2.6815850893923074,2.219387978525432,0.4621971108668754
1321,2.7061480351651173,2.272414515791296,0.43373351937382143
1322,2.742683833880409,2.2999149692240377,0.44276886465637144
1323,2.7410184571826943,2.2934038584003447,0.44761459878234966
1324,2.6936993203756647,2.214128782552333,0.4795705378233319
1325,2.704662566627146,2.2515767707189065,0.4530857959082395
1326,2.8937329753764436,2.429081185822856,0.46465178955358777
1327,2.848312573892789,2.387045479707529,0.4612670941852599
1328,2.6500776396521397,2.2074430379424834,0.4426346017096563
1329,2.625560716111895,2.1780870069604465,0.44747370915144824
1330,2.7149392117292956,2.276971601425734,0.43796761030356146
1331,2.8209411919376146,2.4108958622393604,0.41004532969825425
1332,2.7339922871243716,2.2768448092049267,0.4571474779194449
1333,2.7348025418754567,2.2398251471645367,0.49497739471091995
1334,2.6892202330263073,2.201927111892032,0.48729312113427525
1335,2.730860341116339,2.274953979641476,0.4559063614748631
1336,2.758065793155552,2.2937571240071093,0.4643086691484428
1337,2.787714817284549,2.284593264075019,0.5031215532095303
1338,2.6804102001934345,2.21017946341011,0.4702307367833245
1339,2.8290546891589194,2.370000167406361,0.45905452175255856
1340,2.761083606395308,2.294935305709421,0.46614830068588686
1341,2.6967927654222357,2.244923277531082,0.45186948789115355
1342,2.772722657961,2.320354845047704,0.452367812913296
1343,2.9894340312215553,2.5608064282689122,0.428627602952643
1344,2.696066585154264,2.254881973114216,0.4411846120400478
1345,2.790938415464012,2.318618233314088,0.4723201821499239
1346,2.7460279989081497,2.298923839306848,0.4471041596013019
1347,2.6401260412529806,2.1941147334647764,0.4460113077882042
1348,2.7068472276811564,2.236571061523426,0.4702761661577304
1349,2.8042462428600907,2.3324626776813697,0.471783565178721
1350,2.756422375676767,2.3057976446718587,0.4506247310049085
1351,2.888335950465191,2.4342457473258494,0.4540902031393417
1352,2.877030813986732,2.392207893006912,0.48482292097982027
1353,2.8153090931859177,2.343912186337187,0.4713969068487307
1354,2.903244761257278,2.4332636301270427,0.4699811311302353
1355,2.7255001749182894,2.259606805689428,0.4658933692288616
1356,2.6823164085295983,2.2162573996202277,0.4660590089093706
1357,2.7885431443871345,2.3510746804027383,0.4374684639843962
1358,2.7175371403707977,2.2618292129107407,0.45570792746005706
1359,2.8815728765343103,2.492127013857936,0.38944586267637415
1360,2.793394686787987,2.326780331881238,0.4666143549067492
1361,2.782892955440544,2.3509958882928137,0.43189706714773024
1362,2.6830618952785144,2.222455911399237,0.4606059838792773
1363,2.7865724848147355,2.3214659267721243,0.46510655804261125
1364,2.6899323059953537,2.236151352597444,0.4537809533979096
1365,2.818853243559929,2.3768085519356275,0.4420446916243015
1366,2.7671455919971777,2.2976390574870535,0.46950653451012414
1367,2.748872465360471,2.3299589993350223,0.41891346602544877
1368,2.728299774532395,2.2585309758832888,0.46976879864910615
1369,2.69866835468726,2.2779616630606636,0.42070669162659646
1370,2.6783401761603485,2.2140888365922273,0.46425133956812115
1371,2.919943014676411,2.494690954928777,0.42525205974763436
1372,2.68859815163412,2.2437448401245454,0.44485331150957474
1373,2.8112257450689686,2.3675160386548844,0.44370970641408425
1374,2.722526438414453,2.2654771089416332,0.45704932947281973
1375,2.8062691504458175,2.3653771793163263,0.4408919711294912
1376,2.829859627845426,2.393338129305186,0.43652149854024014
1377,2.705843361417802,2.2681665710658927,0.43767679035190943
1378,2.7357735810431545,2.2697710071645614,0.4660025738785931
1379,2.971542078942298,2.587889550437285,0.38365252850501275
1380,2.728593683127748,2.2711845765812506,0.4574091065464976
1381,2.8379208063118275,2.3540368268601664,0.4838839794516612
1382,2.759278942907401,2.3239766560964545,0.4353022868109466
1383,2.782067515411148,2.3299602794238785,0.45210723598726954
1384,2.732676770428512,2.275487402796339,0.4571893676321732
1385,2.6820879400841955,2.2068535605808086,0.4752343795033869
1386,2.693745284596603,2.250929337346879,0.44281594724972395
1387,2.9732287872735466,2.5841749052542675,0.38905388201927904
1388,2.801388503442533,2.350194366440464,0.45119413700206934
1389,2.9783275245726015,2.599148683713659,0.3791788408589425
1390,2.7480851637319037,2.2911725829307112,0.45691258080119246
1391,2.7374299094760857,2.2911322851198164,0.4462976243562693
1392,2.788757581925338,2.3704456647192345,0.4183119172061036
1393,2.639660907401797,2.1849683711838175,0.45469253621797945
1394,2.656131120796668,2.2012841749281886,0.4548469458684794
1395,2.8571616640489634,2.404924725515396,0.4522369385335674
1396,3.076668600625193,2.7041095525197636,0.3725590481054293
1397,2.607152551724829,2.141221806819397,0.4659307449054322
1398,2.83366102801618,2.395821614941454,0.43783941307472585
1399,2.798030926088963,2.3656781262354807,0.4323527998534824
1400,2.8523288488170957,2.376163710022385,0.4761651387947108
1401,2.769692420546822,2.2999145313595766,0.4697778891872453
1402,2.7891937809173473,2.3262196542425264,0.46297412667482085
1403,2.7307670450971946,2.2604537910623725,0.47031325403482205
1404,2.754087094641189,2.300693960051615,0.45339313458957387
1405,2.8019934883425437,2.331472655197686,0.4705208331448576
1406,2.898087246887203,2.430984537333703,0.4671027095535001
1407,2.812294154640069,2.4009164891670225,0.41137766547304633
1408,2.649787334575801,2.1838250735876725,0.46596226098812865
1409,2.714735990945051,2.24541683865836,0.46931915228669085
1410,2.9777061894178143,2.566344225547628,0.4113619638701862
1411,2.871498718451665,2.4471877027089617,0.42431101574270347
1412,2.7621259117019603,2.306755891812057,0.45537001988990333
1413,2.7853958555095684,2.360755819717408,0.4246400357921605
1414,2.8649108267678156,2.4713900897972243,0.3935207369705913
1415,2.7836001956880367,2.3779151396264373,0.40568505606159944
1416,2.82821459921097,2.344538981584958,0.48367561762601197
1417,2.733899896168452,2.282486423930948,0.45141347223750383
1418,2.729959819275916,2.277041435085979,0.45291838418993713
1419,2.734322544820686,2.288588530155654,0.44573401466503215
1420,2.7069619156252784,2.2575514703409003,0.4494104452843781
1421,2.75361181686484,2.339007134793867,0.41460468207097323
1422,2.665418250602547,2.193999248182989,0.4714190024195579
1423,2.71140983587693,2.255677588251283,0.4557322476256469
1424,2.7595689129072185,2.3204550769391505,0.43911383596806797
1425,2.809094017635091,2.352794509316746,0.4562995083183452
1426,2.804476364704764,2.335767640466204,0.4687087242385597
1427,2.765466290458285,2.292036220151148,0.473430070307137
1428,2.778301062969292,2.330903622472806,0.447397440496486
1429,2.783954959828941,2.3007039671030416,0.4832509927258992
1430,2.8067475347650626,2.3809414174880166,0.425806117277046
1431,2.6779191876309008,2.222779191787187,0.4551399958437137
1432,2.6892023465852795,2.2308929152229053,0.4583094313623741
1433,2.874653477716815,2.4196916455703965,0.4549618321464184
1434,2.772237086362689,2.3258956532247526,0.4463414331379365
1435,2.82081623919922,2.373140421173658,0.4476758180255622
1436,2.743531714142324,2.2841935582162405,0.4593381559260834
1437,2.7309198751446004,2.287288283844127,0.44363159130047336
1438,2.6636892607692495,2.1911720711708758,0.47251718959837374
1439,2.7493001376381963,2.302605966677444,0.44669417096075215
1440,2.7181680752679074,2.2839276784575633,0.4342403968103441
1441,2.7437077633947466,2.2904087213218283,0.4532990420729184
1442,2.8905880173113694,2.492640082627322,0.3979479346840473
1443,2.6657113185535013,2.214797227560632,0.4509140909928693
1444,2.719445370044345,2.256677520092513,0.46276784995183196
1445,2.7805820497447216,2.295127736279968,0.48545431346475354
1446,2.691476686251929,2.2331327728401638,0.45834391341176506
1447,2.781925172800368,2.331172777002331,0.45075239579803705
1448,2.7962647734582684,2.3537301449629626,0.4425346284953058
1449,2.726495053415015,2.2968035680001386,0.42969148541487634
1450,2.954117416395638,2.5639222766735283,0.39019513972210973
1451,2.9119470886736893,2.4709415483268296,0.4410055403468598
1452,2.698908123004774,2.25594469831453,0.44296342469024363
1453,2.7876240344742036,2.348748325459154,0.4388757090150497
1454,2.7799864741837856,2.3114398933318,0.46854658085198553
1455,2.7598993708841153,2.290752623943772,0.4691467469403432
1456,2.8644750626097317,2.4357781857445038,0.42869687686522795
1457,2.8107562629711693,2.3796782751599115,0.43107798781125783
1458,2.7111656671509414,2.28212126552257,0.4290444016283712
1459,2.8362352445565016,2.34907810893967,0.4871571356168314
1460,2.6257444625535222,2.159713112215392,0.46603135033813015
1461,2.9109955770395595,2.4419696251830105,0.46902595185654894
1462,2.655956866136959,2.184658845009669,0.4712980211272897
1463,2.8617784429156314,2.4234810431997613,0.4382973997158701
1464,2.7522281780221833,2.3308737355684475,0.4213544424537359
1465,2.7216338959815345,2.251960106530572,0.4696737894509626
1466,2.7531653097601936,2.33433225327477,0.4188330564854237
1467,2.8552637049081944,2.440612932315972,0.41465077259222216
1468,2.7062111918349117,2.2727017538435237,0.43350943799138797
1469,2.85256272595621,2.4248049002464866,0.4277578257097234
1470,2.7288164082644193,2.3123873856977335,0.4164290225666858
1471,2.8101573560460986,2.3934016881581957,0.41675566788790297
1472,2.709035730850827,2.2633277248079824,0.44570800604284466
1473,2.729755738293437,2.2623024808236596,0.4674532574697774
1474,2.6386922260757792,2.1619545963239535,0.47673762975182576
1475,2.7384469492935697,2.297731807800539,0.4407151414930306
1476,2.7174891249848114,2.286392010195939,0.43109711478887247
1477,2.6744426337240643,2.2064061753847573,0.46803645833930707
1478,2.7373445361244033,2.292438316797455,0.4449062193269482
1479,2.6266856491173183,2.1762364411896473,0.45044920792767096
1480,2.8569217678767496,2.3850800799209195,0.47184168795583004
1481,2.7338920678204777,2.286853373053975,0.4470386947665026
1482,2.7055446419480678,2.2349816638706304,0.4705629780774374
1483,2.715550398196747,2.2526874156248544,0.4628629825718926
1484,2.742581358072215,2.273615448863145,0.4689659092090701
1485,2.8624691059748906,2.365012957818177,0.4974561481567137
1486,2.7324635844459677,2.2495425700504246,0.48292101439554314
1487,2.820377587250452,2.363030444281404,0.4573471429690481
1488,2.8649374217565686,2.4438077366804882,0.4211296850760804
1489,2.851093723033653,2.4134196560557784,0.4376740669778747
1490,2.6686212958883626,2.2207187413485125,0.44790255453985006
1491,2.693507598425162,2.2445725836431354,0.4489350147820268
1492,2.7197353759336558,2.2466193344200285,0.4731160415136273
1493,2.771219524432648,2.312871809429164,0.4583477150034838
1494,2.748038806892314,2.2994861259945916,0.4485526808977225
1495,2.789329710757055,2.3707701642864114,0.41855954647064353
1496,2.7582659041769477,2.2924812371454566,0.46578466703149113
1497,2.7579673705702645,2.2814932328647872,0.4764741377054773
1498,2.8434859776625503,2.4290609829725316,0.4144249946900187
1499,2.8319440765796844,2.3732126186079516,0.45873145797173276
1500,2.967533478756311,2.5328487333957295,0.43468474536058155
1501,2.785701389299113,2.319061912327327,0.46663947697178587
1502,2.7532504506439808,2.3054824369194975,0.44776801372448327
1503,2.7969831727424173,2.3359654151246327,0.4610177576177845
1504,2.9107608504980753,2.5063570742030055,0.40440377629506985
1505,2.8687930252508207,2.4450385256986027,0.423754499552218
1506,2.7659329098702408,2.2927970161780236,0.4731358936922172
1507,2.761024777114406,2.3249494649263074,0.4360753121880987
1508,2.6833151595195055,2.2125384694065424,0.4707766901129631
1509,2.8422510265014433,2.4192286869674793,0.42302233953396406
1510,2.588421761251449,2.1296951530963297,0.4587266081551191
1511,2.904340971183775,2.4603978157241286,0.44394315545964647
1512,2.7845458266851555,2.329110168015862,0.45543565866929336
1513,2.6719038753650084,2.2323381219664626,0.43956575339854576
1514,2.827204462508409,2.366806499116309,0.4603979633920998
1515,2.7434143948657086,2.2823857920118704,0.4610286028538382
1516,2.8687224943668412,2.38082978997678,0.4878927043900614
1517,2.8206617917706507,2.3683380001543357,0.452323791616315
1518,2.653877873567673,2.2019382851582816,0.4519395884093913
1519,2.7635061408751813,2.315477531903875,0.44802860897130614
1520,2.704846688748678,2.2403770827918303,0.4644696059568476
1521,2.7528400325305027,2.3073969110169137,0.445443121513589
1522,2.6644969457818255,2.213113374136457,0.4513835716453687
1523,2.809890496337584,2.3630465575325914,0.44684393880499274
1524,2.6868319087903445,2.219623325295463,0.4672085834948816
1525,2.6632970958345648,2.2221485158457197,0.44114857998884505
1526,2.770782366966394,2.3064964913190553,0.4642858756473385
1527,2.7179635233755506,2.2649197273161303,0.45304379605942025
1528,2.7562349202285557,2.280452737454322,0.4757821827742337
1529,2.8171547569186504,2.3683104962204324,0.4488442606982179
1530,2.8191853253748484,2.3578105648271683,0.4613747605476801
1531,2.7483548994198412,2.297618569545923,0.45073632987391843
1532,2.714451072344621,2.2682198794465323,0.44623119289808866
1533,2.813460967950901,2.3403695935739415,0.47309137437695936
1534,2.7305108231840483,2.2803943865699634,0.45011643661408485
1535,2.9340872229722894,2.4695291797786636,0.4645580431936258
1536,2.7252459654880705,2.281123586993136,0.44412237849493463
1537,2.8024036279930207,2.3248963342668816,0.4775072937261391
1538,2.780964570077704,2.372416538214641,0.408548031863063
1539,2.696774103682594,2.236429157521237,0.4603449461613569
1540,2.9013747299060517,2.4846896493391455,0.41668508056690623
1541,2.6470395604029493,2.199689227979941,0.44735033242300837
1542,2.698490142972368,2.228378979588598,0.47011116338377024
1543,2.7045456836479773,2.2209614579159287,0.4835842257320486
1544,2.769381202435769,2.280505754528705,0.48887544790706405
1545,2.6976811443000126,2.2466519567885257,0.4510291875114869
1546,2.625528387498741,2.1692600763318355,0.4562683111669057
1547,2.9538419583444337,2.505013354205092,0.4488286041393419
1548,2.683150878522112,2.213792209068121,0.4693586694539911
1549,2.807022420168266,2.383080180772493,0.4239422393957728
1550,2.8324113368339736,2.373970021784757,0.4584413150492166
1551,2.819496748809633,2.348758349865738,0.47073839894389513
1552,2.830345982079204,2.3704115517910425,0.4599344302881616
1553,2.705443709413408,2.2530211321441813,0.4524225772692265
1554,2.6812918991711903,2.221634745777228,0.4596571533939624
1555,2.7345260352482383,2.3040213918112076,0.43050464343703077
1556,2.6494762309491415,2.1998121816884595,0.44966404926068204
1557,2.7823733920086444,2.3361103039328506,0.44626308807579385
1558,2.75501161771794,2.3074661273719745,0.44754549034596547
1559,2.6618201662676744,2.2279453522547517,0.4338748140129227
1560,2.6782027642370543,2.2117419939071774,0.4664607703298769
1561,2.6732562013093357,2.2149264923783667,0.458329708930969
1562,2.7561795440545644,2.3018335896553244,0.4543459543992401
1563,2.9026046891703556,2.4513634128133712,0.4512412763569844
1564,2.7366631366704177,2.2742571076436207,0.46240602902679706
1565,2.7329351904767365,2.2504313992142544,0.4825037912624821
1566,2.8042962118574666,2.3464872883024386,0.457808923555028
1567,2.7280992682624223,2.268937909667912,0.45916135859451046
1568,2.6981406405435955,2.2463514690410378,0.4517891715025577
1569,2.9370532946046475,2.4942102757168145,0.44284301888783295
1570,2.644881176913725,2.2041917238907307,0.4406894530229941
1571,2.672096937716403,2.216626035483723,0.45547090223268016
1572,2.859000196294747,2.4150920666570186,0.4439081296377285
1573,2.8642623332557573,2.4698418559176742,0.39442047733808305
1574,2.831258174142198,2.3495822176230003,0.4816759565191977
1575,2.697404312262495,2.244061448823435,0.45334286343905994
1576,2.7920896176272754,2.359556645633827,0.43253297199344853
1577,2.7220691352232493,2.280254270882037,0.4418148643412123
1578,2.692684174007158,2.2150915928773522,0.4775925811298056
1579,2.8583988980432933,2.39124109340299,0.4671578046403031
1580,3.046061696714635,2.6523184166396168,0.393743280075018
1581,2.775827846787982,2.2970173816100563,0.4788104651779257
1582,2.6539261051743077,2.198234193444948,0.45569191172935986
1583,2.7133874069605644,2.258903426057304,0.45448398090326014
1584,2.6241134987191597,2.161389915584743,0.46272358313441675
1585,2.7621273166161355,2.297434789310402,0.4646925273057336
1586,2.614446292088001,2.1566272170158935,0.4578190750721074
1587,2.753952574456422,2.300924160243693,0.45302841421272877
1588,2.9909388792975635,2.6071791553890007,0.38375972390856283
1589,2.7714695836553145,2.309837991771342,0.4616315918839726
1590,2.863471392873584,2.38571072104409,0.4777606718294938
1591,2.830763122490918,2.389073381802277,0.44168974068864086
1592,2.624793125210057,2.175612579618383,0.44918054559167375
1593,2.7443663229644297,2.300934831266238,0.44343149169819185
1594,2.7096336335879254,2.2406306316793208,0.46900300190860467
1595,2.8008795280194896,2.330170380067608,0.4707091479518817
1596,2.8391749045332526,2.3882825591879295,0.4508923453453231
1597,2.772603323681372,2.3571692791538132,0.41543404452755883
1598,2.640629326810483,2.1657304708277554,0.4748988559827274
1599,2.7597365206065003,2.3510096951277255,0.4087268254787748
1600,2.8139127758596425,2.3718099742725736,0.44210280158706894
1601,2.692228936269685,2.2412472512079877,0.4509816850616972
1602,2.6889841134038304,2.259151059709253,0.4298330536945776
1603,2.707503047029924,2.2529268314615885,0.4545762155683355
1604,2.7386374847840433,2.2820284075551003,0.45660907722894306
1605,2.7783156593131975,2.3227512988123147,0.4555643605008828
1606,2.835100582843495,2.4461716012428436,0.38892898160065137
1607,2.841894739491326,2.3629690127975054,0.4789257266938205
1608,2.7549704290944224,2.286339623073833,0.4686308060205895
1609,2.6346077620362816,2.192240452935182,0.44236730910109934
1610,2.8284232201957944,2.40518310414732,0.4232401160484742
1611,2.7137739751979977,2.2507656034250663,0.4630083717729314
1612,2.677703658791516,2.2260562874677445,0.45164737132377164
1613,2.621895468595361,2.154488016141448,0.46740745245391313
1614,2.945021474258142,2.500602382136455,0.44441909212168706
1615,2.700155785603976,2.2320991311698033,0.4680566544341729
1616,2.8162088819954882,2.379986392098006,0.436222489897482
1617,2.7299274133038613,2.263041359316915,0.46688605398694616
1618,2.707193733154579,2.258953430581671,0.4482403025729078
1619,2.859309167150694,2.3955442046951525,0.46376496245554133
1620,2.7098179644427507,2.2719132053187505,0.4379047591240002
1621,2.6517335808140157,2.2032026971833543,0.4485308836306614
1622,2.807531729558051,2.3320514024539634,0.4754803271040875
1623,2.9628231607697284,2.5605592977368263,0.40226386303290207
1624,2.8095480331062768,2.3679886186678654,0.4415594144384114
1625,2.7453831319910518,2.302820558668207,0.4425625733228449
1626,2.781787691293579,2.3503832135416256,0.43140447775195323
1627,2.754166051378132,2.297031070230115,0.457134981148017
1628,2.9905625663231743,2.6004036066777876,0.3901589596453867
1629,2.6522631051928545,2.19666613663297,0.45559696855988463
1630,2.8380859445383284,2.4264342324477726,0.41165171209055584
1631,2.7253552725306114,2.2833744780768255,0.4419807944537859
1632,2.8201084930444607,2.3737923228633,0.44631617018116065
1633,2.8902713172827315,2.47308653490828,0.41718478237445167
1634,2.7270895857414144,2.271112890460377,0.45597669528103735
1635,2.7417083370860627,2.2872667328881136,0.4544416041979491
1636,2.7632932547548243,2.2831596752700865,0.4801335794847379
1637,2.716812433091118,2.258052977625487,0.4587594554656311
1638,2.884493141079439,2.4490841767313083,0.4354089643481309
1639,2.7137647683806736,2.2403410324784248,0.47342373590224884
1640,2.8966023059083277,2.479277229104966,0.41732507680336184
1641,2.697557340778196,2.2248021816820316,0.4727551590961645
1642,2.702344315272597,2.26006433905743,0.442279976215167
1643,2.8208107473867265,2.3701146264010085,0.4506961209857181
1644,2.7186966991965074,2.246308255376878,0.4723884438196295
1645,2.8146524121218763,2.3536953418765147,0.4609570702453616
1646,2.9498125162865265,2.5429377296527234,0.40687478663380316
1647,2.870432918391666,2.3934343349405323,0.47699858345113366
1648,2.813242901769443,2.3737616809811612,0.43948122078828167
1649,2.750861040400288,2.247643846994681,0.5032171934056069
1650,2.687562353966037,2.218802294298954,0.46876005966708334
1651,2.629038284882452,2.1690530895613427,0.45998519532110915
1652,2.789087969102694,2.3177851346713814,0.4713028344313126
1653,2.8519472488724316,2.4379287745220872,0.41401847435034433
1654,2.7970658346064687,2.3512383680291875,0.44582746657728123
1655,2.8769266525710466,2.4781638427058725,0.3987628098651741
1656,2.6228870538616027,2.1711926415657232,0.4516944122958795
1657,2.6210328294765066,2.1486956319817607,0.4723371974947459
1658,2.8867453382789483,2.3967592665845,0.4899860716944482
1659,2.81501249281995,2.38138536357346,0.43362712924648994
1660,2.729963614125708,2.29868635232081,0.43127726180489834
1661,2.6563096875963166,2.200567538627212,0.4557421489691045
1662,2.7758335829876466,2.318701880359996,0.4571317026276507
1663,2.6265330525396937,2.180424285421241,0.44610876711845293
1664,2.7381202785060816,2.2979195717049423,0.4402007068011393
1665,2.7174004616564456,2.249483922395888,0.46791653926055776
1666,2.679466771636215,2.209977478426721,0.46948929320949384
1667,2.694611938752238,2.263597585961579,0.4310143527906587
1668,2.777860188046913,2.3488002007860804,0.4290599872608327
1669,2.862939043037931,2.4423543813521036,0.4205846616858273
1670,2.722384263202482,2.243867207959882,0.4785170552425999
1671,2.850592347619526,2.420092528653183,0.43049981896634293
1672,2.8157016815543114,2.3587557210595143,0.4569459604947972
1673,2.734033269001254,2.2562221604764057,0.4778111085248482
1674,2.712660960911657,2.275547685670872,0.4371132752407849
1675,2.6858232840216605,2.2356292118531296,0.4501940721685309
1676,2.979579129622284,2.5781766434272715,0.40140248619501273
1677,2.7724621096799913,2.3395527431024314,0.43290936657755985
1678,2.7581631560239916,2.3174483974425453,0.4407147585814464
1679,2.7610925390191254,2.312783285734861,0.4483092532842643
1680,2.664793010624371,2.1919452693639876,0.47284774126038354
1681,2.826354576561319,2.374628206718869,0.45172636984244985
1682,2.7453646806663334,2.2664766946371278,0.4788879860292057
1683,2.701843570927932,2.2545694155693483,0.4472741553585835
1684,2.6601356922591055,2.1952505861966083,0.4648851060624972
1685,2.7266282346481714,2.2950874805865893,0.4315407540615821
1686,2.835976076057523,2.377319629213575,0.458656446843948
1687,2.72564873365456,2.287646714114726,0.43800201953983375
1688,2.7514774291766853,2.2965883920847308,0.4548890370919545
1689,2.696858783793781,2.263509345132543,0.4333494386612382
1690,2.963435085753613,2.562114801479138,0.4013202842744752
1691,2.769355905013879,2.3074800007757656,0.4618759042381133
1692,2.725674289477655,2.2450557516384437,0.48061853783921116
1693,2.7305496467218813,2.246553342131541,0.4839963045903404
1694,2.8916683668352863,2.454424541270902,0.43724382556438446
1695,2.7606075089813955,2.3166879250904966,0.4439195838908989
1696,2.91993792791549,2.490318734464206,0.42961919345128363
1697,2.7913792514631117,2.314145956980306,0.4772332944828057
1698,2.8727628344771263,2.389442437737099,0.48332039674002747
1699,2.8099378143337757,2.339915842591145,0.47002197174263083
1700,2.7507959856094484,2.281024879944197,0.4697711056652514
1701,2.6409332086476267,2.170662849126773,0.4702703595208537
1702,2.8716434680533136,2.4099557494201016,0.461687718633212
1703,2.679042695141217,2.2176510798236575,0.46139161531755946
1704,2.7957988318870535,2.343903604140061,0.4518952277469923
1705,2.960418337010574,2.5491366471992807,0.4112816898112932
1706,2.8664915147876733,2.384035778815448,0.48245573597222524
1707,2.8727373709927653,2.4624434062570812,0.410293964735684
1708,2.7480225715292663,2.2632975596459812,0.4847250118832851
1709,2.9101035416250323,2.508257017059985,0.4018465245650473
1710,2.784742506569766,2.309526265373037,0.47521624119672934
1711,2.9245429507916048,2.4636266642024327,0.46091628658917205
1712,2.7206429374375762,2.2390928623633126,0.4815500750742636
1713,2.7056921004753134,2.2655167255913753,0.4401753748839381
1714,2.9218313963351976,2.4656227632733154,0.4562086330618822
1715,2.8486579465823443,2.3957718318189345,0.4528861147634098
1716,2.7858720338575154,2.343139289217543,0.44273274463997225
1717,2.7446401081454423,2.280666457339481,0.4639736508059613
1718,2.9123849393545664,2.4708627153789093,0.4415222239756571
1719,2.7562595489425665,2.3027802503837274,0.4534792985588392
1720,2.6451268866961706,2.199748253990587,0.44537863270558375
1721,2.6849124377186353,2.2132503277681157,0.4716621099505196
1722,2.7743671820787306,2.2974005705399203,0.47696661153881026
1723,2.7530055107858873,2.283063651313336,0.4699418594725513
1724,2.665775143322026,2.232358358913593,0.4334167844084327
1725,2.8476721299402716,2.4001635138283377,0.44750861611193393
1726,2.7013816448808714,2.2478592096787087,0.45352243520216273
1727,2.726248055916003,2.2585829724495365,0.4676650834664664
1728,2.8467295188236315,2.3954460046106445,0.45128351421298696
1729,2.696011514056094,2.253091268944634,0.44292024511146
1730,2.8826621668929424,2.433994675493748,0.4486674913991946
1731,2.7467205629709492,2.3029651031592997,0.44375545981164954
1732,2.705722145769176,2.2761337961722528,0.42958834959692327
1733,2.7439140835666382,2.2664795173732095,0.4774345661934287
1734,2.628539809671085,2.1913329719344237,0.43720683773666114
1735,2.69925846871272,2.2621797322056643,0.43707873650705586
1736,2.6681586972099818,2.229096873025268,0.43906182418471396
1737,2.702779499930096,2.263045769647933,0.4397337302821631
1738,2.775268000088441,2.323647741766506,0.4516202583219351
1739,2.7958431786698115,2.3386556217982517,0.45718755687155976
1740,2.6640059691925204,2.1944268602100463,0.4695791089824741
1741,2.8321228196903396,2.3850336150095752,0.4470892046807644
1742,2.748159380276302,2.2632150415864447,0.4849443386898571
1743,2.665505498186347,2.2207817486226307,0.4447237495637162
1744,2.6769183358109743,2.2104875553259324,0.46643078048504183
1745,2.8312420881733917,2.4118216212697443,0.4194204669036474
1746,2.7234628985709826,2.269573601741497,0.45388929682948564
1747,2.816972911991304,2.36042263047307,0.45655028151823407
1748,2.710517303392539,2.2349993775219974,0.47551792587054154
1749,2.89998097495063,2.485469306703643,0.4145116682469867
1750,2.8808398779569493,2.469387598915066,0.4114522790418831
1751,2.8474363903461595,2.4019943052443518,0.4454420851018077
1752,2.6656792091251287,2.213003533215922,0.45267567590920654
1753,2.6673578858971325,2.2125333709147994,0.4548245149823331
1754,2.7678416000265473,2.294379000267451,0.4734625997590962
1755,2.714269145772718,2.239990135915176,0.474279009857542
1756,2.8827698388575116,2.48485096297504,0.39791887588247166
1757,2.7730002214696814,2.3042288513066285,0.4687713701630529
1758,2.699763850126573,2.2560164133771425,0.4437474367494305
1759,2.632516022358133,2.19216994787605,0.44034607448208307
1760,2.6726912593626833,2.2206284152828686,0.4520628440798147
1761,2.711637571402068,2.275822986231687,0.43581458517038074
1762,2.6942867294758557,2.2685576734644384,0.4257290560114173
1763,2.9785051437047367,2.543788440898144,0.4347167028065928
1764,2.7249338739825206,2.297061137620012,0.42787273636250855
1765,2.8007673227607963,2.32737404534471,0.4733932774160863
1766,2.683862405255074,2.214589159671058,0.46927324558401606
1767,2.6917551277996816,2.2128742602728204,0.4788808675268612
1768,2.8552105711212854,2.417875979029409,0.4373345920918763
1769,2.8556353294299592,2.4510814737914015,0.4045538556385577
1770,2.6209720003966677,2.144168983572785,0.4768030168238826
1771,2.6919359613842135,2.2058449001829383,0.4860910612012752
1772,3.0455496117958822,2.6655829714846804,0.37996664031120186
1773,2.634619275206536,2.174496708435746,0.46012256677079
1774,2.8769893383366107,2.404613781145605,0.47237555719100577
1775,2.8552482497175995,2.396855982478569,0.45839226723903037
1776,2.666982058373548,2.2313760384142656,0.4356060199592826
1777,2.7565609008080774,2.31320616893863,0.4433547318694475
1778,2.7266008799765054,2.2686159457948682,0.4579849341816371
1779,2.9775209037508006,2.5544541833182026,0.42306672043259796
1780,2.9463807848933365,2.532586647506718,0.41379413738661874
1781,2.6849365408843537,2.2287925028214124,0.45614403806294135
1782,2.891117785372202,2.4868417133518945,0.40427607202030735
1783,2.760757024447588,2.288761464217107,0.47199556023048084
1784,2.9236650910510007,2.4717790905209434,0.45188600053005734
1785,2.6734715124530943,2.19636231283836,0.4771091996147345
1786,2.758984120711483,2.3102103866804065,0.44877373403107645
1787,2.7507447352005205,2.3379468491582958,0.4127978860422248
1788,2.6436472392345896,2.18296767947902,0.46067955975556973
1789,2.7630473615623825,2.314535029822398,0.4485123317399844
1790,2.7282739262406492,2.2765019455037603,0.45177198073688896
1791,2.6839968230632474,2.2111580012538656,0.47283882180938175
1792,2.681761248165477,2.229247956867423,0.45251329129805384
1793,2.7197042358370798,2.252681947468713,0.46702228836836657
1794,2.645719062291395,2.1937441534708793,0.4519749088205156
1795,2.697380866024567,2.234747030890502,0.46263383513406486
1796,2.7231809373003504,2.2682396966181515,0.4549412406821989
1797,2.8455066786051337,2.3884097519458276,0.4570969266593061
1798,2.681626227162902,2.218677101717919,0.4629491254449829
1799,2.719674847394175,2.286459102618008,0.4332157447761671
1800,3.0212230574635446,2.58986253389062,0.43136052357292476
1801,2.8717443336604096,2.4298195707517336,0.441924762908676
1802,2.844861640774623,2.418384695646057,0.42647694512856615
1803,2.7181829701590385,2.256875133652739,0.4613078365062995
1804,2.808022500875895,2.366990449702798,0.44103205117309674
1805,2.765278802545381,2.2959524695245594,0.4693263330208217
1806,2.870709047703471,2.4530062775919914,0.4177027701114797
1807,2.9162978032583418,2.4871789989904647,0.4291188042678771
1808,2.765064504423621,2.3036258978964126,0.46143860652720825
1809,2.83642679031401,2.43280535524123,0.40362143507278025
1810,2.9527495043180028,2.512704039335232,0.440045464982771
1811,2.8813072135159152,2.4279476604356867,0.45335955308022857
1812,2.8148533119588497,2.387485200281376,0.4273681116774739
1813,2.7275945543959637,2.2831915903809077,0.44440296401505597
1814,2.7665423890811884,2.332504215104515,0.4340381739766732
1815,2.862671525732595,2.4066757686456763,0.45599575708691864
1816,2.745678414467337,2.303765422004261,0.441912992463076
1817,2.690967001225395,2.2240839507870622,0.4668830504383328
1818,2.740690607517119,2.303015047269698,0.43767556024742094
1819,3.013179957017589,2.5588563105949897,0.45432364642259904
1820,2.694540481885567,2.229131858274099,0.46540862361146784
1821,2.8167955792654,2.359989827306479,0.45680575195892104
1822,2.8617527659086446,2.4430591839972706,0.41869358191137396
1823,2.7735486936967657,2.324578526082502,0.4489701676142639
1824,2.741769554501699,2.266025519721786,0.4757440347799129
1825,2.840078121392969,2.3871402543484943,0.4529378670444748
1826,2.7058653925937874,2.246905542926186,0.4589598496676013
1827,2.8510478215441495,2.4006874605238955,0.450360361020254
1828,2.736696206512448,2.303837681495288,0.43285852501715993
1829,2.75303178432192,2.31505094611049,0.4379808382114301
1830,2.659948722707859,2.1917194157341187,0.4682293069737402
1831,2.6911717805458806,2.2023969867364053,0.4887747938094753
1832,3.019925245081812,2.5658920375944247,0.4540332074873872
1833,2.791719566014984,2.3402959072788465,0.4514236587361373
1834,2.7971727151203765,2.3709676555735335,0.42620505954684296
1835,2.919721371114613,2.521344274531935,0.39837709658267784
1836,2.641042344700523,2.1963592471764195,0.4446830975241034
1837,2.6943399859691826,2.242589494575087,0.45175049139409573
1838,2.7163750509694324,2.273484662401416,0.44289038856801666
1839,2.667766244878936,2.224590581692035,0.44317566318690105
1840,2.7826836825300734,2.321309678094935,0.4613740044351382
1841,2.732907047594022,2.2910609156819604,0.4418461319120617
1842,2.8219611020503788,2.3691751674898978,0.452785934560481
1843,2.8499577710214465,2.4104071288647613,0.43955064215668527
1844,2.668738394367921,2.200607995469515,0.4681303988984058
1845,2.951012718978192,2.4857986534171648,0.4652140655610273
1846,2.69703381639655,2.250079119944815,0.44695469645173524
1847,2.722219590393807,2.289648106805865,0.43257148358794195
1848,2.718648454885466,2.2688138147011814,0.44983464018428476
1849,2.7079548867063776,2.228964108066573,0.47899077863980466
1850,2.7356115056914274,2.2845578504916286,0.4510536551997988
1851,2.6594270620345952,2.1889359475530625,0.4704911144815327
1852,2.8089773934460505,2.3180627375485052,0.49091465589754524
1853,2.6820948618975544,2.2179020000665313,0.46419286183102315
1854,2.8405545415665343,2.3857174329365005,0.4548371086300338
1855,2.7476471376581766,2.316741502763931,0.4309056348942457
1856,2.7917799455405685,2.3248674557040485,0.46691248983652
1857,2.700760569735287,2.2559044550587033,0.4448561146765839
1858,2.825151548750472,2.3724509099500266,0.45270063880044553
1859,2.748434788816323,2.2999234151292303,0.4485113736870927
1860,2.777186796488652,2.3181678974581477,0.4590188990305042
1861,2.7490044343967996,2.2964874983887316,0.4525169360080681
1862,2.6432701666103307,2.184735720523449,0.45853444608688143
1863,2.644490927984103,2.1608283107060666,0.4836626172780365
1864,2.8659640067622623,2.4316194439226653,0.434344562839597
1865,2.809608311522946,2.365858980578528,0.44374933094441804
1866,2.740169056601888,2.2646595876192417,0.47550946898264623
1867,2.723422619654287,2.2516210979278006,0.47180152172648615
1868,2.7551554887288012,2.325849296207193,0.4293061925216084
1869,2.6545377500705127,2.2014819255081646,0.45305582456234816
1870,2.7291073277450586,2.267393719836716,0.4617136079083428
1871,2.877611072667715,2.4346538191558444,0.44295725351187043
1872,2.7344429947058333,2.245989744617485,0.4884532500883485
1873,2.608783036595374,2.136053385169782,0.4727296514255923
1874,2.7811832964617538,2.3447387327208875,0.43644456374086626
1875,2.7907779042739316,2.302986056772817,0.4877918475011147
1876,2.6659674125423516,2.1969404238430665,0.46902698869928505
1877,2.6772442562241205,2.195762012100637,0.4814822441234834
1878,2.608022356664665,2.140150761647553,0.4678715950171122
1879,2.711243451259774,2.281353372693069,0.429890078566705
1880,2.762609501647859,2.2918670714018567,0.4707424302460024
1881,2.7845995925278375,2.3581024318291903,0.4264971606986472
1882,2.899600177411287,2.4399894976900054,0.45961067972128156
1883,2.7936796746493138,2.3811408374623153,0.41253883718699846
1884,2.705190787766677,2.2604910288328703,0.44469975893380687
1885,2.842970478212717,2.4147730982722884,0.42819737994042883
1886,2.7135676777002162,2.245593322817366,0.4679743548828501
1887,2.774157016973647,2.3099244698893093,0.4642325470843378
1888,2.7491580121453887,2.313028164945685,0.4361298471997035
1889,2.712948227297859,2.255067085601538,0.4578811416963213
1890,2.9002556090923677,2.4098021717166604,0.49045343737570724
1891,2.8247617379094025,2.4003934063101764,0.42436833159922616
1892,2.920091178672163,2.4768446697227495,0.44324650894941353
1893,2.7458982319606333,2.2497984978704673,0.49609973409016606
1894,2.894420885598272,2.4596206801736873,0.43480020542458453
1895,2.7486952790821415,2.28483865763837,0.4638566214437714
1896,2.670716893995323,2.2090045028267142,0.46171239116860896
1897,2.7039781251967905,2.236416822757024,0.46756130243976646
1898,2.7847959795460016,2.348893989083371,0.43590199046263045
1899,2.8245961821740653,2.4291454126230505,0.39545076955101477
1900,2.8388290352506282,2.412741303167662,0.42608773208296613
1901,2.7706043640907816,2.344670956783088,0.42593340730769347
1902,3.038249631983238,2.5963415500123146,0.44190808197092357
1903,2.6450061608231272,2.185268028461137,0.45973813236199
1904,2.7251161087838827,2.2497298912253085,0.47538621755857413
1905,2.7848436142124218,2.2965914894561297,0.4882521247562921
1906,2.8107163437849723,2.369217307812004,0.44149903597296847
1907,2.789612222087214,2.325527936108842,0.4640842859783718
1908,2.7249338770731266,2.2523152435797806,0.472618633493346
1909,2.77855384888864,2.3588572358897624,0.4196966129988775
1910,2.7830623777451424,2.341361790789234,0.4417005869559083
1911,2.7654920499879383,2.3638456131930115,0.40164643679492684
1912,2.847066759294623,2.3883881470250943,0.4586786122695288
1913,2.6829620142823103,2.250563124825594,0.43239888945671634
1914,2.6932788315325054,2.2139723466550105,0.47930648487749483
1915,2.738696900816854,2.2877127881054395,0.4509841127114145
1916,2.8483976267318396,2.418949548588007,0.42944807814383257
1917,2.8288700915731813,2.357537506197739,0.4713325853754422
1918,2.995047538769924,2.5351415373754347,0.4599060013944891
1919,2.845462585113514,2.4299146349344043,0.4155479501791097
1920,2.7741153504890295,2.322224781530616,0.4518905689584134
1921,2.7104395170440942,2.248651264069065,0.46178825297502923
1922,2.6292919217661135,2.154669841646762,0.4746220801193517
1923,2.754680903845076,2.2779199617239483,0.47676094212112785
1924,2.8522728433876487,2.377092086131435,0.47518075725621367
1925,2.7085958458533272,2.2611994955644046,0.44739635028892266
1926,2.786324727373707,2.3484456089920984,0.43787911838160865
1927,2.7073273523279813,2.2467050733488074,0.46062227897917385
1928,2.7938763956265653,2.332263244028795,0.46161315159777017
1929,2.7013912865377057,2.2507947012447582,0.45059658529294744
1930,2.766090483877029,2.3012861266598086,0.46480435721722024
1931,2.8969166395732113,2.3900921802776876,0.5068244592955238
1932,2.859077073745389,2.4190441932019957,0.4400328805433933
1933,2.677291566587951,2.2015291766756278,0.47576238991232334
1934,2.8220759833593183,2.4208594951868387,0.40121648817247957
1935,2.7369133006261515,2.309084651695376,0.42782864893077566
1936,2.8048020373608455,2.3090872485350817,0.4957147888257638
1937,2.899528846697803,2.4512681028103036,0.4482607438874995
1938,2.720950368020971,2.2706567295478504,0.45029363847312043
1939,2.667290361564089,2.192661253816296,0.47462910774779266
1940,2.705231920970809,2.2475520073532294,0.45767991361757954
1941,2.7492795600685906,2.305645475112772,0.4436340849558187
1942,2.6882123806296785,2.2138437167390506,0.47436866389062793
1943,2.7039897715366963,2.22686131470375,0.47712845683294614
1944,2.7890551073290526,2.335198668460178,0.4538564388688746
1945,2.7484013662980122,2.3076903944423446,0.44071097185566765
1946,2.721142018693318,2.264620716665956,0.45652130202736174
1947,2.6928894466400584,2.222416289674204,0.47047315696585423
1948,2.696777983396392,2.2484013123600364,0.4483766710363555
1949,2.6392216649444733,2.182205919293204,0.45701574565126935
1950,2.7846061826957196,2.311419394178764,0.4731867885169554
1951,2.7823147956144867,2.317000258207914,0.4653145374065728
1952,2.7893210815648657,2.3488396066902877,0.440481474874578
1953,2.6853032244144286,2.2137345340637165,0.47156869035071214
1954,2.7671350345137062,2.316035547538105,0.4510994869756013
1955,2.8125957976856286,2.355115737916879,0.45748005976874984
1956,2.7807469590739395,2.3615074377330036,0.4192395213409359
1957,2.675998000974789,2.2323070005394254,0.4436910004353636
1958,2.8508156957963346,2.416623470704689,0.4341922250916457
1959,2.763540949900556,2.342317382339795,0.42122356756076096
1960,2.976093042052197,2.5665169924604956,0.40957604959170135
1961,2.8532287816451944,2.405417203370072,0.44781157827512263
1962,2.8138068211592775,2.332154503056266,0.48165231810301146
1963,3.113181253216435,2.768869905373556,0.34431134784287876
1964,2.7774279002796054,2.358519627391592,0.4189082728880136
1965,2.778250740725484,2.327903442954433,0.45034729777105076
1966,2.8236607162444156,2.375508100854367,0.4481526153900486
1967,2.982283427784424,2.5812114341308146,0.40107199365360957
1968,2.721053053075265,2.2740588632356626,0.4469941898396024
1969,2.930962446469806,2.5481359099543726,0.3828265365154335
1970,2.7763344350849724,2.327381792811226,0.4489526422737464
1971,2.756317331672089,2.288401499090675,0.4679158325814141
1972,2.6867308790348807,2.2463330736216665,0.44039780541321427
1973,2.7601432520002045,2.2927990665038607,0.4673441854963438
1974,2.7596214009994307,2.3170941487145424,0.4425272522848882
1975,2.7264229974242395,2.25466874932219,0.47175424810204936
1976,2.7299717200660933,2.2723389512950942,0.4576327687709991
1977,2.755123179190928,2.3197647419723406,0.43535843721858747
1978,2.79428397248541,2.343137747857755,0.4511462246276552
1979,2.7761631164470035,2.3335288050322016,0.4426343114148019
1980,2.8549274854113658,2.440368057311091,0.4145594281002749
1981,2.887021067594798,2.4920442176665127,0.3949768499282853
1982,2.900640021526519,2.478756806661687,0.42188321486483193
1983,2.7837148976893777,2.3293118702564843,0.4544030274328934
1984,2.78572602308844,2.317034354954089,0.46869166813435115
1985,2.654037869420447,2.1875660800245127,0.46647178939593426
1986,2.6947412466316156,2.2441471912637163,0.4505940553678993
1987,2.881334430360528,2.4334188838235895,0.44791554653693844
1988,2.8570742701214864,2.3984231514571777,0.45865111866430874
1989,2.7916947426879886,2.353161217935277,0.43853352475271157
1990,2.7888056617154118,2.3389269841804454,0.44987867753496635
1991,2.907733056268179,2.4544696132232673,0.4532634430449116
1992,2.8222841255445417,2.3906985491158905,0.43158557642865114
1993,2.7337209121403583,2.279875557255277,0.45384535488508115
1994,2.7638850584846444,2.3140993211532885,0.44978573733135585
1995,2.9006552981313027,2.454350979263755,0.44630431886754796
1996,2.6618141428057673,2.202684315223915,0.4591298275818523
1997,2.783712782281942,2.323287152198694,0.46042563008324766
1998,2.7665851539960857,2.306152627428728,0.46043252656735767
1999,2.747506075911053,2.3162475498850963,0.4312585260259567
2000,2.8081873359083525,2.3477188817559345,0.460468454152418
2001,2.732035768395643,2.2679733546961587,0.4640624136994842
2002,2.6805068057491335,2.2265972297645544,0.45390957598457904
2003,2.8678318817332005,2.45346474520648,0.4143671365267205
2004,2.8342224660187205,2.3936833189702043,0.44053914704851627
2005,2.8498619694354352,2.428257279200288,0.42160469023514713
2006,2.8231731097239896,2.379786669072009,0.4433864406519805
2007,2.7822899714368776,2.334807856213725,0.44748211522315273
2008,2.7853662031350948,2.3826039375592116,0.4027622655758831
2009,2.6945339272818827,2.250748025033493,0.4437859022483899
2010,2.802108432782457,2.3522253788438996,0.44988305393855743
2011,2.76364555310107,2.2779171367510522,0.48572841635001796
2012,2.832067561942955,2.349891113098971,0.48217644884398414
2013,2.9413074224748774,2.487382020431056,0.45392540204382126
2014,2.8801840071302727,2.4318942978134563,0.44828970931681633
2015,2.696369130251323,2.257602291495036,0.43876683875628686
2016,2.735881271826654,2.272563049281907,0.4633182225447472
2017,2.8733988363829983,2.4215620359861485,0.4518368003968498
2018,2.8512901195015234,2.421118568719055,0.4301715507824686
2019,2.9800726078464126,2.6046506954624804,0.3754219123839322
2020,2.795421635860565,2.3170807064599193,0.47834092940064554
2021,2.628732103251602,2.163557238287776,0.46517486496382565
2022,2.7706368064102125,2.3010047568180094,0.46963204959220306
2023,2.659319796893161,2.2038920472600023,0.45542774963315846
2024,2.7485868876197532,2.2650958158085546,0.48349107181119866
2025,2.639436486061872,2.17154039346575,0.46789609259612197
2026,2.706170564343726,2.2433036851518646,0.46286687919186154
2027,2.7777435019901584,2.3147099332388494,0.46303356875130897
2028,2.7067470166468164,2.245384096418732,0.46136292022808423
2029,2.660865799268013,2.1737732953551365,0.4870925039128764
2030,2.639512482497161,2.1858190904952433,0.45369339200191794
2031,2.749339560536625,2.288378711776087,0.4609608487605379
2032,2.931895561243529,2.4778536017125194,0.45404195953100945
2033,2.64463768909892,2.172326394620913,0.47231129447800724
2034,2.96777853961551,2.533999904637408,0.4337786349781019
2035,2.6755873256247034,2.2353845403780745,0.4402027852466288
2036,2.6971137121659217,2.2402280373762453,0.45688567478967634
2037,2.683193174962505,2.204929381522529,0.47826379343997605
2038,2.648299656906794,2.177652319332032,0.47064733757476196
2039,2.7694894081994788,2.296035815574095,0.47345359262538356
2040,2.815525635550894,2.3488708072743263,0.4666548282765679
2041,2.760845844607184,2.295542536584423,0.4653033080227611
2042,2.811124296862041,2.3347469506315215,0.47637734623051964
2043,2.7863376529452566,2.329515978694179,0.4568216742510778
2044,2.8671291996041877,2.4611453573148565,0.40598384228933115
2045,2.7326319659994187,2.255834051497972,0.47679791450144693
2046,2.825955304217715,2.3846569062914664,0.4412983979262486
2047,2.755881114958641,2.2740494081786324,0.4818317067800084
2048,2.7398902743423847,2.2661984535651643,0.4736918207772205
2049,2.8170972108586296,2.308498938170923,0.5085982726877067
2050,2.771072174003973,2.31696790543085,0.45410426857312336
2051,2.777693731733225,2.312611893309769,0.4650818384234561
2052,2.7724414512745605,2.2863441771517996,0.48609727412276094
2053,2.8373766145569155,2.4151100469208737,0.42226656763604176
2054,2.8513176102074813,2.3748850181916157,0.47643259201586563
2055,2.6761088727438334,2.209616459798119,0.4664924129457142
2056,2.880176582547526,2.45131580962664,0.42886077292088576
2057,2.653763516670653,2.205571287694062,0.44819222897659117
2058,2.8287708981916095,2.392310032644396,0.43646086554721375
2059,2.780651729763724,2.3394170507344625,0.4412346790292614
2060,2.7256651984966513,2.28062674491697,0.4450384535796812
2061,2.665412118109634,2.2290938000790006,0.43631831803063337
2062,2.80769502898469,2.3267672865880185,0.4809277423966716
2063,2.8197988908981997,2.3879819925583807,0.43181689833981896
2064,3.01893334554426,2.6070962972072977,0.4118370483369622
2065,2.6978090542839506,2.273010257931555,0.4247987963523956
2066,2.710846701153026,2.2563422066678336,0.45450449448519237
2067,2.775663582745954,2.31829342653016,0.45737015621579413
2068,2.755520039315564,2.3223209860980547,0.4331990532175092
2069,2.909154110862276,2.515859232019496,0.3932948788427799
2070,2.863677179922935,2.4270805404398454,0.43659663948308935
2071,2.7874814857560177,2.328887307018464,0.4585941787375538
2072,2.7330231935275613,2.2603749223561596,0.47264827117140173
2073,2.6163056210541344,2.1682589291707175,0.44804669188341695
2074,2.692959526386985,2.252535258665211,0.44042426772177423
2075,2.8097855725364194,2.350801300251663,0.4589842722847566
2076,2.6655618633754923,2.1890397046962375,0.47652215867925474
2077,2.735967103174922,2.283691284042904,0.452275819132018
2078,2.7814466368724853,2.2985545006298547,0.4828921362426306
2079,2.843134111542786,2.359364089651256,0.4837700218915302
2080,2.771995429228342,2.332688449562091,0.439306979666251
2081,2.6927954218244468,2.2469132212691894,0.4458822005552574
2082,2.7153743667759884,2.241821499889755,0.4735528668862332
2083,2.81823285273425,2.3807559267650165,0.4374769259692335
2084,2.6439900936066545,2.1908422481475025,0.453147845459152
2085,2.6629267380187125,2.211767571366267,0.4511591666524457
2086,2.8248151039944602,2.368482536161332,0.45633256783312826
2087,2.78730365479588,2.3238868115841433,0.4634168432117365
2088,2.70386568548499,2.230199209885823,0.47366647559916686
2089,2.8357971722829665,2.411058700135421,0.42473847214754556
2090,2.809638426436777,2.39934439416432,0.4102940322724571
2091,2.7017229433627756,2.2437808397549066,0.457942103607869
2092,2.6701274217246915,2.197981713532698,0.47214570819199375
2093,2.785610550142364,2.35697897748329,0.4286315726590737
2094,2.7119643642588755,2.2536847116198997,0.45827965263897585
2095,2.610784973392395,2.1547426779887022,0.4560422954036927
2096,2.8753422211020463,2.4093895261718057,0.4659526949302406
2097,2.9592049886481018,2.496431772110045,0.4627732165380567
2098,2.7472286019814964,2.293786162195427,0.45344243978606924
2099,2.924915920219269,2.4415753992835256,0.48334052093574353
2100,2.6169825468834205,2.1590256362322937,0.45795691065112676
2101,2.9111439653181077,2.438049559265213,0.47309440605289454
2102,2.680728224282859,2.232531731488672,0.44819649279418705
2103,2.883225009186837,2.439074783316422,0.44415022587041486
2104,2.7511694880644866,2.2851129668566617,0.4660565212078249
2105,2.6948244647216635,2.2575868807675006,0.4372375839541629
2106,2.7216658362812765,2.2690760739123936,0.4525897623688828
2107,2.9507770598314815,2.457535699790549,0.49324136004093244
2108,2.790384039160732,2.327062388386035,0.4633216507746969
2109,2.9241394527252957,2.5072942793316573,0.41684517339363847
2110,2.7621410947908536,2.290927550139064,0.47121354465178955
2111,2.833567702834863,2.4318502576246477,0.40171744521021546
2112,2.6914378523291274,2.228016682685124,0.46342116964400315
2113,3.1161432871575587,2.74478392351638,0.37135936364117894
2114,2.7568568179115798,2.270541806600434,0.48631501131114563
2115,2.7448189155648244,2.284182880700206,0.46063603486461835
2116,2.6745079277002946,2.218698296011246,0.45580963168904853
2117,2.815045080977128,2.35924171192007,0.4558033690570582
2118,2.6932894237131397,2.222257393787431,0.4710320299257087
2119,2.7904498722777618,2.3187601806267364,0.47168969165102537
2120,2.784039173756595,2.384455333133129,0.39958384062346575
2121,2.7688144213416797,2.3411050858648674,0.4277093354768122
2122,2.72100271733148,2.261468003523763,0.45953471380771704
2123,2.9306492066634133,2.4693028992420336,0.4613463074213797
2124,2.6879709798447675,2.2349572052360296,0.45301377460873793
2125,2.6946879381822275,2.2179336775161476,0.47675426066607995
2126,2.7252121300022742,2.2645927621688786,0.46061936783339563
2127,2.814316618875633,2.36861738378544,0.44569923509019294
2128,2.7555685200865634,2.3183828771079313,0.43718564297863205
2129,2.7664100336512423,2.3515667979772976,0.41484323567394465
2130,2.8775013593906835,2.4298802756241322,0.4476210837665513
2131,2.684203823953587,2.2380218281274766,0.4461819958261102
2132,2.6786720123186214,2.2262244415942423,0.45244757072437913
2133,2.83323887005703,2.349160626691429,0.48407824336560124
2134,2.7020586488514646,2.2630217517850557,0.4390368970664089
2135,2.7431469953138867,2.2866949756255064,0.45645201968838034
2136,2.7194673549293813,2.281324845231563,0.4381425096978182
2137,2.822730284036183,2.409286679870862,0.4134436041653209
2138,2.6628062784302147,2.230101590662192,0.43270468776802273
2139,2.7022215095957116,2.264560979579009,0.4376605300167027
2140,2.8278658363639266,2.374556698296982,0.4533091380669445
2141,2.6829557167884976,2.222243137559219,0.4607125792292788
2142,2.8757884868053845,2.42691348502069,0.4488750017846943
2143,2.6987856827701333,2.239156362537119,0.4596293202330144
2144,2.9120447642395804,2.5256220543502503,0.38642270988933003
2145,2.7070143291798723,2.2735173311094954,0.4334969980703769
2146,2.717072936252051,2.2367258056204826,0.4803471306315683
2147,2.9456798561675526,2.477869813051146,0.4678100431164065
2148,3.000582030338917,2.5315510490008286,0.4690309813380882
2149,2.728838469590378,2.2431913268141854,0.48564714277619236
2150,2.8007199245725682,2.371011942355283,0.42970798221728534
2151,2.8728173240636763,2.4369228949732875,0.4358944290903888
2152,2.9267795302840183,2.548714172861628,0.3780653574223902
2153,2.6485005568238713,2.2031715477903178,0.44532900903355355
2154,2.723214395066178,2.2676067498856507,0.4556076451805273
2155,2.7216406518005156,2.282902463395052,0.4387381884054635
2156,2.9341865275179724,2.5366309541128444,0.3975555734051279
2157,2.772111156316612,2.2969913424164425,0.47511981390016933
2158,2.9119543109528547,2.4509188264137554,0.46103548453909937
2159,2.821359859943753,2.388284400299828,0.4330754596439248
2160,2.819728568889694,2.3705828008094145,0.4491457680802795
2161,2.6987764134139414,2.2651614725207274,0.43361494089321395
2162,2.801532930252649,2.347565288883794,0.4539676413688549
2163,2.7508458774252325,2.2789152357624998,0.4719306416627327
2164,2.815618294920341,2.352847725144418,0.46277056977592324
2165,2.5797855228148916,2.1309214917661246,0.44886403104876704
2166,2.746202709915782,2.279719825466199,0.46648288444958297
2167,2.7409860519839944,2.2908043798029896,0.4501816721810048
2168,2.6502488330367444,2.186164153407987,0.46408467962875743
2169,2.7782282528907722,2.325924097116263,0.4523041557745091
2170,2.832440566192624,2.374619935759555,0.45782063043306875
2171,2.6545488905198784,2.207534812645008,0.44701407787487035
2172,2.7562590229779413,2.353281112777949,0.4029779101999922
2173,2.8236814764214127,2.3765401430401476,0.44714133338126505
2174,2.9033486182102517,2.446819018029266,0.45652960018098554
2175,2.709538840507611,2.235260224062378,0.47427861644523306
2176,2.782086851838069,2.2979205281108155,0.48416632372725354
2177,2.8687096698589603,2.4375754963108216,0.43113417354813866
2178,2.7735635381046633,2.307779513692166,0.4657840244124971
2179,2.90463054255911,2.4574999980209737,0.4471305445381364
2180,2.69316147947362,2.2275686895367732,0.4655927899368466
2181,2.6904586718652266,2.223921501201081,0.4665371706641457
2182,2.720155612058343,2.2664570137306788,0.45369859832766446
2183,2.7167674702808307,2.247489049362159,0.46927842091867156
2184,2.760861690848078,2.291170787766054,0.4696909030820242
2185,2.883079708134974,2.449879470701881,0.433200237433093
2186,2.661015776955038,2.208708811424681,0.4523069655303571
2187,2.8463917544842543,2.397862297296857,0.44852945718739745
2188,2.698965637433398,2.2434423529539407,0.4555232844794572
2189,2.7369284618844008,2.277255081266395,0.45967338061800556
2190,2.772893680782944,2.3603942166035905,0.41249946417935357
2191,2.630149556177663,2.17184381233559,0.458305743842073
2192,2.758729021130829,2.2984253501502736,0.46030367098055525
2193,2.805989068419216,2.3269095861567157,0.4790794822625002
2194,2.7130657785916266,2.255499461107018,0.45756631748460874
2195,2.712915205638628,2.2353850890475626,0.4775301165910655
2196,2.6060809519763537,2.139496589702548,0.46658436227380573
2197,2.654608507251857,2.1975851235427353,0.45702338370912177
2198,2.8913836108455815,2.4635291779062234,0.4278544329393581
2199,2.763279315033139,2.3452477738818804,0.4180315411512585
2200,2.947180562723354,2.5297158818679577,0.41746468085539634
2201,2.803868122504513,2.3390834088800165,0.46478471362449625
2202,2.7929487379146645,2.3244763674216284,0.468472370493036
2203,2.7823584844311,2.3369998289943,0.4453586554368001
2204,2.8009439615385365,2.367405460312408,0.4335385012261286
2205,2.9361799700037072,2.4739245596048196,0.4622554103988876
2206,2.728255142992955,2.270969724858119,0.45728541813483625
2207,2.6764123604409846,2.218141479269769,0.4582708811712157
2208,2.6318091426763703,2.1916677261621262,0.4401414165142441
2209,2.9208882671644223,2.4993687100356703,0.421519557128752
2210,2.9181677273856304,2.5264015519015905,0.3917661754840398
2211,2.7182806235499446,2.237344510910608,0.4809361126393368
2212,2.743469186368878,2.306232832594685,0.437236353774193
2213,2.7295512243270816,2.3058134128038787,0.4237378115232029
2214,2.8602312970546215,2.4362353544371573,0.4239959426174642
2215,2.59680757245585,2.1286152933784015,0.4681922790774484
2216,2.7894887455908584,2.342073616123199,0.44741512946765916
2217,2.747581358400249,2.3137981802022347,0.43378317819801415
2218,2.877841074121319,2.402064426470418,0.4757766476509011
2219,2.68696846870102,2.2544989820751034,0.43246948662591667
2220,2.6495615200969453,2.184819712075833,0.4647418080211123
2221,2.6952973672630147,2.229615060245686,0.4656823070173286
2222,2.7289989213449872,2.257818657549091,0.47118026379589617
2223,2.5998206958314714,2.1395711398413035,0.4602495559901678
2224,2.8979530124597495,2.4612735335489906,0.43667947891075887
2225,2.792378341079072,2.335529215097911,0.4568491259811611
2226,2.7291183644018595,2.2557305105100625,0.47338785389179705
2227,2.7745814901193167,2.3126639900827985,0.4619175000365181
2228,2.9901492788162,2.5652735450994597,0.42487573371674037
2229,2.6724288193741303,2.2015304203469204,0.47089839902721
2230,2.802811271272034,2.394405174974025,0.40840609629800895
2231,2.792323255829857,2.3570581403975632,0.43526511543229374
2232,2.926262047247109,2.4814993186097305,0.4447627286373783
2233,2.976234796319988,2.57221453253306,0.4040202637869279
2234,2.7113868417760014,2.236094833923793,0.47529200785220826
2235,2.7438561642608272,2.30034873786891,0.4435074263919172
2236,2.6518993485633797,2.184759792897256,0.46713955566612375
2237,2.746296132482993,2.2685853125033186,0.47771081997967446
2238,2.7877770409187628,2.311566050972672,0.4762109899460909
2239,2.63996487276482,2.1766298838871663,0.4633349888776537
2240,2.7235142483255808,2.268281122637327,0.4552331256882538
2241,2.809015940138202,2.344331154560835,0.4646847855773668
2242,2.6964138393906625,2.261470669608657,0.4349431697820054
2243,2.7605605492609264,2.3072963261071355,0.4532642231537909
2244,2.8149311141354474,2.3395093651532406,0.4754217489822068
2245,2.8912648047106337,2.456096321118097,0.4351684835925367
2246,2.8069924464273233,2.3955098028309245,0.41148264359639874
2247,2.824588428423841,2.3743894422524296,0.4501989861714115
2248,2.7409352755136527,2.2739159303308067,0.46701934518284594
2249,2.9197768202115495,2.4859241384865762,0.43385268172497327
2250,2.8086597656344936,2.3503387271435727,0.4583210384909209
2251,2.8030335868905527,2.3893073768798363,0.4137262100107164
2252,2.9976395826029387,2.597992893416052,0.39964668918688684
2253,2.73437579485617,2.241881115517138,0.49249467933903235
2254,2.5835955794930894,2.1277816563036995,0.45581392318938985
2255,2.7481214604201796,2.2923830320415752,0.45573842837860434
2256,2.6749470121533583,2.2130493112038367,0.46189770094952154
2257,2.88065670917592,2.4305496299911007,0.4501070791848192
2258,2.9601409263706446,2.5485739105525433,0.4115670158181013
2259,2.7588930545507293,2.2880792248529405,0.47081382969778884
2260,2.807685447534647,2.3594963334659558,0.4481891140686911
2261,2.6385014736669046,2.1810378972293587,0.45746357643754587
2262,2.7302548897090864,2.307232113755362,0.4230227759537244
2263,2.7970200116015107,2.333495559447056,0.4635244521544548
2264,2.7420165771915777,2.2471156887188157,0.4949008884727619
2265,2.871680484904215,2.4114553981162974,0.4602250867879176
2266,2.671284647063021,2.2251826165090476,0.44610203055397335
2267,2.7237939920710863,2.2802840032981346,0.44350998877295167
2268,2.9244638837600254,2.5052539143981796,0.41920996936184585
2269,2.7383282284636903,2.2900263805480265,0.44830184791566374
2270,2.7292134017589866,2.284125702548544,0.44508769921044244
2271,2.7109058634745784,2.245384077941932,0.46552178553264634
2272,2.76287762101463,2.3365289127439173,0.4263487082707127
2273,2.8183103887117853,2.390759761774903,0.4275506269368825
2274,2.757757923725786,2.2954170717016944,0.4623408520240915
2275,2.70024702712457,2.25020430842321,0.45004271870136003
2276,2.618906657225662,2.165881458549178,0.45302519867648394
2277,2.807775471108489,2.3440328522955016,0.4637426188129874
2278,2.7392290999213036,2.277651906132296,0.46157719378900763
2279,2.7236228475763036,2.2652416676410962,0.45838117993520733
2280,2.7970144835770854,2.336005201608345,0.4610092819687406
2281,2.7407082180672853,2.280136468512232,0.4605717495550534
2282,2.901671949565794,2.4943603259379294,0.40731162362786444
2283,2.8554959645790388,2.4020907045390625,0.4534052600399763
2284,2.783430008305043,2.337163922324825,0.4462660859802181
2285,2.8764449278283766,2.483728978658348,0.3927159491700287
2286,2.779747275342948,2.341710772398616,0.43803650294433183
2287,2.7445017741019635,2.311960402331205,0.4325413717707587
2288,2.7039551612237323,2.2505279731420065,0.4534271880817258
2289,2.6590758985029486,2.209624757198331,0.4494511413046176
2290,2.738296348642414,2.299166296619215,0.4391300520231991
2291,2.6576682006380103,2.1903938569081824,0.4672743437298279
2292,2.8835964027571905,2.450947630742299,0.4326487720148915
2293,2.655978117062848,2.206383973837329,0.4495941432255188
2294,2.6993765151646967,2.217774973350242,0.4816015418144546
2295,2.826216967014877,2.3748672871848813,0.45134967982999585
2296,2.7118167430084488,2.2770816384303743,0.4347351045780745
2297,2.8320978433006037,2.3507510751320155,0.4813467681685881
2298,2.8097883259349166,2.3979506424460464,0.4118376834888702
2299,2.786106593366323,2.3686556813695394,0.4174509119967835
2300,2.6614139825568124,2.199872027176966,0.4615419553798463
2301,2.633040562549796,2.1743548466971983,0.45868571585259765
2302,2.7909691597197637,2.3665907609299976,0.424378398789766
2303,2.735769861400136,2.2791492356197116,0.4566206257804244
2304,2.7890142905951447,2.311347231161916,0.47766705943322885
2305,2.707155886421922,2.231446632005161,0.4757092544167607
2306,2.893642968949265,2.4854257857111066,0.4082171832381585
2307,2.771405360053027,2.2757630424874336,0.4956423175655935
2308,2.8587294505958134,2.4002075489378973,0.45852190165791606
2309,2.7688333473493634,2.299776396515508,0.46905695083385535
2310,2.7311616827027163,2.265405328565785,0.46575635413693117
2311,2.6466776829267418,2.1754363293082033,0.47124135361853847
2312,2.643734560398441,2.174511035267575,0.46922352513086585
2313,2.8462114786711785,2.397522415509849,0.4486890631613294
2314,2.8142098551203225,2.3759292334029705,0.43828062171735205
2315,2.8412244476358284,2.3900683085092504,0.4511561391265779
2316,2.7670428346433384,2.2811314698963874,0.48591136474695107
2317,3.063533736451093,2.6573416930224405,0.40619204342865256
2318,2.857004002228694,2.3716288415219005,0.48537516070679354
2319,2.660602305005816,2.21148384280404,0.44911846220177587
2320,2.7404621232198334,2.3018580265692594,0.438604096650574
2321,2.6883917963233848,2.2443055699518495,0.4440862263715353
2322,2.778418456292959,2.2987634735922615,0.4796549827006973
2323,2.7007218002332274,2.2224598132256617,0.4782619870075657
2324,2.72886479174611,2.2866341216261734,0.4422306701199368
2325,2.6565210184261887,2.2063992103874233,0.45012180803876545
2326,2.8224498461134684,2.333445290201591,0.4890045559118774
2327,2.774772322895848,2.285196755315182,0.4895755675806659
2328,2.676752302429174,2.2057648445683204,0.4709874578608537
2329,2.677152748990802,2.1962931382045485,0.4808596107862533
2330,2.8583614722938906,2.405729199851526,0.4526322724423646
2331,2.868484345544556,2.4255592010223648,0.44292514452219134
2332,2.799769081589021,2.326839440505827,0.4729296410831938
2333,2.761853078664972,2.3094639256274485,0.4523891530375237
2334,2.8943752534085356,2.4648755036710717,0.42949974973746397
2335,2.7699898734247776,2.324069836887028,0.4459200365377498
2336,2.688138806247875,2.230265820613792,0.45787298563408285
2337,2.9748845220805826,2.580711454660659,0.39417306741992375
2338,2.7703846217364045,2.34116653009254,0.4292180916438646
2339,2.91495990410514,2.4896866991829367,0.42527320492220344
2340,2.7875657755244307,2.3674729046878324,0.4200928708365983
2341,2.862500751206254,2.4278894323028912,0.4346113189033627
2342,2.906831851566576,2.5062599964465653,0.4005718551200106
2343,2.8010117297092045,2.335982373255694,0.4650293564535106
2344,2.882993900143087,2.45979335307013,0.4232005470729572
2345,2.7053710278923973,2.2412022853124247,0.46416874257997254
2346,2.781521488400252,2.3426149535259277,0.4389065348743242
2347,2.78686868161119,2.3184368319932473,0.4684318496179425
2348,2.9029667478284145,2.487324984565256,0.4156417632631584
2349,2.8887008285858533,2.4398123974621115,0.44888843112374177
2350,2.9217626142518855,2.50770227826247,0.4140603359894155
2351,2.778339209555554,2.343877164898182,0.4344620446573719
2352,2.786683216925049,2.33026966073471,0.4564135561903391
2353,2.900337790422124,2.467590452267827,0.432747338154297
2354,2.7466552400176742,2.325438165862577,0.4212170741550971
2355,2.7832761691045853,2.288298639286938,0.4949775298176471
2356,2.6930687163650684,2.2504951864996476,0.44257352986542076
2357,2.7942824592900357,2.3310263809945857,0.46325607829545
2358,2.7580143904733982,2.277170939292603,0.4808434511807951
2359,2.8411117562081665,2.3969995110654447,0.44411224514272174
2360,2.796147816500506,2.357103583971751,0.4390442325287549
2361,2.7525683711525746,2.32172208036133,0.4308462907912447
2362,2.737724800860462,2.281755477126379,0.45596932373408317
2363,2.882680348398047,2.4633531932613226,0.41932715513672436
2364,2.6696272604197264,2.2042390504976046,0.4653882099221218
2365,2.9533507850376366,2.5106845200818086,0.44266626495582795
2366,2.7652773900668572,2.3136983872008523,0.45157900286600494
2367,2.776513433161066,2.3024945979334204,0.47401883522764576
2368,2.675806165354683,2.254799480595056,0.421006684759627
2369,2.621374015420451,2.1583902977983107,0.4629837176221403
2370,2.748915816189358,2.3027669394630346,0.44614887672632353
2371,2.7040616811457903,2.2487954403242365,0.45526624082155376
2372,2.689277542008445,2.2463911720447545,0.44288636996369046
2373,2.989440251960491,2.630398390017908,0.3590418619425826
2374,2.7394977292316534,2.268306136606622,0.4711915926250314
2375,2.773094808588315,2.327957882996983,0.4451369255913318
2376,2.6840920845432485,2.20649181605115,0.4776002684920986
2377,2.7961798822840986,2.366945597781717,0.42923428450238177
2378,2.782724982514805,2.3070448862015325,0.47568009631327257
2379,2.838312210392868,2.431937637165316,0.4063745732275521
2380,2.826646141004853,2.3782358299827764,0.4484103110220765
2381,2.70357790771808,2.280298774160627,0.42327913355745306
2382,2.857434381286116,2.461386607475613,0.39604777381050305
2383,2.9537556871238793,2.544720060942128,0.40903562618175116
2384,2.702912663874386,2.2554175610710465,0.4474951028033396
2385,2.9022074894158036,2.455920288044769,0.44628720137103484
2386,2.6983090456663352,2.2257607854482924,0.47254826021804286
2387,2.8354741214027195,2.371665761446068,0.4638083599566514
2388,2.7442064856253148,2.306998202780922,0.43720828284439284
2389,2.678209018010493,2.1937167021525723,0.48449231585792063
2390,2.73590142302729,2.2948198411585,0.44108158186878965
2391,2.7736675446491508,2.2940066294845303,0.4796609151646205
2392,2.858967360365266,2.3888973383423036,0.47007002202296233
2393,2.6066330308100225,2.1421279199403354,0.46450511086968715
2394,2.7308608893049775,2.2884096440074475,0.44245124529753
2395,2.7881560297764643,2.314399565294026,0.47375646448243813
2396,3.0030516602401036,2.589046833984862,0.4140048262552418
2397,2.8679526660979806,2.3836011250006375,0.48435154109734313
2398,2.621158877345655,2.1600209720697037,0.46113790527595144
2399,2.6930897087725025,2.218679659563602,0.47441004920890073
2400,2.868496758054692,2.460550708638025,0.4079460494166667
2401,2.7188755474763804,2.2680134760803137,0.4508620713960667
2402,2.7810209518089377,2.33240460806155,0.4486163437473878
2403,2.6767226487167513,2.2082025612103107,0.4685200875064406
2404,2.746148144819064,2.3150854750086163,0.43106266981044783
2405,2.624415278648368,2.1660913199836003,0.4583239586647676
2406,2.775799161286653,2.3378168865665656,0.43798227472008744
2407,2.7747920060347955,2.3145360900391823,0.4602559159956132
2408,2.6595300665329535,2.199057607823848,0.4604724587091056
2409,2.746219138414399,2.3227679438021793,0.4234511946122197
2410,2.81011245039853,2.3307573156390524,0.4793551347594778
2411,2.8616051919019845,2.4221885931487193,0.4394165987532652
2412,2.705534476204182,2.2185493294081526,0.48698514679602933
2413,2.759034913414543,2.3143796527711533,0.44465526064338956
2414,2.7005473485154545,2.2359347497552338,0.46461259876022076
2415,2.763516307080011,2.347143400648322,0.4163729064316888
2416,2.6677968081542174,2.1842541300583194,0.483542678095898
2417,2.732315679942338,2.2750954913272516,0.4572201886150862
2418,2.6861515013200004,2.251015964429192,0.4351355368908085
2419,2.7716718229394046,2.3415951450337347,0.43007667790566995
2420,2.7377912290091415,2.3075911356041257,0.43020009340501586
2421,2.761731958840255,2.3058761959849536,0.45585576285530127
2422,2.777695850536137,2.303955052589944,0.47374079794619295
2423,2.764688468909088,2.3392723391331174,0.42541612977597065
2424,2.7035104543867905,2.2183281981659984,0.48518225622079214
2425,2.6778045181934504,2.2278993278627186,0.44990519033073184
2426,2.865973162168953,2.395223935047026,0.4707492271219267
2427,2.795381373402468,2.3563435394416996,0.43903783396076834
2428,2.597464157487008,2.118187034383286,0.47927712310372206
2429,2.7987841304460424,2.341634663379899,0.45714946706614334
2430,2.655751615455935,2.2004487908325587,0.45530282462337635
2431,2.7204610059487213,2.2625842971512524,0.4578767087974689
2432,2.616250024634218,2.1577589879586956,0.4584910366755226
2433,2.8915388367348442,2.494694342184346,0.3968444945504981
2434,2.7950121255948353,2.3682577183379276,0.4267544072569076
2435,2.745259940485594,2.3069469477375786,0.4383129927480156
2436,2.791376004450839,2.3311402280048585,0.46023577644598035
2437,2.869852281290714,2.452511968939527,0.41734031235118696
2438,2.700669616968272,2.2559262782409393,0.44474333872733274
2439,2.6636288108172064,2.2077674173716524,0.455861393445554
2440,2.737648953567678,2.2771217378261355,0.4605272157415423
2441,2.6811839178728354,2.199375160974332,0.48180875689850344
2442,2.8521787815276185,2.434896354322632,0.41728242720498665
2443,2.8088383203364726,2.3781350247569213,0.43070329557955134
2444,2.7186604949466378,2.265458714772826,0.45320178017381174
2445,2.776388489636293,2.3392650132219153,0.4371234764143779
2446,2.8280858047020008,2.3638559635967047,0.4642298411052961
2447,2.714373065505912,2.242577574286596,0.4717954912193161
2448,2.7416346050704337,2.2858707278891495,0.4557638771812842
2449,2.7607935657376377,2.3025032320590118,0.4582903336786259
2450,2.6978782833700925,2.245720488818961,0.4521577945511317
2451,2.966739566832653,2.488347100506249,0.47839246632640364
2452,2.8263769191783927,2.363520579517033,0.46285633966135986
2453,2.751624529141561,2.3073710053374406,0.4442535238041203
2454,2.7085764663411145,2.2631122256650205,0.445464240676094
2455,2.852887747618574,2.378851624249954,0.4740361233686201
2456,2.9604682341346726,2.542017293200299,0.4184509409343735
2457,2.6428279644603783,2.1809695607288924,0.4618584037314859
2458,2.6419276271185996,2.187160598484511,0.4547670286340888
2459,2.883952067779314,2.4746989227329377,0.40925314504637633
2460,2.8359180742768975,2.354838885071365,0.4810791892055324
2461,2.669271055687064,2.211160528489103,0.45811052719796086
2462,2.727581294074589,2.28784569648354,0.43973559759104885
2463,2.7671863377780084,2.3005221500888924,0.466664187689116
2464,2.7056667188161083,2.244313187136643,0.46135353167946525
2465,2.8472003975208167,2.404458527684848,0.44274186983596886
2466,2.7475681691488067,2.3116813971170505,0.4358867720317563
2467,2.7211575428733767,2.2891554433976933,0.43200209947568347
2468,2.758104100730103,2.2680179393298037,0.49008616140029915
2469,2.767084776442956,2.3142742997277046,0.4528104767152512
2470,2.897397713948604,2.428900863553337,0.4684968503952671
2471,2.6365387833766967,2.1641799536190365,0.4723588297576602
2472,2.796919206550795,2.3610923505474766,0.4358268560033185
2473,2.916647665060113,2.4583523403165484,0.4582953247435646
2474,2.672404819680101,2.2161675546363893,0.45623726504371165
2475,2.5941934335604317,2.1356443660508435,0.45854906750958824
2476,2.7145497280760806,2.251955513784211,0.46259421429186975
2477,2.713075810777244,2.2416019773332563,0.47147383344398763
2478,2.6216397646024827,2.1509056199908922,0.47073414461159047
2479,3.0680293122219453,2.643306906733455,0.4247224054884904
2480,2.827439705812342,2.3746948424549275,0.4527448633574145
2481,2.8298158918147482,2.379906647811767,0.44990924400298127
2482,2.847208246430526,2.36172791396884,0.4854803324616861
2483,2.7337751672654393,2.2711309889397886,0.46264417832565075
2484,2.6998417816965596,2.2506572171089845,0.44918456458757516
2485,2.7682928258242105,2.3149813961566617,0.4533114296675489
2486,2.735751182210208,2.2518077585372307,0.48394342367297716
2487,2.787983822334563,2.3234518640162984,0.46453195831826477
2488,2.7022571989885353,2.2535843851856203,0.448672813802915
2489,2.7233971288055616,2.258872506776709,0.4645246220288528
2490,2.6951748547716887,2.2274491573312574,0.46772569744043135
2491,2.747873115316127,2.306199974101952,0.4416731412141752
2492,2.8246186958829993,2.3941296824483906,0.43048901343460866
2493,2.7478017391204066,2.290063516942319,0.45773822217808746
2494,2.7803185738312743,2.3863531415108468,0.3939654323204276
2495,2.7065585927451523,2.240218566960022,0.46634002578513023
2496,2.6513997291663634,2.1883115340756363,0.4630881950907271
2497,2.7701366673218386,2.2850429090482374,0.48509375827360124
2498,2.7189519079229174,2.249943034245792,0.4690088736771254
2499,2.8586355980571354,2.4628283402555886,0.3958072578015468
2500,2.7305053927344147,2.2897226801363533,0.44078271259806145
2501,2.9117176604946686,2.5105878877784256,0.40112977271624306
2502,2.82780990828865,2.392605390200393,0.4352045180882569
2503,2.96941642217706,2.5490071111893595,0.4204093109877003
2504,2.850077302754222,2.4209956922947136,0.4290816104595083
2505,2.871311889202479,2.433601812034379,0.43771007716809995
2506,2.8085228686020898,2.378727571210284,0.4297952973918058
2507,2.626263968135721,2.1714052130964356,0.4548587550392855
2508,2.803464122535853,2.345354520277196,0.45810960225865704
2509,2.7142477193990535,2.256510096708576,0.4577376226904777
2510,2.690012481738391,2.253337206178811,0.43667527555957975
2511,2.758664698987983,2.2732285896053477,0.4854361093826354
2512,2.643796979675383,2.191019922642458,0.45277705703292526
2513,2.7184414283844336,2.2400316547963284,0.4784097735881052
2514,2.7526359632451465,2.2761088509640994,0.47652711228104705
2515,2.7530775955649407,2.307621965801366,0.44545562976357456
2516,2.79312809828757,2.312258053462558,0.48087004482501206
2517,2.619945025588233,2.165965216281296,0.45397980930693693
2518,2.804141124625524,2.3480921210837877,0.4560490035417364
2519,2.745534148484322,2.286307983842272,0.4592261646420499
2520,2.7320695715528864,2.2965109883325465,0.4355585832203399
2521,2.888409419258243,2.4604921631697723,0.42791725608847075
2522,2.747856243725871,2.2979807676237662,0.4498754761021049
2523,2.837191596335319,2.3554432988028724,0.48174829753244675
2524,2.785400630096182,2.3501068401795333,0.4352937899166487
2525,2.8117179212114123,2.3422890799971703,0.469428841214242
2526,2.8161167918982697,2.3435350126639007,0.47258177923436895
2527,2.9143398934878264,2.486195118769046,0.4281447747187803
2528,2.9128581162978455,2.4671039075533456,0.4457542087444999
2529,2.8545618390283085,2.3723218141820577,0.48224002484625084
2530,2.864391614040103,2.4759627528360526,0.3884288612040505
2531,2.8598027358863813,2.3804731302075703,0.479329605678811
2532,2.714337843421609,2.2623654402519864,0.4519724031696226
2533,2.773874993539869,2.329052919363682,0.44482207417618724
2534,2.8380531793186075,2.408448724444828,0.4296044548737794
2535,2.8560789222515437,2.4172927702165734,0.4387861520349703
2536,2.718630862273221,2.2361737530730053,0.4824571092002157
2537,3.00482250286807,2.604353793661878,0.40046870920619204
2538,2.835442170707562,2.4162575166966804,0.41918465401088145
2539,2.9254590389078663,2.5009821453367302,0.42447689357113605
2540,2.7893902178777172,2.307624315075672,0.48176590280204534
2541,2.7470238269468608,2.3043654558429503,0.4426583711039105
2542,2.76362130684624,2.2957217053614323,0.4678996014848078
2543,2.66749773393325,2.2151003665654763,0.4523973673677739
2544,2.74518356987524,2.3060838814586258,0.43909968841661406
2545,3.0793141606264958,2.70304226479837,0.3762718958281259
2546,2.7221430681374836,2.263721334659579,0.4584217334779046
2547,2.9088546335049488,2.472358510321533,0.4364961231834159
2548,2.9015612489516562,2.4234795058214234,0.4780817431302329
2549,2.7283309191321727,2.2443219924264017,0.484008926705771
2550,2.6488945804618425,2.201837569711933,0.44705701074990944
2551,2.875185171809753,2.419219699095497,0.45596547271425614
2552,2.809917702273524,2.331396683579785,0.4785210186937392
2553,2.7305727025823523,2.2622929194077503,0.46827978317460195
2554,2.7137382132316366,2.269721897588928,0.4440163156427084
2555,2.654955338282813,2.1920740894645006,0.4628812488183125
2556,2.7996116872824626,2.317338456514245,0.4822732307682176
2557,2.735923096851245,2.285943768130752,0.44997932872049295
2558,2.8367792960302842,2.381579733818055,0.4551995622122291
2559,2.6793991437550764,2.238059743406413,0.44133940034866326
2560,2.686316439335348,2.2333208673252942,0.4529955720100536
2561,2.7510528497049758,2.284788318134158,0.4662645315708178
2562,2.821771040471952,2.361159892961823,0.4606111475101291
2563,2.715211919235119,2.2683765602657173,0.44683535896940185
2564,2.834654022408679,2.389762922164765,0.44489110024391376
2565,2.63428360699732,2.182591053944907,0.45169255305241274
2566,2.843107577281051,2.3680592587128557,0.47504831856819507
2567,2.5915060792428286,2.132433498359893,0.45907258088293545
2568,2.803500204324547,2.314659038932742,0.488841165391805
2569,2.6292594532300027,2.172461438155504,0.4567980150744986
2570,2.7352993359608577,2.2700833222877437,0.46521601367311405
2571,2.736104499917616,2.2648766443174604,0.47122785560015545
2572,2.6968242785673646,2.255756368718434,0.44106790984893074
2573,2.8190672339554497,2.3750819727742583,0.4439852611811914
2574,2.697575102491288,2.2293687679921113,0.4682063344991767
2575,2.7130405068135435,2.2645213651645357,0.44851914164900775
2576,2.863326884665081,2.3856007979299623,0.47772608673511874
2577,2.8958340392022843,2.4537852139852148,0.44204882521706956
2578,2.8523295071465093,2.3862903154039268,0.46603919174258257
2579,2.732080739023839,2.2819645241388926,0.45011621488494624
2580,2.803349962075853,2.3445914234904888,0.4587585385853643
2581,2.8066536008419063,2.3530599345967103,0.45359366624519604
2582,2.843632840392188,2.4356834751687044,0.4079493652234838
2583,2.687036879575916,2.2206132031584547,0.4664236764174614
2584,2.755879208418604,2.3200156416467728,0.43586356677183113
2585,2.7062978641690196,2.2677679339458217,0.438529930223198
2586,2.7009339324065698,2.227604443864126,0.47332948854244394
2587,2.7979807434969026,2.3436599771101854,0.45432076638671726
2588,2.7044208497383657,2.2475796808674153,0.4568411688709504
2589,2.799768501684663,2.3120226500766563,0.48774585160800665
2590,2.8273289804615436,2.37604165566912,0.4512873247924234
2591,2.7784143321016304,2.3621435420057555,0.41627079009587487
2592,2.899647120508289,2.45208863247936,0.44755848802892917
2593,2.7781149334480166,2.331875841927792,0.44623909152022456
2594,2.740055545894289,2.2646508111721704,0.4754047347221184
2595,2.673820218542746,2.2169694297460443,0.45685078879670193
2596,2.713255038421876,2.250624330005171,0.46263070841670517
2597,2.699430814343732,2.271107556028342,0.4283232583153902
2598,2.712814803919328,2.287856395613776,0.42495840830555176
2599,2.7856426088927893,2.3077113108162766,0.4779312980765127
2600,2.8389065394633852,2.4023193510515526,0.43658718841183264
2601,2.698123847893102,2.2457679032994005,0.4523559445937013
2602,2.8003721433547404,2.3757470044165934,0.424625138938147
2603,2.6830116472867536,2.196223889197946,0.48678775808880737
2604,2.6728493747201902,2.1978658255079786,0.47498354921221164
2605,2.8844579364188827,2.4780503338994846,0.4064076025193981
2606,2.779298796291103,2.313555472242014,0.46574332404908914
2607,2.6342262183110288,2.167507857066506,0.46671836124452293
2608,2.731680260317751,2.2577633670044945,0.47391689331325626
2609,2.813602994807256,2.3749971188754206,0.4386058759318354
2610,2.7097187017474917,2.2453013587980757,0.46441734294941606
2611,2.670494996087926,2.2001856772586463,0.47030931882927973
2612,2.77224846283187,2.3149799361997205,0.45726852663214945
2613,2.751875715369512,2.2959760585493045,0.4558996568202076
2614,2.6189708503802485,2.1605184261556234,0.45845242422462507
2615,2.7443462612060783,2.300132936670872,0.44421332453520623
2616,2.752465027736873,2.295457634373034,0.4570073933638392
2617,2.9102739740854626,2.4648805098695643,0.4453934642158983
2618,2.7714045278740365,2.3040408361751603,0.46736369169887615
2619,2.6473264396185714,2.2043373044324426,0.4429891351861288
2620,2.90674070358812,2.466161063561863,0.44057964002625694
2621,2.715997300200416,2.2462483998330964,0.4697489003673194
2622,3.0398269058441665,2.611468999621765,0.42835790622240166
2623,2.791142013261788,2.3406774852493295,0.4504645280124584
2624,2.77099993923926,2.3080128182150204,0.46298712102423956
2625,2.6752822515607884,2.184096353166766,0.4911858983940225
2626,2.7976984122498725,2.326441852749974,0.4712565594998983
2627,2.749189967877629,2.3143197985775226,0.43487016930010647
2628,2.7785648726282246,2.316397790171814,0.4621670824564106
2629,2.8435768719234327,2.44034279225877,0.40323407966466274
2630,2.775307733175511,2.3423943759009105,0.4329133572746007
2631,2.981570836291631,2.5187438708398364,0.4628269654517947
2632,2.708159358903258,2.2603642727609823,0.4477950861422757
2633,2.720826418807573,2.274949713751318,0.4458767050562549
2634,3.061939071953357,2.655711406894104,0.4062276650592529
2635,2.769518717520762,2.3075033246105683,0.4620153929101938
2636,2.743287304682212,2.276780709303715,0.46650659537849704
2637,2.7597895750952177,2.344170245042665,0.4156193300525528
2638,2.8077715316730854,2.401996513519908,0.4057750181531774
2639,2.72158563859664,2.266474913436128,0.455110725160512
2640,2.650536375453511,2.1821490308734215,0.4683873445800897
2641,2.95367512873204,2.492690376340159,0.4609847523918811
2642,2.7172174448925053,2.24265492531972,0.4745625195727854
2643,2.7756228472617885,2.317956151625496,0.4576666956362927
2644,2.729783639716506,2.2936711905874247,0.4361124491290811
2645,2.6505485490845393,2.1851606816516567,0.46538786743288263
2646,3.045159993276721,2.6783172432270734,0.3668427500496474
2647,2.601109060137463,2.1323999385279557,0.4687091216095074
2648,2.8830143961065606,2.3893514263466686,0.493662969759892
2649,2.920098496089967,2.4954369361722524,0.4246615599177148
2650,2.6839623624757225,2.224841206690667,0.45912115578505563
2651,2.810576839388922,2.346023729628805,0.464553109760117
2652,2.7856481566361935,2.3291815376986365,0.456466618937557
2653,2.824968116970843,2.3615552347096007,0.4634128822612422
2654,2.7906946302597713,2.3801892237088893,0.41050540655088197
2655,2.7802708700374184,2.302298880495395,0.47797198954202313
2656,2.604385404344158,2.134807803666828,0.4695776006773298
2657,2.778068042186144,2.3265059125842305,0.45156212960191366
2658,2.768870744365284,2.3007687822359766,0.4681019621293072
2659,2.8581808917296927,2.42398426335896,0.4341966283707328
2660,2.8500395861416363,2.401259371070817,0.4487802150708191
2661,2.7364153166715353,2.2725854619555483,0.4638298547159869
2662,2.6621228771499217,2.1920629333432142,0.47005994380670746
2663,2.694266459992521,2.2214624058416157,0.4728040541509051
2664,2.81988107564434,2.4178728825972047,0.40200819304713553
2665,2.9047044340820865,2.4574950831098663,0.44720935097222014
2666,2.8095790881921467,2.352554310398915,0.4570247777932317
2667,2.7392220348645315,2.260437554478659,0.4787844803858725
2668,2.7880943705285532,2.337268144306201,0.45082622622235213
2669,2.7681467103552624,2.3434534725226768,0.4246932378325856
2670,2.738653992180176,2.284969520327745,0.4536844718524309
2671,2.8373035435184364,2.374562427933807,0.46274111558462927
2672,2.865034008574276,2.3963863215444143,0.4686476870298617
2673,2.9357275096831157,2.4424593799754124,0.4932681297077033
2674,2.7480395357509546,2.319215091785027,0.42882444396592767
2675,2.7259988707186564,2.250499902150529,0.47549896856812746
2676,2.8285227880494013,2.4080080896611604,0.42051469838824085
2677,2.6315283290396256,2.167178526726985,0.46434980231264067
2678,2.744044096383477,2.2977718792232715,0.4462722171602054
2679,2.789404268469661,2.382366948765061,0.4070373197046
2680,2.9621129068782106,2.507488595745471,0.4546243111327395
2681,2.7547524185202104,2.317920019137409,0.4368323993828014
2682,2.746557820928501,2.285650913819516,0.46090690710898485
2683,2.7378126081441856,2.288139683575898,0.4496729245682878
2684,2.6716996030586,2.2204552551538117,0.4512443479047885
2685,2.700361415439796,2.266263311946898,0.4340981034928979
2686,2.737803631513612,2.281585555413656,0.4562180760999559
2687,2.862007817008808,2.4145697396443597,0.4474380773644482
2688,2.7486121392417426,2.2818040707772536,0.4668080684644891
2689,2.6172944055314744,2.1609148971677863,0.4563795083636881
2690,2.87857326749896,2.46041852954221,0.4181547379567503
2691,2.694783625071162,2.2238833217238683,0.4709003033472938
2692,2.743614617022775,2.274608864022082,0.469005753000693
2693,2.8039891894588296,2.3707386921836693,0.4332504972751603
2694,2.695184317973995,2.2422486848229424,0.45293563315105256
2695,2.6499620397187598,2.2139325947124764,0.4360294450062834
2696,2.7308513902893403,2.2604484166215326,0.4704029736678077
2697,2.739041311824152,2.3009682238712754,0.4380730879528767
2698,2.7805233736126986,2.3447051292521883,0.4358182443605103
2699,2.876048829683428,2.4583029028577768,0.41774592682565137
2700,2.7458880699672923,2.305262861014608,0.4406252089526843
2701,2.8015816140803436,2.390690417381204,0.41089119669913954
2702,2.859947124166711,2.3831181253333718,0.4768289988333394
2703,2.8173676877814264,2.3211545009943975,0.49621318678702897
2704,2.7852994272759584,2.317829326928236,0.4674701003477222
2705,2.6978840638413026,2.2476825758374606,0.4502014880038421
2706,2.684292480712286,2.2004760900873706,0.48381639062491555
2707,2.966956831507028,2.520613372803781,0.44634345870324665
2708,2.6616081271532726,2.2157833781535965,0.44582474899967606
2709,2.812252871156724,2.3484324206450395,0.4638204505116845
2710,2.710727772059926,2.274737454408613,0.43599031765131313
2711,2.741256573148552,2.250069025673336,0.49118754747521587
2712,2.7138944867122023,2.2481277136669515,0.4657667730452508
2713,2.7671025044280455,2.300095554339074,0.46700695008897153
2714,2.774477315132069,2.3282007573955665,0.44627655773650243
2715,2.6727233573125955,2.232241988211876,0.44048136910071944
2716,2.6694512302199107,2.2363793430877297,0.43307188713218103
2717,2.946420090072182,2.510017123168702,0.4364029669034801
2718,2.73653820703189,2.2771422187853827,0.4593959882465075
2719,2.8792872372630693,2.4286869465082495,0.4506002907548199
2720,2.7249109949610104,2.2765440708277467,0.44836692413326373
2721,2.704365415585591,2.256515320179685,0.44785009540590615
2722,2.7299029498890715,2.2914781096577355,0.438424840231336
2723,2.723521063850919,2.279268905082542,0.4442521587683772
2724,2.972720985217122,2.555734542512963,0.41698644270415874
2725,2.7891763860399266,2.3067224910707202,0.4824538949692063
2726,2.7092897450738618,2.2321818911628357,0.47710785391102606
2727,2.7475105072037542,2.301601025858517,0.44590948134523734
2728,2.9020626540870236,2.4822179441342076,0.419844709952816
2729,2.8528804206015206,2.4530511329133433,0.39982928768817727
2730,2.621639856379762,2.1659646523391363,0.45567520404062556
2731,2.6741972650604073,2.220529818354819,0.45366744670558834
2732,2.748000101404403,2.2872578778839703,0.4607422235204326
2733,2.8208872764024706,2.3686948080748045,0.45219246832766613
2734,2.705893408041115,2.264289285557293,0.44160412248382164
2735,2.710128025682197,2.248120110847815,0.46200791483438186
2736,2.713355977089163,2.2691879765679834,0.44416800052117944
2737,2.7018347748256617,2.263063421051386,0.4387713537742757
2738,2.6500475213909933,2.1759416865476893,0.47410583484330404
2739,2.6905529480791346,2.222296860146434,0.46825608793270046
2740,2.68021973598562,2.197099743652202,0.48311999233341796
2741,2.7197462812052464,2.264919773532654,0.4548265076725926
2742,2.715492424207081,2.271878585174433,0.44361383903264784
2743,2.773719503712304,2.322119946547398,0.4515995571649061
2744,2.61453157557359,2.154112584785945,0.46041899078764503
2745,2.8078299168373593,2.3409739258364715,0.4668559910008878
2746,2.8501108503775057,2.399912038528403,0.4501988118491025
2747,2.7480489783759157,2.2734274935849723,0.47462148479094335
2748,2.5512747188146676,2.078828815013278,0.47244590380138973
2749,2.6609111035991355,2.1880573287527945,0.47285377484634106
2750,2.6921725991350165,2.2575276039593986,0.43464499517561794
2751,2.6649440434016842,2.1954259065545902,0.469518136847094
2752,2.840961624817571,2.4038690916033567,0.4370925332142144
2753,2.6528358894376542,2.1809103992146706,0.4719254902229837
2754,2.8595556040341648,2.4316299470794394,0.4279256569547254
2755,2.7204706951477022,2.2761505998902076,0.4443200952574946
2756,2.7534166448871473,2.3031732807720813,0.45024336411506605
2757,2.778864176260648,2.352483378932876,0.4263807973277718
2758,2.7592640595899542,2.349461644839654,0.4098024147503003
2759,2.654844562998121,2.209748911312598,0.4450956516855231
2760,2.713663343252642,2.253407240649768,0.460256102602874
2761,2.725914444982177,2.2640475223335064,0.46186692264867046
2762,2.725852433302013,2.270262197082434,0.45559023621957895
2763,2.741041244463943,2.2928759993160903,0.4481652451478526
2764,2.6056679938366596,2.147917093466542,0.45775090037011745
2765,2.687281965530248,2.230827385508867,0.4564545800213806
2766,2.7032270045181455,2.2388901610632925,0.46433684345485293
2767,2.673683667391084,2.22200714119636,0.4516765261947242
2768,2.7262245662019318,2.2573432084891154,0.46888135771281636
2769,2.824373310966201,2.434239631466487,0.3901336794997139
2770,2.7650343603107053,2.3203460305122814,0.4446883297984239
2771,2.7919239582927426,2.3538313659887615,0.4380925923039811
2772,2.7246079128230773,2.274647545441361,0.4499603673817165
2773,2.6878818911538804,2.2232184926135337,0.4646633985403468
2774,2.8849344897750044,2.43588088797041,0.4490536018045943
2775,2.85586371137334,2.3900553991364566,0.46580831223688346
2776,2.6457154771933964,2.1993228655040724,0.446392611689324
2777,2.8804976487337197,2.4274844715110127,0.45301317722270706
2778,2.842350516216625,2.376744181461244,0.46560633475538094
2779,2.685043561479591,2.222440347100941,0.46260321437865004
2780,2.6935711276832675,2.2384696256481895,0.45510150203507793
2781,2.8043187261185603,2.33256574980249,0.47175297631607016
2782,2.6865403460487194,2.251248315357616,0.43529203069110345
2783,2.7028039950594898,2.2456927580621757,0.45711123699731404
2784,2.926788159496452,2.4844184929670425,0.4423696665294097
2785,2.7327602477671036,2.3018907392283845,0.4308695085387191
2786,2.8813372917521156,2.442533528407635,0.43880376334448057
2787,2.662991513922394,2.1987753121453912,0.4642162017770026
2788,2.788446595180872,2.313133679207652,0.4753129159732201
2789,2.880844143862507,2.481676518669055,0.39916762519345195
2790,2.793328437333425,2.3420238877780046,0.4513045495554202
2791,2.868541648262475,2.4076055456211196,0.4609361026413552
2792,2.878304550998493,2.4515256955635323,0.42677885543496075
2793,2.7721632426482694,2.320103078235007,0.45206016441326247
2794,2.69820503246614,2.2426260169007093,0.4555790155654309
2795,2.712820609201971,2.27776471308994,0.435055896112031
2796,2.8245330671787205,2.34818881036677,0.4763442568119505
2797,2.935109773873776,2.4872530869614766,0.4478566869122993
2798,2.7543730434346823,2.32895457342498,0.42541847000970234
2799,2.77575452094989,2.3098059873208117,0.4659485336290783
2800,3.1025147684821355,2.7236590702816925,0.37885569820044296
2801,2.743706665958595,2.283047077841332,0.46065958811726304
2802,2.853572924174148,2.429791949949315,0.4237809742248331
2803,2.728180202552847,2.291905147053288,0.4362750554995589
2804,2.749568972227511,2.3210749808621243,0.4284939913653867
2805,2.881364388362053,2.40795517429041,0.47340921407164327
2806,2.726159660125597,2.2968276822279923,0.4293319778976046
2807,2.6700964672029084,2.1916370692127116,0.47845939799019677
2808,2.7759504351280895,2.3326279276334385,0.44332250749465096
2809,2.9513876354873125,2.5135309126689496,0.43785672281836296
2810,2.837986818342055,2.4105529763731997,0.42743384196885525
2811,2.658544427132628,2.1897872192230556,0.4687572079095723
2812,2.8021484025034153,2.396930090008716,0.40521831249469953
2813,2.803091196330471,2.3562583336397744,0.4468328626906968
2814,2.597422108313573,2.1357439349868996,0.4616781733266735
2815,2.9001103709364267,2.45575052678612,0.4443598441503065
2816,2.9458243405710083,2.4870645471710233,0.45875979339998496
2817,2.6932829260503026,2.2473363011897938,0.44594662486050884
2818,2.8494578891725,2.3472440374773256,0.5022138516951746
2819,2.916969579533479,2.487817368314932,0.42915221121854685
2820,2.8814584757560455,2.3986020678681674,0.4828564078878781
2821,2.715613468480899,2.2471228687800147,0.46849059970088414
2822,2.7678545931453375,2.311951944133648,0.45590264901168975
2823,2.8055201449914478,2.350047443761799,0.4554727012296489
2824,2.839346875798806,2.367590937898071,0.4717559379007348
2825,2.662397089021722,2.200523218078241,0.4618738709434811
2826,2.7397585612712283,2.315794788634544,0.4239637726366845
2827,2.969948084770866,2.486544134953999,0.48340394981686696
2828,2.888362083397907,2.5103320544537797,0.3780300289441274
2829,2.898883818184459,2.5061011509689677,0.39278266721549127
2830,2.6349345511197977,2.1695139226683,0.4654206284514979
2831,2.8260997133667454,2.3916671420657534,0.434432571300992
2832,2.7009337248046013,2.2507719020454546,0.4501618227591466
2833,2.7563185814694187,2.3122061892457113,0.44411239222370735
2834,2.741378362569028,2.312178354032193,0.4292000085368346
2835,2.727067967872519,2.262782162976908,0.4642858048956109
2836,2.8385066162939214,2.3665884748913264,0.471918141402595
2837,2.7566882447530436,2.341646565069606,0.4150416796834375
2838,2.6252275043064652,2.1555268986760447,0.4697006056304205
2839,2.823462203788833,2.3993832820713523,0.42407892171748074
2840,2.9084899836876255,2.4948295414761428,0.4136604422114827
2841,3.1116698847026565,2.7552238661322326,0.3564460185704239
2842,2.790281443634119,2.3377189869752115,0.4525624566589075
2843,2.741788449388759,2.2671843940094734,0.47460405537928585
2844,2.8736290562607603,2.408810861628433,0.4648181946323273
2845,2.749126979704729,2.3317000701485098,0.4174269095562191
2846,2.716428214264362,2.262166067006123,0.4542621472582389
2847,2.924521849630013,2.461936894346751,0.46258495528326193
2848,2.7543691491314073,2.319148196330162,0.4352209528012452
2849,2.675512265229373,2.2078712021895717,0.46764106303980135
2850,2.83783115423363,2.375276602832403,0.4625545514012268
2851,2.744469787835088,2.2922582045032973,0.45221158333179057
2852,2.7249108827922046,2.271890389223812,0.4530204935683928
2853,2.739639457333221,2.287966329595166,0.4516731277380548
2854,2.9150824417461134,2.469743616189742,0.4453388255563713
2855,2.7384581339852576,2.2919763174743153,0.4464818165109423
2856,2.9002343776033337,2.460571190485902,0.4396631871174317
2857,2.574750853750875,2.1197377735163574,0.4550130802345178
2858,2.8402765833787083,2.3732178489137534,0.46705873446495483
2859,2.76548092733854,2.3236491414107556,0.44183178592778427
2860,2.765236438401873,2.326410719555172,0.43882571884670085
2861,2.7065227544194994,2.236177821104858,0.47034493331464144
2862,2.7241733107125086,2.269268285019903,0.4549050256926055
2863,2.786681191034565,2.2979742124328655,0.4887069786016993
2864,2.6795900288671763,2.24651109439227,0.4330789344749064
2865,2.9342335673917432,2.484759803676416,0.4494737637153272
2866,2.7470009179053636,2.301756397759315,0.44524452014604865
2867,2.7253349498575528,2.2951159789706868,0.430218970886866
2868,2.9910198884930144,2.615627528528247,0.3753923599647675
2869,2.7405938612159524,2.27544492214845,0.46514893906750254
2870,2.7578567292937075,2.2821609463661017,0.47569578292760584
2871,2.813901776147895,2.3533660161897374,0.46053575995815743
2872,2.7849452660684904,2.3259212405398437,0.45902402552864663
2873,2.67742013488013,2.214085357372734,0.46333477750739593
2874,2.6718567748433006,2.208707454446504,0.4631493203967967
2875,2.754245852427208,2.2691158622630794,0.4851299901641286
2876,2.6233308774180233,2.161079738005056,0.46225113941296714
2877,2.7243554656577356,2.257537442862497,0.46681802279523854
2878,2.620272078635488,2.172159063672377,0.44811301496311096
2879,2.7082195337114685,2.2499095156498896,0.4583100180615789
2880,2.7821215382112827,2.3258896570716074,0.4562318811396753
2881,2.729264994841642,2.2788326962347343,0.4504322986069078
2882,2.7863186636527213,2.3138414060437347,0.4724772576089866
2883,2.67810764782069,2.218406967940775,0.45970067987991525
2884,2.7720089347195405,2.2895346483918284,0.48247428632771205
2885,2.6872784576715647,2.241134961781423,0.4461434958901416
2886,2.8083157817738997,2.3525577547874357,0.45575802698646406
2887,2.688950025609715,2.225976130488095,0.4629738951216198
2888,2.8113370810846288,2.3530746827983027,0.4582623982863261
2889,2.8585032061807065,2.371093102487249,0.4874101036934575
2890,2.791238454151908,2.3584321986660037,0.43280625548590423
2891,2.7622019846244195,2.281300018128949,0.48090196649547057
2892,2.741418190365379,2.2851723223764346,0.4562458679889443
2893,2.9233117621953286,2.4878278634158715,0.43548389877945715
2894,2.850128645720198,2.3827150715966443,0.46741357412355367
2895,2.774766871708303,2.3306046822346924,0.4441621894736105
2896,2.7174482205724306,2.2990921305007936,0.418356090071637
2897,2.6878104950409454,2.2457193167286436,0.4420911783123018
2898,2.948529827780205,2.541504194558447,0.4070256332217581
2899,2.9250130606873967,2.46652052447455,0.4584925362128467
2900,2.760192029889161,2.3025953909056223,0.45759663898353864
2901,2.7006130115695703,2.220345395156845,0.4802676164127253
2902,2.821565949211164,2.3575942421984566,0.4639717070127074
2903,2.7417952042695886,2.331448279241737,0.41034692502785175
2904,2.8031752620927626,2.34041733867407,0.4627579234186925
2905,2.7610084694155375,2.2848056052269934,0.4762028641885441
2906,2.645742688164407,2.1935050027794643,0.4522376853849428
2907,2.763650038038815,2.306297041872741,0.45735299616607383
2908,2.716425791194906,2.265543770825212,0.45088202036969394
2909,2.687269581784348,2.237488129204884,0.4497814525794639
2910,2.919079195143619,2.4708375436140813,0.44824165152953777
2911,2.7930282919125307,2.2935936136899286,0.499434678222602
2912,2.8601974238366545,2.4351747374800197,0.42502268635663487
2913,2.6854530854594083,2.2001182105284296,0.4853348749309787
2914,2.759477723598737,2.3108246141262456,0.44865310947249126
2915,2.8004284807726427,2.3521470993995246,0.4482813813731181
2916,2.71502258673136,2.260351387044486,0.4546711996868744
2917,2.7898771875559905,2.309392028667663,0.48048515888832766
2918,2.839939842838091,2.4488295533517364,0.39111028948635473
2919,2.8593255238797393,2.476201750019913,0.3831237738598263
2920,2.769949786092071,2.3265089816727205,0.4434408044193505
2921,2.8629641945252837,2.4124264696842945,0.4505377248409892
2922,2.7507240650055014,2.3302755910987965,0.4204484739067049
2923,2.675495987504516,2.2214308763542534,0.4540651111502627
2924,2.807347033556409,2.378202786763248,0.429144246793161
2925,2.788362271567013,2.352240148504715,0.43612212306229825
2926,2.7749457210824624,2.2972469607411665,0.4776987603412959
2927,2.7597350921464896,2.312406306758732,0.44732878538775767
2928,2.847762990270003,2.4292488994199335,0.4185140908500693
2929,2.842200999088,2.4407026500826317,0.4014983490053683
2930,2.7751766512699216,2.3212602950808456,0.453916356189076
2931,2.9897299353056632,2.5225350572533993,0.4671948780522639
2932,2.895960125969815,2.479868664049959,0.4160914619198559
2933,3.007933035605096,2.5741215578925334,0.4338114777125628
2934,2.7013737130364373,2.2367562089122743,0.4646175041241629
2935,2.7099891970604535,2.262480321597657,0.4475088754627965
2936,2.78770330150088,2.331128389461562,0.45657491203931766
2937,2.756671685354693,2.3257570426978535,0.4309146426568393
2938,2.847361140990707,2.4021352147606323,0.4452259262300746
2939,2.6611560759437642,2.223424818063202,0.4377312578805621
2940,2.702825779223846,2.2745190733766916,0.4283067058471546
2941,2.685963525757969,2.220188351108906,0.4657751746490626
2942,2.910830508988734,2.4284966693852037,0.4823338396035304
2943,2.7493862059216654,2.305513695215916,0.4438725107057495
2944,2.7586909193884877,2.2904268484355703,0.46826407095291733
2945,2.6832101837856226,2.1977429617280464,0.4854672220575762
2946,2.6759098322708432,2.1975592393023957,0.4783505929684475
2947,2.788132985444648,2.3209807060573686,0.46715227938727955
2948,2.9654025536403275,2.5402815508142296,0.4251210028260979
2949,2.787600804718976,2.3193451555485116,0.4682556491704646
2950,2.842421555362215,2.373700466542536,0.4687210888196791
2951,2.7825783104791846,2.345779553755442,0.4367987567237428
2952,2.802686677699559,2.3688155986600736,0.4338710790394855
2953,2.7815440014141335,2.3300093890299793,0.45153461238415415
2954,2.8927030373712377,2.4520991470269338,0.4406038903443039
2955,2.7213493200689944,2.2911477467182677,0.43020157335072673
2956,2.6448160869541133,2.175243945394464,0.4695721415596492
2957,2.8405387973952005,2.4258015350790854,0.4147372623161152
2958,2.6155803175495156,2.1536158718165574,0.46196444573295814
2959,2.738534643548703,2.27184523482118,0.4666894087275226
2960,2.751343350309042,2.2743996865969294,0.4769436637121127
2961,2.7186421328889376,2.2462818726562097,0.4723602602327279
2962,2.71749490498833,2.2827925000245983,0.4347024049637316
2963,2.81783013109015,2.40540335858793,0.41242677250221993
2964,2.7672120704020853,2.2999039422360315,0.4673081281660538
2965,2.6909400958110528,2.220833143736633,0.47010695207441966
2966,2.7155915319773674,2.263854469548545,0.45173706242882217
2967,3.147559579559541,2.7770960431299696,0.3704635364295714
2968,2.7957485902902883,2.3290419982808226,0.46670659200946574
2969,2.808121201582228,2.3877635274216216,0.42035767416060654
2970,2.685505170038136,2.2303644447186013,0.45514072531953476
2971,2.8023514863357444,2.3675448390568548,0.4348066472788896
2972,2.719401514533777,2.2622758683409008,0.4571256461928761
2973,2.650374045249629,2.204603718301171,0.4457703269484581
2974,2.9414133188861276,2.488260781303473,0.4531525375826546
2975,2.8971330535572455,2.435261450395406,0.4618716031618395
2976,2.761962444717984,2.2942296957021098,0.467732749015874
2977,2.8530320099842728,2.3861970310452882,0.4668349789389845
2978,2.8963443439523067,2.4384741207620415,0.45787022319026516
2979,2.6623387806303374,2.211676934989679,0.45066184564065814
2980,2.995753190069813,2.5897938401116,0.4059593499582128
2981,2.8695608635122105,2.4040547704917143,0.46550609302049617
2982,2.7864002880022,2.3415651475241024,0.44483514047809747
2983,2.6373769006880385,2.180891185414774,0.4564857152732644
2984,2.695719699327771,2.2484113003620285,0.44730839896574226
2985,2.7718141967231418,2.32357025230938,0.4482439444137616
2986,2.7052675725412816,2.225519653404344,0.4797479191369374
2987,2.7221438166726797,2.279310459508688,0.4428333571639915
2988,2.761778494267638,2.3080153396186085,0.4537631546490295
2989,2.8114268232990383,2.3812926508221186,0.43013417247691965
2990,2.7367021318138085,2.2664712472352804,0.47023088457852813
2991,2.9124417150202597,2.4566928600606524,0.4557488549596074
2992,2.797051477839345,2.3489656316971677,0.4480858461421775
2993,2.699402961442383,2.2707111832856857,0.42869177815669746
2994,2.7929670849012327,2.3241000916226127,0.46886699327862
2995,2.7515218468731817,2.2943786248931297,0.457143221980052
2996,2.9201821876940546,2.500059421662912,0.4201227660311426
2997,2.816251990458583,2.373519790634849,0.4427321998237339
2998,2.7390554051781617,2.301991563703513,0.43706384147464883
2999,2.7697887458146444,2.3012479435247766,0.46854080228986783
3000,2.602492965538584,2.131443373628383,0.4710495919102011
3001,2.6268557671934936,2.156713262365663,0.4701425048278307
3002,2.782327238085529,2.330574919123025,0.4517523189625039
3003,2.761248410102649,2.2804264847052496,0.4808219253973993
3004,2.8697552047487704,2.3866048720849147,0.48315033266385576
3005,2.6739251990989086,2.224118887345104,0.4498063117538047
3006,2.6921244722627513,2.2254298179623864,0.46669465430036494
3007,2.809867208028496,2.330525518761938,0.47934168926655785
3008,2.7468664584342615,2.301125444917918,0.44574101351634354
3009,2.7009037631476374,2.2212707688233095,0.4796329943243278
3010,2.842987973633711,2.406443779506354,0.4365441941273569
3011,2.795379022667701,2.3855949693290097,0.4097840533386914
3012,2.747605122098587,2.3002265639523243,0.4473785581462626
3013,2.8529244482377987,2.3795762478628713,0.4733482003749274
3014,2.8397679177895014,2.424243208723958,0.4155247090655436
3015,2.686437532024307,2.217178210090066,0.46925932193424114
3016,2.8269705885638787,2.4150357036858807,0.411934884877998
3017,2.899113831526115,2.462526303914478,0.4365875276116369
3018,3.0031511594125457,2.602820857859652,0.4003303015528936
3019,2.7285076744815298,2.267334316617613,0.4611733578639168
3020,2.7267192614577866,2.2587646051622503,0.46795465629553634
3021,2.654710122491971,2.1914019144811285,0.4633082080108424
3022,2.8891460647680742,2.452833294593103,0.4363127701749714
3023,2.8783338816013213,2.382399829529139,0.4959340520721822
3024,2.793414415248693,2.350075382826669,0.4433390324220241
3025,2.8165372830252715,2.3557515617560476,0.4607857212692239
3026,2.7069147481217164,2.261909801140631,0.4450049469810855
3027,2.7048630513585454,2.2596236038810535,0.4452394474774919
3028,2.6084134553332254,2.1373342031476588,0.4710792521855667
3029,2.837082653033016,2.398993235908614,0.4380894171244023
3030,2.797145113165292,2.3401416745502055,0.4570034386150863
3031,2.861453521986878,2.4111360799918757,0.45031744199500245
3032,2.883630387732331,2.425594636342508,0.458035751389823
3033,2.9042093780594382,2.4481755436878063,0.4560338343716319
3034,2.885070914325631,2.4519741513438116,0.4330967629818194
3035,2.767626310362576,2.3202871612876046,0.4473391490749714
3036,2.812116035152326,2.4098828291530916,0.4022332059992344
3037,2.7185389498375034,2.256464414269582,0.46207453556792144
3038,2.723548051691561,2.248455768828977,0.4750922828625841
3039,2.859114828323479,2.4404553602618004,0.41865946806167864
3040,2.9166767738354773,2.4782726039888012,0.4384041698466761
3041,2.7432621586323696,2.281801993407518,0.46146016522485134
3042,2.694476526577406,2.215431145965471,0.479045380611935
3043,2.7032338450915354,2.2531621134521505,0.45007173163938496
3044,2.6704644958987203,2.2123441905798282,0.45812030531889203
3045,2.6727345560039026,2.2047953065991894,0.4679392494047132
3046,2.948919899728523,2.50650029228854,0.4424196074399829
3047,2.691048175695034,2.228757968775568,0.4622902069194659
3048,2.9008225716970157,2.5046650025459054,0.39615756915111033
3049,2.8556405427595353,2.386273284462702,0.46936725829683335
3050,2.7613352774832554,2.3288912412820206,0.4324440362012347
3051,2.738048594002518,2.2710349214203647,0.4670136725821532
3052,2.7907628801925854,2.370800979804635,0.41996190038795067
3053,2.751814570318948,2.302365967169503,0.4494486031494449
3054,2.7541949776656636,2.301055211009532,0.45313976665613165
3055,2.729053243158383,2.2830842809988185,0.4459689621595646
3056,2.812893148733155,2.360631840711339,0.4522613080218161
3057,2.7881955530773377,2.3155028683077017,0.472692684769636
3058,2.8462789631722107,2.3886855951627926,0.4575933680094182
3059,2.7489628458861692,2.2796927405276213,0.46927010535854796
3060,2.7639243107780977,2.3158073324835953,0.4481169782945025
3061,2.667041207233923,2.2025980319275047,0.46444317530641843
3062,2.6696793746961487,2.226768769406628,0.44291060528952064
3063,2.930228839069625,2.4771682524390646,0.45306058663056037
3064,2.794116122050475,2.359292232493122,0.43482388955735285
3065,2.612233351884056,2.1470454090747895,0.46518794280926645
3066,2.9126118894224815,2.481976362674583,0.4306355267478983
3067,2.6935208833818822,2.2286044493264994,0.46491643405538285
3068,2.7710722415914693,2.2792534447173987,0.4918187968740706
3069,2.699997215489299,2.2503887035950476,0.44960851189425144
3070,2.8474867462066484,2.4135843491324787,0.4339023970741698
3071,2.8325482476773614,2.38443689587064,0.44811135180672146
3072,2.8332144551445397,2.4016700757944136,0.43154437935012613
3073,2.9869587610913437,2.53171211598682,0.45524664510452384
3074,2.666697559575604,2.214151874725917,0.4525456848496874
3075,2.742240484015979,2.3122288343458735,0.43001164967010563
3076,2.905088085810669,2.4554170860265914,0.44967099978407754
3077,2.7424224530466823,2.2804858269921175,0.46193662605456476
3078,2.7041797487535932,2.2364299192394412,0.467749829514152
3079,2.75615501670642,2.3063529821298014,0.4498020345766185
3080,2.665814856225303,2.2106735493956857,0.45514130682961706
3081,2.8647672670149853,2.4592323479673244,0.4055349190476609
3082,2.5927505327472686,2.1274230956225355,0.4653274371247331
3083,2.696260310874831,2.22344724935866,0.47281306151617075
3084,2.8908513940941893,2.4666758093948817,0.4241755846993076
3085,2.8492222767854143,2.418413080980182,0.43080919580523247
3086,2.6087770276332165,2.158782279260955,0.4499947483722617
3087,2.8756211570011048,2.4055496400600727,0.4700715169410321
3088,2.953468310966338,2.5366953189497217,0.41677299201661633
3089,2.8221538627758593,2.387827682790914,0.43432617998494516
3090,2.867358721404866,2.457076734933679,0.41028198647118685
3091,2.866718836216817,2.414376019198684,0.45234281701813295
3092,2.6157711950439255,2.1656842526641245,0.45008694237980107
3093,2.826990682956511,2.3515525963277084,0.4754380866288024
3094,2.873398102031593,2.439000192716891,0.4343979093147019
3095,2.7820563210810727,2.3727444270821345,0.4093118939989382
3096,2.7067486839319366,2.2249182269164423,0.4818304570154943
3097,2.8723875587266803,2.4115178041668757,0.4608697545598046
3098,2.8105690115093096,2.3872523403087844,0.4233166712005252
3099,2.7693082222825227,2.292073368945532,0.47723485333699056
3100,2.9767540987383283,2.5299648255388347,0.4467892731994936
3101,2.700583126406257,2.257192814154584,0.4433903122516729
3102,2.850242098833538,2.414074277006583,0.4361678218269551
3103,2.840602370830148,2.375025563040222,0.46557680778992605
3104,2.996073029459038,2.6130382824043386,0.3830347470546993
3105,2.7602617499321807,2.296950323831047,0.4633114261011335
3106,2.9329989733626447,2.5455342952008917,0.387464678161753
3107,2.7621399360071948,2.3080710015842594,0.4540689344229354
3108,2.856986543693797,2.368790781148417,0.48819576254538033
3109,2.7421725408675655,2.297807063073508,0.44436547779405755
3110,2.8110915432118273,2.3598934083971486,0.45119813481467874
3111,2.7636918531737007,2.2804735875874775,0.48321826558622316
3112,2.709047211429286,2.2588965043623794,0.45015070706690663
3113,2.6926194297752195,2.25701418358397,0.4356052461912494
3114,2.9485896707926207,2.4983339155777333,0.45025575521488737
3115,2.73509096910294,2.3070780167542626,0.42801295234867753
3116,2.6852133302756234,2.2114720218847963,0.47374130839082707
3117,2.8469840721171593,2.4110002411726534,0.4359838309445059
3118,2.710653734161161,2.2530602688449486,0.45759346531621237
3119,2.747403296040809,2.285824358067792,0.46157893797301686
3120,2.7867973453581842,2.381555445010121,0.4052419003480634
3121,2.7812020091170595,2.3433134531013,0.4378885560157597
3122,2.6902776214486734,2.2502536436725773,0.44002397777609614
3123,2.8220730859450947,2.326151131229119,0.49592195471597567
3124,2.6068741330264813,2.151182470094936,0.4556916629315455
3125,2.695536425815512,2.2274204146457355,0.4681160111697764
3126,2.953354114321988,2.536728612441978,0.4166255018800098
3127,2.6993098314688204,2.2732992323466386,0.42601059912218187
3128,2.7955904842956065,2.3373095004227555,0.458280983872851
3129,2.7134359957441996,2.267899269599738,0.4455367261444616
3130,2.654802312136148,2.1768773989043986,0.47792491323174957
3131,2.7285399011890816,2.2975007557018516,0.43103914548723
3132,2.8481423974815403,2.438601008638744,0.4095413888427961
3133,3.053452234292684,2.655432477273634,0.3980197570190498
3134,2.8841969798962763,2.4520952751305267,0.4321017047657496
3135,2.6763525557668015,2.20776386095603,0.4685886948107716
3136,2.7581100026484364,2.301214474865341,0.4568955277830953
3137,2.9127477003778464,2.4791211671792497,0.4336265331985967
3138,2.7763695729323503,2.316501283028012,0.4598682899043385
3139,2.7862985126420714,2.3472089293741343,0.4390895832679371
3140,2.8003184941939705,2.3361950675402188,0.4641234266537517
3141,2.6763356197406956,2.214686663517164,0.46164895622353175
3142,2.8584014491109007,2.4167218776174013,0.44167957149349935
3143,2.6753787857550138,2.2191423356541957,0.45623645010081804
3144,2.72665509486513,2.2858692229797115,0.4407858718854185
3145,2.9418703170221088,2.5370133539968256,0.4048569630252832
3146,2.7358215591259283,2.2726244222400003,0.463197136885928
3147,2.66947774798023,2.1953094178465458,0.4741683301336841
3148,2.6514259443257053,2.189294886258124,0.46213105806758126
3149,2.6785176437183007,2.2187382130182343,0.45977943070006644
3150,2.7625374424040583,2.297679560853175,0.46485788155088326
3151,2.596028669016005,2.1296131159341165,0.4664155530818883
3152,2.714886192283437,2.26507785988772,0.44980833239571716
3153,2.737285566303882,2.3045250390366596,0.43276052726722236
3154,2.8649008389625137,2.441807870313635,0.42309296864887846
3155,2.6537726645875575,2.1861849885002558,0.4675876760873017
3156,2.8184629931934913,2.3391387175373906,0.4793242756561007
3157,2.8484836096473938,2.3978653440065116,0.45061826564088214
3158,2.942828822795131,2.524449092369087,0.4183797304260439
3159,2.7741979939214874,2.321945425043725,0.45225256887776233
3160,2.7699963846094326,2.3467598294731875,0.42323655513624514
3161,2.79231975989433,2.3899469845459875,0.4023727753483426
3162,2.7505024934260183,2.3137145326338584,0.43678796079215987
3163,2.8041277464982617,2.3443198446949647,0.459807901803297
3164,2.726018104980597,2.2753391177067663,0.4506789872738306
3165,2.7740804526122984,2.311550738927745,0.4625297136845532
3166,2.7114770658658873,2.24199394895459,0.4694831169112974
3167,2.766629757435477,2.3042270231401254,0.4624027342953516
3168,2.783474800691506,2.331476813091338,0.45199798760016785
3169,2.8280767062599916,2.377288633416492,0.4507880728434994
3170,2.812507632483788,2.3591034265367967,0.4534042059469914
3171,2.9130678772093117,2.4574140612213307,0.45565381598798105
3172,2.744442579388117,2.3313269597470887,0.41311561964102816
3173,2.6958520376645474,2.23691916758601,0.45893287007853756
3174,2.7679346825027196,2.291368197560273,0.4765664849424467
3175,2.6608351531804715,2.2043656075502214,0.4564695456302501
3176,2.610342719880972,2.129233152615538,0.48110956726543375
3177,2.810763409512324,2.3470100030189958,0.4637534064933284
3178,2.6485883188541712,2.188765524812439,0.4598227940417323
3179,2.8277309192657416,2.399726999389804,0.42800391987593756
3180,2.891850931476969,2.450988589255403,0.4408623422215663
3181,2.7919700881661327,2.3403958660737696,0.4515742220923631
3182,2.767077955057303,2.3027104139007912,0.4643675411565118
3183,2.6114875209518895,2.163335130747588,0.44815239020430164
3184,2.8313732480212512,2.374792447909768,0.45658080011148305
3185,2.9470997981775815,2.512571912909119,0.43452788526846264
3186,2.9714491403371137,2.5152933555229717,0.456155784814142
3187,2.8832537170087895,2.434617037496272,0.4486366795125174
3188,2.6639060184697305,2.1961285533725263,0.4677774650972042
3189,3.0023038965823154,2.5845585775569564,0.41774531902535905
3190,2.7774008525892326,2.3264836596745653,0.45091719291466736
3191,2.717973037481451,2.286523113882172,0.43144992359927903
3192,2.6755396294433154,2.210642203558239,0.4648974258850762
3193,2.660282972687367,2.1823881255239512,0.4778948471634159
3194,2.9723270298964275,2.5087093436942904,0.46361768620213706
3195,2.8151414557418195,2.3813184027057304,0.43382305303608915
3196,2.721876567812088,2.2679181209203096,0.45395844689177833
3197,2.755413886472747,2.2853037919398465,0.47011009453290065
3198,2.7828668161344647,2.3536346241978077,0.42923219193665707
3199,2.723178485185396,2.2887376777909694,0.4344408073944268
3200,2.614119442623855,2.1335152136478346,0.4806042289760204
3201,2.67173550317211,2.230273127952477,0.44146237521963316
3202,2.760265734251487,2.3501955985808443,0.4100701356706429
3203,2.707684806425182,2.2824943089734178,0.4251904974517644
3204,2.899342814073021,2.437047414346482,0.46229539972653866
3205,2.702211719633966,2.2874681843222393,0.4147435353117266
3206,2.6679272166911217,2.216814897931937,0.45111231875918456
3207,2.749976802235191,2.2641841215585305,0.48579268067666037
3208,2.7944013109613466,2.37679690364014,0.4176044073212064
3209,2.69342364865783,2.2378723262576417,0.45555132240018814
3210,2.631486587998418,2.1591507866751436,0.4723358013232746
3211,2.60039951463744,2.150410277159199,0.44998923747824104
3212,2.856606971178643,2.3950873459222395,0.46151962525640355
3213,2.642150990837751,2.1892634089039213,0.4528875819338296
3214,2.896161370942695,2.4536605598262233,0.44250081111647166
3215,2.673044102546111,2.2192427162753083,0.4538013862708028
3216,2.756207814582126,2.311296512914201,0.44491130166792514
3217,2.7415607973713207,2.2602453204096724,0.48131547696164834
3218,2.792500570329407,2.363715007951873,0.42878556237753385
3219,2.6309723907268174,2.1669441562534426,0.4640282344733748
3220,2.7099437049256125,2.2408681539468662,0.4690755509787463
3221,2.7747006367473777,2.310085599011364,0.46461503773601365
3222,2.837319274552018,2.438348457640931,0.39897081691108705
3223,2.7914204524422037,2.359076447891829,0.4323440045503748
3224,2.8388979691018927,2.364139602242587,0.4747583668593056
3225,2.6710058595587367,2.2192876959757535,0.4517181635829832
3226,2.753052683954173,2.2740341333791485,0.4790185505750246
3227,2.8435678939935687,2.406593109920003,0.4369747840735658
3228,2.621084744517703,2.1643999250685813,0.45668481944912154
3229,2.7690802245719537,2.3283112757136117,0.44076894885834195
3230,2.8151428347660428,2.368432862941565,0.4467099718244776
3231,2.7771368700533183,2.320270725295226,0.4568661447580924
3232,2.7893126505320764,2.3451040728507353,0.44420857768134114
3233,2.9119776622770392,2.518909042055802,0.39306862022123745
3234,2.646466663553501,2.179518934959638,0.4669477285938628
3235,2.740006569355797,2.2793570724071306,0.4606494969486663
3236,2.6265316657998588,2.177159767303359,0.4493718984964996
3237,2.691413653540722,2.226850507755784,0.46456314578493796
3238,2.606183394331352,2.138837523309833,0.46734587102151925
3239,2.947996908945321,2.450804394832541,0.49719251411278
3240,2.6495790107186794,2.1973621428831236,0.4522168678355558
3241,2.918293514649826,2.488658407641359,0.4296351070084672
3242,2.6648860412423114,2.2075004950301875,0.4573855462121239
3243,2.5799611471305592,2.115770815796781,0.4641903313337781
3244,2.7657197155578443,2.287854128717772,0.4778655868400725
3245,2.7567763397425806,2.2888282506540016,0.467948089088579
3246,2.8093304784744184,2.352819251761739,0.45651122671267963
3247,2.8462675102445423,2.3793035932926756,0.4669639169518667
3248,2.7211773706675064,2.3024270535750095,0.4187503170924969
3249,2.896228938354815,2.5025369421373584,0.39369199621745654
3250,2.6646378087558342,2.221287113313079,0.44335069544275507
3251,2.9572510969613615,2.498463090019701,0.45878800694166033
3252,2.7926246887636674,2.326347354785826,0.4662773339778412
3253,2.778263197042887,2.306518029393935,0.4717451676489519
3254,2.6998919616969723,2.217415045764072,0.4824769159329003
3255,2.826105592224641,2.371401580878264,0.45470401134637717
3256,2.843512395749738,2.3776988207018475,0.46581357504789045
3257,2.6726051661374006,2.1922513538648185,0.4803538122725821
3258,2.897747828813067,2.4375141632683124,0.46023366554475453
3259,2.628538717322822,2.158813352741538,0.4697253645812838
3260,2.815938614189892,2.3581188936701243,0.4578197205197676
3261,2.736565591783595,2.294875804531812,0.4416897872517831
3262,2.8761392591632706,2.4217486823805556,0.454390576782715
3263,2.589219805627795,2.131611141601594,0.45760866402620115
3264,2.7514701763395197,2.3086494761513654,0.44282070018815434
3265,2.7578594646515664,2.3307022795982806,0.4271571850532858
3266,2.8915098306629408,2.429916022551342,0.46159380811159867
3267,2.853916843943002,2.4157313414947263,0.4381855024482757
3268,2.8100602316584813,2.3439068406390575,0.46615339101942377
3269,3.006550341469815,2.6694309630543174,0.33711937841549755
3270,2.6865203112411913,2.2074097177311525,0.4791105935100388
3271,2.846121736650665,2.3920034538566446,0.45411828279402044
3272,2.770176483308702,2.316192190868025,0.4539842924406772
3273,2.7530730661335454,2.3275795579353464,0.425493508198199
3274,2.86796016819459,2.4160537522843404,0.4519064159102495
3275,2.8031031234116974,2.345414162186283,0.45768896122541447
3276,2.8267588620649957,2.412578803771577,0.41418005829341853
3277,2.6681927995884926,2.1876558414756726,0.48053695811282005
3278,2.6478415029309303,2.187538385040901,0.4603031178900294
3279,2.758591086111132,2.3117917839721174,0.44679930213901464
3280,2.6600008060212406,2.1774314435116024,0.4825693625096381
3281,2.7078711473003603,2.2669946110086587,0.44087653629170154
3282,2.758573379745053,2.296667500001291,0.46190587974376207
3283,2.8715708153768693,2.3891771909916635,0.48239362438520583
3284,2.74813827812153,2.3225711820629242,0.425567096058606
3285,2.7819574915437806,2.3290283068478437,0.4529291846959369
3286,2.79296931935514,2.3595214986961226,0.4334478206590173
3287,2.7011777099659087,2.251581381630907,0.4495963283350015
3288,2.5827966951985317,2.1078764833060704,0.47492021189246136
3289,2.831608434744303,2.4450995726244122,0.38650886211989066
3290,2.816897973979038,2.385019303127388,0.43187867085165
3291,2.7221034610419412,2.2672391083575425,0.45486435268439873
3292,2.8631879411551853,2.3722614554196233,0.49092648573556197
3293,2.9487859932509934,2.545064938646049,0.40372105460494456
3294,2.8515105994466703,2.437604564721735,0.41390603472493526
3295,2.8856669233554366,2.4271341538265987,0.4585327695288379
3296,2.9172747817519453,2.482262845280865,0.4350119364710805
3297,2.8362446929863387,2.3969346987545754,0.4393099942317633
3298,2.726666077639276,2.290574053652467,0.43609202398680935
3299,2.6437093048330103,2.1998618280345634,0.4438474767984468
3300,2.6813688615604527,2.2047250152213866,0.4766438463390661
3301,2.8106532911119637,2.3316878370295355,0.4789654540824282
3302,2.880564322988635,2.4154481429295527,0.4651161800590824
3303,2.7810582180293304,2.3561640733200644,0.424894144709266
3304,3.01038327091188,2.5562988865779457,0.4540843843339344
3305,2.9630020289446795,2.543055142315295,0.4199468866293845
3306,2.9301781650495724,2.5406016852592987,0.38957647979027366
3307,2.622636066798389,2.1428965399238327,0.47973952687455634
3308,2.8673125537291257,2.3902144332284907,0.47709812050063505
3309,2.794106593433039,2.345963192989194,0.4481434004438447
3310,2.781444948687479,2.3527059203238276,0.4287390283636512
3311,2.759427462958152,2.3020245078592345,0.4574029550989174
3312,2.7369885865517256,2.2861352862673656,0.45085330028436
3313,2.695820169156639,2.251259556744318,0.4445606124123209
3314,2.7161372661776553,2.277067730435336,0.43906953574231933
3315,2.780500275769679,2.346894428425286,0.4336058473443929
3316,2.7478823664930427,2.289488239259554,0.4583941272334888
3317,2.845744213109351,2.4236048418495737,0.4221393712597772
3318,2.7314900168009,2.2976514573411904,0.43383855945970984
3319,2.81837463683415,2.3594097605793785,0.45896487625477134
3320,2.8677169922250143,2.4362432120425455,0.43147378018246885
3321,2.813981819598731,2.3761126304541684,0.43786918914456274
3322,2.642520412519391,2.16134962942017,0.4811707830992207
3323,2.7380228487565574,2.266229013050506,0.4717938357060514
3324,2.6178509591655583,2.1712589201908608,0.44659203897469757
3325,2.828875463607995,2.3774612042876226,0.4514142593203725
3326,2.7291404720175865,2.27521648003651,0.45392399198107647
3327,2.6732319545482546,2.2173822844305966,0.455849670117658
3328,2.821440578143173,2.3606480587123286,0.4607925194308442
3329,2.871696705195804,2.443281123183978,0.42841558201182606
3330,2.71366526116791,2.236325515396262,0.47733974577164817
3331,2.692913067102385,2.241264246345768,0.45164882075661694
3332,2.7224311725859787,2.2654806432723524,0.45695052931362623
3333,2.8139358823515175,2.3553771172695255,0.458558765081992
3334,2.948176461646805,2.54595720004302,0.40221926160378496
3335,2.6751279368957204,2.2268118216004544,0.44831611529526594
3336,2.6758817067599354,2.2298279495196986,0.44605375724023677
3337,2.703852155607284,2.2746040154206586,0.42924814018662527
3338,2.889783589400552,2.428685416044951,0.46109817335560077
3339,2.8028123713113877,2.3396743620518334,0.4631380092595543
3340,2.748508481993125,2.3135788765608765,0.4349296054322487
3341,2.5872568413978736,2.120458748151631,0.46679809324624255
3342,2.7708103312682892,2.348432610493525,0.4223777207747643
3343,2.7858446470999563,2.3860712011253797,0.39977344597457654
3344,3.119104287883072,2.715939736190174,0.40316455169289833
3345,2.9370330871126322,2.52061767177335,0.4164154153392823
3346,2.7635190357433053,2.3037547552558575,0.4597642804874478
3347,2.6455156837325937,2.182026839048794,0.4634888446837997
3348,2.7700635814302395,2.3103367960701546,0.4597267853600848
3349,2.7872233557426087,2.351376600458709,0.4358467552838996
3350,2.6368392727375762,2.1593439901385496,0.4774952825990266
3351,2.843011950549186,2.3941860580738403,0.4488258924753459
3352,2.6720408652887433,2.1938636958773663,0.478177169411377
3353,2.6634783639359765,2.199672385365804,0.4638059785701727
3354,2.618211923635903,2.137172381769595,0.4810395418663078
3355,2.8112090875867075,2.343608183647872,0.46760090393883535
3356,2.7943692965303053,2.324199720289637,0.47016957624066835
3357,2.744555298374621,2.2905662256730825,0.45398907270153854
3358,2.8107750273477237,2.3658178328006114,0.44495719454711224
3359,2.7937888468396395,2.3451806575435428,0.4486081892960967
3360,2.6807097606095764,2.226522720576571,0.4541870400330055
3361,2.8327467150513588,2.414574997227473,0.41817171782388574
3362,2.86579276446299,2.42101170774045,0.4447810567225403
3363,2.843535777105796,2.4177420879533886,0.42579368915240723
3364,2.7753436410713013,2.3451597364175574,0.4301839046537439
3365,2.6485754422736827,2.1825703537400845,0.46600508853359823
3366,2.6374097475238707,2.188295155402806,0.44911459212106486
3367,2.853927406156022,2.3986623326173073,0.4552650735387145
3368,2.6546689802937298,2.205222143365683,0.4494468369280469
3369,2.6843781210356994,2.221089467774502,0.4632886532611975
3370,3.0239601661667903,2.644408106926631,0.37955205924015933
3371,2.79062452485779,2.3216554857992664,0.4689690390585235
3372,2.7353375250052947,2.2999207150045176,0.43541681000077714
3373,2.901681390688782,2.4796292765666497,0.4220521141221325
3374,2.7406117663271146,2.2529684243723436,0.487643341954771
3375,2.6876943163114313,2.2343270214665862,0.45336729484484506
3376,2.7094740193823146,2.237405888689486,0.4720681306928287
3377,2.708698230430465,2.2482830894193295,0.46041514101113545
3378,2.968174141369008,2.499801383757357,0.46837275761165076
3379,2.664121248163997,2.183227238844688,0.48089400931930903
3380,2.613210481304273,2.1617623551842797,0.4514481261199932
3381,2.8448989757030905,2.384371192974397,0.4605277827286933
3382,2.752213260257421,2.3070813822234597,0.4451318780339615
3383,2.7474208708905423,2.307201876936638,0.4402189939539043
3384,2.779978942369445,2.3536814621830757,0.42629748018636926
3385,2.8014715114938245,2.3504590283227396,0.4510124831710849
3386,2.6722499434047458,2.232301630935206,0.4399483124695398
3387,2.664556313593924,2.1992426138022934,0.4653136997916305
3388,2.5932605505217103,2.1328516743731605,0.46040887614854986
3389,2.7637320157671943,2.3019186014525483,0.46181341431464595
3390,2.8071986272980225,2.375331581548234,0.4318670457497884
3391,2.741666392884953,2.2681457927952517,0.4735206000897012
3392,2.6713121974856144,2.196738056144255,0.47457414134135956
3393,2.7472034719433536,2.290288621058451,0.45691485088490236
3394,2.733733077441886,2.268918374043766,0.46481470339812025
3395,2.703792933828529,2.2547150271183387,0.44907790671019043
3396,2.840274919438647,2.4261191213621487,0.41415579807649827
3397,2.9060084509531907,2.4799500038779163,0.4260584470752744
3398,2.8241497928667734,2.360271874021686,0.4638779188450872
3399,2.8371102505158152,2.4241910289746635,0.4129192215411517
3400,2.846980684779016,2.4158090423349434,0.4311716424440726
3401,2.8080578213420617,2.368606237260372,0.4394515840816897
3402,2.8955311754015276,2.4582837865903393,0.4372473888111883
3403,2.733652923916456,2.264182797587677,0.4694701263287788
3404,2.7518329519975735,2.2831159266701886,0.4687170253273849
3405,2.96019573643625,2.530203646374237,0.4299920900620129
3406,2.9279091843485614,2.455174014863889,0.4727351694846722
3407,2.770505740759816,2.321141887482492,0.4493638532773243
3408,2.7016278826800812,2.2406022100424057,0.4610256726376756
3409,2.8457901163350456,2.390214009930722,0.4555761064043238
3410,2.634580185408043,2.1822254486392167,0.4523547367688261
3411,2.688816240098859,2.226691434118677,0.4621248059801819
3412,2.8882547284906046,2.4075381983736572,0.48071653011694737
3413,2.8182859855189744,2.3743912231688946,0.44389476235007974
3414,2.853637378545841,2.3584398390763432,0.4951975394694976
3415,2.7769465617724762,2.3229049841681215,0.4540415776043547
3416,2.76866690935892,2.2929783219107347,0.4756885874481851
3417,2.756191807636243,2.3199504586077393,0.43624134902850376
3418,2.711092371283105,2.27559387934949,0.4354984919336151
3419,2.9957257995722237,2.544726347815587,0.4509994517566369
3420,2.8502206162822405,2.395784674351634,0.45443594193060655
3421,2.807150550707143,2.3678665973918998,0.4392839533152433
3422,2.868986386650931,2.4401556451335358,0.4288307415173951
3423,2.8021910423779306,2.3605363009350997,0.4416547414428309
3424,2.8231705368437665,2.3440476595534085,0.47912287729035796
3425,2.696343803238878,2.2315390559312265,0.4648047473076513
3426,2.732545961548065,2.2452978730025595,0.4872480885455057
3427,2.75022116748857,2.328429134020604,0.4217920334679661
3428,2.7949213261624894,2.3371551211680193,0.4577662049944702
3429,2.717898375059697,2.261723051997501,0.4561753230621961
3430,2.649354898135234,2.213797936998269,0.43555696113696474
3431,2.779919857156011,2.2916876559285155,0.48823220122749555
3432,2.6631356402641204,2.1997370255861366,0.4633986146779838
3433,2.638590125217583,2.2017270811516925,0.4368630440658907
3434,2.77174677936164,2.284796158174427,0.486950621187213
3435,2.8194016314295403,2.389402734090809,0.4299988973387312
3436,2.797124092916806,2.3856969912837056,0.41142710163310037
3437,2.661568732234044,2.208922131417609,0.45264660081643493
3438,2.797673511449137,2.328573125152242,0.469100386296895
3439,2.8116140436292905,2.3471742243195086,0.46443981930978184
3440,2.7001195253491024,2.2307622377433622,0.46935728760574014
3441,2.819134889855231,2.3870692248756455,0.4320656649795853
3442,2.752919438490996,2.3141559279216013,0.43876351056939455
3443,2.8323346874683097,2.38043604695295,0.4518986405153598
3444,2.782001997973655,2.3277659886748276,0.45423600929882735
3445,2.780258344581113,2.3522569023689592,0.42800144221215364
3446,2.949331784193262,2.490003004954516,0.4593287792387457
3447,2.8421136652676764,2.3956776501389743,0.4464360151287021
3448,2.817680302602362,2.3765431994786197,0.4411371031237423
3449,2.7369703201448634,2.289150320481889,0.4478199996629746
3450,2.771433975042679,2.355657537477401,0.41577643756527793
3451,2.8151841873407273,2.329209365362824,0.4859748219779032
3452,2.681342383746673,2.242877769900468,0.43846461384620516
3453,2.6966911039232064,2.241382949361817,0.4553081545613895
3454,2.746730393863988,2.3196621766898677,0.42706821717412025
3455,2.802723421526018,2.3437993170917295,0.45892410443428844
3456,2.711534521593692,2.259860904911339,0.4516736166823532
3457,2.681393595261493,2.2280061717662476,0.4533874234952453
3458,2.830059307778588,2.371369992511397,0.4586893152671907
3459,2.850610899875286,2.375974389854808,0.47463651002047813
3460,2.690342682210321,2.256189793071397,0.4341528891389239
3461,2.785449066607764,2.3461502878286327,0.43929877877913137
3462,2.9598941788630033,2.5420950069287387,0.41779917193426463
3463,2.7130261350168334,2.23982366132165,0.47320247369518365
3464,2.663106389293042,2.1963601590514443,0.4667462302415979
3465,2.873084478772077,2.4425951427563692,0.4304893360157078
3466,2.726699443128208,2.2666073778274374,0.4600920653007705
3467,2.819382633920585,2.3697199357398757,0.44966269818070925
3468,2.7543915716590868,2.2940429258193937,0.46034864583969304
3469,2.8313342320227477,2.3847904591337894,0.4465437728889583
3470,2.6717874794178136,2.2156201140508176,0.456167365366996
3471,2.6282598362512606,2.1726915912454854,0.4555682450057752
3472,2.5719794017801596,2.1166796351643207,0.45529976661583893
3473,2.7658157220814377,2.3104274400539757,0.45538828202746195
3474,2.905382473328065,2.52631730572508,0.37906516760298503
3475,2.793222689540623,2.3288770877805316,0.4643456017600913
3476,2.8830749606926744,2.452190023392357,0.4308849373003176
3477,2.8249077789158736,2.3846760827613016,0.440231696154572
3478,2.7868811497890604,2.33985526266403,0.44702588712503033
3479,2.839090293413229,2.406193369059295,0.4328969243539338
3480,2.669192678545521,2.2242467620966173,0.4449459164489036
3481,2.775539640610508,2.3329804996965406,0.4425591409139673
3482,2.734365047097215,2.259070434733059,0.47529461236415615
3483,2.7963339323020566,2.349767696345799,0.44656623595625744
3484,2.6897343413055936,2.247611806222015,0.4421225350835787
3485,2.862232954137142,2.421139769118311,0.4410931850188309
3486,2.7401425659821523,2.291011883276576,0.4491306827055763
3487,2.7608048082628893,2.315501333382068,0.44530347488082134
3488,2.6770885753374016,2.2252865612646033,0.4518020140727983
3489,2.7953618478636795,2.3638471641500507,0.4315146837136288
3490,2.844188274407619,2.4436375393249254,0.40055073508269334
3491,2.8047004311697874,2.3587810679832826,0.4459193631865048
3492,2.8242336397637375,2.387770249633238,0.43646339013049973
3493,2.830829498950679,2.3853384710892946,0.4454910278613844
3494,2.727088715726514,2.255830507167401,0.4712582085591128
3495,2.9371362387346194,2.4614601532270175,0.4756760855076019
3496,2.8548957123641276,2.4403610312129924,0.41453468115113523
3497,2.7615483436763357,2.280485211003577,0.4810631326727588
3498,2.738473673566773,2.2770350170842133,0.46143865648255966
3499,2.8617031568284235,2.3960223231170965,0.46568083371132696
3500,2.921828152227113,2.4615635600969394,0.46026459213017334
3501,2.6709058584826244,2.1974951208847253,0.4734107375978991
3502,2.7975062132894375,2.3617753987262247,0.43573081456321283
3503,2.7579305782651424,2.2984634789715903,0.4594670992935521
3504,2.761411215626836,2.3083832524811148,0.453027963145721
3505,2.844540182897034,2.4008331569330497,0.44370702596398415
3506,2.7544838697196665,2.301740191388369,0.4527436783312977
3507,2.685900191810009,2.2184354058315585,0.4674647859784504
3508,2.632025180042796,2.1533493780264426,0.4786758020163533
3509,2.690681419364721,2.2060909913853184,0.48459042797940244
3510,2.955985287284767,2.532828169943696,0.4231571173410713
3511,2.856858997736948,2.460143121089184,0.3967158766477641
3512,2.6635243506169517,2.1968625435035847,0.466661807113367
3513,2.6489584449865062,2.186010882528562,0.46294756245794444
3514,2.6530627698667195,2.16994886176854,0.48311390809817967
3515,2.772062216615848,2.3146641324206874,0.4573980841951606
3516,2.7448097165298693,2.2989843533383714,0.4458253631914979
3517,2.7524142147849346,2.2737364801794215,0.4786777346055131
3518,2.7395122215330985,2.2759791124188236,0.4635331091142749
3519,2.649774559169424,2.187777735233092,0.4619968239363321
3520,2.656127468988932,2.193036514388042,0.46309095460088967
3521,2.8198758447598036,2.3754076108268887,0.4444682339329149
3522,2.8008859112247517,2.409918091836581,0.39096781938817093
3523,2.737123050611468,2.2733702892128167,0.4637527613986512
3524,2.761101523112121,2.339356809451187,0.42174471366093425
3525,2.7431704879631433,2.327661010460438,0.4155094775027055
3526,2.7296390259146186,2.2762171213787616,0.45342190453585696
3527,2.7231435130016624,2.24591410709794,0.47722940590372254
3528,2.587003591316305,2.1278664029782433,0.4591371883380617
3529,2.98236284761492,2.58203421487232,0.4003286327426001
3530,2.8376659244916587,2.4222960064424046,0.41536991804925405
3531,2.7565949647731363,2.2976505333131523,0.458944431459984
3532,2.7170183875542753,2.28511639933522,0.43190198821905534
3533,2.7741424967903345,2.32863222457804,0.44551027221229456
3534,2.8302128882134663,2.3839049780465698,0.4463079101668965
3535,2.684131825813549,2.250791973179922,0.43333985263362695
3536,2.8716815240833067,2.428275446910474,0.44340607717283254
3537,2.81450172347145,2.373578431563261,0.4409232919081889
3538,2.8523772998430337,2.3899065536063304,0.46247074623670326
3539,2.73800735831018,2.2695614813974396,0.4684458769127402
3540,2.7685302548676134,2.310261057095361,0.4582691977722524
3541,2.716546925755951,2.2480337151683627,0.46851321058758844
3542,2.836705460638638,2.4006974459463652,0.4360080146922729
3543,2.817551492178763,2.3499076827616103,0.46764380941715267
3544,2.7462108934958724,2.299976000074627,0.44623489342124545
3545,2.7088809089017882,2.2492573203973305,0.4596235885044577
3546,2.7427697133166573,2.320284222282693,0.42248549103396416
3547,2.657591964914786,2.1920007624137576,0.46559120250102826
3548,2.7933674369483916,2.3360413242054787,0.4573261127429129
3549,2.899365533404199,2.472523352084501,0.4268421813196981
3550,3.0438519385351763,2.659002757113877,0.3848491814212993
3551,2.930911793531691,2.4804689906463615,0.45044280288532956
3552,2.63957254432292,2.1865086554468154,0.4530638888761045
3553,2.777387239527974,2.332968832442379,0.44441840708559477
3554,2.8471583175070654,2.403927789988336,0.4432305275187294
3555,2.980867910530698,2.516616489897746,0.464251420632952
3556,2.796947111166263,2.329825714569768,0.4671213965964953
3557,2.8014368921472506,2.357309185255914,0.4441277068913365
3558,2.6837912646271422,2.20394092325662,0.4798503413705224
3559,2.763877156953368,2.3142988813312755,0.4495782756220925
3560,2.697023630220366,2.2367237569680443,0.4602998732523216
3561,2.638068273273302,2.168684229200802,0.4693840440724997
3562,2.6782778586672538,2.23577131233145,0.44250654633580355
3563,2.768163275816908,2.3239287359106626,0.4442345399062453
3564,2.717998135619506,2.263013304071033,0.4549848315484728
3565,2.7138363175378557,2.2558908794001935,0.4579454381376622
3566,2.8159638546562737,2.355362990200038,0.4606008644562358
3567,2.653480182685837,2.196739835682884,0.4567403470029534
3568,2.8910005496355624,2.4854219158442765,0.4055786337912859
3569,2.691901081675403,2.2396931943875455,0.45220788728785744
3570,2.683639567981497,2.231807200728575,0.45183236725292186
3571,2.766364671002001,2.3039950397002804,0.4623696313017205
3572,2.815392720313563,2.3432161873367114,0.4721765329768517
3573,2.923592327171193,2.4932948587059918,0.4302974684652012
3574,2.6267601967037257,2.1610743061444357,0.46568589055929
3575,2.759652721078811,2.3061824525290913,0.4534702685497196
3576,2.8929788249803896,2.44893626926694,0.4440425557134495
3577,2.725506545680473,2.2604035824832587,0.46510296319721434
3578,2.971615410883327,2.5710063488588966,0.40060906202443025
3579,2.6660423854796496,2.207548641036839,0.45849374444281077
3580,2.7459492616566923,2.3390001786659895,0.40694908299070276
3581,2.893581441157617,2.4456862795701606,0.44789516158745624
3582,2.7598827249131643,2.342407669912073,0.4174750550010913
3583,3.0906977965299,2.7157957614109924,0.3749020351189074
3584,2.8497559071463314,2.4063445538714423,0.4434113532748891
3585,2.634990000755727,2.183732723134604,0.451257277621123
3586,2.747245501802021,2.3396244381826845,0.4076210636193367
3587,2.619521319560036,2.155625694869607,0.4638956246904291
3588,2.655995935515094,2.1991069018944756,0.4568890336206186
3589,2.9250887169670756,2.4475511216612,0.4775375953058756
3590,2.8334168895242966,2.3975631604124943,0.4358537291118023
3591,2.7116205738697294,2.26032573411486,0.4512948397548695
3592,2.8176930185885447,2.385491198881208,0.43220181970733673
3593,2.8645107364671665,2.438652961629183,0.42585777483798326
3594,2.990937808100403,2.6026060657904226,0.3883317423099806
3595,2.9518839792303413,2.4699963770408453,0.481887602189496
3596,2.6855625388316557,2.2246864879344543,0.4608760508972014
3597,2.6654483032909546,2.2061480727187655,0.45930023057218916
3598,2.683144074317531,2.216011936494453,0.46713213782307816
3599,3.0253298219545526,2.6622916642147594,0.3630381577397932
3600,2.8418211179026427,2.440360949799551,0.4014601681030916
3601,2.674247746544621,2.2078702588747685,0.46637748766985254
3602,2.6291983267122427,2.1645506269070616,0.46464769980518117
3603,2.6759520631059095,2.2420635504230995,0.43388851268281003
3604,2.719736043453087,2.2525558383512876,0.4671802051017995
3605,2.780417963616751,2.3210085613023663,0.4594094023143849
3606,2.7369034964727,2.3009486341758656,0.43595486229683456
3607,2.832640741783986,2.3758721550138198,0.4567685867701661
3608,2.9262261567710057,2.5303883424408378,0.39583781433016796
3609,2.72176283262812,2.282640327388816,0.43912250523930396
3610,2.9562820905966443,2.5512196917251173,0.40506239887152695
3611,2.7773105419474144,2.3053738536977098,0.4719366882497047
3612,2.7750676723499184,2.312535284346811,0.46253238800310736
3613,2.8619987368794253,2.3954008282975634,0.4665979085818619
3614,2.7029089725297473,2.2255489772845958,0.4773599952451515
3615,2.8093391870379616,2.315556463490222,0.49378272354773944
3616,2.6566993401043058,2.1859820227220093,0.4707173173822965
3617,2.838017846371794,2.4063981751126944,0.43161967125909984
3618,2.686564332366183,2.2434872889950848,0.44307704337109843
3619,2.7617260615547847,2.325626219303558,0.43609984225122655
3620,2.7683466621421675,2.3086631503107164,0.45968351183145106
3621,2.7626578083267206,2.3290103759638887,0.4336474323628319
3622,2.9206997669113344,2.464793691118766,0.45590607579256837
3623,2.728755601906365,2.24995820519797,0.4787973967083947
3624,2.732405319020249,2.2827300344997816,0.44967528452046723
3625,2.7750739524212147,2.3302200018908055,0.4448539505304092
3626,2.9002561508494566,2.469922972937517,0.4303331779119395
3627,2.835470831823444,2.3643123732054967,0.47115845861794714
3628,2.820090647054988,2.3559731518461007,0.4641174952088871
3629,2.7736584603506356,2.3571247652180563,0.4165336951325793
3630,2.797062220362751,2.3520404342349384,0.44502178612781274
3631,2.8746904440818,2.390941605567455,0.4837488385143449
3632,2.6804883791455754,2.223941201271413,0.45654717787416255
3633,2.6752129420731,2.1998009526650995,0.47541198940800067
3634,2.7334954692437448,2.274698992205744,0.45879647703800064
3635,2.8706218662115632,2.416652505564364,0.45396936064719906
3636,2.7617676512697424,2.305504969983809,0.4562626812859336
3637,2.7678090469043632,2.344201831401358,0.4236072155030053
3638,2.9915600860690765,2.5540050845348996,0.4375550015341769
3639,2.720408234554122,2.2531171491838125,0.4672910853703094
3640,2.8980936160447586,2.468961853385503,0.4291317626592557
3641,2.8062926867917284,2.360683027820954,0.44560965897077454
3642,2.7505980160870376,2.330640143556605,0.4199578725304325
3643,2.8326528257254964,2.3612463443352665,0.4714064813902299
3644,3.036411199304021,2.609318766258569,0.42709243304545197
3645,2.8472808694255507,2.4113012022570866,0.43597966716846415
3646,2.6604242250710888,2.195839945202606,0.46458427986848294
3647,2.6895254369340074,2.226990144676284,0.4625352922577233
3648,2.6878286190681027,2.2512516003468592,0.43657701872124344
3649,2.887469207587906,2.4300615824332787,0.4574076251546271
3650,2.7810049192174984,2.2866380853198405,0.4943668338976579
3651,2.649629640031778,2.163550215288074,0.4860794247437039
3652,2.7274043712664673,2.277341357742519,0.4500630135239483
3653,2.8231455926647078,2.357005580612995,0.46614001205171274
3654,2.860378575323373,2.4588072250345765,0.4015713502887963
3655,2.7440801161078237,2.2609261722769376,0.48315394383088606
3656,2.7544291603080544,2.29004734006804,0.4643818202400145
3657,2.696931608550848,2.2467171234162477,0.4502144851346004
3658,2.9157643673606204,2.5127980750581687,0.40296629230245173
3659,2.75673719213734,2.3180114628039097,0.43872572933343035
3660,2.8371886431062743,2.407552741576091,0.42963590153018316
3661,2.818698509454764,2.36361875528355,0.45507975417121393
3662,2.562049699592346,2.085269047869911,0.4767806517224349
3663,2.8856409895692456,2.429299110360401,0.4563418792088445
3664,2.7001837055365296,2.256248865715433,0.4439348398210967
3665,2.644296321398898,2.1723878606913183,0.47190846070757964
3666,2.693394549689952,2.2197221238843574,0.47367242580559443
3667,2.6040183261717225,2.1374569567639905,0.46656136940773196
3668,2.734972768706049,2.298415584936931,0.4365571837691178
3669,2.8529745594741143,2.436948497155082,0.41602606231903216
3670,2.783096593531649,2.3253219033981747,0.4577746901334745
3671,2.804134811007862,2.3490791161783005,0.45505569482956165
3672,2.8367906884167198,2.3550978494585757,0.4816928389581441
3673,2.7279600527612393,2.2527918032150356,0.47516824954620374
3674,2.8038379827953146,2.349016001249045,0.4548219815462695
3675,2.9206697276457496,2.4715386256101204,0.4491311020356292
3676,2.6666135797936583,2.1895126860664855,0.4771008937271728
3677,2.743296537642891,2.321602723281695,0.42169381436119613
3678,3.0009466808412455,2.547402438640571,0.4535442422006746
3679,2.7212150567313276,2.2340629613346836,0.48715209539664395
3680,2.8225367028377737,2.4001634094893527,0.422373293348421
3681,2.704222255849913,2.2467316908447206,0.45749056500519236
3682,2.689213097979635,2.247339201152014,0.44187389682762124
3683,2.684657318409744,2.215305042422524,0.46935227598721996
3684,2.9339947893545304,2.5052771420557893,0.42871764729874107
3685,2.8711867738577985,2.4489364640822457,0.4222503097755528
3686,2.84185447744785,2.405394505906438,0.4364599715414119
3687,2.731926550209751,2.2847933191186205,0.4471332310911307
3688,2.738259745395085,2.2640379392468013,0.4742218061482837
3689,2.846094293593083,2.396937340753927,0.4491569528391559
3690,2.689723114000619,2.2130590898767735,0.47666402412384556
3691,2.8336195518037823,2.411485183908731,0.42213436789505154
3692,2.7007180932475627,2.2660975516467103,0.4346205416008524
3693,3.0137831472116687,2.60177383758484,0.4120093096268289
3694,2.6878584387038322,2.2154341807302314,0.4724242579736009
3695,2.7986189204721716,2.3357158783197947,0.462903042152377
3696,2.827729967296541,2.3249500503864753,0.5027799169100655
3697,2.899046672563817,2.5180833646249923,0.3809633079388246
3698,2.7250368242077854,2.2582969391377716,0.46673988507001374
3699,2.794927258481767,2.350982398033313,0.44394486044845394
3700,3.05209209357613,2.6662136931818967,0.38587840039423327
3701,2.7753367587233573,2.349348395872303,0.42598836285105435
3702,2.8604905670944607,2.456249055380751,0.4042415117137099
3703,2.840256511336258,2.406241755551992,0.43401475578426574
3704,2.904037111724485,2.504203630209296,0.39983348151518916
3705,2.8077312146767492,2.3672356815631397,0.44049553311360956
3706,2.8886539948649785,2.4423464283955085,0.44630756646947
3707,2.6826037850390785,2.220891714809959,0.4617120702291193
3708,2.7609409213739546,2.3211593486916304,0.4397815726823242
3709,2.873438159226097,2.4248948402765285,0.44854331894956845
3710,2.6543833235374796,2.212549064012816,0.4418342595246636
3711,2.8655996205088163,2.4632937723617836,0.40230584814703274
3712,2.715282220781788,2.2827206269648173,0.4325615938169709
3713,2.791924132587505,2.3220672053305442,0.4698569272569606
3714,2.6725979619774622,2.2220244749882787,0.45057348698918354
3715,2.8859864657840273,2.441367500654626,0.44461896512940147
3716,2.8292842247501704,2.406054420621614,0.42322980412855626
3717,2.72976207955802,2.293164593795694,0.43659748576232627
3718,2.779758335492196,2.32296366889308,0.45679466659911583
3719,2.6822015436394135,2.217860008468339,0.4643415351710747
3720,2.7300767233969516,2.2614917811618986,0.468584942235053
3721,2.784938185018824,2.336386546779808,0.448551638239016
3722,2.6423147443140755,2.177465373773318,0.4648493705407577
3723,2.7082751142495454,2.2526015018130265,0.4556736124365188
3724,3.076088348255232,2.7118124539424935,0.36427589431273866
3725,2.733987722907953,2.2856554943319134,0.4483322285760396
3726,2.6716930564126673,2.2415890578500433,0.43010399856262405
3727,2.821854948882355,2.3359858551317236,0.48586909375063136
3728,2.816072046486508,2.3369127793909215,0.47915926709558665
3729,2.7893477872267654,2.3314350425239976,0.45791274470276777
3730,2.662251408924159,2.2165183935626875,0.44573301536147136
3731,2.878064058226742,2.433872509974542,0.44419154825219964
3732,2.7095077869907187,2.2496531234438213,0.4598546635468974
3733,2.861639403600829,2.4013144855904116,0.4603249180104174
3734,2.807169531520084,2.370879428426399,0.43629010309368477
3735,2.858534281763304,2.410401420094369,0.44813286166893507
3736,2.9097779662292593,2.483492006311294,0.42628595991796514
3737,2.815765090087895,2.392365197916586,0.42339989217130913
3738,2.8258811906138734,2.3545798133467764,0.4713013772670971
3739,2.8003194014477346,2.3656578695013435,0.4346615319463911
3740,2.733159172474321,2.2852433161141965,0.44791585636012465
3741,2.749831347166937,2.3008861960282885,0.4489451511386484
3742,2.742249081789062,2.3100791855826337,0.4321698962064282
3743,2.748983586861073,2.2937364899673267,0.4552470968937463
3744,2.712528972335779,2.2468653796740687,0.4656635926617101
3745,2.757281494436554,2.3003886794898802,0.45689281494667355
3746,2.8068347431970952,2.3460507961311414,0.4607839470659538
3747,2.8106600535461035,2.33242360531593,0.4782364482301733
3748,2.6933774706691955,2.244481373319184,0.44889609735001157
3749,2.658899975989052,2.192129618516048,0.466770357473004
3750,2.7849044759911616,2.334769283083955,0.4501351929072066
3751,2.8356255635512633,2.3831154480441445,0.4525101155071187
3752,2.8746857360419127,2.4370449766722437,0.43764075936966895
3753,2.7611005432897935,2.323163001654921,0.4379375416348723
3754,2.82690343149306,2.370568995093163,0.4563344363998971
3755,2.8512437610338024,2.405973495315251,0.44527026571855144
3756,2.848550693842689,2.39533844629669,0.453212247545999
3757,2.729028231427831,2.272999035189585,0.4560291962382461
3758,2.721128095083328,2.2920247166641152,0.42910337841921287
3759,2.8260690905983856,2.373434319945166,0.45263477065321966
3760,2.7871337623477466,2.31922131557972,0.4679124467680267
3761,2.6758069777970896,2.2136357944139298,0.4621711833831599
3762,2.786362454391532,2.326926351231131,0.45943610316040084
3763,2.7617772812760446,2.3126720775159555,0.4491052037600891
3764,2.8167539632825145,2.3693432671825043,0.44741069610001016
3765,2.723379847103954,2.287229943255785,0.4361499038481691
3766,2.7716733408677725,2.317686771518354,0.4539865693494187
3767,2.7031662992937733,2.2278590141529397,0.47530728514083354
3768,2.7389241662814308,2.26267380611442,0.4762503601670107
3769,2.6693192387821,2.1994303285829364,0.4698889101991637
3770,2.887624696131538,2.4627826705830356,0.42484202554850237
3771,2.9385077594818476,2.4823728390819575,0.4561349203998901
3772,2.93293995518782,2.522950991262998,0.409988963924822
3773,2.827668152061643,2.3993723926586017,0.4282957594030412
3774,2.7321357012173704,2.280874047034964,0.45126165418240616
3775,2.7268762279003314,2.2659427485554344,0.4609334793448969
3776,2.8211115368457484,2.385431451756793,0.4356800850889555
3777,2.920197537971417,2.480959469731813,0.4392380682396042
3778,2.801565712554319,2.372996542177784,0.4285691703765351
3779,2.6790963678761,2.2265151325535717,0.4525812353225285
3780,2.7618197943961444,2.3076590855505015,0.45416070884564297
3781,2.9193294743889147,2.480743075056934,0.43858639933198074
3782,2.633252092048754,2.1680420177785766,0.46521007427017746
3783,2.961447670999075,2.5782239609088977,0.3832237100901774
3784,2.700332270601392,2.2159640012751276,0.4843682693262643
3785,2.6094041415122793,2.1419625881589375,0.4674415533533418
3786,2.7851097727736844,2.303876485428413,0.4812332873452716
3787,2.9505273274221877,2.512177454714387,0.4383498727078008
3788,2.730343390233665,2.2896209921570665,0.4407223980765984
3789,2.7984366036500834,2.350498288516084,0.4479383151339995
3790,2.8415844185602257,2.416972270062037,0.4246121484981886
3791,2.6986644620572555,2.2355390707523903,0.4631253913048652
3792,2.700236129735511,2.219255814802823,0.4809803149326881
3793,2.722651353132237,2.270320165676231,0.4523311874560063
3794,2.770898626529784,2.3013189048759157,0.4695797216538682
3795,2.6819129430832764,2.2527646698399026,0.4291482732433738
3796,2.8183620368974984,2.3565179021259346,0.46184413477156383
3797,2.814475480655594,2.3761662616077888,0.43830921904780507
3798,2.647312960796108,2.2030232772166807,0.4442896835794272
3799,2.727989216811029,2.2671961390689073,0.46079307774212186
3800,2.721866039295229,2.267730907766044,0.4541351315291853
3801,2.6781862215838483,2.2115371341125085,0.4666490874713398
3802,2.714319740110897,2.2872429607533973,0.4270767793574999
3803,2.6770763119754584,2.244335802576773,0.43274050939868536
3804,2.8439005016562224,2.37663088633578,0.46726961532044253
3805,2.963860046965824,2.5679969083290173,0.3958631386368068
3806,2.8906601986637175,2.4393691605979932,0.45129103806572424
3807,2.6694676188589455,2.2020639807268942,0.4674036381320512
3808,2.6610483338908963,2.205961643455023,0.45508669043587346
3809,2.7654798576402806,2.3355085538116507,0.4299713038286299
3810,2.7251867423151066,2.2922876950821816,0.43289904723292505
3811,2.8223881441600556,2.3616213437928546,0.46076680036720097
3812,2.7878848583722764,2.3505098156727384,0.437375042699538
3813,2.725562597185385,2.267982185930115,0.4575804112552704
3814,2.7528873402658514,2.2934750947474645,0.4594122455183869
3815,2.837516857588136,2.4184560639478074,0.41906079364032855
3816,2.8857029186295424,2.4367243039027437,0.4489786147267987
3817,2.7333152838991697,2.2846602715368167,0.44865501236235295
3818,2.7907428790851556,2.3193498286014096,0.471393050483746
3819,2.795738069736704,2.3539080506354466,0.4418300191012574
3820,2.729050573207605,2.2798293071506186,0.4492212660569863
3821,2.830633374075362,2.351979415447382,0.4786539586279801
3822,2.768053675193085,2.296246073013061,0.47180760218002415
3823,2.8941772940288795,2.460969182617022,0.43320811141185755
3824,2.74049177458393,2.2814122678937387,0.45907950669019115
3825,2.669381022356734,2.202584809940715,0.466796212416019
3826,2.850608089290597,2.421760455926823,0.4288476333637741
3827,2.951070346886194,2.4878969990055735,0.4631733478806206
3828,2.7742258190553457,2.309257304984749,0.4649685140705966
3829,2.8413716362192405,2.3960240142555684,0.44534762196367206
3830,2.757832771977585,2.3097867769975027,0.44804599498008235
3831,2.6716737737841787,2.2162711373864292,0.45540263639774947
3832,2.668848762349719,2.219038410126255,0.449810352223464
3833,2.647384901389681,2.192014594227893,0.45537030716178784
3834,2.8122703172146712,2.3861861172986187,0.4260841999160525
3835,2.9252923642984685,2.525499695704207,0.39979266859426144
3836,2.8899985075036514,2.4533255198680313,0.4366729876356201
3837,2.8087736738927322,2.3709372555048254,0.4378364183879069
3838,2.826866709949346,2.3777978624037375,0.4490688475456084
3839,2.6730203314751413,2.213908659802533,0.45911167167260825
3840,2.848482852343929,2.3699065170833626,0.4785763352605663
3841,2.766491170106531,2.2772504710084975,0.48924069909803336
3842,2.771840555867825,2.3143437306122663,0.4574968252555589
3843,2.847443661277733,2.3922254311237947,0.4552182301539385
3844,2.7485759292138514,2.2929973041977494,0.455578625016102
3845,2.6961443109035144,2.2367009662206625,0.45944334468285186
3846,2.681423588127209,2.248737165331058,0.4326864227961509
3847,2.6366160274239716,2.1581864403762907,0.4784295870476809
3848,2.656695504196799,2.204648987195034,0.4520465170017651
3849,2.81046990012469,2.393300231367072,0.41716966875761763
3850,2.6492738271557323,2.207871011275909,0.44140281587982333
3851,2.805847132781698,2.338559831798839,0.46728730098285887
3852,2.9166899299300044,2.548605497610046,0.3680844323199586
3853,2.685749258560709,2.24170939434469,0.4440398642160188
3854,2.7632338757432007,2.2925651175063844,0.4706687582368163
3855,2.6831677676962054,2.2172058096950864,0.46596195800111895
3856,2.706027709587293,2.2656393204255645,0.4403883891617286
3857,2.6710232705313337,2.2327477302778447,0.438275540253489
3858,2.75746960946221,2.28663791718759,0.47083169227461985
3859,2.9348731436991575,2.519703888357251,0.4151692553419064
3860,2.648252967295718,2.194504166091511,0.453748801204207
3861,2.657298005014584,2.2084513918481203,0.44884661316646346
3862,2.760556516899832,2.3117780943184534,0.4487784225813787
3863,2.7236553372686596,2.277422785575937,0.4462325516927228
3864,2.70421235861625,2.2766303933240377,0.4275819652922124
3865,2.669418736599724,2.2051403840705563,0.4642783525291678
3866,2.8117952414607656,2.3361794698069134,0.47561577165385227
3867,2.7154346926829245,2.2745207715060096,0.44091392117691486
3868,2.9626083461470345,2.5360191739685773,0.42658917217845715
3869,2.7267764165348187,2.2704962553234815,0.4562801612113372
3870,2.801581374891893,2.400397396324201,0.4011839785676923
3871,2.7863828909617787,2.345316333771403,0.4410665571903758
3872,2.776887531174473,2.331442392053308,0.4454451391211651
3873,2.77423631164156,2.328136394012444,0.4460999176291156
3874,2.688970572989583,2.226675939660705,0.4622946333288782
3875,2.8593492502425306,2.4485978030939983,0.4107514471485323
3876,2.6338407435910147,2.1622727504914603,0.47156799309955444
3877,2.7597105423158377,2.325113564518468,0.4345969777973697
3878,2.748295430065525,2.314326708027697,0.4339687220378283
3879,2.823518545802345,2.378523659903923,0.44499488589842207
3880,2.660850857345319,2.192495893799256,0.4683549635460631
3881,2.69298625310056,2.2612498021287673,0.4317364509717927
3882,2.7952064208446035,2.3125356926137535,0.48267072823085
3883,2.648943410991131,2.2082355458602874,0.4407078651308436
3884,2.710344964841377,2.266739632379761,0.44360533246161626
3885,2.654060868206557,2.2018634584129515,0.4521974097936057
3886,2.804956210639121,2.3563998458881716,0.4485563647509494
3887,2.711749622841309,2.25410778239148,0.45764184044982903
3888,2.778318062500984,2.2945819073306066,0.4837361551703774
3889,2.891198152682171,2.4785493122567606,0.4126488404254105
3890,2.6457741790116147,2.2006928187069676,0.44508136030464707
3891,2.6389248942004233,2.1548760752143634,0.4840488189860599
3892,2.921215708440242,2.511619478014717,0.40959623042552495
3893,2.865800909111429,2.4171872444065747,0.4486136647048542
3894,2.698829868190563,2.224832320696029,0.47399754749453393
3895,2.813217624836885,2.3546830483571592,0.45853457647972595
3896,2.6566358420990612,2.2127601603818783,0.44387568171718295
3897,2.831250536908419,2.3939188872741473,0.4373316496342716
3898,2.801845488277352,2.356068647297706,0.44577684097964587
3899,2.704922595529187,2.2800111000756322,0.4249114954535549
3900,2.8861580248885543,2.4021116812263057,0.48404634366224863
3901,2.7653415391885043,2.309964485729073,0.45537705345943147
3902,2.8118559975967403,2.4024284418724173,0.409427555724323
3903,2.683615760225805,2.2206531873694075,0.4629625728563975
3904,2.7390578034065114,2.263263639227563,0.47579416417894826
3905,2.744514773381399,2.292883754208536,0.4516310191728632
3906,2.7563642648761113,2.301529061353362,0.4548352035227494
3907,2.863134317022153,2.4378127911878793,0.42532152583427374
3908,2.7702725464690436,2.344506245200874,0.42576630126816983
3909,2.711465470434329,2.2896013121378034,0.42186415829652546
3910,2.7530491237890704,2.317634333890755,0.4354147898983154
3911,2.9195829266931264,2.518889237491918,0.4006936892012085
3912,2.914863698520358,2.4350699477237896,0.4797937507965684
3913,2.722398156781157,2.274325772143556,0.44807238463760113
3914,2.6736206565288168,2.19368484486602,0.47993581166279675
3915,2.807735811684186,2.355577665573117,0.4521581461110693
3916,2.9041512206214932,2.428230076516995,0.47592114410449815
3917,2.865608314047368,2.4525664198013932,0.4130418942459748
3918,2.6614161836167516,2.2055263095327864,0.4558898740839652
3919,2.719913599933286,2.293529342859907,0.4263842570733791
3920,2.6280673915507413,2.1670245726201536,0.46104281893058774
3921,2.6834730772084465,2.2391337244012903,0.4443393528071562
3922,2.919704215796553,2.519539172868961,0.40016504292759203
3923,2.7216386884473285,2.2698370984824856,0.4518015899648429
3924,2.6582371321593463,2.196253574559244,0.4619835576001021
3925,2.8967834367049337,2.4695746009883366,0.42720883571659707
3926,2.6371970312981934,2.1922729787425332,0.44492405255566014
3927,2.7621302138956607,2.3344828003914673,0.42764741350419344
3928,2.834778167096586,2.3600125842086976,0.4747655828878883
3929,2.898240126449218,2.4605334860166286,0.43770664043258956
3930,2.7587114797703545,2.2974797812113006,0.4612316985590539
3931,2.8344928679436365,2.369272202977337,0.4652206649662993
3932,2.7536015049226914,2.2801676987597075,0.4734338061629839
3933,2.7860613600786217,2.3167621485389365,0.46929921153968523
3934,2.7837709482811155,2.3417770460074716,0.4419939022736439
3935,2.886012121150104,2.4517907465671582,0.43422137458294596
3936,2.8350982174288872,2.3646203513461135,0.47047786608277375
3937,2.8196142755661273,2.3646031552243896,0.45501112034173774
3938,2.6519226982779243,2.1744266184466796,0.47749607983124465
3939,2.784606311450655,2.3081311582305393,0.4764751532201159
3940,2.79208931024385,2.3519203112815763,0.4401689989622737
3941,2.718394933409235,2.2557259262400513,0.4626690071691839
3942,2.7928048669187424,2.3571714296006037,0.43563343731813875
3943,2.7804278696491456,2.3207133071471495,0.45971456250199605
3944,2.72795740808162,2.2703117191605515,0.4576456889210685
3945,2.837106037351856,2.397701768703749,0.439404268648107
3946,2.8456153029261357,2.3957163059196875,0.4498989970064482
3947,2.7650706142867567,2.2908954440944815,0.4741751701922752
3948,2.696759603004238,2.2222637093670277,0.4744958936372101
3949,2.6997246672273443,2.2632271301293665,0.4364975370979778
3950,2.663384166567599,2.2076707356897063,0.45571343087789273
3951,2.9488409887352285,2.5453668295357983,0.4034741591994302
3952,2.934082627701189,2.495114406065433,0.438968221635756
3953,2.7654559667662975,2.3098666582874268,0.4555893084788707
3954,2.7766808296758416,2.306731864220763,0.4699489654550786
3955,2.961654894604409,2.5268843012108833,0.43477059339352575
3956,2.6879489368870275,2.2314344376502464,0.4565144992367811
3957,2.752075214778417,2.313691523436464,0.438383691341953
3958,2.8615033117094857,2.3848137400098985,0.47668957169958714
3959,2.670974158431633,2.2168099965176413,0.45416416191399156
3960,2.810031714332494,2.3637617871471943,0.4462699271852997
3961,2.807425714648848,2.3475295657917803,0.45989614885706764
3962,2.7061659420655335,2.2504230321796475,0.45574290988588606
3963,2.6590674274001778,2.1987800917130396,0.4602873356871382
3964,2.7545309124450967,2.3185535640050996,0.43597734843999714
3965,2.7452563145585454,2.267703335090495,0.4775529794680504
3966,2.868168174150459,2.416032946250241,0.45213522790021843
3967,2.7286683997510863,2.279046199442694,0.4496222003083923
3968,2.7338356833432202,2.264877623654831,0.4689580596883891
3969,2.8876432942153314,2.408166559212702,0.47947673500262944
3970,2.7776689702499366,2.319391736608958,0.45827723364097883
3971,2.721787643959,2.2725227955064247,0.4492648484525752
3972,2.7559435818014166,2.3361358466132516,0.41980773518816505
3973,2.7436981248162398,2.3018031867587525,0.44189493805748725
3974,2.7018427664875073,2.217649684597468,0.4841930818900395
3975,2.933917520531962,2.496263957603976,0.4376535629279861
3976,2.925934909507541,2.5078399367748374,0.4180949727327037
3977,2.8014266729241526,2.38394844499709,0.4174782279270626
3978,2.6819027392349706,2.246749816781084,0.4351529224538866
3979,2.7374078767344643,2.2787567132275703,0.45865116350689394
3980,2.737845635752138,2.307106997333826,0.4307386384183123
3981,2.8159029355542713,2.3655044008141894,0.45039853474008185
3982,2.6897357176266383,2.2126913050080526,0.47704441261858577
3983,2.746668027502963,2.270006516886908,0.4766615106160552
3984,2.774258104227282,2.320217634855917,0.4540404693713649
3985,3.032941428134069,2.6075339912657616,0.4254074368683076
3986,2.8771309698684573,2.4286228112522203,0.44850815861623694
3987,2.584805102026258,2.124868097730167,0.4599370042960911
3988,2.8099092353531527,2.3407639557684496,0.4691452795847031
3989,2.767811220460875,2.347285037414477,0.4205261830463978
3990,2.7154938949442013,2.24894748532558,0.46654640961862137
3991,2.9014463636956624,2.4764018622946966,0.42504450140096584
3992,2.8800979583144075,2.4473445918031023,0.43275336651130525
3993,2.7185211513154,2.2705882452903987,0.44793290602500146
3994,2.68720987299023,2.2588836827220287,0.4283261902682014
3995,2.7832935613042613,2.336869654154643,0.4464239071496183
3996,2.8021512378228244,2.3418424045739252,0.46030883324889915
3997,2.6545621126839465,2.188800840393615,0.46576127229033126
3998,2.871101056106877,2.4096578696448216,0.4614431864620552
3999,2.8269875568610416,2.3839564548001024,0.4430311020609392
4000,2.8505240015045175,2.432960638869816,0.4175633626347013
4001,2.5739515353176463,2.115856070633901,0.4580954646837454
4002,2.803814832694625,2.3744778758340455,0.4293369568605794
4003,2.8296300279398876,2.393080665048914,0.43654936289097357
4004,2.6922745704541478,2.240869433908313,0.4514051365458349
4005,2.849644343817301,2.421304246902059,0.428340096915242
4006,2.8444557037278293,2.4340167390240945,0.41043896470373475
4007,2.858946169546637,2.3916657526101934,0.46728041693644373
4008,2.875564998827185,2.444312663732842,0.43125233509434313
4009,2.699340165103013,2.2622918224793698,0.4370483426236431
4010,2.8499746347715478,2.4361230593500074,0.4138515754215404
4011,2.6696450127469324,2.2139287568116104,0.45571625593532206
4012,2.713642858167848,2.2549022542515464,0.45874060391630156
4013,2.856946144764404,2.394025861352244,0.46292028341215996
4014,3.051109764300419,2.6129681581168023,0.4381416061836165
4015,2.751973338965366,2.2820683542231266,0.4699049847422394
4016,2.696752943597575,2.2176099739074373,0.4791429696901375
4017,2.770812149623425,2.2962103112332155,0.47460183839020953
4018,2.640203790785207,2.1739007711229816,0.46630301966222554
4019,2.710082102118293,2.25478604833837,0.4552960537799229
4020,2.790721897708856,2.376266284323591,0.41445561338526504
4021,2.680433683008452,2.2253609551024587,0.4550727279059932
4022,2.786131591218228,2.308536069593202,0.47759552162502583
4023,2.757803659938124,2.334774736229829,0.42302892370829515
4024,2.7773351007194047,2.300256130806676,0.4770789699127289
4025,2.772606499702845,2.308785799068001,0.46382070063484404
4026,2.6793223831688424,2.23324732733596,0.4460750558328823
4027,2.6773126944238137,2.2055840763145267,0.471728618109287
4028,2.7455474523844736,2.315520957268485,0.43002649511598845
4029,2.9177373038911942,2.471841784501662,0.4458955193895324
4030,2.880647585633621,2.4486495504579344,0.43199803517568647
4031,2.693627942224749,2.2502078053905437,0.44342013683420545
4032,2.7383738007431115,2.2858911151960197,0.4524826855470918
4033,2.8098031136779764,2.3397827909573565,0.4700203227206199
4034,2.860762538419969,2.432295380695747,0.42846715772422206
4035,2.959664164160599,2.5230494943609387,0.43661466979966024
4036,2.7993690809485314,2.362547555894117,0.4368215250544143
4037,2.7470432636445112,2.3113288026181804,0.4357144610263308
4038,2.8266759169405984,2.387152373107005,0.4395235438335936
4039,2.7700231736354346,2.3144603823684227,0.45556279126701194
4040,2.7692543404433554,2.30326976021633,0.46598458022702527
4041,2.8125950215483715,2.378619539311076,0.43397548223729565
4042,2.764274153778824,2.2969651214126285,0.46730903236619525
4043,2.788372730421338,2.324041312602111,0.4643314178192268
4044,2.7415283544511135,2.282345527822422,0.4591828266286915
4045,2.833667122592895,2.398660724640165,0.4350063979527299
4046,2.7245568546372634,2.246439091201373,0.4781177634358902
4047,2.7151883756977475,2.2458640573378696,0.46932431835987787
4048,2.770429342138764,2.313965640547361,0.45646370159140304
4049,2.813065801694002,2.3782885064852883,0.4347772952087139
4050,2.7417115801013043,2.2750892423385536,0.46662233776275075
4051,2.7442104743258784,2.3156494770700817,0.42856099725579666
4052,2.6755157160975482,2.228982638268883,0.44653307782866536
4053,2.8329120309012623,2.4124069210448305,0.42050510985643186
4054,2.7578464108551994,2.3001780785883916,0.4576683322668078
4055,2.7176506907787252,2.252030178734037,0.46562051204468835
4056,2.695087038653898,2.245360126699432,0.4497269119544658
4057,2.8093997943660334,2.3613651035953143,0.4480346907707191
4058,2.8942493128542863,2.501867545523365,0.39238176733092134
4059,2.6171830062516337,2.1622007078172576,0.4549822984343761
4060,2.7495617049242607,2.307477298320441,0.44208440660381987
4061,2.6729140278573524,2.2239270377986515,0.4489869900587009
4062,2.942062065611712,2.5406076996031794,0.40145436600853257
4063,2.9656401022166574,2.5791334672413933,0.38650663497526416
4064,2.804450710758137,2.329116084050486,0.4753346267076508
4065,2.803676396010144,2.3283643339782283,0.4753120620319158
4066,2.797607704081238,2.347200456014828,0.45040724806640986
4067,2.9478483473207278,2.5369540763860936,0.41089427093463415
4068,2.8624197044928037,2.3874514353402354,0.4749682691525683
4069,2.7407721189188843,2.2759822837062744,0.46478983521260986
4070,2.79831508226909,2.3819817338223843,0.41633334844670555
4071,2.8534971868459436,2.450614690343623,0.40288249650232055
4072,2.7250598901453063,2.2642150668254586,0.46084482331984766
4073,2.6378065573973055,2.1742688161483135,0.46353774124899205
4074,2.6466239536143936,2.176245230959184,0.47037872265520964
4075,2.732198132369706,2.296158625304961,0.43603950706474537
4076,2.87043233776978,2.4262228621993405,0.4442094755704393
4077,2.8776568269413687,2.453746109120354,0.42391071782101486
4078,2.8055026408295034,2.3259401466233665,0.47956249420613695
4079,2.906079171597636,2.440229111101808,0.465850060495828
4080,2.640870506785848,2.188879899732497,0.45199060705335103
4081,2.76341745984329,2.342297281835968,0.42112017800732193
4082,2.892749462838672,2.4220329175281567,0.4707165453105153
4083,2.606715239267162,2.1517107329389127,0.4550045063282493
4084,2.8944084806456183,2.435913876332067,0.45849460431355116
4085,2.6914645792504985,2.245951568681009,0.44551301056948933
4086,2.6347566142220815,2.181716708108795,0.4530399061132866
4087,2.756032894235004,2.324792956141336,0.43123993809366823
4088,2.797838001131708,2.3160035233907417,0.48183447774096644
4089,2.764469757155298,2.2914914852188777,0.4729782719364204
4090,2.8049403502685952,2.3507980147545378,0.45414233551405747
4091,2.776444190762149,2.30025720058477,0.476186990177379
4092,2.76483852398955,2.307280081377285,0.4575584426122652
4093,2.6689542994001996,2.2030774587128836,0.46587684068731594
4094,2.6813842099431238,2.223488205602987,0.45789600434013655
4095,2.8868475427994764,2.4684838543686385,0.41836368843083793
4096,2.8604862434920095,2.432222293164889,0.4282639503271204
4097,2.8057256996947992,2.3249602168987873,0.48076548279601194
4098,2.789647152793534,2.3121374164648225,0.4775097363287113
4099,2.760450600633166,2.3061150012218,0.4543355994113658
4100,2.881582872478495,2.4389447546466165,0.44263811783187856
4101,2.8500883839096223,2.4471329180916714,0.40295546581795083
4102,2.9489184846437504,2.47264528004999,0.47627320459376055
4103,2.8088141820154777,2.3460145984130243,0.46279958360245343
4104,2.7733522464730576,2.308622725010768,0.4647295214622895
4105,2.8286350634771837,2.3686656085404256,0.4599694549367581
4106,2.7211913190201207,2.2785845688708837,0.442606750149237
4107,2.7343166199940696,2.301037587650603,0.43327903234346676
4108,2.932785718131408,2.4894980443770116,0.4432876737543965
4109,2.6958889898640264,2.2507251006380242,0.44516388922600214
4110,2.805634956502112,2.3571581917753117,0.4484767647268004
4111,2.661282851893881,2.226188927041294,0.43509392485258713
4112,2.8083960699646386,2.381868321921956,0.42652774804268256
4113,2.7825020539469247,2.3528186285507666,0.4296834253961581
4114,2.7786428510142516,2.3489753051969458,0.4296675458173058
4115,2.6708524494008348,2.191592296587613,0.47926015281322165
4116,2.949134696840043,2.501994952063006,0.4471397447770369
4117,2.6545415451790033,2.2215848666670244,0.43295667851197894
4118,2.748785244616596,2.302062171384007,0.4467230732325893
4119,2.8200391072984545,2.360037922561181,0.4600011847372736
4120,2.8071091137601987,2.3389955988347557,0.46811351492544295
4121,2.861359691346476,2.399975555234706,0.46138413611176965
4122,2.8623446502198324,2.399610330453599,0.46273431976623325
4123,2.643586233188368,2.1694302929485714,0.4741559402397968
4124,2.7121174844791383,2.2604818296723064,0.4516356548068319
4125,2.607683677346889,2.1475120395226686,0.46017163782422044
4126,2.7839001527060354,2.355851959528778,0.4280481931772573
4127,2.7863104047468563,2.329450105952574,0.45686029879428247
4128,2.6875899301250747,2.2579428632912184,0.42964706683385634
4129,2.7363465803105265,2.314500301249768,0.42184627906075844
4130,2.770356468780285,2.2939582946472457,0.4763981741330392
4131,2.9186839912811937,2.492430297732267,0.4262536935489267
4132,2.7585482782068276,2.340198614853614,0.4183496633532138
4133,2.7616506206312073,2.284803930179556,0.47684669045165107
4134,2.7911015399526344,2.3135677218705752,0.4775338180820592
4135,3.126394449961544,2.768962675183851,0.3574317747776927
4136,2.783500080005919,2.3841968710907064,0.3993032089152124
4137,2.698356897127518,2.2545651376924485,0.44379175943506954
4138,2.767039640051896,2.3115854282921093,0.4554542117597866
4139,2.7672444760095956,2.3406651681682114,0.4265793078413842
4140,2.739866021677703,2.303673988027315,0.43619203365038794
4141,2.931742063176927,2.4869915166911176,0.4447505464858095
4142,2.6461628248521194,2.1823282257177,0.46383459913441927
4143,2.762759550359793,2.300734874252105,0.4620246761076876
4144,2.6944241638936153,2.2444079382134894,0.4500162256801259
4145,2.7675790610682953,2.308823904194397,0.45875515687389834
4146,2.8680653584559255,2.420874970732025,0.4471903877239005
4147,2.73615034420192,2.2988073978483254,0.4373429463535947
4148,2.731667414958528,2.277524869813545,0.454142545144983
4149,2.7389023134246213,2.2758644576900546,0.4630378557345667
4150,2.719282524067909,2.2567600009443,0.46252252312360875
4151,2.8511503725241063,2.378886438257594,0.4722639342665125
4152,2.6470511463321182,2.1837985389868266,0.4632526073452916
4153,2.8101257680503253,2.344392105528871,0.4657336625214543
4154,3.130289042107838,2.7772439772211883,0.35304506488664966
4155,2.775395717704048,2.283994030846132,0.49140168685791563
4156,2.7019491618571942,2.2563287374493948,0.4456204244077995
4157,2.8361235737800774,2.3768945251991918,0.45922904858088565
4158,2.8220718106732385,2.3456568118298335,0.476414998843405
4159,2.7869439333918713,2.3115740907356526,0.47536984265621873
4160,2.7659991946025357,2.328665836136351,0.43733335846618493
4161,2.748272891318764,2.3345699087058582,0.41370298261290595
4162,2.8279399117347443,2.3526963688740152,0.4752435428607291
4163,2.7703224604749854,2.308244592784877,0.4620778676901085
4164,2.7527991551663216,2.301765364220813,0.45103379094550844
4165,2.8083080446049022,2.3217926860965354,0.4865153585083668
4166,2.719954168876506,2.2345610111755203,0.4853931577009858
4167,2.7072475614486584,2.2457119762197983,0.46153558522886007
4168,2.9325775735082784,2.505590760879842,0.4269868126284364
4169,2.844303518670813,2.420755329308445,0.4235481893623678
4170,2.879201315047823,2.435823634731391,0.443377680316432
4171,2.8025658396543607,2.3429857549854964,0.45958008466886424
4172,2.6694379177799106,2.1989748182053144,0.4704630995745962
4173,2.8665951975467454,2.4314155574437333,0.43517964010301213
4174,2.870142009605132,2.43433566520266,0.43580634440247223
4175,2.8062679974700395,2.328800374824534,0.4774676226455057
4176,2.748969966425498,2.29099658979295,0.4579733766325482
4177,2.8599074393556534,2.4186536333736233,0.4412538059820301
4178,2.7128229257495833,2.2702855651201035,0.4425373606294798
4179,2.730230051513553,2.297165738386471,0.43306431312708193
4180,2.909991929611611,2.478582795102656,0.431409134508955
4181,2.7247857361027195,2.2824052114487756,0.44238052465394384
4182,2.7647658837021867,2.303073300900723,0.46169258280146375
4183,2.78723670855996,2.3365675860955517,0.4506691224644084
4184,2.723216588217046,2.284076755110805,0.43913983310624083
4185,2.768682402684964,2.3185116043773597,0.4501707983076044
4186,2.6896666803373113,2.238089896179702,0.45157678415760927
4187,2.794245693055845,2.3144797088043076,0.47976598425153716
4188,2.782534282579205,2.3124586945310286,0.4700755880481764
4189,2.6774279745964926,2.231672170093383,0.4457558045031096
4190,2.9175017691860816,2.4668310247677323,0.4506707444183493
4191,2.78052600402802,2.3114989897912346,0.4690270142367856
4192,2.7684183344965416,2.3561605593662844,0.4122577751302572
4193,2.7661650427261284,2.3221071690468285,0.44405787367929994
4194,2.6965134519619287,2.2442453874579216,0.45226806450400714
4195,2.884025964097556,2.437498807666898,0.4465271564306579
4196,2.7184957812017165,2.2715833677073474,0.44691241349436917
4197,2.66783900710766,2.2090728394598,0.45876616764786027
4198,2.7129670724488726,2.246535598022337,0.46643147442653543
4199,2.680684736932095,2.2308597135155837,0.44982502341651154
4200,2.7069827522738295,2.236910702670445,0.47007204960338456
4201,2.8586890015832687,2.467142571694072,0.39154642988919663
4202,2.8224991156284545,2.3897862620957757,0.43271285353267874
4203,2.771233569911864,2.2976921162974673,0.4735414536143967
4204,2.7300793292004166,2.2676241208379766,0.46245520836244003
4205,2.727582619598776,2.270619676412872,0.4569629431859039
4206,2.6731896982744616,2.2248014038505746,0.44838829442388706
4207,2.7394109001047466,2.274303475625107,0.4651074244796396
4208,2.8023413540093607,2.348058167579022,0.4542831864303385
4209,2.807169203088065,2.3629095663756408,0.4442596367124243
4210,2.7568148621876727,2.3377058176654444,0.4191090445222283
4211,2.672710918710516,2.2169502944827233,0.45576062422779273
4212,2.7761920438535252,2.2962536690147495,0.47993837483877577
4213,2.7488589411505813,2.30622974936037,0.44262919179021143
4214,2.943651304238012,2.5364752984196763,0.4071760058183358
4215,2.8556314368169415,2.443147660549983,0.41248377626695865
4216,2.6727132436513634,2.2233907268829527,0.44932251676841073
4217,2.8315584626070875,2.3873409211553045,0.44421754145178305
4218,2.9210476490702906,2.480046544571663,0.4410011044986275
4219,2.713246089171789,2.272526001606684,0.4407200875651047
4220,2.810546801914768,2.3568081707777386,0.4537386311370293
4221,2.706875108000723,2.2383767342228253,0.4684983737778978
4222,2.8661947506227814,2.456701324409451,0.4094934262133303
4223,2.8853177151693434,2.450287641127051,0.43503007404229255
4224,2.6577841527499837,2.221230124196781,0.4365540285532026
4225,2.938746131205501,2.543161441201563,0.39558469000393837
4226,2.754636446494543,2.304878757690784,0.4497576888037593
4227,2.7309883008661595,2.27931035416602,0.4516779467001397
4228,2.6913375448079044,2.2253251884185197,0.46601235638938476
4229,2.7208887750559976,2.2313955350418753,0.4894932400141223
4230,2.75254651905148,2.3113572016987636,0.4411893173527166
4231,2.7875127702733535,2.345423895044625,0.44208887522872864
4232,2.732167194406001,2.2719162167382647,0.46025097766773637
4233,2.722580653217523,2.274101149917376,0.44847950330014674
4234,2.7207837687664123,2.2792691425955316,0.44151462617088066
4235,2.8992897775889896,2.4656951740451944,0.4335946035437952
4236,2.846712948110807,2.396798511344977,0.4499144367658299
4237,2.787537699694799,2.320863597338333,0.4666741023564658
4238,2.8813233730778416,2.4452980767680352,0.43602529630980635
4239,2.7784380385820846,2.3554970983077457,0.42294094027433893
4240,2.7759649490215366,2.3632292514919806,0.41273569752955597
4241,2.706237292718078,2.245396426635934,0.4608408660821439
4242,2.6320002481722975,2.1676831983237497,0.4643170498485478
4243,2.7623281498248184,2.26887156326434,0.4934565865604785
4244,2.8217472625983278,2.3790253940303296,0.4427218685679981
4245,2.90256099286876,2.458119400089202,0.44444159277955775
4246,2.7104194341839203,2.2761337477469405,0.43428568643697973
4247,2.75399517815325,2.288058633098556,0.46593654505469395
4248,2.760985762815444,2.346466868915597,0.41451889389984675
4249,2.748194543803489,2.3078509055970646,0.4403436382064245
4250,2.66042969704506,2.1938607607243785,0.4665689363206815
4251,2.7227253731196908,2.2928571952274446,0.4298681778922462
4252,2.629118892707814,2.1569821939485916,0.4721366987592224
4253,2.783074665442372,2.3150196525844255,0.4680550128579464
4254,2.785955351420894,2.302172209096513,0.483783142324381
4255,2.798449319254926,2.3461893582383606,0.4522599610165652
4256,2.7456598198074413,2.296050454487458,0.4496093653199833
4257,2.731203781697712,2.283776689661299,0.44742709203641295
4258,2.6982682923384234,2.2438679491634175,0.4544003431750059
4259,2.8441618165422096,2.397868013135341,0.4462938034068684
4260,2.7411915496010826,2.29399393924953,0.4471976103515525
4261,2.686988523575807,2.2372823399578765,0.4497061836179306
4262,2.75688130066031,2.3049128978977413,0.45196840276256856
4263,2.659402424499864,2.1973079683225625,0.4620944561773017
4264,2.803220495359224,2.3683289606993556,0.4348915346598683
4265,2.8688720212840204,2.4233455579270586,0.4455264633569618
4266,2.7788240780516764,2.3759822758038207,0.4028418022478557
4267,2.7273341401296465,2.312279938550962,0.41505420157868445
4268,2.798497185042536,2.3318592607446362,0.46663792429789996
4269,2.8109150956977773,2.3929721795060988,0.41794291619167856
4270,2.830319916254336,2.3818913784964044,0.4484285377579318
4271,2.8360826099618364,2.3733478247550965,0.46273478520673983
4272,2.6806875383252056,2.2200898175979207,0.4605977207272849
4273,2.663655730577523,2.2071452033313985,0.4565105272461243
4274,2.7061164862014393,2.2544912926815264,0.4516251935199129
4275,2.7669721531007716,2.338054873624274,0.4289172794764977
4276,2.7187768240254617,2.268347964336298,0.4504288596891639
4277,2.804930419257515,2.328756951404105,0.47617346785340997
4278,2.8607017856489887,2.3999431929554595,0.46075859269352915
4279,2.7290820624417105,2.2846444960456602,0.44443756639605025
4280,2.6826742098824945,2.2168786282269273,0.4657955816555672
4281,2.71679482077315,2.2937350381343946,0.42305978263875543
4282,2.782657728289932,2.3710941741809557,0.41156355410897616
4283,2.8852792964693164,2.407695684408389,0.47758361206092736
4284,2.7587053350448842,2.3036695145168853,0.45503582052799896
4285,2.75915132197606,2.3343315636295636,0.42481975834649655
4286,2.8670826094267134,2.373788665690327,0.49329394373638635
4287,2.782907341674,2.3399391023409017,0.44296823933309826
4288,2.8613670100099813,2.399478192664284,0.4618888173456974
4289,2.832207789807011,2.3510995187415626,0.4811082710654482
4290,2.8617019579160488,2.396509869799123,0.4651920881169258
4291,2.7529916368118506,2.3086703819361976,0.444321254875653
4292,2.884698827214558,2.487235212317081,0.39746361489747706
4293,2.917833610398164,2.498106005676645,0.41972760472151904
4294,2.715267315869048,2.2482311897282066,0.46703612614084156
4295,2.7242010762575344,2.2603719883297035,0.46382908792783084
4296,2.815914170488542,2.3883586388400264,0.4275555316485158
4297,2.7829568838296397,2.2996081561765283,0.48334872765311143
4298,2.7398707709624417,2.2693056662271016,0.4705651047353401
4299,2.843882285850896,2.423169232063326,0.42071305378757007
4300,2.9781497572763134,2.5445853402624405,0.4335644170138728
4301,2.6907976143537744,2.24256112804048,0.4482364863132946
4302,2.9258336328666936,2.5152196337994575,0.41061399906723617
4303,2.675344041339432,2.222011014462937,0.453333026876495
4304,2.6886222113898195,2.2502757943511087,0.4383464170387108
4305,2.735653486070458,2.263927978655609,0.4717255074148494
4306,2.8698826775377437,2.4446312735024875,0.4252514040352562
4307,2.9089504186367576,2.4534519964111445,0.4554984222256131
4308,2.7951025605666278,2.3314249284171598,0.463677632149468
4309,2.733921950213401,2.2642006624036055,0.4697212878097954
4310,2.901186929889833,2.4670050585350993,0.43418187135473385
4311,2.7193755423509645,2.2656238599025373,0.4537516824484271
4312,2.7708684726689166,2.3181708868138595,0.45269758585505704
4313,2.8400849598555324,2.410180319461934,0.42990464039359866
4314,2.734952118563625,2.2666754774198763,0.4682766411437487
4315,2.6802884004741365,2.2304339535917217,0.4498544468824148
4316,2.8521149149101555,2.408736178723122,0.4433787361870336
4317,2.7965305333646904,2.3407676622406437,0.4557628711240467
4318,2.756340391521575,2.2921130373861023,0.46422735413547267
4319,2.713437102346193,2.256925347465138,0.45651175488105533
4320,2.914674276711035,2.4431278290956135,0.47154644761542164
4321,2.7102695917178803,2.2348962205604583,0.47537337115742195
4322,2.9173994505907133,2.4725366027451665,0.44486284784554675
4323,2.7723034044105637,2.2946449842583463,0.4776584201522174
4324,2.766444828992443,2.3029902799199697,0.4634545490724733
4325,2.7564564672547394,2.3107376298976066,0.4457188373571328
4326,2.9531401856742154,2.551492962347461,0.4016472233267545
4327,2.729820286189476,2.2756641729407994,0.45415611324867644
4328,2.9175527099590015,2.514750758462007,0.4028019514969947
4329,2.7168971839758163,2.2409504488290355,0.47594673514678076
4330,2.769773384892045,2.29454909392892,0.475224290963125
4331,2.76196601405417,2.3168351506061233,0.44513086344804664
4332,2.8969335533420724,2.414298610504245,0.4826349428378274
4333,2.7908994539251113,2.3412430680551517,0.4496563858699596
4334,2.699781481905766,2.2341338590893662,0.46564762281639993
4335,2.742252710828756,2.2808582436034266,0.4613944672253294
4336,2.877660404338394,2.420018490340423,0.45764191399797083
4337,2.774672237489391,2.3113540436908093,0.46331819379858175
4338,2.707195562634845,2.23719654821104,0.4699990144238049
4339,2.638265952898201,2.1612371080600363,0.47702884483816455
4340,2.8770735676665327,2.4124446366165517,0.46462893104998093
4341,2.707285688940393,2.2648890779482262,0.44239661099216665
4342,2.711524127403549,2.254599367754852,0.4569247596486967
4343,2.6844931407058454,2.2312429301597803,0.4532502105460652
4344,2.7876567790823032,2.3233573643164247,0.46429941476587855
4345,2.7356306302275963,2.2646762663434727,0.4709543638841236
4346,2.6783748587167815,2.1942953548312865,0.48407950388549503
4347,2.8107319318447934,2.369247214230906,0.4414847176138874
4348,2.6217740066618087,2.1632991993678945,0.4584748072939142
4349,2.6158560469252823,2.143632356822618,0.4722236901026644
4350,2.829197040236365,2.340228225893845,0.48896881434251993
4351,2.6965148634861698,2.2394061434771406,0.45710872000902913
4352,2.9085413725080844,2.472286163745206,0.4362552087628786
4353,2.7855071597053165,2.2917516120723453,0.49375554763297114
4354,2.67972831253337,2.2128617244924698,0.4668665880409004
4355,2.911309613070256,2.4704848123226237,0.4408248007476323
4356,2.904021516521109,2.437568602887626,0.4664529136334834
4357,2.7493512079238718,2.306969449310187,0.4423817586136849
4358,2.7323838078187364,2.2658300110464853,0.46655379677225106
4359,2.8837212472611453,2.421841083927828,0.4618801633333174
4360,2.648340706770757,2.1848254957335187,0.4635152110372385
4361,2.7718000198152053,2.346012119747371,0.4257879000678342
4362,2.7423929469831223,2.2619275480390324,0.4804653989440899
4363,2.6419175258941485,2.205722273313147,0.43619525258100156
4364,2.843642791864649,2.4272173165364097,0.41642547532823926
4365,3.027835146939538,2.6528038728483465,0.3750312740911914
4366,2.8996287005480244,2.481592217127666,0.41803648342035826
4367,2.8559115734372056,2.4330256495766345,0.4228859238605711
4368,2.668783327303087,2.2198936437289856,0.44888968357410164
4369,2.870051794417584,2.415321145917773,0.4547306484998108
4370,2.6224291149725545,2.153542126245654,0.46888698872690027
4371,2.7694933570838933,2.3189300048986237,0.45056335218526966
4372,2.6347219745683264,2.184936380241687,0.44978559432663934
4373,2.957014879249936,2.5543696798147826,0.4026451994351534
4374,2.8507150744921783,2.4344472883242627,0.4162677861679156
4375,2.690061175959017,2.2298812507422836,0.46017992521673357
4376,2.900801615016573,2.4364321080236913,0.46436950699288193
4377,2.72929628238468,2.3105948782163868,0.41870140416829305
4378,2.705881602139139,2.2447927371921224,0.46108886494701684
4379,2.6947244558231755,2.2582479155404913,0.43647654028268423
4380,3.021283437524733,2.6338554067387254,0.3874280307860074
4381,2.686846107905318,2.262663816704137,0.424182291201181
4382,2.8464293364411377,2.4017043905264495,0.44472494591468825
4383,2.800718718652086,2.3775183451190562,0.42320037353302986
4384,2.9150309172825155,2.458916900066428,0.4561140172160876
4385,2.747978775877767,2.294723988435593,0.45325478744217396
4386,2.6978102582917356,2.2529200507895357,0.4448902075021999
4387,2.747332086412462,2.29525250087527,0.45207958553719196
4388,2.610682422142489,2.1522900250781345,0.45839239706435464
4389,2.7297614526663696,2.3110699858332158,0.41869146683315384
4390,2.7752375739101547,2.3288481642761902,0.44638940963396445
4391,2.8351032014622612,2.4020214845074754,0.4330817169547858
4392,2.6858854158303545,2.221884592672646,0.46400082315770863
4393,2.753179500131043,2.280154041345241,0.47302545878580204
4394,2.63390906311099,2.1573455069270517,0.4765635561839381
4395,2.91395801473648,2.5008287898443147,0.4131292248921654
4396,2.759187616281874,2.3156363772042896,0.4435512390775842
4397,2.671645993504603,2.198425798206811,0.4732201952977917
4398,2.803370062187119,2.3504921837439694,0.45287787844314975
4399,2.7715769940863018,2.3634165835076355,0.40816041057866626
4400,2.8470399094299825,2.3571124718581555,0.489927437571827
4401,2.790625789079699,2.3332131750552674,0.45741261402443145
4402,2.7765721766120586,2.3239922020201265,0.4525799745919321
4403,2.7963238049343038,2.3552989431640032,0.44102486177030054
4404,2.7584580687378715,2.314025817210475,0.4444322515273966
4405,2.612457349211763,2.1447885829988276,0.4676687662129355
4406,2.79414701820859,2.3471614395721376,0.4469855786364523
4407,2.7350750277308933,2.265510234858802,0.4695647928720912
4408,2.819588364649071,2.369944761030808,0.44964360361826294
4409,2.763041344605158,2.3153927845063804,0.4476485600987776
4410,2.951740393990153,2.556891449729093,0.3948489442610601
4411,2.7668839659765805,2.328230895550543,0.4386530704260374
4412,2.777890693230488,2.3527438382660595,0.4251468549644284
4413,2.687902319691646,2.248842065400661,0.4390602542909847
4414,2.710257601160492,2.261457212958107,0.44880038820238477
4415,2.6854845366892945,2.247892012643278,0.43759252404601634
4416,2.7897008655535442,2.342825158807367,0.44687570674617705
4417,2.7537358929453153,2.2720524770904342,0.48168341585488106
4418,2.8971589350004017,2.5053173945266267,0.39184154047377495
4419,2.6537812731769366,2.191190470339196,0.4625908028377408
4420,2.6786366479018358,2.222218021319723,0.45641862658211263
4421,2.7894456038712505,2.35327820063471,0.43616740323654035
4422,2.6437703831554114,2.18591867540739,0.4578517077480213
4423,2.7295387834733447,2.275028623718127,0.45451015975521747
4424,2.7214594811784827,2.2605522077369073,0.46090727344157534
4425,2.674825771416013,2.2138342198114977,0.4609915516045153
4426,2.8431273795434513,2.3837852322879534,0.45934214725549793
4427,2.9528732592352442,2.5579072209025107,0.3949660383327336
4428,2.7229472801306627,2.2585250234631755,0.46442225666748715
4429,2.752702724446215,2.2781594384011736,0.4745432860450416
4430,2.847736578679858,2.3960871738609186,0.45164940481893945
4431,2.729921457375178,2.2672797488230683,0.46264170855210995
4432,2.740253762445713,2.2672934624493584,0.47296029999635447
4433,2.7497516617222026,2.3102035521007624,0.4395481096214402
4434,2.7290208416790516,2.2508118018222167,0.4782090398568348
4435,2.6682714953119224,2.192868457101784,0.47540303821013863
4436,2.894134348555432,2.5016986821400486,0.3924356664153832
4437,2.7490907489992087,2.309198797587636,0.4398919514115729
4438,2.9175342908626747,2.5166796074727076,0.4008546833899671
4439,2.7608001413085193,2.2739576670697343,0.4868424742387849
4440,2.706966537879664,2.2403042902424235,0.4666622476372404
4441,2.7178321163115418,2.2506255040743013,0.46720661223724047
4442,2.690309127514634,2.242013461317367,0.448295666197267
4443,2.765411054184555,2.2864955666174516,0.47891548756710334
4444,2.62541312415106,2.167431059827048,0.45798206432401223
4445,2.6896577240035486,2.244099003673618,0.4455587203299305
4446,2.838949959336197,2.3887565513233016,0.45019340801289554
4447,2.779221382251393,2.329475630918586,0.44974575133280714
4448,2.662939737160636,2.2064287511178335,0.45651098604280227
4449,2.7139593822748993,2.2679921845639193,0.44596719771098003
4450,2.7138315541704134,2.2371810965697305,0.4766504576006829
4451,2.6176324050989366,2.165116595808508,0.45251580929042845
4452,2.944838135050487,2.546430460528032,0.39840767452245496
4453,2.876127419853325,2.418067542787593,0.45805987706573204
4454,2.691243664444641,2.231547747032776,0.4596959174118651
4455,2.8208505348981965,2.378168109690095,0.44268242520810164
4456,2.6623284414925545,2.2082092083013474,0.45411923319120717
4457,2.7692933339373327,2.302222578866216,0.46707075507111684
4458,2.955700212645131,2.5608242085522916,0.3948760040928394
4459,2.8009813951192823,2.3655116096455004,0.4354697854737819
4460,2.9069251358334656,2.4770043401347577,0.4299207956987079
4461,2.7294750712808726,2.240576181976004,0.4888988893048687
4462,2.797197545420031,2.3328823251079824,0.46431522031204864
4463,2.7280992682624214,2.268937909667912,0.45916135859450957
4464,2.7298795056991247,2.2633437243045726,0.4665357813945521
4465,2.6956737830248,2.2439332684106987,0.45174051461410114
4466,2.8004469397918847,2.3572654709148533,0.44318146887703147
4467,2.648120725285864,2.174783273317545,0.47333745196831867
4468,2.7572151183272404,2.2975660061807597,0.45964911214648074
4469,2.808064969017016,2.3676051103233675,0.44045985869364834
4470,2.796750106019996,2.3336496015170396,0.4631005045029566
4471,2.7435818812628914,2.2713155867278276,0.47226629453506375
4472,2.9155511093205493,2.459744793651728,0.45580631566882124
4473,2.65542831151549,2.2000318655431683,0.45539644597232165
4474,2.8549944723794805,2.440160989638229,0.41483348274125165
4475,2.780822566468084,2.342262776467718,0.43855979000036616
4476,2.6975917092296786,2.240160795335055,0.45743091389462354
4477,2.8369258700536295,2.37737732554808,0.4595485445055494
4478,2.801872495019973,2.370308477125844,0.4315640178941291
4479,2.681311738749851,2.245418129895145,0.43589360885470585
4480,2.7778613201657114,2.303008574331888,0.4748527458338234
4481,2.7337579246430237,2.2801877199707072,0.45357020467231646
4482,2.78670973067912,2.3227524411962706,0.4639572894828494
4483,2.7530968470049575,2.320123492334964,0.4329733546699934
4484,2.8088359228785236,2.376774096025038,0.4320618268534857
4485,2.6899760680030402,2.2509684606435534,0.43900760735948685
4486,2.8176933862136013,2.3694216130919994,0.44827177312160194
4487,2.683392125530215,2.2464747852982314,0.4369173402319837
4488,2.740705984169165,2.282115779862833,0.4585902043063319
4489,2.8683810332409805,2.4064456232386053,0.46193541000237515
4490,2.8310206815124443,2.34479640674538,0.4862242747670642
4491,2.7066851185882412,2.2467051485583673,0.4599799700298739
4492,2.7614301160674484,2.313615866624716,0.4478142494427324
4493,2.820445975670575,2.356671320081856,0.4637746555887188
4494,2.6934287625041513,2.221540559992399,0.4718882025117521
4495,2.6490365353864815,2.2081389327317673,0.4408976026547142
4496,2.813414886519991,2.3822453643767516,0.43116952214323945
4497,2.722311363347914,2.2715066566183015,0.45080470672961237
4498,2.692888221498291,2.210690986328184,0.48219723517010715
4499,2.8578239745068026,2.4371292435526923,0.42069473095411025
4500,2.812515279421516,2.32255333553958,0.4899619438819358
4501,2.7767514494118783,2.348717286434622,0.4280341629772564
4502,2.634197141981314,2.1643831584428943,0.46981398353841985
4503,2.5922026760375045,2.129719972643945,0.46248270339355946
4504,2.71100537932339,2.239806550146859,0.4711988291765312
4505,2.742898987015591,2.3077178261196187,0.43518116089597214
4506,2.7471732383397067,2.315005175356369,0.43216806298333754
4507,2.674591901898133,2.223316972442062,0.45127492945607095
4508,3.0148137888169164,2.5995104555632778,0.41530333325363866
4509,2.6826632187758546,2.2187420339702877,0.4639211848055669
4510,2.675750911024011,2.2311859725776566,0.4445649384463546
4511,2.7617695638776563,2.326667579060989,0.4351019848166673
4512,2.8064910751793573,2.4040403424395684,0.4024507327397888
4513,2.797214822781564,2.3587216045845802,0.43849321819698384
4514,2.7123895549010957,2.2674501639451132,0.44493939095598245
4515,2.89529578083017,2.4253728258518215,0.46992295497834835
4516,2.830836614666629,2.3976671127752796,0.4331695018913493
4517,2.64603365682504,2.187732403370039,0.45830125345500106
4518,2.7081853202935218,2.255393887328343,0.45279143296517876
4519,2.7891746948782545,2.3460662550805393,0.4431084397977152
4520,2.6995639037613106,2.2512055549458063,0.4483583488155043
4521,2.8143341000620126,2.347735595994347,0.4665985040676657
4522,2.7891605170308065,2.3446091563506823,0.44455136068012413
4523,2.791263148633563,2.3342983542723945,0.45696479436116855
4524,2.9633387093455275,2.5590175752449276,0.4043211341005999
4525,2.8105761005779124,2.392648903543471,0.41792719703444137
4526,2.893059946214104,2.445140249949279,0.4479196962648251
4527,2.8684968875556707,2.4161610690724005,0.4523358184832702
4528,2.671149166353895,2.2233618691379395,0.44778729721595534
4529,2.8060692231998,2.384744370045235,0.421324853154565
4530,2.7138182411816514,2.2583494309546275,0.4554688102270239
4531,2.851866314129956,2.4123821529417726,0.43948416118818345
4532,2.7783027137327547,2.318801800724372,0.4595009130083829
4533,2.719417865177499,2.287581143565724,0.4318367216117749
4534,2.7802436664872237,2.333885817932933,0.4463578485542907
4535,2.8853098978324114,2.4277303607786966,0.4575795370537148
4536,2.830726885021212,2.3952472415440345,0.4354796434771777
4537,2.9702383163022263,2.497160661788919,0.4730776545133075
4538,2.6605208929141058,2.210384118943191,0.45013677397091456
4539,2.7473660465263334,2.310051340846269,0.43731470568006436
4540,2.7963483643217395,2.3223754644474917,0.47397289987424784
4541,2.751135816779983,2.2854405826841524,0.46569523409583047
4542,2.822748275528532,2.371387287898101,0.451360987630431
4543,2.81488588037502,2.4028492845093057,0.4120365958657142
4544,2.7197474289711008,2.272496497750115,0.4472509312209856
4545,2.740373863155679,2.271939993185495,0.468433869970184
4546,2.7426159144645847,2.244786574038449,0.4978293404261356
4547,2.8540702684607515,2.437947448551206,0.4161228199095457
4548,2.6704309490082534,2.231404703897233,0.4390262451110205
4549,2.894818016113036,2.4674130058902395,0.42740501022279664
4550,2.704728029052866,2.253216340989599,0.45151168806326725
4551,2.7879937008325415,2.3668052967157673,0.42118840411677416
4552,3.053965294012863,2.6326603197152076,0.42130497429765557
4553,2.707391018433582,2.2478145674810417,0.4595764509525404
4554,2.7940900906935013,2.3129858360679107,0.4811042546255906
4555,2.727780897602513,2.268040136579796,0.4597407610227169
4556,2.8352609986474606,2.4054661136914226,0.429794884956038
4557,2.783525206642744,2.347479067494816,0.436046139147928
4558,2.759761432204657,2.3234647409994422,0.43629669120521486
4559,2.814970664806505,2.32296300058728,0.49200766421922504
4560,2.7089025912206117,2.2086312481107084,0.5002713431099033
4561,2.614893780238172,2.138866334744481,0.476027445493691
4562,2.6665674757045017,2.1886226840990584,0.47794479160544334
4563,2.7280176868806554,2.307160057585682,0.4208576292949733
4564,2.7738037262569004,2.331846239919752,0.44195748633714826
4565,2.7877859127635305,2.3628245929630114,0.4249613198005191
4566,2.7880276609167525,2.350995110147368,0.43703255076938463
4567,2.6223861475687436,2.1628858843979444,0.4595002631707992
4568,2.6991089398116137,2.2625168363629533,0.4365921034486604
4569,2.663672242072765,2.183319245507831,0.480352996564934
4570,2.7905176026110197,2.355637891436409,0.4348797111746108
4571,2.759602428188855,2.303521244797139,0.4560811833917162
4572,2.7063935959727194,2.2604345770595873,0.44595901891313217
4573,2.8098620894831616,2.357015279317886,0.45284681016527584
4574,2.724806410376008,2.2751094018331943,0.4496970085428136
4575,2.6965326420886395,2.2364356757022534,0.4600969663863861
4576,2.8041053174764015,2.383718376823746,0.42038694065265547
4577,2.8199721095000485,2.3559462753625495,0.464025834137499
4578,2.7613064474119384,2.297589494330433,0.4637169530815055
4579,2.6760854450949316,2.212692157054097,0.4633932880408347
4580,2.996478684165534,2.5247464185500266,0.47173226561550763
4581,2.7559346898243824,2.285939326923885,0.4699953629004976
4582,2.7427310082150957,2.2998944757802326,0.4428365324348631
4583,2.7904672293886774,2.367462717316525,0.4230045120721524
4584,2.688759598553791,2.2423139911756773,0.4464456073781138
4585,2.778446268757156,2.3437579848882955,0.4346882838688604
4586,2.8002020127512117,2.3286137279166836,0.4715882848345281
4587,2.773933926112331,2.3129624175611965,0.46097150855113433
4588,2.7263385341411985,2.2684736312304485,0.45786490291075
4589,2.8480785558883377,2.4090025532452084,0.4390760026431293
4590,2.6825945460190654,2.2220660943488477,0.4605284516702177
4591,2.741888171349459,2.2755501653356456,0.46633800601381337
4592,2.699446565482618,2.2346753364663385,0.46477122901627954
4593,2.8873868575194006,2.428954204467995,0.45843265305140557
4594,2.814314323614781,2.369221759139969,0.44509256447481205
4595,2.7340588402236174,2.2922395386009304,0.441819301622687
4596,2.6721929719014277,2.1922669540683364,0.4799260178330913
4597,2.7064581868724114,2.2542676056690323,0.45219058120337907
4598,2.8401682081520723,2.3547171721385967,0.4854510360134756
4599,3.1030891835293906,2.7345066292697817,0.36858255425960884
4600,3.0413003598803217,2.620943550811063,0.42035680906925865
4601,2.7009093289768376,2.2342453041880135,0.46666402478882407
4602,2.76327339039749,2.303940353684363,0.4593330367131272
4603,2.688653859997062,2.22620106929201,0.46245279070505196
4604,2.812350965356255,2.3307270883893803,0.4816238769668746
4605,2.860340505831224,2.3616042009611142,0.49873630487010967
4606,2.8110774143765904,2.363877298632084,0.44720011574450647
4607,2.612264918549687,2.145208932195719,0.46705598635396806
4608,2.957811562268095,2.5074157918327304,0.4503957704353647
4609,2.99201238933331,2.597984673792446,0.3940277155408638
4610,2.742138958608344,2.3013445682093274,0.4407943903990166
4611,2.7969996212196313,2.3254358535593553,0.47156376766027597
4612,2.7803617345136318,2.3415979228990453,0.43876381161458644
4613,2.716058653430443,2.25501480900532,0.4610438444251228
4614,2.8429996096307453,2.40192145543838,0.4410781541923652
4615,2.692795508880258,2.220745767518032,0.472049741362226
4616,2.8421310831098014,2.4127754169832274,0.42935566612657405
4617,2.788242082953689,2.3081475582478688,0.48009452470582037
4618,2.665121209806204,2.192455291159865,0.4726659186463391
4619,2.6821318312479323,2.235347780087645,0.4467840511602872
4620,2.8093973675395065,2.3351983237861758,0.4741990437533308
4621,2.783705323772719,2.365375145193009,0.4183301785797102
4622,2.813427974069149,2.3655997784192953,0.44782819564985354
4623,2.7859253103545707,2.373202972597343,0.41272233775722755
4624,2.7129218633024457,2.242478054349409,0.4704438089530365
4625,2.8432646901962104,2.382109897894135,0.46115479230207557
4626,2.9430724980438923,2.519312490993743,0.42376000705014905
4627,2.7463943865939937,2.309176400697783,0.43721798589621086
4628,2.808333318231151,2.391195458800351,0.4171378594308002
4629,2.782612123308311,2.342162140204407,0.44044998310390415
4630,2.7665922811885104,2.301138057678437,0.4654542235100734
4631,2.9236013138902925,2.498893806889733,0.4247075070005595
4632,2.845577753421025,2.430350274891243,0.41522747852978226
4633,2.917371939931206,2.4708558420676017,0.44651609786360424
4634,2.9320832119795712,2.5238620163663654,0.4082211956132058
4635,2.7218472857542024,2.249870495681202,0.47197679007300053
4636,2.925174311585913,2.4732249911329296,0.4519493204529832
4637,2.6813808834564288,2.215367440939968,0.4660134425164606
4638,2.800388069455365,2.3551208228873324,0.4452672465680325
4639,2.7924108026745262,2.3333767312729936,0.45903407140153263
4640,2.65369197413828,2.205825277507609,0.44786669663067125
4641,2.6939777250739056,2.242093157136147,0.4518845679377588
4642,2.660531098703732,2.207986511945683,0.4525445867580489
4643,2.8157219639559306,2.3958732459299164,0.4198487180260142
4644,2.7218391659935963,2.278320433355267,0.4435187326383292
4645,2.761448457275133,2.315203207307563,0.44624524996757
4646,2.733318247026879,2.307795551211544,0.4255226958153351
4647,2.873947503081679,2.423783395763001,0.45016410731867795
4648,2.7840911946860323,2.3072956035762267,0.4767955911098056
4649,2.746300525560772,2.2779900653245093,0.46831046023626266
4650,2.7929843555951726,2.3287886409079204,0.4641957146872522
4651,2.6838931918822384,2.229932379622785,0.4539608122594534
4652,2.773278039954636,2.3078740440887104,0.4654039958659255
4653,2.8380972092052774,2.4363532638051453,0.40174394540013214
4654,2.7156107025503307,2.2987469672039533,0.41686373534637733
4655,2.7601221662723785,2.3034979940987435,0.45662417217363505
4656,2.7915507370550223,2.3426162889971636,0.44893444805785876
4657,2.7415842192987703,2.2987836457728683,0.44280057352590196
4658,2.76291410429107,2.3020373764627617,0.46087672782830813
4659,2.641951410034987,2.177101541129119,0.4648498689058682
4660,2.79387489647042,2.350549432399958,0.4433254640704618
4661,2.645318544383256,2.171476121578157,0.4738424228050988
4662,2.8311995365888,2.3711192012723465,0.4600803353164533
4663,2.675620400845707,2.2105138322365345,0.46510656860917265
4664,2.6718346232196164,2.215604346782749,0.4562302764368673
4665,2.790972745084564,2.321598806872459,0.46937393821210494
4666,2.7966269628152065,2.3493964666661045,0.44723049614910204
4667,2.725819065510514,2.268024228119346,0.4577948373911678
4668,2.864487095092528,2.42537894201074,0.4391081530817882
4669,2.699989045338623,2.261637219190444,0.43835182614817914
4670,2.9326697477359236,2.499153272051372,0.43351647568455176
4671,2.68949428985716,2.265446216789085,0.4240480730680747
4672,2.693409721599988,2.2351244159248194,0.4582853056751688
4673,2.749427256724955,2.2859135158750643,0.4635137408498906
4674,2.8221480805801797,2.371197579498005,0.4509505010821746
4675,2.8612211613008025,2.381754639077606,0.47946652222319663
4676,2.7127067116431314,2.2478861947669,0.46482051687623116
4677,2.7063057794733623,2.2442131226983775,0.4620926567749848
4678,3.111692293164891,2.7918434266991015,0.3198488664657897
4679,2.686519240730021,2.215376174766678,0.4711430659633429
4680,2.9310238379945144,2.5382298060547632,0.39279403193975115
4681,2.7500779628069005,2.312293613408697,0.43778434939820343
4682,2.8886025663874046,2.4788910604978263,0.4097115058895784
4683,2.805528991512666,2.391287546797084,0.4142414447155818
4684,2.5781187854302896,2.1105081513278545,0.4676106341024351
4685,2.708593078540651,2.2485157100903987,0.46007736845025216
4686,2.7810343331687046,2.3472683698576033,0.4337659633111013
4687,2.7761375663032686,2.362028065902871,0.4141095004003974
4688,2.7059344576231403,2.237981969286823,0.46795248833631753
4689,2.7863423059473558,2.362982002995325,0.42336030295203075
4690,2.7784462447537233,2.325425707203684,0.4530205375500391
4691,2.746357684781956,2.301698636889946,0.44465904789201005
4692,2.7199917112418857,2.269325106551424,0.4506666046904617
4693,2.7311174724953013,2.2710710613716314,0.46004641112366995
4694,2.7747491274184743,2.2987948801453255,0.47595424727314883
4695,2.7425143909871674,2.309836245609066,0.43267814537810123
4696,2.8839895870871906,2.45099092272911,0.43299866435808054
4697,2.6866826973241955,2.208538740190444,0.4781439571337516
4698,2.7268928303048727,2.2781944949539485,0.4486983353509242
4699,2.6460944668988655,2.1933278120901525,0.45276665480871303
4700,2.8812305513772993,2.4283031235350196,0.4529274278422797
4701,2.721513644964665,2.259879745612805,0.46163389935186006
4702,2.8370568736267154,2.403749651321873,0.43330722230484264
4703,2.872585602494452,2.403101089512547,0.46948451298190497
4704,2.7286418309081384,2.2707986134932097,0.4578432174149287
4705,2.6228140666555415,2.1412788124800564,0.48153525417548515
4706,2.705310197439188,2.2539790118803484,0.45133118555883955
4707,2.7982856635567592,2.3941295901551753,0.4041560734015839
4708,2.6766780571097604,2.237762492116715,0.4389155649930454
4709,2.6363428477726614,2.1753048854953736,0.46103796227728777
4710,2.757074140523776,2.311122416050235,0.44595172447354114
4711,2.692089995745103,2.2583599926603846,0.43373000308471843
4712,2.722417006370111,2.2743829900688723,0.44803401630123885
4713,2.7437438859723504,2.3206482602432925,0.4230956257290579
4714,2.7987413514006647,2.336357916692285,0.4623834347083795
4715,2.898731865646102,2.429434317832939,0.4692975478131629
4716,2.6691914137361246,2.2248819109646325,0.44430950277149206
4717,2.7598518490364903,2.3102236066777717,0.44962824235871857
4718,2.968599841935669,2.5476404558240255,0.4209593861116434
4719,2.770235474817811,2.2842984470176346,0.4859370278001762
4720,2.70774207524544,2.2402768849423116,0.4674651903031286
4721,2.7686185477781615,2.296722212303912,0.47189633547424936
4722,2.69411104940698,2.2362133362366943,0.45789771317028594
4723,2.6616135856240013,2.2111225993938874,0.45049098623011385
4724,2.9818127270009507,2.5503288230928125,0.4314839039081382
4725,2.7779227866341576,2.292379297375256,0.4855434892589017
4726,2.7622846480951853,2.287449385934915,0.47483526216027006
4727,2.7941452284472255,2.3873073729118857,0.4068378555353398
4728,2.7213643076439253,2.2473944284356455,0.4739698792082798
4729,2.7668512831281027,2.2960805711388574,0.47077071198924525
4730,2.7698440870917165,2.3470135230318947,0.4228305640598218
4731,2.7134604853013125,2.290073866096913,0.4233866192043996
4732,2.7381838874377795,2.266856974392248,0.47132691304553154
4733,2.989903746660006,2.5795264942061378,0.410377252453868
4734,2.931320376366837,2.5309312965018234,0.4003890798650138
4735,2.719825833579395,2.2937033117165413,0.4261225218628537
4736,2.6543322885352953,2.184622230098336,0.46971005843695934
4737,2.7769053508917874,2.3207722726249225,0.4561330782668649
4738,2.7755925366233156,2.32897492135346,0.44661761526985577
4739,2.925377506128679,2.477861838114334,0.4475156680143453
4740,2.7135784819277413,2.2406269528400498,0.47295152908769156
4741,2.7786705337969715,2.33662168966912,0.4420488441278514
4742,2.6266831652660727,2.1659721009055737,0.460711064360499
4743,2.7565470790859323,2.279445258212594,0.4771018208733384
4744,2.7079318048496344,2.2538973477119595,0.4540344571376749
4745,2.918723747760595,2.4747230387830923,0.4440007089775029
4746,2.680463429192914,2.2453619276973087,0.43510150149560545
4747,2.7679704541943013,2.291777500228446,0.47619295396585537
4748,2.6420352765631154,2.1911682717522663,0.4508670048108492
4749,2.726882420834093,2.264961244593301,0.461921176240792
4750,2.7221314628144713,2.29156123196399,0.4305702308504813
4751,2.6244650683734982,2.1779949594003507,0.44647010897314754
4752,2.8354103032191693,2.3871596889299225,0.44825061428924684
4753,2.7686004522388408,2.307697206469566,0.46090324576927477
4754,2.7316027510233623,2.2837875241022587,0.44781522692110354
4755,2.702346738267313,2.245044255084973,0.4573024831823398
4756,2.768499969298939,2.3225785645351102,0.4459214047638289
4757,2.6552333231903984,2.1962136982880933,0.4590196249023051
4758,2.8294022524989635,2.348119712469407,0.4812825400295564
4759,2.7533305436652222,2.2857762854713606,0.46755425819386165
4760,2.7290171054557986,2.2860926463518556,0.44292445910394296
4761,2.993917875518559,2.5569577611722862,0.4369601143462729
4762,2.64325942458727,2.193472982054388,0.4497864425328819
4763,2.6173063674867225,2.158700176155898,0.4586061913308246
4764,2.6599286510632365,2.220093183887258,0.4398354671759783
4765,2.717096819300463,2.2361778314154783,0.4809189878849849
4766,2.6708420537914077,2.2114839709945846,0.4593580827968231
4767,2.7810451291931995,2.3103638290760795,0.47068130011711995
4768,3.051052602692935,2.62298006128084,0.42807254141209494
4769,2.6061327844084548,2.1592605702431804,0.44687221416527434
4770,2.652724219205605,2.201490438537717,0.4512337806678879
4771,2.7785544277506493,2.344741829765463,0.43381259798518634
4772,2.695571038345865,2.212621767905593,0.482949270440272
4773,2.8316645125681865,2.3865904808962948,0.44507403167189175
4774,2.8663136127378697,2.41506319600595,0.45125041673191957
4775,2.656909898852985,2.193599427461101,0.4633104713918841
4776,2.9362905212410175,2.5201552908487797,0.4161352303922379
4777,2.778210661227714,2.302869566740819,0.475341094486895
4778,2.788498354696875,2.354889454378122,0.4336089003187533
4779,3.090826944984852,2.677215016385895,0.4136119285989568
4780,2.9288476167360846,2.497651776436734,0.43119584029935076
4781,2.7510944567977447,2.300301140768406,0.4507933160293387
4782,2.7602515310483313,2.30674348193066,0.4535080491176715
4783,2.803933129140256,2.3310774975962985,0.4728556315439576
4784,2.67223492624687,2.2253528467614414,0.44688207948542846
4785,2.803215225398489,2.3509879745040796,0.4522272508944094
4786,2.853180633343688,2.425027071699342,0.42815356164434615
4787,2.758604182495979,2.317577119390754,0.44102706310522466
4788,2.5846780437055257,2.118850049787613,0.46582799391791285
4789,2.673091391183317,2.205503912875304,0.46758747830801317
4790,2.76564705186678,2.3525198223509647,0.4131272295158155
4791,2.7293164067241857,2.2872547863154775,0.4420616204087082
4792,2.6712346765637602,2.2078800164304027,0.4633546601333576
4793,2.8540291174716237,2.389482157590782,0.4645469598808418
4794,2.70752898478526,2.237143383991445,0.470385600793815
4795,2.830068068240213,2.3830540169600156,0.4470140512801972
4796,2.979289381434577,2.6154405946003276,0.36384878683424926
4797,2.6602470581136695,2.20598235861653,0.45426469949713955
4798,2.92821091710364,2.5431457739693526,0.3850651431342875
4799,2.685677924679496,2.2194071168673846,0.4662708078121116
4800,2.7955282872892564,2.3240902687224696,0.4714380185667868
4801,2.700981335281803,2.285893273616703,0.41508806166510004
4802,2.756926870663798,2.328624092373181,0.4283027782906168
4803,2.7709946437370743,2.3325780274152117,0.4384166163218626
4804,2.7219675840953443,2.282287451271488,0.43968013282385643
4805,2.744810592128427,2.3135583969841003,0.43125219514432667
4806,2.8550602607917086,2.451463682118172,0.4035965786735365
4807,2.7326931968357218,2.301691799243357,0.43100139759236455
4808,2.831166355930227,2.3658440914980217,0.4653222644322055
4809,2.8022017644457313,2.3470097454253396,0.45519201902039175
4810,2.764810782030911,2.31816720883622,0.4466435731946907
4811,2.7611522360807967,2.3014627355800665,0.4596895005007302
4812,2.73794010659502,2.277736154778355,0.46020395181666496
4813,2.773990656689876,2.3346227187828914,0.4393679379069848
4814,2.826953104822514,2.339855519028664,0.48709758579384976
4815,2.828083439989714,2.348135605157772,0.4799478348319419
4816,2.7499887553942477,2.293890907755277,0.45609784763897077
4817,2.835823943034088,2.3857055065225174,0.4501184365115707
4818,2.8386425864214453,2.4116228176290018,0.4270197687924435
4819,2.8511613372042626,2.395616463119467,0.4555448740847954
4820,2.741403688795788,2.296727735799062,0.44467595299672613
4821,2.760945663277909,2.286492168294716,0.4744534949831931
4822,2.707068934075011,2.2372279376096254,0.4698409964653858
4823,2.7696776742746487,2.355480116976582,0.4141975572980665
4824,2.9081456712064866,2.5140664491494307,0.3940792220570559
4825,2.750104728174283,2.3117643706079054,0.43834035756637757
4826,2.8128791857857025,2.3635190167132247,0.4493601690724778
4827,2.5800365207241613,2.1232106630410548,0.4568258576831066
4828,2.7020866517987367,2.2785719781081517,0.42351467369058504
4829,2.772112676823171,2.337479937016966,0.4346327398062053
4830,2.6879253737113062,2.23686894426467,0.4510564294466364
4831,2.7703159965931317,2.323348889678366,0.4469671069147658
4832,2.656757581424191,2.175835826442875,0.4809217549813156
4833,2.797116020915077,2.37025560933336,0.42686041158171717
4834,2.7747783907473385,2.3227354129402733,0.45204297780706515
4835,2.8651857214492957,2.401398460757456,0.4637872606918396
4836,2.7514251720536596,2.3062952537891164,0.4451299182645432
4837,2.64508997482524,2.1904351398333555,0.45465483499188464
4838,2.706315209175932,2.280798225330103,0.42551698384582926
4839,2.7571534714014128,2.2954701538085636,0.4616833175928492
4840,2.6617680544702305,2.187564786739847,0.47420326773038335
4841,2.873932706557522,2.4461968579123137,0.4277358486452085
4842,2.6863244342803414,2.2309808702771297,0.45534356400321174
4843,2.7975322092642396,2.3424719980560544,0.4550602112081852
4844,2.6514526885915037,2.190432541022335,0.46102014756916887
4845,2.8447195376851626,2.4352225998411323,0.4094969378440303
4846,2.720706213532683,2.266185146002178,0.4545210675305049
4847,2.9252412818491065,2.4592839538073137,0.4659573280417928
4848,2.679191792530981,2.2329958480022323,0.4461959445287489
4849,2.7588455164090373,2.3151959287592123,0.443649587649825
4850,2.6932351182170247,2.2304546676332184,0.46278045058380624
4851,2.7573101872480836,2.335011953068067,0.4222982341800168
4852,2.7764012431753735,2.3268892715415066,0.4495119716338669
4853,2.71371905610485,2.249920330484095,0.46379872562075475
4854,2.7373380033756542,2.320753559686921,0.41658444368873315
4855,2.7357666696850647,2.294415990583891,0.44135067910117387
4856,2.6859416166414793,2.1957313730041395,0.4902102436373399
4857,2.9212178857528843,2.5156506852861074,0.40556720046677697
4858,2.7513740050499456,2.264102067106487,0.4872719379434587
4859,2.658855541580195,2.1916098709048453,0.4672456706753496
4860,2.7295495753827526,2.293990754147894,0.4355588212348587
4861,2.7836958003880894,2.309655799848502,0.4740400005395875
4862,2.7384948364196102,2.307368161405294,0.43112667501431634
4863,2.8670689390709754,2.4296191164499095,0.4374498226210659
4864,2.6123046688653067,2.14854892153621,0.46375574732909675
4865,2.8423104839717843,2.4030604319331648,0.43925005203861955
4866,2.729833401912109,2.281069942779875,0.44876345913223403
4867,2.678362277611812,2.247015706486427,0.4313465711253852
4868,2.778816623945733,2.3170186039720093,0.4617980199737235
4869,2.701554237751731,2.2282317589092977,0.4733224788424333
4870,2.8710316602521573,2.3933196999369573,0.4777119603152
4871,2.848460218983751,2.415293834447383,0.433166384536368
4872,2.7853146479174278,2.3306422000612286,0.4546724478561992
4873,2.6851631565428793,2.2467302335547923,0.438432922988087
4874,2.6322370217404925,2.167586978921238,0.4646500428192546
4875,2.8229128546236995,2.365341889002804,0.4575709656208953
4876,2.682099228533617,2.20914002179384,0.47295920673977676
4877,2.8454005792258514,2.4242587410507315,0.42114183817511996
4878,2.733689477508641,2.300551998483605,0.43313747902503597
4879,2.6936156356199694,2.2483460320398536,0.4452696035801158
4880,2.816951060132611,2.393846454181977,0.42310460595063404
4881,2.654439711281646,2.1971656015632153,0.45727410971843074
4882,2.9720841789168793,2.5588460892409133,0.413238089675966
4883,2.755984019434342,2.322948535856208,0.4330354835781338
4884,2.696122692569025,2.2149431354627507,0.48117955710627447
4885,2.690758505611362,2.2136055862392747,0.47715291937208715
4886,2.8532862611882095,2.448641216130329,0.40464504505788046
4887,2.75621387185521,2.3096888621773557,0.44652500967785436
4888,2.706850267699884,2.2411340196597003,0.4657162480401835
4889,2.782693304478585,2.3371262332131093,0.4455670712654758
4890,2.7314438123964697,2.261983398027714,0.4694604143687555
4891,2.8487111873985738,2.4456836407156377,0.40302754668293606
4892,2.7656792013163654,2.2959066659095244,0.46977253540684094
4893,2.820798617880966,2.355767852787805,0.4650307650931609
4894,2.7691630466402257,2.3098531584096214,0.45930988823060437
4895,2.681234337690973,2.250405081151195,0.430829256539778
4896,2.7487976343177163,2.2686482127229324,0.4801494215947839
4897,2.693116509170474,2.2294574876735256,0.4636590214969485
4898,2.6274053674883224,2.163973262805993,0.46343210468232954
4899,2.753726273660225,2.3080730437490957,0.4456532299111293
4900,2.7171843499495956,2.278126193143358,0.4390581568062375
4901,2.6043880230261744,2.141879517438698,0.46250850558747647
4902,2.6496114153567314,2.1687752270984237,0.48083618825830765
4903,2.7090543999049657,2.2319927366451804,0.4770616632597853
4904,2.86355583023548,2.4130538547758897,0.4505019754595905
4905,2.7256310955882794,2.302018536391271,0.4236125591970086
4906,2.65290217520083,2.2066906111557563,0.44621156404507367
4907,2.8001509739143793,2.3868792302678368,0.4132717436465425
4908,2.7097290222317016,2.287961159500752,0.4217678627309498
4909,2.7678104732212723,2.2693857613271136,0.4984247118941587
4910,2.943633976866782,2.5093629775696598,0.4342709992971221
4911,2.6492457839712866,2.171791082485994,0.4774547014852928
4912,2.7848610376583065,2.3473180060109393,0.4375430316473672
4913,2.7257008472764777,2.2873296482084706,0.43837119906800703
4914,2.845670689248944,2.4297341399707197,0.4159365492782241
4915,2.699002680315285,2.241926848324063,0.45707583199122226
4916,2.713890610883747,2.256997412081921,0.45689319880182566
4917,2.8748120491394324,2.432554950489332,0.44225709865010066
4918,2.7946560366484636,2.377122148645666,0.41753388800279767
4919,2.698527846580346,2.2518310066070284,0.44669683997331777
4920,2.9611159654937573,2.5324454506370273,0.42867051485673
4921,2.714301168682045,2.2373915174215884,0.4769096512604567
4922,2.709625491180351,2.2231261355428877,0.48649935563746327
4923,2.876245195712734,2.436721943472727,0.439523252240007
4924,2.8733794243913753,2.419348639590056,0.4540307848013194
4925,2.79539069262472,2.37396885099857,0.42142184162615015
4926,2.7893078562327625,2.3518825245518724,0.43742533168089004
4927,2.9387561520116496,2.4428122419792615,0.49594391003238814
4928,2.774205485974777,2.319569137646368,0.45463634832840905
4929,2.6832948232897316,2.20947383916469,0.47382098412504137
4930,2.82069301384759,2.362049308879597,0.4586437049679932
4931,2.875580549529267,2.4733889374101476,0.40219161211911914
4932,2.6685507040980383,2.2044995254509434,0.4640511786470949
4933,3.055561015443264,2.681002070341053,0.3745589451022111
4934,2.6253250672675885,2.1703702278738315,0.454954839393757
4935,2.7928548909335764,2.3388296124896453,0.45402527844393115
4936,2.964036371067469,2.620247009996893,0.3437893610705758
4937,2.6681838793797605,2.2185004908521417,0.4496833885276188
4938,2.720644124769747,2.2500473665830802,0.4705967581866668
4939,2.7871480044668546,2.31667008834456,0.4704779161222947
4940,2.6878735160919214,2.235293347179225,0.4525801689126965
4941,2.8572530529597127,2.414986061984032,0.4422669909756807
4942,2.7775628335526648,2.357474673178313,0.4200881603743518
4943,2.7742083203368924,2.3327305765077893,0.4414777438291031
4944,3.0049677681485454,2.5925753096246935,0.41239245852385187
4945,2.693519989413613,2.2558358775919922,0.4376841118216208
4946,2.7365136875408704,2.263785430387934,0.4727282571529363
4947,3.004497636701609,2.609145864146254,0.39535177255535503
4948,2.94959536715764,2.492438561914394,0.45715680524324576
4949,2.8003372618699456,2.344869345788242,0.45546791608170345
4950,2.8017835430723967,2.3256751821327253,0.47610836093967146
4951,2.8411224625261116,2.3826475805464638,0.4584748819796478
4952,2.664666719594964,2.204256898365086,0.46040982122987817
4953,2.7586107205492225,2.318354040468842,0.44025668008038066
4954,2.848337289345682,2.376965000132547,0.4713722892131349
4955,2.8005825336311574,2.3190705305699226,0.48151200306123476
4956,2.701325133605966,2.241037657850279,0.46028747575568696
4957,2.7007890461844895,2.230044667281222,0.47074437890326726
4958,2.650916057104439,2.1930609224600737,0.45785513464436534
4959,2.767615506081925,2.2872792212870534,0.48033628479487156
4960,2.8140612982090376,2.321297028640566,0.49276426956847175
4961,2.6542162911398655,2.172946622978142,0.48126966816172345
4962,2.8804861225143488,2.4587278889868824,0.42175823352746633
4963,2.8218363555353463,2.3395131185247258,0.4823232370106205
4964,2.8945597846052147,2.4480525487404203,0.44650723586479435
4965,2.78769652986177,2.3882899873238235,0.3994065425379465
4966,2.6547073485272996,2.2021981826841124,0.45250916584318723
4967,2.743240536521483,2.3106936229474466,0.4325469135740363
4968,2.7249306810699245,2.2786328265979807,0.4462978544719438
4969,2.7476077269778534,2.3400304717468194,0.40757725523103394
4970,2.7530386793662256,2.307655297065553,0.44538338230067254
4971,2.687572626100263,2.2643566910443833,0.42321593505587973
4972,2.64411906726148,2.1881559934688886,0.45596307379259127
4973,2.7794469180731176,2.3175387073575475,0.4619082107155701
4974,2.845054402605135,2.465629255719305,0.37942514688583007
4975,2.6448819898936593,2.1762416882236133,0.468640301670046
4976,2.9207282739910374,2.512257455555556,0.4084708184354815
4977,2.6764438299574422,2.235105351221653,0.44133847873578924
4978,2.5986552475889946,2.154574535144485,0.44408071244450964
4979,2.6669150987657195,2.200932774700993,0.4659823240647265
4980,2.8268747675196093,2.371797215136918,0.4550775523826913
4981,3.026093734523528,2.616442260363978,0.40965147415955006
4982,2.826088356958519,2.3441418884747374,0.48194646848378175
4983,2.681486514766119,2.223132158034746,0.45835435673137326
4984,2.7096949960120815,2.2400211664941594,0.46967382951792214
4985,2.7072105276835776,2.281456857006349,0.4257536706772287
4986,2.9259869493642148,2.505001418379103,0.4209855309851118
4987,2.8280080528012137,2.378142895466755,0.44986515733445875
4988,2.9427738791899354,2.522755108585299,0.4200187706046363
4989,2.8160953381510883,2.396713647591015,0.41938169056007313
4990,2.8339559949893087,2.426134768767105,0.40782122622220385
4991,2.7987387384049596,2.3584825756163594,0.44025616278860014
4992,2.7591562665506095,2.2776385309347424,0.4815177356158671
4993,2.6059917294635158,2.1472375758905367,0.4587541535729791
4994,2.8872136021618044,2.4624897260604994,0.424723876101305
4995,2.8072714266436893,2.342655478522159,0.4646159481215304
4996,2.7673985711888283,2.350734220470998,0.41666435071783026
4997,2.7199812791000038,2.281445517843439,0.4385357612565648
4998,2.705380466450505,2.2410587763481966,0.46432169010230817
4999,2.93226206174613,2.444846122487398,0.48741593925873206
5000,2.6836943671625515,2.2539401188263386,0.4297542483362129
5001,2.6532800284533837,2.207025394469676,0.4462546339837079
5002,2.790603314073497,2.3418028753741162,0.4488004386993807
5003,2.752248687114312,2.2814359323873723,0.4708127547269396
5004,2.7081900849282055,2.27193827574646,0.43625180918174555
5005,2.820588232345926,2.3641521058234445,0.45643612652248144
5006,2.736909185920944,2.3049822002921787,0.4319269856287651
5007,2.7239254339574077,2.268230667207224,0.4556947667501836
5008,2.6189774873981366,2.146903910412596,0.47207357698554064
5009,2.859513312642185,2.413357825342773,0.44615548729941157
5010,2.9083459961877294,2.4649189859054426,0.4434270102822868
5011,2.7397092933276626,2.2933469794705967,0.4463623138570658
5012,2.702125938109548,2.264864518275841,0.4372614198337068
5013,2.6715888995501826,2.2244120369060245,0.4471768626441581
5014,2.8988691518899663,2.4415831043518734,0.4572860475380929
5015,2.80856290452744,2.362226583218741,0.4463363213086988
5016,2.8196787486471964,2.411714816817064,0.40796393183013224
5017,2.8955157509248757,2.4320006839229746,0.46351506700190104
5018,2.7423354426968793,2.3016600396446303,0.44067540305224906
5019,2.6650327291727605,2.208216908671259,0.4568158205015016
5020,2.816724396574053,2.3702612708106052,0.4464631257634477
5021,2.6911561467364513,2.258519178005686,0.4326369687307654
5022,2.8235688310150278,2.3732200628627935,0.45034876815223424
5023,2.6488365688892808,2.1771012672904058,0.471735301598875
5024,2.6893741796930772,2.2420665003385016,0.4473076793545756
5025,2.9793742849007963,2.5365426311156054,0.44283165378519085
5026,2.7632580114877725,2.3259139599177936,0.4373440515699789
5027,2.7923789196167244,2.336813136881984,0.45556578273474013
5028,2.741556815720848,2.3241168944137596,0.4174399213070883
5029,2.796613885696711,2.3417113864662182,0.45490249923049264
5030,2.732700873938287,2.2741907538666233,0.4585101200716637
5031,2.8665618232824146,2.4433784008949053,0.4231834223875093
5032,2.6639295522264597,2.2168297427239083,0.44709980950255135
5033,2.9084879947669307,2.435738809184463,0.4727491855824675
5034,2.727986971040029,2.2783292692083914,0.44965770183163745
5035,2.623008827783402,2.176338891612915,0.4466699361704869
5036,2.8202688930778583,2.394364462616527,0.42590443046133153
5037,2.850411335386707,2.3924975126878536,0.4579138226988535
5038,2.612472143043074,2.150032565092047,0.4624395779510273
5039,2.607003464992222,2.149669562404773,0.457333902587449
5040,2.7628749708712728,2.339090175304419,0.42378479556685367
5041,2.691989735746744,2.236528911239349,0.4554608245073948
5042,2.8874921336421973,2.4280827565885317,0.4594093770536656
5043,3.010845589387805,2.6584453621283943,0.35240022725941067
5044,2.667980476526059,2.221327876923309,0.44665259960274994
5045,2.6692975934826433,2.2129318370630107,0.4563657564196326
5046,2.715198601302688,2.24028713496337,0.4749114663393179
5047,2.6975701084018113,2.2512133836077273,0.44635672479408406
5048,2.829803608939893,2.3691112770808544,0.46069233185903835
5049,2.684321619481211,2.23111621518277,0.45320540429844103
5050,2.7071484723493593,2.2531140691779945,0.4540344031713648
5051,2.655062800124724,2.2054918488271285,0.4495709512975954
5052,2.715531744065065,2.244369464475425,0.47116227958963997
5053,2.8218187944591495,2.369746685195923,0.4520721092632267
5054,2.691598340240494,2.2460103351645806,0.44558800507591334
5055,2.8536089401287494,2.413970065920935,0.43963887420781456
5056,2.6420680095521933,2.170990469301901,0.47107754025029225
5057,2.73040871909983,2.284189258135267,0.4462194609645631
5058,2.869549162010127,2.429010840947869,0.4405383210622582
5059,2.86961814960515,2.3912586009330745,0.47835954867207553
5060,2.601751737978321,2.1497093967882086,0.4520423411901122
5061,2.7760369008005688,2.3333398488580697,0.4426970519424991
5062,2.7344357335141583,2.2950132161011947,0.43942251741296356
5063,2.6616691717429566,2.190202519781269,0.4714666519616877
5064,2.9536041581349557,2.5323508510064445,0.42125330712851117
5065,2.7482378167002612,2.298544684048793,0.4496931326514684
5066,2.804034870258625,2.382732247660602,0.42130262259802276
5067,2.7184015054133024,2.2590617777634994,0.459339727649803
5068,2.8472268526254454,2.3987250563353104,0.448501796290135
5069,2.7403843856354984,2.302274897317008,0.4381094883184904
5070,2.7594511021323154,2.266737191564273,0.4927139105680425
5071,2.7392179373827563,2.3070971279305104,0.43212080945224596
5072,2.809075589768663,2.3322865232025047,0.47678906656615805
5073,2.680479752663132,2.2023565382574035,0.47812321440572836
5074,2.7038849598081844,2.2695085164492217,0.43437644335896275
5075,2.777350274970144,2.306171866459905,0.47117840851023907
5076,2.6702517060149287,2.209641798404993,0.4606099076099355
5077,2.7272728587313333,2.276295082370825,0.4509777763605083
5078,2.953539780324763,2.46790510932202,0.48563467100274327
5079,2.6194811842603043,2.1457843020667045,0.47369688219359984
5080,2.847989597878957,2.3969532047884714,0.4510363930904857
5081,2.7814922711440064,2.3331734364516503,0.4483188346923561
5082,2.849761311428334,2.3875917648934473,0.46216954653488695
5083,2.7986918739522237,2.3393299847816507,0.4593618891705731
5084,2.86286973011781,2.3696223471366356,0.49324738298117454
5085,2.8348888483836623,2.4121086945961925,0.4227801537874698
5086,2.8314537279181926,2.3755871259120895,0.45586660200610307
5087,2.719060881292631,2.259976281508963,0.45908459978366833
5088,2.796942917548545,2.3447020237608345,0.4522408937877107
5089,2.847877986979848,2.386294976750991,0.46158301022885695
5090,2.858029437568491,2.40465162594772,0.45337781162077073
5091,2.643289241880828,2.19542382472636,0.44786541715446804
5092,2.834579487179917,2.4352392473772055,0.3993402398027115
5093,2.9003595248953586,2.4236257787611404,0.47673374613421826
5094,2.709446541020169,2.2886401301421486,0.4208064108780203
5095,2.864102085587866,2.423186410677822,0.44091567491004424
5096,2.8947846450391044,2.41032714625469,0.4844574987844146
5097,2.7536936213705117,2.275622001795073,0.47807161957543887
5098,2.707465790519766,2.2761853111551567,0.43128047936460945
5099,2.66178261408927,2.2245763970992045,0.4372062169900657
5100,2.6234573729763158,2.173291127883097,0.4501662450932189
5101,2.777007384870398,2.293359517448057,0.483647867422341
5102,2.6822706623932566,2.216426752326069,0.46584391006718784
5103,2.7170185673475102,2.273424130122122,0.4435944372253884
5104,2.7437392917723273,2.2991960570495986,0.4445432347227287
5105,2.885835061030091,2.4477789039382913,0.43805615709179957
5106,2.778378737362192,2.337978640406685,0.4404000969555071
5107,2.8055794600959736,2.344857017849862,0.4607224422461118
5108,2.747919079020848,2.2911026239159247,0.4568164551049234
5109,2.702216524304363,2.265757441702916,0.43645908260144717
5110,2.674580341867152,2.2268613491156333,0.44771899275151883
5111,2.6315533951404437,2.173306295278107,0.4582470998623367
5112,2.663088229155079,2.209971706432609,0.4531165227224698
5113,2.7268834041135257,2.250961073173438,0.4759223309400875
5114,2.6790083439846066,2.200755455928617,0.47825288805598953
5115,2.8058779747216107,2.366590772141695,0.4392872025799157
5116,2.7956387203863193,2.3483202693256846,0.4473184510606347
5117,2.7532888310821306,2.325453740984648,0.4278350900974828
5118,2.7635179071183225,2.3402093307525402,0.42330857636578223
5119,2.844022801591862,2.417105154541483,0.42691764705037905
5120,2.774158334210737,2.2802612064947914,0.49389712771594585
5121,2.8407171728582417,2.4246493254746384,0.41606784738360325
5122,2.6935472840948695,2.265724417689881,0.42782286640498857
5123,2.6888708504309196,2.2145932449593593,0.4742776054715603
5124,2.7140289561112,2.2540715949926335,0.45995736111856633
5125,2.794594842857951,2.3225710552350707,0.47202378762288033
5126,2.6748209798737355,2.2198293293543205,0.4549916505194149
5127,2.8292846200949775,2.3865217903325293,0.4427628297624482
5128,2.8721140046719835,2.4639239188085225,0.40819008586346106
5129,2.7223312708889438,2.2704335911445086,0.4518976797444352
5130,2.788738443589181,2.323131201928555,0.46560724166062606
5131,2.7916109838443868,2.365695361273297,0.4259156225710896
5132,2.7703608432805544,2.2884861291177527,0.4818747141628017
5133,2.8506025272379674,2.460772221055691,0.3898303061822763
5134,2.9896359845322773,2.615561250591877,0.37407473394040025
5135,2.786749704654429,2.309999428968301,0.47675027568612816
5136,2.9122149769914687,2.5346177428939325,0.3775972340975362
5137,2.8455265020726936,2.424392137487293,0.42113436458540043
5138,2.8438231706606034,2.4589914429761244,0.38483172768447904
5139,2.813727856089626,2.3265612404662965,0.4871666156233294
5140,2.6756519375005556,2.226633236409313,0.44901870109124253
5141,2.8028671983763678,2.350752588131187,0.45211461024518096
5142,2.772910851126859,2.3658549209381565,0.4070559301887027
5143,2.6412503890256094,2.1729107886278074,0.468339600397802
5144,2.818855929141225,2.3205588872519742,0.4982970418892507
5145,2.7746335827938875,2.327235116722611,0.4473984660712764
5146,2.827275386347227,2.34358971586661,0.4836856704806167
5147,2.6760520540131245,2.2438250284841272,0.4322270255289973
5148,2.649534802853697,2.1925980189286136,0.4569367839250833
5149,2.727027559324973,2.254235190583026,0.4727923687419473
5150,2.6257521171441107,2.160755328967826,0.46499678817628487
5151,2.908880507639028,2.460202717852546,0.448677789786482
5152,2.761346262872548,2.331539027049675,0.4298072358228726
5153,2.7625353518472346,2.296568926197961,0.4659664256492735
5154,2.667146573510253,2.220596320222368,0.44655025328788467
5155,2.828725960245657,2.3824294791775777,0.4462964810680794
5156,2.7782042989756417,2.312266150343237,0.46593814863240457
5157,2.7063411965915454,2.268360111886259,0.4379810847052865
5158,2.684257376196617,2.2230726740243627,0.4611847021722544
5159,2.7943257220778057,2.357410602493503,0.43691511958430285
5160,2.9401721176056834,2.5661266525199333,0.3740454650857501
5161,2.791356348279756,2.350981219501383,0.44037512877837326
5162,2.701966466582359,2.2280100410420953,0.47395642554026374
5163,2.785712247886128,2.3048741699568316,0.4808380779292962
5164,2.9285813721194125,2.4802039304707746,0.4483774416486379
5165,2.858886790905216,2.391139866825632,0.46774692407958396
5166,2.7367253473165394,2.2985818586599502,0.43814348865658914
5167,2.8007737483215296,2.3490623952474796,0.45171135307404997
5168,2.964665310551556,2.5484768735904324,0.41618843696112373
5169,2.79538351738615,2.3216089041371903,0.47377461324895975
5170,2.7876804700186875,2.3424523721879007,0.44522809783078676
5171,2.823805251727448,2.3255913373037953,0.4982139144236526
5172,2.9142991724890064,2.486553251967126,0.4277459205218803
5173,2.73745600553838,2.2799487276525845,0.45750727788579537
5174,2.8597689287775316,2.3594074306655273,0.5003614981120044
5175,2.9146743719487134,2.459115884237472,0.4555584877112415
5176,2.738037367602048,2.2860060630002144,0.4520313046018338
5177,2.6939533339873942,2.226365045138259,0.4675882888491354
5178,2.801976990663621,2.3140441499640807,0.48793284069954046
5179,2.9116298795634465,2.4880381890191914,0.42359169054425516
5180,2.8701425976753576,2.4216446015046316,0.44849799617072605
5181,2.7711454058517764,2.294324262501582,0.47682114335019454
5182,2.812070383014856,2.375880781254955,0.4361896017599012
5183,2.630238978969011,2.1687961383870347,0.4614428405819764
5184,2.6487861433108675,2.185418996741289,0.46336714656957856
5185,2.8300350638741474,2.4396852934031386,0.39034977047100883
5186,2.7887761975296614,2.304241220234867,0.48453497729479444
5187,2.7369712405318207,2.2615392567887294,0.47543198374309137
5188,2.6797674741153426,2.197647253334569,0.48212022078077377
5189,2.9667768064435895,2.5100183407039913,0.4567584657395982
5190,2.7120272742842095,2.235937311236252,0.47608996304795737
5191,2.835783447744412,2.393537260805899,0.44224618693851303
5192,2.7113338722701714,2.2295108962334313,0.48182297603674007
5193,2.874488727792706,2.444832563350448,0.42965616444225807
5194,2.847901922051409,2.3820695127480924,0.4658324093033164
5195,2.766552564242467,2.308172732159989,0.4583798320824779
5196,2.7880468666622606,2.306466101710455,0.4815807649518056
5197,2.79599272333037,2.324190516619583,0.471802206710787
5198,2.7301965914553388,2.2483576920381774,0.4818388994171614
5199,2.810161085995598,2.3445396309214472,0.46562145507415087
5200,2.83268012496864,2.343763053285091,0.48891707168354914
5201,2.770451817520317,2.33860060124309,0.4318512162772272
5202,2.963254812751974,2.520246728859076,0.44300808389289825
5203,2.7778211899092358,2.3001667342558765,0.4776544556533593
5204,2.8389453194706724,2.4019708255621364,0.43697449390853604
5205,2.8547926061977194,2.3998871252693355,0.4549054809283839
5206,2.8646119332144706,2.4468418662298403,0.41777006698463026
5207,2.92008177622727,2.507086843162324,0.41299493306494606
5208,2.7741004789650208,2.296874540942229,0.4772259380227917
5209,2.814492147329873,2.3718977738613347,0.44259437346853847
5210,2.7889309982979555,2.3385728141901208,0.4503581841078348
5211,2.8792201959073935,2.409379167217929,0.4698410286894643
5212,2.9098891010169337,2.4125910996466278,0.4972980013703059
5213,2.7195855165889844,2.2604930873916413,0.45909242919734305
5214,2.795546156156619,2.3700433112498076,0.42550284490681145
5215,2.8357797012670756,2.3896931552782683,0.44608654598880726
5216,2.748714278034552,2.293819752686189,0.45489452534836294
5217,2.803355619322875,2.348736393792853,0.4546192255300219
5218,2.8232348215245,2.3909238351123743,0.4323109864121255
5219,2.973911338987505,2.5914576833787506,0.38245365560875433
5220,2.917463837169068,2.452286768872528,0.46517706829654015
5221,2.922943717361917,2.4827265423994875,0.4402171749624295
5222,2.876640406101255,2.4341057177427707,0.4425346883584842
5223,2.8442256878125316,2.394430001960797,0.44979568585173446
5224,2.646150555970173,2.181370729094111,0.4647798268760619
5225,2.73959489635783,2.3145854375931894,0.4250094587646407
5226,2.7246049571250177,2.2878387483477716,0.43676620877724615
5227,2.825068491393164,2.3949630208312787,0.4301054705618852
5228,2.718679346003592,2.2784426159801727,0.4402367300234191
5229,2.681602407105455,2.2422911871971327,0.4393112199083222
5230,2.715314939736317,2.2447192134285663,0.4705957263077507
5231,2.8026877404931563,2.3284982761357007,0.47418946435745557
5232,2.817723569318982,2.320079704256407,0.49764386506257496
5233,2.7499351745758194,2.3306152916103255,0.41931988296549383
5234,2.6699121739293483,2.2294566373814027,0.44045553654794567
5235,2.7904968125971705,2.3367154130382306,0.4537813995589399
5236,2.6586568037913505,2.2091699192539345,0.44948688453741603
5237,2.6284934015510584,2.191681300425315,0.43681210112574353
5238,2.741586299289209,2.287353908482598,0.4542323908066108
5239,2.7765354912369413,2.2992806398904673,0.47725485134647405
5240,2.753297532144958,2.2722960190043824,0.4810015131405758
5241,2.7964038950941217,2.3439356397647253,0.4524682553293964
5242,2.8087596188942197,2.3654329886590992,0.4433266302351204
5243,2.811062489008932,2.380097030044298,0.43096545896463434
5244,2.654510930266921,2.1822670208638146,0.47224390940310634
5245,2.77181961175287,2.3052291242645047,0.4665904874883653
5246,2.723215402187614,2.2998781670817965,0.42333723510581756
5247,2.831995522150706,2.4134830227644684,0.41851249938623747
5248,2.8478842790065624,2.3986083458815513,0.44927593312501113
5249,2.7505776447490207,2.3233059307670745,0.4272717139819462
5250,2.6942221956207977,2.251826089423982,0.4423961061968158
5251,2.8139456507423874,2.368484399714186,0.44546125102820167
5252,2.79423961167102,2.356472718776737,0.4377668928942833
5253,2.719315458753004,2.2637767777618967,0.4555386809911073
5254,2.770449488780976,2.3112134987154525,0.4592359900655234
5255,2.8085679266592543,2.390065873251274,0.4185020534079804
5256,2.638536039286206,2.1626670673892336,0.4758689718969724
5257,2.972442626101065,2.5976359203185884,0.37480670578247643
5258,2.968574097109163,2.535328281030353,0.4332458160788102
5259,2.768098575014389,2.3107258830032555,0.4573726920111336
5260,2.8044681153481865,2.3067190426787563,0.49774907266943025
5261,2.774450480019629,2.345275476830963,0.42917500318866564
5262,2.9354512786748095,2.502029691019834,0.4334215876549754
5263,2.741485356171289,2.282888688962063,0.45859666720922565
5264,2.680459695796119,2.2094139327796185,0.47104576301650036
5265,2.7646957489869717,2.3158196506370055,0.4488760983499662
5266,2.959864656328714,2.5362053281843955,0.4236593281443186
5267,2.873283875940515,2.457231492322366,0.4160523836181489
5268,2.81685108660731,2.382322550669782,0.43452853593752794
5269,3.0231996819637,2.6153380192149642,0.4078616627487359
5270,2.7501788521874957,2.2978170246331726,0.4523618275543231
5271,2.7633359462559217,2.334962784142208,0.4283731621137137
5272,2.7634006692062933,2.294192177442538,0.46920849176375556
5273,2.7142509324851405,2.29945901676104,0.4147919157241007
5274,2.6789081372198993,2.218614956336676,0.46029318088322313
5275,2.7764789007348334,2.3121621640227925,0.4643167367120409
5276,2.792868871552449,2.3350975101573965,0.45777136139505226
5277,2.6810254034273413,2.2250745011404507,0.4559509022868906
5278,2.771566392083914,2.3150220078004518,0.45654438428346245
5279,2.7907844269890045,2.3395408436597007,0.4512435833293038
5280,2.807538241417292,2.3489130746203877,0.45862516679690435
5281,2.842664963635042,2.371605243765947,0.4710597198690949
5282,2.807324974309658,2.3632851521098583,0.44403982219979987
5283,2.828288337267254,2.3623391688843203,0.46594916838293354
5284,2.66182279760746,2.182363093677625,0.47945970392983517
5285,2.852302978832944,2.387796710745698,0.4645062680872458
5286,2.9261610777301725,2.481903471073942,0.4442576066562305
5287,3.0009207662262734,2.608128674228199,0.3927920919980745
5288,2.7593038427026793,2.3115254553681326,0.44777838733454667
5289,2.8376237111785096,2.399003062480997,0.4386206486975128
5290,2.7824659409879318,2.373377020947357,0.40908892004057495
5291,2.7068549305637277,2.2377158442105753,0.4691390863531524
5292,2.9084708305734432,2.4789998070236776,0.42947102354976563
5293,2.679778278882311,2.2155788797316007,0.46419939915071007
5294,2.8329348105498036,2.3812677867147802,0.45166702383502333
5295,2.619894702903687,2.1536465854261184,0.4662481174775688
5296,2.735196822911659,2.25895761229797,0.4762392106136888
5297,2.782869461401079,2.324833959027964,0.45803550237311486
5298,2.7513078858289903,2.298222148498548,0.4530857373304422
5299,2.7324697722201083,2.289551914888856,0.4429178573312522
5300,2.8164203011400657,2.348397090724127,0.46802321041593853
5301,3.0468877045355995,2.6533714314310055,0.393516273104594
5302,2.6696619149656886,2.185046463384759,0.4846154515809298
5303,2.7574757858318883,2.2803707349850515,0.47710505084683685
5304,2.8086433679905918,2.3583090864076794,0.45033428158291233
5305,2.7280233690475875,2.259123372868166,0.4688999961794216
5306,2.8661295674385148,2.436052046895381,0.43007752054313375
5307,2.9232729524846564,2.526468403893381,0.39680454859127545
5308,2.709521164330811,2.2632761554988803,0.4462450088319305
5309,2.882630449432453,2.3985924032839105,0.4840380461485423
5310,2.596734741540193,2.1433782458345267,0.45335649570566616
5311,2.6188524440726457,2.158985868647109,0.4598665754255369
5312,3.048481482398831,2.67210857616426,0.37637290623457087
5313,2.7589319664065526,2.296113187399709,0.46281877900684343
5314,2.7343084655981262,2.2967182002568816,0.4375902653412447
5315,2.837623726609741,2.413956162705958,0.42366756390378324
5316,2.697133866176418,2.262307553471886,0.4348263127045322
5317,2.895304840320762,2.457216935081818,0.43808790523894414
5318,2.7359925747513185,2.263920262708323,0.4720723120429957
5319,2.864858105003215,2.4600772628139946,0.4047808421892203
5320,2.6400800818410324,2.1869246611504547,0.4531554206905777
5321,2.8198163666212976,2.3854012110756218,0.4344151555456759
5322,2.8566358275194563,2.3789050618744314,0.4777307656450249
5323,2.6687216559659754,2.213920564025546,0.4548010919404293
5324,2.7435529240776737,2.291037324737341,0.4525155993403329
5325,2.793680308752637,2.3151969338790885,0.4784833748735484
5326,2.7306714442603077,2.307636010949235,0.42303543331107285
5327,2.887151336864226,2.432139412182006,0.45501192468221996
5328,2.7843346109624085,2.359716267956149,0.42461834300625956
5329,2.817199192136567,2.3624650774252127,0.4547341147113544
5330,2.995077792931711,2.5884366652326003,0.40664112769911087
5331,2.9942944486020076,2.5707395684941066,0.423554880107901
5332,2.845574102870214,2.40076778698953,0.4448063158806841
5333,2.6523364572930817,2.2009677677599875,0.45136868953309417
5334,2.6248327253544663,2.171976516722597,0.45285620863186926
5335,2.8882633430798417,2.4759156633463104,0.41234767973353126
5336,2.7873341019771907,2.3244546484048834,0.4628794535723073
5337,2.7807555807339615,2.307860057484827,0.47289552324913453
5338,2.6939362396829334,2.2260684192984233,0.46786782038451014
5339,2.9852221986446157,2.5908512419264365,0.39437095671817923
5340,2.7831312613428008,2.3325967453481526,0.4505345159946481
5341,2.6605371008052288,2.191719410449801,0.468817690355428
5342,2.7487787042735494,2.29191149346155,0.4568672108119993
5343,2.7484661687559093,2.2992398429917253,0.449226325764184
5344,2.927325569674796,2.4638551734135734,0.46347039626122255
5345,2.8219284734734584,2.3678275199320633,0.4541009535413951
5346,2.7177680780756974,2.264787989324801,0.45298008875089657
5347,2.818746733783823,2.377001439391583,0.44174529439224
5348,2.8301808451377553,2.36946639818666,0.4607144469510951
5349,2.7336102608044492,2.2718066146822236,0.4618036461222257
5350,2.6574053365078156,2.188192116771538,0.4692132197362775
5351,2.8159931873233406,2.3403800793527942,0.47561310797054634
5352,2.9312752798279735,2.5350629230463593,0.39621235678161426
5353,2.753313810381535,2.288411768262722,0.46490204211881325
5354,2.7639762323392647,2.3217692580444442,0.4422069742948205
5355,2.7384455152268257,2.3027643432062743,0.43568117202055134
5356,2.7685859643065953,2.3041333185465156,0.4644526457600797
5357,2.7405415256285304,2.297324363489965,0.44321716213856543
5358,2.6521321303964402,2.1991912683347197,0.4529408620617206
5359,2.6467441252741426,2.2021127040348256,0.444631421239317
5360,2.7559524120611245,2.2880997960403167,0.46785261602080785
5361,2.962642245612727,2.544704694895605,0.4179375507171219
5362,2.7850784432384805,2.3403064376088882,0.4447720056295923
5363,2.8815190259680965,2.4154036695227106,0.46611535644538593
5364,2.8969993202692623,2.4493967033565145,0.44760261691274783
5365,2.89321400474241,2.5190607497748947,0.3741532549675153
5366,2.687587733299465,2.222693798328253,0.464893934971212
5367,2.792002410116982,2.3656498874220033,0.4263525226949785
5368,2.6988388297408723,2.253977815057093,0.4448610146837795
5369,2.835050987835743,2.380274538248424,0.4547764495873188
5370,2.663047552091471,2.2275464251182413,0.4355011269732296
5371,2.6119104152316552,2.141410393466138,0.4705000217655173
5372,2.6518594513113785,2.194963101787474,0.45689634952390445
5373,2.771177991596143,2.3405232758673593,0.4306547157287839
5374,2.758575755469787,2.3292758351106855,0.4292999203591017
5375,2.7370675735420744,2.2966944161873952,0.4403731573546792
5376,2.681636194595653,2.206007530263444,0.4756286643322092
5377,2.76181720397637,2.304078843222671,0.45773836075369934
5378,2.5868982420319284,2.135643589482064,0.4512546525498644
5379,2.701951963643342,2.224161274899605,0.47779068874373687
5380,2.8200690271037026,2.3706089173654923,0.44946010973821027
5381,2.7622315095359027,2.3006206941585803,0.4616108153773224
5382,2.8188591773981884,2.384919036016119,0.4339401413820694
5383,2.6219210019490453,2.166202861769348,0.45571814017969725
5384,2.7473618430715443,2.2947651310514745,0.4525967120200698
5385,2.682356102924751,2.258086534922115,0.4242695680026358
5386,2.7486026249679454,2.2932032075467785,0.45539941742116685
5387,2.7535035194542723,2.2835717468009653,0.469931772653307
5388,2.9082288431640184,2.535551735273758,0.3726771078902602
5389,2.8762956219778077,2.3964191386498475,0.4798764833279603
5390,2.78376782497978,2.3245579685820195,0.4592098563977607
5391,2.894923298886058,2.457848465635622,0.43707483325043617
5392,2.8178952509155577,2.340344143469093,0.4775511074464647
5393,2.7393353207610924,2.297347469468975,0.4419878512921174
5394,2.90795658421836,2.5121664242592945,0.3957901599590654
5395,2.870117990309698,2.464999479368726,0.4051185109409716
5396,2.843513136223956,2.4378312109766958,0.4056819252472601
5397,2.791610639768576,2.335777467425438,0.4558331723431377
5398,2.680216923307672,2.237333762230844,0.442883161076828
5399,2.780492786850549,2.337944073494879,0.44254871335567003
5400,2.8332577111556216,2.4294195564216636,0.403838154733958
5401,2.9577368507401753,2.496626782613687,0.46111006812648814
5402,2.9146143300929626,2.4552108281291227,0.45940350196383983
5403,2.8375601500428895,2.391091023041784,0.44646912700110564
5404,2.824197652139836,2.387509739068936,0.43668791307090027
5405,2.7729327210836714,2.288235589043008,0.48469713204066345
5406,2.704902661745421,2.237258483493397,0.46764417825202376
5407,2.742405090130598,2.2697077128236205,0.47269737730697736
5408,2.748097209369587,2.3032739645678237,0.4448232448017633
5409,2.8110525202360925,2.3353384019284693,0.4757141183076232
5410,2.7846506394900215,2.366813455148533,0.4178371843414883
5411,2.6744280114430006,2.199314944599926,0.4751130668430745
5412,2.6547937414603417,2.1820566521138383,0.4727370893465035
5413,2.6010965838884443,2.132329121069402,0.46876746281904236
5414,2.7314373779712326,2.2762250175790415,0.45521236039219115
5415,2.894195262329464,2.434988316041099,0.45920694628836456
5416,2.7173103281429984,2.2715288435551133,0.44578148458788514
5417,2.910288395570742,2.4888942969913534,0.4213940985793885
5418,2.734453252800237,2.267760103091689,0.466693149708548
5419,2.8338020023126136,2.4031181234805032,0.43068387883211035
5420,2.7974346624153124,2.338726567559142,0.45870809485617015
5421,2.8086478093057834,2.3590812181475593,0.44956659115822406
5422,2.891542406585781,2.4382442283165107,0.4532981782692702
5423,2.73431456445516,2.2760737057064437,0.4582408587487161
5424,2.9678180818312203,2.552128513086113,0.41568956874510743
5425,2.632832661264265,2.183893778208035,0.44893888305623
5426,2.649922614386462,2.1919949414833133,0.4579276729031485
5427,2.759775658298201,2.3145753387813373,0.4452003195168639
5428,2.8049515711359425,2.3697874272156363,0.4351641439203062
5429,2.7482355833638668,2.2685524399388983,0.47968314342496843
5430,2.7243537322007625,2.2478602098455074,0.4764935223552551
5431,2.9377377424334252,2.533024365519517,0.4047133769139082
5432,2.7709656169579078,2.3323699762211865,0.4385956407367213
5433,2.6918634328305755,2.2300896119624634,0.46177382086811214
5434,2.7965761860704115,2.3522853366268994,0.44429084944351205
5435,2.6630559140806245,2.2172709161555852,0.44578499792503923
5436,2.7051507875743255,2.2490404847207848,0.4561103028535407
5437,2.746539342428542,2.291752989823233,0.45478635260530886
5438,2.7158755316393832,2.261580797897388,0.45429473374199514
5439,2.676644481565055,2.219359341094352,0.4572851404707028
5440,2.696210249042236,2.22338984696833,0.47282040207390574
5441,2.8156237473442856,2.3583682134925312,0.4572555338517543
5442,2.784602852216529,2.346123034879843,0.43847981733668595
5443,2.7677821195500245,2.3643127507931663,0.40346936875685824
5444,2.905913994349542,2.4737631361801737,0.43215085816936805
5445,2.7087668887035603,2.2448515982898964,0.46391529041366386
5446,2.8023084259139743,2.311197207846383,0.49111121806759117
5447,2.6745167913301873,2.186627881801172,0.4878889095290151
5448,2.741290495282332,2.28937978628568,0.45191070899665187
5449,2.6932641054222723,2.2531932179438194,0.4400708874784529
5450,2.7648927880987197,2.347961315772417,0.4169314723263029
5451,2.716473195859256,2.2764716425996743,0.4400015532595818
5452,2.728123495275843,2.259753481909134,0.46837001336670925
5453,2.726771777863075,2.263395971431291,0.4633758064317841
5454,2.689906831609354,2.2263644120141626,0.4635424195951914
5455,2.7436981030001997,2.29886366588503,0.44483443711516957
5456,2.6411216985647843,2.1649126173083673,0.47620908125641703
5457,2.8752953002884034,2.4529327638893057,0.4223625363990977
5458,2.8588848650106224,2.426943435344221,0.43194142966640126
5459,2.8182699813454373,2.3895320774319493,0.428737903913488
5460,2.7463852438441845,2.2753341313416993,0.4710511125024852
5461,2.6819829136000326,2.2165511949322383,0.4654317186677943
5462,2.783155187789298,2.327678721776984,0.45547646601231406
5463,2.7595015699915217,2.2929955626372034,0.46650600735431835
5464,2.643900701506596,2.1678081334218584,0.47609256808473743
5465,2.7224829127236023,2.2914650014142,0.43101791130940237
5466,2.8885101095561154,2.4248501486105125,0.4636599609456029
5467,2.6721010315380385,2.2241942456428814,0.4479067858951571
5468,2.8699855725891914,2.4222909695155046,0.4476946030736868
5469,2.8221862186925013,2.368644633919934,0.45354158477256723
5470,2.7102313399524975,2.272699278840667,0.43753206111183074
5471,2.7144001330428797,2.2364065684412693,0.47799356460161047
5472,2.725864658722037,2.2818845161080845,0.44398014261395247
5473,2.814642404969768,2.3778217840700533,0.43682062089971474
5474,2.6590785923740032,2.198355039752226,0.46072355262177744
5475,2.7625318291178433,2.2977347320840655,0.4647970970337778
5476,2.8461265477205897,2.367088680671984,0.47903786704860574
5477,2.6900270839940568,2.233445990947702,0.45658109304635497
5478,2.7455714227658823,2.26098497843583,0.4845864443300525
5479,2.8423271480908006,2.395284373499561,0.44704277459123976
5480,2.591020116036321,2.1259912118470576,0.46502890418926324
5481,2.958714898126062,2.5404097961775447,0.41830510194851733
5482,2.636382492870788,2.1782527115512207,0.4581297813195673
5483,2.689836513739525,2.2259930792381257,0.4638434345013991
5484,2.9116579813189594,2.475316688582734,0.43634129273622557
5485,2.843678024828154,2.4293757708425465,0.4143022539856074
5486,2.689211404783667,2.2340265449149515,0.4551848598687154
5487,2.7404681784028875,2.279128791922626,0.4613393864802613
5488,2.6565136568626833,2.2212235207639517,0.4352901360987316
5489,2.763677306280612,2.2863954820884356,0.47728182419217635
5490,2.7806901684875305,2.3150967605014494,0.46559340798608106
5491,2.731740270266038,2.2706796386298254,0.46106063163621247
5492,2.767442057078858,2.329952610118824,0.4374894469600341
5493,2.6851003288637463,2.2274119398714913,0.45768838899225495
5494,2.9457404844405946,2.534483524390903,0.4112569600496916
5495,2.853805926614032,2.4212758322764043,0.4325300943376278
5496,2.7900467589181255,2.3565584794623358,0.4334882794557897
5497,2.7253263603523923,2.2765408042538193,0.44878555609857296
5498,2.84269218685636,2.4010082042812817,0.44168398257507846
5499,2.818904046340771,2.3524102858668585,0.46649376047391256
5500,2.765784883223389,2.2935524391548627,0.4722324440685264
5501,2.718589014448614,2.259593186690055,0.45899582775855885
5502,2.6693509687566057,2.234495569058375,0.4348553996982307
5503,2.623157292809636,2.154388878239185,0.46876841457045115
5504,2.9029030269091347,2.4555072954061714,0.4473957315029633
5505,2.720488942655541,2.3073424657485027,0.41314647690703854
5506,2.6344093764285366,2.166812730858939,0.4675966455695977
5507,2.654487865668876,2.212378023287465,0.44210984238141116
5508,2.7479397814520565,2.3040972843612773,0.4438424970907793
5509,2.728024768632979,2.2482470062215594,0.4797777624114197
5510,2.908108354527353,2.4264040567463705,0.48170429778098267
5511,2.7374365306818915,2.272509284168367,0.4649272465135246
5512,2.691664928979854,2.2425190176460994,0.4491459113337548
5513,2.652704028464004,2.168779544351299,0.48392448411270506
5514,2.8284122493038035,2.406529964873535,0.4218822844302683
5515,2.7126981073901892,2.2705611673298898,0.44213694006029947
5516,2.958553001806301,2.5199997937668295,0.4385532080394716
5517,2.79483324585346,2.349273483909658,0.4455597619438021
5518,2.7361668990495236,2.272508110858022,0.4636587881915015
5519,2.6438125696547763,2.1904911761258465,0.45332139352892975
5520,2.7874164240830375,2.3157475991541885,0.471668824928849
5521,2.8452181862946024,2.401704921946597,0.44351326434800553
5522,2.758387821611394,2.316207539371793,0.44218028223960104
5523,2.6984633421212982,2.2748664806366277,0.4235968614846706
5524,2.919931385238234,2.5082124189589003,0.41171896627933346
5525,2.8619493214621357,2.3796429958532683,0.4823063256088673
5526,2.7779073766706452,2.3110856856799336,0.4668216909907117
5527,2.7102602630269153,2.2330102194603874,0.4772500435665279
5528,2.7434336579656526,2.2904511700422217,0.452982487923431
5529,2.6533654568522316,2.1947097865216794,0.4586556703305522
5530,2.857011887189973,2.427538135335475,0.429473751854498
5531,2.7804848975546315,2.3493227813551045,0.43116211619952693
5532,2.802195080627524,2.357580037584421,0.44461504304310306
5533,2.762026351478764,2.2819031387658226,0.48012321271294134
5534,2.621766515891009,2.1572621168442243,0.46450439904678476
5535,2.6515482010325475,2.1903056403098438,0.46124256072270375
5536,2.8290233879332503,2.3784710521322148,0.4505523358010355
5537,2.6718828641303394,2.244314433453432,0.4275684306769074
5538,2.823421991922631,2.410986497070975,0.412435494851656
5539,2.7517171589382543,2.3005231110081987,0.4511940479300556
5540,2.7674234566706026,2.3312418232145786,0.436181633456024
5541,2.734486433219085,2.302698866603315,0.4317875666157702
5542,2.5821513203216093,2.114196389347429,0.46795493097418017
5543,2.6825394222060672,2.2391984469068333,0.4433409752992339
5544,3.0238862511592726,2.574519382170837,0.44936686898843536
5545,2.6554401638303373,2.17472902222744,0.4807111416028973
5546,2.7328295054818343,2.280316751212607,0.45251275426922755
5547,2.7594232202701536,2.3307875207606212,0.4286356995095324
5548,2.7170589344925946,2.283517990357528,0.43354094413506683
5549,2.675853740498394,2.2114491570828165,0.46440458341557767
5550,2.726990701840697,2.2831139163642766,0.4438767854764203
5551,2.817685885840012,2.3570199657641924,0.46066592007581963
5552,2.890496264051365,2.4146286789213063,0.47586758513005867
5553,2.8253901192917725,2.378283624098771,0.4471064951930015
5554,2.7627241381359875,2.3170127501909605,0.44571138794502696
5555,2.931576266525316,2.5151053583499468,0.41647090817536947
5556,2.7638200435957843,2.3391126126628383,0.42470743093294594
5557,2.940535768183772,2.488664306385864,0.45187146179790805
5558,2.802948532836285,2.329210547884369,0.4737379849519159
5559,2.800027365954194,2.381422257422242,0.4186051085319522
5560,2.8131919018329596,2.3781279869027143,0.4350639149302453
5561,2.839261489089952,2.3720906803692845,0.46717080872066763
5562,2.6453790423288583,2.182016828011177,0.46336221431768143
5563,2.8202106104173432,2.3531012743238313,0.4671093360935119
5564,2.6590752703872154,2.217479460543483,0.4415958098437325
5565,2.8070919249127186,2.362979932717209,0.4441119921955097
5566,3.0446458395002036,2.615264089173661,0.42938175032654247
5567,2.7255216378806892,2.278841736597591,0.4466799012830984
5568,3.0556864655992575,2.641957172915146,0.4137292926841116
5569,2.732295703195872,2.2850062366810575,0.4472894665148144
5570,2.774669487433755,2.3400816014755432,0.43458788595821174
5571,2.7467744891228802,2.3036330071460593,0.4431414819768209
5572,2.748711104662426,2.2944522747848155,0.45425882987761046
5573,2.669184089361617,2.221926885396395,0.44725720396522206
5574,2.755890340275453,2.329118877379381,0.42677146289607215
5575,2.830247462863343,2.381915591600092,0.44833187126325136
5576,2.779390961166281,2.3180601921825184,0.4613307689837627
5577,2.637676739110224,2.154885022420157,0.48279171669006704
5578,2.8341530943939848,2.3924382716480985,0.44171482274588625
5579,2.7277508835530093,2.2691385180051835,0.4586123655478258
5580,2.7216365588379716,2.2418123700064,0.4798241888315715
5581,2.7610247771144065,2.324949464926308,0.4360753121880987
5582,2.808751159783299,2.4052810366745665,0.40347012310873254
5583,2.707752092946717,2.2737503123771954,0.43400178056952177
5584,2.911256542925843,2.447139983132768,0.46411655979307476
5585,2.772448782201414,2.333417504589048,0.43903127761236593
5586,2.9329050196548945,2.5176950103625835,0.415210009292311
5587,2.673484394840502,2.223966348603898,0.44951804623660374
5588,2.97194570163949,2.5931101751610313,0.37883552647845864
5589,2.871521758176868,2.4115750336161184,0.4599467245607496
5590,2.694007011711791,2.2564020252401633,0.4376049864716278
5591,2.6863077916564797,2.217324664533762,0.46898312712271784
5592,2.8036692254720736,2.3860443293065456,0.417624896165528
5593,2.703736182388331,2.2383846852736564,0.4653514971146744
5594,2.936233811679118,2.4650667209078714,0.4711670907712464
5595,2.960078959713314,2.525437288094685,0.43464167161862877
5596,2.729589488588316,2.268215733406987,0.46137375518132906
5597,2.817018810962458,2.362623263987411,0.4543955469750469
5598,2.763600382833398,2.304104863689925,0.4594955191434731
5599,2.7991790310048628,2.324367554199927,0.47481147680493585
5600,2.7701459848920917,2.351114930281684,0.4190310546104077
5601,2.696880786859234,2.2546956294545124,0.44218515740472153
5602,2.694670687932079,2.253032593875178,0.44163809405690113
5603,2.9384636621896996,2.5061639641443954,0.4322996980453042
5604,2.5984140019657938,2.1428535498020915,0.4555604521637022
5605,2.7339528090785974,2.2693850944315233,0.46456771464707414
5606,2.821124468585625,2.356788576544151,0.4643358920414742
5607,2.830099125785503,2.404973480172719,0.4251256456127841
5608,2.756777303224216,2.30717580821423,0.4496014950099858
5609,2.811550827292484,2.3546887695187104,0.4568620577737734
5610,2.6474029828671455,2.1976034454124593,0.44979953745468615
5611,2.8056026762278083,2.3696173122177853,0.4359853640100231
5612,2.7622513468246463,2.289962991606724,0.47228835521792245
5613,2.7599555499428945,2.2799925853878436,0.47996296455505094
5614,2.8808349742326413,2.4180259479588564,0.46280902627378495
5615,2.737679368638028,2.2786093130928973,0.4590700555451308
5616,2.7713545008448923,2.330524302778392,0.44083019806650015
5617,3.041170491363389,2.6576694207978315,0.38350107056555727
5618,2.735946272266151,2.3013602770645423,0.4345859952016089
5619,2.7342032887240446,2.282404760700449,0.45179852802359566
5620,2.8151828802456,2.324668158505467,0.4905147217401331
5621,2.7814519673629334,2.328167536828292,0.4532844305346413
5622,2.661671430593242,2.2133199137714232,0.44835151682181884
5623,2.707883689940573,2.2667296677232605,0.4411540222173125
5624,2.99330487714681,2.535244231265139,0.45806064588167095
5625,2.763115162072133,2.3105970788977,0.4525180831744331
5626,2.846837711027408,2.393828160987648,0.45300955003975973
5627,2.7316805257810213,2.285003320116688,0.44667720566433333
5628,2.7248177740616124,2.263444355654178,0.4613734184074345
5629,2.733202956488705,2.2568731576497547,0.4763297988389503
5630,2.7745536536012416,2.3188888055055994,0.4556648480956422
5631,2.719093608506513,2.264496338594419,0.45459726991209415
5632,2.854746426927663,2.408453823400396,0.44629260352726696
5633,2.6973510315629556,2.2559752504052852,0.4413757811576704
5634,2.7195947125908706,2.250817562672765,0.4687771499181057
5635,2.765898949731074,2.285109084619786,0.4807898651112881
5636,2.6611984614471016,2.2055085317323577,0.45568992971474387
5637,2.7874761833086676,2.3220700168404713,0.4654061664681963
5638,2.8218521115841426,2.362895669402633,0.45895644218150977
5639,2.765330909238817,2.3433673081528106,0.4219636010860066
5640,2.6548444349844456,2.2084819210833837,0.44636251390106185
5641,2.8060793390053225,2.3896177252001163,0.4164616138052062
5642,2.681668435166724,2.2195202590366367,0.4621481761300874
5643,3.011191414403165,2.594506601285437,0.41668481311772787
5644,3.0029528350233776,2.5531879234709076,0.44976491155247
5645,2.8490593365193475,2.396765937106286,0.45229339941306135
5646,2.9659155890647826,2.5133055858939177,0.45261000317086486
5647,2.712147226048694,2.2382341155597234,0.47391311048897045
5648,2.9098727820759347,2.4874430178418443,0.4224297642340904
5649,2.926239125756314,2.433020074727086,0.49321905102922825
5650,2.6670967873866998,2.1953641154634944,0.47173267192320534
5651,2.7025085171980736,2.27832806333684,0.4241804538612337
5652,2.7257233268863432,2.2405037232319915,0.4852196036543517
5653,2.661157456605587,2.2101256262560276,0.4510318303495593
5654,2.7103076807317477,2.2556714104570474,0.4546362702747002
5655,2.817125843749858,2.3487589391657013,0.46836690458415653
5656,2.8495207618400036,2.4515227286607453,0.3979980331792583
5657,2.720670818818386,2.2723572450636564,0.4483135737547297
5658,2.7737821756989147,2.3391057059330373,0.43467646976587737
5659,2.7550903175084094,2.3166294706685067,0.4384608468399027
5660,2.8310298230441266,2.3472112005784758,0.4838186224656509
5661,2.8062687103050283,2.368848473320811,0.4374202369842175
5662,2.7321216120009386,2.2666046115135465,0.4655170004873921
5663,2.854949070307262,2.441195496203659,0.41375357410360314
5664,2.983807760433148,2.4989991114729624,0.4848086489601857
5665,2.7471820976332615,2.2859130727750587,0.46126902485820276
5666,2.887540582075167,2.4333450165983943,0.45419556547677287
5667,2.7656753632168716,2.302636210599014,0.46303915261785766
5668,2.7220962243288276,2.25558685041613,0.46650937391269753
5669,2.831057786640317,2.375204510450882,0.4558532761894347
5670,2.908731588958125,2.5136585867247443,0.3950730022333806
5671,2.8230775098291456,2.377298959442957,0.4457785503861884
5672,2.7577121017660065,2.3133410310080804,0.44437107075792603
5673,2.650162867686631,2.196615845243847,0.453547022442784
5674,2.694363040896256,2.2196737830622695,0.4746892578339863
5675,2.832401162452026,2.391368468207302,0.4410326942447238
5676,2.843490896457786,2.3826297086100614,0.46086118784772445
5677,2.8318091673272,2.3486672909327284,0.4831418763944715
5678,2.6544680133007468,2.1851433092963655,0.4693247040043813
5679,2.8110206858931277,2.336513420755401,0.4745072651377269
5680,2.6345314981719263,2.1480197632579197,0.4865117349140067
5681,3.098268348214667,2.7396680177626163,0.35860033045205064
5682,2.6405328496197322,2.175977668481348,0.4645551811383841
5683,2.888012928916533,2.4081389735390375,0.47987395537749533
5684,2.821198145241178,2.397574790525695,0.42362335471548285
5685,2.6910581473009993,2.214969481883276,0.47608866541772343
5686,2.8884373471927685,2.492888913755891,0.3955484334368773
5687,2.806546912390448,2.369803780425405,0.4367431319650432
5688,2.7932803187435895,2.3444733369625417,0.44880698178104783
5689,2.732780262668567,2.2954412989789486,0.43733896368961833
5690,2.7755366987714636,2.311855798607143,0.4636809001643205
5691,2.8331589587293307,2.3953253973696795,0.4378335613596511
5692,2.804844790666962,2.367045659933753,0.43779913073320875
5693,2.8962488793998657,2.4518114657916943,0.44443741360817146
5694,2.706236874588034,2.2426831194365886,0.4635537551514455
5695,2.7664353034199136,2.322621112931885,0.4438141904880286
5696,2.6749535625227203,2.221731922861162,0.4532216396615585
5697,2.7077323280627756,2.2646233493595878,0.4431089787031879
5698,2.819795758532147,2.370027904821185,0.44976785371096195
5699,2.7662093424291343,2.3008746370624027,0.4653347053667316
5700,2.6704433368695013,2.2291973923593567,0.44124594451014465
5701,2.6378261274807504,2.16620941475033,0.4716167127304205
5702,2.74481905298256,2.3259693340413587,0.41884971894120104
5703,2.6901770769673377,2.254783219258664,0.4353938577086738
5704,2.919513027952215,2.469346249290694,0.4501667786615209
5705,2.794889078963605,2.3478626985197364,0.44702638044386855
5706,2.831851817707924,2.3652057168577465,0.46664610085017744
5707,2.806372525647143,2.334451842042898,0.47192068360424466
5708,2.8394242833968595,2.4302955336324987,0.40912874976436076
5709,2.7502046953443102,2.253763454556715,0.4964412407875951
5710,2.796621539087087,2.3297735377215,0.4668480013655869
5711,2.9741556659796706,2.6273830882907827,0.3467725776888879
5712,2.7872357300846486,2.335084651348121,0.4521510787365277
5713,2.9231222100222554,2.4764134421592994,0.446708767862956
5714,3.0061171642413127,2.610242907166176,0.3958742570751368
5715,2.7913212552291253,2.3278192747396695,0.4635019804894558
5716,2.7810534006656336,2.314061270218295,0.46699213044733856
5717,2.703953277558618,2.2470239382650257,0.4569293392935925
5718,2.96110007283529,2.542726166614497,0.41837390622079296
5719,2.752419290547117,2.278071459021757,0.4743478315253604
5720,2.818343978555415,2.332271279219636,0.4860726993357791
5721,2.786512343894581,2.315492952215063,0.4710193916795178
5722,2.751224241509667,2.2751323043907155,0.4760919371189516
5723,2.9310269514433287,2.507307899592778,0.4237190518505507
5724,2.7359626179738816,2.3173117149550375,0.4186509030188441
5725,2.8309105667969683,2.4269213048497265,0.40398926194724183
5726,2.70124436930902,2.2214851771242414,0.47975919218477836
5727,2.8542773164493984,2.414492079336846,0.43978523711255235
5728,2.8174194344852186,2.3810378579022715,0.4363815765829471
5729,2.8195668261498787,2.402012720693783,0.41755410545609584
5730,2.676755389952091,2.212954294723882,0.463801095228209
5731,2.6303207381471414,2.155275917626637,0.47504482052050445
5732,2.836888576655252,2.349498156131664,0.48739042052358794
5733,2.864514756297632,2.4487460050031244,0.4157687512945074
5734,2.7237726089816103,2.2971345882951675,0.42663802068644285
5735,2.992102202116688,2.5317408612927954,0.46036134082389246
5736,2.7212081185972306,2.2630252436561133,0.4581828749411172
5737,2.7123458003196648,2.254396241423212,0.45794955889645284
5738,2.634308522945131,2.1648642170790775,0.46944430586605357
5739,2.7563939519718508,2.3019497258853785,0.4544442260864723
5740,2.794094225617729,2.3332494079571786,0.4608448176605502
5741,2.7694857619369695,2.3118409071314328,0.45764485480553674
5742,2.7989599230540594,2.3665857813037294,0.43237414175032995
5743,2.7562916976348624,2.2889222640559677,0.4673694335788947
5744,2.729602133538834,2.28433505898029,0.4452670745585441
5745,2.8180795923478703,2.33830970808481,0.4797698842630602
5746,2.8000097044420813,2.376245044719829,0.4237646597222522
5747,2.710475715766825,2.2273190637721485,0.4831566519946766
5748,2.615072418633114,2.163648213055632,0.451424205577482
5749,2.8455521957682404,2.388571540246209,0.4569806555220315
5750,2.7923687208961843,2.366542408559826,0.42582631233635837
5751,2.652543480215392,2.194693216889055,0.4578502633263368
5752,2.734265811315548,2.3072375166334558,0.427028294682092
5753,2.936753667100928,2.5134673519488495,0.42328631515207826
5754,2.6347912832058493,2.1721295402595864,0.46266174294626294
5755,2.784910951073784,2.3718726003686537,0.4130383507051305
5756,2.7430076969552992,2.273425614484787,0.46958208247051214
5757,2.7946023415227326,2.3880995956531663,0.40650274586956625
5758,2.8029640442647157,2.356501384070711,0.4464626601940047
5759,2.7488856747925405,2.2836323739111335,0.46525330088140704
5760,2.869377155396793,2.4449480245174775,0.42442913087931533
5761,2.732761771780176,2.2722888594828143,0.46047291229736187
5762,2.8103620063488717,2.362770535156063,0.44759147119280884
5763,2.6795977870575536,2.237163263509133,0.4424345235484206
5764,2.733064018062956,2.314632406895914,0.4184316111670423
5765,2.713170295233866,2.2516511205474545,0.46151917468641157
5766,2.6732466329070594,2.2224939069320797,0.45075272597497973
5767,2.7887019905727137,2.319770290028964,0.46893170054374966
5768,2.7412825116226056,2.274123120541959,0.46715939108064664
5769,2.865774531979229,2.421873373603807,0.443901158375422
5770,2.6675146737552904,2.1943959353358164,0.47311873841947394
5771,2.6947720553512626,2.231654129267345,0.46311792608391755
5772,2.714202741509969,2.2603577984856607,0.45384494302430856
5773,2.6696467352363733,2.1944726937341588,0.47517404150221454
5774,2.703773780369745,2.23217752030008,0.4715962600696648
5775,2.644919484549872,2.1866408475187673,0.4582786370311047
5776,2.7550452763953217,2.336714124946709,0.41833115144861255
5777,2.7077205594475076,2.219272966706603,0.48844759274090466
5778,2.6412475894890055,2.202574805285347,0.4386727842036584
5779,2.6758422575653826,2.2096671239154375,0.4661751336499451
5780,2.816635513128285,2.370576537108117,0.4460589760201681
5781,2.6384431859494253,2.1809907445490446,0.45745244140038066
5782,2.9281613135265725,2.5454567587938173,0.3827045547327552
5783,2.599340206563165,2.1300864774393276,0.46925372912383745
5784,2.6981334557746175,2.270013062451884,0.42812039332273333
5785,2.7114920017585553,2.280262852281025,0.43122914947753044
5786,2.8008796964719997,2.379828289184971,0.42105140728702883
5787,2.857760361885265,2.4199315150062226,0.43782884687904255
5788,2.834378172390168,2.364106335288072,0.47027183710209597
5789,2.7174248466467854,2.2844224884501756,0.4330023581966098
5790,2.809622778927828,2.3413904924386753,0.4682322864891528
5791,2.572374040633967,2.099429625716431,0.4729444149175359
5792,2.8221343475222724,2.388390619918536,0.4337437276037366
5793,2.8286973385624727,2.402402520889506,0.4262948176729666
5794,2.7541286319800564,2.3279024554376604,0.42622617654239603
5795,2.93989616810754,2.535643948698758,0.40425221940878187
5796,2.8249149918895515,2.388211995593085,0.4367029962964666
5797,2.7110011620533814,2.2289837232722456,0.4820174387811358
5798,2.940650076027252,2.471480460238424,0.4691696157888279
5799,2.867840032729017,2.4538553326916137,0.4139847000374033
5800,2.680278072756256,2.2114498195762486,0.4688282531800074
5801,2.6535593847861536,2.2186956176026578,0.43486376718349584
5802,2.642389200855445,2.17267688008387,0.469712320771575
5803,2.8113495267467417,2.3358443593881355,0.47550516735860615
5804,2.6624449222324733,2.185517751447061,0.47692717078541236
5805,2.8104129048840676,2.365086383763331,0.44532652112073645
5806,2.7873271439867584,2.3198893646299408,0.46743777935681763
5807,2.707558317487198,2.2460071442137277,0.4615511732734703
5808,2.7947232982299033,2.333197458993645,0.46152583923625823
5809,3.1531093152676126,2.828593546186352,0.3245157690812608
5810,2.834721638862823,2.3739627375998706,0.4607589012629525
5811,2.8123279480057435,2.360105242862913,0.4522227051428307
5812,2.6826487719439767,2.1972887491540956,0.4853600227898811
5813,2.6834169634357234,2.237146638575675,0.44627032486004836
5814,2.9190391235288207,2.547855819769582,0.37118330375923847
5815,2.642249149896289,2.195406949197425,0.44684220069886393
5816,2.7644306796105114,2.3233439258291404,0.44108675378137097
5817,2.7351441029480608,2.2835214331757565,0.45162266977230425
5818,2.7179192528036102,2.256416583318201,0.4615026694854092
5819,2.8740224286447056,2.4516844951298316,0.42233793351487403
5820,2.666252456531049,2.189933839325024,0.476318617206025
5821,2.8682305989516874,2.415366524891884,0.45286407405980356
5822,2.7014284178125805,2.2227451121127886,0.4786833056997919
5823,2.886636811971143,2.49676174690316,0.389875065067983
5824,2.6844540421500906,2.2244372815700637,0.46001676058002694
5825,2.7481951620729252,2.322410809733795,0.42578435233913003
5826,2.8138063186537514,2.32614525016974,0.4876610684840115
5827,2.803032707726249,2.326098389505284,0.4769343182209651
5828,2.807665777406315,2.379281762424646,0.4283840149816691
5829,2.7573197068471704,2.2911192295892953,0.46620047725787517
5830,2.7475814729578394,2.2914369237897976,0.4561445491680418
5831,2.7275351186572916,2.2702971003749317,0.4572380182823599
5832,2.769347381015583,2.293567247323099,0.47578013369248406
5833,2.8935418600779994,2.4669597252446347,0.4265821348333647
5834,2.8047472110224474,2.3745853169568205,0.4301618940656269
5835,3.0369866479338308,2.6415332213909437,0.39545342654288707
5836,2.789989057576921,2.332284648444149,0.4577044091327718
5837,2.7776736037682515,2.283682205890517,0.4939913978777346
5838,2.8194063280503863,2.3814862120008184,0.4379201160495678
5839,2.740960876193854,2.263939465804023,0.47702141038983115
5840,2.611586342597196,2.148116712473423,0.46346963012377307
5841,2.8540609228203135,2.444379294593663,0.40968162822665066
5842,2.7199517993658446,2.26964817734089,0.45030362202495455
5843,2.703659644993945,2.257310440916865,0.4463492040770798
5844,2.785915490223343,2.3067017216462973,0.4792137685770457
5845,2.7790667229169244,2.311284668895657,0.46778205402126716
5846,2.7033948504706493,2.2258546286606133,0.47754022181003597
5847,2.826904385816555,2.404692931023757,0.422211454792798
5848,2.6490688594735303,2.190565619718233,0.4585032397552973
5849,2.763906214358852,2.2973097678919046,0.4665964464669474
5850,2.940853240052139,2.556346823030961,0.38450641702117805
5851,2.9155636668646228,2.496062404677556,0.4195012621870666
5852,2.671786215308618,2.2145019977788998,0.45728421752971826
5853,2.7862257700975044,2.3383421594481693,0.44788361064933513
5854,2.8496146087213563,2.4426850227152777,0.40692958600607865
5855,2.841788102216371,2.3976961939274357,0.4440919082889354
5856,2.845709744517954,2.4155438458335268,0.43016589868442745
5857,3.041976233614702,2.6695356854983174,0.3724405481163844
5858,2.7654704922336806,2.277959250691669,0.48751124154201175
5859,2.832429069235485,2.3882293326662425,0.4441997365692427
5860,2.882086950678486,2.455077235666672,0.42700971501181373
5861,2.771741137769631,2.3146407300235743,0.45710040774605654
5862,2.779292670510103,2.343631577796543,0.43566109271356
5863,2.656912215206838,2.2018452419090098,0.4550669732978281
5864,2.759513067129687,2.2952321229472066,0.4642809441824802
5865,2.80165800165489,2.3724657474837856,0.4291922541711046
5866,2.6578481790381097,2.2002791623591706,0.457569016678939
5867,2.786122811213936,2.296635174611335,0.48948763660260086
5868,2.7917936576919393,2.333614555810993,0.45817910188094624
5869,2.7266518378004103,2.264051100759737,0.4626007370406735
5870,2.756398319314567,2.298492977719293,0.4579053415952741
5871,3.000254881887305,2.6079775092284105,0.3922773726588944
5872,2.76239436585776,2.3063643229802424,0.4560300428775177
5873,2.7298444219081355,2.283468127076925,0.44637629483121044
5874,2.803724382682241,2.3839388858835724,0.4197854967986685
5875,2.6733548141344214,2.2111022349342044,0.462252579200217
5876,2.679064284698322,2.2481752323566804,0.43088905234164177
5877,2.7997553446323487,2.4008087688864084,0.3989465757459403
5878,2.849796526619942,2.4363025233788584,0.41349400324108343
5879,2.7191793330917475,2.2621720936583856,0.45700723943336197
5880,2.7792301455355783,2.341292696847873,0.43793744868770546
5881,2.707642193490265,2.2475839709421948,0.4600582225480703
5882,2.9635806201582695,2.5403318021178634,0.42324881804040615
5883,2.8483795790179722,2.4252688892581853,0.42311068975978694
5884,2.852995948745722,2.3881554766669284,0.46484047207879353
5885,2.7171998850151864,2.2341882473607693,0.4830116376544171
5886,2.827104861353677,2.3550992789581846,0.4720055823954925
5887,2.838190095272192,2.390250775951075,0.44793931932111697
5888,2.856091396940128,2.405171165230262,0.45092023170986595
5889,2.888659272359827,2.4721973577510097,0.4164619146088171
5890,2.7535068073606612,2.258263517920752,0.49524328943990925
5891,2.6598620045301695,2.2109660642533653,0.44889594027680424
5892,2.7116734166254437,2.2454965949020202,0.46617682172342345
5893,2.614730813900908,2.1464511778442654,0.46827963605664236
5894,2.817094903863292,2.3768682693017302,0.44022663456156197
5895,2.679179906637176,2.239760505066323,0.439419401570853
5896,2.9005391780673415,2.4684503750625035,0.432088803004838
5897,2.8224808018224525,2.380346685041116,0.4421341167813364
5898,2.6815291889984527,2.2240398530911416,0.4574893359073111
5899,2.6778376881231813,2.2097033097234786,0.46813437839970273
5900,2.6919628263881727,2.2516152090203896,0.44034761736778316
5901,2.665520746700362,2.196522424169355,0.4689983225310068
5902,2.721866681150068,2.2622944413653587,0.45957223978470907
5903,2.6440752949386828,2.213221025302153,0.4308542696365296
5904,2.642547862527014,2.1992491656288564,0.4432986968981574
5905,2.6748630327766656,2.212127101446137,0.4627359313305286
5906,2.672906038860095,2.2236838650936384,0.44922217376645657
5907,2.7869637146756223,2.318073882789035,0.4688898318865875
5908,2.759523425434863,2.347671109239884,0.4118523161949792
5909,2.764275652457134,2.325994499681929,0.4382811527752053
5910,2.913933674156728,2.456601212112556,0.4573324620441719
5911,2.874923899583911,2.405669300536821,0.46925459904709
5912,2.7754271966522555,2.307026011976815,0.46840118467544034
5913,2.673943602721229,2.231541158220457,0.4424024445007717
5914,2.808489473345631,2.319506219540826,0.4889832538048049
5915,2.776613837929906,2.315757917315712,0.4608559206141942
5916,2.7473687497641963,2.295023857987385,0.45234489177681114
5917,2.6991380048484332,2.21864594038307,0.4804920644653632
5918,2.714945281208656,2.253806559430654,0.46113872177800186
5919,2.6979395272848,2.2437912561758435,0.4541482711089566
5920,2.775897245331742,2.3080923937448605,0.46780485158688156
5921,2.707639423904042,2.2679585890024776,0.4396808349015644
5922,2.7577302929571714,2.284346788018016,0.4733835049391555
5923,2.7616609654958273,2.345141198213402,0.41651976728242524
5924,2.8275213188673005,2.3798601817441787,0.44766113712312183
5925,2.879628359550187,2.482227334739971,0.397401024810216
5926,2.789874475800086,2.3612065974236423,0.42866787837644393
5927,2.8281577663178417,2.3881632299970734,0.43999453632076824
5928,2.6516652485873666,2.198985909835952,0.45267933875141475
5929,2.683400648162998,2.1863935701348156,0.49700707802818256
5930,2.7875926912738582,2.353546762309636,0.4340459289642222
5931,2.757202776924067,2.315488375766307,0.4417144011577596
5932,2.743841941593794,2.288882052991396,0.454959888602398
5933,2.8011458546240284,2.344818166225277,0.45632768839875126
5934,2.765146572009766,2.324453268446326,0.4406933035634397
5935,3.0825235945128857,2.6802601799647343,0.4022634145481514
5936,2.7631239576273705,2.300513629973963,0.4626103276534077
5937,3.0300745992982288,2.6882389423380157,0.341835656960213
5938,2.7326719552374183,2.2828761583090893,0.44979579692832905
5939,2.9125854466701857,2.500228586427849,0.41235686024233686
5940,2.640875817050729,2.1707458251984266,0.47012999185230253
5941,2.8623071478987487,2.443682648704472,0.4186244991942769
5942,2.7494770743272707,2.2890296279164737,0.46044744641079705
5943,2.7303926337566766,2.2517733176611423,0.4786193160955343
5944,2.9018719842502696,2.507132879565219,0.3947391046850508
5945,2.8765743836501585,2.4082784522021634,0.4682959314479951
5946,2.8322618121101435,2.4246297839521898,0.40763202815795374
5947,2.7619919516259195,2.284618503712307,0.47737344791361247
5948,2.701931758291832,2.234937387771179,0.46699437052065296
5949,2.832160924674648,2.381542081587023,0.450618843087625
5950,2.7188464768248326,2.242386442483023,0.4764600343418097
5951,2.714862638281804,2.2488650691728926,0.4659975691089113
5952,2.68453913310232,2.2386792195041982,0.4458599135981216
5953,2.8178713630641803,2.4130419575569855,0.4048294055071948
5954,2.799102601553492,2.317967711424145,0.48113489012934707
5955,2.7842321478278467,2.319526769043813,0.46470537878403384
5956,2.723118832680011,2.2638896923002307,0.45922914037978035
5957,2.8283177905283408,2.403395398277613,0.4249223922507279
5958,2.9810810625085122,2.607465462405604,0.3736156001029083
5959,2.819028257832235,2.3728028131237333,0.4462254447085017
5960,2.6775648760114517,2.2059401006219215,0.4716247753895302
5961,2.5945516743963766,2.137553125027312,0.4569985493690645
5962,2.7831233711999404,2.3363558052864355,0.44676756591350486
5963,2.7013234940988675,2.2114386522716165,0.489884841827251
5964,2.635827878034113,2.1767633703254123,0.45906450770870055
5965,2.6888505652660535,2.235825155783013,0.4530254094830406
5966,2.6751964106093604,2.2248971001699416,0.45029931043941884
5967,2.744992371569933,2.283441208257135,0.461551163312798
5968,2.719581173565018,2.2792783239563663,0.44030284960865185
5969,2.6970851696027,2.2556973462349044,0.4413878233677955
5970,2.7227442859388282,2.2920837953474456,0.43066049059138267
5971,2.9274269902027656,2.505580428345542,0.4218465618572238
5972,2.7177140921918497,2.2799218373508383,0.43779225484101136
5973,2.8144107934322555,2.368723863978657,0.44568692945359834
5974,2.748489333362963,2.309448602826461,0.4390407305365023
5975,2.825425900805143,2.4001654104709096,0.4252604903342334
5976,2.6654234217604413,2.1948425584923195,0.4705808632681219
5977,2.7018260899964037,2.2478842781501895,0.4539418118462142
5978,2.7301606690357825,2.2749755290468556,0.45518513998892685
5979,2.7412092162291963,2.28718397511669,0.45402524111250653
5980,2.9834002180421004,2.5156032074024846,0.4677970106396159
5981,2.6559706912958765,2.1733647985597537,0.48260589273612275
5982,2.643352793473773,2.1725155691525653,0.4708372243212078
5983,2.7812895582256445,2.3251186814022002,0.45617087682344426
5984,2.72622573103515,2.2619511462510844,0.4642745847840657
5985,2.825715736267559,2.3703618465544394,0.45535388971311974
5986,2.7809408155958217,2.3482019174413677,0.432738898154454
5987,2.669269929646051,2.2108538136210303,0.45841611602502086
5988,2.844955888354423,2.3855387199594444,0.4594171683949786
5989,2.9155067723531363,2.453972394869024,0.4615343774841123
5990,2.695324580665167,2.253747108011038,0.44157747265412883
5991,2.8328763937158756,2.387323393387817,0.4455530003280588
5992,2.7919361327634316,2.3402946425326467,0.4516414902307848
5993,2.732332550041386,2.262029962988057,0.4703025870533293
5994,2.8092269299692503,2.347412653144922,0.4618142768243283
5995,2.6614972984226006,2.210993623106029,0.45050367531657143
5996,2.6634424287134784,2.1877282351091107,0.4757141936043676
5997,2.7715637605765218,2.30968375109603,0.4618800094804918
5998,2.803473712006917,2.3507631354066323,0.4527105766002846
5999,2.71913517904456,2.2516227084572815,0.46751247058727863
6000,2.685168150628151,2.2447176049232325,0.4404505457049184
6001,2.7737087834260907,2.2991851284272333,0.4745236549988574
6002,2.6868754742938163,2.220989352063002,0.46588612223081416
6003,2.919484771474065,2.4652416630227076,0.4542431084513572
6004,2.8656906754764853,2.3970940781412566,0.4685965973352286
6005,2.8157555049982608,2.3736728049719336,0.4420827000263272
6006,2.9241438742890673,2.4997865400468204,0.42435733424224686
6007,2.7633440556695468,2.358828639712157,0.4045154159573898
6008,2.8031178518060877,2.391559705836325,0.4115581459697628
6009,2.848330858278208,2.3757466784714154,0.47258417980679246
6010,2.691555880920497,2.221186358397776,0.47036952252272135
6011,2.8546736828270305,2.421837011624536,0.43283667120249447
6012,2.7493396723055463,2.291020318075719,0.45831935422982717
6013,2.6889217383214294,2.246090556130826,0.44283118219060347
6014,2.9305324863539024,2.508015367944323,0.4225171184095795
6015,2.733174167755582,2.2713453771813663,0.46182879057421555
6016,2.767307458025296,2.3343734878445557,0.4329339701807404
6017,2.7357751661194682,2.2616734335794133,0.47410173254005494
6018,2.926909525633586,2.5030440514377905,0.4238654741957957
6019,2.773015975171513,2.3049248418718595,0.46809113329965335
6020,2.6520813983413967,2.1986097717758346,0.45347162656556206
6021,2.8716955211026645,2.4602352506887906,0.4114602704138739
6022,2.78745802263325,2.3275610017438915,0.45989702088935847
6023,2.747078680050026,2.2739368359627146,0.47314184408731164
6024,2.850182361552176,2.393845242456958,0.4563371190952181
6025,2.6698861415227397,2.2183982861962535,0.4514878553264863
6026,2.795424942586073,2.3550417090200226,0.44038323356605025
6027,2.742847881595489,2.2826219248397126,0.46022595675577627
6028,2.6739540986442982,2.219103568970558,0.4548505296737404
6029,2.899260302966434,2.535071725327418,0.36418857763901613
6030,2.6540558278340227,2.1885661315600786,0.4654896962739441
6031,2.820576478652401,2.4215631520753074,0.39901332657709343
6032,2.687811848675915,2.2127233340994774,0.4750885145764374
6033,2.7391401721670876,2.2437539122485117,0.4953862599185759
6034,2.6494735337548017,2.192441861484178,0.4570316722706238
6035,2.798028325722728,2.3447218905825165,0.4533064351402114
6036,2.696762890328983,2.241975970868702,0.45478691946028116
6037,2.79310830395499,2.330094404155424,0.4630138997995661
6038,2.7125143620933985,2.28240279377386,0.4301115683195387
6039,2.634945368838289,2.1927205947723323,0.4422247740659566
6040,2.8439110339891287,2.372269037947486,0.4716419960416429
6041,2.8142636146241586,2.356260921279765,0.4580026933443935
6042,2.8568626880676513,2.4292383697313302,0.4276243183363211
6043,2.7724732604540607,2.31475367777491,0.4577195826791507
6044,2.8538834469892596,2.38902976496502,0.4648536820242395
6045,2.716569384061755,2.247869915249628,0.4686994688121269
6046,2.874261512220294,2.423067713781271,0.45119379843902285
6047,2.728713391984958,2.271426328361685,0.4572870636232733
6048,2.8789728545910602,2.4086492908239174,0.4703235637671428
6049,2.746685605439771,2.2661614884411705,0.48052411699860054
6050,2.7869909740974457,2.2832877944806613,0.5037031796167843
6051,2.8567685958626283,2.4482328989049735,0.4085356969576548
6052,3.0287502697064084,2.5910611165872943,0.43768915311911405
6053,2.8203785124142193,2.3466024242629944,0.47377608815122496
6054,2.688565721909822,2.202160679548824,0.4864050423609978
6055,2.8226631200205183,2.38296347697316,0.43969964304735853
6056,2.6458162787808814,2.2021541706172556,0.44366210816362583
6057,2.7192694887930604,2.24349198213864,0.47577750665442053
6058,2.734584496245641,2.264179938827623,0.4704045574180178
6059,2.7280511638991403,2.284083371914461,0.4439677919846794
6060,2.8136265356396013,2.373484499956266,0.4401420356833352
6061,2.6937863298254783,2.2197004274080454,0.47408590241743287
6062,2.673603270060322,2.2095810814353745,0.4640221886249476
6063,2.762480111446645,2.3144671265224557,0.4480129849241892
6064,2.80424385486241,2.352828656107365,0.45141519875504477
6065,2.7958415200840565,2.349094002990957,0.4467475170930997
6066,2.737513272835417,2.273717160738577,0.4637961120968397
6067,3.00256711128384,2.6203660438005785,0.38220106748326144
6068,2.7119021698222068,2.2557124985137706,0.45618967130843613
6069,2.792161600398782,2.3603707028794885,0.43179089751929345
6070,2.775662831425518,2.359934102575456,0.41572872885006174
6071,2.8357807062217666,2.3945150571550147,0.4412656490667519
6072,2.7713713023149116,2.3157269766649007,0.4556443256500109
6073,2.8694884925572293,2.458402815959856,0.41108567659737316
6074,2.8183329912811113,2.3743235816715225,0.4440094096095888
6075,2.8130990066230885,2.3614014023919916,0.45169760423109695
6076,2.7329427103413932,2.2625083271612816,0.47043438318011166
6077,2.8239376531922846,2.4011006791603187,0.42283697403196596
6078,2.747198474449543,2.3230166884960344,0.4241817859535084
6079,2.7381906136238454,2.2730182381398167,0.4651723754840287
6080,2.6638869382997914,2.2010909012812205,0.46279603701857086
6081,2.7444505923940876,2.306695014463373,0.4377555779307145
6082,2.6151107031783187,2.167074166542334,0.44803653663598464
6083,2.7141529997206346,2.24721906154037,0.46693393818026463
6084,2.745336574564833,2.300343828371189,0.44499274619364426
6085,2.6425240941170824,2.190769670294326,0.45175442382275666
6086,2.669800823636359,2.2303498672552626,0.43945095638109644
6087,2.841282248562034,2.377864317462497,0.4634179310995372
6088,2.8296640124293444,2.375221797089261,0.45444221534008333
6089,2.5869005110924257,2.1203368923115016,0.4665636187809241
6090,2.769184161126844,2.3015992053307843,0.46758495579605963
6091,2.8214600246929264,2.390103606953189,0.43135641773973754
6092,2.6874604065032734,2.2188127632078634,0.4686476432954101
6093,2.768570160780157,2.3332454247886965,0.4353247359914607
6094,2.831509726230201,2.377984676008753,0.45352505022144785
6095,2.7307340362059644,2.260386511411808,0.4703475247941564
6096,2.861395829209191,2.4127513949075605,0.4486444343016305
6097,2.896071813625088,2.44592227092049,0.45014954270459784
6098,2.801219962094989,2.34887007976403,0.4523498823309593
6099,2.8229604881463444,2.3788555668053997,0.4441049213409447
6100,2.6985496510059432,2.2181553507201186,0.48039430028582464
6101,2.7892172027778375,2.3267433811917706,0.46247382158606687
6102,2.738984711739788,2.2900680133247615,0.44891669841502635
6103,2.6757810162966327,2.2182162279047564,0.4575647883918763
6104,2.808608475664604,2.348765259253808,0.4598432164107962
6105,2.8030844322740536,2.3633741822024987,0.43971025007155484
6106,2.6458936267374233,2.201889870349992,0.4440037563874313
6107,2.8046858918776163,2.341785699943388,0.4629001919342284
6108,2.878628059490028,2.4367511352770794,0.44187692421294855
6109,2.8794388329963847,2.4242518044310377,0.455187028565347
6110,2.758551986067829,2.2980965743507547,0.46045541171707427
6111,2.838408786391982,2.357709493083123,0.48069929330885897
6112,2.811574469646994,2.366590652656256,0.44498381699073786
6113,2.6920990550603623,2.2530732719186513,0.43902578314171103
6114,2.6670544287769546,2.2120475173039083,0.4550069114730464
6115,2.808735171112966,2.3203683074834838,0.48836686362948223
6116,2.7415001061305158,2.2895244265367554,0.4519756795937604
6117,2.8816728234499167,2.4326385152476813,0.44903430820223544
6118,2.802051758980569,2.371935584297011,0.43011617468355823
6119,2.722343881332104,2.293496368702107,0.4288475126299973
6120,2.8190444331860123,2.356584274036149,0.46246015914986316
6121,2.6941400607161206,2.230400927802865,0.4637391329132554
6122,2.7362914595739993,2.2947723472748844,0.4415191122991149
6123,2.865471194037815,2.4006733599181294,0.46479783411968567
6124,2.6549068011455255,2.199283134299684,0.4556236668458413
6125,2.867738082055451,2.3776387977311915,0.49009928432425953
6126,2.8258351599580505,2.3787609743964926,0.44707418556155787
6127,2.8147630016068153,2.370765601265382,0.4439974003414333
6128,2.80877753519711,2.3526868950183983,0.4560906401787115
6129,2.780803076350918,2.323038910526755,0.45776416582416335
6130,2.741286455674982,2.3128829371529993,0.42840351852198255
6131,2.7438476937876417,2.3001654366371715,0.44368225715047016
6132,2.783851224521889,2.3265553627064923,0.4572958618153966
6133,2.7211272340572914,2.2484972976888637,0.47262993636842765
6134,2.857194433266217,2.409700299681603,0.4474941335846139
6135,2.7547314875367954,2.3317481630782955,0.42298332445849995
6136,2.687483947110603,2.2002842255270543,0.48719972158354885
6137,2.674803996477827,2.2228818045451044,0.45192219193272276
6138,2.922827119755532,2.4785710175782394,0.4442561021772926
6139,2.7752145288251233,2.324877803760461,0.45033672506466216
6140,2.841267658884406,2.4090703965440383,0.4321972623403676
6141,2.7128037255113457,2.2486417811427533,0.4641619443685925
6142,2.759991993989751,2.3348131030825297,0.42517889090722116
6143,2.739422997763063,2.27122837574103,0.468194622022033
6144,2.8104422785097753,2.371317055914926,0.43912522259484943
6145,2.6747891831012223,2.217899864567938,0.4568893185332841
6146,2.678124069970818,2.231435615707623,0.44668845426319503
6147,2.6869957529947173,2.23106347935441,0.4559322736403071
6148,2.8214471520040654,2.400648987012509,0.4207981649915564
6149,2.7457136105854647,2.2854070004901046,0.4603066100953601
6150,3.0423476794378965,2.691993002140162,0.3503546772977346
6151,2.7267157066567247,2.238195415800819,0.48852029085590587
6152,2.8651579812883456,2.4310690352145365,0.4340889460738091
6153,2.7466681316166195,2.3273226360922017,0.4193454955244178
6154,2.6839061421752453,2.2271719874224565,0.4567341547527888
6155,2.7097075442064624,2.2435978633938825,0.46610968081258
6156,2.979228718171368,2.586295741610867,0.39293297656050097
6157,2.955200940251514,2.527388068061121,0.4278128721903931
6158,2.713372025515006,2.2923514985735305,0.4210205269414753
6159,2.770673037514472,2.3046899035017767,0.4659831340126952
6160,2.8427520423523416,2.3910094679080744,0.45174257444426713
6161,2.6821835556448836,2.225403487041931,0.45678006860295284
6162,2.7462652746845464,2.2875867475367206,0.45867852714782575
6163,2.8633296304161346,2.388784569138254,0.47454506127788054
6164,2.922270082685163,2.489363230911629,0.43290685177353394
6165,2.876647057025259,2.4401235159237618,0.43652354110149716
6166,2.695934061294287,2.235712410278603,0.4602216510156838
6167,2.7608998125019086,2.268391405836026,0.4925084066658827
6168,2.808067755148724,2.3542256495812595,0.4538421055674644
6169,2.768582076049067,2.3435118151234167,0.42507026092565026
6170,2.8135878782247787,2.3614863777910315,0.4521015004337472
6171,2.750332981251965,2.270074395994605,0.48025858525736
6172,2.8099778830245166,2.3173062911860294,0.4926715918384872
6173,2.7875823631805603,2.2990317996200926,0.48855056356046767
6174,2.7766908523099776,2.331867801363938,0.4448230509460398
6175,2.682923442339678,2.2399267079224896,0.44299673441718834
6176,2.6418449538571145,2.196645036678373,0.4451999171787415
6177,2.7771324980187355,2.3437280375973684,0.43340446042136715
6178,2.6879402151604563,2.209867776763377,0.47807243839707914
6179,2.722437488749372,2.2830540038226115,0.4393834849267604
6180,2.925166877166383,2.501457283752793,0.42370959341358994
6181,2.7948625353128502,2.380199775532513,0.4146627597803372
6182,2.7831305807839133,2.2987019818891903,0.484428598894723
6183,2.7535101104069364,2.277788891563182,0.4757212188437543
6184,2.8298257114268166,2.4100559900038987,0.4197697214229179
6185,2.783537068604285,2.359245938614315,0.42429112998996965
6186,2.693001621982312,2.246224860299165,0.44677676168314706
6187,2.849744005658287,2.4175158383876982,0.43222816727058877
6188,2.623201593962053,2.158117881944866,0.46508371201718735
6189,2.7161715998503566,2.2599343552147273,0.4562372446356293
6190,2.736131762559569,2.2873820137927483,0.44874974876682083
6191,2.7273138329889743,2.280513524710815,0.44680030827815953
6192,2.6387244496796205,2.156915563079181,0.4818088866004393
6193,2.697707052586814,2.2735386600031235,0.4241683925836903
6194,2.6899202296940423,2.2340530658453215,0.45586716384872084
6195,2.7056088959985223,2.2567435578350863,0.448865338163436
6196,2.772242283992857,2.3260958672775875,0.44614641671526956
6197,2.6983172476874,2.226885497580379,0.4714317501070209
6198,2.8543961228592254,2.4431503302307274,0.41124579262849803
6199,2.6105999832454545,2.141044999172279,0.4695549840731754
6200,3.00284054855914,2.561339790451993,0.44150075810714684
6201,2.684383952648839,2.2532737913668472,0.43111016128199164
6202,2.847215003690509,2.424823263233038,0.4223917404574711
6203,2.669198012170725,2.2341227153255034,0.4350752968452216
6204,2.7275336126140113,2.2373963881215966,0.4901372244924147
6205,2.6774151408361013,2.2301843455338703,0.447230795302231
6206,2.831133662378332,2.3419497663424726,0.48918389603585943
6207,2.744677149821007,2.2724978279706165,0.47217932185039047
6208,2.6223270194994845,2.1570061714588653,0.46532084804061924
6209,2.855303175076934,2.4171874670493194,0.43811570802761457
6210,2.7164403255642564,2.257962801245307,0.4584775243189494
6211,3.018290175624106,2.599729363760877,0.4185608118632289
6212,2.734124193109672,2.2871413686720055,0.44698282443766635
6213,2.709506416843437,2.255624940982432,0.4538814758610048
6214,2.735824137446314,2.2867670342410302,0.4490571032052837
6215,2.6710439486829407,2.2343030585034387,0.436740890179502
6216,2.7025426999309863,2.2480727350310783,0.454469964899908
6217,2.6893761234873748,2.2401236393160286,0.4492524841713461
6218,2.6914869564588657,2.2212685635777993,0.47021839288106637
6219,2.7646712065052954,2.3093132101620792,0.45535799634321616
6220,2.623798669253389,2.1720842920709678,0.45171437718242125
6221,2.6181446727620976,2.161880313007356,0.45626435975474156
6222,2.712339930760557,2.2628140087028763,0.4495259220576808
6223,2.8222421742455763,2.374317408332637,0.4479247659129393
6224,2.808367439700579,2.3924585087475223,0.4159089309530568
6225,2.7640513454377653,2.3415736373217975,0.42247770811596785
6226,2.7756619269006984,2.319571373328818,0.45609055357188044
6227,2.763845726420428,2.326552128802965,0.437293597617463
6228,2.7605534520697375,2.319491200588208,0.44106225148152944
6229,2.760127645716525,2.3090081293764624,0.45111951634006253
6230,2.8421522202629004,2.4481789093226602,0.39397331094024013
6231,2.825811362345115,2.4102692744696297,0.4155420878754854
6232,2.7408665370084644,2.2908258003935953,0.4500407366148691
6233,2.7732594533592874,2.3183844160508973,0.4548750373083901
6234,2.784778803356648,2.3330360602984554,0.4517427430581926
6235,2.73944021803944,2.299528063707115,0.4399121543323248
6236,2.6776634365822805,2.2352885923962886,0.4423748441859918
6237,2.690066989786382,2.2241120525666696,0.4659549372197125
6238,2.6970861865704934,2.2248477942371663,0.4722383923333271
6239,2.6563716351031985,2.225189375688129,0.4311822594150696
6240,2.89812560711565,2.4374738060658387,0.4606518010498113
6241,2.754558198931917,2.29946047851818,0.455097720413737
6242,2.7115527431443964,2.247407203005969,0.46414554013842757
6243,2.8339187655764118,2.386418567527209,0.4475001980492026
6244,2.813884956342055,2.3494641234489566,0.46442083289309855
6245,2.72319859794994,2.263232723346478,0.4599658746034616
6246,2.7754484396974415,2.3652315825004515,0.41021685719698997
6247,2.7209879657179554,2.290485643757096,0.43050232196085947
6248,2.7283551375068242,2.302881148583306,0.4254739889235184
6249,2.6191973293190074,2.158868489613182,0.4603288397058254
6250,2.796540105052597,2.324540609504997,0.4719994955476001
6251,2.9107792041550065,2.4439120678741535,0.46686713628085297
6252,2.708575993943372,2.2341210798845466,0.47445491405882523
6253,2.6800888815095667,2.2297879830783116,0.4503008984312551
6254,2.6947977055064722,2.220164651451516,0.47463305405495637
6255,2.7483013576079545,2.307260661706697,0.4410406959012576
6256,2.729819083264783,2.2871493536300664,0.4426697296347166
6257,2.9954543758151244,2.5318525768897793,0.46360179892534514
6258,2.767724545143158,2.328040790691493,0.4396837544516652
6259,2.811337757810685,2.3193890588042505,0.49194869900643434
6260,2.8079216359207955,2.343124753820733,0.46479688210006254
6261,2.7558245333617477,2.3014204235992164,0.4544041097625313
6262,2.7707790366666734,2.2988626147733884,0.471916421893285
6263,2.70555353561602,2.2334038442660007,0.4721496913500194
6264,2.9166207326953004,2.4837614932300784,0.432859239465222
6265,2.851949735426773,2.4052119690507863,0.44673776637598683
6266,2.609886833358658,2.159392807564884,0.4504940257937742
6267,2.75950012753292,2.31651327457442,0.4429868529584997
6268,2.8482156640369056,2.427953795652749,0.4202618683841566
6269,2.952332108468103,2.541507457953908,0.41082465051419526
6270,2.8876542981656415,2.4772588191778833,0.4103954789877582
6271,2.660095572676956,2.199856160508026,0.46023941216893016
6272,2.9003211300746927,2.463333611601401,0.43698751847329165
6273,2.7437560461430315,2.2850796733520795,0.45867637279095197
6274,2.79965190477027,2.3410690469939572,0.4585828577763129
6275,2.646527145025237,2.194961329493729,0.4515658155315081
6276,2.691341564023871,2.2190073791947835,0.4723341848290876
6277,2.6810639601632054,2.235682146855541,0.4453818133076646
6278,2.720441599136046,2.261404721993801,0.4590368771422453
6279,2.8138788515781874,2.400658965661994,0.4132198859161935
6280,2.723666594053135,2.249532568338636,0.4741340257144988
6281,2.6123082193450333,2.1648434001910406,0.4474648191539927
6282,2.788794415288049,2.3145380853619137,0.4742563299261353
6283,2.7867720477230487,2.31509715019706,0.4716748975259888
6284,2.685412032577719,2.213167234241838,0.4722447983358813
6285,2.9545334881848198,2.536816388279373,0.4177170999054467
6286,2.8552095420155887,2.396182186160516,0.4590273558550728
6287,2.6438676012371403,2.175402644952536,0.4684649562846044
6288,2.729231005727907,2.2797929694202854,0.4494380363076216
6289,2.7972995729221224,2.296366406706194,0.5009331662159284
6290,2.762687124726861,2.297294334853619,0.46539278987324195
6291,2.794396749668796,2.33155649077761,0.46284025889118574
6292,2.728534696098367,2.2751455924961785,0.45338910360218865
6293,2.886116301140804,2.46627207632313,0.41984422481767414
6294,2.7449463772611815,2.2697991169720404,0.4751472602891411
6295,2.8250880229608493,2.3890543666920623,0.436033656268787
6296,2.807631083119011,2.3713074192207593,0.4363236638982517
6297,2.731995808590994,2.2800485412801494,0.45194726731084467
6298,2.853343428276238,2.3942075356862693,0.4591358925899689
6299,2.746838288013587,2.281444778678867,0.4653935093347199
6300,2.8942912630293978,2.468859845605518,0.4254314174238796
6301,2.7660175467087975,2.3369958947385996,0.4290216519701979
6302,2.807031436080643,2.3429075131867183,0.4641239228939247
6303,2.6674863572633862,2.2160875687781907,0.45139878848519555
6304,2.7713591862814706,2.369385197918992,0.40197398836247844
6305,2.7737132533743485,2.367962995450039,0.4057502579243093
6306,2.7520804352390877,2.29822620206346,0.4538542331756279
6307,2.78080135142425,2.358712259223819,0.422089092200431
6308,2.6865365401926717,2.240835697284632,0.4457008429080398
6309,2.7601332021819025,2.2861439653507882,0.47398923683111427
6310,2.698112801579196,2.25017232514093,0.4479404764382662
6311,2.755344375459868,2.318638709666912,0.4367056657929562
6312,2.769366433405049,2.2874656086062863,0.4819008247987626
6313,2.7640131274774173,2.3249422540648093,0.4390708734126081
6314,2.7479564064845183,2.2870494912464867,0.4609069152380316
6315,2.828001774815912,2.3787637383313056,0.44923803648460625
6316,2.814738510984307,2.3577391599107584,0.4569993510735486
6317,2.7694277411118597,2.277655359999065,0.49177238111279475
6318,2.7853942956592515,2.308474675035271,0.4769196206239803
6319,2.9607052239778002,2.5378533840238626,0.4228518399539376
6320,2.776854378592064,2.311298368506219,0.4655560100858449
6321,2.8170694681488166,2.348775102851009,0.46829436529780777
6322,2.672786444024493,2.213962307032128,0.4588241369923649
6323,2.69190688820878,2.2458435457635755,0.44606334244520474
6324,2.7920982337919558,2.348322581054292,0.44377565273766395
6325,2.801060774846517,2.3140456016575066,0.4870151731890102
6326,2.6864932427864128,2.241125280827115,0.4453679619592976
6327,2.875951103259988,2.453133388089106,0.42281771517088185
6328,2.8303600523235883,2.3834400877054365,0.44691996461815187
6329,2.7691656581993493,2.3145529650031276,0.4546126931962218
6330,2.7049872357364784,2.2396315388262296,0.4653556969102488
6331,2.72542801880444,2.242634092987698,0.4827939258167424
6332,2.749847861227882,2.3135171788734277,0.43633068235445416
6333,2.7546332150075625,2.3209458926719075,0.433687322335655
6334,2.683073802898655,2.2291309299554767,0.45394287294317825
6335,2.719644317329468,2.253326455120911,0.4663178622085571
6336,2.899039426449328,2.464757571953517,0.4342818544958109
6337,2.747737256712168,2.2641728701485504,0.48356438656361744
6338,2.6528431820189358,2.1774170105933615,0.4754261714255743
6339,2.7079505202579095,2.250477743927098,0.4574727763308113
6340,2.8704082343288877,2.4506279192668514,0.4197803150620363
6341,2.6793054481682828,2.2123435386786765,0.46696190948960625
6342,2.7349115992977597,2.243061751083354,0.4918498482144056
6343,2.646123145194802,2.1707757830001304,0.4753473621946718
6344,2.7316593056196132,2.2546318826241585,0.47702742299545475
6345,2.846547085919762,2.371101947739111,0.47544513818065104
6346,2.6864937375585174,2.2348020974308973,0.4516916401276201
6347,2.8070423608841284,2.4005561323034206,0.4064862285807078
6348,2.78201962383904,2.310988319426288,0.47103130441275187
6349,2.7016987720801096,2.240098209283169,0.4616005627969404
6350,2.722721471193592,2.258239532256151,0.4644819389374413
6351,2.8025999453467776,2.34242465686306,0.4601752884837178
6352,2.7316080771279596,2.265538669256472,0.46606940787148776
6353,2.7500980533146926,2.2982598438740642,0.45183820944062836
6354,2.8288021884925714,2.402272946236349,0.4265292422562226
6355,2.752939468750343,2.3139827453681043,0.4389567233822387
6356,2.839415568247309,2.392045600578148,0.44736996766916093
6357,2.9407918371636397,2.5322866776915336,0.4085051594721061
6358,2.725170911539151,2.27771244332857,0.4474584682105811
6359,2.828355336107656,2.3805283531451717,0.44782698296248435
6360,2.8046637724647483,2.336598130453427,0.46806564201132117
6361,2.6649236936124807,2.1915312420810413,0.4733924515314394
6362,2.825549647666975,2.349259118703743,0.476290528963232
6363,2.709850327143201,2.2548043010487233,0.45504602609447753
6364,2.733251621467942,2.2661378275369444,0.4671137939309977
6365,2.7682790994536823,2.2832541066654075,0.4850249927882748
6366,2.757588859527626,2.3121813427743154,0.4454075167533107
6367,2.7820416567418484,2.322728350938843,0.45931330580300544
6368,2.943537856293383,2.4172064959839377,0.5263313603094453
6369,2.680398410934205,2.211399857905734,0.46899855302847104
6370,2.933014449008476,2.4845351918526517,0.4484792571558245
6371,2.9189926659682475,2.4718509245181135,0.44714174145013397
6372,2.6893912059748075,2.246969819923844,0.4424213860509636
6373,2.7081269232403895,2.235219513777072,0.47290740946331766
6374,2.845345874645745,2.428278547842353,0.4170673268033922
6375,2.902868794792652,2.4264883515598736,0.4763804432327783
6376,2.824895637649507,2.37931455957112,0.4455810780783871
6377,2.7656951776219523,2.311277851656922,0.45441732596503037
6378,2.7001017115411603,2.2787303832849917,0.42137132825616863
6379,2.7427377610516186,2.2894858650406467,0.45325189601097193
6380,2.8847703696700537,2.470144393206062,0.4146259764639919
6381,2.7455246056212963,2.2994667655369474,0.4460578400843489
6382,2.7437192179730694,2.258377055223978,0.48534216274909125
6383,2.74683678872227,2.315661789104995,0.4311749996172751
6384,2.731117472495302,2.2710710613716314,0.4600464111236704
6385,3.097485925050733,2.712228022096587,0.3852579029541463
6386,2.8043663364903306,2.360850207614149,0.4435161288761815
6387,2.744185914977256,2.2639088342621854,0.4802770807150707
6388,2.849202438469837,2.4099185457222494,0.4392838927475875
6389,2.6716605975087138,2.212883357357282,0.4587772401514316
6390,2.7831316063975877,2.3354813186592547,0.44765028773833304
6391,2.868707940746728,2.4332247131417257,0.43548322760500247
6392,2.666229535574841,2.1832436197261407,0.4829859158487002
6393,2.7376706775843958,2.286472727701042,0.4511979498833538
6394,2.7641948770082214,2.343407726432303,0.4207871505759182
6395,2.85096180634903,2.4128304084722996,0.4381313978767305
6396,2.7550444990807317,2.294300096752973,0.4607444023277587
6397,2.6821023484561777,2.219248544215844,0.46285380424033384
6398,2.647825060974813,2.168321936899618,0.4795031240751948
6399,2.646367686162475,2.185047101361075,0.4613205848013999
6400,2.9384152759364204,2.5696630052522464,0.36875227068417393
6401,2.77246304631173,2.2986379792180456,0.47382506709368455
6402,2.8446266864609986,2.41773299947383,0.4268936869871687
6403,2.7718393597210698,2.3001337995288926,0.47170556019217713
6404,2.7168718295637553,2.273002144224427,0.44386968533932825
6405,2.8042416105370886,2.3159823528576617,0.4882592576794269
6406,2.6660205397450514,2.2007643480229193,0.46525619172213206
6407,2.8305297757546137,2.4037464873598395,0.4267832883947742
6408,2.8319721401012594,2.3829842095866303,0.44898793051462915
6409,2.8366553409223747,2.4040877977131845,0.4325675432091902
6410,2.8106925393701254,2.345600448389707,0.4650920909804186
6411,2.830671820547854,2.3927504926341006,0.43792132791375327
6412,2.7393444390861954,2.291382208803101,0.44796223028309434
6413,2.9112040178288,2.451240867164411,0.4599631506643891
6414,2.732209001573143,2.2864504338455496,0.4457585677275935
6415,2.828342576750397,2.385079682552279,0.44326289419811804
6416,2.7351357943057324,2.3022193537193205,0.4329164405864119
6417,2.683624424456701,2.2231934785525422,0.4604309459041587
6418,2.7286240401394464,2.299480424614057,0.42914361552538915
6419,2.696303638848593,2.2115030151018438,0.48480062374674926
6420,2.8428252269417533,2.389103408121914,0.4537218188198393
6421,2.814335943150285,2.3814258849154046,0.43291005823488016
6422,2.700064723155416,2.2572856084878454,0.44277911466757036
6423,2.6609103982397233,2.2084684337709284,0.4524419644687949
6424,2.7610984152607116,2.3001707168347054,0.4609276984260062
6425,2.804793356332161,2.3137252115508042,0.49106814478135696
6426,2.732741314993467,2.2582444273914377,0.47449688760202946
6427,2.8681910418016106,2.4234772301848553,0.4447138116167553
6428,2.8543272830553286,2.380783664146651,0.47354361890867747
6429,2.6935682414837245,2.2513027914737336,0.44226545000999096
6430,2.8133107765869063,2.3624797528584067,0.4508310237284996
6431,2.7710873296577314,2.3239876067287346,0.4470997229289968
6432,2.7686793869880555,2.308279127992684,0.4604002589953713
6433,2.888821684535327,2.488889385204573,0.39993229933075414
6434,3.0023539018299665,2.5843367937835686,0.4180171080463979
6435,2.835516860108801,2.3836279900735273,0.4518888700352739
6436,2.814488563437453,2.3576339557063637,0.4568546077310893
6437,2.662257945642557,2.2308312961875503,0.43142664945500675
6438,2.759809585577286,2.324152453579559,0.43565713199772693
6439,3.055279731575982,2.641180693417865,0.4140990381581169
6440,2.729390097332681,2.2929883103840156,0.4364017869486654
6441,2.7418767209054167,2.288864906477755,0.4530118144276618
6442,2.7324898080294573,2.295447549982354,0.43704225804710317
6443,2.931540071198929,2.4936629155010674,0.43787715569786156
6444,2.8596672132434313,2.411360052183583,0.44830716105984836
6445,2.7723884205595426,2.302592088644551,0.4697963319149916
6446,2.680897195279148,2.231466088072054,0.449431107207094
6447,3.02559895099714,2.578552197471246,0.44704675352589396
6448,2.743369838787613,2.296111706753434,0.4472581320341793
6449,2.848085451218039,2.381722127633212,0.46636332358482724
6450,2.8250716322472114,2.3480329237342774,0.47703870851293395
6451,2.7893843321518395,2.3095685897324536,0.47981574241938585
6452,2.842548090922521,2.401677888893174,0.4408702020293469
6453,2.678130671354653,2.1953485153646497,0.4827821559900034
6454,2.8522770943386857,2.425961326816651,0.4263157675220346
6455,2.7662352556848018,2.3307934322087838,0.435441823476018
6456,2.803496746206692,2.378923582687117,0.42457316351957486
6457,2.7699890737795565,2.339321529807731,0.4306675439718255
6458,2.8237736339235986,2.408302844842643,0.4154707890809557
6459,2.7184983763240185,2.233568647311284,0.48492972901273435
6460,2.7343988266501773,2.264313943446682,0.4700848832034952
6461,2.7533039893584053,2.3094185425201195,0.4438854468382858
6462,2.8578395262675627,2.434284350617727,0.42355517564983547
6463,2.7598201843703816,2.308098113539647,0.4517220708307348
6464,2.8790167619322293,2.4361971717088062,0.4428195902234231
6465,2.6486883631321727,2.1687396490718114,0.4799487140603613
6466,2.7222417836532427,2.2639924226900505,0.45824936096319213
6467,2.8997745908459303,2.457522006184481,0.44225258466144934
6468,2.692185411869946,2.2229425628360855,0.4692428490338605
6469,2.8918957171487607,2.442151448845821,0.4497442683029398
6470,2.7228897422550955,2.256357328237303,0.46653241401779244
6471,2.715005871891086,2.2494720496750267,0.46553382221605943
6472,2.749071444176505,2.2892167439392526,0.4598547002372526
6473,2.842370205591803,2.404293640382983,0.4380765652088199
6474,2.6432490339177823,2.1681638889278836,0.47508514498989873
6475,2.7073321457889494,2.274536938768254,0.4327952070206953
6476,2.867802643306925,2.421501418776923,0.44630122453000176
6477,2.781367359122008,2.332053734762917,0.44931362435909117
6478,2.812603833562377,2.340869889694402,0.4717339438679753
6479,2.841200785729965,2.403673956434144,0.437526829295821
6480,2.7382257272605024,2.2808665258018888,0.45735920145861364
6481,2.8147255452765876,2.37862047667151,0.4361050686050776
6482,2.6907141376616552,2.22031636173284,0.47039777592881515
6483,2.7167571634867445,2.253670856569639,0.4630863069171056
6484,2.734613535470038,2.26311180417532,0.47150173129471806
6485,2.7568537828241992,2.295479628367758,0.46137415445644114
6486,2.735874993275311,2.280717361786101,0.4551576314892096
6487,2.8517957764510733,2.444803079290958,0.4069926971601152
6488,2.762582946581356,2.2999094495950403,0.46267349698631577
6489,2.6789150223833444,2.250754603085061,0.4281604192982833
6490,2.7888389827446933,2.38006006630454,0.4087789164401534
6491,2.861438857630643,2.405170733723414,0.45626812390722904
6492,2.8356112266638815,2.3735337200605247,0.4620775066033569
6493,2.8292280405820387,2.4112262648997027,0.418001775682336
6494,2.907552631321031,2.463589752871916,0.44396287844911475
6495,2.8762836274449297,2.4601706094985736,0.41611301794635613
6496,2.771827245584924,2.345415576940638,0.42641166864428603
6497,2.7513189625962515,2.317737057762872,0.43358190483337955
6498,2.779826618979906,2.307369471361479,0.4724571476184267
6499,2.7638474918899276,2.3379874340008175,0.4258600578891101
6500,2.8437551854556524,2.3675664605988653,0.4761887248567871
6501,2.8388626280655553,2.4330607844123935,0.40580184365316185
6502,2.8781138068575065,2.4069703812834646,0.4711434255740419
6503,2.7456957034321716,2.2913067637059497,0.45438893972622196
6504,2.71063781432609,2.2836072175103266,0.4270305968157633
6505,2.8417699066111193,2.4426549693733084,0.3991149372378109
6506,3.0348502393646286,2.655515694171841,0.3793345451927874
6507,2.767290210899903,2.3280651082631874,0.43922510263671555
6508,2.7968916711009317,2.392892860493445,0.40399881060748655
6509,2.716404983579487,2.233479281835084,0.48292570174440286
6510,2.892633036195094,2.42225319214543,0.47037984404966426
6511,2.745412957098298,2.3066611378848427,0.4387518192134552
6512,2.843837312691632,2.4146658320967287,0.4291714805949032
6513,2.7338605707611534,2.282692214479858,0.4511683562812956
6514,2.7400495026153022,2.3136392126044107,0.4264102900108915
6515,2.8397300351764003,2.3956104285139737,0.44411960666242667
6516,2.640390103258915,2.1770136610863586,0.4633764421725566
6517,2.798779155886008,2.366210200849629,0.4325689550363787
6518,2.696424310672584,2.225322122576148,0.4711021880964359
6519,2.606376647817936,2.1440614306839767,0.4623152171339595
6520,2.6988616658489826,2.251240702818824,0.4476209630301584
6521,2.8525462670746538,2.38071416223359,0.47183210484106386
6522,2.7129658794061142,2.248675963838856,0.4642899155672584
6523,2.836927552139919,2.381281358406494,0.4556461937334251
6524,2.6171123905502016,2.1625592985325204,0.45455309201768124
6525,2.802448383051665,2.341055982440545,0.4613924006111203
6526,2.7657130035649207,2.3238015001734977,0.44191150339142293
6527,2.9131678420036855,2.5001936625400036,0.41297417946368187
6528,2.771342647975765,2.326922681900136,0.4444199660756287
6529,2.67508060043559,2.2215961664326738,0.45348443400291627
6530,2.831745449085975,2.378667160402534,0.4530782886834408
6531,2.7467031654176144,2.305278337709019,0.4414248277085955
6532,2.782702118996558,2.3328275084990477,0.4498746104975102
6533,2.6354273234804877,2.173737617419439,0.46168970606104853
6534,2.62674110751981,2.160866953197424,0.4658741543223859
6535,2.7745369859749185,2.314094275448831,0.4604427105260873
6536,2.8069840793769494,2.363048410531296,0.4439356688456533
6537,2.9491625476661394,2.517940940424979,0.4312216072411603
6538,2.796493822565883,2.359544287053532,0.4369495355123507
6539,2.7732192440078274,2.303691908606427,0.46952733540140024
6540,2.8797119941457225,2.4818101001568786,0.3979018939888439
6541,2.917410086387023,2.4731919760147627,0.44421811037226044
6542,3.035607221426404,2.6325471335488393,0.40306008787756475
6543,2.7686022503998906,2.291294562894103,0.47730768750578756
6544,2.757927225113175,2.3095881342424223,0.4483390908707525
6545,2.803089769456514,2.383315334609367,0.41977443484714705
6546,2.9142908625258723,2.4828971703884197,0.4313936921374526
6547,2.7822393005732455,2.315831464134523,0.4664078364387225
6548,2.7946658901313617,2.33943446377629,0.45523142635507163
6549,2.7316682673707393,2.2862025680431195,0.4454656993276198
6550,2.648953176572844,2.1656081096947193,0.48334506687812473
6551,2.6852550974729104,2.235836565033445,0.4494185324394655
6552,2.811343133469839,2.3793457510857428,0.43199738238409635
6553,2.766718361871713,2.3411228523636187,0.4255955095080943
6554,3.01737967796549,2.5811537036525016,0.4362259743129884
6555,2.776950791070581,2.325937865719681,0.4510129253508999
6556,2.824632668498744,2.4049155027900895,0.4197171657086547
6557,2.7827854337388813,2.297249506786234,0.48553592695264713
6558,2.7977178908117546,2.3592097168673978,0.4385081739443568
6559,2.648402085384232,2.1745340432109455,0.4738680421732866
6560,2.6803026783097956,2.240525646187884,0.43977703212191166
6561,2.686999397932647,2.230802498734201,0.4561968991984462
6562,2.7986387501332417,2.350473344651987,0.4481654054812547
6563,2.9257834184984812,2.503683005396294,0.42210041310218704
6564,2.824581025452512,2.378784726965829,0.445796298486683
6565,2.7717400197775994,2.330703898455161,0.4410361213224383
6566,2.67232023854684,2.21108959103419,0.4612306475126502
6567,2.8257875123396654,2.3512567615202755,0.4745307508193899
6568,2.798318388953012,2.300841684062154,0.49747670489085793
6569,2.7575476995920005,2.2879845195267823,0.46956318006521824
6570,2.700134927020709,2.236216920165101,0.4639180068556077
6571,2.7872068729703092,2.336925044123924,0.45028182884638523
6572,2.799915499919168,2.365680570045321,0.43423492987384726
6573,2.842300432697878,2.362412704903488,0.4798877277943898
6574,2.8639001727190427,2.4220777298729335,0.4418224428461093
6575,2.728837790586297,2.2612372181746214,0.4676005724116754
6576,2.8358192687939705,2.4054507160521235,0.43036855274184704
6577,2.670879881790732,2.191568100435947,0.47931178135478536
6578,2.7250178716503415,2.2422217325396474,0.4827961391106941
6579,2.7254259802760674,2.2611268379384137,0.4642991423376537
6580,2.84396916157514,2.4039835419634397,0.43998561961170024
6581,2.83189754964678,2.3797158377927836,0.4521817118539966
6582,2.6932167597497987,2.260428590815182,0.43278816893461647
6583,2.718195433338918,2.2702380059544645,0.44795742738445377
6584,2.8078697282692304,2.349992466917304,0.45787726135192663
6585,2.8353112052596208,2.3820259952969924,0.45328520996262833
6586,2.7945901929488284,2.350956298959451,0.44363389398937736
6587,2.8496482394375073,2.3613553735895247,0.4882928658479826
6588,2.7320778247550437,2.2831092202974532,0.44896860445759046
6589,2.6483865864970713,2.1937225372643536,0.45466404923271764
6590,2.8261774753401285,2.400425356629544,0.4257521187105846
6591,2.7693828690732163,2.2771509269292936,0.49223194214392274
6592,2.9854402181343933,2.497763653171664,0.4876765649627295
6593,2.7960662825614655,2.3249171612799167,0.47114912128154884
6594,2.8373524256576426,2.408147432965792,0.4292049926918504
6595,2.9602379175554403,2.5150683396194093,0.44516957793603096
6596,2.893688125353562,2.493780035689719,0.39990808966384295
6597,2.7482010302528583,2.2610105995541874,0.48719043069867096
6598,2.7413420655434213,2.296441421855586,0.4449006436878351
6599,2.7624330516196363,2.3324018007269403,0.430031250892696
6600,2.7871891316494737,2.3551492704492496,0.4320398612002241
6601,2.79779481980442,2.325436930534067,0.47235788927035305
6602,2.8481257479489352,2.4508469730247673,0.39727877492416797
6603,2.6423717128400273,2.2116294167990005,0.43074229604102676
6604,2.842152545820421,2.3580950608140046,0.4840574850064163
6605,2.7080143170080904,2.2406924339057444,0.467321883102346
6606,3.0986692398266236,2.7070968856209023,0.39157235420572123
6607,2.733281992083506,2.285161879920855,0.448120112162651
6608,2.652771825019564,2.197023078236553,0.45574874678301125
6609,2.611273732861197,2.142921261045712,0.4683524718154848
6610,2.7835339879664294,2.354224173921539,0.42930981404489055
6611,2.804375764581491,2.341736697147204,0.46263906743428684
6612,2.6483394902252555,2.175853627218844,0.4724858630064115
6613,2.7439715171603556,2.2949388960826176,0.449032621077738
6614,2.8871370889824948,2.447145448628815,0.4399916403536799
6615,2.6881645955818922,2.218086752267305,0.47007784331458735
6616,2.838946672510081,2.3771705812880906,0.46177609122199037
6617,2.9083292477123877,2.5050228003183306,0.4033064473940571
6618,2.7453774988098476,2.3059305080279864,0.4394469907818612
6619,2.805730317025849,2.3426458378440973,0.4630844791817519
6620,2.7496940267173255,2.2971904569626953,0.45250356975463024
6621,2.686214343164329,2.2137612235863675,0.47245311957796154
6622,2.7716067022797883,2.3195123334937655,0.4520943687860228
6623,2.6287865687049616,2.1678429715829974,0.4609435971219642
6624,2.771623803566787,2.3108158779993473,0.46080792556743955
6625,2.806804502798267,2.3475188965932428,0.45928560620502434
6626,2.8830034494675676,2.4579244696990563,0.4250789797685113
6627,2.781114236881477,2.3154464364834086,0.46566780039806854
6628,2.699811953843097,2.220248238631662,0.4795637152114347
6629,2.632643125560124,2.182181757723868,0.4504613678362559
6630,2.742659948561498,2.3135302574481216,0.4291296911133764
6631,2.709156875132703,2.237598506227911,0.47155836890479197
6632,2.7381886776726554,2.3015647928408374,0.436623884831818
6633,2.7702877160174575,2.311580836396096,0.45870687962136136
6634,2.7688889662776974,2.3477164473014396,0.42117251897625785
6635,2.662150127114516,2.207222930222133,0.4549271968923829
6636,2.8964855188085186,2.4347940050621255,0.46169151374639306
6637,2.8547281278242957,2.427953618568433,0.4267745092558628
6638,2.764397968565722,2.267217682878643,0.49718028568707906
6639,2.6522975843875543,2.174323686091011,0.47797389829654335
6640,2.718300336593001,2.2576699983198205,0.4606303382731807
6641,2.8799298435617504,2.446481649528621,0.4334481940331294
6642,2.7225277629719087,2.288184609652621,0.43434315331928763
6643,2.6775296142664007,2.225492630065734,0.45203698420066685
6644,2.949581438695656,2.469128028190896,0.4804534105047602
6645,2.685747592893499,2.222420110694541,0.4633274821989577
6646,2.711821494672051,2.2723720635563023,0.43944943111574863
6647,2.9371693061330673,2.4932025158877984,0.44396679024526886
6648,2.7719095424973275,2.3204572806895993,0.45145226180772813
6649,2.8473765529163217,2.3671090291507713,0.4802675237655505
6650,2.7776320845526747,2.3455507575763077,0.43208132697636703
6651,2.6397138048887934,2.181259849103458,0.4584539557853353
6652,2.659835208841936,2.2231531724063567,0.43668203643557923
6653,2.843307970072596,2.4245092917654523,0.41879867830714357
6654,2.698707897871503,2.243159174997652,0.4555487228738513
6655,2.8108648946303583,2.3557961713525537,0.45506872327780457
6656,2.625698810999725,2.183335432458581,0.44236337854114405
6657,2.6634543256384604,2.2252858499383783,0.4381684757000821
6658,2.6550022574281775,2.1899183278609953,0.46508392956718225
6659,2.8791126106387828,2.428387100024442,0.45072551061434085
6660,2.829612318442213,2.384321949846518,0.44529036859569526
6661,2.803072058544655,2.361978921612283,0.44109313693237207
6662,2.7114054172086344,2.2384878714204155,0.4729175457882189
6663,2.671874161842991,2.2105050182711627,0.4613691435718281
6664,2.7256190695137814,2.271840750995639,0.4537783185181423
6665,2.7206219295086407,2.249158444630589,0.4714634848780519
6666,2.80836151659615,2.3269292116617546,0.48143230493439537
6667,2.9558797202016467,2.5425402141741524,0.41333950602749425
6668,2.7623849941342082,2.312927048498764,0.4494579456354444
6669,2.748937182008786,2.2682711803071327,0.4806660017016533
6670,2.7046905438700453,2.2769390448667104,0.42775149900333487
6671,2.8590106506970328,2.446590313945341,0.4124203367516919
6672,2.8376235415916864,2.3750169009635376,0.4626066406281488
6673,2.6714871050882993,2.209660511645617,0.4618265934426824
6674,2.747738454011198,2.307085652549453,0.440652801461745
6675,2.6705260029522213,2.2008685567429604,0.46965744620926086
6676,2.861114696798905,2.4659684838434845,0.3951462129554204
6677,2.7530002544135432,2.322262563328575,0.43073769108496807
6678,2.6384842679813025,2.2002850653033503,0.4381992026779522
6679,2.998074041837348,2.6025806628891233,0.3954933789482249
6680,2.8383723889776453,2.375455970403492,0.46291641857415344
6681,2.6543562410912482,2.181331812259781,0.47302442883146734
6682,2.8326787990643223,2.346372527595031,0.4863062714692914
6683,2.6715652708828506,2.231756786258456,0.4398084846243946
6684,2.9088346202814197,2.4741002992104058,0.43473432107101395
6685,2.72114141691928,2.275391964662503,0.44574945225677665
6686,3.0093754777863717,2.621699340254195,0.38767613753217667
6687,2.970001046697441,2.5634445215648594,0.40655652513258156
6688,2.6505342236136222,2.1719190419257424,0.47861518168787986
6689,2.8077891288176637,2.3825387606606556,0.4252503681570081
6690,2.7134525071885705,2.2344982326712817,0.4789542745172888
6691,2.833867045077056,2.356670599616997,0.4771964454600588
6692,2.76688247715223,2.337230898109369,0.429651579042861
6693,2.637916457296899,2.1626539157881037,0.47526254150879543
6694,2.812239262063881,2.3757293369246253,0.4365099251392559
6695,2.7766147668688843,2.3273131589128213,0.449301607956063
6696,2.771205113790107,2.3426152145413317,0.4285898992487751
6697,2.8060335792908733,2.3184189513832347,0.48761462790763854
6698,2.7152245620113082,2.239374385916899,0.47585017609440916
6699,2.8838965884069956,2.417123999925057,0.4667725884819385
6700,2.788332777920504,2.3388961808333093,0.44943659708719474
6701,2.7638882231775543,2.2877806291032234,0.4761075940743309
6702,2.7503743259841595,2.296702595724029,0.4536717302601305
6703,2.717422480194862,2.2499704504346916,0.46745202976017053
6704,2.8173910148964936,2.3387916783306566,0.478599336565837
6705,2.69825012037971,2.2529055052754035,0.44534461510430656
6706,2.744977878926785,2.304300828932853,0.4406770499939321
6707,2.660769807552106,2.207773081647662,0.45299672590444384
6708,2.818570989788025,2.3515771997869113,0.46699379000111385
6709,2.7470126676911515,2.275434145447428,0.47157852224372343
6710,2.7086764649681823,2.246982072391416,0.46169439257676625
6711,2.771883906761082,2.311089323876866,0.46079458288421593
6712,2.824614617813028,2.3883412450040384,0.43627337280898937
6713,2.9359705602729678,2.560374585473997,0.37559597479897056
6714,2.8259102926809527,2.35349052112029,0.47241977156066284
6715,2.7624473723366867,2.3005739943691363,0.46187337796755035
6716,2.849725782857078,2.370790964882881,0.478934817974197
6717,2.695880733221268,2.2372681723566914,0.4586125608645766
6718,2.8357917657813005,2.373423192607786,0.46236857317351454
6719,2.7689665606274287,2.355527590625205,0.4134389700022236
6720,2.847838120123821,2.3726722603895305,0.4751658597342905
6721,2.9075919850692498,2.5069603900735133,0.4006315949957364
6722,2.682661473979877,2.2117758076389356,0.47088566634094153
6723,2.8403113561391766,2.3675056328350474,0.4728057233041292
6724,2.8078696622280175,2.3701537994583712,0.43771586276964625
6725,2.699171011042016,2.2407678272496123,0.45840318379240363
6726,2.750300733904844,2.297610355216121,0.4526903786887231
6727,2.84261251917744,2.367071139952723,0.4755413792247172
6728,2.8757511678990713,2.4119323460480944,0.4638188218509769
6729,2.682359671758127,2.2345527239009844,0.4478069478571425
6730,2.7113896031754963,2.2554676976855688,0.4559219054899275
6731,2.7505214446632538,2.333405814231543,0.41711563043171074
6732,2.901651179229128,2.4821870294699306,0.41946414975919755
6733,2.9255489953195233,2.5181890763172974,0.4073599190022259
6734,2.6256958238063475,2.172906667399454,0.4527891564068933
6735,2.948094165540946,2.4749331581978753,0.47316100734307076
6736,2.7451717647352334,2.277861216445424,0.46731054828980945
6737,2.812514402596804,2.383631689860765,0.4288827127360393
6738,2.8241940484047245,2.391298740008851,0.43289530839587353
6739,2.609317927901009,2.160248575705605,0.44906935219540367
6740,2.703067335734825,2.244319648086937,0.4587476876478882
6741,2.839000377811055,2.3585991082079807,0.48040126960307417
6742,2.899571727058481,2.4785210296181406,0.4210506974403403
6743,2.6811318336433287,2.2351407388392595,0.4459910948040693
6744,2.801406260264309,2.3552400735622308,0.4461661867020781
6745,2.9788314671333147,2.5545170013086858,0.42431446582462895
6746,2.8903467942632584,2.446295122977184,0.44405167128607426
6747,2.8265165902129934,2.388197417082843,0.43831917313015056
6748,2.8137944401711925,2.344944816486015,0.46884962368517735
6749,2.7329191639724724,2.281401061702717,0.4515181022697554
6750,2.7787880717858857,2.3155285659956686,0.46325950579021713
6751,2.69046521389843,2.2290218583068904,0.4614433555915398
6752,2.7468677395087755,2.2849127622685033,0.46195497724027224
6753,2.844113229186068,2.3539447333877304,0.49016849579833766
6754,2.70752166784558,2.2567679977184167,0.4507536701271633
6755,2.6944869685300086,2.2331436635299644,0.46134330500004417
6756,2.8617005036656953,2.427858043040072,0.43384246062562326
6757,2.7862527644861155,2.36222864208455,0.4240241224015655
6758,2.8360866435397942,2.413274592506847,0.42281205103294717
6759,2.8765006225614336,2.4465241234911606,0.429976499070273
6760,2.772373257481042,2.3231686284820334,0.44920462899900837
6761,2.7707050505599433,2.3196836628849677,0.45102138767497557
6762,2.962736432510437,2.5123332974848385,0.45040313502559837
6763,2.6869841549891063,2.252551058768724,0.4344330962203822
6764,2.830929054754356,2.352105763531235,0.47882329122312095
6765,2.7608447341534306,2.308494120800779,0.45235061335265137
6766,2.8170461910192746,2.35347644101113,0.4635697500081446
6767,2.9110907001295496,2.4572221105119674,0.45386858961758225
6768,2.6925457955606187,2.2195999745299737,0.472945821030645
6769,2.6670100776020753,2.2006716484659816,0.4663384291360937
6770,2.6971447091161824,2.2681902430396086,0.42895446607657384
6771,2.7118093451571204,2.2426819155516253,0.469127429605495
6772,2.648192645935468,2.1810915031924636,0.4671011427430045
6773,2.778828030831609,2.336453414531923,0.442374616299686
6774,2.8522183909376495,2.3744554386244854,0.4777629523131641
6775,2.8072268680314156,2.3699880095283445,0.4372388585030711
6776,2.8334105050294607,2.4016518738151387,0.431758631214322
6777,2.7371676226916537,2.258486019847819,0.47868160284383476
6778,2.714637375986656,2.25552472530562,0.45911265068103635
6779,2.754827315779709,2.291357818167618,0.463469497612091
6780,2.708496529080191,2.2512371456271474,0.4572593834530436
6781,2.7987571641489377,2.324896277506503,0.47386088664243475
6782,2.795165111943855,2.3282872174133225,0.4668778945305325
6783,2.72867946043307,2.2792532684454248,0.4494261919876452
6784,2.6499761469761576,2.192237337214432,0.45773880976172565
6785,2.80578014245672,2.356452979055258,0.44932716340146195
6786,2.741418257733644,2.3101329178071697,0.43128533992647444
6787,2.658480374718687,2.224652620853012,0.4338277538656752
6788,2.877913447597181,2.410682151928477,0.46723129566870414
6789,2.655134250772348,2.2058353169880265,0.4492989337843216
6790,2.7458750933275233,2.3073379378475036,0.4385371554800197
6791,2.7358569909718873,2.2959419705587623,0.439915020413125
6792,2.872980964905319,2.42414675561367,0.44883420929164863
6793,2.8968336900489575,2.449659618928284,0.4471740711206733
6794,2.7181065234844755,2.253358997176163,0.4647475263083125
6795,2.764918038921818,2.289119077058195,0.47579896186362314
6796,2.7196119886417294,2.2545938312596028,0.4650181573821266
6797,3.0067380461373308,2.5681319266746474,0.43860611946268335
6798,2.768218437292888,2.3461501599665295,0.42206827732635865
6799,2.781697697483357,2.3324462492284765,0.4492514482548806
6800,2.6894192303498166,2.2235086785169407,0.4659105518328759
6801,2.7890917826263815,2.331897143447066,0.4571946391793156
6802,2.8055402229082604,2.3553354746949076,0.4502047482133529
6803,2.81402631160438,2.352338409333961,0.4616879022704192
6804,2.8647277545235297,2.4201980129825773,0.4445297415409524
6805,2.699416573658752,2.228459371426598,0.470957202232154
6806,2.670486787671929,2.199069780840349,0.47141700683157994
6807,2.6427752165934035,2.169615026121145,0.47316019047225844
6808,2.7201012787510366,2.267425049574462,0.45267622917657446
6809,2.6590380757301046,2.1889161915537767,0.47012188417632794
6810,2.718492988612448,2.2646190542579987,0.4538739343544491
6811,2.801571806296306,2.336856102427949,0.46471570386835737
6812,2.75251174172722,2.315610294538752,0.4369014471884678
6813,2.7591847284941386,2.2816720315085006,0.47751269698563803
6814,2.8039895186307944,2.377655130739455,0.42633438789133926
6815,2.7986552072159783,2.3330540854958244,0.4656011217201539
6816,2.9454443220572997,2.5214489272722918,0.4239953947850079
6817,2.6845828547911283,2.2506479764289415,0.4339348783621868
6818,2.6666581002051863,2.2193002654838763,0.4473578347213101
6819,2.8457617476440737,2.390365826326391,0.4553959213176828
6820,2.7517176706397213,2.2943136963662205,0.45740397427350077
6821,2.7208057627307465,2.258206537279859,0.4625992254508873
6822,2.8431547976601683,2.4319980995101838,0.41115669814998457
6823,2.619362712267668,2.150175021132123,0.46918769113554504
6824,2.9579391627359377,2.558224521185955,0.3997146415499828
6825,2.9602030903094687,2.537766334018464,0.42243675629100474
6826,2.773160416523993,2.3285470552441807,0.4446133612798122
6827,2.6591868379615065,2.1987239327046706,0.46046290525683586
6828,2.648348551828712,2.1672216665846404,0.48112688524407154
6829,2.835550929171217,2.413369292205776,0.422181636965441
6830,2.7066490263758127,2.2374841164201524,0.4691649099556603
6831,2.8038201761508263,2.3496337485078382,0.4541864276429881
6832,2.9525380149410996,2.5217850031280875,0.43075301181301207
6833,2.6869858879025736,2.2275091189456027,0.459476768956971
6834,2.706044088117766,2.2411632791580605,0.4648808089597054
6835,2.7170403220518047,2.2261445538674356,0.4908957681843691
6836,2.704343221094404,2.23768030025359,0.46666292084081373
6837,2.880448978176532,2.4701171676910554,0.41033181048547673
6838,2.7897241018886487,2.363761376352368,0.42596272553628056
6839,2.7088168116559896,2.2404257384680264,0.46839107318796325
6840,2.78129148860272,2.3321014001488676,0.44919008845385244
6841,2.831310739798011,2.3801774006316996,0.4511333391663115
6842,2.695742997019189,2.222630119084492,0.4731128779346969
6843,2.687858688065938,2.2461258150871775,0.4417328729787604
6844,2.8032269096465874,2.3383580769114842,0.46486883273510315
6845,2.6560537125911563,2.1875583112943695,0.4684954012967868
6846,2.796489429370126,2.3294276190254948,0.4670618103446311
6847,2.7609903383034533,2.298932805433922,0.46205753286953133
6848,2.8874804217935406,2.4500736944921973,0.43740672730134333
6849,2.716620463013989,2.2715250667267477,0.4450953962872415
6850,2.974596130350582,2.548486880846479,0.426109249504103
6851,2.935805809183638,2.503790403898073,0.4320154052855649
6852,2.611052345600221,2.141984294797385,0.46906805080283576
6853,2.7613190833222094,2.2994838708283183,0.46183521249389115
6854,2.8336689691027876,2.3813198557591284,0.45234911334365924
6855,2.9321765558471102,2.5135767622770593,0.41859979357005095
6856,2.6386890124549818,2.1849685131068526,0.4537204993481292
6857,2.689609338154071,2.236689854740634,0.4529194834134369
6858,2.746760920744324,2.278619704877617,0.4681412158667069
6859,2.7849548372037893,2.3535451749232728,0.4314096622805166
6860,2.707837595058151,2.233505129756716,0.4743324653014347
6861,2.767131251465169,2.306345447951504,0.46078580351366494
6862,2.6684223938383167,2.2098983792544127,0.458524014583904
6863,2.7775336469611758,2.3240839988942366,0.4534496480669392
6864,2.7687393167545697,2.3284033115652827,0.44033600518928706
6865,2.8616314605157998,2.398625597638237,0.4630058628775626
6866,2.6364281783536425,2.1892892719239594,0.4471389064296831
6867,2.665985693077471,2.2139818732792023,0.45200381979826876
6868,2.8970762789016113,2.4422254597624637,0.4548508191391476
6869,2.671793975493983,2.1835808418392086,0.48821313365477437
6870,2.628728977967516,2.1890813923437515,0.4396475856237645
6871,2.7649357706961504,2.277721062702086,0.4872147079940645
6872,2.6938260335705757,2.2530349155815212,0.44079111798905446
6873,2.716012125655176,2.2638939315576168,0.4521181940975594
6874,2.7269175025907444,2.2756743555914136,0.45124314699933077
6875,2.6696064302270437,2.2182256111090672,0.45138081911797645
6876,2.6766587965009863,2.2314013440178795,0.4452574524831068
6877,2.735963098566056,2.277997999314615,0.457965099251441
6878,2.6699250192771844,2.1898273550023073,0.4800976642748771
6879,2.659730886456404,2.187463802741484,0.4722670837149199
6880,2.663722526422293,2.226569359612784,0.4371531668095088
6881,2.9880236428320894,2.5513575616146773,0.4366660812174121
6882,2.7197811191216053,2.2400132628478953,0.47976785627371
6883,2.6861163027151456,2.2225498067925433,0.46356649592260224
6884,2.8365935747974076,2.353348649695296,0.4832449251021118
6885,2.652827945136388,2.2039966853827972,0.44883125975359084
6886,2.7344068837561433,2.246505899677789,0.48790098407835414
6887,2.6282228420190914,2.178888473859405,0.4493343681596862
6888,3.030433227679019,2.6565259420997487,0.37390728557927044
6889,2.6630098792099846,2.197537569784325,0.4654723094256594
6890,2.6997056527330403,2.2347345875938545,0.46497106513918585
6891,2.92965838029229,2.4922190545122005,0.4374393257800895
6892,2.977095903224118,2.54297516576122,0.4341207374628979
6893,2.803484119138599,2.3389921200920307,0.46449199904656835
6894,2.7696367517246574,2.295829359419088,0.47380739230556923
6895,2.7322120835563797,2.278101566745478,0.45411051681090164
6896,2.734686240396376,2.2746061810482052,0.46008005934817087
6897,2.749787117094925,2.3206954068515997,0.42909171024332515
6898,2.856704172822,2.4186027881504937,0.4381013846715063
6899,2.7064215395249454,2.264642679967525,0.44177885955742013
6900,2.8933196267555745,2.4389843213233178,0.45433530543225675
6901,2.887233584830143,2.519752973234886,0.36748061159525713
6902,2.8096945758798335,2.385949527445989,0.4237450484338443
6903,2.7136288093906766,2.262647146269466,0.45098166312121046
6904,2.824121520780865,2.353509492720981,0.4706120280598838
6905,2.7836525549284032,2.3465022699416798,0.4371502849867235
6906,2.803800735992736,2.350004194637594,0.45379654135514214
6907,2.64834253857946,2.1862210338857877,0.4621215046936724
6908,2.6895765085704517,2.263748200870585,0.42582830769986657
6909,2.773847219672791,2.3391981565591453,0.4346490631136457
6910,2.6996140493090905,2.24588895667746,0.45372509263163074
6911,2.726590300526445,2.2614380393752773,0.4651522611511676
6912,2.906247599352893,2.4808015394155825,0.42544605993731066
6913,2.6605020402660027,2.2019153738144306,0.4585866664515721
6914,2.6774860964239764,2.2322492803238543,0.4452368161001221
6915,2.7318828212081385,2.2647634579248543,0.4671193632832842
6916,2.8264935486449128,2.3652162747271883,0.46127727391772444
6917,2.6966040527175656,2.2511620295284627,0.445442023189103
6918,2.647446965184892,2.195204999835572,0.45224196534931993
6919,2.90356667225543,2.457595907392942,0.445970764862488
6920,2.861047151289821,2.3798858399842384,0.4811613113055824
6921,2.741945289617142,2.29242637862762,0.4495189109895219
6922,2.717590732531652,2.280220501672182,0.43737023085947024
6923,2.9520295428795396,2.49113851191035,0.4608910309691896
6924,2.8622720595747504,2.397952700971396,0.46431935860335427
6925,2.7156043155931378,2.288943794652042,0.42666052094109563
6926,2.751838595449123,2.315191023734155,0.43664757171496804
6927,2.896801704655687,2.4256542165591317,0.4711474880965554
6928,2.8670628408813426,2.4470411185381558,0.4200217223431868
6929,2.737242712051636,2.275141238681078,0.46210147337055796
6930,2.5979903255175003,2.141365537622045,0.45662478789545524
6931,3.022718260718284,2.6105700461722847,0.41214821454599937
6932,2.8080551867799626,2.3594354456217874,0.44861974115817516
6933,2.707192890137415,2.284058738993991,0.4231341511434241
6934,2.7853290241751565,2.3422804936056028,0.44304853056955373
6935,2.735260131953484,2.2532001671815918,0.48205996477189217
6936,2.7339493297681643,2.2867733732358686,0.4471759565322957
6937,2.7354831763692773,2.2603658977744603,0.475117278594817
6938,2.6439994954243913,2.1832218470630873,0.46077764836130397
6939,2.785498448559619,2.320911461378027,0.46458698718159175
6940,2.7680101557896992,2.3143395652695347,0.45367059052016456
6941,2.6310956721108627,2.1551230851093797,0.47597258700148304
6942,2.6584342839615664,2.183641509906524,0.4747927740550426
6943,2.849791691818554,2.4274146796078773,0.4223770122106769
6944,2.850019893385065,2.4329981775854255,0.41702171579963965
6945,2.740660904675364,2.265869257880751,0.47479164679461316
6946,2.7862770395711887,2.325261183303478,0.4610158562677107
6947,2.8276190001046935,2.4208891255350893,0.4067298745696042
6948,2.6277053548954012,2.1820561009036874,0.44564925399171385
6949,2.7863900181589876,2.343561853290017,0.4428281648689705
6950,2.9013065634535358,2.4811024234681804,0.42020413998535533
6951,2.768113654450426,2.3045937519675355,0.46351990248289043
6952,2.7599168222400268,2.3241642700269174,0.4357525522131094
6953,2.87895126390624,2.4592621080488994,0.41968915585734035
6954,2.8683796931344947,2.4324716966923927,0.435907996442102
6955,2.8165426107508753,2.3908600325636007,0.4256825781872746
6956,2.69871565587665,2.259662286807409,0.43905336906924086
6957,2.897028005711478,2.415386098011104,0.4816419077003742
6958,2.654546197804402,2.2100086361343205,0.4445375616700815
6959,2.7061670216569946,2.2249808701165708,0.4811861515404239
6960,2.7144889732977076,2.280571752166956,0.4339172211307516
6961,2.6942126763412606,2.2138460156797,0.48036666066156064
6962,2.818486775577194,2.378308777809188,0.44017799776800626
6963,2.6693710468848426,2.201839826839786,0.46753122004505654
6964,2.6219232883551182,2.1469506181422857,0.4749726702128325
6965,2.801239518610648,2.3870605964644716,0.41417892214617646
6966,2.817548199479866,2.407821169040766,0.40972703043909986
6967,2.719148340290095,2.2529621788165235,0.4661861614735714
6968,2.6704819631860484,2.2138030755401323,0.456678887645916
6969,2.7424061201512524,2.2757288859747873,0.4666772341764651
6970,2.897648954563749,2.4146889812892893,0.48295997327445983
6971,2.7045787366885747,2.247246990194175,0.45733174649439956
6972,2.7062486208017265,2.2220910125236024,0.48415760827812404
6973,2.9505034504151526,2.581634853966282,0.3688685964488707
6974,2.6757205624989324,2.2343286839202845,0.4413918785786479
6975,2.6435028219917287,2.174251485030044,0.46925133696168464
6976,2.709713413103626,2.2391289123317146,0.47058450077191116
6977,2.751172008025659,2.2994130120121135,0.45175899601354574
6978,2.965036528178839,2.532423387078915,0.4326131410999241
6979,2.63300151043253,2.1847591303418783,0.44824238009065187
6980,2.7863322467685956,2.3650829162026326,0.42124933056596303
6981,2.7888292775781496,2.353555252503707,0.4352740250744427
6982,2.7787593839434623,2.289682963147867,0.48907642079559555
6983,2.7538129567410263,2.285387387822507,0.4684255689185193
6984,2.802293163941099,2.343390401337963,0.4589027626031359
6985,3.0791157181076265,2.686168613906227,0.39294710420139944
6986,2.7696651697178636,2.334541088586136,0.4351240811317276
6987,2.895552208282287,2.500487458153028,0.3950647501292588
6988,2.760466405469016,2.297831940536295,0.46263446493272076
6989,2.6612131241348576,2.188408681382819,0.4728044427520386
6990,3.0404619688621874,2.625442211350979,0.41501975751120845
6991,2.796206275200251,2.328398311286119,0.4678079639141317
6992,2.782713897088949,2.3153031671797377,0.4674107299092114
6993,2.9412003402444777,2.5429403947294467,0.3982599455150311
6994,2.710957985816999,2.2538109388696252,0.45714704694737396
6995,2.6774067059417264,2.2098402375408783,0.46756646840084803
6996,2.932824458794693,2.467195135365632,0.46562932342906116
6997,2.9168607841259284,2.505575881399776,0.41128490272615226
6998,2.659163467859801,2.199096018847428,0.46006744901237306
6999,2.8351562693358825,2.400977320317947,0.4341789490179355
7000,2.9295348819881997,2.497082291278463,0.43245259070973674
7001,2.872201388111368,2.384117758723316,0.48808362938805194
7002,2.8584491397142537,2.402443581521367,0.4560055581928868
7003,2.8440346051916827,2.406658831350189,0.43737577384149384
7004,2.7802314655537734,2.3427320259663094,0.43749943958746407
7005,2.820722028505744,2.364096578010677,0.45662545049506686
7006,2.7663281358973006,2.299929233023788,0.4663989028735127
7007,2.897295671690427,2.4292452058655023,0.4680504658249247
7008,2.807528538955602,2.348170636412049,0.459357902543553
7009,2.925181503433531,2.434238573156436,0.4909429302770949
7010,2.750977561255487,2.336173034657289,0.4148045265981981
7011,2.838695093600127,2.3992015726352602,0.43949352096486693
7012,2.763566784075445,2.309972519914525,0.4535942641609201
7013,2.876633974419627,2.4606759023754092,0.415958072044218
7014,2.898389199820424,2.442616169112511,0.4557730307079133
7015,2.8175450117416947,2.3732941569499104,0.4442508547917843
7016,2.785012058964297,2.3344821949291084,0.4505298640351887
7017,2.7590078429730944,2.301438762631274,0.45756908034182064
7018,2.7580083141073897,2.3189009949709964,0.4391073191363932
7019,2.8092674779279223,2.3607263966428746,0.44854108128504766
7020,2.8092133056276993,2.3534131523613766,0.4558001532663227
7021,2.704131169362951,2.2504760374038586,0.45365513195909246
7022,2.7509746237265302,2.3191040669402634,0.43187055678626685
7023,2.910162793580864,2.5005482913799812,0.4096145022008826
7024,2.775560296144407,2.3371188111396455,0.4384414850047613
7025,2.8031377858750495,2.359960780453814,0.4431770054212354
7026,2.808550670793249,2.403421171891649,0.40512949890159966
7027,2.805664676571484,2.4026127567076334,0.40305191986385047
7028,2.7842538923877447,2.3428815071469744,0.44137238524077027
7029,2.9064166470003694,2.4729765543411473,0.4334400926592221
7030,2.7901602269619614,2.3412091831217214,0.44895104384024
7031,2.682808778503741,2.2294478308922745,0.4533609476114666
7032,2.6716557735691673,2.22681605250737,0.44483972106179737
7033,2.701094843565242,2.250852393016694,0.45024245054854806
7034,2.8002678922336064,2.3571449843391172,0.44312290789448916
7035,2.7363282215824767,2.26136984104501,0.47495838053746686
7036,2.746088919869168,2.275554126340938,0.47053479352823
7037,2.71373646838512,2.250409819225088,0.46332664916003186
7038,2.7139038878255186,2.257854919284431,0.4560489685410878
7039,2.7479823204446556,2.3302437115687376,0.41773860887591807
7040,3.025471956754051,2.6486695429281895,0.37680241382586166
7041,2.8724174607066058,2.4609681288709773,0.4114493318356285
7042,2.9441474596580415,2.56104094438197,0.3831065152760713
7043,2.7745621320695255,2.3351878650545315,0.43937426701499405
7044,2.711166892214233,2.261109395777504,0.4500574964367292
7045,2.657921074722148,2.1928707060518624,0.4650503686702856
7046,2.802613624180789,2.3399572598873903,0.4626563642933985
7047,2.8933839130943375,2.470491160027733,0.4228927530666047
7048,2.896295800206715,2.426833163683973,0.4694626365227421
7049,2.756006747930452,2.2727362909813875,0.48327045694906445
7050,2.7967388279613647,2.353173854630402,0.4435649733309628
7051,2.9809600628985256,2.576090651303369,0.40486941159515677
7052,2.868779903738311,2.3993379141586715,0.46944198957963934
7053,2.752046862684531,2.326830526745143,0.4252163359393881
7054,2.6720102204873806,2.2165970713922882,0.45541314909509234
7055,2.857552923518032,2.4360526651493744,0.42150025836865757
7056,2.801644627455081,2.3485827347917683,0.45306189266331254
7057,2.9186511567799944,2.4784163107419075,0.44023484603808694
7058,2.8389845343573437,2.4175325417394613,0.42145199261788235
7059,3.0336517341895157,2.5920156369601934,0.4416360972293223
7060,2.871476843270046,2.4193963865478607,0.45208045672218544
7061,2.6865211432864697,2.234914834860774,0.4516063084256956
7062,2.7433249432340254,2.2914880158068063,0.45183692742721915
7063,2.844246038966244,2.4087790559201654,0.43546698304607867
7064,2.7965156738841754,2.329853519724869,0.46666215415930656
7065,2.8484250917977074,2.398402797075157,0.4500222947225505
7066,2.6891544502936178,2.2342179596774305,0.45493649061618724
7067,2.6526623371920848,2.192674537988627,0.45998779920345756
7068,2.8298159527154634,2.3722521090379978,0.4575638436774656
7069,2.9387720083690585,2.4828266144041415,0.45594539396491696
7070,2.8090234434227472,2.311439280739707,0.4975841626830402
7071,2.816456232967779,2.340765516519717,0.47569071644806193
7072,2.760862332333158,2.298175419364828,0.46268691296833
7073,2.8187503080762815,2.376478939755813,0.44227136832046865
7074,2.7661818076416878,2.2690971076278754,0.49708470001381233
7075,2.7141218912347362,2.2513277662562503,0.46279412497848593
7076,2.8176686730246323,2.371668404489391,0.44600026853524133
7077,2.7265985977766123,2.2740485028306145,0.45255009494599774
7078,2.6963903832380494,2.241540269739001,0.45485011349904836
7079,2.8044147488686177,2.3628003786102427,0.441614370258375
7080,2.708444255898009,2.2858729799532256,0.4225712759447835
7081,2.9386018018942983,2.466666608175169,0.4719351937191294
7082,2.7576233545134814,2.309886021426477,0.44773733308700425
7083,2.766103838058329,2.3119730817097555,0.4541307563485737
7084,2.9416731149373128,2.5120763841190223,0.4295967308182904
7085,2.838312825509174,2.3772867770482233,0.46102604846095074
7086,2.765991565811966,2.2740711277171313,0.49192043809483454
7087,2.906384316593205,2.4765122719732395,0.42987204461996553
7088,2.7054447753079143,2.2770697369643136,0.4283750383436007
7089,2.7053786378236255,2.229973530081237,0.47540510774238864
7090,2.8920688288449736,2.4439593797261403,0.4481094491188333
7091,2.8668077375870573,2.4506361657740454,0.4161715718130119
7092,2.848043153529297,2.3903036163635076,0.4577395371657893
7093,2.695751148859435,2.244164278526703,0.4515868703327319
7094,2.6851397386275417,2.2161041930814993,0.46903554554604243
7095,2.7505450280530694,2.3014743314675403,0.4490706965855291
7096,2.8729883494286446,2.440910129724339,0.4320782197043056
7097,2.7854524041154236,2.311769590658942,0.47368281345648144
7098,2.6467915104170165,2.1765133804295123,0.4702781299875043
7099,2.927945533659328,2.4979685294449108,0.4299770042144173
7100,2.799140745942186,2.3705029102524837,0.4286378356897025
7101,2.788190460222602,2.3338291929869017,0.45436126723570025
7102,2.7588911578517235,2.335183725770527,0.42370743208119643
7103,2.7527762444184694,2.3115870585788056,0.4411891858396637
7104,2.7343232599884213,2.2948767221678588,0.43944653782056253
7105,2.69294787885965,2.2145315581773977,0.4784163206822525
7106,2.854777354861353,2.3875295451030376,0.4672478097583155
7107,2.7007446731380007,2.2478750796778235,0.4528695934601772
7108,2.7028496331636984,2.2537094014930257,0.44914023167067274
7109,3.0233300067349917,2.5933414878181353,0.4299885189168564
7110,2.7080866678609548,2.25297777794101,0.4551088899199449
7111,2.729910697432258,2.3014790523030584,0.4284316451291996
7112,2.711138325614867,2.276160455684983,0.4349778699298841
7113,2.8110338151185403,2.356905578577278,0.45412823654126244
7114,2.7327500747376807,2.3145465891119716,0.4182034856257091
7115,2.7713995316407942,2.3408288998315636,0.4305706318092306
7116,2.8205364094902765,2.429807293976285,0.3907291155139916
7117,2.7224990919532597,2.2517915034583798,0.4707075884948799
7118,2.8278505231997357,2.4154965948556604,0.41235392834407536
7119,2.8548916828936908,2.4056712278050663,0.4492204550886245
7120,2.8161765003414168,2.348289399057858,0.4678871012835586
7121,2.725788194267622,2.2811324115320155,0.4446557827356066
7122,2.85354363304319,2.435291720046677,0.4182519129965132
7123,2.7558600282686236,2.3265476267545226,0.429312401514101
7124,2.712365547289384,2.2354102403821616,0.47695530690722254
7125,2.6943578327128934,2.2492210356377074,0.44513679707518605
7126,2.743671434968143,2.3127485331927238,0.43092290177541903
7127,2.8848437893839707,2.4181771123664166,0.46666667701755404
7128,2.7251204442682315,2.2691475184974754,0.4559729257707561
7129,2.7281593682049885,2.278639110705795,0.44952025749919367
7130,2.754385676962786,2.272582704233978,0.4818029727288078
7131,2.8131599631540873,2.3533075577000235,0.4598524054540638
7132,2.699218757087071,2.2359203947971378,0.46329836228993315
7133,2.736815027339121,2.286017041201592,0.4507979861375291
7134,2.757626934300434,2.3320181392362143,0.4256087950642198
7135,2.8858253693658056,2.4551721548946244,0.4306532144711812
7136,2.750077410439748,2.3224388627641743,0.42763854767557374
7137,2.8009293996904883,2.3949283996471395,0.4060010000433487
7138,2.748873012484814,2.306854111412645,0.44201890107216935
7139,2.8483160728976324,2.395625154987188,0.4526909179104446
7140,2.675221404453293,2.223168737808323,0.45205266664497
7141,2.6854773020804,2.2530280789485446,0.4324492231318553
7142,2.7407261934116156,2.3212592978936506,0.419466895517965
7143,2.6515518172420776,2.1945430317949937,0.4570087854470839
7144,2.7920312339144133,2.390677826348378,0.40135340756603544
7145,2.8019656318618336,2.3555381864069274,0.4464274454549062
7146,2.8473607424317056,2.391010221518733,0.45635052091297235
7147,2.8312231524307054,2.388971749903188,0.44225140252751727
7148,2.7105300729824005,2.2625835574437274,0.44794651553867304
7149,2.808787946823958,2.3337113411611314,0.4750766056628266
7150,2.7011895627485254,2.2315643251122603,0.46962523763626507
7151,2.880986521578097,2.425439227339248,0.455547294238849
7152,2.741560808627955,2.290920347509272,0.45064046111868317
7153,2.682211033360206,2.239206404403097,0.4430046289571088
7154,2.8037050176026654,2.391411000667241,0.41229401693542433
7155,2.724831449625007,2.278342342339281,0.4464891072857262
7156,2.8818691362442075,2.4675791886145073,0.4142899476297002
7157,2.9520059062409723,2.551550360235787,0.40045554600518507
7158,2.709992835012151,2.232895452441418,0.477097382570733
7159,2.7280035825686944,2.280243093839829,0.44776048872886554
7160,2.651717381733912,2.1877609530214026,0.4639564287125095
7161,2.8930068982476973,2.448586902764728,0.4444199954829693
7162,2.743821660183738,2.275236174013488,0.46858548617024987
7163,2.8031292784763226,2.326467413601364,0.47666186487495876
7164,2.808790187243687,2.3443563430674876,0.46443384417619926
7165,2.953204932622914,2.506497315464274,0.44670761715864016
7166,2.770198666921838,2.319254760789853,0.4509439061319851
7167,2.857256157194194,2.384441466049983,0.47281469114421126
7168,2.6666628088732907,2.210620079380692,0.45604272949259883
7169,2.8057934329700336,2.3411543188314172,0.46463911413861636
7170,2.9269580019847496,2.4913520750776335,0.4356059269071162
7171,2.819166152571833,2.37479485110028,0.4443713014715529
7172,2.7512770286473747,2.315018031589723,0.4362589970576516
7173,2.8208337180684566,2.3698410767365745,0.4509926413318821
7174,2.657176590693923,2.2073141420546194,0.44986244863930347
7175,2.9744725766077895,2.6016431306252352,0.3728294459825543
7176,2.7309985556686036,2.3106539805786923,0.4203445750899113
7177,2.7584055853111007,2.305678778946241,0.4527268063648595
7178,2.813780942624999,2.404942879994355,0.40883806263064404
7179,2.6992218926224285,2.2298690085148367,0.4693528841075918
7180,2.8072745337567233,2.324008302818025,0.48326623093869836
7181,2.9533393187784704,2.5082330477138934,0.445106271064577
7182,2.6904476103824804,2.2266436566830263,0.46380395369945404
7183,2.6640760749107706,2.2092554287579835,0.45482064615278706
7184,2.7153190781695584,2.2684206570369887,0.4468984211325697
7185,2.8074713968641323,2.3344041865877467,0.47306721027638554
7186,2.6135346656354352,2.1551790961698933,0.4583555694655419
7187,2.693285184025095,2.240329257392812,0.4529559266322831
7188,2.713740258368857,2.254078983099828,0.459661275269029
7189,2.7925803597001635,2.3396115178565533,0.4529688418436102
7190,2.7998556892291644,2.2997484288415073,0.5001072603876571
7191,2.7612149601286995,2.3180712212468517,0.44314373888184777
7192,2.737703806488068,2.265950568912392,0.4717532375756761
7193,2.746308896993103,2.284280042220446,0.46202885477265676
7194,2.7096581499194388,2.2353420710627874,0.4743160788566514
7195,2.8193589360301354,2.378414752374641,0.44094418365549437
7196,2.6648388323951626,2.205125508988744,0.4597133234064188
7197,2.896692401722739,2.4704209243586726,0.42627147736406634
7198,2.774970563412579,2.29218641569999,0.48278414771258893
7199,2.819341613669492,2.3757837659498704,0.4435578477196218
7200,2.7349951086244277,2.2521683152550156,0.48282679336941214
7201,3.0349970000891378,2.6832186913415246,0.3517783087476132
7202,2.8900095516594537,2.4217916570745173,0.46821789458493646
7203,2.6057496416095014,2.145965863962125,0.45978377764737655
7204,2.6666758164486124,2.20426018374584,0.4624156327027724
7205,2.7858345327066263,2.3549134340724134,0.4309210986342129
7206,2.814802723072514,2.3256191154408308,0.48918360763168334
7207,2.661347154330961,2.2010946211141857,0.4602525332167753
7208,2.7196213879495095,2.25926869970912,0.46035268824038944
7209,2.631713309014459,2.1732418030915372,0.45847150592292163
7210,2.6871648095256875,2.2311686337074232,0.45599617581826424
7211,2.6186056424456474,2.176071183920942,0.4425344585247055
7212,2.7196998564945645,2.265261139385756,0.45443871710880845
7213,2.750306470714102,2.3047126210675053,0.44559384964659676
7214,2.663298529034017,2.2007177491609826,0.4625807798730346
7215,2.6557870893587787,2.2031754827383976,0.45261160662038114
7216,2.7820266512790237,2.36111967022844,0.4209069810505839
7217,2.8223834012598137,2.4259304347043362,0.39645296655547746
7218,2.9159661991835866,2.4590264809251163,0.45693971825847024
7219,2.713179325200425,2.2347645181380402,0.4784148070623848
7220,2.714276785173457,2.25162613207413,0.4626506530993266
7221,2.8027775710380984,2.3664860969346364,0.43629147410346203
7222,2.779230206098702,2.339509677383499,0.43972052871520306
7223,2.8854334321905197,2.448267667074859,0.43716576511566085
7224,2.871836463071499,2.4626205710291353,0.40921589204236364
7225,2.8029126161827738,2.3495938694379648,0.453318746744809
7226,2.6396610569875874,2.205491520256879,0.43416953673070857
7227,2.801791677287356,2.336251545107304,0.4655401321800521
7228,2.723011166226239,2.2540262621831366,0.46898490404310245
7229,2.8750015128282302,2.4110232177586495,0.46397829506958077
7230,2.855641578700561,2.4069247821914272,0.4487167965091339
7231,2.7322320620977383,2.270432828081443,0.4617992340162953
7232,2.6845852650637587,2.242651929845876,0.4419333352178829
7233,2.9031342822133066,2.4468876229713343,0.4562466592419723
7234,2.9546795224287656,2.5162006711777187,0.4384788512510469
7235,2.8616327902727496,2.403668126961246,0.45796466331150354
7236,2.78005104379801,2.3300199781076816,0.45003106569032836
7237,2.8829429094501138,2.48808081186901,0.3948620975811039
7238,2.851660261496037,2.4224343884394948,0.42922587305654236
7239,2.946207635668934,2.477765967394602,0.4684416682743322
7240,2.790005878382159,2.3606937015379366,0.4293121768442223
7241,2.676176229145124,2.2199587148339037,0.4562175143112204
7242,2.7079869636977016,2.266854057104281,0.44113290659342086
7243,2.6330895464072617,2.166175730398813,0.4669138160084487
7244,2.7519130426238054,2.3293590176332275,0.4225540249905779
7245,2.7267679831399096,2.2642299506014782,0.4625380325384314
7246,2.7037571627684467,2.2759559809656897,0.42780118180275695
7247,2.9554335987104636,2.5964722706311534,0.35896132807931025
7248,2.7994449633648846,2.33297608907024,0.46646887429464456
7249,2.7895541833013136,2.348565493682778,0.44098868961853555
7250,2.785251687112012,2.315033478792499,0.4702182083195128
7251,2.637004014572669,2.1738571764339523,0.4631468381387167
7252,2.6792705760882476,2.2289143536077884,0.45035622248045915
7253,2.8452186738033935,2.360991835432231,0.48422683837116276
7254,2.765822866730872,2.3224696669473333,0.4433531997835387
7255,2.800794616954859,2.345567586358325,0.455227030596534
7256,2.7430267956943593,2.279822320045937,0.46320447564842215
7257,2.744585484230998,2.2666751246638532,0.47791035956714456
7258,2.8099509133974427,2.3809418809825775,0.4290090324148652
7259,2.9263626979527486,2.48759269210993,0.43877000584281856
7260,2.886972002508404,2.3988280874064416,0.4881439151019622
7261,2.739670941598392,2.2752226609847015,0.4644482806136905
7262,2.796386518981577,2.3809978000185343,0.4153887189630425
7263,2.66389885634608,2.1938519407968653,0.47004691554921463
7264,2.723530751791767,2.266082550449421,0.45744820134234576
7265,2.7066569284151125,2.270249959726776,0.4364069686883365
7266,2.643927935685647,2.2010895714976093,0.44283836418803757
7267,2.888552786941781,2.473079905492545,0.41547288144923566
7268,2.9186066036828007,2.546825910325539,0.3717806933572616
7269,2.6724310587007323,2.2455140784755314,0.42691698022520086
7270,2.6508827890817375,2.2046556047032118,0.4462271843785257
7271,2.7512579229639766,2.314260133073928,0.4369977898900488
7272,2.87984970270547,2.4213728907987617,0.4584768119067082
7273,2.8523045689629867,2.3764066304763176,0.47589793848666906
7274,2.807841615108323,2.3790435829715526,0.4287980321367706
7275,2.817708282843018,2.366857605707048,0.45085067713596993
7276,2.730371669207809,2.2792618804318954,0.4511097887759137
7277,3.010480696117556,2.5811649028198076,0.42931579329774827
7278,2.842534461333427,2.3865381839355058,0.45599627739792137
7279,2.8755258843238005,2.4119609428679967,0.46356494145580385
7280,2.7542810298227614,2.3108603934595147,0.4434206363632467
7281,2.615781270906769,2.15450332039885,0.461277950507919
7282,2.7649564597644973,2.2841032975446645,0.4808531622198329
7283,2.9304202417058924,2.5162808045275127,0.41413943717837975
7284,2.734784144219556,2.2702714246008777,0.46451271961867846
7285,2.7580417965754056,2.274167476192811,0.4838743203825948
7286,2.7898115281528693,2.3306548104571903,0.459156717695679
7287,2.918671510989676,2.514485469794632,0.404186041195044
7288,2.7590619933217666,2.2765836078461095,0.48247838547565713
7289,2.7781369062207038,2.3163968183909036,0.46174008782980014
7290,2.6600864325847433,2.2058725313481635,0.4542139012365798
7291,2.900217583305403,2.470493182308579,0.42972440099682396
7292,2.7724719665532502,2.3230081572461994,0.4494638093070509
7293,2.7312888050048545,2.2819254635212762,0.44936334148357826
7294,2.67898055898948,2.2171603877653268,0.4618201712241534
7295,2.8414497663318437,2.4210047921051845,0.42044497422665916
7296,2.891002417676406,2.4501671068012514,0.4408353108751548
7297,2.706921441949162,2.2428297913881474,0.46409165056101465
7298,2.7011496258588883,2.2474958598840855,0.4536537659748028
7299,2.8172040843584,2.368164832973749,0.4490392513846513
7300,2.7354418927470285,2.311246887008032,0.4241950057389965
7301,2.7409881968700303,2.3012528200420714,0.4397353768279588
7302,2.6708246828839854,2.2124591493643955,0.45836553351959
7303,2.917804836658332,2.483237801355319,0.4345670353030129
7304,2.734481275755815,2.254961245990632,0.4795200297651827
7305,2.930121799113195,2.498170584145895,0.4319512149672997
7306,2.7083522460486487,2.2374503589430392,0.47090188710560943
7307,2.828814872190746,2.370367219657826,0.45844765253291975
7308,2.7718987262292685,2.347886748911511,0.4240119773177575
7309,2.8228860025371185,2.405533572894726,0.4173524296423925
7310,2.764928286294073,2.3317552005335886,0.4331730857604845
7311,2.67884940888931,2.2263094856512136,0.45253992323809644
7312,2.661405627552287,2.2099411393679778,0.45146448818430907
7313,2.9628557978349366,2.5424684478541515,0.4203873499807851
7314,2.770022172699532,2.303819366714495,0.46620280598503694
7315,2.662814004168535,2.1919480477783733,0.4708659563901616
7316,2.7249503771606487,2.275975138042386,0.44897523911826287
7317,2.70379258444638,2.251764801881056,0.4520277825653243
7318,2.794530720127337,2.3707332298731183,0.42379749025421853
7319,2.866589698526748,2.440828482042001,0.42576121648474663
7320,2.6914560637017995,2.2313525994677392,0.46010346423406023
7321,2.8761635729101616,2.4450957979861814,0.4310677749239802
7322,2.712580341995108,2.2939179019257505,0.41866244006935727
7323,2.825951280236828,2.367241668349237,0.45870961188759063
7324,2.847228062305882,2.422741210456827,0.4244868518490552
7325,2.6849336925376317,2.219724650559834,0.4652090419777979
7326,2.7448003391255305,2.2967345485954573,0.4480657905300731
7327,2.760185782776883,2.2952539826972944,0.4649318000795888
7328,3.010256040335453,2.5718171628291966,0.4384388775062562
7329,2.637238765367454,2.186358717016559,0.450880048350895
7330,2.769181953988462,2.3293878873210203,0.4397940666674418
7331,2.839086555088211,2.3883224786825963,0.45076407640561467
7332,2.7145241242807963,2.248969875274079,0.46555424900671705
7333,2.713852523940274,2.2606442146930794,0.4532083092471946
7334,2.8333033897797346,2.366090756728366,0.4672126330513686
7335,2.882281639783623,2.474489802532993,0.40779183725062973
7336,2.9152572309463856,2.5030564845561107,0.4122007463902748
7337,2.8334473682030477,2.3978367413751522,0.4356106268278954
7338,2.7384086562661665,2.3066675482539347,0.43174110801223176
7339,2.889976503310414,2.4242255155011203,0.4657509878092938
7340,2.868525727807745,2.451759710665078,0.41676601714266726
7341,2.6623917367677596,2.2283120864366217,0.43407965033113793
7342,2.8106315514871287,2.4208996846604576,0.38973186682667116
7343,2.6862751135700385,2.2583827336768167,0.4278923798932217
7344,2.838563772766543,2.3932282263797813,0.44533554638676165
7345,2.6746703380548955,2.2106131121571524,0.4640572258977431
7346,2.706432831300509,2.2771312764779124,0.42930155482259647
7347,2.795348485056605,2.313546443086045,0.48180204197056
7348,2.81570119951405,2.3637946416425613,0.4519065578714887
7349,2.9594219888299214,2.5632462152984954,0.39617577353142597
7350,2.873126334710771,2.4504012596226565,0.42272507508811463
7351,2.905281197046303,2.4564390146003197,0.4488421824459832
7352,2.7912460715576914,2.354735986876619,0.43651008468107255
7353,2.8858779084029496,2.4710415388181395,0.41483636958481007
7354,2.7434179016538494,2.2958894246717207,0.4475284769821286
7355,2.8182114106138756,2.4011500344081944,0.4170613762056812
7356,2.7016377060968297,2.2307779649273147,0.470859741169515
7357,2.737220877811378,2.263254777289836,0.4739661005215421
7358,2.7424262519206595,2.292391456094361,0.4500347958262987
7359,2.8213256403603233,2.3602038760306594,0.4611217643296639
7360,2.761420755775297,2.278979424084854,0.48244133169044323
7361,2.7992009670631397,2.3587866869051997,0.44041428015794004
7362,2.75167020400627,2.2989561049240157,0.45271409908225424
7363,2.816464916412914,2.3653968651803643,0.45106805123254956
7364,2.9525968758494234,2.5065844135876287,0.4460124622617947
7365,2.714097108489619,2.2808916273589612,0.4332054811306576
7366,2.6741044449522486,2.237719632394638,0.43638481255761086
7367,2.8782716480683974,2.439610391293069,0.4386612567753283
7368,2.9318083533269514,2.5287935453465984,0.40301480798035305
7369,2.938422030196331,2.4774848637838525,0.4609371664124784
7370,2.656056459294985,2.200063455224594,0.455993004070391
7371,2.741146564660963,2.2771746101388275,0.46397195452213547
7372,2.8799175598390963,2.475255285165917,0.4046622746731794
7373,2.707387186633504,2.2360305592954735,0.4713566273380305
7374,2.757606995426281,2.3136225758341293,0.4439844195921516
7375,2.840167180377616,2.384595995890656,0.4555711844869599
7376,2.6939304969567446,2.2552058609735903,0.43872463598315425
7377,2.7830753253850693,2.3672807794827664,0.4157945459023029
7378,2.8138550254880528,2.362631157572872,0.45122386791518077
7379,2.788779254652687,2.3294160220237883,0.45936323262889855
7380,2.8425756048520845,2.3716402388883044,0.47093536596378005
7381,2.6688690737869285,2.2020705936802125,0.466798480106716
7382,2.9615621120053466,2.589493100869885,0.37206901113546165
7383,2.7365458096571116,2.27603391381218,0.46051189584493146
7384,2.7897754286031122,2.3852634681202227,0.4045119604828895
7385,2.7598404403583507,2.260154092586816,0.49968634777153476
7386,2.816831724560669,2.3605670143604804,0.45626471020018844
7387,2.768039107088496,2.286633688749459,0.48140541833903727
7388,2.8107435790064472,2.364006704299856,0.4467368747065912
7389,2.7304298576638897,2.302147434488474,0.42828242317541587
7390,2.658020100519167,2.1828297595090334,0.47519034101013347
7391,2.8571508381247486,2.421398273609868,0.43575256451488054
7392,2.667843199531891,2.1976886789556396,0.4701545205762514
7393,2.7612109930664346,2.317663973703657,0.44354701936277774
7394,2.641514087544215,2.1764821163062997,0.4650319712379152
7395,2.752254898085047,2.292901019814489,0.4593538782705582
7396,2.7308300412928688,2.3064661714108863,0.4243638698819825
7397,2.8641873671341767,2.4442006516198753,0.41998671551430133
7398,2.776905012881069,2.3256691736369945,0.4512358392440743
7399,2.7477002463170566,2.303436105513857,0.44426414080319976
7400,2.9219212039794753,2.430529128164754,0.49139207581472144
7401,2.692557416473534,2.2459483163065306,0.4466091001670036
7402,2.7448574962266235,2.299772470260909,0.44508502596571464
7403,2.789531065260394,2.3496673755724364,0.43986368968795775
7404,2.726140381935923,2.2703538408431507,0.45578654109277217
7405,2.7383489670410412,2.2858149887869192,0.452533978254122
7406,2.7709985069554475,2.3730710467757343,0.39792746017971314
7407,2.920732437024025,2.4255578850300035,0.4951745519940216
7408,2.6373876381093355,2.172308793696367,0.46507884441296854
7409,2.775962125295545,2.319854212384316,0.45610791291122865
7410,2.6299486356867194,2.1794359927525657,0.4505126429341537
7411,2.767481227254325,2.2976707786800574,0.4698104485742678
7412,2.80205674565479,2.342688564474025,0.4593681811807646
7413,2.7537918562294545,2.3026037114716873,0.45118814475776725
7414,2.7415030470421073,2.2808870173457465,0.46061602969636084
7415,2.7974661994927423,2.3354303192972523,0.46203588019549
7416,2.8954027925682957,2.4343927625813797,0.461010029986916
7417,2.7885495827054387,2.3561491217364634,0.43240046096897533
7418,2.76704314029532,2.292726994108175,0.474316146187145
7419,2.8048106989104498,2.375631724488238,0.42917897442221165
7420,2.8153705622291834,2.3700099441482743,0.4453606180809091
7421,2.714240368838296,2.2761676347609856,0.4380727340773105
7422,2.8574407064445477,2.429206628183285,0.4282340782612626
7423,2.8535628110491458,2.4087695637187108,0.444793247330435
7424,2.8498264199768535,2.3564806222889563,0.4933457976878972
7425,2.6771582837999057,2.2089404484026502,0.4682178353972555
7426,2.7673928681903552,2.3229649289649736,0.4444279392253816
7427,2.6745804215222813,2.2213390825107955,0.4532413390114858
7428,2.8216559671237333,2.3800844348027757,0.4415715323209577
7429,2.8297781534913335,2.4121800668724322,0.4175980866189013
7430,2.7254822461973083,2.2580110697979037,0.4674711763994046
7431,2.7557693820078275,2.281532663132167,0.47423671887566066
7432,2.7369002573226755,2.269235456038198,0.4676648012844775
7433,2.7542552438518966,2.337099760376576,0.4171554834753204
7434,2.603831109503257,2.153657576466117,0.45017353303714014
7435,3.0116484993877,2.5791963942513867,0.4324521051363135
7436,2.7360150559041605,2.2797586510104977,0.4562564048936628
7437,2.757241706255803,2.3089449680191154,0.44829673823668736
7438,2.843050816815212,2.4317067446073297,0.4113440722078825
7439,2.6864689100953947,2.242937541382892,0.44353136871250287
7440,2.7477000789952855,2.281771157388112,0.4659289216071736
7441,2.717341651494355,2.2474694046087547,0.4698722468856005
7442,2.666260051045347,2.2016062676791797,0.46465378336616725
7443,2.6588062243479182,2.1994575197509163,0.45934870459700194
7444,2.8244802721017,2.374656711472466,0.449823560629234
7445,2.6119727986456795,2.1504828731783605,0.46148992546731904
7446,2.6532325740847233,2.206430871562532,0.4468017025221913
7447,2.966048920434936,2.51952386062304,0.44652505981189616
7448,2.801869578050837,2.371879347751835,0.42999023029900174
7449,2.7753563007208832,2.2983471377137086,0.47700916300717466
7450,2.642020610819467,2.1841059537580696,0.45791465706139745
7451,2.775835063089975,2.3355923300497916,0.44024273304018324
7452,2.7403155464639593,2.290833538445389,0.4494820080185704
7453,2.895193257729328,2.4103681652017652,0.4848250925275628
7454,2.7297064397119053,2.2972660736833546,0.43244036602855074
7455,2.780639318673645,2.346934790388083,0.43370452828556205
7456,3.013806285462958,2.601040668635405,0.41276561682755286
7457,2.693746499247176,2.2240121334126224,0.46973436583455364
7458,2.753048294109921,2.2856649157198445,0.4673833783900765
7459,2.9238036406554295,2.4987046940349433,0.4250989466204862
7460,2.7583810825961184,2.3158537656009255,0.4425273169951929
7461,2.6295495310458885,2.1608651681178648,0.46868436292802373
7462,2.9323211451884514,2.5596138028463082,0.3727073423421432
7463,2.833088100864394,2.3631841774387645,0.4699039234256297
7464,2.7451537934654695,2.2633557207159516,0.4817980727495179
7465,2.647531387228722,2.212594292912066,0.43493709431665595
7466,2.738771608524018,2.279466625439918,0.4593049830841003
7467,2.7171860633835943,2.2745432073753467,0.4426428560082476
7468,2.8476989636589245,2.422176957435554,0.42552200622337066
7469,2.7354044481285493,2.294941051913748,0.44046339621480124
7470,2.698946552376306,2.2535336961811625,0.44541285619514337
7471,2.7075431669756265,2.2614322025079154,0.44611096446771104
7472,2.8223408332434015,2.36082053203093,0.46152030121247156
7473,2.790348036503642,2.357555154827665,0.4327928816759772
7474,2.7291559482890118,2.2824617078357146,0.4466942404532972
7475,2.6830087599328185,2.2169963874324914,0.4660123725003271
7476,2.768394334993515,2.3356076988983987,0.43278663609511625
7477,2.8338061976611715,2.4083537372016304,0.4254524604595411
7478,2.9476350786715773,2.5447970641386393,0.402838014532938
7479,2.696658375567697,2.2571788794134178,0.4394794961542794
7480,2.794779884718771,2.33324919519925,0.4615306895195208
7481,2.7878450963084656,2.366770324488185,0.4210747718202805
7482,2.6218751583160915,2.1647385952690223,0.4571365630470692
7483,2.8797058751117595,2.4818896513058593,0.3978162238059002
7484,2.6953827929682443,2.2574985318545178,0.4378842611137266
7485,2.8454511416408406,2.4347189754102634,0.4107321662305772
7486,2.7878814170181583,2.335460632527907,0.45242078449025147
7487,2.73062859159486,2.248769650408114,0.4818589411867462
7488,2.9229030191600827,2.531992002998962,0.39091101616112045
7489,2.881678835931127,2.4020937156215556,0.47958512030957134
7490,2.6757088747157898,2.2318434910856553,0.4438653836301345
7491,2.8402953398090247,2.3824110708916617,0.457884268917363
7492,2.7440717854604935,2.3105999479093486,0.4334718375511448
7493,2.790768444808181,2.3272785750420093,0.46348986976617157
7494,2.706671380780224,2.24599727909825,0.460674101681974
7495,2.745868955894239,2.297144626825945,0.4487243290682943
7496,2.7088454759402687,2.2735675605781696,0.43527791536209914
7497,3.0579314699560385,2.629333220293414,0.4285982496626244
7498,2.6580349763350894,2.1825225138306723,0.47551246250441714
7499,2.622097409683368,2.1474502331447605,0.47464717653860733
7500,2.697427843037563,2.2590611807967824,0.4383666622407807
7501,2.666829006970663,2.230220179058645,0.43660882791201816
7502,2.7089436573392587,2.2260221831009837,0.48292147423827503
7503,2.827110833057084,2.4246364035207932,0.40247442953629076
7504,2.7548735017988215,2.2726900161728785,0.48218348562594304
7505,2.777312296659942,2.315539758559378,0.46177253810056396
7506,2.8797728575376316,2.4080399035594744,0.4717329539781572
7507,2.7976991534362843,2.328408317991477,0.4692908354448071
7508,2.713962793980261,2.2690682181670567,0.44489457581320435
7509,2.8265608759491854,2.3935115852361823,0.433049290713003
7510,2.677106427393238,2.2006253697573706,0.47648105763586734
7511,2.780455807301691,2.3468511685227234,0.4336046387789678
7512,2.672458522628814,2.205180638370808,0.46727788425800565
7513,2.802154827663858,2.3403246061686636,0.4618302214951946
7514,2.755066228597581,2.303506949720243,0.45155927887733815
7515,2.680894443658354,2.2547749069555323,0.42611953670282166
7516,2.6688597685062816,2.210352752084214,0.4585070164220677
7517,2.590411173432265,2.121866912873767,0.46854426055849796
7518,2.973733448447336,2.489450729899938,0.4842827185473979
7519,2.6591565149971337,2.19802005256748,0.4611364624296539
7520,2.74273013639711,2.2886518286173563,0.45407830777975366
7521,2.828517657818617,2.3711158117714928,0.4574018460471243
7522,2.7629928574355422,2.281067100947373,0.4819257564881694
7523,2.7345565566681915,2.2444189478911283,0.49013760877706325
7524,2.861364930396445,2.3969935806087754,0.46437134978766936
7525,2.9949377739252685,2.576549301484198,0.41838847244107047
7526,2.8433393572000982,2.37744563165272,0.46589372554737807
7527,2.8199552662419234,2.388975725688143,0.4309795405537802
7528,2.7443847530949568,2.301562107195262,0.44282264589969467
7529,2.811030152667151,2.3828426738205652,0.4281874788465858
7530,2.703694856707248,2.2635158964055875,0.44017896030166037
7531,2.745147464091601,2.2846275619215777,0.46051990217002325
7532,2.804223079511461,2.4021714742313,0.4020516052801608
7533,2.74678490770656,2.2976731837804905,0.4491117239260696
7534,2.687452594636728,2.226186874758489,0.46126571987823883
7535,2.6893348436038185,2.2345877193113908,0.4547471242924277
7536,2.6827371647743483,2.2167184463258054,0.4660187184485429
7537,2.7492054473390906,2.287187806005842,0.46201764133324863
7538,2.8156355528759964,2.3939645123651143,0.4216710405108821
7539,2.858412361337118,2.388410319901239,0.47000204143587876
7540,2.7140003536313846,2.276157983762676,0.4378423698687084
7541,2.7370467140000234,2.2697431893076785,0.46730352469234493
7542,2.772112482707165,2.3688411763779915,0.4032713063291733
7543,3.023429046017968,2.5672222850920257,0.45620676092594215
7544,2.6452513191030884,2.1728030480756138,0.47244827102747466
7545,2.753810762639973,2.304606413402167,0.44920434923780617
7546,2.752547937326809,2.287530701794127,0.4650172355326818
7547,2.8401442267631816,2.414557396774875,0.42558682998830655
7548,2.958708477562341,2.578188213500546,0.38052026406179484
7549,2.641211807662746,2.1901270281016973,0.45108477956104887
7550,2.609315058963254,2.143432624943691,0.4658824340195631
7551,2.718966646720583,2.2692755123888393,0.44969113433174357
7552,2.686986057807445,2.240244367956412,0.446741689851033
7553,2.807487591656171,2.376491656591426,0.430995935064745
7554,2.854811994782861,2.404949599962981,0.44986239481988033
7555,2.804496144487623,2.3359655433731508,0.4685306011144723
7556,2.818948959489879,2.394922157959394,0.4240268015304851
7557,2.8578308785008852,2.3708513405446316,0.4869795379562536
7558,2.6605034841298902,2.2126393424694504,0.44786414166043986
7559,2.798352953089678,2.3438309452850223,0.45452200780465546
7560,2.8401883549086953,2.4181206964921262,0.422067658416569
7561,2.945189471939029,2.491644376340811,0.4535450955982179
7562,2.8181433755602203,2.345998821794182,0.4721445537660385
7563,2.8689363734069833,2.39521733178982,0.47371904161716305
7564,2.60657080874669,2.156724547610516,0.449846261136174
7565,2.74741078866593,2.333307757517118,0.41410303114881186
7566,2.7614404641198997,2.2875668151708397,0.47387364894906003
7567,2.7676038214675764,2.3174309027338014,0.4501729187337751
7568,2.763231352993004,2.3119600309818593,0.4512713220111446
7569,2.8571117417839726,2.3706371304548974,0.4864746113290752
7570,2.7549751913353306,2.3220009060639955,0.4329742852713352
7571,2.7944996102256794,2.3597434808514195,0.4347561293742599
7572,2.6439364666457537,2.183643947906664,0.46029251873908983
7573,2.7213376331601364,2.263835771415625,0.45750186174451146
7574,2.8377024228921726,2.3923263398256456,0.445376083066527
7575,2.82412139268424,2.3929766314724974,0.4311447612117427
7576,3.0577650211656153,2.6452849612372806,0.4124800599283347
7577,2.942031013888577,2.504307236453276,0.4377237774353011
7578,2.71377361402766,2.2637317887674997,0.45004182526016034
7579,2.809723845168158,2.331067430433404,0.47865641473475407
7580,2.6943790843304036,2.2182687253942266,0.47611035893617704
7581,2.968074481605704,2.5987167824461177,0.36935769915958616
7582,2.686151999216183,2.237227888350575,0.4489241108656077
7583,2.779860877960441,2.3556409229191315,0.4242199550413095
7584,2.8440055707068757,2.4228021929073256,0.4212033777995501
7585,2.8237657019219937,2.3367162589263777,0.48704944299561603
7586,2.9405815838563747,2.5099475739388644,0.43063400991751033
7587,2.686444761754244,2.261268151305407,0.4251766104488368
7588,2.8166827995235724,2.345175911356261,0.47150688816731146
7589,2.7213494638415465,2.291167852571342,0.4301816112702044
7590,2.742105484438116,2.2890938401614096,0.45301164427670626
7591,2.656130802322097,2.1964443524073736,0.4596864499147233
7592,2.7488929523706958,2.33080602699074,0.41808692537995595
7593,2.8278605596023616,2.356140148035107,0.4717204115672544
7594,2.814069709416518,2.3870351199387843,0.42703458947773365
7595,2.8396412503503647,2.4004934403896447,0.43914780996072
7596,2.759847096306638,2.3197117909729217,0.44013530533371625
7597,2.615946413159271,2.151235434401263,0.4647109787580077
7598,2.706048841250163,2.256316886180645,0.449731955069518
7599,2.779989683514331,2.329245237500064,0.4507444460142671
7600,2.7725882159712523,2.312157955064239,0.46043026090701344
7601,2.9582785673825733,2.5489692889476987,0.40930927843487463
7602,2.7512866101485574,2.284938862370508,0.46634774777804955
7603,2.841385031189887,2.4070706054202153,0.4343144257696716
7604,2.7824247826328135,2.3362170649463905,0.446207717686423
7605,2.766036206083641,2.3113359260473527,0.45470028003628826
7606,2.91372822626774,2.488611483860903,0.42511674240683694
7607,2.8862739731159586,2.4331625976051363,0.45311137551082226
7608,2.848115122004773,2.421543538484392,0.42657158352038094
7609,2.7017140212999715,2.239197873507738,0.4625161477922335
7610,2.5987233249639456,2.137889282204032,0.4608340427599136
7611,2.68019174090878,2.2267663477034727,0.45342539320530717
7612,2.5971250916860646,2.142257431202905,0.45486766048315985
7613,2.8096983872858208,2.34737193071981,0.4623264565660108
7614,2.711377674269265,2.239559022198684,0.47181865207058094
7615,2.7451403271301134,2.308676870861545,0.43646345626856853
7616,2.8757425132266787,2.414288887587186,0.46145362563949277
7617,2.7107230754255776,2.272669430085591,0.43805364533998636
7618,2.79371493731019,2.3368281177888637,0.45688681952132626
7619,2.780720430521727,2.315529805137884,0.4651906253838427
7620,2.642197740255189,2.180779637204831,0.46141810305035813
7621,2.7687704945453016,2.2980449865151407,0.4707255080301609
7622,2.7460073468669197,2.2988760493025513,0.4471312975643684
7623,2.82748832709876,2.4057075843786855,0.4217807427200744
7624,2.7555410055896816,2.3030523234788354,0.45248868211084625
7625,2.7872615202755195,2.3447851041581185,0.4424764161174011
7626,2.8006175471623616,2.353341058887688,0.4472764882746736
7627,2.639197336167194,2.1886174240407117,0.4505799121264822
7628,3.040673977283371,2.6762560488426024,0.3644179284407687
7629,3.0477100269408446,2.6148019796388016,0.432908047302043
7630,2.8922902308146377,2.4127097826095327,0.4795804482051049
7631,2.64716349121896,2.1897561721519945,0.45740731906696563
7632,2.7451626340107933,2.2876358878218337,0.4575267461889596
7633,2.7440409305775373,2.2790300977722002,0.46501083280533706
7634,2.7295179219493466,2.296817159468407,0.4327007624809398
7635,2.6991180282034937,2.2284424023873033,0.4706756258161904
7636,2.699095103125212,2.2348329410400205,0.46426216208519167
7637,2.8354312231817005,2.3947532691061477,0.44067795407555277
7638,2.799277720724512,2.3411820582467526,0.45809566247775946
7639,2.7485207287819957,2.313190053456895,0.4353306753251007
7640,2.80911774848283,2.3497275686385684,0.45939017984426167
7641,2.8401486129910944,2.4173408247418924,0.42280778824920207
7642,2.6576210054445046,2.183088830168538,0.4745321752759666
7643,2.852644644860135,2.458494412697861,0.39415023216227363
7644,2.7060308847237837,2.2673590898216878,0.43867179490209596
7645,2.8086033359168203,2.3348693601125166,0.47373397580430376
7646,2.762207320745172,2.299462939860546,0.4627443808846259
7647,2.7246312873917735,2.2471773344768815,0.477453952914892
7648,2.8646436057549445,2.421504287527225,0.4431393182277197
7649,2.763185933515537,2.277962866686987,0.48522306682854977
7650,2.7365905394597547,2.2908068002655524,0.44578373919420233
7651,2.850674859088634,2.398150170252371,0.45252468883626307
7652,2.7224439730213295,2.2584215087930373,0.4640224642282922
7653,2.7479420007325936,2.300940525494063,0.4470014752385305
7654,2.6632513015314117,2.199652574786921,0.46359872674449054
7655,2.8163494560277695,2.3788761527801388,0.4374733032476308
7656,2.647758124652411,2.1995196882772348,0.44823843637517635
7657,2.9133778676931845,2.448992647147835,0.4643852205453496
7658,2.7734476857996437,2.3466471068336903,0.42680057896595347
7659,3.0770674349087166,2.643428465254949,0.4336389696537677
7660,2.763927745439111,2.315967136973011,0.4479606084661003
7661,2.67017290769822,2.196754771835858,0.4734181358623619
7662,2.7757170433154177,2.3127407139725453,0.46297632934287236
7663,2.8470822208664877,2.3723300388794573,0.4747521819870304
7664,2.888474255128367,2.446973439401332,0.4415008157270348
7665,2.676698830955632,2.2135353575897976,0.4631634733658343
7666,2.8034350345747345,2.4059028307968804,0.39753220377785414
7667,2.9064482292411338,2.449580044816326,0.4568681844248079
7668,2.6695637958928056,2.230430144626696,0.4391336512661095
7669,2.760570148623794,2.3079217620391064,0.45264838658468776
7670,2.7094263466930073,2.2243212780040036,0.4851050686890037
7671,2.7000403357835676,2.2476864619075356,0.452353873876032
7672,2.752835986612073,2.3229979035792714,0.4298380830328017
7673,2.8403996290645024,2.3624338284452984,0.477965800619204
7674,2.663577025622036,2.190153115995738,0.4734239096262982
7675,2.841974727192959,2.3822817103700102,0.45969301682294894
7676,2.938265547513333,2.4486207668861373,0.4896447806271955
7677,2.6669625331410747,2.231168873868215,0.43579365927285973
7678,2.7597016387583944,2.2878774066887946,0.4718242320695998
7679,2.8864580786394947,2.4652462654488256,0.421211813190669
7680,2.7820289150687825,2.350293657287782,0.4317352577810003
7681,2.8454620343681434,2.3947025249812177,0.45075950938692566
7682,2.934054669897933,2.470727838154053,0.4633268317438799
7683,2.7722200571304088,2.321805391674493,0.4504146654559156
7684,2.6760651603342476,2.22509188258081,0.45097327775343743
7685,2.7626566961944374,2.325120860270283,0.43753583592415435
7686,2.7260240893642087,2.2973372059026054,0.42868688346160333
7687,2.669713929093162,2.2084787776245114,0.4612351514686508
7688,2.70821242339086,2.243774416187677,0.4644380072031833
7689,2.8232012076835873,2.3851949042019336,0.4380063034816537
7690,2.7095566876434916,2.2465845513676856,0.4629721362758059
7691,2.704221887798922,2.2435984971300655,0.4606233906688564
7692,2.8058975859991415,2.3732718411975204,0.4326257448016211
7693,2.6161665814028905,2.1657271861742693,0.4504393952286212
7694,2.6718369985035206,2.203880182577568,0.4679568159259526
7695,2.7633220519532324,2.3027796730745775,0.4605423788786549
7696,2.714045364263786,2.263236752298435,0.4508086119653507
7697,2.7405851004933894,2.3189508090294475,0.42163429146394193
7698,2.636088036474385,2.1798811343669553,0.45620690210742953
7699,2.601673330451711,2.1290274908798006,0.4726458395719102
7700,2.854797591832723,2.433652381213351,0.4211452106193718
7701,2.716113090050094,2.2503455440843987,0.46576754596569536
7702,2.744637682634077,2.298469872909766,0.4461678097243107
7703,2.7211016897277465,2.237345550981266,0.4837561387464806
7704,2.6529782891242935,2.170818038386304,0.4821602507379894
7705,2.8580242988016304,2.4071753487475216,0.45084895005410885
7706,2.6760910388862094,2.240774439628746,0.43531659925746347
7707,2.803741706018495,2.3150867661356704,0.4886549398828244
7708,2.8118109856262956,2.3613207665931557,0.4504902190331399
7709,2.686620794472871,2.235661066798534,0.4509597276743369
7710,2.850177870424704,2.419938570960748,0.43023929946395567
7711,2.702480692063967,2.255418652495384,0.4470620395685829
7712,2.6460893381321178,2.1680737404403407,0.47801559769177704
7713,2.8364234005565216,2.374063623284696,0.46235977727182576
7714,2.8460279859117064,2.359766866622653,0.4862611192890536
7715,2.7156867286430186,2.278083898265715,0.43760283037730385
7716,2.6758639904627635,2.190547179462725,0.4853168110000383
7717,3.1240464391620217,2.770800543286632,0.3532458958753897
7718,2.6540563598349793,2.193990781375927,0.4600655784590524
7719,2.801779563480705,2.3289217868524004,0.47285777662830464
7720,2.662032500856284,2.176408779162777,0.4856237216935071
7721,2.670580927319175,2.2305922249370838,0.4399887023820912
7722,2.840869809458814,2.391582697296367,0.4492871121624469
7723,2.734927456587398,2.2875546335319297,0.4473728230554683
7724,2.87889737170592,2.4379351860192426,0.44096218568667744
7725,2.786486411564638,2.305913278936604,0.480573132628034
7726,2.7058096636435263,2.246589447489648,0.4592202161538781
7727,2.793832747286891,2.32459439566367,0.46923835162322103
7728,2.83685126134176,2.3761402866958514,0.4607109746459086
7729,2.901052284762508,2.4326251993808023,0.46842708538170585
7730,2.95821632562324,2.485951528939408,0.47226479668383226
7731,2.6657744046561995,2.1801963213537925,0.48557808330240704
7732,2.9805449560036656,2.5163220085248175,0.4642229474788482
7733,2.6887573247992025,2.2315130187759125,0.45724430602329
7734,2.721185369986177,2.2400567706085166,0.4811285993776604
7735,2.7590852411095237,2.322506095064399,0.4365791460451245
7736,2.748146097290432,2.288001458989654,0.4601446383007781
7737,2.8941771605428848,2.433601352015268,0.4605758085276168
7738,2.6364706678439336,2.191129871202675,0.4453407966412586
7739,2.633623301935609,2.186886889202084,0.44673641273352516
7740,2.649286361335576,2.203101234949435,0.44618512638614094
7741,2.7046780084722912,2.251383505887479,0.4532945025848121
7742,2.7626853141102705,2.327781427932105,0.43490388617816533
7743,2.7375963047241623,2.2960936076423093,0.44150269708185297
7744,2.732589404586649,2.2686884628872948,0.46390094169935425
7745,2.6826997242800195,2.2241361775594513,0.4585635467205682
7746,2.8954761086841105,2.497724778884922,0.39775132979918837
7747,2.5809003937648836,2.1082744208101407,0.47262597295474285
7748,2.728535550488341,2.2652444910435516,0.46329105944478943
7749,2.826390206691187,2.3695118888921884,0.45687831779899835
7750,2.8889975537331622,2.4164023405442046,0.4725952131889577
7751,2.7984214361098845,2.361248852759675,0.43717258335020936
7752,2.8040483253649757,2.3478857682591636,0.4561625571058121
7753,2.776630836566408,2.338289042996231,0.438341793570177
7754,2.6863997054897775,2.2518275630091544,0.43457214248062304
7755,2.7940380469445953,2.314865005895162,0.4791730410494335
7756,2.662376179700326,2.1963075331791453,0.4660686465211805
7757,2.650336405858622,2.1992794096956616,0.45105699616296047
7758,2.911631443508288,2.4883179232538257,0.42331352025446245
7759,2.829791152798582,2.3731322280983207,0.45665892470026126
7760,2.918626929077221,2.471901197533464,0.44672573154375694
7761,2.8374109053220855,2.3816467897811817,0.4557641155409038
7762,2.85050300436986,2.40931704551682,0.44118595885304
7763,2.9878085446739764,2.6070950122318357,0.3807135324421407
7764,2.7233239628557873,2.278313360840106,0.4450106020156812
7765,2.7503042193816536,2.256323165176203,0.4939810542054506
7766,2.7448718522598066,2.3054280343692266,0.43944381789057996
7767,2.791544855668944,2.3100528309063266,0.48149202476261754
7768,2.7762373960560924,2.335766928395191,0.4404704676609015
7769,2.789823989551369,2.327052933086514,0.46277105646485506
7770,2.802911317592453,2.3205058104385343,0.48240550715391883
7771,2.736090968056625,2.31038257869632,0.4257083893603051
7772,2.7471556248560627,2.2804584599400406,0.4666971649160221
7773,2.665798259347002,2.1911030853115925,0.47469517403540973
7774,2.8751847089962443,2.4371314809166242,0.4380532280796201
7775,2.704600109470123,2.2288367196247387,0.47576338984538413
7776,2.78602948584351,2.332198997326548,0.45383048851696195
7777,2.72383969512666,2.2726237792720783,0.4512159158545819
7778,2.7387534873303636,2.2878212662822826,0.45093222104808106
7779,2.719841305248242,2.285130310622723,0.43471099462551877
7780,2.71963585274242,2.308720365061636,0.4109154876807839
7781,2.8747325852046943,2.3928518361148283,0.481880749089866
7782,2.7260445716952573,2.2868878120815284,0.4391567596137289
7783,2.6954505067922256,2.242990150436466,0.45246035635575943
7784,2.688569354972976,2.2338125898414316,0.4547567651315445
7785,2.6053540784749067,2.1515523130289096,0.45380176544599715
7786,2.836013059646632,2.3667330396527384,0.46928001999389357
7787,2.6341517274217154,2.1712191118240036,0.4629326155977118
7788,2.7806449752648046,2.34104790565674,0.43959706960806466
7789,2.6794487883544007,2.20574899301684,0.47369979533756057
7790,2.736938861719556,2.2463966002114493,0.49054226150810676
7791,2.773166627053361,2.3384016685776032,0.4347649584757578
7792,2.845920572761622,2.455671243011921,0.39024932974970117
7793,2.798527912280379,2.320924701469069,0.47760321081130996
7794,2.6776469122763222,2.188142920053705,0.4895039922226174
7795,2.7028504677944123,2.2478331810067114,0.4550172867877009
7796,2.7298611220459255,2.2704413363477514,0.4594197856981741
7797,2.7251330375217258,2.2789319121081095,0.44620112541361623
7798,2.7232502663804863,2.271290565945462,0.4519597004350242
7799,2.6117669026126684,2.166486517126804,0.44528038548586446
7800,2.734144912525354,2.2847297605449786,0.4494151519803755
7801,2.761824239579157,2.289330693632559,0.47249354594659776
7802,2.6960587088227372,2.2679986107194696,0.4280600981032676
7803,2.924036600138242,2.48447557805849,0.4395610220797517
7804,2.7349005990291637,2.2828340236709574,0.45206657535820627
7805,2.774947197203421,2.312026848889732,0.462920348313689
7806,2.5804811107441536,2.128161679264054,0.4523194314800998
7807,2.842888381293989,2.4033154217262043,0.43957295956778486
7808,2.865526010429939,2.4133735268327077,0.4521524835972315
7809,2.716167444698635,2.2407035659307475,0.4754638787678873
7810,2.7139100629020203,2.261587505648684,0.4523225572533365
7811,2.8749205398915185,2.4509027117220827,0.4240178281694358
7812,2.713997718129109,2.2568744435171424,0.45712327461196667
7813,2.7783963774354627,2.3285202295691407,0.449876147866322
7814,2.8713352589046033,2.409753196432917,0.4615820624716864
7815,2.6567110180572855,2.1689929633968816,0.48771805466040385
7816,2.834304931281308,2.405693525437185,0.42861140584412283
7817,2.9019886559946246,2.4419310040594304,0.4600576519351942
7818,2.7441276175271327,2.3045553871138256,0.4395722304133072
7819,2.6320899646164557,2.179559660500958,0.45253030411549755
7820,2.852775575350188,2.373301959759167,0.4794736155910213
7821,2.7747775597109516,2.3059749040154434,0.4688026556955083
7822,2.8025751227521902,2.3714498453952255,0.4311252773569647
7823,2.8108386061898387,2.372714555002144,0.4381240511876947
7824,2.923440763117608,2.4666890286419307,0.4567517344756773
7825,2.76958396438275,2.306627309522307,0.4629566548604429
7826,2.5995897679077227,2.135061072714323,0.4645286951933998
7827,2.7967876179999127,2.3498573913848646,0.4469302266150481
7828,2.7671825851446297,2.3009720690326407,0.46621051611198894
7829,2.7520176271392374,2.297524779479698,0.45449284765953957
7830,2.8649112491729656,2.3908785311143177,0.4740327180586479
7831,2.882275537384456,2.4652975487612827,0.41697798862317326
7832,2.60546254249071,2.134357162220458,0.47110538027025184
7833,2.6295017127353475,2.151981987944292,0.47751972479105564
7834,2.826828922565961,2.366819518214863,0.46000940435109783
7835,2.654317900334314,2.197870943322563,0.45644695701175086
7836,2.648699524691325,2.173816428686324,0.474883096005001
7837,2.6975746108110266,2.2317465873353735,0.4658280234756531
7838,2.6773766472287885,2.2016959940191283,0.47568065320966024
7839,2.888508780552191,2.461664799712751,0.4268439808394402
7840,2.852264073333536,2.3887203046383148,0.4635437686952213
7841,2.615505985005181,2.155247098455846,0.46025888654933533
7842,2.740256742986441,2.3125675182633247,0.4276892247231161
7843,2.6456951571492913,2.186683764455586,0.4590113926937054
7844,2.8187168370242417,2.4035003876327377,0.41521644939150404
7845,2.7963643377349974,2.2995978675102706,0.49676647022472675
7846,2.7218550720334584,2.251959314042115,0.46989575799134364
7847,2.7456417110909106,2.2794966285481575,0.4661450825427531
7848,2.737334051640453,2.259742704108452,0.47759134753200083
7849,2.837701683537932,2.3903785313956574,0.4473231521422747
7850,2.7410947336882057,2.318360109030109,0.4227346246580965
7851,2.699429486329321,2.2461837745056394,0.4532457118236817
7852,2.8114605247560474,2.379059891681832,0.43240063307421517
7853,2.8045425376542332,2.3397384318612118,0.46480410579302145
7854,2.773755397464273,2.3516734398648027,0.4220819575994703
7855,2.8344241618933004,2.389936506947049,0.44448765494625153
7856,2.643603094038,2.1862174930660463,0.4573856009719539
7857,2.845556873465033,2.3984817717966056,0.44707510166842734
7858,2.8926897947407384,2.4097425692366294,0.48294722550410896
7859,2.7165962757391795,2.274185656800954,0.4424106189382253
7860,2.729172779333958,2.2629162118063832,0.4662565675275747
7861,2.6475908024904773,2.1799105500363285,0.4676802524541488
7862,2.816386256229773,2.3561442651823823,0.4602419910473907
7863,2.753476051247461,2.2920080700382313,0.4614679812092297
7864,2.886636209026561,2.4606866881818807,0.4259495208446804
7865,2.8927881978341627,2.476622366239862,0.4161658315943009
7866,2.7062969899783007,2.2532830448277013,0.45301394515059945
7867,2.8146051418666027,2.4032262896039143,0.41137885226268844
7868,2.7145676844967688,2.2882328419266194,0.4263348425701494
7869,2.989731297329541,2.5953420928424813,0.3943892044870596
7870,2.8873450054007264,2.4608161560505795,0.4265288493501469
7871,2.759568843843079,2.3361024794186918,0.42346636442438745
7872,2.730690194619588,2.2738727804633765,0.4568174141562116
7873,2.657351396991739,2.2142538890482477,0.4430975079434911
7874,2.740839105617983,2.2828469144703685,0.4579921911476146
7875,2.765735813476508,2.3458106830186574,0.41992513045785085
7876,2.856109630278865,2.4522763190622108,0.40383331121665433
7877,2.6485802816374107,2.1716294059916113,0.4769508756457994
7878,2.886358800541729,2.4351370673725894,0.4512217331691395
7879,2.6901648176129567,2.225918194097201,0.46424662351575563
7880,2.7306666147028538,2.301571594106474,0.42909502059637994
7881,2.860790836093435,2.438947979085126,0.42184285700830904
7882,2.6956373094684474,2.2404805928280553,0.45515671664039203
7883,2.736366928441734,2.2757283592801265,0.4606385691616075
7884,2.618338725132178,2.1687405221018907,0.4495982030302872
7885,2.7069076757966917,2.2413850831075703,0.46552259268912133
7886,2.8507155730545857,2.3987410763800683,0.4519744966745174
7887,2.595534627457126,2.120314653067309,0.4752199743898169
7888,2.797047372280432,2.306707695552802,0.49033967672763
7889,2.7242982252518075,2.2479370513924026,0.4763611738594049
7890,2.8688415932527445,2.448265053317033,0.4205765399357113
7891,2.6979940697944897,2.26056683173115,0.4374272380633397
7892,2.8277202209859342,2.3281950264864877,0.49952519449944655
7893,2.8789130661530398,2.3823081901667464,0.4966048759862933
7894,2.742755139871229,2.3026705483838845,0.4400845914873446
7895,2.6917208072420005,2.2538759166071864,0.437844890634814
7896,2.7423855865634206,2.2888278148930614,0.45355777167035916
7897,2.7915467081885046,2.373174816282138,0.4183718919063666
7898,2.841718967090662,2.3675808482203493,0.47413811887031265
7899,2.7280702717636607,2.2656017114918123,0.46246856027184835
7900,2.7176119566281707,2.262870445728719,0.4547415108994515
7901,2.7914183612342525,2.316157676863203,0.4752606843710496
7902,2.764452546912991,2.2921366148828266,0.4723159320301642
7903,2.7466724123093744,2.3132251027894064,0.433447309519968
7904,2.6643753009029996,2.1995943739246986,0.464780926978301
7905,2.675954267750929,2.2018825098968713,0.47407175785405764
7906,2.7225452689891294,2.2819322755772187,0.44061299341191074
7907,2.602374281753674,2.132887344332031,0.4694869374216428
7908,2.674387223463504,2.212714211836372,0.4616730116271319
7909,2.903745838307511,2.464703829292168,0.4390420090153433
7910,2.960273543950135,2.566809040870097,0.3934645030800379
7911,2.8156917038220595,2.349475341202682,0.4662163626193774
7912,2.8172875080730555,2.336461114189721,0.48082639388333437
7913,2.669100705644283,2.2214044807854934,0.44769622485878946
7914,2.9213962923891583,2.5129670636242962,0.4084292287648621
7915,2.7562542420601908,2.2928228413765113,0.4634314006836795
7916,2.721925946852679,2.2607447887788132,0.46118115807386584
7917,2.7014830337941986,2.2607957747203864,0.44068725907381223
7918,2.8487723144449464,2.4371559269063003,0.41161638753864604
7919,2.7537579788224775,2.282664957849815,0.4710930209726625
7920,2.674812568771403,2.2099414760387934,0.4648710927326096
7921,2.834637609036713,2.433969435811058,0.40066817322565473
7922,2.9484229934520685,2.497129500017186,0.45129349343488245
7923,2.8906964307945486,2.4574573758965896,0.433239054897959
7924,2.714346265669736,2.247724366975232,0.4666218986945041
7925,2.7410492945074094,2.2760982923145043,0.4649510021929051
7926,2.7957159020669025,2.384774242951618,0.41094165911528435
7927,2.7000509121582246,2.2261106621901097,0.4739402499681149
7928,2.8013672449474316,2.332826000540786,0.4685412444066457
7929,2.8011561795746656,2.3929728542517363,0.4081833253229292
7930,2.690615026981341,2.243473364336513,0.44714166264482813
7931,2.888761300678214,2.4291355178445486,0.4596257828336654
7932,2.7027820690278523,2.26086057100233,0.4419214980255224
7933,2.8034499201156113,2.3674634313014407,0.4359864888141707
7934,2.782141081617375,2.3060632440072326,0.4760778376101422
7935,2.768557507269266,2.332704994425697,0.4358525128435691
7936,2.681833532911438,2.2390963658819154,0.44273716702952237
7937,2.7579360539772013,2.3309114675245213,0.42702458645268004
7938,2.7037443785018245,2.2348783592850263,0.46886601921679816
7939,2.6966692929958636,2.2246708777348294,0.47199841526103414
7940,2.9077250793953398,2.47658494039154,0.43114013900379966
7941,2.8949971689160905,2.4606793465559416,0.43431782236014893
7942,2.745779204093452,2.2897843372704245,0.4559948668230276
7943,2.7651393138404567,2.304953801683557,0.4601855121568996
7944,2.8336253003664473,2.393304867245429,0.44032043312101843
7945,2.950600510883334,2.590186046985825,0.36041446389750886
7946,2.7734864576987586,2.326521303045827,0.4469651546529314
7947,2.886591171342925,2.4358703982673124,0.4507207730756124
7948,2.8751756760498157,2.424520252750989,0.4506554232988269
7949,3.026776403299824,2.65038356335654,0.3763928399432843
7950,2.7606946186144565,2.2915007550557256,0.46919386355873094
7951,2.8702097417678623,2.4397555838270253,0.43045415794083697
7952,2.7305690749017337,2.2903633764529907,0.440205698448743
7953,2.7273388701706933,2.278945551660918,0.44839331850977526
7954,2.8475253222592483,2.398387645055881,0.44913767720336706
7955,2.7855864401311417,2.341360963962378,0.44422547616876384
7956,2.780569568659596,2.3218440115208305,0.4587255571387656
7957,2.7407850185629017,2.30405356012884,0.4367314584340618
7958,2.7619535099972654,2.2763077661008952,0.48564574389637016
7959,2.7414244543566895,2.2923434158320126,0.44908103852467685
7960,2.80241359693059,2.374370352304956,0.4280432446256337
7961,2.745914127575053,2.2633628464580107,0.4825512811170425
7962,2.9581624242825066,2.518535668974906,0.43962675530760054
7963,2.665897890534413,2.1932796318357064,0.47261825869870666
7964,2.6542060357022317,2.21502746757731,0.43917856812492184
7965,2.748144364277892,2.296219258749,0.4519251055288924
7966,2.906362304331634,2.53439570716834,0.37196659716329394
7967,2.8826125011081367,2.4594640334605296,0.42314846764760716
7968,2.687435465743673,2.234762224457147,0.4526732412865262
7969,2.741064579929213,2.287635820413701,0.453428759515512
7970,2.842221575635127,2.420279752143466,0.421941823491661
7971,2.635313293890904,2.1685370476607373,0.4667762462301668
7972,2.7761542216233486,2.305951453364882,0.47020276825846663
7973,2.795364775642042,2.3745398098790536,0.42082496576298833
7974,2.7134783243142686,2.2892551694848926,0.424223154829376
7975,2.697370197917502,2.2325144741157676,0.46485572380173457
7976,2.7387998868861074,2.288112109941137,0.4506877769449704
7977,2.6604489332484507,2.211705538287605,0.4487433949608457
7978,2.829970236469468,2.3741568288202624,0.4558134076492055
7979,2.8753937090305297,2.400464836513114,0.4749288725174159
7980,2.643936360223041,2.1798900098253235,0.46404635039771724
7981,2.8609410944646574,2.376739983384931,0.4842011110797264
7982,2.8567959085428614,2.3902486203094004,0.4665472882334609
7983,2.864212441716855,2.3881269593463244,0.4760854823705305
7984,2.703401835393635,2.2651610957865214,0.43824073960711374
7985,2.7282895806505434,2.2495764859254623,0.47871309472508106
7986,2.7972350705361038,2.3836077193091785,0.4136273512269253
7987,2.861942035387852,2.4834544909629166,0.3784875444249356
7988,2.699440066519509,2.2413626396811805,0.4580774268383285
7989,2.6499821282833276,2.20467954353458,0.4453025847487475
7990,2.6825059133818567,2.2604396296699885,0.4220662837118683
7991,2.8215062677463836,2.4018524815795432,0.41965378616684035
7992,2.857293762831723,2.3817705496791852,0.47552321315253776
7993,2.676363229664158,2.208190160386824,0.46817306927733426
7994,2.7762953567254094,2.352922082769483,0.4233732739559266
7995,2.655843480940861,2.1761687138684995,0.47967476707236134
7996,2.7621888574287787,2.3271039521953374,0.43508490523344134
7997,2.7561487171436085,2.2962608295428093,0.45988788760079924
7998,2.6541110398592194,2.181928935562419,0.4721821042968002
7999,2.7588508242876553,2.279388692870303,0.4794621314173524
8000,2.7242770865817114,2.2519683002100988,0.47230878637161267
8001,2.676063906099156,2.192399194035428,0.48366471206372763
8002,2.936534945240066,2.5086069273176705,0.42792801792239565
8003,2.7817451860002858,2.30956446888203,0.4721807171182557
8004,2.9668911336116737,2.5474280884443394,0.41946304516733424
8005,2.763438197628859,2.3170996806464874,0.4463385169823715
8006,2.8179807374735986,2.3735613534611906,0.444419384012408
8007,2.820082797476659,2.3601390114585947,0.4599437860180644
8008,2.8211008273918683,2.3564904987498303,0.464610328642038
8009,2.802514029718352,2.343780865059017,0.4587331646593351
8010,2.7464999080861103,2.2878585973175256,0.4586413107685847
8011,2.633248987032222,2.1670243558954483,0.4662246311367739
8012,2.7240850453693173,2.253126896496915,0.4709581488724024
8013,2.816704538364304,2.3639905577037954,0.4527139806605085
8014,2.8093490268490657,2.3791419068844184,0.43020711996464733
8015,2.827968842841506,2.3869652665037036,0.4410035763378026
8016,2.6994052019984416,2.2415580979557017,0.45784710404273987
8017,2.7929828281148934,2.360407353706274,0.43257547440861943
8018,2.8121643598009696,2.4054983099257368,0.4066660498752328
8019,2.8497003649043937,2.4186305083027086,0.43106985660168506
8020,2.65124235254594,2.1996434727875176,0.4515988797584223
8021,2.7322733037214206,2.3185071126270524,0.4137661910943682
8022,3.0465626956110077,2.6013118049292716,0.44525089068173607
8023,2.7393477558021737,2.308497130146901,0.4308506256552729
8024,2.843657457217816,2.4425407942993993,0.40111666291841663
8025,2.697679800485178,2.2291541168650237,0.46852568362015434
8026,2.78354482281562,2.3570984892011113,0.4264463336145088
8027,2.7277931054081375,2.2611669033016915,0.466626202106446
8028,2.760348658134074,2.333870305339464,0.4264783527946099
8029,2.8819219676005523,2.4124989731389137,0.4694229944616386
8030,2.6978841478347984,2.240626106923118,0.4572580409116802
8031,2.7784693357182326,2.323798099072561,0.4546712366456718
8032,2.7813435102101245,2.292344333704439,0.48899917650568536
8033,2.6600845994239717,2.2154432034779905,0.4446413959459812
8034,2.828678455970577,2.3585496319131893,0.47012882405738754
8035,2.971604785018683,2.5412478468928814,0.43035693812580167
8036,2.66063349491761,2.2031917205312244,0.45744177438638545
8037,3.085744567661986,2.696435499125398,0.38930906853658787
8038,2.8682086971995124,2.427608636030732,0.4406000611687806
8039,2.740681797102023,2.2860113555523847,0.4546704415496383
8040,2.866888845516071,2.4670377496562557,0.39985109585981515
8041,2.86741550771961,2.3920167954523937,0.4753987122672165
8042,2.73490099709406,2.286823892635096,0.44807710445896376
8043,2.8141491863891988,2.328585666283718,0.4855635201054809
8044,2.7415024032800224,2.2791933145670242,0.46230908871299814
8045,2.715394529854309,2.2766118473881787,0.4387826824661305
8046,2.825079086580551,2.366300180974476,0.4587789056060747
8047,2.7805405708968585,2.307277199766637,0.47326337113022143
8048,2.7870326698956296,2.350511185069267,0.43652148482636255
8049,2.706991792186106,2.27454051217424,0.43245128001186606
8050,2.68966460472297,2.2418290736699826,0.44783553105298735
8051,2.7988642390829144,2.337545452931574,0.46131878615134037
8052,3.030318525005244,2.6266387502482864,0.4036797747569576
8053,2.7414347039316405,2.2511966749727947,0.4902380289588457
8054,2.7341990918573043,2.26128070393905,0.47291838791825436
8055,2.773529370093894,2.2979136733934067,0.4756156967004874
8056,2.8036410932125846,2.3459433320211325,0.4576977611914521
8057,2.6847221942734065,2.234570614942307,0.4501515793310995
8058,2.9551059732898453,2.538404949929702,0.41670102336014336
8059,2.8907003792139805,2.3995294164894156,0.49117096272456484
8060,2.705942767531463,2.270987920578679,0.4349548469527842
8061,2.663067696240022,2.2055755457745865,0.45749215046543545
8062,2.688327327928858,2.2127810799991265,0.47554624792973144
8063,2.7222703000625303,2.276615235222043,0.44565506484048756
8064,2.776466783903452,2.306557078707334,0.46990970519611786
8065,2.9476121945276,2.544988217369791,0.40262397715780907
8066,2.7964668626601314,2.3773431555029885,0.419123707157143
8067,2.8278208001171903,2.390884645899902,0.4369361542172885
8068,2.7131789296753652,2.241175944852845,0.47200298482252023
8069,2.6726547794737203,2.205452868955249,0.4672019105184715
8070,2.9925708249889507,2.563884366371992,0.42868645861695853
8071,2.6093245456863,2.1619013313773405,0.4474232143089596
8072,2.7784146142316968,2.3189563742164823,0.4594582400152145
8073,2.814099082210858,2.397142365388686,0.4169567168221717
8074,2.859201172627051,2.4423443222992955,0.41685685032775543
8075,2.627449516987106,2.185911516986089,0.44153800000101695
8076,2.727081445380597,2.2908286328839638,0.43625281249663317
8077,2.7195367946572118,2.279082218582411,0.44045457607480065
8078,2.8364723568335535,2.383821557038194,0.4526507997953595
8079,2.7496462365871457,2.306721052206102,0.44292518438104356
8080,2.756563258376388,2.301490759912345,0.4550724984640433
8081,2.715009293448589,2.2497308715647804,0.46527842188380886
8082,2.814763353449211,2.3733042831551487,0.4414590702940622
8083,2.7922837303912096,2.3298984114283954,0.4623853189628142
8084,2.6931866122986414,2.2273280505246595,0.4658585617739819
8085,2.74152967450282,2.329492663912062,0.41203701059075826
8086,2.713575535067745,2.2758816067738974,0.43769392829384746
8087,2.764138457561515,2.3193417247714754,0.4447967327900395
8088,2.7367363651518968,2.2624584871236726,0.4742778780282242
8089,2.829676789718541,2.383817291784236,0.4458594979343049
8090,2.6893416002531287,2.239815861409438,0.4495257388436906
8091,2.919830072620436,2.5017445479447646,0.4180855246756714
8092,2.7873557580488946,2.337185569444942,0.4501701886039524
8093,2.8587796239456877,2.4038936943927975,0.4548859295528902
8094,2.8688002570198674,2.439326331124081,0.4294739258957865
8095,2.788851807210809,2.3302348215303526,0.4586169856804565
8096,2.783896668504191,2.329824259145786,0.454072409358405
8097,2.7355364142985437,2.290650548068942,0.4448858662296016
8098,2.6980362420338144,2.237787085096745,0.46024915693706925
8099,2.702386734034462,2.247097757956801,0.45528897607766083
8100,2.758693939621099,2.3047710917954887,0.45392284782561054
8101,2.862471944880744,2.4077689945500085,0.4547029503307356
8102,2.7000723008930425,2.2635478296603257,0.43652447123271676
8103,2.6810699905677238,2.243296834385221,0.4377731561825029
8104,2.756392688002849,2.326031884062796,0.43036080394005305
8105,2.754498848632814,2.3153824534876253,0.43911639514518885
8106,2.8206062052576346,2.3487118501675104,0.47189435509012423
8107,2.6468585645502682,2.1919899086147083,0.4548686559355599
8108,2.7150481304316347,2.2649204145388775,0.45012771589275724
8109,2.779139068187296,2.3092487553980097,0.4698903127892864
8110,2.7470961482151974,2.309723381871562,0.43737276634363553
8111,2.78188687828804,2.3241588011786254,0.45772807710941477
8112,2.680421717363834,2.2360351699124776,0.4443865474513564
8113,2.7857881036282253,2.34972214615102,0.4360659574772052
8114,2.773395582731146,2.282602526036862,0.49079305669428397
8115,2.84875275013596,2.3968870231326664,0.45186572700329375
8116,2.7622559848090598,2.355001881268967,0.40725410354009295
8117,2.69325890517897,2.251505684815568,0.44175322036340203
8118,2.921095893506128,2.4896150862673103,0.43148080723881765
8119,2.7109193569985344,2.256646857342962,0.4542724996555725
8120,2.6938672258093006,2.253273370371666,0.44059385543763474
8121,2.668111375541616,2.1858426191541813,0.4822687563874348
8122,2.695444433943675,2.227157299124154,0.468287134819521
8123,2.861316531511901,2.4410040658033383,0.42031246570856284
8124,2.778738255354402,2.3370617855686886,0.4416764697857136
8125,2.86536358537991,2.426780794643293,0.4385827907366173
8126,2.6993122518848454,2.253638298085255,0.4456739537995902
8127,2.969879483949221,2.545050877643178,0.4248286063060429
8128,2.7317597757231917,2.267588445115784,0.46417133060740756
8129,2.73940013581686,2.2776307339471717,0.46176940186968807
8130,2.777234518331174,2.3370056020296044,0.4402289163015696
8131,2.78591513238074,2.3429198555704733,0.4429952768102665
8132,2.678060367713857,2.2122166415764446,0.46584372613741243
8133,2.734001771093598,2.269325149148088,0.46467662194551007
8134,2.668775196513245,2.217761110571178,0.45101408594206704
8135,2.726334197202724,2.2714384833984917,0.4548957138042322
8136,2.804721035296557,2.382979868031983,0.4217411672645741
8137,2.776220655231341,2.342798493182115,0.43342216204922623
8138,2.7987791046971506,2.3621515596100946,0.43662754508705603
8139,2.706434085815927,2.2310531800426525,0.4753809057732745
8140,2.7145056417288376,2.2406201627348414,0.47388547899399613
8141,2.7649285317549688,2.2988320489464633,0.46609648280850546
8142,2.71900802983026,2.274151348144118,0.44485668168614234
8143,2.739884088094022,2.256456983464421,0.4834271046296008
8144,3.211951527339828,2.9256032882508265,0.2863482390890013
8145,2.735415867191971,2.276806603447786,0.45860926374418476
8146,2.841807377581086,2.4229770223264295,0.4188303552546566
8147,2.7449879314245185,2.3118467446045163,0.43314118682000213
8148,2.7280988296205124,2.3026105008533433,0.42548832876716913
8149,2.7819881434195275,2.32854528243832,0.45344286098120756
8150,2.595621876870675,2.1290698381499613,0.4665520387207138
8151,2.8619145605086915,2.4027936582983966,0.4591209022102949
8152,2.9504229799018287,2.4853559348326573,0.4650670450691714
8153,2.6482675741039343,2.1616587840830825,0.4866087900208518
8154,2.823458750047102,2.3695827926838544,0.4538759573632474
8155,2.874271435056034,2.429508190075902,0.4447632449801322
8156,2.7806740355553123,2.318091734191349,0.4625823013639634
8157,2.741221332192849,2.251190654657034,0.490030677535815
8158,2.7407024752562323,2.281928017272605,0.4587744579836275
8159,3.000723753988182,2.623773648915992,0.37695010507218996
8160,2.765612194208355,2.320417609066451,0.44519458514190413
8161,2.7353779083717042,2.2979074695720354,0.43747043879966885
8162,2.729462473740188,2.294651822850815,0.43481065088937276
8163,2.7555336273562157,2.304275087285606,0.4512585400706097
8164,2.726853546912683,2.294991575163992,0.4318619717486909
8165,2.798395535355972,2.3426808050670473,0.45571473028892484
8166,2.758817309411357,2.3239542248689893,0.4348630845423678
8167,2.7171860356335817,2.26814720976506,0.44903882586852184
8168,2.8702107989340577,2.4007139353661455,0.4694968635679122
8169,2.8643165370834067,2.4600382327304238,0.40427830435298295
8170,2.806955181074991,2.3485274590217533,0.45842772205323756
8171,2.8386875808574317,2.390649211664111,0.44803836919332074
8172,2.7729515078208924,2.349248680356437,0.4237028274644552
8173,2.717933617727028,2.272125327410453,0.4458082903165752
8174,2.916017055580316,2.5105136516059123,0.40550340397440365
8175,2.8073884227965697,2.359427401751981,0.44796102104458857
8176,2.6171857444356417,2.155909463415659,0.46127628101998264
8177,2.753484293874728,2.2728784885735096,0.4806058053012183
8178,2.9530563509684047,2.5691274216475377,0.383928929320867
8179,2.643291628961748,2.203408341378795,0.43988328758295303
8180,2.744219111924696,2.2771969996207084,0.4670221123039875
8181,2.6973999360440493,2.2340442235147844,0.4633557125292649
8182,2.836584282967512,2.399130300006707,0.43745398296080484
8183,2.7738665099615596,2.3449286614773093,0.4289378484842503
8184,2.6997863858170263,2.26766228242207,0.43212410339495655
8185,2.7158270198499888,2.2581130653574895,0.4577139544924993
8186,2.805249149443606,2.3800893136487296,0.42515983579487626
8187,2.7402153976803865,2.2901225222547086,0.4500928754256779
8188,2.7665078341066534,2.2946540832290427,0.4718537508776106
8189,2.778796762220026,2.3127805527819043,0.4660162094381217
8190,2.8500881376196845,2.426074539538402,0.4240135980812827
8191,2.7421339304629497,2.270742728814185,0.4713912016487649
8192,2.733915607469087,2.2524094489820743,0.48150615848701284
8193,2.7734667293208917,2.318342890858885,0.4551238384620069
8194,2.6654240742799638,2.219910318683337,0.44551375559662665
8195,2.6217849312681474,2.1616769491968175,0.46010798207132986
8196,2.772011923882215,2.289501746200394,0.48251017768182125
8197,2.717600276131511,2.247624109121256,0.4699761670102549
8198,2.735053983705549,2.2625138289961213,0.4725401547094279
8199,2.637588636031378,2.1820865319447336,0.45550210408664427
8200,2.7003526097479984,2.237339665256369,0.46301294449162933
8201,2.825592822787868,2.3621480414754292,0.4634447813124387
8202,2.7569165175367933,2.284710755574686,0.4722057619621074
8203,3.015814655026835,2.5999587392401002,0.415855915786735
8204,2.797724249290815,2.337656100872954,0.46006814841786126
8205,2.737385111687338,2.2561125367927475,0.4812725748945903
8206,2.7232181157433764,2.251151695743535,0.47206641999984145
8207,2.9133330752366065,2.522944996004515,0.3903880792320913
8208,2.7875470765136408,2.3510791946006218,0.436467881913019
8209,2.732352397023567,2.28344475712524,0.44890763989832694
8210,2.857588324790532,2.414529805627557,0.443058519162975
8211,2.678106699478229,2.220066173360129,0.4580405261181002
8212,2.835325229735105,2.365278709576295,0.47004652015880977
8213,2.759413892646244,2.3125676350995725,0.4468462575466714
8214,2.7277818834397594,2.2827425272153183,0.445039356224441
8215,2.6535475005084064,2.188876751895553,0.4646707486128534
8216,2.920938938306679,2.500298729164629,0.42064020914205
8217,2.8583297389819826,2.4044137782962216,0.453915960685761
8218,2.7373666161386985,2.294897679161388,0.44246893697731027
8219,2.7009258578203807,2.2500115769091638,0.450914280911217
8220,2.8091829765118033,2.358317106786645,0.4508658697251584
8221,2.777257416875603,2.3133499733244225,0.4639074435511805
8222,2.9070045974672873,2.4623595881632894,0.444645009303998
8223,2.8013435543889087,2.3633570734612532,0.43798648092765546
8224,2.8426898807419994,2.3826090877642554,0.46008079297774396
8225,2.7764273529804493,2.317979282979031,0.4584480700014182
8226,2.7063753050958406,2.241186955295881,0.4651883497999596
8227,2.679588334169313,2.2172149269227557,0.4623734072465573
8228,2.886302969693706,2.4194747018668106,0.46682826782689535
8229,2.7382388647542086,2.2584212880141274,0.4798175767400812
8230,2.7147713949004633,2.266418740095705,0.4483526548047583
8231,2.6679458906550857,2.193381751240962,0.4745641394141238
8232,2.8641345789772856,2.414698787726977,0.44943579125030864
8233,2.723957659238193,2.264782529401941,0.4591751298362521
8234,2.7076011870486623,2.2294475285256032,0.478153658523059
8235,2.7233057524519793,2.238643861071459,0.48466189138052007
8236,2.88321823121718,2.4568911537615294,0.42632707745565046
8237,2.6997242436687157,2.2525697467594408,0.4471544969092749
8238,2.8865609751193495,2.447677132199455,0.43888384291989446
8239,2.7745913021800606,2.30080334079421,0.47378796138585066
8240,2.692880171328557,2.2340756177598275,0.4588045535687293
8241,2.747227153555635,2.3018947969178454,0.4453323566377896
8242,2.6952194640546834,2.233229213292217,0.46199025076246647
8243,2.80463741840638,2.3854407002097213,0.4191967181966585
8244,2.8725311998005276,2.4072501666129966,0.465281033187531
8245,2.871918164917636,2.476306698940545,0.39561146597709085
8246,2.6859056489922035,2.220663691580063,0.46524195741214047
8247,2.6696154063201885,2.2040060256723764,0.4656093806478121
8248,2.6948891463430544,2.2427562094556888,0.45213293688736567
8249,3.01159684754251,2.5559679706548994,0.45562887688761045
8250,2.7827489667434997,2.3293556576077084,0.45339330913579134
8251,2.670600066159375,2.212350890458351,0.4582491757010243
8252,2.85113723171846,2.3780695750846172,0.47306765663384276
8253,2.865891355043219,2.429029714804124,0.4368616402390946
8254,2.7385586702488802,2.285661218209841,0.4528974520390392
8255,2.8477324619253617,2.4091273234905044,0.43860513843485727
8256,2.66490763145857,2.2016652397524177,0.4632423917061521
8257,2.7957950697066987,2.3817173037474473,0.4140777659592514
8258,2.8183963833990884,2.3825822801799763,0.43581410321911207
8259,3.007639544153761,2.5700801332039207,0.4375594109498402
8260,2.6628226646033224,2.1861987274499426,0.4766239371533798
8261,2.70320590384491,2.2497535522758505,0.4534523515690596
8262,2.726310949287137,2.254002974838788,0.47230797444834893
8263,2.7939886875928455,2.385282133855219,0.40870655373762643
8264,2.730088525499274,2.268786408114892,0.4613021173843821
8265,2.9376342761430942,2.503341940066141,0.43429233607695306
8266,2.780342288081082,2.330394095755882,0.4499481923252002
8267,2.890798536979284,2.458261492388951,0.4325370445903327
8268,2.7200593756272524,2.2612017462561766,0.45885762937107577
8269,2.712019691657156,2.2384882011934466,0.47353149046370957
8270,2.7081634333696316,2.2592577048316915,0.4489057285379401
8271,2.668123885278944,2.2061910107054916,0.46193287457345233
8272,2.6948556592346224,2.212020656279732,0.48283500295489024
8273,2.7147957466254833,2.2670126410736886,0.4477831055517947
8274,2.694949262969951,2.2201130817413333,0.4748361812286177
8275,2.7972006612867806,2.3529319213142346,0.444268739972546
8276,2.7076391978666194,2.2551931626271795,0.45244603523943994
8277,2.6947666326988813,2.238420664436027,0.4563459682628541
8278,2.706534536830197,2.247482188755328,0.45905234807486917
8279,2.6846122300557616,2.2242544408602267,0.46035778919553483
8280,2.6991521784080237,2.2351502155392993,0.4640019628687244
8281,2.668318919873999,2.2104745590097417,0.4578443608642573
8282,2.833543619069961,2.3784285640065197,0.4551150550634415
8283,2.843891956447715,2.3923226225872196,0.45156933386049536
8284,2.919167370595222,2.494835154057393,0.4243322165378287
8285,2.712499899756093,2.2657109724936575,0.44678892726243546
8286,2.745558958064437,2.2962594602876316,0.44929949777680545
8287,3.0304041733463607,2.6209114231638577,0.409492750182503
8288,2.6617660563617824,2.2044279429522895,0.45733811340949293
8289,2.862914625471877,2.4118231385098454,0.4510914869620315
8290,2.7003767570046318,2.208739665715757,0.49163709128887456
8291,2.759432533447093,2.3477682506185094,0.4116642828285837
8292,2.679673072413957,2.226202027689834,0.4534710447241226
8293,2.832865347608174,2.4013160172289827,0.4315493303791915
8294,2.638235663689227,2.1750449890651304,0.4631906746240966
8295,2.64448920831744,2.1954805987762462,0.4490086095411936
8296,2.782930113883475,2.3231373542470535,0.4597927596364215
8297,2.9111044209903674,2.4814315818850856,0.42967283910528176
8298,3.0034911933813806,2.5569687790934696,0.44652241428791095
8299,2.7285326765380904,2.261944333231227,0.4665883433068636
8300,2.7462510962912163,2.2965756696594055,0.4496754266318108
8301,2.7589809253464437,2.2922898427778846,0.46669108256855907
8302,2.6602437288685867,2.1918232668399154,0.4684204620286714
8303,2.6607658400013636,2.207941645000271,0.4528241950010927
8304,2.621784258975352,2.1689302653722287,0.4528539936031235
8305,2.59721411138812,2.1353478271183546,0.4618662842697656
8306,2.7271512830910947,2.2883027423983715,0.43884854069272317
8307,2.723808032835542,2.252449129742076,0.47135890309346573
8308,2.7466914825460678,2.3041252006199144,0.4425662819261533
8309,2.8062667598621536,2.3314713126825417,0.47479544717961186
8310,2.746934431867737,2.2621344034485653,0.4848000284191718
8311,2.9734536837107575,2.526970693673665,0.44648299003709235
8312,2.989275687386327,2.5644232729588547,0.42485241442747235
8313,2.6783049336933624,2.220587885155983,0.4577170485373796
8314,2.8191632153984165,2.354538414841116,0.4646248005573006
8315,2.816082845565317,2.346429102742885,0.4696537428224321
8316,2.761075869689771,2.306947114458967,0.454128755230804
8317,2.7444760145254925,2.3106915842401126,0.43378443028537994
8318,2.6614385155172937,2.212646043393923,0.4487924721233707
8319,2.944972591787502,2.530897791827294,0.41407479996020813
8320,2.9706535271432704,2.59421307962489,0.37644044751838024
8321,2.745583542515063,2.311638098719434,0.43394544379562916
8322,2.7352082385875267,2.296555656650428,0.4386525819370988
8323,2.734246440629913,2.303163112519441,0.43108332811047223
8324,2.794392594655429,2.365452531211963,0.4289400634434659
8325,2.763256202615938,2.299307578447795,0.46394862416814275
8326,2.7238405361975384,2.2613697401140995,0.4624707960834389
8327,2.814158632411877,2.360236979478442,0.4539216529334351
8328,2.632325391640774,2.1790979747094426,0.4532274169313313
8329,2.815728401089438,2.3433458123646758,0.47238258872476235
8330,2.8223393046103054,2.354437776757377,0.4679015278529284
8331,2.8224096439349373,2.3921785029838945,0.43023114095104287
8332,2.759534840160701,2.3502472053567907,0.4092876348039103
8333,2.882757914997234,2.436207935078393,0.44654997991884127
8334,2.6159846763035284,2.145605967975424,0.47037870832810436
8335,2.713870125911377,2.2803156974244283,0.4335544284869486
8336,2.780465697663689,2.340876818631003,0.43958887903268584
8337,2.702303378531243,2.245852174113878,0.45645120441736475
8338,2.781027676102807,2.318667935065053,0.462359741037754
8339,2.7328481382305254,2.274647648408499,0.4582004898220262
8340,2.8202084390781272,2.3860915064674653,0.434116932610662
8341,2.700195296750427,2.2531937649385645,0.4470015318118623
8342,2.808128805743331,2.3328979812635517,0.4752308244797794
8343,2.8427005551421733,2.3679119364165326,0.4747886187256407
8344,2.7711088856846415,2.326631721415204,0.4444771642694376
8345,2.744074038983719,2.3057863167126036,0.43828772227111523
8346,2.627754276453696,2.174789942832738,0.45296433362095767
8347,2.6486465069770615,2.1937986263301714,0.4548478806468901
8348,3.0223436496518725,2.582919894506162,0.4394237551457105
8349,2.7934631296916064,2.329813141563385,0.4636499881282212
8350,2.852901682737985,2.4001365406597097,0.45276514207827523
8351,2.628439176713509,2.1913753612188525,0.43706381549465645
8352,2.7705656144405775,2.3177083164987895,0.452857297941788
8353,2.779627344696073,2.293998879960213,0.4856284647358602
8354,2.8939781448420705,2.455709784618011,0.43826836022405935
8355,2.6677856516601826,2.235782242158948,0.4320034095012346
8356,2.794081360544079,2.3567563784108128,0.4373249821332661
8357,2.7574619419541113,2.3020677899313204,0.4553941520227909
8358,2.670300196654732,2.216277214190854,0.45402298246387796
8359,2.6894382922181364,2.2530426732963855,0.4363956189217508
8360,2.770249925593361,2.304437817562948,0.46581210803041273
8361,2.753999975853715,2.298253041582892,0.4557469342708229
8362,2.814630587624264,2.370083671419779,0.44454691620448505
8363,2.7040548651796614,2.2410332653289866,0.4630215998506748
8364,2.5825064565672706,2.1038642849153213,0.47864217165194933
8365,2.794735007663014,2.342745318590843,0.4519896890721711
8366,3.0222835564883797,2.6560588979898045,0.3662246584985751
8367,2.7761146139143715,2.357401311052513,0.4187133028618586
8368,2.8015627257422895,2.342722870092425,0.4588398556498645
8369,2.714276735230186,2.2685994055527785,0.4456773296774075
8370,2.8334243978140283,2.3976168593523792,0.4358075384616491
8371,2.967340358101838,2.5689093760590413,0.3984309820427967
8372,2.8052070288628377,2.3228108650876305,0.4823961637752072
8373,2.692574809660426,2.236859132265655,0.45571567739477103
8374,2.8256603639483577,2.3834051597717956,0.44225520417656217
8375,2.8687410688496273,2.4300542705647383,0.438686798284889
8376,2.830540953097888,2.377469142451976,0.45307181064591173
8377,2.7309759497757127,2.304605735125824,0.4263702146498889
8378,2.8655724947822137,2.4471767057171405,0.41839578906507313
8379,2.77097343384754,2.3052528863774913,0.46572054747004854
8380,2.729532699867266,2.2824919989660004,0.4470407009012658
8381,2.779715733455811,2.3649271789207007,0.41478855453511043
8382,2.6344858738195374,2.169151321373078,0.46533455244645916
8383,2.6145729633225385,2.1490105626018257,0.46556240072071287
8384,2.8241294018999614,2.367961696359167,0.45616770554079444
8385,2.7041581002186588,2.2281108177693363,0.4760472824493225
8386,2.879552058832571,2.400243818333079,0.47930824049949194
8387,2.7147506661839045,2.2618816259791137,0.4528690402047908
8388,2.8021180964644135,2.373520215276349,0.42859788118806463
8389,2.657824809031882,2.19168630653593,0.4661385024959519
8390,2.7968694554541917,2.343647917069525,0.4532215383846667
8391,2.756195147689754,2.314061893698106,0.44213325399164827
8392,2.814916732765931,2.3593664170995257,0.45555031566640514
8393,2.7474402061874357,2.302344266654755,0.4450959395326808
8394,2.8313588650887946,2.3984919372199003,0.43286692786889436
8395,2.8475598891812965,2.3606487785804235,0.486911110600873
8396,2.8092151924588493,2.3280138471863636,0.4812013452724857
8397,2.7981314111763607,2.312143569823549,0.4859878413528116
8398,2.714242011567947,2.2674948763276417,0.4467471352403054
8399,2.6666877127028825,2.2095646233206883,0.45712308938219426
8400,2.752522686204023,2.2741250236661044,0.4783976625379185
8401,2.74732984698769,2.2649766458790417,0.4823532011086482
8402,2.8171968280981385,2.352771528753173,0.46442529934496557
8403,2.89526573735227,2.4761388666829376,0.4191268706693325
8404,2.831776485599406,2.4422934109444947,0.3894830746549114
8405,2.821077048844987,2.329182222147026,0.49189482669796103
8406,2.7889550909586105,2.341709032063385,0.4472460588952254
8407,2.7181003724593684,2.2495283671564503,0.4685720053029181
8408,2.6543836400165737,2.208404286169387,0.44597935384718657
8409,2.817113670276447,2.383780478800052,0.4333331914763954
8410,2.75891137872095,2.2738056782207066,0.4851057005002435
8411,2.777329863544436,2.3272190216657007,0.4501108418787352
8412,2.7131155496591766,2.239065750331173,0.47404979932800373
8413,2.7831591873934913,2.3293761818732692,0.4537830055202221
8414,2.6796069151542112,2.2221691012138156,0.4574378139403956
8415,2.6668922311544017,2.1949495720082597,0.471942659146142
8416,2.769159423512606,2.308827846822533,0.4603315766900731
8417,2.750481842526808,2.2789753072915655,0.47150653523524255
8418,2.842707740508633,2.410692689585238,0.4320150509233951
8419,2.788891292977304,2.332025353391169,0.4568659395861352
8420,2.673728937712584,2.2084027070162455,0.4653262306963386
8421,2.9136443715855513,2.4820403385309313,0.43160403305462003
8422,2.6857004401869244,2.247113317128921,0.4385871230580034
8423,2.7996967975120377,2.3499315413973414,0.4497652561146963
8424,2.6226505557911914,2.1597706169525086,0.46287993883868284
8425,2.7906691543491537,2.3044707115062395,0.48619844284291425
8426,2.7239919163597417,2.26942281963289,0.45456909672685164
8427,2.7249144272780588,2.2547632174652494,0.47015120981280933
8428,2.89007888783297,2.429907838113695,0.46017104971927525
8429,2.755552372547839,2.314427937092739,0.44112443545509983
8430,2.8317489056090404,2.399238731314846,0.43251017429419436
8431,2.7480227481479202,2.288845369083024,0.4591773790648963
8432,2.739573096742557,2.317345008142121,0.4222280886004359
8433,2.673184029588019,2.2014063239250445,0.4717777056629746
8434,2.7655063228673815,2.3067749155888717,0.4587314072785098
8435,2.7574695182203737,2.2949078309665296,0.46256168725384406
8436,2.862732643398531,2.4240812489951176,0.4386513944034136
8437,2.79285141870713,2.370263126551546,0.4225882921555839
8438,2.749541325750916,2.300076952944733,0.4494643728061827
8439,2.7608821104199177,2.2968771107977513,0.46400499962216646
8440,2.7519797060399416,2.278650342858248,0.4733293631816937
8441,2.8883237334140706,2.419561549397595,0.46876218401647574
8442,2.816811904691845,2.382845858761945,0.43396604592989974
8443,2.9402143907519984,2.518414269245074,0.42180012150692425
8444,2.7829854914943755,2.3416446441715077,0.4413408473228677
8445,2.8002494489735725,2.3449105191046176,0.45533892986895497
8446,2.740854107634226,2.2993277366792615,0.4415263709549646
8447,2.6557889238839882,2.2098663845204545,0.44592253936353377
8448,2.5895934683485713,2.114473016714006,0.4751204516345653
8449,2.7700761878588933,2.341848537552378,0.42822765030651544
8450,2.7483666663609534,2.3031737523452342,0.44519291401571914
8451,2.911432611891064,2.511302101676057,0.400130510215007
8452,2.8209951789339596,2.3912011476248365,0.4297940313091231
8453,2.6590586206360167,2.18742102732255,0.47163759331346666
8454,2.760779454514881,2.3018943516488783,0.4588851028660028
8455,2.7403858696264005,2.2786495660160506,0.4617363036103499
8456,2.6658849480166817,2.2273284488118845,0.4385564992047972
8457,2.80908401554222,2.321047600630194,0.48803641491202576
8458,2.6713850460772606,2.2108633723089177,0.46052167376834285
8459,2.658365988639214,2.189188967767472,0.46917702087174185
8460,2.599518999081792,2.1487088227424773,0.45081017633931486
8461,2.840678482129518,2.390974755966714,0.4497037261628041
8462,2.7315927509030273,2.2710320039271634,0.4605607469758639
8463,2.7030767856268456,2.240586070950905,0.4624907146759405
8464,2.7075600475031236,2.274042332397357,0.43351771510576675
8465,2.76472867788878,2.3008559097442647,0.4638727681445154
8466,2.6657654547310075,2.2106071268876843,0.4551583278433231
8467,2.735356234274501,2.2836968074505832,0.4516594268239178
8468,2.6454147570878503,2.197946941442045,0.4474678156458052
8469,3.046859277423943,2.653726949469712,0.3931323279542309
8470,2.7868959495081094,2.3336352420313515,0.45326070747675784
8471,2.86975939356951,2.412180326669884,0.45757906689962624
8472,2.8699749432398627,2.4444540202188856,0.4255209230209771
8473,2.884170503216246,2.4459052247604878,0.43826527845575836
8474,2.7034038366544353,2.246991747637565,0.45641208901687014
8475,2.6466584616070223,2.2037161134695378,0.44294234813748457
8476,2.677532580165348,2.2167112080987126,0.4608213720666354
8477,2.6684938350149308,2.2117697213448135,0.4567241136701172
8478,2.7744378134049854,2.334198379712751,0.4402394336922346
8479,2.798945919513299,2.3493021623475054,0.44964375716579363
8480,2.713800241160066,2.258597071407889,0.45520316975217723
8481,2.78505758680626,2.2861515150639904,0.49890607174226975
8482,2.7664210453595937,2.321577586447756,0.4448434589118375
8483,2.8136855819761135,2.3794327640131794,0.43425281796293413
8484,2.7451277214834193,2.299537423274398,0.4455902982090212
8485,2.7798726499037087,2.3593780446113546,0.42049460529235416
8486,2.741657214838799,2.268034343388078,0.47362287145072113
8487,2.8500808197981553,2.3560563069518485,0.4940245128463068
8488,2.9687685743525,2.5908267916573577,0.37794178269514234
8489,2.7780870487583478,2.3169711583349946,0.4611158904233532
8490,2.673523709846293,2.2285237170864924,0.44499999275980073
8491,2.803263224825919,2.351243185957,0.45202003886891884
8492,2.7351484903282834,2.2921889511064473,0.4429595392218362
8493,2.887007736043299,2.467666581233436,0.4193411548098629
8494,2.616522200623674,2.1536438150962334,0.46287838552744054
8495,3.1242910954174885,2.7613956152983796,0.3628954801191089
8496,2.960159497261507,2.559818127007079,0.40034137025442806
8497,2.76948360522366,2.3173468567083164,0.4521367485153438
8498,2.8536321933590236,2.405535827719469,0.4480963656395547
8499,2.8349956259879354,2.405153899490495,0.42984172649744057
8500,2.7690670106309203,2.302501953663064,0.46656505696785633
8501,2.854536018537853,2.368175661955009,0.48636035658284404
8502,2.714494544669221,2.2846527962201613,0.42984174844905976
8503,2.8104243366935857,2.3402286996955657,0.47019563699802003
8504,2.884381567279047,2.436129867047404,0.4482517002316433
8505,2.7110106888700134,2.253831180990304,0.4571795078797094
8506,2.8419230568753666,2.395326600780358,0.4465964560950084
8507,2.7332394179951214,2.2766558912984807,0.4565835266966407
8508,2.774073486062264,2.3274545606023653,0.44661892545989845
8509,2.699103534000139,2.2383271136289524,0.4607764203711864
8510,2.775174970260599,2.339688811872939,0.4354861583876599
8511,2.780101948690615,2.3272917600313074,0.45281018865930767
8512,2.6214754841828225,2.1596370385027113,0.46183844568011123
8513,2.8671880695349885,2.442889729887801,0.42429833964718755
8514,2.8809348409103235,2.422946057611531,0.45798878329879233
8515,2.841464076612777,2.3922977183737903,0.44916635823898643
8516,2.7529109735458683,2.2859454020733554,0.46696557147251294
8517,2.755437729122704,2.319518336272512,0.4359193928501921
8518,2.8100305707708952,2.381229834910766,0.4288007358601291
8519,2.760344621781843,2.315135312020334,0.44520930976150863
8520,2.820457050015243,2.3599191253050407,0.46053792471020216
8521,2.794500105040203,2.3346467688120587,0.4598533362281443
8522,2.8246369504791664,2.382152953704041,0.4424839967751253
8523,2.9328136110332115,2.507139550702747,0.4256740603304645
8524,2.8885215800385984,2.45737683490252,0.43114474513607837
8525,2.6426772687070246,2.189976113507392,0.4527011551996325
8526,2.7400283251577235,2.301409516957104,0.4386188082006197
8527,2.7999025242951974,2.3713785443042483,0.42852397999094904
8528,2.755775758168051,2.296988026318967,0.45878773184908406
8529,2.804594718935965,2.3151910540922436,0.4894036648437212
8530,2.938503638829021,2.4551137109951338,0.48338992783388735
8531,2.8323977974100516,2.4130716157816567,0.41932618162839486
8532,2.7824518235157973,2.3359347402640953,0.44651708325170203
8533,2.750338348047825,2.3347102015286287,0.4156281465191962
8534,2.797463274750137,2.377830401667251,0.419632873082886
8535,3.0417286421421426,2.618971548237149,0.4227570939049934
8536,2.77085302947905,2.27858858899565,0.4922644404834
8537,2.7365525081009743,2.281114250030528,0.45543825807044636
8538,2.673498242265568,2.217719548355157,0.4557786939104109
8539,2.725439694630681,2.2559074017367418,0.4695322928939394
8540,2.6929380242323546,2.2289332809037474,0.4640047433286072
8541,2.866085978656536,2.4460273708498996,0.4200586078066362
8542,2.7016223303373037,2.2477625228820215,0.4538598074552822
8543,2.845558510953127,2.3840979838026257,0.46146052715050123
8544,2.714327637587996,2.2709031806239426,0.4434244569640535
8545,2.7200648468075537,2.2530651457439146,0.4669997010636391
8546,2.7393166465500123,2.2853192535086304,0.45399739304138187
8547,3.015890708237553,2.6185599657551073,0.3973307424824455
8548,3.1412822655665975,2.788646575747391,0.35263568981920645
8549,2.784340508545186,2.3418739359151517,0.4424665726300345
8550,2.699858022357163,2.2421941531360283,0.4576638692211348
8551,2.8194156824870595,2.39316944476593,0.42624623772112935
8552,2.755612569850452,2.323879684764633,0.4317328850858191
8553,2.9705434202395224,2.5345043418141846,0.43603907842533784
8554,2.618541085972525,2.155091748893637,0.46344933707888814
8555,2.6701336907758533,2.1926894070720686,0.47744428370378467
8556,2.918494503218845,2.538896357823279,0.37959814539556636
8557,2.7364895501109,2.2731074059164396,0.46338214419446055
8558,2.6638165181792943,2.2098053991332214,0.45401111904607294
8559,2.777518252899611,2.3150843743698997,0.4624338785297115
8560,2.757136795352933,2.300777314453128,0.4563594808998048
8561,2.688968025820731,2.256068790824053,0.43289923499667804
8562,2.8123088350868897,2.396014016383976,0.4162948187029136
8563,2.9372313142260973,2.49177146880885,0.44545984541724737
8564,2.797199952887122,2.3802559271750185,0.41694402571210354
8565,2.7303529464771703,2.2874505783320265,0.44290236814514383
8566,2.7432226986837467,2.291430637955392,0.45179206072835454
8567,2.6905178886809,2.2462171606901595,0.4443007279907403
8568,2.7261918840438972,2.2670425496064768,0.45914933443742045
8569,2.852558980233869,2.4494950594916505,0.4030639207422184
8570,2.698657100663576,2.2516270540577583,0.4470300466058177
8571,2.8327809340541825,2.3585174959218227,0.4742634381323598
8572,2.780077644093064,2.3100888567937488,0.46998878729931537
8573,2.747238333199143,2.3125115734972335,0.4347267597019093
8574,2.768710659783041,2.332975491817537,0.43573516796550393
8575,2.629222467082336,2.161745569404447,0.4674768976778889
8576,2.873943690716997,2.4422540850515957,0.4316896056654014
8577,2.6788653133191027,2.231185453482603,0.4476798598364997
8578,2.693758203311573,2.2159117532886614,0.4778464500229114
8579,2.6719361326425366,2.2191591978042644,0.4527769348382722
8580,2.6657743640302884,2.2156698505032644,0.4501045135270241
8581,2.8111918181956868,2.3622156109318153,0.44897620726387144
8582,2.7315970039029493,2.2578022806990363,0.473794723203913
8583,2.7403252756515926,2.297285721580239,0.4430395540713534
8584,2.8053236227152745,2.337684921609564,0.4676387011057104
8585,2.710203907295125,2.250622446394649,0.459581460900476
8586,3.0251904812569914,2.5874607810502432,0.4377297002067482
8587,2.7540666624511063,2.321096081394546,0.4329705810565603
8588,2.6878267732508347,2.2539220928879855,0.43390468036284924
8589,2.6245486635710518,2.144327256774296,0.4802214067967556
8590,2.5942946179952795,2.1217113292412355,0.472583288754044
8591,2.832525107343391,2.36472719525273,0.46779791209066124
8592,2.7095078851732435,2.2244076443218463,0.48510024085139714
8593,2.7987459447510696,2.3425162734298004,0.45622967132126924
8594,2.716448346834666,2.257362850337664,0.45908549649700214
8595,2.704356464709166,2.2489725616422303,0.45538390306693577
8596,2.8149992304842373,2.3671371238160455,0.4478621066681918
8597,2.717296401765825,2.252953386660407,0.4643430151054182
8598,2.917743680262041,2.531231742394479,0.3865119378675623
8599,2.721433931340267,2.2306918166819343,0.4907421146583326
8600,2.7052915553219905,2.2567063690292977,0.44858518629269284
8601,2.8415988057524877,2.4470259418409737,0.394572863911514
8602,2.735627465077548,2.2704771241102546,0.46515034096729346
8603,2.764905900685544,2.3273213927630225,0.43758450792252157
8604,2.6932071499507617,2.2329037794099844,0.4603033705407773
8605,2.773650686372004,2.3145978683488564,0.4590528180231477
8606,2.778861566642023,2.3242781784818507,0.4545833881601724
8607,2.715811076805552,2.2923606806877186,0.4234503961178335
8608,3.0276504674431775,2.623938637089372,0.40371183035380565
8609,2.664952397630995,2.198753454259354,0.4661989433716407
8610,2.844638602265452,2.416798358920486,0.4278402433449662
8611,2.8527151985576302,2.4295966413542174,0.42311855720341285
8612,2.8237241400089523,2.362162430364446,0.4615617096445064
8613,2.850633603479773,2.3949768185431806,0.45565678493659245
8614,2.791994716577972,2.3635233844235404,0.42847133215443156
8615,2.734289893765787,2.2763399917329257,0.45794990203286146
8616,2.7550853052208053,2.315488212077775,0.4395970931430302
8617,2.757561418066875,2.3402345716269424,0.41732684643993245
8618,2.7101689813381715,2.2494537661160314,0.4607152152221401
8619,2.760620648941962,2.2990361132714816,0.4615845356704802
8620,2.739911887196859,2.279580896122591,0.4603309910742679
8621,2.741989630809361,2.287767327538863,0.4542223032704982
8622,2.811592586661221,2.3477330198493105,0.46385956681191054
8623,2.841535160963941,2.3715593470664893,0.4699758138974519
8624,2.726996042063654,2.274112372955026,0.452883669108628
8625,2.8449919590016526,2.378370429758985,0.4666215292426674
8626,2.9272349684858607,2.489990463111083,0.43724450537477777
8627,2.7230460502788323,2.2778215927439907,0.44522445753484163
8628,2.6424117722482983,2.1943577045268836,0.44805406772141465
8629,2.733693752515296,2.299253593446965,0.4344401590683309
8630,2.7273993460038986,2.297299651727955,0.43009969427594363
8631,2.6996099027635108,2.239597957323804,0.4600119454397067
8632,2.794319474890906,2.342704944439921,0.4516145304509851
8633,2.90615841674324,2.4865715902580847,0.4195868264851552
8634,2.6936790012571414,2.252024600462957,0.4416544007941843
8635,2.7841047077919296,2.3661158275372864,0.4179888802546432
8636,2.9580123779632626,2.523522204846174,0.4344901731170885
8637,2.7470431897885894,2.283662206830843,0.4633809829577462
8638,2.708637065277514,2.2571245632331918,0.45151250204432225
8639,2.7143022388437155,2.263537382358368,0.4507648564853475
8640,2.803095806704358,2.346831374480571,0.456264432223787
8641,2.8253381909433997,2.3750953320841846,0.4502428588592151
8642,2.804903935696197,2.322328857044203,0.482575078651994
8643,2.687464451373997,2.234550902041347,0.45291354933265016
8644,2.7008870423717934,2.2361475323407736,0.4647395100310199
8645,2.793193214580165,2.350423510608509,0.4427697039716558
8646,2.6659201086478572,2.2022029910891336,0.4637171175587236
8647,2.6481303675053756,2.1701025726177363,0.47802779488763925
8648,2.7699498442245876,2.335748604533652,0.4342012396909354
8649,2.8370591544801504,2.4150815571759785,0.42197759730417195
8650,2.811233174208568,2.347992175228137,0.46324099898043114
8651,2.6754267543623436,2.243202688090492,0.4322240662718517
8652,2.78887941148344,2.348012829745459,0.44086658173798066
8653,2.87074952459115,2.45003491024486,0.4207146143462901
8654,2.690567293633986,2.2151151556003295,0.4754521380336567
8655,2.7680504584108365,2.3069280082475836,0.46112245016325293
8656,2.9463808545102483,2.5346624110548883,0.41171844345536
8657,2.7821293573586545,2.322638214693164,0.4594911426654904
8658,2.7194115286768383,2.269309258420722,0.4501022702561164
8659,2.6926837942878183,2.22072197180764,0.4719618224801785
8660,3.0086639916250593,2.6535609986984734,0.35510299292658587
8661,2.8127266591757336,2.3418809925931945,0.4708456665825391
8662,2.717648917772576,2.2555033994020133,0.4621455183705625
8663,2.689945653251887,2.240174849723587,0.4497708035282999
8664,2.722322134025239,2.2806824408496165,0.44163969317562257
8665,2.8371934870905853,2.403945137872078,0.4332483492185073
8666,2.752229569491625,2.2794835614487723,0.4727460080428525
8667,2.7119817088436045,2.2799021486663866,0.4320795601772178
8668,2.7451810452540997,2.2962161715449665,0.4489648737091332
8669,2.9134615312521097,2.4943138084854346,0.4191477227666751
8670,2.8720618688944524,2.4330883129128873,0.43897355598156507
8671,2.793405454670321,2.3892771781922293,0.4041282764780916
8672,2.968490979529344,2.5687777602155517,0.3997132193137922
8673,2.8909940326435475,2.4031497432755633,0.4878442893679842
8674,2.6536351874068482,2.190774680056551,0.4628605073502974
8675,2.6562910669666264,2.2001721534359233,0.4561189135307031
8676,2.6092341427564962,2.130852955425496,0.4783811873310002
8677,2.67562274264012,2.227512067757007,0.44811067488311274
8678,2.647552340406968,2.1703928222445,0.47715951816246793
8679,2.719130250730513,2.257519663001955,0.4616105877285581
8680,2.707073538253956,2.261084511307209,0.445989026946747
8681,2.780145350270213,2.3245935190703895,0.45555183119982345
8682,2.728473195541903,2.2512319634108193,0.4772412321310835
8683,2.7833134491676192,2.367518625792368,0.4157948233752511
8684,2.6968953608487025,2.2210364875688016,0.47585887327990095
8685,2.703885084879725,2.2277646180180626,0.47612046686166254
8686,2.7057928024401487,2.246273024649665,0.4595197777904838
8687,2.649226073233198,2.1966026864037107,0.4526233868294871
8688,2.8459302882023167,2.404915447757151,0.4410148404451659
8689,2.689537248522929,2.2403155053396047,0.4492217431833243
8690,2.7974959026511907,2.399027380360124,0.39846852229106666
8691,2.841604006011235,2.4132209161033344,0.4283830899079004
8692,2.889382194420643,2.4667805646375895,0.4226016297830535
8693,2.6831099882807234,2.235838834727511,0.44727115355321256
8694,2.7850919173288,2.289770764538574,0.4953211527902259
8695,2.8112957145495168,2.3829260578557823,0.4283696566937345
8696,2.7805558276956783,2.3324864213845165,0.4480694063111619
8697,2.758269753324412,2.337689207476556,0.420580545847856
8698,2.8182648126612726,2.347519265040253,0.4707455476210196
8699,2.7331216635180384,2.261028567142695,0.47209309637534336
8700,2.662452239635081,2.197760113317616,0.46469212631746526
8701,2.6639767850600746,2.2116140363973753,0.4523627486626993
8702,2.7543113137573823,2.3082845979006317,0.4460267158567506
8703,2.7319823068666915,2.3085584889726083,0.42342381789408323
8704,2.9461762517436245,2.49599661764078,0.45017963410284434
8705,2.8236129930748755,2.3990254481179454,0.4245875449569301
8706,2.751687052413839,2.315869516586389,0.4358175358274501
8707,2.623971710816983,2.1484208630451858,0.47555084777179735
8708,2.692419366553742,2.2054373828958433,0.4869819836578988
8709,2.7327600127029363,2.2658761463154375,0.4668838663874988
8710,2.810760904261808,2.3881628706996714,0.42259803356213643
8711,2.856121174256738,2.381048043737232,0.47507313051950595
8712,2.6675712641051095,2.22557699536694,0.44199426873816927
8713,2.9042776141363533,2.5059213255252457,0.3983562886111076
8714,2.746302165810691,2.2652234753324056,0.48107869047828533
8715,2.6347852387909567,2.188848189019343,0.44593704977161375
8716,2.8069070481162894,2.3360304231075966,0.4708766250086929
8717,2.821923327531878,2.3751879285973345,0.4467353989345435
8718,2.7650022708597204,2.2976574908147587,0.4673447800449617
8719,2.8179036437510687,2.374733419034856,0.4431702247162126
8720,2.7666825320996145,2.3438854510609244,0.42279708103869007
8721,2.91221496444965,2.525076287117589,0.38713867733206087
8722,2.633119619659485,2.1756625331309363,0.45745708652854855
8723,2.885075856665594,2.3967109851477284,0.4883648715178657
8724,2.6213209026034465,2.167478267173872,0.4538426354295746
8725,2.8047916533844615,2.398250235009745,0.40654141837471647
8726,2.732601572525494,2.299906850367518,0.4326947221579758
8727,2.6435181298288866,2.167117750743437,0.47640037908544963
8728,2.7752732562110656,2.3179139900655925,0.45735926614547306
8729,2.7400473134564707,2.3062681448974813,0.43377916855898935
8730,2.717133969038365,2.2624620506924904,0.4546719183458747
8731,2.6841901614085417,2.1980266646740576,0.4861634967344841
8732,2.7131968342354438,2.256398737218375,0.45679809701706864
8733,2.853793087313622,2.442209623098232,0.41158346421538994
8734,2.8848032570480937,2.4525556201723275,0.4322476368757662
8735,2.7439221622207914,2.26456718504381,0.4793549771769814
8736,2.745485474541263,2.2886089665897837,0.4568765079514794
8737,2.6550094759557266,2.1910812249483764,0.46392825100735013
8738,2.8993852955309896,2.4513865607233645,0.4479987348076251
8739,2.774173307428052,2.294698115955764,0.4794751914722881
8740,2.7092440484692117,2.234074689705807,0.47516935876340494
8741,2.7230656573882195,2.2512436006821352,0.47182205670608424
8742,2.7079421318945798,2.2715059715675148,0.436436160327065
8743,2.884828483628783,2.4482973641142176,0.43653111951456536
8744,2.7798044724342477,2.3411328763077335,0.4386715961265142
8745,2.6621422086830635,2.1996463776256014,0.46249583105746206
8746,2.8332632846169545,2.3388070037367354,0.4944562808802191
8747,2.6893031386825013,2.2310413520731873,0.45826178660931394
8748,2.8249881020577017,2.377460368696449,0.4475277333612526
8749,2.7479090363751024,2.2727452691909256,0.47516376718417686
8750,2.7142874973938693,2.274464918974654,0.4398225784192151
8751,2.7717129275569046,2.291684042334325,0.4800288852225796
8752,2.8750646408438514,2.4362694025465763,0.43879523829727507
8753,2.669027365111926,2.2155059362258536,0.4535214288860723
8754,2.689301422037364,2.2236547269119713,0.4656466951253928
8755,2.764979326053124,2.3256721580582425,0.43930716799488145
8756,2.8989644680898397,2.4376065687594557,0.46135789933038396
8757,2.7257954877218205,2.253561198730201,0.47223428899161934
8758,2.794958035291461,2.3437514781331332,0.4512065571583279
8759,2.9498618217900088,2.5261269650434617,0.4237348567465471
8760,2.775390987150925,2.3433777198836285,0.4320132672672963
8761,2.9859758469173583,2.6022471268018856,0.38372872011547265
8762,2.840548598627352,2.393307134048128,0.4472414645792244
8763,2.7881001589420475,2.3685330453685167,0.4195671135735308
8764,2.778820711401377,2.309571076657607,0.46924963474377
8765,2.748024829828368,2.2578168582356626,0.49020797159270524
8766,2.827153992247131,2.387105983720337,0.44004800852679393
8767,2.731396772577568,2.295201151362859,0.4361956212147087
8768,2.793503048674014,2.383556883216281,0.409946165457733
8769,2.7418121534222983,2.3062527763910246,0.4355593770312738
8770,2.736697784736518,2.290256074093636,0.44644171064288196
8771,2.879362430697346,2.445674602015856,0.43368782868149003
8772,2.8071440516930997,2.4107983505884087,0.3963457011046909
8773,2.826075446106787,2.3741781522000656,0.4518972939067214
8774,2.9014833170509204,2.478144909039704,0.4233384080112166
8775,2.8061267015086364,2.3363788320403263,0.46974786946831015
8776,2.9078853128009956,2.4805036061262453,0.4273817066747503
8777,2.6348824272901634,2.1821262159909303,0.45275621129923316
8778,2.641504347066321,2.1798221553788024,0.46168219168751845
8779,2.718738703477611,2.2790385971585634,0.43970010631904755
8780,2.7175629284646403,2.263480113508531,0.45408281495610936
8781,2.765318315642378,2.3291735565034313,0.4361447591389469
8782,2.6529756737738506,2.2043227662277896,0.448652907546061
8783,2.639640683104849,2.189803089205235,0.449837593899614
8784,2.854438038024621,2.4381820054216212,0.4162560326029996
8785,2.7047619284446256,2.283414084732578,0.4213478437120477
8786,2.671202376914474,2.194305283794992,0.47689709311948203
8787,2.673186942929911,2.23590429820073,0.4372826447291809
8788,2.819067973859477,2.3624429276975536,0.45662504616192345
8789,2.673061121123011,2.237222783265422,0.43583833785758896
8790,2.818837384206009,2.3919983914196568,0.4268389927863523
8791,2.7647269763634466,2.310110429755057,0.45461654660838935
8792,2.77740805199127,2.304521133910057,0.47288691808121275
8793,2.8402184811992734,2.4257631802663684,0.41445530093290506
8794,2.9150316381481733,2.4755330606555987,0.4394985774925746
8795,2.9024643897432534,2.4732385604080624,0.42922582933519093
8796,2.7274965576757317,2.2898892118292355,0.4376073458464962
8797,2.8515624509738453,2.3905166942005573,0.46104575677328796
8798,2.9066538544131886,2.4902619889596225,0.4163918654535661
8799,2.588869372648965,2.1373939634905312,0.45147540915843365
8800,2.7803495361718307,2.343680215220355,0.4366693209514758
8801,2.7736014102050546,2.3308754414981974,0.4427259687068572
8802,2.6855340085879167,2.230546768496197,0.45498724009171987
8803,2.7916609689470024,2.352255680677042,0.4394052882699606
8804,2.6713974342210736,2.224014039459652,0.44738339476142164
8805,2.7968917915295806,2.360872153033868,0.4360196384957127
8806,3.0445889724728237,2.6210617046355873,0.4235272678372364
8807,2.694224886095751,2.2133534919266813,0.4808713941690699
8808,2.783225800110804,2.319922465491866,0.46330333461893813
8809,2.704630836996701,2.2634087978647557,0.44122203913194546
8810,2.907568096486621,2.485817039648136,0.421751056838485
8811,3.052463325722601,2.6571270734398147,0.3953362522827861
8812,2.814735709344294,2.354511649349771,0.4602240599945233
8813,2.9963424468199125,2.6072614114724555,0.38908103534745697
8814,2.7470216465766293,2.2967629036427173,0.450258742933912
8815,2.8480240627012963,2.408384443267547,0.4396396194337493
8816,2.755038565954372,2.2761339332202826,0.47890463273408956
8817,2.703302553218568,2.261932783212293,0.4413697700062751
8818,2.772012505081499,2.3092894942587994,0.4627230108226996
8819,3.0295590168048334,2.61000510821398,0.4195539085908533
8820,2.751604830916618,2.298576468529531,0.4530283623870872
8821,2.628163662693984,2.1747252832589217,0.45343837943506227
8822,2.832000210930509,2.4245263608480543,0.4074738500824546
8823,2.836527882140041,2.414589866062361,0.42193801607768
8824,2.837758384811806,2.4011346969981076,0.4366236878136984
8825,2.8164036147010747,2.379164175197603,0.43723943950347177
8826,2.9033295793817016,2.510035665414885,0.39329391396681634
8827,2.7410626646199474,2.3100578229977415,0.43100484162220587
8828,2.7008628900283655,2.226214793064961,0.4746480969634046
8829,3.0399909263178873,2.644304891293302,0.39568603502458544
8830,2.6926134749691526,2.22130510636916,0.4713083685999928
8831,2.773719690722012,2.31836271563244,0.45535697508957185
8832,2.8203696478670905,2.369455663290078,0.4509139845770127
8833,2.846643475990807,2.4146999351110106,0.4319435408797965
8834,2.6720455442383493,2.2185274296660764,0.45351811457227287
8835,2.8332559657874294,2.358254176611716,0.47500178917571345
8836,2.73711436777102,2.2771866961470693,0.45992767162395065
8837,2.7008925357831615,2.252328400019871,0.4485641357632906
8838,2.7052733010093335,2.2504511047974938,0.4548221962118397
8839,2.762775219958587,2.3010578073108543,0.4617174126477326
8840,2.8337968189757863,2.3827700074864917,0.4510268114892946
8841,2.7115472255602877,2.2385816975594,0.47296552800088776
8842,2.633406495435019,2.175430790826665,0.45797570460835413
8843,2.873825905183625,2.4100692923944322,0.4637566127891928
8844,2.7667803971554226,2.2832283738065984,0.4835520233488242
8845,2.974461789357245,2.5881217867056323,0.38634000265161283
8846,2.6928918646478346,2.2387675941011347,0.4541242705466999
8847,2.690569899755539,2.236444039251759,0.4541258605037801
8848,2.820938884659915,2.36400164469773,0.45693723996218516
8849,2.631829333287908,2.1738868250252392,0.4579425082626689
8850,2.686951479144233,2.2337086080229778,0.45324287112125505
8851,2.8515926617999376,2.350334909969733,0.5012577518302046
8852,2.72561051843525,2.2684629305153345,0.4571475879199154
8853,2.657702190206319,2.206651343905972,0.4510508463003471
8854,2.87229935727816,2.471039058722623,0.4012602985555369
8855,2.8432575369229256,2.3923278727858985,0.45092966413702706
8856,2.9213566525617436,2.4815636259961376,0.43979302656560604
8857,2.6619961754905055,2.210959653089895,0.45103652240061054
8858,2.8274830125158403,2.3756210566699094,0.4518619558459309
8859,2.8851091193258527,2.41764560559867,0.46746351372718253
8860,2.8513105871571707,2.4027619219597933,0.44854866519737735
8861,2.7654220342395393,2.300341785885459,0.46508024835408035
8862,2.938299277111952,2.4823855409592332,0.4559137361527186
8863,2.6712986589500214,2.2380771686031924,0.433221490346829
8864,2.649772032431488,2.1998605997040523,0.44991143272743583
8865,2.608662447425218,2.160789469532588,0.4478729778926298
8866,2.9830521733170063,2.584272278271855,0.39877989504515154
8867,2.72471302061449,2.2642411017876083,0.46047191882688177
8868,3.2278901146797137,2.9101874637568925,0.31770265092282113
8869,2.870910401425033,2.448376243480879,0.42253415794415394
8870,2.717724213905735,2.2401434807643645,0.4775807331413704
8871,2.8267635862853973,2.3634978087444707,0.46326577754092657
8872,3.050086006028112,2.6455645595454453,0.40452144648266675
8873,2.774326839979616,2.345310417892944,0.4290164220866721
8874,2.7812619092714117,2.3599588260310074,0.42130308324040433
8875,2.8275560565461153,2.3860741011703177,0.4414819553757976
8876,2.8144991383112856,2.379601464124491,0.4348976741867947
8877,2.7454169429079367,2.276559413994475,0.4688575289134618
8878,2.6816294881471134,2.2076086529141694,0.474020835232944
8879,2.8232971089142564,2.365559148357288,0.45773796055696847
8880,2.788774905137177,2.3261821160880434,0.4625927890491335
8881,2.835980444743564,2.399591782255158,0.4363886624884059
8882,2.7189847155664535,2.251157752760345,0.4678269628061087
8883,2.8278289996779447,2.3756094778818873,0.4522195217960574
8884,2.7128039210942343,2.2754761757867534,0.43732774530748086
8885,2.695494115380001,2.25163104537365,0.4438630700063513
8886,2.700136174296397,2.2349620004871698,0.4651741738092272
8887,2.8197860462973523,2.3666254203289756,0.4531606259683767
8888,2.8169069007688607,2.382031984556289,0.4348749162125718
8889,2.8574666957432675,2.4446210107128232,0.4128456850304443
8890,2.964791041380534,2.560239273368482,0.4045517680120523
8891,2.681976305434835,2.2039786674612905,0.47799763797354444
8892,2.671508582325706,2.2386180382859506,0.43289054403975546
8893,2.7095102263686224,2.2383782309690075,0.4711319953996149
8894,2.8448841022825375,2.4288568666799124,0.4160272356026251
8895,2.808402415287598,2.3402046245663457,0.46819779072125245
8896,2.7783681419871904,2.3342890922316704,0.44407904975552004
8897,2.7424894985613735,2.303424001958425,0.43906549660294836
8898,2.631127065615848,2.1594274736436274,0.47169959197222067
8899,2.8262870144725367,2.370770677561609,0.45551633691092785
8900,2.66205619128427,2.193926695131282,0.4681294961529878
8901,2.7701526624999384,2.312723869578593,0.4574287929213452
8902,2.6650763573091214,2.216245032152032,0.44883132515708946
8903,3.007512477055079,2.5883249237572086,0.4191875532978706
8904,2.6668914395990226,2.2049642560736733,0.46192718352534934
8905,2.659393241569444,2.2137195811990376,0.44567366037040657
8906,2.930990290845863,2.4669027053436734,0.46408758550218954
8907,2.684153005244248,2.2334369618921337,0.45071604335211424
8908,2.932008749704504,2.503263998640808,0.42874475106369614
8909,2.65457949741057,2.18719915543911,0.46738034197145994
8910,2.741945742381393,2.2878020135766697,0.4541437288047234
8911,2.7214414194691465,2.2322962835963516,0.48914513587279496
8912,2.7701684464257705,2.281124376832159,0.4890440695936116
8913,2.861633131938316,2.4392767698639193,0.42235636207439686
8914,2.723921368653083,2.2480177360169304,0.47590363263615254
8915,2.8135879304100184,2.3520888127494795,0.46149911766053897
8916,2.6831303283835695,2.248056833810906,0.4350734945726633
8917,2.753771537755716,2.3267996904924146,0.4269718472633013
8918,2.8382437460923247,2.3943873236821616,0.4438564224101631
8919,2.795683047947033,2.312621536578791,0.4830615113682417
8920,2.9131154074906562,2.467799631234978,0.4453157762556783
8921,2.8181067353092666,2.365454077737843,0.4526526575714236
8922,2.684571572656818,2.242686098238727,0.4418854744180911
8923,2.6348472059046903,2.1819912229455816,0.4528559829591088
8924,2.8948780010401345,2.4139002129696356,0.48097778807049885
8925,2.862159343258149,2.4199562070135068,0.44220313624464236
8926,2.639976678883558,2.1903530859082645,0.44962359297529364
8927,2.8076419979803227,2.346507755353681,0.4611342426266418
8928,2.738735749422654,2.2642962643963123,0.4744394850263416
8929,2.874980239380183,2.450545336618309,0.4244349027618739
8930,2.810572887908959,2.3838620246218496,0.4267108632871093
8931,2.6931871009183337,2.241314831580195,0.45187226933813873
8932,2.6592294514589554,2.206988701492638,0.45224074996631725
8933,2.7640786807807167,2.3031712320555937,0.460907448725123
8934,2.7234813571017273,2.2837238874625934,0.439757469639134
8935,2.7863209226078602,2.3358785513567994,0.4504423712510608
8936,2.802298281160091,2.3513549467635766,0.4509433343965146
8937,2.636620984285308,2.173749061921056,0.4628719223642519
8938,2.665754054308608,2.2003151710313023,0.46543888327730576
8939,2.8625458246348443,2.3954084331755707,0.4671373914592736
8940,2.74432925724242,2.2805299712835314,0.4637992859588884
8941,2.698241012871476,2.235388753307986,0.4628522595634901
8942,2.853661370275162,2.3858245803376037,0.4678367899375582
8943,2.7581452087727585,2.3225829972229506,0.4355622115498079
8944,2.644695431342325,2.2021791848090606,0.4425162465332644
8945,2.90648781994177,2.44296850809261,0.46351931184916007
8946,2.7030883736189097,2.2543857086118715,0.44870266500703826
8947,2.7066840346202268,2.2472304125856457,0.45945362203458107
8948,2.807574717143911,2.3221879406557577,0.4853867764881534
8949,2.7479864400711134,2.2951215571624726,0.4528648829086408
8950,2.724800327371368,2.2826131016865947,0.4421872256847732
8951,2.79787002715604,2.3409703235108323,0.4568997036452078
8952,2.8150587858367153,2.371729977407013,0.44332880842970246
8953,2.7173529176615436,2.2707115796319237,0.4466413380296199
8954,2.7921994071546106,2.3320566756705152,0.46014273148409535
8955,2.684947751956948,2.211276020702918,0.47367173125403017
8956,2.837119645315757,2.3813667651423343,0.45575288017342297
8957,2.7520508905465526,2.303656347780579,0.44839454276597346
8958,2.7856622164077534,2.342649215941992,0.4430130004657613
8959,2.7658188388056826,2.318220339185111,0.44759849962057174
8960,2.8318227520912185,2.356505230003324,0.4753175220878947
8961,2.8145770288142438,2.3861562644125693,0.4284207644016744
8962,2.8371530143513772,2.3877208399489507,0.44943217440242655
8963,2.8148370311262756,2.3486393208356757,0.46619771029059986
8964,2.802507734056568,2.3657024191791534,0.4368053148774145
8965,2.679259777448299,2.248331170020051,0.43092860742824834
8966,2.7114406083304328,2.258247982459663,0.4531926258707699
8967,2.871981544972359,2.396219337645816,0.47576220732654306
8968,2.918112741040337,2.48616995420882,0.4319427868315171
8969,3.096466388072072,2.6755226779985297,0.4209437100735425
8970,2.7113170511357834,2.2297644429820984,0.48155260815368495
8971,2.7407357904107137,2.267575524176586,0.47316026623412766
8972,2.7800479404866225,2.3368251107273896,0.4432228297592329
8973,2.7366281258773926,2.2994553439384946,0.43717278193889797
8974,2.661411692080405,2.2088827063398084,0.45252898574059675
8975,2.8704144444614816,2.447630032928455,0.4227844115330268
8976,2.653483827714343,2.204112174987796,0.4493716527265468
8977,2.9312148783554948,2.4740798052754536,0.4571350730800412
8978,2.865933218485066,2.445991021915045,0.41994219657002096
8979,2.6282201065014426,2.171095827490591,0.4571242790108516
8980,2.8542328582308247,2.371824109495126,0.4824087487356987
8981,2.6952760436642453,2.2559213780732943,0.43935466559095104
8982,2.6880050992022637,2.2239225332069443,0.4640825659953194
8983,2.802885332933911,2.383475568991479,0.4194097639424319
8984,2.821266897595565,2.3618197827497194,0.45944711484584566
8985,2.7272182288110085,2.279205584965944,0.4480126438450647
8986,2.9667859751047443,2.564138780062741,0.4026471950420034
8987,2.824500633948619,2.3786090670358324,0.44589156691278653
8988,2.6442052114359527,2.1863354092034553,0.4578698022324974
8989,2.940089051983746,2.5604234039859,0.3796656479978462
8990,2.688380252747471,2.2245539567713495,0.46382629597612146
8991,2.7965753064236876,2.3347881544425526,0.46178715198113496
8992,3.0170882135628743,2.617191269029331,0.3998969445335434
8993,2.8615724761449464,2.428235948718653,0.43333652742629347
8994,2.8195298289352,2.3715399465855422,0.447989882349658
8995,2.7329024042428234,2.296672084749928,0.43623031949289537
8996,2.6567628447407743,2.175849655069073,0.48091318967170116
8997,2.9072359229926157,2.446502970666752,0.46073295232586364
8998,2.699560573743629,2.243574200574163,0.4559863731694662
8999,2.7470019313902965,2.2955104372807904,0.45149149410950606
9000,2.710280838090125,2.26084636270968,0.4494344753804449
9001,2.657797854559676,2.2115782391340644,0.4462196154256115
9002,2.6822894962012414,2.219171636607899,0.4631178595933423
9003,2.757493680478151,2.2896718129268985,0.46782186755125243
9004,2.7651848153095515,2.326933781920659,0.4382510333888927
9005,2.6297728754267,2.1866366264721924,0.44313624895450765
9006,2.693436233540351,2.233034765948791,0.4604014675915602
9007,2.7135142758765345,2.2574326406181693,0.4560816352583652
9008,2.805152206932099,2.3630008034443444,0.4421514034877547
9009,2.8565804044156624,2.45863422543941,0.3979461789762526
9010,3.004304193294878,2.5472157642636915,0.45708842903118674
9011,2.7379133315514435,2.2762593944819334,0.4616539370695101
9012,2.8486315390901518,2.4322066420845867,0.41642489700556506
9013,2.7234538272894118,2.2643920326302722,0.45906179465913954
9014,2.752817392261682,2.309669584074311,0.443147808187371
9015,2.963433040785802,2.538596493145103,0.424836547640699
9016,2.990330170068432,2.5488886166955593,0.4414415533728726
9017,2.831539650580188,2.3813084552950126,0.45023119528517563
9018,2.796725985490745,2.3667107396622247,0.43001524582852024
9019,2.779415086618653,2.33666067013931,0.4427544164793429
9020,2.777840661742189,2.3343396375077803,0.4435010242344086
9021,2.909875084411982,2.499190617331941,0.4106844670800407
9022,2.813086859262868,2.367610980293331,0.4454758789695372
9023,2.6409201111610807,2.1935183267583436,0.44740178440273715
9024,2.8635777344276883,2.42440591767986,0.43917181674782846
9025,2.686307935361019,2.215191018745828,0.4711169166151912
9026,2.80412993394176,2.3170840338124448,0.48704590012931526
9027,2.7818934698862643,2.3673431127111764,0.4145503571750879
9028,2.5980381565884514,2.1355368066087665,0.46250134997968484
9029,2.7835349146257893,2.3508600740196197,0.43267484060616956
9030,2.6987715605317284,2.2399379222969378,0.4588336382347906
9031,2.7060756760432114,2.2435945802903663,0.46248109575284513
9032,2.9049335435423376,2.467260058454709,0.4376734850876285
9033,2.7521089581867777,2.305159041862354,0.4469499163244235
9034,2.7243590360268777,2.267647498015007,0.4567115380118705
9035,2.8465572425116856,2.3961994513032208,0.45035779120846486
9036,2.791102844654789,2.3133965726644745,0.4777062719903147
9037,2.886492644858692,2.4348140209306934,0.4516786239279984
9038,3.020915171118051,2.630847930705829,0.39006724041222185
9039,2.902814983294049,2.467174017157131,0.4356409661369183
9040,3.199717717315909,2.869591147265016,0.3301265700508931
9041,2.7922680367029846,2.3664075607837387,0.4258604759192459
9042,2.7626538348710374,2.2885983834600383,0.47405545141099914
9043,2.7315158029067077,2.291235024426587,0.4402807784801208
9044,2.767386272557355,2.3354816855449174,0.4319045870124376
9045,2.7415342923454724,2.274245197712265,0.46728909463320756
9046,2.7022775267850156,2.2469746532336172,0.4553028735513984
9047,2.741499703783232,2.2783502814986334,0.46314942228459843
9048,2.6924910797581467,2.1979964776518073,0.49449460210633944
9049,2.736653706486565,2.2835746451815147,0.45307906130505016
9050,2.9030055940971313,2.473983594438882,0.42902199965824916
9051,2.820772880464709,2.3763886986070757,0.4443841818576333
9052,2.7725120028464576,2.298842816894,0.47366918595245755
9053,2.7585590877735955,2.292049382621528,0.4665097051520677
9054,2.7871256424781627,2.3267048062364304,0.46042083624173236
9055,2.652981252426699,2.1904400422419354,0.4625412101847637
9056,2.690754140775645,2.2564479861316973,0.43430615464394773
9057,2.7523650961557444,2.278584916116952,0.4737801800387924
9058,2.810393876059813,2.3595206478466,0.45087322821321285
9059,2.6654078395606504,2.2194104645127184,0.445997375047932
9060,2.774913324829983,2.3456267830727215,0.42928654175726155
9061,2.863137770337342,2.4644959835202394,0.3986417868171026
9062,2.939069966140397,2.5313337903928392,0.4077361757475577
9063,2.6234272118963577,2.1466554221016367,0.476771789794721
9064,3.095562448501677,2.7016076392538393,0.39395480924783755
9065,2.8404864371704823,2.3790711920420193,0.461415245128463
9066,2.8186201732575826,2.3577762663591173,0.4608439068984653
9067,2.909465815550027,2.5054865903413135,0.40397922520871354
9068,2.802011484286184,2.3866273246406364,0.4153841596455474
9069,2.76712064931801,2.3032912099620906,0.46382943935591925
9070,2.7463981077816033,2.298805202514802,0.4475929052668013
9071,2.6309598971426364,2.1756755869716224,0.455284310171014
9072,2.75529324817091,2.305118246408171,0.45017500176273906
9073,2.6982814666162356,2.2501761149307784,0.4481053516854572
9074,2.7903025048220575,2.337756659595957,0.4525458452261004
9075,2.799926079485197,2.3218841368982353,0.47804194258696153
9076,2.730580387030764,2.287213867414253,0.4433665196165113
9077,2.7082773140103154,2.278901834913201,0.42937547909711427
9078,2.7715220616033887,2.3232974487472426,0.448224612856146
9079,2.763764932985868,2.3444269925335726,0.4193379404522952
9080,2.7103406151286324,2.2424180932832156,0.46792252184541683
9081,2.6919209700575095,2.2534901055111276,0.4384308645463819
9082,2.708872936029467,2.2511385523109557,0.4577343837185115
9083,2.9742104316935603,2.5741602667511425,0.40005016494241774
9084,2.6807201496906767,2.239374565590184,0.4413455841004925
9085,2.708589026533978,2.2488969232758294,0.4596921032581487
9086,2.6654818867080956,2.225322065868882,0.44015982083921346
9087,2.8249344896022976,2.4125096776610744,0.41242481194122327
9088,2.8296084954402936,2.433678005784426,0.39593048965586775
9089,2.731977960715008,2.2672622851142603,0.4647156756007478
9090,2.691357620049477,2.218669109977024,0.47268851007245294
9091,2.8393942848716978,2.3740334621081907,0.4653608227635071
9092,2.592075065711106,2.137481290903811,0.4545937748072948
9093,2.759590301395483,2.329968694776703,0.4296216066187801
9094,2.777955364661591,2.366574330715412,0.4113810339461792
9095,2.7951617443413466,2.351455762408916,0.4437059819324305
9096,2.813590072348453,2.3994490372586177,0.41414103508983535
9097,2.8436708867344707,2.3900319599512905,0.4536389267831802
9098,2.799595916178449,2.330774916274951,0.46882099990349824
9099,2.8526326841181926,2.4132154475026257,0.43941723661556686
9100,2.911667977814253,2.489224286713145,0.42244369110110824
9101,2.7345501680021864,2.2582549441353708,0.47629522386681566
9102,2.6771702487819034,2.231446061959419,0.4457241868224844
9103,2.79694243518694,2.344589462270971,0.452352972915969
9104,2.916377408158446,2.501277601492503,0.41509980666594304
9105,2.781849767271903,2.33050541779944,0.45134434947246316
9106,2.9878350123163733,2.6084865477166326,0.3793484645997407
9107,2.7851292188112695,2.2992137783747166,0.4859154404365529
9108,2.690675583357363,2.2360568350072274,0.4546187483501356
9109,2.6254264227947894,2.165896623976898,0.45952979881789124
9110,2.8373762712806503,2.3698188740541046,0.46755739722654566
9111,2.6890744471594337,2.229962005981657,0.4591124411777767
9112,2.755194768678198,2.2990686262131343,0.45612614246506356
9113,2.726880587206701,2.245300387522414,0.481580199684287
9114,2.88364910040933,2.4865250247758026,0.39712407563352725
9115,2.749889211586212,2.2778015764898676,0.47208763509634455
9116,2.8817219139226085,2.3983117538033887,0.4834101601192198
9117,2.82796633758665,2.416703581973913,0.41126275561273706
9118,2.960721728846625,2.48777037015226,0.472951358694365
9119,2.7858049387943224,2.3444591740305865,0.441345764763736
9120,2.8779137749786257,2.4497870637616956,0.42812671121693
9121,2.7490150024977553,2.274973261630342,0.47404174086741335
9122,2.6207522131201713,2.1574426436996936,0.46330956942047763
9123,2.8409695079320225,2.391794143554778,0.4491753643772447
9124,2.7493809416679764,2.3097037275172343,0.4396772141507421
9125,2.7137658699138414,2.2328891030446467,0.48087676686919467
9126,2.7234765132701835,2.2604635385104737,0.4630129747597098
9127,2.722058641948444,2.269468723277604,0.45258991867084
9128,2.6439771021756333,2.1801003229915867,0.4638767791840466
9129,2.6801570108759396,2.206132470996369,0.4740245398795704
9130,2.803039023777949,2.3771972502763283,0.42584177350162067
9131,2.7990262285783727,2.3431496426928753,0.4558765858854974
9132,2.8234312584381698,2.3561324035113165,0.4672988549268533
9133,2.7044200080772343,2.2344611750561603,0.469958833021074
9134,2.7063465344085333,2.2793407134983825,0.4270058209101508
9135,2.8071382907159457,2.341185890733658,0.4659523999822879
9136,2.777430444441162,2.3139599007102154,0.46347054373094654
9137,2.891329513759114,2.432102249514358,0.45922726424475613
9138,2.764087397585117,2.331594725731899,0.4324926718532178
9139,2.7542625030964643,2.305483642451976,0.44877886064448846
9140,2.7790715629765645,2.358974263674038,0.4200972993025265
9141,2.7738478051442943,2.3141583794310816,0.4596894257132127
9142,2.78812951054204,2.329429341529517,0.458700169012523
9143,2.74589314487632,2.3106315219546105,0.43526162292170945
9144,3.0291135612331983,2.6106225377726613,0.418491023460537
9145,2.870921570696521,2.4424803924050624,0.4284411782914588
9146,2.8148727371111986,2.372975091444174,0.4418976456670247
9147,2.7468446801919013,2.3332494396504635,0.4135952405414378
9148,2.721332753169903,2.2826426390304846,0.4386901141394186
9149,2.952462949364911,2.4733029107711952,0.4791600385937156
9150,2.7293827391816152,2.270511922759971,0.4588708164216442
9151,2.78253240942277,2.3103973414029872,0.4721350680197829
9152,2.868673863763407,2.414417872001453,0.45425599176195375
9153,2.7813743988191977,2.3158031655976012,0.46557123322159644
9154,2.7398449914931278,2.31860651928869,0.42123847220443755
9155,2.754663681370501,2.328793851469059,0.4258698299014423
9156,2.732747586497964,2.2757281694363067,0.45701941706165705
9157,2.884216610996321,2.4041135448176205,0.48010306617870047
9158,2.7271495480163073,2.27659107530501,0.45055847271129723
9159,2.696687572448592,2.2199484692122766,0.4767391032363153
9160,2.656832908246297,2.192186954449715,0.46464595379658213
9161,2.7719087671642697,2.3210693687072346,0.45083939845703513
9162,2.6774964870220854,2.2209299022277476,0.45656658479433787
9163,2.6653182249247105,2.2078771741192558,0.4574410508054547
9164,2.8624810768556834,2.4106758827892896,0.45180519406639386
9165,2.8214808973447543,2.3598977660245577,0.46158313132019657
9166,2.707038607234065,2.2316671741948197,0.47537143303924534
9167,2.714543356039158,2.274372859097513,0.4401704969416449
9168,2.678455255585502,2.221114168350739,0.45734108723476297
9169,2.6582349567908548,2.1790478132806395,0.4791871435102153
9170,2.7439600963633435,2.26477968718688,0.4791804091764633
9171,2.694468359171414,2.2384486781599358,0.4560196810114783
9172,2.7740269890258986,2.290506636284946,0.4835203527409524
9173,2.761161562939516,2.3185690992551056,0.4425924636844103
9174,2.6546985058746437,2.2071584467672336,0.4475400591074101
9175,2.9360817243790946,2.5364866136773663,0.3995951107017284
9176,2.768321301639718,2.325718900870929,0.44260240076878876
9177,2.779565188216129,2.3152200590525633,0.46434512916356585
9178,2.7983326334363703,2.3624195257178644,0.4359131077185059
9179,2.7378605555219613,2.32912091439115,0.4087396411308113
9180,2.8493253298074337,2.447018390031323,0.40230693977611054
9181,2.7302133023018182,2.264510748530041,0.46570255377177716
9182,2.6449669925271193,2.183473924852501,0.4614930676746183
9183,2.7051508059856246,2.245170370393285,0.4599804355923398
9184,2.7509911714195523,2.3012242677698973,0.449766903649655
9185,2.887465710367621,2.471156817592512,0.41630889277510885
9186,2.8783312167628146,2.394932997864717,0.48339821889809764
9187,3.0279672740834895,2.6526727900717626,0.37529448401172694
9188,2.858703976452984,2.4413062894007447,0.41739768705223934
9189,2.7775712118644726,2.3585081030394894,0.4190631088249832
9190,2.6758902416686943,2.199531195966869,0.4763590457018254
9191,2.588362655421434,2.1217604754271724,0.4666021799942617
9192,2.742983936021026,2.267268124066939,0.4757158119540872
9193,2.8164443692408123,2.3291427628601675,0.4873016063806448
9194,2.69707112099531,2.241410676241298,0.4556604447540118
9195,2.7556084209738008,2.309948154745185,0.44566026622861576
9196,2.6834582380905676,2.2279824468360547,0.4554757912545129
9197,2.8348511004194505,2.391678941991472,0.4431721584279784
9198,2.653268153012042,2.194370089687885,0.45889806332415706
9199,2.621614682631828,2.1776247656385723,0.44398991699325574
9200,2.80887296366648,2.372829710107775,0.4360432535587049
9201,2.672827747272949,2.1933092643572896,0.47951848291565957
9202,2.824002560046145,2.4178779110035893,0.40612464904255585
9203,2.7180771910247548,2.2506783838312487,0.467398807193506
9204,2.8693193825707084,2.422951327223278,0.4463680553474303
9205,3.0250032654954526,2.658328031055837,0.3666752344396156
9206,2.8124963520488784,2.3775370309326465,0.4349593211162319
9207,2.783370148931654,2.3185483670075877,0.4648217819240661
9208,2.905848009866464,2.4762788333774495,0.4295691764890144
9209,2.6906447685152033,2.2348152079968915,0.4558295605183118
9210,2.7498140749677993,2.28666705930194,0.4631470156658595
9211,2.7188867560248733,2.2535362885161003,0.46535046750877296
9212,2.9622224765502274,2.57311048964892,0.38911198690130755
9213,2.831404706931148,2.3975622196064803,0.43384248732466757
9214,2.990348148037045,2.5817462982663573,0.4086018497706876
9215,2.843722854830196,2.383296607753948,0.4604262470762479
9216,2.8386875009981685,2.4277567749941507,0.4109307260040178
9217,2.6390464877452615,2.1909655635573815,0.44808092418788004
9218,2.7802224919971885,2.3459907651379237,0.4342317268592648
9219,2.8157553341231805,2.3514214784473797,0.46433385567580077
9220,2.884338529908731,2.4392591919088096,0.4450793379999216
9221,2.745873128856037,2.275448714033937,0.4704244148221002
9222,2.7141687074523215,2.255929638176248,0.4582390692760736
9223,2.8950374823924214,2.435792138653655,0.45924534373876646
9224,2.6513183436867953,2.1799914054404037,0.4713269382463916
9225,2.704287450191492,2.241352002719534,0.46293544747195803
9226,2.807045012847117,2.326723296821159,0.4803217160259581
9227,2.6627905918454786,2.2047865183380324,0.4580040735074462
9228,2.7874365310483338,2.3311490011016187,0.45628752994671506
9229,2.826561040433583,2.3559207478324904,0.47064029260109264
9230,2.664619739871216,2.208829241346666,0.45579049852455
9231,2.804604576965961,2.3734588256094513,0.4311457513565098
9232,2.7443968689628413,2.2836035062870756,0.46079336267576565
9233,2.75180493287141,2.2684140161977453,0.4833909166736645
9234,2.7545134514268517,2.282735102833181,0.47177834859367085
9235,2.7291313013124987,2.2770048558863096,0.45212644542618907
9236,2.6554630402033954,2.1893907330019915,0.4660723072014039
9237,2.667868491361474,2.2004376254317175,0.4674308659297566
9238,2.9022997939256716,2.425688045398811,0.4766117485268606
9239,2.772788396909491,2.297415665694624,0.475372731214867
9240,2.867458366695034,2.4244605598236952,0.4429978068713387
9241,2.712855364929202,2.2502309806592353,0.4626243842699669
9242,2.8208941456690106,2.378317089535655,0.44257705613335574
9243,2.7555038039281685,2.3120504215928728,0.44345338233529574
9244,2.700411226140193,2.2477295611468677,0.4526816649933254
9245,2.7468282316013224,2.3225816867925357,0.42424654480878665
9246,2.681050942451669,2.2108069697301227,0.4702439727215464
9247,2.8532260825417883,2.4592786315858746,0.39394745095591377
9248,2.704607041363726,2.2654477288227968,0.4391593125409292
9249,2.7383527093977484,2.3120382604227347,0.4263144489750137
9250,2.8240918489663054,2.361641775060211,0.4624500739060946
9251,2.742517500436804,2.2932608058023067,0.44925669463449713
9252,2.7232944775548282,2.3006648281615,0.42262964939332814
9253,2.6504266737263147,2.171408746837184,0.4790179268891306
9254,2.6880614186829743,2.2329879706415254,0.4550734480414489
9255,2.792081388559084,2.3209406490660407,0.47114073949304336
9256,2.700657325752816,2.250005862211796,0.4506514635410199
9257,3.1292911089289457,2.7323266794394603,0.3969644294894854
9258,2.812593673528142,2.390953664382962,0.42164000914517974
9259,2.762301672002953,2.2942231869871703,0.46807848501578286
9260,2.8401168284694602,2.418916162323531,0.4212006661459293
9261,2.789242841833415,2.318503536391707,0.4707393054417084
9262,2.727995616545216,2.297936800076609,0.4300588164686072
9263,2.8439879501226595,2.3980657290707432,0.44592222105191626
9264,2.7324938351301817,2.270434659841948,0.4620591752882337
9265,2.699014525931755,2.239479526269136,0.459534999662619
9266,2.701225387279362,2.270804918724829,0.43042046855453275
9267,2.9327748721829665,2.460288821052478,0.4724860511304887
9268,2.6818761705900838,2.215346225473295,0.4665299451167888
9269,2.6799428510585335,2.2125500041978055,0.467392846860728
9270,2.8355765354847198,2.390824094586654,0.44475244089806587
9271,2.787929444415815,2.3382174617544806,0.4497119826613343
9272,2.7249700162300496,2.2897385108965547,0.435231505333495
9273,2.806421388762254,2.399560043063575,0.40686134569867916
9274,2.7031007522935973,2.2133712419564646,0.48972951033713263
9275,2.794585716013609,2.3463006700463516,0.4482850459672574
9276,2.7358879511639955,2.2697899829340127,0.46609796822998284
9277,2.746054606231107,2.3006620391786567,0.44539256705245034
9278,2.789297176841549,2.3440339416727416,0.4452632351688073
9279,2.7064737608303617,2.2478401498129146,0.45863361101744715
9280,2.7351536688595166,2.2620086495170857,0.4731450193424309
9281,2.814521602103393,2.412960896829198,0.40156070527419496
9282,2.6714290501102775,2.2173182439793626,0.4541108061309149
9283,2.6816125744863526,2.214870508862056,0.46674206562429665
9284,2.73911588659921,2.2732684863387584,0.46584740026045157
9285,2.7719883943446626,2.299686542803425,0.4723018515412374
9286,2.7788680749140013,2.3188013838981862,0.4600666910158151
9287,2.597326945643483,2.1526082104347295,0.4447187352087534
9288,2.7342982664988096,2.2930281767317,0.4412700897671096
9289,2.822240287183339,2.3799591862174014,0.44228110096593776
9290,2.7364547267828727,2.3043357187250493,0.43211900805782344
9291,2.9308210122175056,2.4383377151696926,0.492483297047813
9292,2.7489415542781797,2.306570790603804,0.44237076367437567
9293,2.649673906739814,2.1989661017847393,0.45070780495507456
9294,2.799608856982281,2.3363115820268345,0.46329727495544626
9295,2.6903087483495347,2.2414999525116857,0.44880879583784905
9296,2.8512453407455416,2.409815579866012,0.44142976087952945
9297,2.671738068169905,2.2205355370512025,0.45120253111870223
9298,2.9021112838275447,2.478720036328171,0.4233912474993735
9299,2.7233494764966326,2.2791247056261974,0.4442247708704352
9300,2.802100509566643,2.3280011949757635,0.4740993145908794
9301,2.786506399637509,2.334476853238175,0.4520295463993338
9302,2.6302225618891444,2.1828177792706693,0.44740478261847505
9303,2.672382263941625,2.2107708680592375,0.4616113958823873
9304,2.737042396039515,2.268482333902916,0.46856006213659906
9305,2.831758468674342,2.3927970510309335,0.4389614176434087
9306,2.7450866212346225,2.3035428591820284,0.44154376205259416
9307,2.730962046661924,2.2982370253781648,0.4327250212837592
9308,2.7335557271133477,2.2619523209452295,0.47160340616811824
9309,2.8421000251568085,2.3649125929042385,0.47718743225257
9310,2.745795022703946,2.2589052600578405,0.4868897626461055
9311,2.6294405905304012,2.1705797344064464,0.4588608561239549
9312,2.7561442880590965,2.298390216973243,0.45775407108585364
9313,2.8346519922895164,2.4091910041589983,0.425460988130518
9314,2.806994675223424,2.3460383188305394,0.46095635639288446
9315,2.6216838892710768,2.1683890420639576,0.4532948472071192
9316,2.7120951560481523,2.2502246776893653,0.46187047835878703
9317,2.7797424251898963,2.3386918045796565,0.4410506206102398
9318,2.818852989875059,2.3781618114734475,0.4406911784016114
9319,2.654836413109693,2.2010070841442557,0.4538293289654374
9320,2.75917561130088,2.2654055919509584,0.4937700193499217
9321,2.6401165733217256,2.1844365896641755,0.45567998365755
9322,2.864240888914489,2.4400388226372702,0.42420206627721857
9323,2.7492980249433723,2.312125082246362,0.4371729426970101
9324,2.756118577921672,2.3266964781197297,0.42942209980194246
9325,2.6453455262446504,2.1876724599143778,0.4576730663302726
9326,2.8448086828445236,2.4296127586596636,0.41519592418485995
9327,2.857057910247542,2.4212596585056168,0.4357982517419252
9328,2.9757380690463098,2.578561148752371,0.3971769202939388
9329,2.7298490892348157,2.2727249279304806,0.4571241613043351
9330,3.0045400598511396,2.529102918807772,0.47543714104336754
9331,2.8850150513927915,2.4279892069050844,0.4570258444877071
9332,2.773805021460326,2.3033700920278464,0.47043492943247944
9333,2.7777924455848337,2.316067222186158,0.46172522339867594
9334,2.8210860691991866,2.412773500993005,0.40831256820618167
9335,2.8189461552684185,2.3311502074635406,0.4877959478048779
9336,2.6870793750324755,2.2020845517903016,0.4849948232421739
9337,2.7955660850395487,2.335568582140002,0.4599975028995469
9338,2.864311104075614,2.3729413188712747,0.4913697852043395
9339,2.693002454242186,2.224433792992795,0.4685686612493911
9340,2.8995913544427534,2.4451061300053367,0.4544852244374167
9341,2.8403275037597315,2.395871004384588,0.44445649937514364
9342,2.74276065612541,2.2688159238761476,0.4739447322492625
9343,2.8245136233670105,2.3653141496339902,0.4591994737330203
9344,2.8467145307740367,2.4498519670542547,0.396862563719782
9345,2.6641309507303284,2.2031277730957832,0.4610031776345451
9346,2.718292632193117,2.259278828609322,0.45901380358379473
9347,2.6669074117043263,2.2199578360473966,0.4469495756569297
9348,2.8256099385743005,2.369450092829427,0.45615984574487367
9349,2.8210488498678723,2.3840337096036985,0.43701514026417376
9350,2.620302316200077,2.1757420608133904,0.44456025538668653
9351,2.786936167897566,2.374086159766565,0.4128500081310009
9352,2.741440478150178,2.3149961194290802,0.42644435872109776
9353,2.786108263238806,2.3560519231831023,0.4300563400557036
9354,2.679076884251836,2.214102888922133,0.4649739953297032
9355,2.699292695071966,2.2591634383648205,0.44012925670714553
9356,2.673073606413996,2.2199847040336826,0.4530889023803133
9357,2.879162757913675,2.4252952426251446,0.4538675152885303
9358,2.7611808787341654,2.2880191096025135,0.47316176913165187
9359,2.895322538851422,2.443961425265318,0.451361113586104
9360,2.74986934621468,2.296583950802409,0.4532853954122711
9361,2.7579162776593447,2.2620066837638886,0.4959095938954561
9362,2.7644190115697946,2.327692862305571,0.4367261492642238
9363,2.776999662168768,2.3167236755052287,0.4602759866635391
9364,2.6219958161566495,2.1432453339744457,0.47875048218220373
9365,2.6995355622863233,2.2588844544139133,0.44065110787241
9366,2.8494038792990812,2.4504671463714747,0.39893673292760656
9367,2.67543436424011,2.2204147689128777,0.45501959532723246
9368,2.7751607811096766,2.345113068757997,0.4300477123516795
9369,2.7522402455801864,2.2778498830993885,0.4743903624807979
9370,2.8277295421825537,2.415248017468653,0.41248152471390087
9371,2.7161416385538133,2.2478441834003444,0.4682974551534689
9372,2.7862325657664986,2.312256922380728,0.4739756433857707
9373,2.6527403127488975,2.1856426336337087,0.46709767911518885
9374,2.714820693075523,2.2391060252792783,0.47571466779624494
9375,2.7125481226352965,2.2986465380399435,0.4139015845953531
9376,2.7097358115940677,2.2809502081867055,0.42878560340736227
9377,2.7423676710066887,2.3069601536460818,0.4354075173606069
9378,2.735182446519713,2.2939457298897885,0.4412367166299247
9379,2.751771392289349,2.296477231241642,0.45529416104770704
9380,2.8073928663796903,2.3572848973948988,0.45010796898479155
9381,2.7603193844611003,2.282660267474761,0.47765911698633934
9382,2.6889389216692208,2.2434724296507174,0.4454664920185034
9383,2.822258951213454,2.3679403044888017,0.4543186467246523
9384,2.84581649265126,2.426661269520272,0.41915522313098785
9385,2.8351276320274814,2.372633538092784,0.4624940939346973
9386,2.7138489914894883,2.2750177816794217,0.4388312098100666
9387,2.65780546108862,2.1945121245045405,0.46329333658407945
9388,2.677168193503102,2.2005957955955946,0.4765723979075074
9389,2.7956927856087015,2.3109314568982517,0.48476132871044975
9390,2.6486292038592505,2.1988508923625782,0.44977831149667225
9391,2.91853637163409,2.4986549301950034,0.4198814414390868
9392,2.798057908326167,2.326693096210696,0.4713648121154712
9393,2.9677330750459334,2.553231157194435,0.41450191785149837
9394,2.7745786895929845,2.2905362824308595,0.484042407162125
9395,2.888276881786249,2.412048386772228,0.4762284950140212
9396,2.7034343934138785,2.231196273502392,0.47223811991148645
9397,2.7770001024686692,2.314625083245213,0.46237501922345636
9398,2.6491200517462032,2.200799600476265,0.44832045126993814
9399,2.652930802651219,2.18680146307347,0.46612933957774905
9400,2.65411771909159,2.1962000221174467,0.4579176969741434
9401,2.7326643193619398,2.277644845240879,0.4550194741210607
9402,2.9276391631656473,2.5458963442183125,0.38174281894733486
9403,2.837300531569029,2.3612329930636937,0.47606753850533545
9404,2.807704237583648,2.31835761896252,0.48934661862112794
9405,2.7821453132402225,2.329479440285215,0.4526658729550075
9406,2.8540151637336364,2.4111722055235996,0.44284295821003683
9407,2.9228834829620394,2.5634036095556647,0.35947987340637466
9408,2.672048688489522,2.2139233486699297,0.45812533981959236
9409,2.6401255759535727,2.193781548457141,0.44634402749643165
9410,2.728067778474114,2.270913807556853,0.45715397091726073
9411,2.820353504714583,2.3671866967596342,0.4531668079549487
9412,2.6566905952991813,2.1959375658172027,0.4607530294819786
9413,2.7373693248997424,2.2744118479899216,0.4629574769098208
9414,2.7158426066714463,2.274277116555404,0.4415654901160422
9415,2.7398992459543066,2.2839758860647894,0.45592335988951715
9416,2.8141114967879663,2.3712324516758256,0.4428790451121407
9417,2.7353222621632614,2.2717267886099775,0.4635954735532839
9418,2.8833090338239638,2.4454467314386674,0.43786230238529633
9419,2.7495844124787014,2.262465474649554,0.4871189378291474
9420,2.825359221416444,2.3548567114292522,0.4705025099871918
9421,2.700931440181834,2.223675130389124,0.47725630979270983
9422,2.6698960124345894,2.2073003095199657,0.4625957029146237
9423,2.7625420749435166,2.3191378649104304,0.44340421003308617
9424,2.677067697608871,2.211299572280269,0.46576812532860234
9425,2.658227048723289,2.2125197248435984,0.4457073238796907
9426,2.681966815565484,2.230047148473806,0.4519196670916781
9427,2.7658575177594447,2.3435382922949213,0.4223192254645234
9428,2.7138845549815183,2.2533369058548405,0.4605476491266778
9429,2.771687921687569,2.3693785113554227,0.4023094103321463
9430,2.8872340943974426,2.46464915329183,0.4225849411056126
9431,2.690691436133782,2.2093730928900692,0.4813183432437129
9432,2.703172793696674,2.2602123628313873,0.4429604308652868
9433,2.6569317356094286,2.1978894767989434,0.4590422588104852
9434,2.718773875566358,2.2442341701823723,0.47453970538398593
9435,2.696825538982991,2.243808875636938,0.45301666334605306
9436,2.7016824918662707,2.2660205958737736,0.43566189599249716
9437,2.7311116783306106,2.2787441102348085,0.45236756809580214
9438,2.8008839439289304,2.364386357895079,0.43649758603385136
9439,2.9187133386604303,2.468162627772177,0.4505507108882534
9440,2.8010765275028766,2.3257508745139996,0.47532565298887697
9441,2.7432028195706555,2.253573984032772,0.4896288355378835
9442,2.6710307112454905,2.2120852526406045,0.458945458604886
9443,2.8685964921529226,2.4801434699650464,0.38845302218787614
9444,2.7044669638468353,2.2525761540454052,0.45189080980143004
9445,2.830233426349072,2.3832316590996143,0.4470017672494575
9446,2.689659192975401,2.205642149634432,0.48401704334096873
9447,2.782430815698654,2.3110060487159845,0.47142476698266966
9448,2.740462301351242,2.2470079665593756,0.4934543347918665
9449,2.756116264036376,2.2952117255609807,0.46090453847539514
9450,2.7869047870407524,2.3738373642048964,0.41306742283585596
9451,2.7776763533328137,2.3257054173444813,0.4519709359883324
9452,2.780320832002874,2.3439151755204173,0.43640565648245655
9453,2.7017710593668065,2.2334841105890195,0.468286948777787
9454,2.734518992148427,2.2831195632134795,0.45139942893494744
9455,2.8189385333685615,2.336352851965901,0.48258568140266034
9456,2.7718267871412063,2.318945277332204,0.4528815098090022
9457,2.841640359866746,2.3965015649943027,0.44513879487244346
9458,2.7274759699324025,2.2350830285273307,0.49239294140507184
9459,2.882119308363943,2.4255279978004562,0.4565913105634869
9460,2.6913109023155593,2.22869118675123,0.46261971556432924
9461,2.710685474747407,2.2643696658127332,0.4463158089346737
9462,2.8331680906898753,2.3566749535423637,0.4764931371475116
9463,2.78439912792679,2.314582033587038,0.46981709433975194
9464,2.7578661823650203,2.345539724752707,0.41232645761231357
9465,2.7436655310775837,2.287471415270099,0.4561941158074849
9466,2.7216152170443664,2.2373216855627467,0.4842935314816197
9467,2.7057061663730386,2.2357023327244043,0.4700038336486343
9468,2.802146366297824,2.381711407701362,0.42043495859646196
9469,2.7763191849732336,2.281382982495815,0.49493620247741843
9470,2.8565072451416733,2.3897888795551196,0.46671836558655366
9471,2.837020123341427,2.34232952477051,0.49469059857091713
9472,2.7002153985929693,2.2582760901979206,0.4419393083950487
9473,2.752323279363536,2.3041859915063045,0.4481372878572314
9474,2.9435938463919995,2.514205434752778,0.4293884116392217
9475,3.009607568714128,2.6010963658282584,0.40851120288586973
9476,2.6902221255110845,2.24346946709424,0.44675265841684464
9477,2.7371133606286104,2.3192193046665133,0.41789405596209717
9478,2.6201330068407245,2.165463018199825,0.45466998864089936
9479,2.6990088759288438,2.244275676007678,0.4547331999211659
9480,2.7755713437976035,2.303153064286028,0.47241827951157545
9481,2.767470379760831,2.3336710368692435,0.4337993428915876
9482,2.7227923210906826,2.229659442487985,0.4931328786026974
9483,2.8288649785521147,2.381015331725315,0.44784964682679984
9484,2.719836657407519,2.249685399305651,0.47015125810186786
9485,2.773360665534687,2.315653440318313,0.4577072252163741
9486,2.744315859469593,2.2859168266400913,0.4583990328295018
9487,2.8936738596431075,2.4473430350960057,0.4463308245471018
9488,2.9012270494096946,2.5043963775233875,0.39683067188630705
9489,2.768249460207589,2.3266433581919483,0.44160610201564054
9490,2.7196937030620174,2.237044024146528,0.4826496789154895
9491,2.8584835359683867,2.375370052731111,0.4831134832372759
9492,2.7674130110557336,2.322483964310848,0.4449290467448854
9493,2.662208608231568,2.2175857811691806,0.4446228270623873
9494,2.8091911473186744,2.356771185190804,0.45241996212787017
9495,2.6365334256799393,2.1880338926381864,0.44849953304175294
9496,2.840384440632472,2.3703041368021167,0.4700803038303554
9497,2.7570154489336276,2.3168422140898466,0.440173234843781
9498,2.7216812969135145,2.2513338969061425,0.47034740000737196
9499,2.7404292816147926,2.2759887207617497,0.46444056085304286
9500,2.879628574016991,2.457622836110775,0.4220057379062161
9501,2.7819081595658317,2.3227267645361533,0.45918139502967836
9502,2.6323400875410945,2.174964847624374,0.4573752399167206
9503,2.6117011725400388,2.159290617865728,0.4524105546743109
9504,2.680841569736378,2.214719292567866,0.46612227716851207
9505,2.7388942613881677,2.281940346076837,0.45695391531133067
9506,2.74951949254493,2.2990698443091486,0.4504496482357814
9507,2.8077724863789792,2.3275912967302514,0.4801811896487278
9508,2.925749358222362,2.5424454015814217,0.3833039566409404
9509,2.6156426485911317,2.155436040381587,0.46020660820954484
9510,2.60684051484486,2.149197028222149,0.45764348662271104
9511,2.773998541011152,2.3359962747356025,0.4380022662755496
9512,2.816420067671623,2.3504219120772567,0.4659981555943662
9513,2.6323234482216207,2.1688214966694574,0.4635019515521632
9514,2.7533637014663555,2.2797495056250074,0.473614195841348
9515,2.722141199607018,2.271404735762413,0.450736463844605
9516,2.792228112684476,2.3285976796927086,0.46363043299176754
9517,2.642908155247668,2.1723252850224526,0.4705828702252153
9518,2.652134070299041,2.1820489279819477,0.4700851423170933
9519,2.5903903664431853,2.126654796969236,0.4637355694739491
9520,2.7427026614032424,2.2936837298637442,0.4490189315394981
9521,2.689318069531673,2.2388198009166564,0.4504982686150165
9522,2.7260012633073547,2.2667619103878622,0.45923935291949247
9523,2.9878137944555414,2.529399963495672,0.45841383095986954
9524,2.7267605258724865,2.2688473837399923,0.45791314213249423
9525,2.873041647427162,2.3998806278025615,0.47316101962460033
9526,2.8463605380863997,2.3909261731280207,0.45543436495837897
9527,2.781379093879204,2.312996316430514,0.46838277744868995
9528,2.7656279379010567,2.3197961994948897,0.44583173840616697
9529,2.709656260720219,2.2401043762663253,0.46955188445389373
9530,2.7801789185432773,2.343720690628374,0.4364582279149034
9531,2.695929226376858,2.204802359548936,0.4911268668279223
9532,2.730369234204319,2.2767468670186695,0.45362236718564963
9533,2.868318922419541,2.386856380336569,0.4814625420829719
9534,2.867666807849848,2.4429664467587524,0.42470036109109577
9535,2.6975373385863275,2.2398264254068603,0.4577109131794672
9536,2.7994044281301402,2.3788424167434967,0.4205620113866435
9537,2.854865681077585,2.385087672061303,0.4697780090162822
9538,2.755013768300356,2.3160918929843595,0.4389218753159967
9539,2.732468070439966,2.272333143895087,0.4601349265448791
9540,2.7173832111029665,2.267928896715055,0.4494543143879115
9541,2.7534712035118494,2.271923331782392,0.48154787172945746
9542,2.817807502854139,2.361472779302734,0.45633472355140503
9543,2.746784250685961,2.279023063127772,0.4677611875581893
9544,2.7801158924710383,2.3634981166649145,0.4166177758061238
9545,2.9254715138628433,2.5266361180058285,0.3988353958570148
9546,2.5941010316928943,2.1279896881949005,0.46611134349799377
9547,2.8112729696988734,2.3720451995976553,0.43922777010121816
9548,2.6851051481660404,2.2513847374992966,0.4337204106667438
9549,2.8178694718249067,2.3881353991598395,0.42973407266506713
9550,2.8690142582492664,2.4500239789811205,0.4189902792681459
9551,2.6924544590744053,2.238864575360503,0.4535898837139021
9552,2.6730055395567667,2.2040843529796112,0.4689211865771554
9553,2.7417697539186583,2.2638757301216867,0.47789402379697155
9554,2.687183913365462,2.211466225822827,0.4757176875426352
9555,2.6984433428372947,2.2678209221119983,0.43062242072529644
9556,2.784150207736846,2.3450224980771788,0.4391277096596671
9557,2.6147899885761587,2.1432362194304426,0.4715537691457161
9558,2.670935248812963,2.222999229761644,0.4479360190513191
9559,2.888700467073068,2.4309569198717162,0.4577435472013516
9560,2.796406094060289,2.3521709240325333,0.4442351700277558
9561,2.775704676922317,2.298019881829534,0.47768479509278317
9562,2.7974319511070456,2.332697145464965,0.4647348056420806
9563,2.940479816449446,2.5176899234117456,0.42278989303770054
9564,2.7422849731445296,2.2893346424018914,0.45295033074263813
9565,2.670726391971284,2.204871349641477,0.4658550423298071
9566,2.832861541577332,2.394450254173726,0.43841128740360613
9567,2.8333357266778725,2.3615867969255366,0.47174892975233584
9568,2.771889063484538,2.307821449908571,0.46406761357596693
9569,2.726534501228947,2.257820887828714,0.468713613400233
9570,2.8877714474741922,2.4477231892653375,0.44004825820885474
9571,2.758798940809528,2.342492972455529,0.41630596835399913
9572,2.777930718548068,2.3180337383948664,0.4598969801532018
9573,2.819263955796714,2.371031621105226,0.44823233469148827
9574,2.7280602137003434,2.2660336546506494,0.4620265590496939
9575,2.7822855679091103,2.281029339024528,0.5012562288845821
9576,2.688691226010931,2.20474398647173,0.4839472395392006
9577,2.675509567340269,2.199200993980074,0.47630857336019483
9578,2.658731875565953,2.1960249863665253,0.4627068891994277
9579,2.6489626747602446,2.1991488082642454,0.4498138664959992
9580,2.634581247056191,2.174799306295319,0.45978194076087187
9581,2.798454271228738,2.3538322190572685,0.44462205217146966
9582,2.8373566702347177,2.3757434057015145,0.46161326453320317
9583,2.8162200373101416,2.383525438840606,0.4326945984695354
9584,2.6853001520700728,2.2451229519653553,0.4401772001047175
9585,2.7790985178334147,2.303359466240603,0.4757390515928117
9586,2.877571870200593,2.422415859712246,0.4551560104883472
9587,2.7160550929937957,2.233143870906402,0.48291122208739345
9588,2.810004086916012,2.3715073290309405,0.43849675788507136
9589,2.765724559177924,2.30371899532543,0.46200556385249403
9590,2.6899927833475084,2.2326491893518265,0.4573435939956818
9591,2.846020634657351,2.3842485423990474,0.4617720922583035
9592,3.0227895457991565,2.5659343319318406,0.45685521386731587
9593,2.8266671611190874,2.3592277974256826,0.4674393636934049
9594,2.9010473042061182,2.426285108572415,0.47476219563370314
9595,2.8909716333689737,2.4437460391348758,0.4472255942340979
9596,2.941270757273804,2.562284460055032,0.3789862972187721
9597,2.9052966720081,2.4643073199840817,0.44098935202401846
9598,2.7615707986872766,2.346130213924734,0.41544058476254264
9599,2.7477717346594313,2.2745328075155617,0.4732389271438695
9600,2.7656402668477775,2.356637779910164,0.40900248693761343
9601,2.757707852592873,2.3007824327802404,0.4569254198126327
9602,2.8577871467197786,2.454478403498411,0.40330874322136756
9603,2.714700268644312,2.2223835528969182,0.49231671574739355
9604,2.878930263558533,2.4650184959621906,0.41391176759634263
9605,2.7189992736602018,2.272193970143906,0.446805303516296
9606,2.7206859881558048,2.249194928578167,0.4714910595776378
9607,2.8134216001134162,2.359965162386471,0.45345643772694544
9608,2.757688084029683,2.285359658805032,0.4723284252246511
9609,2.910378721660588,2.496890498751374,0.41348822290921383
9610,2.908982925109061,2.475271254904579,0.43371167020448187
9611,2.7945714678389555,2.385891496565902,0.40867997127305333
9612,2.860381897114531,2.3840523214335736,0.47632957568095735
9613,2.8072262570110245,2.33933969110611,0.4678865659049145
9614,2.6381262154300162,2.1912107712634246,0.4469154441665917
9615,2.7568279467704664,2.282789736472487,0.4740382102979792
9616,2.7636718960065565,2.318908034715074,0.4447638612914826
9617,2.775322681567961,2.3247799791249864,0.45054270244297445
9618,2.754692203978989,2.2641375617301,0.4905546422488891
9619,2.7374503802031356,2.2577415187957945,0.47970886140734104
9620,2.9284239309889313,2.490402694417708,0.4380212365712235
9621,2.7478159240164306,2.3025408115259265,0.4452751124905041
9622,2.7547608345131134,2.272286062169901,0.48247477234321234
9623,2.7813201257250406,2.3493132711930946,0.432006854531946
9624,2.7871398941918604,2.311767283732538,0.47537261045932233
9625,2.780253113492116,2.315799714055323,0.46445339943679276
9626,2.89048433443449,2.464780748263836,0.4257035861706542
9627,2.768593953509268,2.296503666402914,0.4720902871063539
9628,2.8730126927523143,2.444459841670467,0.4285528510818475
9629,2.7945728591167147,2.336819742137093,0.45775311697962184
9630,2.7268894282283735,2.266420671380203,0.46046875684817046
9631,2.7270895857414144,2.2711128904603766,0.4559766952810378
9632,2.844319267934099,2.3949505768001536,0.4493686911339454
9633,2.775384399097485,2.331950634349402,0.44343376474808327
9634,2.781045908054394,2.346360333700175,0.4346855743542193
9635,2.829140755773887,2.3987902739955387,0.4303504817783481
9636,2.5912574596223705,2.126408609982973,0.46484884963939743
9637,2.783144805376334,2.3482561572405762,0.4348886481357579
9638,2.708379286975508,2.2410989578758054,0.46728032909970274
9639,2.8500094234233537,2.4088258822490616,0.44118354117429215
9640,2.798083622950842,2.3314033010065063,0.46668032194433584
9641,2.7347181912502183,2.2958412361019205,0.43887695514829783
9642,2.8375973227915723,2.3767110966055647,0.4608862261860076
9643,2.775037034880666,2.3227420501088143,0.4522949847718518
9644,2.686109246322908,2.2207449881227572,0.4653642582001507
9645,2.6652775395076023,2.1948028590287056,0.4704746804788966
9646,2.8792496757491386,2.4462451954748494,0.43300448027428917
9647,2.6318511697314495,2.177435217516214,0.45441595221523556
9648,2.754408000995663,2.301193418666292,0.45321458232937095
9649,2.8576536214435393,2.3968515252305203,0.46080209621301904
9650,2.72657119608201,2.2778973838888255,0.4486738121931846
9651,2.6737417248774538,2.2511035023200856,0.42263822255736816
9652,2.7221530887911123,2.283928680395318,0.43822440839579446
9653,2.746609027486914,2.314541323437826,0.4320677040490879
9654,2.772282650768969,2.342323129963439,0.42995952080553
9655,2.649544786753025,2.2023123219244707,0.4472324648285544
9656,2.8171336631367314,2.379046525677377,0.43808713745935446
9657,2.7249346942473878,2.2649132088767163,0.46002148537067145
9658,2.817710793902786,2.3553743794242754,0.4623364144785107
9659,2.8213390807021548,2.351607542861443,0.46973153784071187
9660,2.77259484871603,2.2977466094512975,0.47484823926473263
9661,2.819830420724388,2.3474037668930574,0.4724266538313304
9662,2.829543645183425,2.404476665422502,0.4250669797609232
9663,2.8206773487284056,2.3953785106656587,0.42529883806274693
9664,2.7363081782897303,2.27350765381555,0.4628005244741802
9665,2.8426192808088997,2.3553360454545063,0.48728323535439344
9666,2.808787217901416,2.346406253822934,0.46238096407848195
9667,2.7307278482040207,2.3037818235780243,0.4269460246259964
9668,2.8339402234364814,2.3779154420540567,0.45602478138242475
9669,2.756126188745446,2.3171129758085174,0.43901321293692863
9670,2.839225493324925,2.4031752544396765,0.4360502388852483
9671,2.7215150836834927,2.2585664750628034,0.4629486086206893
9672,2.6853819439938538,2.2462413989642145,0.4391405450296393
9673,2.6670047203061222,2.1952740405222664,0.47173067978385586
9674,2.6913989190878436,2.2207330652406556,0.47066585384718795
9675,2.8292058061195706,2.386873861463346,0.4423319446562246
9676,2.689848889678641,2.2294039708338786,0.46044491884476235
9677,2.7154011665188156,2.266182354745269,0.4492188117735467
9678,2.738911351249338,2.299921809838916,0.4389895414104221
9679,2.7729822973510525,2.3236924380073276,0.4492898593437249
9680,2.802646093594394,2.329217391513743,0.47342870208065113
9681,2.7571502939338814,2.293105202059897,0.46404509187398446
9682,2.7176583133154746,2.2740449541785717,0.4436133591369029
9683,2.830553089683841,2.3835110354420843,0.4470420542417566
9684,2.6770388185173606,2.2190443568447855,0.45799446167257507
9685,2.8386227045006907,2.3742701257181125,0.4643525787825782
9686,2.7284218518352077,2.2839406817263903,0.4444811701088174
9687,2.732808575188742,2.2908325533507172,0.44197602183802465
9688,2.7985748362234335,2.3558219963496962,0.44275283987373726
9689,2.744541378909961,2.3210893111459403,0.4234520677640208
9690,2.8345782693236523,2.4007868808916486,0.4337913884320037
9691,2.769865184677215,2.3318033249980816,0.43806185967913347
9692,2.7518542583184984,2.2956320670605828,0.45622219125791563
9693,2.77869107053511,2.3506460008653116,0.4280450696697984
9694,2.8075945360502588,2.368846307943772,0.43874822810648695
9695,2.8394554575778517,2.3924342343400173,0.44702122323783433
9696,2.8628561374363213,2.4173006796878767,0.4455554577484446
9697,2.637715539598608,2.1539912818801303,0.4837242577184777
9698,2.8460254835558865,2.4298941005393875,0.416131383016499
9699,2.6719003537364414,2.2201262422672103,0.4517741114692311
9700,2.7712536649115136,2.2985691718019687,0.47268449310954486
9701,2.5829874994200606,2.1279507715277854,0.4550367278922751
9702,2.9019626916565318,2.5040564782768437,0.397906213379688
9703,2.6487861491609617,2.1849228614049103,0.46386328775605135
9704,2.829329213481217,2.384317531454431,0.4450116820267862
9705,2.7834293581898777,2.36285697392321,0.42057238426666776
9706,2.7119631328995966,2.264010844636376,0.44795228826322075
9707,2.688701341998529,2.2133151556894477,0.47538618630908136
9708,2.7349875758417235,2.304368843211208,0.4306187326305153
9709,2.965318934469326,2.516507688650067,0.4488112458192588
9710,2.912282688922353,2.534113055063645,0.3781696338587084
9711,2.6719500032228765,2.2061367894136836,0.4658132138091928
9712,2.6736043418706026,2.223995715142726,0.4496086267278767
9713,2.851128524774556,2.4107056468836956,0.4404228778908603
9714,2.5927931596666753,2.140525524759904,0.45226763490677113
9715,2.6678751449329914,2.2242730227969774,0.443602122136014
9716,2.6847868433447144,2.2172008439735933,0.4675859993711211
9717,2.781645427118653,2.363512647160965,0.41813277995768816
9718,2.9097149663121744,2.4703897805187887,0.43932518579338575
9719,2.7448943035196374,2.30704636205012,0.43784794146951755
9720,2.804375647690947,2.3428115690865736,0.4615640786043733
9721,2.788973859195928,2.328358268446571,0.4606155907493572
9722,2.7423465701852328,2.2682066372868226,0.47413993289841017
9723,2.7575503403504964,2.3173559709585523,0.4401943693919441
9724,2.7026083853159797,2.2299256644631584,0.47268272085282126
9725,2.797761184616844,2.3963473354325004,0.40141384918434353
9726,2.7847091204866765,2.3483663649613913,0.43634275552528523
9727,2.738369306862653,2.284483520615656,0.45388578624699694
9728,2.6881480387848824,2.25477626028019,0.43337177850469244
9729,2.7726885533792243,2.3496638430524364,0.4230247103267879
9730,2.684264113903598,2.206480294609172,0.4777838192944257
9731,2.8251536371569106,2.3551082776816292,0.47004535947528137
9732,2.8264141633014686,2.3578669456109767,0.4685472176904919
9733,2.7527258518111095,2.3003227877387094,0.45240306407240016
9734,2.7658138696861116,2.2943451829360786,0.47146868675003306
9735,2.7661070765506452,2.2933289444961225,0.4727781320545228
9736,2.8123631851340347,2.3338052079284983,0.4785579772055364
9737,2.8968561306492853,2.4832959952347884,0.4135601354144969
9738,2.72744380507896,2.2501672193594398,0.47727658571952025
9739,2.710729180527224,2.239860533094027,0.4708686474331971
9740,2.787273892795922,2.3561878352693233,0.4310860575265987
9741,2.6224886010164896,2.157348987113517,0.46513961390297265
9742,2.7684198698360083,2.281864547940498,0.4865553218955103
9743,2.810753261996916,2.349242994777155,0.4615102672197611
9744,2.658657503764164,2.19871829172898,0.45993921203518395
9745,2.6673697126012654,2.211820025655404,0.4555496869458615
9746,2.667258166451226,2.174278529076931,0.4929796373742952
9747,2.8201793984103216,2.386105554342085,0.4340738440682368
9748,2.713494560193054,2.272090044417773,0.44140451577528106
9749,2.7096080305744965,2.2543614502358067,0.4552465803386898
9750,2.87841678543627,2.4703598343989213,0.4080569510373486
9751,2.72751546976061,2.2497719880270908,0.4777434817335191
9752,2.882954594958982,2.4745571972473472,0.40839739771163464
9753,2.804852792332022,2.360856372009027,0.4439964203229949
9754,2.6884153566102422,2.2247064471119224,0.4637089094983198
9755,2.7716513774418634,2.3410142309147837,0.43063714652707974
9756,2.903405643809118,2.4665060162715724,0.4368996275375454
9757,2.8345408935441436,2.3958007457429757,0.4387401478011679
9758,2.715434697088105,2.2535843171153207,0.46185037997278444
9759,2.7057932311307202,2.227880536027613,0.4779126951031074
9760,2.8090794975889346,2.3974944949707466,0.411585002618188
9761,2.707853731018164,2.2673062984446513,0.4405474325735126
9762,2.754212656851858,2.2917555743759483,0.4624570824759098
9763,2.654482075573265,2.1934965226695335,0.46098555290373167
9764,2.95806133512611,2.524215704094929,0.4338456310311809
9765,2.6911503454011636,2.2253631585500226,0.46578718685114096
9766,2.7281875658729757,2.2715876251636606,0.4565999407093151
9767,2.765159022963575,2.3151911829305263,0.4499678400330489
9768,2.755273289326691,2.282621895298801,0.4726513940278898
9769,2.7483064535803288,2.325851961800702,0.4224544917796269
9770,2.802861951510072,2.3157386120729053,0.4871233394371668
9771,2.7191641525441144,2.2721376818848054,0.447026470659309
9772,2.766638978128068,2.346618056586967,0.4200209215411008
9773,2.785700323142138,2.3154132239379486,0.4702870992041892
9774,2.6888900110889846,2.247285116804481,0.44160489428450367
9775,2.820588079096283,2.353272136958619,0.46731594213766403
9776,2.626132921251468,2.168481451604662,0.45765146964680614
9777,2.7001310164298102,2.254080880313827,0.44605013611598343
9778,2.7398109926432714,2.2759898662745117,0.4638211263687597
9779,2.7129005662884302,2.236134843479353,0.47676572280907736
9780,2.7444484694922537,2.27941962998104,0.46502883951121365
9781,2.7365741641735175,2.2800058207458096,0.4565683434277079
9782,2.6810221990490524,2.2236801600273224,0.45734203902173
9783,2.7471655166236015,2.331811871822657,0.4153536448009447
9784,2.7124023725358803,2.2454525477574294,0.46694982477845093
9785,2.681033529440727,2.2255403845770294,0.45549314486369763
9786,2.6197528428457266,2.173178370077104,0.4465744727686225
9787,2.852161961207449,2.3796090536454755,0.47255290756197343
9788,2.6706384057941555,2.2236943818124826,0.4469440239816729
9789,2.78540764008871,2.348520347059424,0.43688729302928575
9790,2.7950812593018544,2.327068926350397,0.4680123329514574
9791,2.7682294735972994,2.351342404902646,0.41688706869465353
9792,2.658570784594839,2.195964081022773,0.462606703572066
9793,2.7713003721252396,2.290792692905399,0.4805076792198406
9794,2.704022649301887,2.2411355490448472,0.46288710025703983
9795,2.710420762526546,2.232934419729884,0.477486342796662
9796,2.7861108580148106,2.312685250080679,0.4734256079341317
9797,2.7060652210541964,2.2614930634362955,0.4445721576179009
9798,2.734869034841841,2.284263632385575,0.450605402456266
9799,2.7224711772942416,2.253623446986855,0.4688477303073868
9800,2.761785154804082,2.3085349635236048,0.4532501912804774
9801,2.7700338852826265,2.3260358778582093,0.4439980074244172
9802,2.6992839578713785,2.2184307059906105,0.480853251880768
9803,2.753835823580783,2.2990790192090156,0.4547568043717676
9804,2.8983092476759458,2.462513393537835,0.4357958541381106
9805,2.774295507705498,2.302827271547903,0.47146823615759503
9806,2.832799299294332,2.3839729106255603,0.4488263886687718
9807,2.8052194564899438,2.3703728441181973,0.4348466123717465
9808,2.8270512756652773,2.378431328364646,0.44861994730063115
9809,2.824860231003678,2.3825296429066163,0.4423305880970618
9810,2.719008763358151,2.2478245045334506,0.4711842588247004
9811,2.687669392933614,2.228125433060869,0.4595439598727453
9812,2.6618551017576464,2.200027648927836,0.4618274528298105
9813,2.811985979217949,2.325309165560924,0.486676813657025
9814,2.973878051518533,2.6302352388634502,0.3436428126550828
9815,2.7484359312135647,2.2774324710175446,0.47100346019602
9816,2.8094514651223155,2.3368669447911055,0.47258452033121
9817,2.7640218717993523,2.291937618640518,0.4720842531588345
9818,2.7893138554205246,2.335319854332732,0.45399400108779275
9819,2.8398675329825336,2.374320830368576,0.4655467026139575
9820,2.792025741471592,2.3074165060736105,0.4846092353979814
9821,2.916856532190686,2.4504091578797773,0.46644737431090855
9822,2.762341400279922,2.3085367966609867,0.45380460361893515
9823,2.661494038335898,2.2109004557187,0.4505935826171976
9824,2.7709280429765584,2.288856454927011,0.4820715880495472
9825,2.6398698436540666,2.1649607228716277,0.47490912078243896
9826,2.8908774700831463,2.4094883144885157,0.4813891555946306
9827,2.665856252830425,2.206613067160005,0.4592431856704198
9828,2.725454841041856,2.285420100284084,0.44003474075777227
9829,2.7695734315821805,2.3159578101261173,0.45361562145606316
9830,2.7596022086866783,2.3287487118075973,0.4308534968790809
9831,2.812568196290629,2.385219088688547,0.4273491076020819
9832,2.736167459669094,2.271208061191113,0.46495939847798073
9833,2.8086563646986327,2.3649128260812438,0.4437435386173889
9834,2.731475899527006,2.2640118751090266,0.4674640244179793
9835,2.670104920817386,2.190996387258847,0.4791085335585392
9836,2.720088189035022,2.25016979355549,0.46991839547953207
9837,2.8438584339557766,2.4055030199990184,0.43835541395675826
9838,2.6563271196535116,2.1849374161708295,0.47138970348268217
9839,2.8073015976218874,2.3501456897906103,0.457155907831277
9840,2.8069763909552434,2.352869439262284,0.45410695169295945
9841,2.740743852812139,2.297791405704277,0.44295244710786186
9842,2.790775748625663,2.3452820756042434,0.4454936730214194
9843,2.742135685612764,2.256854561144654,0.4852811244681101
9844,2.723334906123175,2.2837143511714473,0.4396205549517278
9845,2.8580783744289215,2.4252433050390607,0.4328350693898608
9846,2.7141584144174127,2.2395261757676375,0.4746322386497752
9847,2.7346122407697493,2.281376530129461,0.4532357106402882
9848,2.768817323684299,2.316536391061533,0.4522809326227657
9849,2.804056567844196,2.3953684213921966,0.4086881464519996
9850,2.6914671916474178,2.2404885440499465,0.4509786475974713
9851,2.762128851596633,2.333887683932597,0.42824116766403586
9852,2.606943324412696,2.1445620866130626,0.46238123779963347
9853,2.802611550732629,2.3387613086756227,0.4638502420570063
9854,2.8511030425434667,2.3969246505044235,0.4541783920390432
9855,2.8915285822100762,2.496391926250501,0.39513665595957503
9856,2.7496022280871077,2.339195419085791,0.41040680900131665
9857,2.6600623356588926,2.1994117678304477,0.46065056782844493
9858,2.7305098652826767,2.2836569980819563,0.44685286720072037
9859,2.6799363756110663,2.2385954426912713,0.44134093291979504
9860,2.6653767157820734,2.2166323682652886,0.4487443475167847
9861,2.843636019876763,2.3884560034050257,0.4551800164717372
9862,3.10512883092224,2.7510186465295132,0.3541101843927268
9863,2.683911809711744,2.225102304652695,0.4588095050590488
9864,2.8268605131907725,2.3968976209996566,0.42996289219111583
9865,2.697630881452669,2.2494807294787567,0.44815015197391217
9866,2.879420240469142,2.4256398523440925,0.4537803881250495
9867,2.705420413473391,2.240847678303186,0.4645727351702047
9868,2.771613241813619,2.3520485631216084,0.4195646786920104
9869,2.8207360805120465,2.3450697906281412,0.47566628988390525
9870,2.7191398389443555,2.25720178239164,0.46193805655271536
9871,2.7762761940586396,2.3210126630360666,0.455263531022573
9872,2.774940488234981,2.2991257752946574,0.4758147129403234
9873,2.6363869916474787,2.1875572329644712,0.44882975868300745
9874,2.688281526016829,2.252676952395881,0.4356045736209482
9875,2.8465119745206104,2.421847110860262,0.4246648636603485
9876,2.942888962052626,2.5522203193581943,0.3906686426944317
9877,2.76470495594904,2.323829631875167,0.4408753240738732
9878,2.7420062963699907,2.299214065178739,0.4427922311912518
9879,2.908163375282684,2.4464606534595386,0.46170272182314553
9880,2.7207506594637345,2.2384812121235895,0.482269447340145
9881,2.8618965827121396,2.412042539244859,0.44985404346728064
9882,2.6632354190771177,2.224807620562956,0.4384277985141618
9883,2.6884034521908946,2.2234090342055737,0.46499441798532093
9884,2.716542042419821,2.254261400371789,0.4622806420480319
9885,2.8162647546069497,2.3724485069006827,0.44381624770626704
9886,2.752028750412948,2.3058162660915595,0.4462124843213884
9887,2.7089639886162646,2.2576660546458736,0.4512979339703911
9888,2.8319743932948915,2.386886911413234,0.4450874818816577
9889,2.822104943706094,2.392841731364825,0.4292632123412692
9890,2.687679844074796,2.2402896159481243,0.44739022812667173
9891,2.952344088581052,2.4776364205445387,0.4747076680365132
9892,2.933981302196498,2.507300073648354,0.4266812285481443
9893,2.6115601475791563,2.1571374727383965,0.4544226748407598
9894,2.9083267446738006,2.4817357454838387,0.4265909991899619
9895,2.6804064062020845,2.231687283948703,0.4487191222533813
9896,2.7931839503292575,2.34157102550007,0.45161292482918736
9897,2.8166214290197225,2.3813844307145144,0.435236998305208
9898,2.986989391623145,2.552512487276071,0.43447690434707376
9899,2.755094598372989,2.329847432829794,0.4252471655431953
9900,2.776001617590535,2.3006163509286446,0.4753852666618905
9901,2.7368750127539734,2.2808991540769883,0.4559758586769851
9902,2.7674160822956546,2.3096693350080035,0.4577467472876511
9903,2.807521400644093,2.3828212773805872,0.4247001232635057
9904,2.809897960848524,2.3524538679911733,0.4574440928573509
9905,2.695742997019189,2.222630119084492,0.4731128779346969
9906,2.697791999829504,2.2625365483234856,0.4352554515060185
9907,2.8731655607612723,2.4339838866415984,0.4391816741196739
9908,2.769872971989704,2.346553268928803,0.4233197030609013
9909,2.7591789581449713,2.298358583189591,0.4608203749553801
9910,2.6452018490881897,2.1797144146173726,0.4654874344708171
9911,2.736686194616406,2.281527718949709,0.45515847566669665
9912,2.6988233696516413,2.2401929314470403,0.4586304382046009
9913,2.774629017950622,2.3006746622409553,0.4739543557096666
9914,2.6517645301758237,2.2063871224292453,0.4453774077465784
9915,2.737655331683323,2.2798857411518627,0.4577695905314605
9916,2.723303019150017,2.2432073451268475,0.48009567402316966
9917,2.753172807066325,2.313721385954291,0.43945142111203417
9918,2.852024188890679,2.4153911350312502,0.43663305385942897
9919,2.8903432344379882,2.444138837317205,0.4462043971207832
9920,2.673125845458071,2.218894256771603,0.45423158868646807
9921,2.6137120986830684,2.1647195433356683,0.4489925553474001
9922,2.885532649171006,2.4274695249285814,0.45806312424242446
9923,2.7170874684451953,2.2767492051486955,0.44033826329649983
9924,2.7770565750484106,2.36972952912157,0.40732704592684055
9925,2.6261982672703477,2.14802926328675,0.47816900398359774
9926,2.7157933640970504,2.2470732091052374,0.46872015499181297
9927,2.7314296985751207,2.2819398077134507,0.44948989086167
9928,2.7175770534278834,2.2696209248342467,0.44795612859363665
9929,2.847747932317835,2.423926221853113,0.42382171046472195
9930,2.919387644955197,2.4801705489850883,0.43921709597010894
9931,2.6763871711786016,2.2098956001231973,0.4664915710554043
9932,2.734797260539349,2.247015413942466,0.4877818465968833
9933,2.901197616769751,2.4904567790838485,0.4107408376859025
9934,2.6834324275711374,2.2077197685710983,0.4757126590000391
9935,2.7183057621266444,2.2321442326452057,0.48616152948143876
9936,2.6935633136402903,2.2552988033252586,0.4382645103150318
9937,2.9728186554743274,2.5503850820729195,0.42243357340140797
9938,2.7378193977375047,2.267660089037386,0.47015930870011857
9939,2.589941536485337,2.1059175212817065,0.4840240152036306
9940,2.824411575542828,2.393178781402368,0.4312327941404601
9941,2.7350265066560877,2.272316187350886,0.4627103193052018
9942,2.7066283959558812,2.2568134603966445,0.4498149355592367
9943,2.8022321106166297,2.344276403505603,0.45795570711102673
9944,2.8020848373923974,2.3347344159129615,0.46735042147943595
9945,2.8587353006599625,2.418001876833098,0.44073342382686453
9946,2.847734991913755,2.3775720228097765,0.4701629691039786
9947,3.043289031361579,2.636745252774997,0.40654377858658197
9948,2.720895956612639,2.291311517384592,0.429584439228047
9949,2.613779687367844,2.148005982802566,0.4657737045652781
9950,2.7217593746822235,2.262699096421368,0.4590602782608557
9951,2.731250122122891,2.2784886923829895,0.45276142973990163
9952,2.7393883382902176,2.278615504277892,0.4607728340123254
9953,2.78491011020376,2.342347573690995,0.442562536512765
9954,2.839635695511558,2.368579182188006,0.47105651332355203
9955,2.811905670807036,2.4166504640360627,0.39525520677097337
9956,2.7746675456878287,2.326482865864927,0.4481846798229019
9957,2.6731270107374607,2.194079727459343,0.47904728327811785
9958,2.876384754821464,2.4678572864906174,0.4085274683308464
9959,2.892679187082078,2.4096877781104586,0.4829914089716194
9960,2.8351665969117787,2.4176200678888944,0.41754652902288436
9961,2.9148463337869526,2.471412698650024,0.4434336351369286
9962,2.6659800004691827,2.2014083406726255,0.46457165979655723
9963,2.693395513695359,2.2377152993498566,0.4556802143455023
9964,2.839089683546631,2.3548977505586746,0.48419193298795626
9965,2.692793045977322,2.2212119816116567,0.47158106436566527
9966,2.8358154025258386,2.392319089084974,0.4434963134408645
9967,2.7225828838696753,2.2540887358766146,0.46849414799306066
9968,2.7250335504136807,2.26106772939652,0.4639658210171609
9969,2.837906881671114,2.4027080677326795,0.4351988139384346
9970,2.6664779012527564,2.216728871443912,0.44974902980884446
9971,2.7780321936991097,2.3376966081941037,0.44033558550500596
9972,2.763837638362435,2.303316441748518,0.4605211966139171
9973,2.7084970967549986,2.2270069592416686,0.48149013751333003
9974,2.6876682950347957,2.2472204181744866,0.44044787686030906
9975,2.919711856641247,2.508852447561361,0.4108594090798863
9976,2.689996058349196,2.2256239566630684,0.4643721016861275
9977,2.8075075969696246,2.398614306285338,0.4088932906842868
9978,2.885989137683371,2.4270128823434014,0.45897625533996944
9979,2.8000843149607264,2.3552493683862963,0.4448349465744301
9980,2.644687391358129,2.1740589579429708,0.47062843341515803
9981,2.75343625629766,2.3460725005691696,0.4073637557284906
9982,2.755668842796051,2.3206482616290245,0.4350205811670267
9983,2.719023818517169,2.220028560077369,0.4989952584398001
9984,2.7225752984727203,2.279517123283541,0.44305817518917934
9985,2.7684111931268527,2.327773866779311,0.4406373263475416
9986,2.8169783043346377,2.3740345942783514,0.4429437100562863
9987,2.963808831770344,2.5085562411021285,0.45525259066821544
9988,2.6914974041080093,2.2203319919894025,0.47116541211860685
9989,2.5749129357214477,2.11246332057373,0.46244961514771754
9990,2.78307296091937,2.3540027484697794,0.42907021244959065
9991,2.721196671474457,2.300993060915134,0.420203610559323
9992,2.5960135266390636,2.1212248883266587,0.4747886383124049
9993,2.804760890579088,2.331873536885103,0.47288735369398527
9994,2.7188813813776234,2.2420588206013914,0.476822560776232
9995,2.765679394340218,2.2990808284591613,0.4665985658810565
9996,2.771464115621064,2.301697100234158,0.469767015386906
9997,2.7546659327070016,2.311169471544514,0.4434964611624874
9998,2.8624561151902737,2.470388066789988,0.39206804840028564
9999,2.9320548816607657,2.4883743369465954,0.4436805447141703
