replicate,competitor_bits_per_event,trigram_bits_per_event,delta_competitor_minus_trigram_bits_per_event
0,2.38335595568353,2.2829831004213768,0.10037285526215323
1,2.614938240091825,2.4840820081264883,0.1308562319653368
2,2.3634988300696205,2.2608093826043287,0.10268944746529174
3,2.2465388382065017,2.160332709537425,0.08620612866907651
4,2.3226391773553936,2.225339169633656,0.09730000772173764
5,2.4736020114086057,2.3545272088460734,0.11907480256253233
6,2.387544263102429,2.289442929283671,0.09810133381875774
7,2.5651181541817034,2.4319141051462827,0.1332040490354207
8,2.5655184360880234,2.440239696617043,0.12527873947098023
9,2.4496176835744157,2.3371855694449417,0.11243211412947396
10,2.501999378430071,2.391887327648888,0.1101120507811828
11,2.582420220450889,2.4476015424996125,0.13481867795127656
12,2.28605105322577,2.1974327748535116,0.08861827837225844
13,2.3623757083335883,2.2608564237255986,0.10151928460798976
14,2.4696266935625806,2.362315273255362,0.10731142030721852
15,2.564556915136974,2.4190504980343857,0.14550641710258816
16,2.4706617055466116,2.3588103834936804,0.11185132205293113
17,2.345406850136007,2.2426897448772416,0.10271710525876543
18,2.467515452127133,2.36140601077985,0.10610944134728317
19,2.317964308719335,2.2212459056932614,0.09671840302607349
20,2.3347112518251416,2.242497291495087,0.09221396033005469
21,2.346854048452179,2.249083569775753,0.09777047867642619
22,2.359039829775976,2.2535212486682195,0.10551858110775658
23,2.3696060749345755,2.2674010024199354,0.10220507251464017
24,2.345051890313631,2.242735587535739,0.10231630277789217
25,2.4972886232234925,2.3741994795208394,0.12308914370265311
26,2.52964138465376,2.4078222678698435,0.12181911678391666
27,2.4386767185604494,2.3360842376833575,0.10259248087709194
28,2.4491092888467567,2.3352660267482674,0.11384326209848927
29,2.4149057420055344,2.3138389541557154,0.10106678784981904
30,2.7078953486183917,2.559464623324355,0.14843072529403667
31,2.3368905444385835,2.239684933893267,0.09720561054531629
32,2.3099560102221055,2.206385876155231,0.10357013406687443
33,2.409902170948269,2.3065563810868523,0.10334578986141674
34,2.403179195277214,2.308103781356173,0.09507541392104102
35,2.375690487364524,2.266359976522403,0.10933051084212098
36,2.375858780328422,2.272412803932984,0.10344597639543807
37,2.444640984567013,2.317917886973835,0.12672309759317812
38,2.23491378999126,2.1459612099594922,0.08895258003176787
39,2.369901194210445,2.2643735483595164,0.10552764585092866
40,2.465214033492776,2.3430051445407583,0.12220888895201787
41,2.380774318633049,2.2747487967528572,0.10602552188019176
42,2.5271292916843304,2.4036781070516766,0.12345118463265381
43,2.4448808700259232,2.3274723069533754,0.11740856307254788
44,2.5189262374304455,2.3870508954250442,0.1318753420054013
45,2.4128353866155305,2.29914770229172,0.1136876843238106
46,2.417165817665004,2.3138511799739883,0.10331463769101568
47,2.3550856695662024,2.2484971413151413,0.10658852825106102
48,2.5302027326645398,2.39770135158905,0.1325013810754898
49,2.4347086646965344,2.3247076220659033,0.11000104263063104
50,2.418037195740571,2.306627871292168,0.1114093244484029
51,2.860185317282608,2.7089227141631973,0.15126260311941087
52,2.2989431885818847,2.198700268139946,0.10024292044193883
53,2.485245448813098,2.3577313826155284,0.12751406619756978
54,2.510936457237434,2.376492179373156,0.13444427786427804
55,2.5485073248340115,2.4195672436053726,0.12894008122863898
56,2.313028389153336,2.2223880664706184,0.09064032268271749
57,2.448300604834711,2.333595868073096,0.11470473676161497
58,2.3844517773830716,2.2823866429294184,0.10206513445365317
59,2.3868262101305087,2.2748866031139943,0.1119396070165144
60,2.3876940989627946,2.2829768103519172,0.10471728861087737
61,2.633907829234004,2.495522775090817,0.1383850541431868
62,2.36365380457692,2.2560339894377517,0.1076198151391683
63,2.4441731738276675,2.324859684197319,0.11931348963034871
64,2.612731278596732,2.471288155081052,0.1414431235156801
65,2.4580328656204578,2.3469024286011773,0.11113043701928049
66,2.432190155887703,2.3203335749305265,0.11185658095717654
67,2.395083758677846,2.2831625719931004,0.1119211866847456
68,2.405918540058723,2.30325393169182,0.10266460836690294
69,2.402169871730935,2.2958850295906874,0.1062848421402478
70,2.375928388809027,2.261913603500319,0.1140147853087079
71,2.3500889408291004,2.242766430411549,0.10732251041755125
72,2.368633897171299,2.268592103884183,0.10004179328711604
73,2.5059213864349474,2.389124945541636,0.11679644089331154
74,2.6845077012761864,2.5305966446921646,0.15391105658402182
75,2.4519933876904343,2.332648924467656,0.11934446322277825
76,2.6953054498178686,2.5447228890573785,0.15058256076049004
77,2.4446462466531456,2.3274743972513567,0.11717184940178882
78,2.4186599070031294,2.3026562004197024,0.11600370658342696
79,2.4134746129330744,2.299417247274184,0.11405736565889057
80,2.537267967076072,2.4110966541097074,0.12617131296636463
81,2.550150490381928,2.4202314113241816,0.12991907905774625
82,2.3554681785856144,2.249705927604211,0.10576225098140357
83,2.4694961433130644,2.352068015884686,0.11742812742837838
84,2.3357515029614713,2.2298599532182286,0.10589154974324266
85,2.717186422824957,2.573646969017257,0.14353945380769995
86,2.3213265545603443,2.2159179351980685,0.10540861936227586
87,2.3848960968829287,2.279526816004265,0.10536928087866348
88,2.5035701332537177,2.3713726565616313,0.13219747669208637
89,2.3171581785151307,2.2168551676135637,0.10030301090156701
90,2.540460479291976,2.412249162768724,0.1282113165232519
91,2.651895356720617,2.5130767075871145,0.13881864913350261
92,2.2209605256260154,2.1348153672407024,0.086145158385313
93,2.339380171916512,2.2470915979673958,0.09228857394911616
94,2.430715569190804,2.3246853951821653,0.10603017400863868
95,2.3531563734478533,2.248863159836882,0.10429321361097132
96,2.431462654630679,2.3102974056258194,0.12116524900485937
97,2.3896116885972005,2.277269881174077,0.11234180742312372
98,2.314685163966683,2.2106591093209538,0.104026054645729
99,2.3162083707538974,2.218202361460179,0.0980060092937185
100,2.561178880169564,2.4172083970621587,0.14397048310740512
101,2.4029200431962985,2.293078632374085,0.10984141082221344
102,2.48380815181321,2.3677005136709437,0.1161076381422661
103,2.4725131364867545,2.3635654956882686,0.10894764079848596
104,2.341871713041915,2.2414021982181427,0.10046951482377242
105,2.2153530605525433,2.137353092571093,0.07799996798145026
106,2.393400045051932,2.2807917977425896,0.1126082473093426
107,2.7660961687037995,2.6204073807399824,0.14568878796381712
108,2.3382582582171163,2.2349501921694643,0.10330806604765197
109,2.426490989794009,2.319363095718067,0.10712789407594192
110,2.5103672914793953,2.393991020164141,0.11637627131525452
111,2.4610380056918277,2.342803209081105,0.11823479661072289
112,2.4236465883525242,2.3194994473858883,0.10414714096663591
113,2.468732054199373,2.356843533759084,0.11188852044028907
114,2.64941616894235,2.521765591183185,0.127650577759165
115,2.9412457373653487,2.779147275544771,0.16209846182057763
116,2.4103698082714744,2.3014240407299402,0.10894576754153418
117,2.5335671022694397,2.4050836574425314,0.12848344482690832
118,2.5676159295795857,2.436709210894444,0.1309067186851416
119,2.4683051242092113,2.346061981519304,0.12224314268990755
120,2.2714346040105684,2.177599841939415,0.09383476207115349
121,2.4534852197577193,2.349237811335985,0.10424740842173419
122,2.271886163850952,2.1810481285883374,0.0908380352626148
123,2.2485481882921876,2.160466913806695,0.08808127448549241
124,2.5090526479804973,2.3854885032869673,0.12356414469353005
125,2.3294191268009,2.224160864031438,0.10525826276946226
126,2.327861527066477,2.224856095107916,0.10300543195856093
127,2.5167486986024694,2.38954124127647,0.12720745732599958
128,2.444779350158855,2.330467428855415,0.11431192130344003
129,2.41823076652128,2.3105726481235647,0.10765811839771544
130,2.5513871975638662,2.4216707564703976,0.12971644109346858
131,2.26269941085093,2.16994140598766,0.09275800486327013
132,2.3070672891679065,2.2080247498208765,0.09904253934703
133,2.6289277238050963,2.49617030367364,0.13275742013145653
134,2.3685923531093525,2.273617712361068,0.09497464074828432
135,2.3062500505238663,2.205408898154815,0.10084115236905156
136,2.5009643512940487,2.385089373591034,0.1158749777030148
137,2.237413410275114,2.1527521087411143,0.08466130153399964
138,2.2968621249291434,2.20876454618082,0.08809757874832336
139,2.5086708298356393,2.3943664242040867,0.11430440563155253
140,2.662585346836222,2.5309053090928617,0.13168003774336023
141,2.6629975967456243,2.5231503515670823,0.13984724517854197
142,2.37508445398944,2.26274577944085,0.11233867454859015
143,2.5399840352599745,2.4016528951785685,0.138331140081406
144,2.4243467952603788,2.3097662675260926,0.11458052773428617
145,2.554841367449727,2.4295776484428186,0.12526371900690814
146,2.434287916705836,2.324770431675974,0.10951748502986192
147,2.555510264682516,2.423027281082136,0.1324829836003798
148,2.4221752742350606,2.3098742285743423,0.1123010456607183
149,2.486127160031279,2.3707049388443453,0.1154222211869338
150,2.5069698413526487,2.390262967284047,0.1167068740686017
151,2.3743937956101653,2.2725144704636486,0.10187932514651665
152,2.3262093562451858,2.2221176154555216,0.10409174078966421
153,2.4308225972575306,2.3093604546257263,0.12146214263180433
154,2.5958761343819376,2.467121105547204,0.12875502883473366
155,2.4398973521292455,2.3122612804527107,0.1276360716765348
156,2.349714244648083,2.2436940088064676,0.10602023584161557
157,2.421254202168888,2.3212745958673957,0.09997960630149239
158,2.465301122352165,2.3445880483081982,0.1207130740439668
159,2.504457081047386,2.3894858445563507,0.11497123649103536
160,2.374119137057871,2.270255514962579,0.10386362209529221
161,2.325993676231548,2.218475109858658,0.10751856637289015
162,2.3559899915178435,2.250373891191782,0.10561610032606161
163,2.3413590126276604,2.2345411034567766,0.10681790917088385
164,2.5310448586249836,2.414452482940443,0.11659237568454062
165,2.416947461551274,2.303220071559244,0.11372738999203014
166,2.3882864128547783,2.2756116564606224,0.11267475639415592
167,2.4343934551834563,2.315208091404092,0.11918536377936428
168,2.539741569401362,2.4069537787304,0.13278779067096202
169,2.2851946531836616,2.195762095088921,0.0894325580947406
170,2.418150290585969,2.307124687926209,0.11102560265976003
171,2.324355396448875,2.2160843736423694,0.10827102280650536
172,2.320348168408246,2.225044918044037,0.09530325036420928
173,2.3640840696523457,2.2659193370228556,0.0981647326294901
174,2.4511807328892194,2.3270444746695165,0.12413625821970298
175,2.3750036018099276,2.2749264549948602,0.10007714681506741
176,2.5903953115821223,2.4614035927233715,0.12899171885875083
177,2.3700477180880855,2.271098610457887,0.09894910763019826
178,2.5247929922660797,2.3902614084753986,0.1345315837906811
179,2.3898512451810947,2.2829188677355177,0.10693237744557704
180,2.463361126680591,2.3540544522649602,0.10930667441563058
181,2.355598600525372,2.2531928754973416,0.10240572502803058
182,2.2776064383946952,2.1880865713794964,0.08951986701519887
183,2.317474545344237,2.222356632182635,0.09511791316160201
184,2.3222781993832307,2.2222719413340504,0.10000625804918029
185,2.6790918734212883,2.523689546877124,0.1554023265441642
186,2.43626258033676,2.3263457251470703,0.10991685518968985
187,2.4099154578735233,2.3074699771313125,0.10244548074221083
188,2.6148778053503974,2.456031513294005,0.15884629205639245
189,2.4803162441977897,2.3648942701084823,0.11542197408930743
190,2.6050888371673415,2.47523277121272,0.1298560659546215
191,2.547467078379285,2.429858673862352,0.117608404516933
192,2.2568184993573555,2.165295508987294,0.0915229903700614
193,2.3575792821160872,2.2520245335561104,0.10555474855997682
194,2.672109647710566,2.5374586782655553,0.13465096944501065
195,2.3316282558929378,2.23718866504789,0.09443959084504794
196,2.3972699503081323,2.291191825022524,0.10607812528560823
197,2.287231945644442,2.1954747946182165,0.09175715102622561
198,2.4073836119545864,2.3048111408917515,0.10257247106283485
199,2.2162151061101385,2.134159880985173,0.08205522512496533
200,2.547756160857695,2.4255456016023573,0.12221055925533753
201,2.4659659313243183,2.355186755647624,0.11077917567669449
202,2.367626196358274,2.271976533362123,0.09564966299615119
203,2.5719173771865456,2.4521077686630433,0.11980960852350231
204,2.320694914855987,2.2218044696340686,0.09889044522191837
205,2.5398351294869927,2.412011379243064,0.12782375024392856
206,2.4656377350016827,2.336986689044176,0.12865104595750676
207,2.5638835669614517,2.421460228776144,0.14242333818530772
208,2.3229219722552257,2.2211675901240464,0.10175438213117927
209,2.3527645320333965,2.244203965154692,0.10856056687870463
210,2.3504960695434303,2.2482861446899003,0.10220992485352998
211,2.376685046975356,2.276484968406939,0.10020007856841717
212,2.5150395820136686,2.384214826247172,0.13082475576649655
213,2.5285761790093706,2.410172880753575,0.11840329825579543
214,2.4830149513736326,2.3590404405419334,0.12397451083169919
215,2.4235183162868883,2.3151712285103336,0.10834708777655466
216,2.374244198034363,2.261134950776291,0.11310924725807237
217,2.425584407896579,2.319735451584459,0.1058489563121201
218,2.565376043600509,2.4372794902247956,0.12809655337571346
219,2.5925816151824748,2.45523430637312,0.13734730880935464
220,2.4478960153448095,2.338857505043719,0.10903851030109069
221,2.5438670550502724,2.409943928354471,0.13392312669580164
222,2.352918447470189,2.2535543563776637,0.09936409109252553
223,2.411339643614679,2.3077430089719653,0.10359663464271351
224,2.459360074645516,2.3403298086722475,0.11903026597326871
225,2.245483144850278,2.1525707393736058,0.09291240547667234
226,2.6900960052006204,2.5465201734987195,0.1435758317019009
227,2.9433761630109823,2.792463103436031,0.15091305957495127
228,2.4286108195920706,2.31892943399437,0.10968138559770058
229,2.399699046181954,2.2958933536707837,0.10380569251117011
230,2.5041570220223948,2.3761723435240607,0.12798467849833406
231,2.7704079055093267,2.6300487413739813,0.14035916413534544
232,2.8165250573441982,2.6577692144661276,0.15875584287807065
233,2.5115248830067327,2.3956791029727307,0.11584578003400203
234,2.4462185868669857,2.318845549120461,0.12737303774652453
235,2.405922341926621,2.291678579482861,0.11424376244376022
236,2.48471047847319,2.3709413763140534,0.11376910215913671
237,2.4114562927274594,2.299460133125436,0.11199615960202358
238,2.3801641916016223,2.271064092874193,0.1091000987274291
239,2.393189868377234,2.293453934720568,0.09973593365666611
240,2.31909036153552,2.2176657987040276,0.10142456283149226
241,2.3601312102235172,2.2607884951468544,0.09934271507666281
242,2.3786231727546094,2.2754177118924592,0.10320546086215021
243,2.3959045005516106,2.2816708430055557,0.11423365754605497
244,2.2882864611867317,2.194981033735524,0.09330542745120773
245,2.553296876828758,2.4348539872397064,0.11844288958905169
246,2.302589335959949,2.2101870016267173,0.09240233433323164
247,2.3689600221325517,2.262011755879985,0.1069482662525667
248,2.2515749682721413,2.1614679076739702,0.09010706059817108
249,2.4140314882725566,2.2964422576358277,0.11758923063672899
250,2.397607763583073,2.2897918748083175,0.10781588877475556
251,2.3526612674851854,2.250495911587518,0.10216535589766762
252,2.5215437527115765,2.401873846637282,0.11966990607429429
253,2.2251298250466105,2.139785868681363,0.08534395636524739
254,2.3824683216816593,2.2755902444480185,0.10687807723364084
255,2.5181571950444948,2.3987716134184423,0.1193855816260525
256,2.614492782626196,2.4609910788077722,0.15350170381842387
257,2.527707414147365,2.4024788250753173,0.12522858907204792
258,2.344924095544531,2.240914515317122,0.10400958022740925
259,2.427197152192135,2.3131883829533266,0.11400876923880832
260,2.274514135552292,2.183718673531666,0.09079546202062616
261,2.4433804700709065,2.3259175657232025,0.11746290434770401
262,2.501578034840856,2.3805946597716257,0.12098337506923018
263,2.4828152042527076,2.367904798043544,0.1149104062091637
264,2.2772211093686257,2.1851344999936706,0.09208660937495505
265,2.677276949462774,2.536329966639696,0.14094698282307805
266,2.4714740869854355,2.351922138092085,0.11955194889335052
267,2.42152907869307,2.3071996843864437,0.11432939430662614
268,2.290215284582051,2.194801336506437,0.09541394807561421
269,2.584156543806148,2.4545938148942654,0.12956272891188236
270,2.4039339363187238,2.2953648341194968,0.108569102199227
271,2.4830854892022476,2.35941273783235,0.12367275136989742
272,2.484309054410147,2.364012938131224,0.12029611627892312
273,2.2402707314771586,2.1544144753006456,0.08585625617651305
274,2.539088916406065,2.4007105903764008,0.13837832602966404
275,2.4854606636890844,2.3792477207093827,0.10621294297970163
276,2.524511153877014,2.3980101437098527,0.12650101016716153
277,2.398146520641943,2.29469446426408,0.10345205637786314
278,2.427532951511741,2.3182141667438314,0.1093187847679098
279,2.397720145604867,2.289535004641248,0.10818514096361875
280,2.395153544159493,2.2833991170411156,0.11175442711837746
281,2.460283530974346,2.349457945903325,0.1108255850710207
282,2.692134526041526,2.5493205228026556,0.1428140032388705
283,2.4630826491917115,2.351788531011309,0.11129411818040236
284,2.3086975819576243,2.217401106432349,0.09129647552527542
285,2.3953194189089335,2.2883827783338906,0.10693664057504293
286,2.482529824324035,2.372202433458184,0.11032739086585064
287,2.446887841168119,2.3291970743508896,0.11769076681722934
288,2.496641113922528,2.3836540947132554,0.11298701920927279
289,2.4255021146224065,2.3114460330331696,0.11405608158923686
290,2.3482680036538346,2.2573502246826087,0.09091777897122588
291,2.409458975077969,2.3109938474746494,0.09846512760331949
292,2.497824434197495,2.3901528777775565,0.10767155641993842
293,2.3363980396132504,2.2382504808889774,0.09814755872427305
294,2.367920041708197,2.267450135910887,0.10046990579730997
295,2.4800173103312515,2.358592002796887,0.12142530753436453
296,2.3045669645453106,2.206714279695088,0.0978526848502228
297,2.3941560190526388,2.2893912134918,0.10476480556083878
298,2.4033687248222217,2.2816919235967466,0.1216768012254752
299,2.430878591886069,2.316167785020971,0.11471080686509794
300,2.448365606317249,2.32710074913354,0.12126485718370938
301,2.617205985633677,2.471342551770498,0.14586343386317902
302,2.3536719295221133,2.2522900265245145,0.10138190299759886
303,2.359450785787267,2.252937063728089,0.10651372205917786
304,2.7472458521258742,2.591105628524009,0.1561402236018652
305,2.28427532088969,2.1914000907941134,0.09287523009557663
306,2.6514057482359026,2.511991775739188,0.1394139724967145
307,2.436731692325034,2.3198530211751542,0.11687867114987993
308,2.653135094794483,2.511721339938361,0.14141375485612206
309,2.6624205169044632,2.5397945770479713,0.12262593985649195
310,2.445224557151636,2.3345375840902505,0.11068697306138553
311,2.566069831233199,2.4397765736366503,0.12629325759654852
312,2.511759483465513,2.3880746789478415,0.1236848045176715
313,2.2594479559702827,2.173487692626676,0.08596026334360651
314,2.4705132131462766,2.351189048447728,0.11932416469854878
315,2.483448877686493,2.367356690850861,0.11609218683563194
316,2.638657186302622,2.5061585152033095,0.13249867109931257
317,2.647829152113221,2.503201863486772,0.1446272886264488
318,2.5132377086722313,2.390144619393455,0.12309308927877627
319,2.603616005702698,2.474151585320522,0.1294644203821762
320,2.28151117306869,2.194268496577541,0.08724267649114914
321,2.3769590825590554,2.2753080318751966,0.10165105068385882
322,2.3075641902951,2.199635466577173,0.10792872371792672
323,2.4778328596230734,2.3636872217395704,0.11414563788350307
324,2.443489644438806,2.326048841097229,0.11744080334157703
325,2.6118528185885976,2.4694154316319255,0.14243738695667219
326,2.324640068431681,2.229523337803106,0.09511673062857495
327,2.2594825309018396,2.1687370182752765,0.09074551262656305
328,2.3779319399858654,2.271053089161166,0.10687885082469917
329,2.4356845664015476,2.326402544762273,0.1092820216392747
330,2.5336279592750635,2.411011292033247,0.1226166672418163
331,2.2934842180807693,2.1914501603235235,0.10203405775724583
332,2.5106065832498508,2.386039739325449,0.12456684392440165
333,2.347452449361107,2.2442734679617398,0.10317898139936732
334,2.6494272882450574,2.5124791887876357,0.1369480994574217
335,2.81452649328311,2.6626950707367425,0.15183142254636772
336,2.413171139424972,2.303495533403705,0.10967560602126714
337,2.4204069625877356,2.315445218333558,0.1049617442541777
338,2.2952081748644915,2.206211283801617,0.08899689106287445
339,2.4973711679484647,2.370322115355122,0.12704905259334254
340,2.501981198805543,2.3855157455411247,0.11646545326441826
341,2.4952717575543475,2.3681948094154586,0.12707694813888892
342,2.402232339855791,2.2880991136414255,0.11413322621436572
343,2.4036298933977056,2.2990276258019184,0.10460226759578717
344,2.3869019196384103,2.2815608130564833,0.10534110658192697
345,2.4783821586337,2.3460541362624134,0.13232802237128638
346,2.5128543140563693,2.3886614163176443,0.124192897738725
347,2.3824111019024428,2.2825934702895805,0.09981763161286228
348,2.3659542440969843,2.2685140449058188,0.09744019919116553
349,2.4176022854928445,2.302844307728245,0.1147579777645995
350,2.5801674910046413,2.447559016876127,0.13260847412851406
351,2.3235658212905124,2.2174115022325704,0.10615431905794193
352,2.390654889557718,2.2755315188607232,0.11512337069699496
353,2.42346731421456,2.3067195290967217,0.11674778511783845
354,2.435538653393888,2.3253756388116287,0.11016301458225941
355,2.437025160385628,2.323927142912801,0.1130980174728271
356,2.5149982822037535,2.3956360734920423,0.11936220871171122
357,2.4009021637441976,2.285644366871446,0.1152577968727515
358,2.438002995824076,2.324394160255319,0.113608835568757
359,2.680117127466179,2.5468837189181213,0.13323340854805776
360,2.452698354197835,2.344586901492789,0.10811145270504596
361,2.4288143553316632,2.3197110081030714,0.10910334722859183
362,2.5019796434286956,2.380973391467748,0.12100625196094761
363,2.380288795451609,2.275594536277389,0.10469425917422015
364,2.5722628802631977,2.4453808772374503,0.12688200302574737
365,2.5187473492660497,2.3901074984369446,0.12863985082910512
366,2.4559568371808935,2.3361502802555303,0.11980655692536324
367,2.358492198914617,2.248204599851848,0.11028759906276875
368,2.39125998383579,2.2822250790611034,0.10903490477468658
369,2.611541369417444,2.48694981714621,0.1245915522712342
370,2.5089928715485885,2.383016804265556,0.12597606728303257
371,2.455308623434968,2.3287378922763877,0.12657073115858042
372,2.2390326664567723,2.157877503952187,0.08115516250458521
373,2.234993809620111,2.1526768794067217,0.08231693021338948
374,2.42317629180136,2.303891712172767,0.11928457962859307
375,2.3046374523060127,2.20841136097383,0.09622609133218285
376,2.236165027590955,2.1503478352983745,0.08581719229258056
377,2.856544767851538,2.699452789404068,0.15709197844747003
378,2.5751951084869185,2.4385273544177317,0.13666775406918674
379,2.3987719079181886,2.287059741363171,0.11171216655501759
380,2.4056371323809933,2.297245547873838,0.10839158450715525
381,2.3250527856695915,2.2288203879983497,0.09623239767124181
382,2.5415137074551692,2.4226337503326842,0.118879957122485
383,2.4126557218531883,2.303574488416884,0.10908123343630427
384,2.232871212871886,2.15045347501205,0.0824177378598363
385,2.391892281891358,2.2873955554278314,0.10449672646352681
386,2.4206734249129136,2.313017838458494,0.10765558645441953
387,2.615026997955218,2.4892155903825817,0.1258114075726362
388,2.4346694842108305,2.325437895921143,0.10923158828968749
389,2.334643204370517,2.2342520493675946,0.10039115500292262
390,2.424627608238278,2.301401106973286,0.12322650126499202
391,2.339767146230866,2.236525717457667,0.10324142877319886
392,2.374315967578148,2.2762850393970986,0.09803092818104941
393,2.48579676371864,2.3704550929637676,0.11534167075487245
394,2.746812762403412,2.5930340899682607,0.15377867243515153
395,2.4153220343818242,2.302221494972021,0.11310053940980325
396,2.5814559161380344,2.468102892177965,0.11335302396006952
397,2.4682310016842943,2.3454269694954575,0.12280403218883684
398,2.6302375480273925,2.4945107072833843,0.1357268407440082
399,2.405071032981837,2.3067608508137947,0.09831018216804255
400,2.4150502495733774,2.2953509838925297,0.11969926568084777
401,2.344651238946945,2.2410471705283994,0.10360406841854575
402,2.487254501600543,2.3613316688371193,0.12592283276342364
403,2.4463273250806985,2.3350240745864466,0.11130325049425194
404,2.3004740482577217,2.2079117930517316,0.09256225520599015
405,2.4618728046565517,2.3491468930269,0.11272591162965151
406,2.4495473684890663,2.336534405850735,0.11301296263833116
407,2.603812106993426,2.4834502364604027,0.12036187053302339
408,2.6218658787665134,2.4878389674427512,0.1340269113237622
409,2.3919103513543796,2.290147349911092,0.10176300144328776
410,2.4102370397487176,2.3056976370591067,0.10453940268961093
411,2.353999686878143,2.2426422899586234,0.11135739691951985
412,2.2780676450824977,2.1803772149863483,0.09769043009614942
413,2.3535373123457863,2.251513585217576,0.1020237271282105
414,2.4929860941184288,2.378900110720215,0.11408598339821374
415,2.401436819215487,2.2954953536207574,0.1059414655947295
416,2.773289393656588,2.629431320493998,0.14385807316259003
417,2.43034613742602,2.3100114127183757,0.12033472470764428
418,2.592143071293903,2.4577293002409557,0.13441377105294716
419,2.4250765186751093,2.3120971542777173,0.11297936439739198
420,2.2996468244393706,2.2028139361735306,0.09683288826584002
421,2.777567639496671,2.628349207120758,0.14921843237591315
422,2.588453752759575,2.4548106851430846,0.13364306761649036
423,2.521963644641701,2.4115879607159583,0.1103756839257426
424,2.4232982331541715,2.308423501318732,0.11487473183543928
425,2.192877601740868,2.113416253735835,0.07946134800503302
426,2.5148642019337837,2.3972639450186675,0.11760025691511622
427,2.3636238771592906,2.2604797601234625,0.10314411703582804
428,2.422837608415398,2.308919844833694,0.11391776358170391
429,2.454296173356533,2.343693122798191,0.11060305055834174
430,2.306622900079848,2.2006259054450372,0.10599699463481072
431,2.278025025903555,2.188636423367197,0.08938860253635772
432,2.3854060666002432,2.281992136385051,0.10341393021519218
433,2.374597681198352,2.2667114438123317,0.10788623738602032
434,2.5771458253665207,2.4242885149958706,0.1528573103706501
435,2.387175331789315,2.285387180897734,0.101788150891581
436,2.4183110788434385,2.3139546848207173,0.10435639402272123
437,2.566031405702835,2.421869169386273,0.144162236316562
438,2.4949422249953397,2.3801185721311913,0.11482365286414842
439,2.5115578989418337,2.3891577963817228,0.12240010256011091
440,2.571689213141726,2.440287185618697,0.1314020275230292
441,2.2898199781651916,2.1948971249118596,0.09492285325333194
442,2.475453824159216,2.3581209305503914,0.11733289360882448
443,2.4218583716132884,2.317812593909506,0.10404577770378243
444,2.4221663221844545,2.303404245652314,0.11876207653214044
445,2.490718991371714,2.3688953417668497,0.12182364960486414
446,2.248513871619655,2.158171247649508,0.09034262397014725
447,2.340064240648373,2.226745270841082,0.11331896980729095
448,2.211928346387605,2.1343090026817686,0.07761934370583656
449,2.366657510727833,2.2661619508756514,0.1004955598521815
450,2.2661824430034776,2.17897724053514,0.08720520246833763
451,2.4633826747876295,2.348026777963133,0.11535589682449654
452,2.3568574128466224,2.2548078722852054,0.10204954056141702
453,2.519288049998371,2.4032589838210345,0.11602906617733666
454,2.4716656844470615,2.344888395116061,0.12677728933100063
455,2.6811643677091124,2.5369929367877164,0.14417143092139595
456,2.3056180583153205,2.2028942154711837,0.10272384284413683
457,2.3504077652507713,2.254873400117847,0.09553436513292413
458,2.5277292481549996,2.395815162083733,0.13191408607126665
459,2.3574073834199445,2.2593450528595045,0.09806233056044
460,2.2946609650646597,2.1959038525106194,0.0987571125540403
461,2.459484637256327,2.3389339713303197,0.12055066592600738
462,2.346870279639691,2.2388279970352856,0.1080422826044054
463,2.4445119401321693,2.3309214728251297,0.11359046730703959
464,2.419555640490292,2.3000485394778716,0.11950710101242024
465,2.3875771908375043,2.2759288654955796,0.1116483253419247
466,2.519829611249388,2.3832957377907436,0.13653387345864454
467,2.587245800741797,2.4536482767100405,0.13359752403175662
468,2.4083060679331845,2.2915865203292674,0.11671954760391712
469,2.3919706812258608,2.280990209070908,0.11098047215495255
470,2.2805668050220835,2.1834963576481425,0.097070447373941
471,2.2146578123393965,2.130732360676792,0.08392545166260446
472,2.287663239643805,2.195767917983957,0.09189532165984815
473,2.4879261933703676,2.372470385568389,0.1154558078019785
474,2.401328879407859,2.288563331801102,0.11276554760675683
475,2.5177230550231684,2.397099819401155,0.1206232356220136
476,2.396880411209575,2.2802034882374884,0.11667692297208676
477,2.5223130702340786,2.386234270469182,0.13607879976489645
478,2.6935949207061327,2.55082922559185,0.14276569511428283
479,2.3215588594290946,2.2235064124295914,0.09805244699950322
480,2.3286291200888054,2.2322655845925157,0.09636353549628973
481,2.399044326735681,2.2898169757060165,0.10922735102966463
482,2.4429743447516334,2.3296283191726,0.1133460255790335
483,2.3907924654855,2.2880217389257513,0.10277072655974884
484,2.3549228407122755,2.244187918584671,0.11073492212760438
485,2.562358907621793,2.438573038924639,0.12378586869715402
486,2.24911403932933,2.159895046221888,0.08921899310744186
487,2.3746219585553487,2.268516589804963,0.10610536875038568
488,2.3646444458329747,2.269612990616722,0.09503145521625278
489,2.299501501475409,2.1998397334794864,0.09966176799592263
490,2.3648565957633276,2.266878244515649,0.09797835124767884
491,2.451875042427165,2.339855613803437,0.11201942862372816
492,2.383730204900487,2.2810968101061198,0.1026333947943674
493,2.339748768908126,2.2366011265098837,0.10314764239824248
494,2.2971803770452146,2.206773234135831,0.09040714290938379
495,2.416670255764782,2.302900003494872,0.11377025226991
496,2.469749887918747,2.355878667589511,0.11387122032923624
497,2.4482003178959295,2.327577298461404,0.12062301943452569
498,2.355565556640721,2.250199820436061,0.10536573620465983
499,2.3286535836123248,2.2353685522656788,0.09328503134664601
500,2.3905501030058836,2.2829638687372067,0.10758623426867686
501,2.41822432308629,2.3010557419485744,0.11716858113771567
502,2.4499818718636663,2.346624628210717,0.1033572436529493
503,2.4198585293129584,2.303534371202412,0.11632415811054653
504,2.329537681898438,2.2304800282634303,0.09905765363500763
505,2.344035293485594,2.2429560553627352,0.10107923812285868
506,2.2595324716212866,2.168980134284411,0.09055233733687551
507,2.576685810995506,2.4429734986566887,0.13371231233881753
508,2.3368602945009145,2.230667257915432,0.1061930365854824
509,2.4798186387094234,2.368050503412417,0.11176813529700658
510,2.6114530707756876,2.478119417585731,0.1333336531899567
511,2.3824882045575215,2.2658157190892587,0.11667248546826281
512,2.4223075136604475,2.3122548435312402,0.11005267012920728
513,2.560179601046277,2.4386942731769685,0.12148532786930843
514,2.569311392288126,2.450279339807384,0.11903205248074178
515,2.365346716754432,2.263892392248512,0.10145432450591985
516,2.4498656773168674,2.3354489079757825,0.11441676934108491
517,2.3210982765767794,2.2244902909263002,0.09660798565047912
518,2.4038453134567503,2.2936152069780475,0.1102301064787028
519,2.393950950285541,2.2878025522205836,0.10614839806495757
520,2.3672534920665567,2.266110721724699,0.1011427703418577
521,2.4821343200785355,2.353234563297651,0.12889975678088472
522,2.5358046768163125,2.400290964720008,0.13551371209630458
523,2.2802739345022642,2.180489496444516,0.09978443805774839
524,2.501956582792644,2.372698201893462,0.12925838089918207
525,2.3340701777340094,2.236892297345131,0.09717788038887853
526,2.270883748951895,2.1783042647299236,0.0925794842219716
527,2.488366153529267,2.3698457596465956,0.11852039388267155
528,2.3622978078822565,2.249231533996989,0.11306627388526769
529,2.49654020654842,2.3911204176566025,0.10541978889181758
530,2.311986665636094,2.2075687920423728,0.10441787359372112
531,2.4169102326856335,2.3132617853537454,0.10364844733188816
532,2.407380298821903,2.300909664003581,0.1064706348183222
533,2.2892451973755117,2.191766102618993,0.0974790947565185
534,2.3547713993968515,2.250824580057605,0.10394681933924632
535,2.359887530872871,2.2526105240160805,0.10727700685679054
536,2.335124441826604,2.227136679899838,0.10798776192676618
537,2.415918053834882,2.2976124110684633,0.11830564276641864
538,2.6358011503609124,2.504471399920562,0.13132975044035033
539,2.303510542454812,2.2084118397580847,0.09509870269672716
540,2.4671598640023524,2.3506983223244973,0.11646154167785516
541,2.4600884155299934,2.3334455810822794,0.12664283444771396
542,2.5615675052683775,2.439735321438372,0.12183218383000538
543,2.341264702479757,2.2473733086049403,0.09389139387481649
544,2.610599291080681,2.491329943860596,0.1192693472200852
545,2.4033049608159462,2.2923622156918952,0.110942745124051
546,2.325376193825786,2.227557858382159,0.09781833544362684
547,2.8710355629444777,2.7075292765761705,0.16350628636830722
548,2.399081861336278,2.294588096988652,0.10449376434762625
549,2.41088071115504,2.290135492007565,0.12074521914747471
550,2.439147578022125,2.31893209790389,0.12021548011823491
551,2.380956354251858,2.2772518036049876,0.10370455064687034
552,2.5111191895150218,2.3803764055258663,0.1307427839891555
553,2.3295800920622765,2.2296045331092844,0.09997555895299204
554,2.4928476525678103,2.3822895608163104,0.11055809175149989
555,2.389370507404343,2.2861950087647758,0.10317549863956721
556,2.620335263555851,2.4902864524889705,0.13004881106688027
557,2.4277636737875397,2.305183989531957,0.12257968425558285
558,2.518190529063742,2.3958966456878175,0.1222938833759244
559,2.3639141568535966,2.2584218847195143,0.1054922721340823
560,2.5084053900213275,2.3823345389198303,0.12607085110149718
561,2.4172553998381208,2.3001982617773753,0.11705713806074547
562,2.3049176678827012,2.198597508907784,0.10632015897491742
563,2.466731614310481,2.350974334645234,0.11575727966524685
564,2.428487402706795,2.319104022187253,0.10938338051954188
565,2.699811983942973,2.569541962555996,0.13027002138697696
566,2.4369562354285934,2.335802412217748,0.10115382321084532
567,2.3066963313888813,2.2050386758422795,0.10165765554660178
568,2.3166318091931206,2.22076064023516,0.09587116895796077
569,2.6269749812045675,2.492674174227169,0.13430080697739832
570,2.4026501738700987,2.2982062876189007,0.10444388625119805
571,2.407337086080057,2.289135675197923,0.1182014108821341
572,2.5609446231095814,2.4238198935809505,0.13712472952863086
573,2.5053860892168958,2.3771411831420486,0.12824490607484718
574,2.632878009301822,2.5144903926987983,0.11838761660302355
575,2.3902202140494198,2.2763321656445163,0.11388804840490341
576,2.3595505391410376,2.262973737209249,0.09657680193178875
577,2.31669968830394,2.216934156616266,0.09976553168767399
578,2.42774877246699,2.3221674329355366,0.10558133953145354
579,2.571852185615945,2.4431018952533097,0.1287502903626354
580,2.4198094366981566,2.3062245262850185,0.11358491041313812
581,2.3979916322391777,2.2925266540063483,0.10546497823282941
582,2.5100759320482253,2.392896914524952,0.1171790175232732
583,2.453924544152293,2.336502907430989,0.11742163672130435
584,2.634020188690623,2.4978340489181097,0.13618613977251348
585,2.596492277073315,2.4557449715604003,0.1407473055129147
586,2.391172393349315,2.2789099286765278,0.11226246467278722
587,2.391184924881543,2.2850951788468805,0.10608974603466237
588,2.558687717193545,2.433861989487,0.12482572770654476
589,2.34062921899435,2.239945119387136,0.10068409960721425
590,2.4749612668695318,2.353369076410354,0.1215921904591779
591,2.568085873713011,2.4273102914093694,0.1407755823036414
592,2.395866506449945,2.2927907794303466,0.10307572701959833
593,2.342829415660233,2.2386409993515595,0.10418841630867348
594,2.359473937219583,2.2592749943522317,0.10019894286735154
595,2.466714843226748,2.347871431835639,0.11884341139110921
596,2.6967849617820217,2.5662158583245787,0.130569103457443
597,2.418991605946441,2.3069403549382335,0.11205125100820768
598,2.4047399171696955,2.299986611417265,0.10475330575243058
599,2.5062337184330454,2.3877837707345564,0.11844994769848904
600,2.376310219769507,2.2745013286716635,0.10180889109784363
601,2.372820212871633,2.261004233824884,0.111815979046749
602,2.4494095270160474,2.330512221528273,0.11889730548777422
603,2.528908754260759,2.4175986652325183,0.1113100890282408
604,2.245518813463505,2.155435000602222,0.09008381286128309
605,2.2912593777270374,2.205458635587249,0.08580074213978817
606,2.361438922462762,2.262600144624718,0.09883877783804396
607,2.448308621669705,2.3339241327093374,0.11438448896036757
608,2.4823963100949373,2.364012010393411,0.11838429970152653
609,2.402163780754517,2.2910129514609676,0.11115082929354925
610,2.4453726772485953,2.3240906593151243,0.12128201793347104
611,2.541335078832737,2.4116360456915165,0.12969903314122044
612,2.2849680767513556,2.191475094217438,0.09349298253391769
613,2.621685924913715,2.4853273267708644,0.13635859814285078
614,2.313969768110474,2.21510036337026,0.09886940474021388
615,2.579788424944746,2.453348114663453,0.12644031028129277
616,2.3780454038469423,2.2712916114026096,0.1067537924443327
617,2.3200292368795705,2.22290087072171,0.09712836615786058
618,2.533010058987924,2.404652339078218,0.1283577199097059
619,2.3417585502543523,2.238736636319911,0.10302191393444149
620,2.445457257471013,2.340116095071309,0.10534116239970404
621,2.281590530442046,2.1874309624789663,0.09415956796307956
622,2.388634427690639,2.284456187729984,0.104178239960655
623,2.5086438638330506,2.3821580617418907,0.1264858020911599
624,2.358271434986949,2.248424393771166,0.10984704121578304
625,2.382516212316695,2.272077697103215,0.11043851521348014
626,2.6346271555666205,2.4946480067288888,0.13997914883773177
627,2.404996956642428,2.292876403831892,0.11212055281053601
628,2.444924104574162,2.3300451544047402,0.11487895016942185
629,2.5591359876960844,2.433418114178182,0.1257178735179023
630,2.541765041736286,2.4011171529508912,0.14064788878539458
631,2.410758621120566,2.3020459053809903,0.10871271573957575
632,2.413268949820723,2.30722826683004,0.10604068299068281
633,2.4373939262335855,2.3157829738796267,0.1216109523539588
634,2.453335923210835,2.3373572104434555,0.11597871276737948
635,2.5965002350062405,2.465375391576564,0.13112484342967656
636,2.6341346986767973,2.495768084685404,0.13836661399139327
637,2.721801730377753,2.5974216498599016,0.12438008051785143
638,2.3462388747117084,2.250833459179564,0.09540541553214466
639,2.428094222105758,2.315412534294831,0.11268168781092713
640,2.396664525026865,2.2953242719837776,0.10134025304308736
641,2.6403479374360193,2.517116053521423,0.12323188391459627
642,2.309285232561736,2.204654527040187,0.10463070552154896
643,2.3268208132555275,2.229546337242523,0.09727447601300465
644,2.5162208305636926,2.395496695510482,0.12072413505321045
645,2.4691449453059127,2.355974171594562,0.11317077371135076
646,2.2401212769055383,2.1503893825476648,0.08973189435787354
647,2.6250255170600076,2.4825499950244274,0.14247552203558023
648,2.3071939031719286,2.2052467207928066,0.10194718237912204
649,2.4268349719777174,2.318733851937209,0.1081011200405082
650,2.558043167265886,2.4382915151698197,0.11975165209606642
651,2.439856048269314,2.3348679070577902,0.10498814121152389
652,2.30912002288946,2.203119867357774,0.10600015553168607
653,2.332829050281478,2.233486587894534,0.09934246238694389
654,2.390317076109269,2.287974782406666,0.10234229370260328
655,2.5961894381448234,2.4609656914115763,0.1352237467332471
656,2.4099477556345543,2.3006600903504775,0.10928766528407685
657,2.302006815773126,2.210438112510664,0.09156870326246214
658,2.39961131665986,2.283886269686308,0.11572504697355201
659,2.4240342792291645,2.311567141649374,0.11246713757979032
660,2.514601688468929,2.3879810158363326,0.12662067263259624
661,2.3476144156647023,2.2508757631178233,0.09673865254687897
662,2.481393032601549,2.357139222264329,0.12425381033722038
663,2.4699071050764196,2.348175020635172,0.1217320844412475
664,2.2551599836937446,2.1648697202260685,0.0902902634676761
665,2.41814532149603,2.3036063065898293,0.11453901490620044
666,2.451451625076603,2.3372279616443254,0.11422366343227752
667,2.5428526171080605,2.4223080754047985,0.12054454170326201
668,2.2864977451191137,2.1903768666437626,0.09612087847535111
669,2.4595225685580275,2.3394091259016334,0.12011344265639412
670,2.2785404496043236,2.1865289176693343,0.09201153193498923
671,2.4511782090201257,2.3210110497172414,0.13016715930288436
672,2.5615520228866813,2.4346598110448014,0.12689221184187982
673,2.4154819462949955,2.297354333532341,0.11812761276265427
674,2.366995156867694,2.2673725760922507,0.09962258077544339
675,2.3089633413395965,2.2153665584302993,0.09359678290929718
676,2.384990536703334,2.270966270915052,0.11402426578828173
677,2.623060045393789,2.4877822071297517,0.13527783826403716
678,2.3208421396198613,2.2193085665319887,0.10153357308787259
679,2.618615362756663,2.494477462618304,0.12413790013835913
680,2.4457023816626484,2.3366637317171035,0.10903864994554491
681,2.4880497106305386,2.3705036847119447,0.11754602591859387
682,2.575893486414288,2.4445422111514747,0.13135127526281343
683,2.529774924018863,2.4109177997038604,0.1188571243150025
684,2.2572801804963807,2.167088176167361,0.09019200432901986
685,2.4480642392322793,2.3216322676112933,0.12643197162098607
686,2.3415820849653683,2.2408571264101322,0.10072495855523611
687,2.328966298913941,2.222923046046613,0.10604325286732807
688,2.493809968304952,2.386983073765611,0.10682689453934113
689,2.7444102684708933,2.596415482387923,0.14799478608297045
690,2.6057426988473074,2.4728575350321327,0.13288516381517468
691,2.5235971624592666,2.4101056439567037,0.1134915185025629
692,2.521007270182008,2.3884342961302223,0.13257297405178559
693,2.5607962988907143,2.4229776216362984,0.13781867725441588
694,2.2893342456689,2.187894215910167,0.10144002975873301
695,2.394045992768251,2.2850855360298397,0.10896045673841126
696,2.2593353447816886,2.1673211851152234,0.0920141596664652
697,2.5879681141252298,2.470648399705551,0.1173197144196787
698,2.3346515451528242,2.2457003232726453,0.0889512218801789
699,2.289920602046808,2.2037221358175434,0.08619846622926453
700,2.592342701525618,2.466689470311847,0.12565323121377103
701,2.5643756843150127,2.437150653602865,0.12722503071214764
702,2.5442603354684974,2.4203135709723806,0.12394676449611675
703,2.397255128566395,2.293209889674083,0.10404523889231232
704,2.4692589088748926,2.359378797789628,0.10988011108526452
705,2.4421434965528284,2.3341904075072892,0.10795308904553913
706,2.49465911861001,2.3744014859178195,0.1202576326921907
707,2.2231804138483753,2.1422241343471606,0.08095627950121465
708,2.537778169705641,2.4100580781308416,0.12772009157479935
709,2.4684756976453786,2.3560324244262967,0.11244327321908187
710,2.674288271442111,2.5538128566026086,0.12047541483950219
711,2.3268179877681394,2.2214958468000963,0.10532214096804315
712,2.3244598518953765,2.2235123305702955,0.100947521325081
713,2.4567321571031813,2.348037297577593,0.10869485952558833
714,2.422920809836526,2.307025156104827,0.11589565373169863
715,2.4246136493420987,2.308904086922277,0.11570956241982167
716,2.4954897902208626,2.3830040239753236,0.11248576624553897
717,2.507201167112925,2.367501813349308,0.13969935376361686
718,2.6171863388482244,2.4907422374117636,0.1264441014364608
719,2.4699576633819795,2.3634981166649145,0.10645954671706503
720,2.3188709250455832,2.218407012878932,0.10046391216665107
721,2.4247987406539493,2.3151641204102775,0.10963462024367177
722,2.3359882679167203,2.235905788313215,0.10008247960350536
723,2.493598570129354,2.374164575317229,0.11943399481212502
724,2.4580611521609206,2.3313920378487714,0.12666911431214922
725,2.5981636147786933,2.4498408757948456,0.14832273898384774
726,2.351397096677952,2.262793265346759,0.08860383133119276
727,2.3908085518931013,2.2892710712953677,0.1015374805977336
728,2.3832929982659423,2.287341099548823,0.09595189871711929
729,2.4778226477785608,2.354873397143421,0.12294925063513995
730,2.3850113163399094,2.2847664498023437,0.1002448665375657
731,2.6687865538094444,2.5486797685624847,0.12010678524695972
732,2.452163562099447,2.3390527306642817,0.11311083143516543
733,2.3378908977581085,2.2374436971183433,0.1004472006397652
734,2.266262413290807,2.1745928476847536,0.09166956560605355
735,2.4093906945155594,2.2968018656515845,0.11258882886397492
736,2.453356503942876,2.3446840914323066,0.10867241251056958
737,2.5053198129175205,2.3891330864557228,0.11618672646179773
738,2.3047728440074047,2.205367054566839,0.09940578944056577
739,2.30327285858679,2.2045936221638534,0.09867923642293652
740,2.409220321846386,2.295467798131177,0.11375252371520883
741,2.4289327613573493,2.3135596659206015,0.11537309543674779
742,2.501366391775991,2.375773281727053,0.12559311004893825
743,2.5313481693936337,2.395018706703233,0.13632946269040058
744,2.5037909407609797,2.394343749394502,0.10944719136647763
745,2.4577623432667015,2.3421590689645235,0.11560327430217798
746,2.3696121290891896,2.272999833905905,0.0966122951832844
747,2.497726502224519,2.369378929557048,0.128347572667471
748,2.307078343073997,2.2024917892924276,0.10458655378156934
749,2.40292450414118,2.2948626134793177,0.10806189066186223
750,2.2674796654545144,2.171109282846481,0.09637038260803354
751,2.366192232705176,2.2663938881529404,0.09979834455223546
752,2.3695443861801393,2.270787119338746,0.09875726684139341
753,2.470660600955725,2.3527113837358415,0.11794921721988327
754,2.408489493012387,2.3008770379483203,0.10761245506406647
755,2.3239335152926746,2.224280549260926,0.09965296603174867
756,2.4848200851905617,2.360814996463471,0.12400508872709093
757,2.276338367742208,2.184238767456293,0.09209960028591535
758,2.403715901783095,2.292907564350825,0.1108083374322697
759,2.649676314477675,2.5232546683074633,0.12642164617021168
760,2.489361801307363,2.369695043874738,0.11966675743262467
761,2.570030674850968,2.4284949479949827,0.14153572685598537
762,2.3480995176499486,2.2406854397553553,0.10741407789459334
763,2.418472685953828,2.3077441350443486,0.1107285509094793
764,2.399890237095656,2.2944493085626454,0.10544092853301068
765,2.5071609830508454,2.397861778017187,0.10929920503365853
766,2.379031438154932,2.273548668270535,0.10548276988439698
767,2.5791874638349497,2.4518429774146275,0.12734448642032214
768,2.5314527805727334,2.406295295232018,0.12515748534071536
769,2.4326249770454957,2.321347281792498,0.11127769525299769
770,2.40106516176558,2.287197806103283,0.11386735566229689
771,2.48116941228393,2.3632523795791256,0.11791703270480447
772,2.4229362130589536,2.303044654657472,0.11989155840148147
773,2.574939224396159,2.44704483682664,0.1278943875695191
774,2.2568429173104954,2.166172885948676,0.09067003136181917
775,2.501158990570816,2.3807701999544744,0.12038879061634145
776,2.3885607472677433,2.2849706516578685,0.10359009560987475
777,2.608112862452599,2.473575368693066,0.13453749375953272
778,2.4257487700194678,2.297226905092698,0.12852186492676987
779,2.3661292531178737,2.2550404382294538,0.11108881488841993
780,2.636995204462419,2.4944689937376827,0.14252621072473648
781,2.518068479484995,2.3879771562592946,0.13009132322570016
782,2.4651668014919563,2.350117365519579,0.11504943597237727
783,2.5435925595978133,2.4246382333903793,0.11895432620743396
784,2.4356063749370027,2.3128302293727283,0.12277614556427441
785,2.3825896688773414,2.2613622118255594,0.12122745705178195
786,2.4196482269519017,2.314052315898449,0.10559591105345278
787,2.644759382135038,2.4944341030143367,0.15032527912070126
788,2.3755265291302137,2.2681156603670187,0.10741086876319494
789,2.534629430582775,2.4106610707274116,0.12396835985536336
790,2.301272667433625,2.205964202052185,0.09530846538143978
791,2.626312180903564,2.485847160555757,0.14046502034780728
792,2.5973809094648614,2.4514597564938816,0.14592115297097985
793,2.4206421258144992,2.296661239921892,0.12398088589260725
794,2.3715673654784455,2.264911671574393,0.10665569390405238
795,2.251783398890107,2.1613794911579816,0.09040390773212525
796,2.4007114586283715,2.2904020321349146,0.11030942649345699
797,2.4702347646526905,2.358047583493514,0.11218718115917659
798,2.285099017387739,2.194929839317623,0.09016917807011593
799,2.3953668690861427,2.282223569001099,0.11314330008504392
800,2.227336516022141,2.1418146365111124,0.08552187951102885
801,2.648017913849752,2.5180524051098923,0.1299655087398599
802,2.316478974976343,2.214505656370563,0.10197331860577963
803,2.3719023142962907,2.261371326643985,0.11053098765230551
804,2.4393832472439936,2.3265857800618623,0.11279746718213124
805,2.3362189487027196,2.2435429115475456,0.09267603715517403
806,2.3029112380105983,2.209436781488148,0.09347445652245012
807,2.470792324658467,2.340482552792298,0.1303097718661692
808,2.8520356739837784,2.720854911473678,0.13118076251010047
809,2.467247273620888,2.3426363592050645,0.12461091441582361
810,2.4282007482819292,2.324371462290299,0.1038292859916301
811,2.312957796870892,2.2136728902116087,0.09928490665928313
812,2.290850672136668,2.202261091818603,0.08858958031806496
813,2.432363135896166,2.3122878144719463,0.12007532142421962
814,2.5495503899806744,2.430368658625135,0.11918173135553944
815,2.405609930800689,2.291931237967025,0.11367869283366394
816,2.494686891753071,2.3650415935164477,0.1296452982366234
817,2.3405699783407066,2.231944217207995,0.1086257611327115
818,2.303062418395611,2.2046339645793136,0.09842845381629761
819,2.2610882594497226,2.1669357680591856,0.09415249139053694
820,2.3795743261451503,2.2806502605787764,0.0989240655663739
821,2.5136629088012485,2.385443767042266,0.1282191417589824
822,2.7270321854253647,2.575222201056915,0.15180998436844995
823,2.321703288800392,2.2289419330504145,0.09276135574997735
824,2.38146566566533,2.284233220503806,0.09723244516152407
825,2.4132371845777354,2.30691800671921,0.1063191778585253
826,2.562658947569129,2.432071725923197,0.13058722164593162
827,2.513523977008437,2.3911192652246447,0.12240471178379231
828,2.4518439452354692,2.3397494076200624,0.11209453761540678
829,2.4162283539538914,2.3062540816836936,0.10997427227019774
830,2.3609707180114134,2.2589482948873756,0.10202242312403786
831,2.3692266804667854,2.2644160223663836,0.1048106581004018
832,2.254776098589852,2.161679500783166,0.093096597806686
833,2.3419521420118183,2.2356609979281323,0.106291144083686
834,2.5269503755840637,2.408154097824289,0.11879627775977486
835,2.4791819211373065,2.355774764986216,0.12340715615109055
836,2.4621973440014644,2.3433564191361977,0.11884092486526665
837,2.4368938738941326,2.3304688614063815,0.10642501248775105
838,2.402588077958639,2.3022893532721156,0.10029872468652323
839,2.4433381533311893,2.319596283777677,0.12374186955351218
840,2.361823731748856,2.26202126695964,0.09980246478921595
841,2.56171166926628,2.418784890992028,0.14292677827425182
842,2.5139771438929714,2.385011883669046,0.12896526022392552
843,2.492805088414196,2.375893932705794,0.11691115570840216
844,2.335824828298207,2.234109048837849,0.10171577946035804
845,2.4457158324328967,2.346415226936891,0.09930060549600572
846,2.482217063749983,2.3667385263482776,0.11547853740170533
847,2.554549692769708,2.427008397824056,0.1275412949456518
848,2.499558253495911,2.381948394402953,0.11760985909295796
849,2.396439697670202,2.296789606693609,0.09965009097659294
850,2.3526919651923146,2.254090896311744,0.09860106888057052
851,2.3177247919439745,2.219439417587731,0.09828537435624352
852,2.334053324396909,2.2367531242105017,0.09730020018640717
853,2.590272594935477,2.45557681674198,0.13469577819349698
854,2.298288420955981,2.1984992737340727,0.09978914722190835
855,2.3331009315083326,2.226049937069673,0.10705099443865951
856,2.5289643136965356,2.390403265666988,0.1385610480295476
857,2.387246919954182,2.2761619061472835,0.11108501380689839
858,2.3164899411945474,2.2095179134923923,0.10697202770215508
859,2.3572326401483443,2.252136800962115,0.10509583918622933
860,2.464128784508688,2.3552547673823145,0.10887401712637335
861,2.4783207837101275,2.3607088458072343,0.11761193790289326
862,2.754955785191471,2.6304093217932154,0.12454646339825581
863,2.3003752154969286,2.201809457540724,0.0985657579562047
864,2.4460147515937765,2.3297396692213055,0.11627508237247097
865,2.328560810478762,2.2249895427701607,0.10357126770860114
866,2.7502131580450446,2.5974588047707616,0.152754353274283
867,2.3357297386303433,2.2410118956636764,0.09471784296666685
868,2.4974897896345993,2.3767474172874468,0.12074237234715257
869,2.2889044443903024,2.193249387725303,0.09565505666499918
870,2.485656228689078,2.3661822496591447,0.11947397902993329
871,2.4935843892229186,2.3743873387609606,0.11919705046195794
872,2.725911945924108,2.5814835226637,0.14442842326040806
873,2.3864482391243182,2.285663645513493,0.10078459361082537
874,2.398692346431948,2.2896620797928664,0.10903026663908166
875,2.509382617671539,2.3826479143465003,0.12673470332503856
876,2.7058509093999636,2.5692610743003668,0.13658983509959688
877,2.392607889562383,2.2854693955144834,0.10713849404789944
878,2.5195016806722323,2.4091186352260827,0.11038304544614963
879,2.5417335069424096,2.424856809151764,0.11687669779064569
880,2.5897025293217464,2.456172123215664,0.13353040610608247
881,2.367064541258315,2.2679716527532983,0.09909288850501685
882,2.792012340877168,2.6499669822302763,0.14204535864689172
883,2.308811721224867,2.210197417042617,0.09861430418225003
884,2.378378502845517,2.27210474172011,0.10627376112540698
885,2.459884409585714,2.344715767805609,0.11516864178010477
886,2.3639663464463503,2.2658648067640046,0.0981015396823457
887,2.34795637504986,2.2462953182921486,0.10166105675771142
888,2.582001090136101,2.462457598558009,0.11954349157809174
889,2.51974585928395,2.393727351302297,0.12601850798165293
890,2.4029543590373774,2.308624733855618,0.09432962518175936
891,2.2982929289761445,2.2000555068158616,0.09823742216028286
892,2.2194675334781198,2.1351102543768765,0.08435727910124324
893,2.5473521967452233,2.4208680898790886,0.12648410686613465
894,2.5220861721462096,2.390624716271153,0.13146145587505664
895,2.4161762738746337,2.2982059939580375,0.11797027991659625
896,2.5135735896045386,2.4095045059140485,0.10406908369049006
897,2.494444386906163,2.369505252593226,0.12493913431293713
898,2.622871131837722,2.4771351350636333,0.14573599677408877
899,2.4230999979898917,2.3084578537144336,0.11464214427545816
900,2.4669497602800163,2.345911446594082,0.12103831368593454
901,2.4461971293800877,2.330513942774436,0.11568318660565158
902,2.3413386079509775,2.2468920112170006,0.09444659673397693
903,2.4115977536687843,2.3126478766798426,0.09894987698894164
904,2.311792389144078,2.2130731505932175,0.0987192385508604
905,2.611562508586382,2.4697604722966706,0.14180203628971144
906,2.5676149209739685,2.4545646245110144,0.11305029646295406
907,2.529485021153799,2.40708261121237,0.12240240994142892
908,2.419034084674872,2.294932025599598,0.12410205907527372
909,2.381578466820558,2.2741636830921923,0.10741478372836566
910,2.2582711893418277,2.1702229172269556,0.0880482721148721
911,2.490858873388828,2.384026688895907,0.1068321844929212
912,2.780965635635815,2.6323185468837926,0.14864708875202215
913,2.2968151137867796,2.196432215653871,0.10038289813290868
914,2.344193288039715,2.2462845468776065,0.09790874116210846
915,2.4792435103190167,2.35748885961348,0.1217546507055367
916,2.4045087655209993,2.2978721450536503,0.10663662046734901
917,2.513421399173895,2.3989471808883738,0.11447421828552118
918,2.723405618813487,2.5787184694016276,0.14468714941185956
919,2.444085955547206,2.326230559316325,0.11785539623088104
920,2.5419649021919777,2.41779463112777,0.12417027106420786
921,2.3646878060303766,2.262104666094682,0.10258313993569468
922,2.453656739065357,2.33628149736349,0.11737524170186697
923,2.405529141486742,2.2996796879289683,0.10584945355777364
924,2.5668918724572425,2.4463064835464543,0.12058538891078818
925,2.3685725170419856,2.2600675046696694,0.10850501237231613
926,2.44000082595625,2.337056218329543,0.1029446076267071
927,2.4379901269414503,2.3194719556593983,0.118518171282052
928,2.330031086279166,2.2323313272227,0.0976997590564661
929,2.292126507086904,2.196505928643523,0.09562057844338101
930,2.60053865720723,2.469858170730672,0.13068048647655806
931,2.465275136487194,2.3509512791046365,0.11432385738255757
932,2.542074222014069,2.421088134705769,0.12098608730829996
933,2.561344752129854,2.426018996488374,0.13532575564147997
934,2.540676134507543,2.414495459891201,0.12618067461634164
935,2.4341905400756336,2.311749094397409,0.12244144567822479
936,2.358786154963577,2.26107332213333,0.09771283283024701
937,2.57127414116726,2.4384609847059266,0.1328131564613333
938,2.534783753434108,2.4057471165216677,0.12903663691244027
939,2.437236951415197,2.3184180142604545,0.11881893715474234
940,2.5367276793699833,2.401105019980948,0.1356226593890355
941,2.387257253803943,2.2899333109843494,0.09732394281959378
942,2.4346709923362027,2.315577001646067,0.1190939906901356
943,2.3876982015641266,2.2776184437748275,0.11007975778929913
944,2.611757672221685,2.484324192788322,0.1274334794333627
945,2.3490108098260705,2.2378224118243515,0.11118839800171898
946,2.2993777845568153,2.196829014810264,0.10254876974655147
947,2.7222241705435177,2.575546771487015,0.1466773990565029
948,2.3100975748480748,2.2036362182427376,0.10646135660533718
949,2.3307576575914304,2.2248061053324006,0.10595155225902975
950,2.4557800990469207,2.3478573242604357,0.10792277478648504
951,2.4648893439097646,2.347482744837205,0.11740659907255946
952,2.4429728876153955,2.332948470706634,0.11002441690876141
953,2.4282335854356107,2.313386253636227,0.11484733179938367
954,2.4252414420303046,2.3092332406364537,0.11600820139385082
955,2.6581850328600796,2.5287029262146796,0.12948210664539994
956,2.3782713472697705,2.2666705456630236,0.1116008016067469
957,2.385616590352834,2.2811625976709644,0.1044539926818695
958,2.3650309870279833,2.252783920166221,0.11224706686176233
959,2.6193757211276325,2.478442921425416,0.14093279970221673
960,2.445837749248164,2.3334385542532545,0.11239919499490947
961,2.477437748784838,2.3553131159387783,0.12212463284605946
962,2.324980201728373,2.2229159399551555,0.1020642617732177
963,2.3638367668524314,2.2501939405036686,0.11364282634876277
964,2.4843697131737397,2.353199445083802,0.1311702680899378
965,2.4344989538927,2.3283611220111595,0.10613783188154047
966,2.4239366350192846,2.3107775108849804,0.11315912413430418
967,2.4682741168672466,2.338579635032242,0.12969448183500454
968,2.3386003313374055,2.2338979062744926,0.10470242506291294
969,2.259026563385818,2.174172556476686,0.08485400690913192
970,2.443674398566064,2.326017755736119,0.11765664282994504
971,2.3948504404033204,2.289580875447041,0.10526956495627937
972,2.3861359475040773,2.2715800251507683,0.11455592235330903
973,2.455832060055403,2.343230349446499,0.1126017106089039
974,2.381535634791967,2.2773074120915546,0.10422822270041232
975,2.45014475936497,2.3453963673439118,0.10474839202105812
976,2.445388576308828,2.3377086965095017,0.10767987979932636
977,2.4530738881442007,2.337078304920542,0.11599558322365855
978,2.3496189623078707,2.245734031669688,0.10388493063818283
979,2.4835488383303566,2.353401686596624,0.1301471517337327
980,2.4525923559239096,2.3353281045923553,0.11726425133155427
981,2.3530994507489056,2.2477041933192115,0.10539525742969413
982,2.3229180099965188,2.2251355412929565,0.09778246870356222
983,2.4001947531407795,2.290910410427534,0.1092843427132455
984,2.5003448030389754,2.373528371589282,0.12681643144969357
985,2.598512521848665,2.473627135566644,0.12488538628202095
986,2.3222354158977008,2.2239140410092024,0.09832137488849835
987,2.5434241520579217,2.4127771550834964,0.13064699697442528
988,2.4346621773143724,2.320506599279296,0.11415557803507648
989,2.369568550331796,2.2647109061838164,0.10485764414797938
990,2.4178418432420314,2.301561571279379,0.11628027196265256
991,2.468688036845623,2.354223266393225,0.11446477045239822
992,2.395963968470781,2.2914147871288137,0.10454918134196722
993,2.393514231861662,2.285030520700263,0.10848371116139921
994,2.538909540232654,2.4070568888336483,0.1318526513990057
995,2.4061634964701715,2.2918674946027155,0.11429600186745592
996,2.455307892241366,2.339106809755815,0.11620108248555105
997,2.4358592212876484,2.323460218972198,0.11239900231545041
998,2.4360588375213172,2.3239853048986476,0.11207353262266961
999,2.224716862555516,2.143369651129941,0.08134721142557488
1000,2.578361483790369,2.453860396986389,0.12450108680397998
1001,2.3755849483427727,2.2654789928721835,0.11010595547058921
1002,2.2699819332594275,2.1830662408045125,0.08691569245491504
1003,2.4418472091747834,2.3287527244333157,0.11309448474146766
1004,2.4789739217779885,2.3429202552493855,0.13605366652860296
1005,2.2649421752850576,2.175771615577579,0.08917055970747878
1006,2.4105620021433447,2.304480539593596,0.10608146254974882
1007,2.272716790634322,2.1756859463235414,0.09703084431078057
1008,2.338929726434197,2.243411958060526,0.09551776837367099
1009,2.429309203598027,2.313687179572128,0.11562202402589872
1010,2.5963155444544483,2.4589873196361847,0.13732822481826368
1011,2.686344173295515,2.5598093845083483,0.12653478878716662
1012,2.388093848715471,2.2774701815222076,0.11062366719326322
1013,2.488509132119882,2.3601784339858667,0.1283306981340151
1014,2.762088505187557,2.6054825842641893,0.15660592092336767
1015,2.485927773913389,2.356051080616244,0.12987669329714535
1016,2.6119825227496416,2.483188441501701,0.12879408124794045
1017,2.670053773413357,2.533741876806774,0.13631189660658327
1018,2.6479460818566483,2.5137528999113905,0.13419318194525776
1019,2.488885579351368,2.369659908665788,0.1192256706855801
1020,2.3435718306429822,2.2478926510472244,0.09567917959575789
1021,2.7327305063421714,2.58694535510249,0.14578515123968128
1022,2.4817592068038583,2.3542493496776054,0.12750985712625296
1023,2.426697832955514,2.3126716459324155,0.1140261870230983
1024,2.3354214618208062,2.2448673561222523,0.09055410569855393
1025,2.345476283808148,2.240686934697142,0.10478934911100612
1026,2.3436337706145984,2.234811743896057,0.10882202671854158
1027,2.586309203768426,2.4511528612808857,0.13515634248754038
1028,2.6368184773666057,2.5126911703219075,0.12412730704469821
1029,2.635328861692176,2.503465305755738,0.13186355593643828
1030,2.5194863811253576,2.3960309679095344,0.1234554132158232
1031,2.292422323606237,2.1972949750154815,0.09512734859075556
1032,2.532654411220102,2.410780734412873,0.12187367680722883
1033,2.3584714673577025,2.251619037388645,0.10685242996905764
1034,2.426424624329712,2.3151072200869733,0.1113174042427385
1035,2.4209444048685134,2.318408273608599,0.10253613125991423
1036,2.4063530241546722,2.303930026401306,0.10242299775336638
1037,2.5404535016442407,2.4102730756664164,0.1301804259778243
1038,2.427138052717035,2.3054708029017656,0.12166724981526933
1039,2.4493861120702345,2.3386809150920667,0.11070519697816783
1040,2.3543411433160597,2.2586151343441556,0.09572600897190409
1041,2.459787889878232,2.3276333088381467,0.13215458104008526
1042,2.358117707277742,2.2552310417508123,0.10288666552692982
1043,2.508949919270572,2.3837320787198157,0.12521784055075624
1044,2.3064386731710056,2.208619133561342,0.0978195396096635
1045,2.414383471938655,2.299616649866967,0.11476682207168842
1046,2.3888052362581025,2.2829785758282486,0.10582666042985389
1047,2.279365941503907,2.187326880016888,0.09203906148701924
1048,2.9602346776058766,2.8018972927119785,0.15833738489389804
1049,2.3108614209885787,2.2122698597209376,0.09859156126764113
1050,2.377357727013875,2.2697563532770393,0.10760137373683554
1051,2.564659484359579,2.4532884326258753,0.11137105173370365
1052,2.3879325817275188,2.282016332963307,0.10591624876421157
1053,2.51314866572859,2.3920638057594945,0.12108485996909568
1054,2.277638358742785,2.179406600166238,0.09823175857654665
1055,2.4020767119237805,2.2913156649379545,0.110761046985826
1056,2.408406341144549,2.294845412333541,0.11356092881100777
1057,2.5134050340138625,2.4065549240765014,0.1068501099373611
1058,2.5051958098093645,2.3778662637380688,0.12732954607129576
1059,2.626509288625747,2.493946885750113,0.1325624028756338
1060,2.856367188322622,2.7134315939259714,0.1429355943966506
1061,2.699619888923432,2.5571669615087687,0.1424529274146633
1062,2.655385573054428,2.521492790765681,0.13389278228874701
1063,2.3515006447460807,2.2380999130048833,0.11340073174119736
1064,2.4868439315568964,2.3682026607398057,0.11864127081709075
1065,2.18931089102175,2.1063620376484242,0.0829488533733258
1066,2.5158085675228996,2.3987741015933213,0.11703446592957834
1067,2.3737776839788536,2.2784598833492953,0.0953178006295583
1068,2.3404016203791738,2.240662434956274,0.09973918542289972
1069,2.243695359529836,2.1492201853909547,0.09447517413888118
1070,2.611690393139539,2.485281180789663,0.12640921234987612
1071,2.4819634726869158,2.355435528367379,0.12652794431953662
1072,2.3778949409045467,2.268310496596244,0.1095844443083025
1073,2.396002786491862,2.2759452883681677,0.12005749812369437
1074,2.4566545164799614,2.343592913121583,0.11306160335837845
1075,2.4665139129978932,2.352896427110082,0.1136174858878114
1076,2.4124614192863323,2.3026429366400305,0.10981848264630178
1077,2.440226353263937,2.3274846630367936,0.11274169022714364
1078,2.388936296471398,2.276296567982012,0.11263972848938586
1079,2.439752506781184,2.325794158918354,0.11395834786282988
1080,2.3729354469441195,2.260567501702317,0.11236794524180249
1081,2.3622307806396847,2.248609451696465,0.11362132894321952
1082,2.4628005412596967,2.3426343014316333,0.1201662398280634
1083,2.4140478569203996,2.3053205284900518,0.10872732843034782
1084,2.305422049291445,2.210034276697778,0.09538777259366693
1085,2.451875097867381,2.343718527233779,0.10815657063360229
1086,2.541356920428568,2.4019372336208904,0.13941968680767758
1087,2.317003868631664,2.2173795705388675,0.0996242980927966
1088,2.489363853947608,2.361812711288034,0.12755114265957435
1089,2.4426885153367173,2.3422503792628313,0.10043813607388596
1090,2.64494549313066,2.517653328644468,0.1272921644861924
1091,2.6895415634494073,2.550512639408803,0.13902892404060418
1092,2.3611891740120394,2.251660967856476,0.10952820615556336
1093,2.568329183842385,2.4288729919711347,0.13945619187125047
1094,2.465682535391362,2.346310753344629,0.11937178204673327
1095,2.396407760441615,2.285459030000808,0.110948730440807
1096,2.396365013247206,2.287986103909134,0.10837890933807204
1097,2.3589361263987074,2.250711309957121,0.10822481644158621
1098,2.370714652032455,2.2628340439732386,0.10788060805921651
1099,2.4819605403621336,2.3704099475359164,0.11155059282621727
1100,2.491957875088988,2.3636919824063902,0.12826589268259792
1101,2.508113434313159,2.3894539404790645,0.11865949383409458
1102,2.3722821718771967,2.2652016410850613,0.10708053079213542
1103,2.4611056982828257,2.3352890020328085,0.12581669625001712
1104,2.460432298344832,2.3536495074275807,0.10678279091725118
1105,2.400451187166129,2.2955979349381526,0.10485325222797659
1106,2.567897076809606,2.4284362432293127,0.13946083358029338
1107,2.3761302876780257,2.2662789143078426,0.10985137337018314
1108,2.3546261978574266,2.251642786503166,0.10298341135426048
1109,2.4841008095084067,2.366846859511633,0.11725394999677352
1110,2.3480746531831542,2.236184245003338,0.11189040817981644
1111,2.4821592225006057,2.3729832415204015,0.1091759809802042
1112,2.402811683061035,2.289728246966006,0.11308343609502902
1113,2.5118239061531176,2.4016368881600063,0.11018701799311126
1114,2.2936338732922943,2.2076799170266117,0.08595395626568259
1115,2.446538280781357,2.331358560531626,0.11517972024973133
1116,2.4992602654698692,2.3745056466671537,0.12475461880271554
1117,2.4801803696228832,2.3620886984939524,0.11809167112893082
1118,2.396877986790852,2.2896944543547364,0.10718353243611567
1119,2.4060871316918004,2.292137147135655,0.11394998455614536
1120,2.3612433483097717,2.2570893597180244,0.10415398859174729
1121,2.5410960579035047,2.41564847785974,0.12544758004376488
1122,2.412277714146702,2.2997205878568394,0.11255712628986236
1123,2.639426078813307,2.5045409122630757,0.13488516655023108
1124,2.4334052026763673,2.3165748577583027,0.11683034491806454
1125,2.3231824815672404,2.221110839514913,0.10207164205232733
1126,2.2376544080780056,2.1508323558320086,0.08682205224599704
1127,2.4418626468078792,2.3169081706913026,0.12495447611657662
1128,2.4298071420467715,2.319087109156905,0.11072003288986654
1129,2.5153344390316494,2.3895810088356364,0.12575343019601304
1130,2.5010154368309636,2.402515987107821,0.09849944972314262
1131,2.328670270980952,2.229708177766059,0.09896209321489335
1132,2.3886152699722674,2.2795870816948245,0.10902818827744287
1133,2.5409579051822586,2.4188844723957215,0.12207343278653715
1134,2.24005566105939,2.1487346099836184,0.09132105107577138
1135,2.5178234167674973,2.3985887132053647,0.11923470356213262
1136,2.521207403326812,2.3848755963366965,0.13633180699011538
1137,2.4417074023953464,2.3270553814649313,0.11465202093041515
1138,2.4469968644128044,2.3412773109643665,0.10571955344843786
1139,2.5544506693674753,2.421103225416926,0.13334744395054932
1140,2.3871595241012593,2.2742520931558987,0.1129074309453606
1141,2.4269210832228683,2.309497194806471,0.11742388841639739
1142,2.255192804178562,2.1646238312794193,0.09056897289914279
1143,2.500545116654582,2.378641018709913,0.12190409794466861
1144,2.4753083386832095,2.3582099373451793,0.11709840133803029
1145,2.5973116083725127,2.4721016625485692,0.1252099458239435
1146,2.308794078077471,2.2037637623952535,0.10503031568221743
1147,2.4159583816675205,2.303168537328994,0.11278984433852646
1148,2.501949688912501,2.3834143665642635,0.11853532234823749
1149,2.3025702818645617,2.2113266300126506,0.09124365185191108
1150,2.531837535193228,2.414611826344982,0.11722570884824579
1151,2.380435273559669,2.2853916035134776,0.09504367004619141
1152,2.2733301427125165,2.1834293187995075,0.08990082391300902
1153,2.5183819631449125,2.3900869933767415,0.128294969768171
1154,2.3963660618547618,2.28773064424953,0.10863541760523177
1155,2.408149104686708,2.2955149934115533,0.11263411127515477
1156,2.42186782905544,2.3169129916419253,0.10495483741351475
1157,2.4416380013542174,2.336951751494889,0.1046862498593284
1158,2.3720029427943476,2.262355702855436,0.10964723993891168
1159,2.4881369230282235,2.366222107959039,0.12191481506918445
1160,2.457987294997245,2.3397526942083586,0.11823460078888637
1161,2.4436762287507205,2.332269772594155,0.11140645615656553
1162,2.3452754455045297,2.2465223686386877,0.098753076865842
1163,2.4509318001843314,2.334363583476274,0.11656821670805728
1164,2.4205798068892657,2.318013646075755,0.10256616081351044
1165,2.4534566927589676,2.3373419985142734,0.11611469424469423
1166,2.414413387417186,2.296339227350247,0.11807416006693883
1167,2.641494685385854,2.5164682230372977,0.1250264623485564
1168,2.481341347424182,2.364630050157727,0.11671129726645502
1169,2.7223887537768134,2.5844753985629407,0.1379133552138727
1170,2.418395379618451,2.3051574890691606,0.11323789054929057
1171,2.3887303269165,2.2860660592993263,0.10266426761717362
1172,2.2636255878281903,2.1738279250491037,0.08979766277908663
1173,2.420282870128853,2.3178470870696795,0.10243578305917334
1174,2.5472381193970506,2.4255774599974402,0.12166065939961035
1175,2.3602999669872977,2.2583604605812035,0.10193950640609417
1176,2.270867805445569,2.179276736249895,0.09159106919567384
1177,2.333944251703628,2.227738781529573,0.1062054701740549
1178,2.3859331237075554,2.278308620177725,0.10762450352983022
1179,2.387503922738204,2.275322061219967,0.11218186151823728
1180,2.4390289419795956,2.329525062739955,0.10950387923964078
1181,2.599077555529365,2.4646692709668154,0.1344082845625496
1182,2.231997514526573,2.1467435625542937,0.08525395197227947
1183,2.3138510906035457,2.2133078085358036,0.1005432820677421
1184,2.4049950596694334,2.294513676564307,0.11048138310512634
1185,2.526158104936639,2.412089163835485,0.11406894110115395
1186,2.4067234327641414,2.29498452800991,0.11173890475423143
1187,2.3914791043530217,2.282784831240082,0.10869427311293967
1188,2.4194732661538354,2.309382093677071,0.11009117247676459
1189,2.372324326414883,2.269031825853606,0.10329250056127703
1190,2.404995350019559,2.2842559262246653,0.12073942379489377
1191,2.4210774471524577,2.3170535119896223,0.10402393516283537
1192,2.2886876704094585,2.1906380277197792,0.0980496426896793
1193,2.3848376568601344,2.2847222947678447,0.10011536209228966
1194,2.5706727539885885,2.443991345348174,0.12668140864041444
1195,2.679350934927181,2.531282981245011,0.14806795368216985
1196,2.535752760867913,2.412051954686485,0.1237008061814282
1197,2.373879778407732,2.260465809057402,0.11341396935033021
1198,2.61710138290131,2.485312994259137,0.1317883886421729
1199,2.3180640802167782,2.2181258829041965,0.09993819731258169
1200,2.3326605525852457,2.2331795506860392,0.0994810018992065
1201,2.2410394275060503,2.157027690167828,0.08401173733822231
1202,2.245059273801212,2.1564227096291027,0.08863656417210919
1203,2.5066196745034057,2.3758846004632703,0.1307350740401354
1204,2.329470278084417,2.2277720778133823,0.10169820027103471
1205,2.5071671359860375,2.388726841891064,0.11844029409497336
1206,2.488346479209665,2.3622129811584736,0.12613349805119123
1207,2.38140821861548,2.2799280800763024,0.10148013853917748
1208,2.2932588305857244,2.1970305547709423,0.0962282758147821
1209,2.327059659824565,2.2274936971096997,0.09956596271486529
1210,2.312132877256892,2.2143847454554884,0.09774813180140374
1211,2.256138027896451,2.163134607054044,0.09300342084240709
1212,2.3287570766676815,2.2249930824967135,0.10376399417096804
1213,2.4198593035168114,2.310243484920184,0.10961581859662761
1214,2.35570159932406,2.2561550647239876,0.09954653460007235
1215,2.5043370613721367,2.3769624750004743,0.12737458637166243
1216,2.3234934011832538,2.225933905771326,0.09755949541192788
1217,2.3434285583481294,2.2424965614862002,0.10093199686192911
1218,2.5603823618605754,2.4379698076923355,0.12241255416823993
1219,2.438599389950332,2.3317585661311835,0.1068408238191485
1220,2.483092181281552,2.3732501519582736,0.10984202932327847
1221,2.703825491159673,2.5652907708819477,0.1385347202777254
1222,2.495205434896492,2.3672762188221177,0.12792921607437435
1223,2.5322258653568976,2.4067155744083077,0.1255102909485899
1224,2.3538051668074425,2.2546023604977714,0.09920280630967104
1225,2.3068597460232,2.21568585778574,0.09117388823745998
1226,2.3759024325952036,2.277643300814125,0.09825913178107859
1227,2.421016556788489,2.3060347089142295,0.11498184787425947
1228,2.2689401971025003,2.1728717645323927,0.09606843257010755
1229,2.458262918886587,2.3434349568746886,0.1148279620118986
1230,2.5544145512374383,2.4243108417651418,0.13010370947229655
1231,2.4364775036297814,2.31700063624955,0.11947686738023133
1232,2.296532603661972,2.198171301287607,0.0983613023743648
1233,2.3728528293371953,2.2648742716564985,0.10797855768069686
1234,2.408158766699849,2.2955441137457644,0.11261465295408479
1235,2.488150053240612,2.363645398134946,0.1245046551056661
1236,2.419639821640745,2.312277431305938,0.10736239033480688
1237,2.230501291612886,2.1407077718951264,0.08979351971775973
1238,2.510985106350737,2.386836467193026,0.12414863915771113
1239,2.3431179738403736,2.246547153069097,0.09657082077127654
1240,2.5932539866289614,2.4684268219845027,0.12482716464445875
1241,2.474792949804035,2.3576618815671453,0.11713106823688957
1242,2.5293823031216305,2.4095092376534577,0.11987306546817278
1243,2.4911159992544984,2.36929566615088,0.1218203331036185
1244,2.7587873130471086,2.6002619294110993,0.1585253836360092
1245,2.452725944866022,2.341059324335464,0.11166662053055809
1246,2.5247119919422656,2.4138820183789824,0.11082997356328317
1247,2.3884818490145934,2.272987416595763,0.1154944324188305
1248,2.7862726686161166,2.630806419376016,0.15546624924010066
1249,2.308248148827865,2.200780445066728,0.10746770376113712
1250,2.4374786522402645,2.3218905179339884,0.11558813430627612
1251,2.3141447447976256,2.2152111053312047,0.09893363946642086
1252,2.3014588565069047,2.2055267442611575,0.09593211224574727
1253,2.3967668469636747,2.277489844443482,0.1192770025201928
1254,2.5066530076984237,2.383763750534743,0.12288925716368082
1255,2.6627338534028198,2.5335649554896813,0.12916889791313846
1256,2.53206061872549,2.392638320893432,0.13942229783205784
1257,2.276374355095821,2.1896980259998857,0.08667632909593515
1258,2.3138042677092447,2.2127499878398296,0.10105427986941518
1259,2.2811628904008954,2.183320635125927,0.09784225527496826
1260,2.3537767053707954,2.252648814230972,0.10112789113982323
1261,2.7987792830954317,2.6490732910990964,0.14970599199633527
1262,2.5976412138771314,2.4592377346469694,0.13840347923016205
1263,2.285367041167608,2.1944189302229953,0.09094811094461264
1264,2.6570949868599913,2.5304613780892393,0.12663360877075203
1265,2.4177270274514155,2.303105006503935,0.11462202094748042
1266,2.4561832310702187,2.33799054879569,0.11819268227452895
1267,2.423482207821887,2.316311338263582,0.10717086955830535
1268,2.542462539900597,2.418308830746373,0.12415370915422397
1269,2.4969333582221886,2.3661495939216635,0.13078376430052518
1270,2.584052436742735,2.447104713824103,0.13694772291863222
1271,2.3217250936964544,2.2197141361990034,0.10201095749745104
1272,2.6059008969569515,2.456558075203632,0.14934282175331948
1273,2.6184688069731252,2.4750672102517726,0.14340159672135266
1274,2.5981338653187187,2.467324433338739,0.13080943197997952
1275,2.2934905205120746,2.188074278538199,0.10541624197387556
1276,2.5388213504647523,2.4063163298834542,0.1325050205812981
1277,2.252883746258452,2.1588385610336838,0.09404518522476835
1278,2.526267985309304,2.3999521562902926,0.12631582901901162
1279,2.5061875103425266,2.3846701395648173,0.1215173707777093
1280,2.4450037466255825,2.338080087175993,0.1069236594495897
1281,2.533237730013878,2.3913561092078424,0.1418816208060356
1282,2.314873958853837,2.2143693351105926,0.10050462374324454
1283,2.4573782172831486,2.3397371180778133,0.11764109920533539
1284,2.6220171143458337,2.4873257703053957,0.13469134404043803
1285,2.406702533590502,2.29896740827645,0.10773512531405194
1286,2.331462612574768,2.2275944540979116,0.10386815847685638
1287,2.397464918538276,2.2774889732532873,0.11997594528498867
1288,2.3379287970414686,2.229937902504658,0.10799089453681043
1289,2.4308786613951825,2.3253256297405813,0.10555303165460117
1290,2.4561700973787746,2.339434014600268,0.11673608277850667
1291,2.47104165840806,2.33414023896653,0.13690141944153034
1292,2.4281072367007313,2.311526351920087,0.11658088478064421
1293,2.5961752607996758,2.463197205161905,0.13297805563777088
1294,2.3875729916319393,2.284957002393774,0.10261598923816528
1295,2.584656332019342,2.4602651980616694,0.12439113395767265
1296,2.400588258620992,2.28131783046727,0.11927042815372202
1297,2.2457795470468267,2.1588504330639813,0.08692911398284542
1298,2.3567171782654412,2.255242747571305,0.10147443069413642
1299,2.433754274523368,2.319046882844351,0.11470739167901689
1300,2.4291183177701874,2.3233650552822125,0.1057532624879749
1301,2.331689221978974,2.2299128965218324,0.10177632545714177
1302,2.4183600911245553,2.3068783766705816,0.1114817144539737
1303,2.4634474921812703,2.343641138759597,0.11980635342167334
1304,2.5554501266439584,2.430188183678564,0.12526194296539428
1305,2.4100173665230558,2.297340870812272,0.11267649571078397
1306,2.569025344198712,2.430276905294126,0.1387484389045861
1307,2.440091274449109,2.3268050395696536,0.11328623487945544
1308,2.4670169857266613,2.3530611650292945,0.11395582069736676
1309,2.4196093822992917,2.31529122639705,0.10431815590224147
1310,2.3162437209267286,2.2175473285400016,0.098696392386727
1311,2.217843502372063,2.135408854795378,0.08243464757668484
1312,2.442592416752053,2.3314213554733447,0.11117106127870846
1313,2.516814238659434,2.3763556676561715,0.14045857100326264
1314,2.440193920688743,2.331928189731612,0.10826573095713066
1315,2.287530363597109,2.1874242452304546,0.1001061183666545
1316,2.435611545460974,2.3243173552783607,0.11129419018261322
1317,2.3325047538839225,2.229173392137502,0.10333136174642066
1318,2.2410145971967887,2.152534089272455,0.08848050792433382
1319,2.371256192216064,2.2618459909655435,0.1094102012505207
1320,2.3245710902173244,2.219387978525432,0.10518311169189243
1321,2.3672661431802773,2.272414515791296,0.09485162738898145
1322,2.407860807990139,2.2999149692240377,0.10794583876610142
1323,2.3982381725532624,2.2934038584003447,0.10483431415291777
1324,2.315222882225399,2.214128782552333,0.10109409967306604
1325,2.3574759786291946,2.2515767707189065,0.10589920791028806
1326,2.5640331610025107,2.429081185822856,0.13495197517965485
1327,2.512955350849961,2.387045479707529,0.12590987114243202
1328,2.2969745986576324,2.2074430379424834,0.089531560715149
1329,2.26405620114168,2.1780870069604465,0.08596919418123328
1330,2.375003672740871,2.276971601425734,0.0980320713151368
1331,2.5248412237808897,2.4108958622393604,0.11394536154152934
1332,2.389100763654896,2.2768448092049267,0.1122559544499695
1333,2.3537943119060616,2.2398251471645367,0.11396916474152485
1334,2.302162826487317,2.201927111892032,0.1002357145952848
1335,2.382104773300873,2.274953979641476,0.10715079365939717
1336,2.405419788391986,2.2937571240071093,0.11166266438487682
1337,2.4058762030091976,2.284593264075019,0.12128293893417874
1338,2.3123841202160547,2.21017946341011,0.1022046568059447
1339,2.4911374361136422,2.370000167406361,0.12113726870728136
1340,2.4066765035600977,2.294935305709421,0.1117411978506766
1341,2.3469488567621406,2.244923277531082,0.10202557923105848
1342,2.432459042995955,2.320354845047704,0.1121041979482511
1343,2.7132863454475036,2.5608064282689122,0.15247991717859133
1344,2.354989240534283,2.254881973114216,0.10010726742006693
1345,2.4404997068785526,2.318618233314088,0.12188147356446466
1346,2.406589860903204,2.298923839306848,0.1076660215963563
1347,2.289976597384199,2.1941147334647764,0.09586186391942242
1348,2.339536690061352,2.236571061523426,0.1029656285379259
1349,2.459377314354567,2.3324626776813697,0.12691463667319747
1350,2.4118157507434685,2.3057976446718587,0.10601810607160989
1351,2.5648707384822793,2.4342457473258494,0.1306249911564299
1352,2.5318857936525827,2.392207893006912,0.13967790064567076
1353,2.469107835346708,2.343912186337187,0.12519564900952096
1354,2.570081403113428,2.4332636301270427,0.1368177729863853
1355,2.365770979219101,2.259606805689428,0.106164173529673
1356,2.319130586936213,2.2162573996202277,0.10287318731598516
1357,2.466568845503009,2.3510746804027383,0.11549416510027077
1358,2.3695489784913315,2.2618292129107407,0.10771976558059082
1359,2.609785502513187,2.492127013857936,0.11765848865525097
1360,2.4429645172469847,2.326780331881238,0.11618418536574682
1361,2.4568918993788205,2.3509958882928137,0.10589601108600677
1362,2.3178040516560734,2.222455911399237,0.09534814025683636
1363,2.4421389268873828,2.3214659267721243,0.1206730001152585
1364,2.3364086130977078,2.236151352597444,0.10025726050026362
1365,2.496814186676115,2.3768085519356275,0.12000563474048764
1366,2.410617554056005,2.2976390574870535,0.11297849656895131
1367,2.4344171768366443,2.3299589993350223,0.10445817750162201
1368,2.3632989792833596,2.2585309758832888,0.10476800340007086
1369,2.373570752428854,2.2779616630606636,0.09560908936819024
1370,2.3178163214742127,2.2140888365922273,0.10372748488198535
1371,2.625292994843641,2.494690954928777,0.1306020399148644
1372,2.33250977313145,2.2437448401245454,0.08876493300690447
1373,2.4948393654578456,2.3675160386548844,0.1273233268029612
1374,2.3728881614068396,2.2654771089416332,0.10741105246520632
1375,2.4844724924698367,2.3653771793163263,0.11909531315351041
1376,2.5225528204161316,2.393338129305186,0.12921469111094552
1377,2.364063070339951,2.2681665710658927,0.0958964992740583
1378,2.3743606585177184,2.2697710071645614,0.10458965135315701
1379,2.7217858093902585,2.587889550437285,0.1338962589529733
1380,2.376011851233522,2.2711845765812506,0.10482727465227137
1381,2.4840999452759935,2.3540368268601664,0.13006311841582718
1382,2.432966332018806,2.3239766560964545,0.10898967592235165
1383,2.441320518925677,2.3299602794238785,0.1113602395017983
1384,2.3801581193309396,2.275487402796339,0.10467071653460058
1385,2.31353953678966,2.2068535605808086,0.10668597620885123
1386,2.3490797437923154,2.250929337346879,0.09815040644543638
1387,2.718879146185776,2.5841749052542675,0.13470424093150868
1388,2.4740025820374294,2.350194366440464,0.12380821559696553
1389,2.7431826755256075,2.599148683713659,0.14403399181194843
1390,2.403957426585356,2.2911725829307112,0.1127848436546448
1391,2.396359156100177,2.2911322851198164,0.10522687098036076
1392,2.4775400799334744,2.3704456647192345,0.1070944152142399
1393,2.2778187708460096,2.1849683711838175,0.0928503996621921
1394,2.2987186454321114,2.2012841749281886,0.09743447050392273
1395,2.536101099773103,2.404924725515396,0.131176374257707
1396,2.8558597905624112,2.7041095525197636,0.15175023804264764
1397,2.2293757033778316,2.141221806819397,0.08815389655843475
1398,2.5216949994266975,2.395821614941454,0.12587338448524354
1399,2.4780989769815296,2.3656781262354807,0.1124208507460489
1400,2.5033205574796433,2.376163710022385,0.12715684745725842
1401,2.4147711330616377,2.2999145313595766,0.11485660170206113
1402,2.444348948125701,2.3262196542425264,0.11812929388317439
1403,2.36200933163458,2.2604537910623725,0.10155554057220728
1404,2.4028626161355033,2.300693960051615,0.10216865608388837
1405,2.454165162131148,2.331472655197686,0.12269250693346212
1406,2.56927312424137,2.430984537333703,0.1382885869076671
1407,2.516776651140158,2.4009164891670225,0.11586016197313542
1408,2.2767043250130046,2.1838250735876725,0.09287925142533204
1409,2.345926296244825,2.24541683865836,0.1005094575864649
1410,2.7080313270824514,2.566344225547628,0.14168710153482333
1411,2.5681737289440574,2.4471877027089617,0.12098602623509569
1412,2.4190616018955393,2.306755891812057,0.11230571008348234
1413,2.4703378905836666,2.360755819717408,0.10958207086625871
1414,2.5873451046519484,2.4713900897972243,0.11595501485472415
1415,2.481642742705975,2.3779151396264373,0.10372760307953754
1416,2.471200928819508,2.344538981584958,0.12666194723454982
1417,2.3852450626477313,2.282486423930948,0.10275863871678315
1418,2.3829373490862693,2.277041435085979,0.10589591400029041
1419,2.3972337805483517,2.288588530155654,0.10864525039269779
1420,2.3642555936136547,2.2575514703409003,0.10670412327275436
1421,2.444479833181001,2.339007134793867,0.10547269838713413
1422,2.293158196324068,2.193999248182989,0.09915894814107906
1423,2.3520908351585317,2.255677588251283,0.0964132469072485
1424,2.4324575542304445,2.3204550769391505,0.11200247729129398
1425,2.4769026433544563,2.352794509316746,0.12410813403771037
1426,2.4588201019379947,2.335767640466204,0.1230524614717905
1427,2.403214227877149,2.292036220151148,0.11117800772600095
1428,2.444810576002779,2.330903622472806,0.11390695352997326
1429,2.425807536578498,2.3007039671030416,0.1251035694754563
1430,2.5057509278864787,2.3809414174880166,0.12480951039846211
1431,2.322154524881545,2.222779191787187,0.09937533309435809
1432,2.3334914707439363,2.2308929152229053,0.10259855552103092
1433,2.5497705217642355,2.4196916455703965,0.13007887619383895
1434,2.4412711213226084,2.3258956532247526,0.11537546809785582
1435,2.4959432224635907,2.373140421173658,0.1228028012899327
1436,2.3951939791320065,2.2841935582162405,0.11100042091576601
1437,2.390281068250782,2.287288283844127,0.10299278440665471
1438,2.2818715990385767,2.1911720711708758,0.09069952786770097
1439,2.4115078795578597,2.302605966677444,0.10890191288041562
1440,2.3826894063918336,2.2839276784575633,0.0987617279342703
1441,2.400035935937655,2.2904087213218283,0.10962721461582658
1442,2.6189454438615103,2.492640082627322,0.12630536123418823
1443,2.3140694479459993,2.214797227560632,0.09927222038536732
1444,2.365622403351849,2.256677520092513,0.10894488325933605
1445,2.4162682553238923,2.295127736279968,0.12114051904392431
1446,2.329691920423626,2.2331327728401638,0.0965591475834624
1447,2.444512816312166,2.331172777002331,0.11334003930983494
1448,2.466259095651722,2.3537301449629626,0.11252895068875945
1449,2.399363427912862,2.2968035680001386,0.10255985991272354
1450,2.7014289772733107,2.5639222766735283,0.13750670059978232
1451,2.605136939292704,2.4709415483268296,0.1341953909658744
1452,2.3535013746563784,2.25594469831453,0.09755667634184828
1453,2.463643185830372,2.348748325459154,0.11489486037121788
1454,2.436223315458862,2.3114398933318,0.12478342212706206
1455,2.404780772055434,2.290752623943772,0.11402814811166184
1456,2.5633227075809635,2.4357781857445038,0.1275445218364597
1457,2.4979308608927013,2.3796782751599115,0.11825258573278985
1458,2.377570226034041,2.28212126552257,0.09544896051147056
1459,2.478352862909679,2.34907810893967,0.12927475397000876
1460,2.2499684808054132,2.159713112215392,0.09025536859002115
1461,2.5846690827572965,2.4419696251830105,0.14269945757428593
1462,2.2783707250837124,2.184658845009669,0.0937118800740433
1463,2.5529594899330204,2.4234810431997613,0.12947844673325903
1464,2.436969515431846,2.3308737355684475,0.10609577986339858
1465,2.361537226312667,2.251960106530572,0.10957711978209517
1466,2.436539677039776,2.33433225327477,0.10220742376500613
1467,2.560610764526812,2.440612932315972,0.11999783221083993
1468,2.373388943955419,2.2727017538435237,0.10068719011189531
1469,2.552409977308425,2.4248049002464866,0.12760507706193813
1470,2.4144269219468275,2.3123873856977335,0.10203953624909401
1471,2.5039306149906313,2.3934016881581957,0.11052892683243565
1472,2.3692536562312756,2.2633277248079824,0.10592593142329321
1473,2.3715134704062493,2.2623024808236596,0.10921098958258968
1474,2.258844857391948,2.1619545963239535,0.09689026106799448
1475,2.4022580206553408,2.297731807800539,0.10452621285480168
1476,2.392435998594913,2.286392010195939,0.10604398839897389
1477,2.310708371446262,2.2064061753847573,0.10430219606150493
1478,2.4002057154555865,2.292438316797455,0.10776739865813134
1479,2.263561333409971,2.1762364411896473,0.08732489222032358
1480,2.518336730920568,2.3850800799209195,0.13325665099964867
1481,2.388687532273928,2.286853373053975,0.10183415921995298
1482,2.3413347570584557,2.2349816638706304,0.10635309318782538
1483,2.3612677737443923,2.2526874156248544,0.10858035811953792
1484,2.3796432510336873,2.273615448863145,0.10602780217054253
1485,2.5025721824366567,2.365012957818177,0.1375592246184798
1486,2.3600170704499357,2.2495425700504246,0.11047450039951112
1487,2.482531360415251,2.363030444281404,0.11950091613384695
1488,2.5671439916935728,2.4438077366804882,0.12333625501308454
1489,2.539185722591724,2.4134196560557784,0.1257660665359457
1490,2.3171572061152066,2.2207187413485125,0.09643846476669404
1491,2.3460269261716027,2.2445725836431354,0.1014543425284673
1492,2.3551058771331257,2.2466193344200285,0.10848654271309721
1493,2.432239343804125,2.312871809429164,0.11936753437496117
1494,2.4024329398208986,2.2994861259945916,0.102946813826307
1495,2.479765208655913,2.3707701642864114,0.10899504436950158
1496,2.40513242067392,2.2924812371454566,0.1126511835284636
1497,2.396555196643119,2.2814932328647872,0.11506196377833167
1498,2.551976763949624,2.4290609829725316,0.12291578097709221
1499,2.495752458007584,2.3732126186079516,0.1225398393996322
1500,2.6827882465261723,2.5328487333957295,0.14993951313044285
1501,2.436573594759807,2.319061912327327,0.11751168243247978
1502,2.4108339152317555,2.3054824369194975,0.105351478312258
1503,2.4527677386863336,2.3359654151246327,0.11680232356170084
1504,2.6299029263199163,2.5063570742030055,0.12354585211691083
1505,2.567990149846554,2.4450385256986027,0.12295162414795113
1506,2.4076609952975843,2.2927970161780236,0.1148639791195607
1507,2.434216119781623,2.3249494649263074,0.10926665485531561
1508,2.314922635963273,2.2125384694065424,0.10238416655673044
1509,2.53955645668985,2.4192286869674793,0.1203277697223708
1510,2.210384127297972,2.1296951530963297,0.08068897420164234
1511,2.599337256361314,2.4603978157241286,0.13893944063718555
1512,2.4416722892301106,2.329110168015862,0.11256212121424847
1513,2.332067684937007,2.2323381219664626,0.09972956297054436
1514,2.492020574312158,2.366806499116309,0.12521407519584882
1515,2.39180821751113,2.2823857920118704,0.10942242549925973
1516,2.51523340205285,2.38082978997678,0.1344036120760701
1517,2.4901200786501914,2.3683380001543357,0.12178207849585565
1518,2.295601648156792,2.2019382851582816,0.09366336299851019
1519,2.4239558874180434,2.315477531903875,0.10847835551416818
1520,2.349425503666505,2.2403770827918303,0.1090484208746747
1521,2.4186901879004337,2.3073969110169137,0.11129327688351998
1522,2.30671131615638,2.213113374136457,0.09359794201992333
1523,2.485814791644331,2.3630465575325914,0.12276823411173954
1524,2.3160218134206803,2.219623325295463,0.09639848812521734
1525,2.318326225626914,2.2221485158457197,0.09617770978119422
1526,2.428136064354336,2.3064964913190553,0.12163957303528061
1527,2.373874990045532,2.2649197273161303,0.1089552627294017
1528,2.3952034713035038,2.280452737454322,0.11475073384918177
1529,2.4947178086103032,2.3683104962204324,0.1264073123898708
1530,2.47938818144571,2.3578105648271683,0.12157761661854183
1531,2.410934503366157,2.297618569545923,0.11331593382023408
1532,2.3735747771875593,2.2682198794465323,0.10535489774102702
1533,2.464874220868506,2.3403695935739415,0.12450462729456468
1534,2.38384541643683,2.2803943865699634,0.1034510298668665
1535,2.6130160724152267,2.4695291797786636,0.1434868926365631
1536,2.383855545289202,2.281123586993136,0.10273195829606596
1537,2.451219995673383,2.3248963342668816,0.1263236614065013
1538,2.4824644873782575,2.372416538214641,0.11004794916361638
1539,2.3327359788225617,2.236429157521237,0.09630682130132451
1540,2.6130524321078155,2.4846896493391455,0.12836278276866997
1541,2.2953461380836155,2.199689227979941,0.09565691010367461
1542,2.335444090574162,2.228378979588598,0.10706511098556382
1543,2.3270111447470136,2.2209614579159287,0.10604968683108495
1544,2.4028215711160317,2.280505754528705,0.1223158165873266
1545,2.3505227092929233,2.2466519567885257,0.10387075250439759
1546,2.257988507399489,2.1692600763318355,0.08872843106765371
1547,2.6539391646770256,2.505013354205092,0.14892581047193376
1548,2.3106949931047556,2.213792209068121,0.09690278403663477
1549,2.4975782087111416,2.383080180772493,0.1144980279386485
1550,2.498802676705562,2.373970021784757,0.1248326549208052
1551,2.474914553943071,2.348758349865738,0.1261562040773332
1552,2.5037089806680464,2.3704115517910425,0.1332974288770039
1553,2.3482104912643798,2.2530211321441813,0.09518935912019844
1554,2.3160972444998937,2.221634745777228,0.09446249872266588
1555,2.403858187090142,2.3040213918112076,0.09983679527893452
1556,2.297946684740502,2.1998121816884595,0.09813450305204263
1557,2.44759093206917,2.3361103039328506,0.11148062813631965
1558,2.4189095534270177,2.3074661273719745,0.1114434260550432
1559,2.3216174729177417,2.2279453522547517,0.09367212066299002
1560,2.3135662749551225,2.2117419939071774,0.10182428104794505
1561,2.3102423367071387,2.2149264923783667,0.09531584432877205
1562,2.4092813119512675,2.3018335896553244,0.10744772229594313
1563,2.5850502464615546,2.4513634128133712,0.13368683364818335
1564,2.3760500138184764,2.2742571076436207,0.1017929061748557
1565,2.361860665768117,2.2504313992142544,0.11142926655386276
1566,2.470336586890918,2.3464872883024386,0.1238492985884796
1567,2.374872119634776,2.268937909667912,0.10593420996686431
1568,2.3488836939069224,2.2463514690410378,0.10253222486588465
1569,2.6408970445875033,2.4942102757168145,0.14668676887068877
1570,2.29726464289609,2.2041917238907307,0.09307291900535919
1571,2.3162856337492346,2.216626035483723,0.09965959826551174
1572,2.5435105795556687,2.4150920666570186,0.12841851289865014
1573,2.58855965972484,2.4698418559176742,0.1187178038071659
1574,2.475812469056545,2.3495822176230003,0.12623025143354472
1575,2.348235314901041,2.244061448823435,0.10417386607760593
1576,2.474255280694594,2.359556645633827,0.11469863506076727
1577,2.3823926711670596,2.280254270882037,0.10213840028502252
1578,2.3186463685941923,2.2150915928773522,0.10355477571684002
1579,2.522333905229241,2.39124109340299,0.13109281182625088
1580,2.8037263668143173,2.6523184166396168,0.15140795017470055
1581,2.415679924504848,2.2970173816100563,0.11866254289479183
1582,2.2957434337027385,2.198234193444948,0.09750924025779062
1583,2.358335748428807,2.258903426057304,0.09943232237150301
1584,2.2488805488499075,2.161389915584743,0.0874906332651646
1585,2.412956585990485,2.297434789310402,0.115521796680083
1586,2.246603468551846,2.1566272170158935,0.08997625153595257
1587,2.406680286826856,2.300924160243693,0.10575612658316302
1588,2.738747976028233,2.6071791553890007,0.13156882063923225
1589,2.423508526850818,2.309837991771342,0.11367053507947622
1590,2.519365018101383,2.38571072104409,0.13365429705729293
1591,2.5069899331158805,2.389073381802277,0.11791655131360335
1592,2.2616103958643925,2.175612579618383,0.08599781624600933
1593,2.412484187828861,2.300934831266238,0.1115493565626231
1594,2.3437131317735957,2.2406306316793208,0.103082500094275
1595,2.448025750509218,2.330170380067608,0.11785537044160987
1596,2.5151050525453806,2.3882825591879295,0.1268224933574511
1597,2.4640187215308273,2.3571692791538132,0.1068494423770141
1598,2.254313208026168,2.1657304708277554,0.0885827371984127
1599,2.451537662948289,2.3510096951277255,0.10052796782056328
1600,2.489105056188428,2.3718099742725736,0.11729508191585447
1601,2.341333551189938,2.2412472512079877,0.10008629998195007
1602,2.3538725766794935,2.259151059709253,0.09472151697024067
1603,2.3497685805866033,2.2529268314615885,0.09684174912501486
1604,2.3887081924213387,2.2820284075551003,0.10667978486623841
1605,2.433861936924202,2.3227512988123147,0.11111063811188737
1606,2.556741102116308,2.4461716012428436,0.1105695008734644
1607,2.4934796038775917,2.3629690127975054,0.13051059108008634
1608,2.399712330507418,2.286339623073833,0.11337270743358507
1609,2.281872257775027,2.192240452935182,0.08963180483984479
1610,2.5209857734258088,2.40518310414732,0.11580266927848859
1611,2.351780120875627,2.2507656034250663,0.10101451745056078
1612,2.3237674831916197,2.2260562874677445,0.09771119572387521
1613,2.2383355106149034,2.154488016141448,0.08384749447345552
1614,2.6376354482896844,2.500602382136455,0.1370330661532293
1615,2.3317543788875814,2.2320991311698033,0.09965524771777812
1616,2.501012108915084,2.379986392098006,0.12102571681707763
1617,2.376891496035474,2.263041359316915,0.11385013671855893
1618,2.358911688161185,2.258953430581671,0.09995825757951371
1619,2.5252337900539574,2.3955442046951525,0.12968958535880493
1620,2.3713943130037927,2.2719132053187505,0.09948110768504215
1621,2.294777716259865,2.2032026971833543,0.09157501907651078
1622,2.4511539338410953,2.3320514024539634,0.1191025313871319
1623,2.690927178114212,2.5605592977368263,0.13036788037738578
1624,2.4895651330601773,2.3679886186678654,0.12157651439231199
1625,2.4081004142224245,2.302820558668207,0.1052798555542176
1626,2.460495798682333,2.3503832135416256,0.11011258514070743
1627,2.4086130716261605,2.297031070230115,0.11158200139604535
1628,2.7333188097148375,2.6004036066777876,0.13291520303704996
1629,2.287873985887089,2.19666613663297,0.09120784925411929
1630,2.5466855673468323,2.4264342324477726,0.1202513348990597
1631,2.3875812287970004,2.2833744780768255,0.10420675072017493
1632,2.4975754509829384,2.3737923228633,0.12378312811963843
1633,2.5930099870217216,2.47308653490828,0.1199234521134418
1634,2.377105321200897,2.271112890460377,0.10599243074051978
1635,2.3990417401232804,2.2872667328881136,0.11177500723516687
1636,2.396774243702631,2.2831596752700865,0.1136145684325447
1637,2.3581523497505468,2.258052977625487,0.10009937212505982
1638,2.5766851840580296,2.4490841767313083,0.1276010073267213
1639,2.3495758966085396,2.2403410324784248,0.10923486413011485
1640,2.609039570047088,2.479277229104966,0.12976234094212202
1641,2.32750304179035,2.2248021816820316,0.10270086010831836
1642,2.3562775990586275,2.26006433905743,0.09621326000119756
1643,2.492981853983975,2.3701146264010085,0.12286722758296653
1644,2.3582115488652953,2.246308255376878,0.11190329348841743
1645,2.4761223337339735,2.3536953418765147,0.12242699185745876
1646,2.679584688287265,2.5429377296527234,0.1366469586345418
1647,2.526995684618586,2.3934343349405323,0.1335613496780539
1648,2.4898148434051555,2.3737616809811612,0.11605316242399422
1649,2.3649352886414277,2.247643846994681,0.11729144164674654
1650,2.3194745018584486,2.218802294298954,0.1006722075594948
1651,2.2570274696027792,2.1690530895613427,0.08797438004143654
1652,2.437438130928097,2.3177851346713814,0.11965299625671566
1653,2.5553177809588106,2.4379287745220872,0.11738900643672334
1654,2.468122236741281,2.3512383680291875,0.11688386871209344
1655,2.597796134935838,2.4781638427058725,0.1196322922299653
1656,2.2579502689896365,2.1711926415657232,0.08675762742391324
1657,2.2319707778441362,2.1486956319817607,0.0832751458623755
1658,2.538365681700377,2.3967592665845,0.14160641511587668
1659,2.502522002358137,2.38138536357346,0.12113663878467706
1660,2.400839642427684,2.29868635232081,0.10215329010687402
1661,2.2931804983436725,2.200567538627212,0.09261295971646044
1662,2.4359527286569786,2.318701880359996,0.11725084829698273
1663,2.269691542383789,2.180424285421241,0.08926725696254811
1664,2.407955532778802,2.2979195717049423,0.11003596107385949
1665,2.364735589610862,2.249483922395888,0.11525166721497415
1666,2.306226001461333,2.209977478426721,0.09624852303461173
1667,2.359424394108241,2.263597585961579,0.09582680814666178
1668,2.4600279940468446,2.3488002007860804,0.11122779326076415
1669,2.563696583510391,2.4423543813521036,0.12134220215828728
1670,2.3541477867598384,2.243867207959882,0.11028057879995634
1671,2.543939663176859,2.420092528653183,0.12384713452367624
1672,2.4825059679719303,2.3587557210595143,0.1237502469124161
1673,2.366858902771052,2.2562221604764057,0.11063674229464615
1674,2.3746535824142847,2.275547685670872,0.09910589674341264
1675,2.334865258990335,2.2356292118531296,0.09923604713720557
1676,2.7205008956802046,2.5781766434272715,0.1423242522529331
1677,2.4542217520771414,2.3395527431024314,0.11466900897471
1678,2.4310899579644096,2.3174483974425453,0.11364156052186436
1679,2.4164572288713306,2.312783285734861,0.10367394313646949
1680,2.2879420847016743,2.1919452693639876,0.09599681533768667
1681,2.493137171907622,2.374628206718869,0.11850896518875276
1682,2.381214177621637,2.2664766946371278,0.11473748298450914
1683,2.356999874605726,2.2545694155693483,0.10243045903637782
1684,2.286786136986003,2.1952505861966083,0.0915355507893949
1685,2.3928549545276536,2.2950874805865893,0.09776747394106433
1686,2.504544376503968,2.377319629213575,0.12722474729039313
1687,2.387474069458503,2.287646714114726,0.09982735534377696
1688,2.4049598868866657,2.2965883920847308,0.10837149480193498
1689,2.361548623079744,2.263509345132543,0.0980392779472008
1690,2.7041560121025086,2.562114801479138,0.1420412106233706
1691,2.4187275602940645,2.3074800007757656,0.1112475595182989
1692,2.3585498922617263,2.2450557516384437,0.11349414062328256
1693,2.354936804921091,2.246553342131541,0.10838346278955013
1694,2.58211403582,2.454424541270902,0.12768949454909828
1695,2.429748178171646,2.3166879250904966,0.11306025308114931
1696,2.628772576595621,2.490318734464206,0.13845384213141498
1697,2.4320616323382453,2.314145956980306,0.11791567535793934
1698,2.5235650545971957,2.389442437737099,0.13412261686009685
1699,2.458900681584235,2.339915842591145,0.11898483899309031
1700,2.3955704747127564,2.281024879944197,0.11454559476855941
1701,2.262496794545696,2.170662849126773,0.09183394541892298
1702,2.543051480705456,2.4099557494201016,0.13309573128535446
1703,2.3152798464063635,2.2176510798236575,0.09762876658270603
1704,2.457699581589367,2.343903604140061,0.11379597744930603
1705,2.688625131905289,2.5491366471992807,0.13948848470600828
1706,2.523745664603865,2.384035778815448,0.13970988578841714
1707,2.5884632025242147,2.4624434062570812,0.12601979626713344
1708,2.3779978386685423,2.2632975596459812,0.11470027902256108
1709,2.6412235379189997,2.508257017059985,0.13296652085901473
1710,2.4260984215308077,2.309526265373037,0.11657215615777083
1711,2.6067946319508866,2.4636266642024327,0.14316796774845386
1712,2.3469598548521673,2.2390928623633126,0.10786699248885467
1713,2.362725564358774,2.2655167255913753,0.09720883876739883
1714,2.607792104927233,2.4656227632733154,0.1421693416539176
1715,2.517097673935968,2.3957718318189345,0.12132584211703357
1716,2.459271121681957,2.343139289217543,0.11613183246441405
1717,2.3941762886699913,2.280666457339481,0.11350983133051029
1718,2.6045633893726583,2.4708627153789093,0.13370067399374896
1719,2.411310374098096,2.3027802503837274,0.10853012371436854
1720,2.2871160662348693,2.199748253990587,0.08736781224428247
1721,2.3141176751932,2.2132503277681157,0.1008673474250843
1722,2.416791874591191,2.2974005705399203,0.11939130405127063
1723,2.4035887104801206,2.283063651313336,0.12052505916678458
1724,2.322474708847394,2.232358358913593,0.09011634993380069
1725,2.522813539910054,2.4001635138283377,0.12265002608171649
1726,2.3450876774988036,2.2478592096787087,0.09722846782009498
1727,2.3646586728028436,2.2585829724495365,0.10607570035330705
1728,2.5144047870213435,2.3954460046106445,0.11895878241069902
1729,2.35205690043096,2.253091268944634,0.09896563148632609
1730,2.569645121553257,2.433994675493748,0.13565044605950938
1731,2.4078922122632718,2.3029651031592997,0.10492710910397207
1732,2.3729623992400013,2.2761337961722528,0.09682860306774854
1733,2.3861522659210364,2.2664795173732095,0.11967274854782683
1734,2.276085892540545,2.1913329719344237,0.0847529206061215
1735,2.3648452428360462,2.2621797322056643,0.10266551063038198
1736,2.3259086377848694,2.229096873025268,0.09681176475960163
1737,2.3581640639574584,2.263045769647933,0.09511829430952545
1738,2.437759428316303,2.323647741766506,0.11411168654979731
1739,2.456373276840683,2.3386556217982517,0.11771765504243126
1740,2.292581546564851,2.1944268602100463,0.09815468635480462
1741,2.5045760768431284,2.3850336150095752,0.11954246183355322
1742,2.377579176168451,2.2632150415864447,0.11436413458200612
1743,2.31595983031844,2.2207817486226307,0.09517808169580944
1744,2.3088140071023067,2.2104875553259324,0.09832645177637422
1745,2.5267242371852716,2.4118216212697443,0.1149026159155273
1746,2.37570954552853,2.269573601741497,0.10613594378703306
1747,2.4783925809701253,2.36042263047307,0.11796995049705528
1748,2.345392454076818,2.2349993775219974,0.11039307655482045
1749,2.6144442754823944,2.485469306703643,0.12897496877875136
1750,2.593613830407345,2.469387598915066,0.12422623149227885
1751,2.522488722810439,2.4019943052443518,0.12049441756608736
1752,2.3074196696132057,2.213003533215922,0.09441613639728352
1753,2.314282055061961,2.2125333709147994,0.10174868414716176
1754,2.4101956983462127,2.294379000267451,0.1158166980787616
1755,2.349974018424886,2.239990135915176,0.10998388250970992
1756,2.605119854431908,2.48485096297504,0.12026889145686814
1757,2.425063245052892,2.3042288513066285,0.12083439374626348
1758,2.352985130822474,2.2560164133771425,0.09696871744533153
1759,2.2846572886591145,2.19216994787605,0.09248734078306464
1760,2.3148172095609802,2.2206284152828686,0.09418879427811166
1761,2.375456687163498,2.275822986231687,0.09963370093181068
1762,2.364889599383594,2.2685576734644384,0.09633192591915574
1763,2.6862770389145467,2.543788440898144,0.1424885980164028
1764,2.392274851050276,2.297061137620012,0.09521371343026397
1765,2.450005280379336,2.32737404534471,0.12263123503462614
1766,2.3218652393279346,2.214589159671058,0.1072760796568768
1767,2.316792558332665,2.2128742602728204,0.10391829805984454
1768,2.5434864642765023,2.417875979029409,0.12561048524709317
1769,2.5718072995514034,2.4510814737914015,0.1207258257600019
1770,2.23011781408524,2.144168983572785,0.08594883051245494
1771,2.3105176295582424,2.2058449001829383,0.10467272937530403
1772,2.8089690378663907,2.6655829714846804,0.14338606638171036
1773,2.259909048041454,2.174496708435746,0.08541233960570782
1774,2.5398369290914897,2.404613781145605,0.13522314794588475
1775,2.5223063037880755,2.396855982478569,0.1254503213095064
1776,2.321640469560327,2.2313760384142656,0.09026443114606142
1777,2.42595331226028,2.31320616893863,0.11274714332165026
1778,2.3677054953694894,2.2686159457948682,0.09908954957462113
1779,2.697845082493991,2.5544541833182026,0.14339089917578818
1780,2.6638486403915667,2.532586647506718,0.13126199288484885
1781,2.3277109075321554,2.2287925028214124,0.09891840471074298
1782,2.605092004297746,2.4868417133518945,0.1182502909458516
1783,2.4056145221631375,2.288761464217107,0.11685305794603051
1784,2.6100253020137023,2.4717790905209434,0.13824621149275895
1785,2.2975016961164783,2.19636231283836,0.10113938327811844
1786,2.4213402566492426,2.3102103866804065,0.11112986996883611
1787,2.4366905334847333,2.3379468491582958,0.09874368432643754
1788,2.2732753285577694,2.18296767947902,0.09030764907874955
1789,2.4277375388354763,2.314535029822398,0.11320250901307816
1790,2.378981928742615,2.2765019455037603,0.10247998323885454
1791,2.318974084480135,2.2111580012538656,0.10781608322626957
1792,2.326367695180329,2.229247956867423,0.0971197383129061
1793,2.3606069207418727,2.252681947468713,0.10792497327315953
1794,2.2801151706512353,2.1937441534708793,0.086371017180356
1795,2.337888492310835,2.234747030890502,0.10314146142033298
1796,2.3762850212583437,2.2682396966181515,0.10804532464019223
1797,2.514774181051352,2.3884097519458276,0.1263644291055246
1798,2.318242583419672,2.218677101717919,0.09956548170175283
1799,2.382343948117405,2.286459102618008,0.09588484549939702
1800,2.7390254424861142,2.58986253389062,0.14916290859549441
1801,2.5614885357803354,2.4298195707517336,0.13166896502860181
1802,2.538997780071613,2.418384695646057,0.12061308442555596
1803,2.3641978970233555,2.256875133652739,0.10732276337061641
1804,2.4846108491174674,2.366990449702798,0.1176203994146694
1805,2.4150258617791236,2.2959524695245594,0.11907339225456415
1806,2.5728122601150805,2.4530062775919914,0.11980598252308905
1807,2.6207045178914092,2.4871789989904647,0.13352551890094455
1808,2.4178450375980924,2.3036258978964126,0.11421913970167985
1809,2.5529896587062644,2.43280535524123,0.1201843034650345
1810,2.6573076806489673,2.512704039335232,0.1446036413137355
1811,2.5575905368334273,2.4279476604356867,0.12964287639774064
1812,2.502222019208025,2.387485200281376,0.11473681892664933
1813,2.3840833066653317,2.2831915903809077,0.10089171628442406
1814,2.4401580872572963,2.332504215104515,0.1076538721527811
1815,2.53739049216696,2.4066757686456763,0.13071472352128355
1816,2.408882432589187,2.303765422004261,0.10511701058492573
1817,2.3244321270713075,2.2240839507870622,0.1003481762842453
1818,2.4149769329901143,2.303015047269698,0.1119618857204161
1819,2.7117875900128143,2.5588563105949897,0.15293127941782458
1820,2.3331261666899445,2.229131858274099,0.10399430841584545
1821,2.4778435026495216,2.359989827306479,0.11785367534304259
1822,2.559201346279974,2.4430591839972706,0.11614216228270324
1823,2.44125978393307,2.324578526082502,0.11668125785056827
1824,2.3793726883268236,2.266025519721786,0.11334716860503757
1825,2.5108651977514502,2.3871402543484943,0.12372494340295592
1826,2.3443449882573897,2.246905542926186,0.09743944533120352
1827,2.529494051971598,2.4006874605238955,0.12880659144770235
1828,2.4054066539208385,2.303837681495288,0.10156897242555063
1829,2.4306116628605405,2.31505094611049,0.11556071675005075
1830,2.284554260250385,2.1917194157341187,0.09283484451626656
1831,2.3032714563061605,2.2023969867364053,0.10087446956975521
1832,2.7247834175336574,2.5658920375944247,0.15889137993923264
1833,2.4542029225754836,2.3402959072788465,0.11390701529663705
1834,2.4868055588308215,2.3709676555735335,0.11583790325728804
1835,2.6482160545607125,2.521344274531935,0.12687178002877753
1836,2.283242351482821,2.1963592471764195,0.08688310430640156
1837,2.3483775587513467,2.242589494575087,0.10578806417625986
1838,2.3733536364177956,2.273484662401416,0.09986897401637984
1839,2.3186646565712077,2.224590581692035,0.09407407487917263
1840,2.440974113083902,2.321309678094935,0.11966443498896684
1841,2.3972867593254863,2.2910609156819604,0.10622584364352594
1842,2.4867301407486258,2.3691751674898978,0.11755497325872799
1843,2.533832087962113,2.4104071288647613,0.12342495909735174
1844,2.2991973745101277,2.200607995469515,0.09858937904061271
1845,2.6346205341712583,2.4857986534171648,0.14882188075409353
1846,2.345938821208272,2.250079119944815,0.095859701263457
1847,2.3831898379428087,2.289648106805865,0.09354173113694353
1848,2.3758695213468073,2.2688138147011814,0.10705570664562591
1849,2.3346050895083397,2.228964108066573,0.1056409814417667
1850,2.3902934748578644,2.2845578504916286,0.10573562436623574
1851,2.2836313587404313,2.1889359475530625,0.0946954111873688
1852,2.4437994229664173,2.3180627375485052,0.12573668541791205
1853,2.315005672688305,2.2179020000665313,0.09710367262177355
1854,2.506531625358776,2.3857174329365005,0.12081419242227565
1855,2.430008766520716,2.316741502763931,0.11326726375678531
1856,2.444594422859342,2.3248674557040485,0.11972696715529363
1857,2.354110713944958,2.2559044550587033,0.0982062588862549
1858,2.4934362581529332,2.3724509099500266,0.12098534820290663
1859,2.418496736247026,2.2999234151292303,0.11857332111779595
1860,2.438875913732015,2.3181678974581477,0.12070801627386718
1861,2.4049587589617607,2.2964874983887316,0.10847126057302914
1862,2.277689663083659,2.184735720523449,0.09295394256020995
1863,2.255616199076113,2.1608283107060666,0.09478788837004659
1864,2.5553802320229897,2.4316194439226653,0.12376078810032443
1865,2.4889743192857954,2.365858980578528,0.12311533870726743
1866,2.3715341872873217,2.2646595876192417,0.10687459966808
1867,2.3643961236197244,2.2516210979278006,0.11277502569192377
1868,2.4340230792424293,2.325849296207193,0.1081737830352365
1869,2.297673433581521,2.2014819255081646,0.09619150807335641
1870,2.373396324005584,2.267393719836716,0.10600260416886842
1871,2.561938808774508,2.4346538191558444,0.1272849896186634
1872,2.358070159451887,2.245989744617485,0.11208041483440212
1873,2.2210033468663477,2.136053385169782,0.08494996169656588
1874,2.4583592717544334,2.3447387327208875,0.11362053903354585
1875,2.4233177364341283,2.302986056772817,0.12033167966131142
1876,2.2915447224992396,2.1969404238430665,0.09460429865617304
1877,2.298566459681684,2.195762012100637,0.10280444758104679
1878,2.2291315428392044,2.140150761647553,0.08898078119165165
1879,2.3788782144241973,2.281353372693069,0.0975248417311283
1880,2.410559500831932,2.2918670714018567,0.1186924294300753
1881,2.460720560500293,2.3581024318291903,0.10261812867110276
1882,2.5766165319446315,2.4399894976900054,0.13662703425462608
1883,2.4932807314205756,2.3811408374623153,0.1121398939582603
1884,2.3607796583679193,2.2604910288328703,0.10028862953504891
1885,2.5413984539226178,2.4147730982722884,0.1266253556503294
1886,2.3526095565490666,2.245593322817366,0.10701623373170044
1887,2.426794111277243,2.3099244698893093,0.11686964138793376
1888,2.415472881117599,2.313028164945685,0.10244471617191397
1889,2.3600701480234427,2.255067085601538,0.10500306242190494
1890,2.5537067333331858,2.4098021717166604,0.14390456161652532
1891,2.5226306033559456,2.4003934063101764,0.12223719704576919
1892,2.6101043880833235,2.4768446697227495,0.13325971836057393
1893,2.363043592167624,2.2497984978704673,0.11324509429715679
1894,2.586100065563512,2.4596206801736873,0.12647938538982473
1895,2.394124358371079,2.28483865763837,0.10928570073270905
1896,2.3024362411574626,2.2090045028267142,0.09343173833074836
1897,2.3442840982781807,2.236416822757024,0.10786727552115671
1898,2.4585509061079476,2.348893989083371,0.10965691702457647
1899,2.5363723359405386,2.4291454126230505,0.10722692331748807
1900,2.5308361079668797,2.412741303167662,0.11809480479921763
1901,2.4534220314892634,2.344670956783088,0.10875107470617529
1902,2.754951398983522,2.5963415500123146,0.15860984897120733
1903,2.2839319185211515,2.185268028461137,0.0986638900600143
1904,2.362057712996169,2.2497298912253085,0.11232782177086031
1905,2.4191789506512387,2.2965914894561297,0.122587461195109
1906,2.4881635954928902,2.369217307812004,0.11894628768088644
1907,2.444931791410513,2.325527936108842,0.11940385530167097
1908,2.360624064371805,2.2523152435797806,0.1083088207920242
1909,2.472644493137327,2.3588572358897624,0.11378725724756444
1910,2.4597837896034487,2.341361790789234,0.11842199881421456
1911,2.4662502133245923,2.3638456131930115,0.10240460013158081
1912,2.518321562031369,2.3883881470250943,0.12993341500627453
1913,2.3556403580781176,2.250563124825594,0.1050772332525236
1914,2.316059058177607,2.2139723466550105,0.1020867115225963
1915,2.391630256702859,2.2877127881054395,0.10391746859741957
1916,2.543365940081011,2.418949548588007,0.12441639149300388
1917,2.4830585965983647,2.357537506197739,0.12552109040062565
1918,2.687090337438605,2.5351415373754347,0.15194880006317035
1919,2.548093215441897,2.4299146349344043,0.11817858050749264
1920,2.426922139762025,2.322224781530616,0.1046973582314088
1921,2.3535219747674962,2.248651264069065,0.10487071069843124
1922,2.249456130137142,2.154669841646762,0.09478628849038007
1923,2.3942001064910743,2.2779199617239483,0.116280144767126
1924,2.5050015815771562,2.377092086131435,0.12790949544572117
1925,2.3599439651049146,2.2611994955644046,0.09874446954050997
1926,2.4603986238088233,2.3484456089920984,0.11195301481672493
1927,2.3501490336937176,2.2467050733488074,0.10344396034491021
1928,2.449068957794473,2.332263244028795,0.11680571376567794
1929,2.3462576549093157,2.2507947012447582,0.09546295366455748
1930,2.4192354846059394,2.3012861266598086,0.11794935794613082
1931,2.53651665944679,2.3900921802776876,0.14642447916910228
1932,2.543745725610135,2.4190441932019957,0.1247015324081393
1933,2.3003795038554467,2.2015291766756278,0.0988503271798189
1934,2.535432954340319,2.4208594951868387,0.11457345915348016
1935,2.4178120368300315,2.309084651695376,0.10872738513465574
1936,2.4403001332712795,2.3090872485350817,0.13121288473619774
1937,2.587933215234672,2.4512681028103036,0.1366651124243683
1938,2.3725165392963765,2.2706567295478504,0.10185980974852615
1939,2.2907339757982585,2.192661253816296,0.09807272198196237
1940,2.350031400078132,2.2475520073532294,0.10247939272490258
1941,2.410384069570934,2.305645475112772,0.10473859445816203
1942,2.3164991799356973,2.2138437167390506,0.10265546319664676
1943,2.3273261094772795,2.22686131470375,0.10046479477352932
1944,2.451753016873143,2.335198668460178,0.11655434841296497
1945,2.4144025569886156,2.3076903944423446,0.10671216254627103
1946,2.373161527059979,2.264620716665956,0.10854081039402264
1947,2.3303422822098616,2.222416289674204,0.10792599253565749
1948,2.3490501998488984,2.2484013123600364,0.10064888748886203
1949,2.2725466622581414,2.182205919293204,0.09034074296493744
1950,2.435770432773629,2.311419394178764,0.12435103859486496
1951,2.4332692321430467,2.317000258207914,0.1162689739351328
1952,2.4657067512507855,2.3488396066902877,0.11686714456049785
1953,2.3150111120119607,2.2137345340637165,0.1012765779482443
1954,2.4250621954684566,2.316035547538105,0.10902664793035166
1955,2.4710916667948646,2.355115737916879,0.1159759288779858
1956,2.4726351987788875,2.3615074377330036,0.11112776104588384
1957,2.3344635764787225,2.2323070005394254,0.10215657593929706
1958,2.5444244870173196,2.416623470704689,0.12780101631263063
1959,2.4474240814804387,2.342317382339795,0.10510669914064374
1960,2.7009294457703117,2.5665169924604956,0.1344124533098161
1961,2.528855406678508,2.405417203370072,0.12343820330843602
1962,2.456211392640869,2.332154503056266,0.12405688958460281
1963,2.917718881216693,2.768869905373556,0.14884897584313705
1964,2.4597635294296265,2.358519627391592,0.10124390203803468
1965,2.4440039877400137,2.327903442954433,0.11610054478558052
1966,2.4965827626173964,2.375508100854367,0.12107466176302939
1967,2.7230454534822934,2.5812114341308146,0.14183401935147888
1968,2.375202545285467,2.2740588632356626,0.10114368204980417
1969,2.6783264439883014,2.5481359099543726,0.13019053403392888
1970,2.4425852102568526,2.327381792811226,0.11520341744562668
1971,2.3969280252118152,2.288401499090675,0.10852652612114033
1972,2.345284347056057,2.2463330736216665,0.0989512734343907
1973,2.409966524853672,2.2927990665038607,0.11716745834981124
1974,2.426120983842759,2.3170941487145424,0.10902683512821643
1975,2.3670671248859656,2.25466874932219,0.11239837556377541
1976,2.378696059296074,2.2723389512950942,0.10635710800097975
1977,2.4344023346031447,2.3197647419723406,0.11463759263080409
1978,2.4632507106532575,2.343137747857755,0.12011296279550265
1979,2.4404208367084568,2.3335288050322016,0.10689203167625516
1980,2.5525362755577365,2.440368057311091,0.11216821824664569
1981,2.6159632853399715,2.4920442176665127,0.12391906767345873
1982,2.6079924499822305,2.478756806661687,0.1292356433205435
1983,2.4440190875676175,2.3293118702564843,0.1147072173111332
1984,2.4346987574422516,2.317034354954089,0.11766440248816279
1985,2.27947454775266,2.1875660800245127,0.09190846772814742
1986,2.3452019346214548,2.2441471912637163,0.10105474335773845
1987,2.564891769046868,2.4334188838235895,0.1314728852232787
1988,2.5352380089631557,2.3984231514571777,0.136814857505978
1989,2.4695060227138095,2.353161217935277,0.11634480477853248
1990,2.453724549451852,2.3389269841804454,0.11479756527140639
1991,2.59072238032966,2.4544696132232673,0.1362527671063929
1992,2.5044450443129156,2.3906985491158905,0.11374649519702507
1993,2.3814726163508984,2.279875557255277,0.10159705909562122
1994,2.4228029227794794,2.3140993211532885,0.10870360162619086
1995,2.5922512391396553,2.454350979263755,0.1379002598759005
1996,2.2924182296607265,2.202684315223915,0.08973391443681145
1997,2.443852829924286,2.323287152198694,0.12056567772559168
1998,2.416842130777563,2.306152627428728,0.11068950334883487
1999,2.4216222114787604,2.3162475498850963,0.10537466159366415
2000,2.4667459402148215,2.3477188817559345,0.11902705845888706
2001,2.3711182023363335,2.2679733546961587,0.10314484764017484
2002,2.3322186425284785,2.2265972297645544,0.10562141276392412
2003,2.5737372859879644,2.45346474520648,0.12027254078148442
2004,2.5098459711844603,2.3936833189702043,0.11616265221425603
2005,2.5469568159834286,2.428257279200288,0.11869953678314049
2006,2.498042604281724,2.379786669072009,0.118255935209715
2007,2.4500057788176925,2.334807856213725,0.11519792260396766
2008,2.491980348329021,2.3826039375592116,0.10937641076980942
2009,2.351097116690748,2.250748025033493,0.10034909165725514
2010,2.4729668676589074,2.3522253788438996,0.12074148881500779
2011,2.3940252497476164,2.2779171367510522,0.1161081129965642
2012,2.484008250753005,2.349891113098971,0.13411713765403377
2013,2.625643545657002,2.487382020431056,0.1382615252259458
2014,2.556040000722756,2.4318942978134563,0.1241457029092996
2015,2.3534636981016046,2.257602291495036,0.09586140660656861
2016,2.3822636379521223,2.272563049281907,0.10970058867021537
2017,2.5533673044831486,2.4215620359861485,0.13180526849700014
2018,2.542637349479874,2.421118568719055,0.12151878076081912
2019,2.734645640200636,2.6046506954624804,0.12999494473815565
2020,2.4390287283877243,2.3170807064599193,0.12194802192780507
2021,2.2522322007689395,2.163557238287776,0.08867496248116336
2022,2.414100755466531,2.3010047568180094,0.1130959986485216
2023,2.3018631194636745,2.2038920472600023,0.09797107220367218
2024,2.3782055176834955,2.2650958158085546,0.11310970187494096
2025,2.258303206838389,2.17154039346575,0.0867628133726388
2026,2.3458925480799295,2.2433036851518646,0.1025888629280649
2027,2.4309219314598085,2.3147099332388494,0.11621199822095907
2028,2.3488216128006836,2.245384096418732,0.10343751638195142
2029,2.268621709472852,2.1737732953551365,0.0948484141177155
2030,2.273785951571698,2.1858190904952433,0.0879668610764548
2031,2.3953092996902288,2.288378711776087,0.10693058791414156
2032,2.61736548881431,2.4778536017125194,0.1395118871017904
2033,2.2655124618895015,2.172326394620913,0.09318606726858869
2034,2.6765802932107294,2.533999904637408,0.14258038857332123
2035,2.325451159581961,2.2353845403780745,0.09006661920388659
2036,2.3438085554180472,2.2402280373762453,0.1035805180418019
2037,2.3080129101537143,2.204929381522529,0.1030835286311853
2038,2.2698104094106073,2.177652319332032,0.09215809007857523
2039,2.411310267749286,2.296035815574095,0.11527445217519094
2040,2.4677360344092327,2.3488708072743263,0.11886522713490644
2041,2.4086225100600474,2.295542536584423,0.11307997347562448
2042,2.4648085461069957,2.3347469506315215,0.13006159547547425
2043,2.4452881185572783,2.329515978694179,0.11577213986309953
2044,2.5864542641864587,2.4611453573148565,0.12530890687160223
2045,2.36106801442971,2.255834051497972,0.10523396293173803
2046,2.5061222689724096,2.3846569062914664,0.12146536268094321
2047,2.387936844122166,2.2740494081786324,0.11388743594353334
2048,2.3822451546786327,2.2661984535651643,0.11604670111346849
2049,2.4394351271665062,2.308498938170923,0.13093618899558335
2050,2.4255170325715114,2.31696790543085,0.10854912714066156
2051,2.4280106347504478,2.312611893309769,0.11539874144067896
2052,2.400351767467687,2.2863441771517996,0.11400759031588725
2053,2.5396173392209165,2.4151100469208737,0.12450729230004276
2054,2.5057926096443244,2.3748850181916157,0.1309075914527087
2055,2.304154348038123,2.209616459798119,0.09453788824000364
2056,2.5816943074981484,2.45131580962664,0.13037849787150835
2057,2.2987843288948953,2.205571287694062,0.0932130412008334
2058,2.5120353410634753,2.392310032644396,0.11972530841907947
2059,2.4525222361200094,2.3394170507344625,0.11310518538554692
2060,2.3786727804332854,2.28062674491697,0.0980460355163153
2061,2.3221763436473832,2.2290938000790006,0.09308254356838264
2062,2.4483096201233496,2.3267672865880185,0.12154233353533117
2063,2.507384709757646,2.3879819925583807,0.11940271719926532
2064,2.7563169470282025,2.6070962972072977,0.14922064982090477
2065,2.367697486070558,2.273010257931555,0.09468722813900321
2066,2.3588856747212095,2.2563422066678336,0.10254346805337589
2067,2.431541404497755,2.31829342653016,0.11324797796759523
2068,2.430500514062135,2.3223209860980547,0.10817952796408026
2069,2.640412961985224,2.515859232019496,0.124553729965728
2070,2.5519881522760444,2.4270805404398454,0.12490761183619892
2071,2.454975903498045,2.328887307018464,0.12608859647958104
2072,2.3741778344342506,2.2603749223561596,0.11380291207809101
2073,2.2554140394779787,2.1682589291707175,0.0871551103072612
2074,2.347988734832361,2.252535258665211,0.09545347616715016
2075,2.470137770251577,2.350801300251663,0.11933646999991421
2076,2.2826168525090127,2.1890397046962375,0.09357714781277515
2077,2.391958532315882,2.283691284042904,0.10826724827297785
2078,2.4194022621817113,2.2985545006298547,0.12084776155185661
2079,2.497598873395029,2.359364089651256,0.13823478374377318
2080,2.4488304470304594,2.332688449562091,0.11614199746836817
2081,2.342919898571989,2.2469132212691894,0.09600667730279966
2082,2.344127329798144,2.241821499889755,0.10230582990838899
2083,2.4923331109550464,2.3807559267650165,0.11157718419002993
2084,2.286303434853739,2.1908422481475025,0.09546118670623649
2085,2.3044850198273084,2.211767571366267,0.09271744846104157
2086,2.4886633751094047,2.368482536161332,0.12018083894807274
2087,2.4426512285385815,2.3238868115841433,0.11876441695443818
2088,2.3399674528236587,2.230199209885823,0.10976824293783549
2089,2.5411532531705214,2.411058700135421,0.13009455303510054
2090,2.5100501458831825,2.39934439416432,0.11070575171886254
2091,2.344626472621805,2.2437808397549066,0.10084563286689852
2092,2.296362423699578,2.197981713532698,0.0983807101668801
2093,2.465424362676639,2.35697897748329,0.1084453851933489
2094,2.36030339747016,2.2536847116198997,0.10661868585026024
2095,2.2384990504730706,2.1547426779887022,0.0837563724843684
2096,2.5397234415702643,2.4093895261718057,0.13033391539845862
2097,2.6412494768946164,2.496431772110045,0.14481770478457134
2098,2.4045606661314762,2.293786162195427,0.11077450393604904
2099,2.586579071489301,2.4415753992835256,0.14500367220577548
2100,2.2515403212379237,2.1590256362322937,0.09251468500562998
2101,2.57727647982974,2.438049559265213,0.13922692056452668
2102,2.325802213269816,2.232531731488672,0.09327048178114383
2103,2.570261321876523,2.439074783316422,0.13118653856010098
2104,2.3944637303136873,2.2851129668566617,0.10935076345702566
2105,2.349712420762955,2.2575868807675006,0.09212553999545436
2106,2.373315026788349,2.2690760739123936,0.10423895287595553
2107,2.609744922109002,2.457535699790549,0.15220922231845302
2108,2.443586054171034,2.327062388386035,0.11652366578499906
2109,2.6425175763859245,2.5072942793316573,0.13522329705426728
2110,2.400922949933758,2.290927550139064,0.10999539979469386
2111,2.54733031551179,2.4318502576246477,0.11548005788714244
2112,2.3250996051763186,2.228016682685124,0.09708292249119443
2113,2.89743705388124,2.74478392351638,0.15265313036486017
2114,2.3860432058612764,2.270541806600434,0.11550139926084224
2115,2.394010664745118,2.284182880700206,0.10982778404491178
2116,2.314212359009581,2.218698296011246,0.09551406299833509
2117,2.474466708691773,2.35924171192007,0.11522499677170295
2118,2.3282819455992096,2.222257393787431,0.10602455181177861
2119,2.434874839921732,2.3187601806267364,0.11611465929499554
2120,2.4871101512587637,2.384455333133129,0.1026548181256346
2121,2.4581162702871824,2.3411050858648674,0.11701118442231495
2122,2.3618224348094063,2.261468003523763,0.10035443128564348
2123,2.610176545129676,2.4693028992420336,0.1408736458876425
2124,2.3393380589791337,2.2349572052360296,0.10438085374310413
2125,2.3207918507315215,2.2179336775161476,0.10285817321537394
2126,2.366218282241593,2.2645927621688786,0.10162552007271453
2127,2.4890525904652576,2.36861738378544,0.12043520667981777
2128,2.424124213532685,2.3183828771079313,0.10574133642475347
2129,2.454720625637721,2.3515667979772976,0.10315382766042358
2130,2.5569580859197703,2.4298802756241322,0.12707781029563803
2131,2.333953165707321,2.2380218281274766,0.09593133757984429
2132,2.324056341179505,2.2262244415942423,0.09783189958526295
2133,2.476655919201722,2.349160626691429,0.127495292510293
2134,2.3657244828410824,2.2630217517850557,0.10270273105602667
2135,2.3964956119364005,2.2866949756255064,0.1098006363108941
2136,2.386553123521412,2.281324845231563,0.10522827828984882
2137,2.5201749494666292,2.409286679870862,0.11088826959576714
2138,2.3215633508977693,2.230101590662192,0.0914617602355774
2139,2.360362670735101,2.264560979579009,0.09580169115609216
2140,2.4990023413849842,2.374556698296982,0.1244456430880021
2141,2.321937372336408,2.222243137559219,0.0996942347771892
2142,2.5603196063173965,2.42691348502069,0.13340612129670637
2143,2.33544597245362,2.239156362537119,0.09628960991650093
2144,2.6416609403052376,2.5256220543502503,0.11603888595498724
2145,2.3704377811530004,2.2735173311094954,0.09692045004350502
2146,2.3444830233059166,2.2367258056204826,0.107757217685434
2147,2.6262132604159683,2.477869813051146,0.1483434473648222
2148,2.6864296808189723,2.5315510490008286,0.15487863181814365
2149,2.353755715281444,2.2431913268141854,0.11056438846725847
2150,2.4931039106797988,2.371011942355283,0.12209196832451585
2151,2.5655287109861393,2.4369228949732875,0.12860581601285181
2152,2.670949598568104,2.548714172861628,0.12223542570647616
2153,2.2902533424034472,2.2031715477903178,0.08708179461312948
2154,2.3706213728800964,2.2676067498856507,0.10301462299444575
2155,2.3856930966108396,2.282902463395052,0.10279063321578752
2156,2.662632112659017,2.5366309541128444,0.12600115854617266
2157,2.4105185065435264,2.2969913424164425,0.11352716412708386
2158,2.5857267839774436,2.4509188264137554,0.13480795756368824
2159,2.5085543607010643,2.388284400299828,0.12026996040123628
2160,2.489986183936864,2.3705828008094145,0.11940338312744947
2161,2.361934034491149,2.2651614725207274,0.09677256197042139
2162,2.4716728512225448,2.347565288883794,0.12410756233875064
2163,2.3948298465731774,2.2789152357624998,0.11591461081067767
2164,2.4779532881730773,2.352847725144418,0.12510556302865927
2165,2.2143385143306387,2.1309214917661246,0.08341702256451411
2166,2.386865598477516,2.279719825466199,0.10714577301131678
2167,2.398796980518789,2.2908043798029896,0.10799260071579964
2168,2.283017739238576,2.186164153407987,0.09685358583058923
2169,2.4341516976577897,2.325924097116263,0.10822760054152658
2170,2.501996824713633,2.374619935759555,0.12737688895407784
2171,2.2985096169906556,2.207534812645008,0.09097480434564753
2172,2.457051053945256,2.353281112777949,0.10376994116730698
2173,2.4939673073523307,2.3765401430401476,0.11742716431218314
2174,2.5855024419673334,2.446819018029266,0.1386834239380672
2175,2.3417045439621105,2.235260224062378,0.10644431989973269
2176,2.4171871944157166,2.2979205281108155,0.11926666630490113
2177,2.5680839951150034,2.4375754963108216,0.1305084988041818
2178,2.4201796462290757,2.307779513692166,0.1124001325369095
2179,2.5940062434170303,2.4574999980209737,0.1365062453960566
2180,2.335065477822058,2.2275686895367732,0.10749678828528486
2181,2.3291711353704145,2.223921501201081,0.10524963416933364
2182,2.3684990065827485,2.2664570137306788,0.10204199285206972
2183,2.3572200093390827,2.247489049362159,0.10973095997692361
2184,2.4005521253927706,2.291170787766054,0.10938133762671676
2185,2.579820135690171,2.449879470701881,0.1299406649882897
2186,2.302288447166395,2.208708811424681,0.09357963574171402
2187,2.521719227258924,2.397862297296857,0.12385692996206732
2188,2.3410641814357356,2.2434423529539407,0.0976218284817949
2189,2.381181527755259,2.277255081266395,0.10392644648886362
2190,2.4712647639799328,2.3603942166035905,0.11087054737634228
2191,2.2550926379703498,2.17184381233559,0.08324882563475988
2192,2.4085421292524396,2.2984253501502736,0.110116779102166
2193,2.4485490167634048,2.3269095861567157,0.12163943060668903
2194,2.364126571646703,2.255499461107018,0.10862711053968521
2195,2.3410362557187665,2.2353850890475626,0.10565116667120389
2196,2.2250325640784316,2.139496589702548,0.08553597437588367
2197,2.2928546717019187,2.1975851235427353,0.09526954815918343
2198,2.587180140766491,2.4635291779062234,0.12365096286026755
2199,2.448510706442441,2.3452477738818804,0.10326293256056074
2200,2.6708934062106127,2.5297158818679577,0.14117752434265496
2201,2.4538510036418604,2.3390834088800165,0.11476759476184384
2202,2.4435377693600557,2.3244763674216284,0.11906140193842729
2203,2.455459174272137,2.3369998289943,0.11845934527783708
2204,2.47847689651118,2.367405460312408,0.11107143619877213
2205,2.617948170548673,2.4739245596048196,0.14402361094385352
2206,2.381561405192864,2.270969724858119,0.11059168033474531
2207,2.314626943763491,2.218141479269769,0.09648546449372208
2208,2.2799807868459654,2.1916677261621262,0.08831306068383915
2209,2.6327751364260448,2.4993687100356703,0.13340642639037448
2210,2.6520719601158693,2.5264015519015905,0.12567040821427877
2211,2.3466557958255736,2.237344510910608,0.10931128491496578
2212,2.4131692044060054,2.306232832594685,0.10693637181132054
2213,2.3988288368938266,2.3058134128038787,0.0930154240899479
2214,2.5534734593059714,2.4362353544371573,0.11723810486881403
2215,2.215014436130689,2.1286152933784015,0.08639914275228744
2216,2.457462184084077,2.342073616123199,0.11538856796087771
2217,2.429543490640338,2.3137981802022347,0.11574531043810321
2218,2.5356182064881247,2.402064426470418,0.1335537800177069
2219,2.3460036922980523,2.2544989820751034,0.09150471022294893
2220,2.2784746016891106,2.184819712075833,0.09365488961327761
2221,2.3322876099774548,2.229615060245686,0.10267254973176865
2222,2.372056491095718,2.257818657549091,0.11423783354662698
2223,2.2224009725643015,2.1395711398413035,0.08282983272299793
2224,2.6014701201515873,2.4612735335489906,0.1401965866025967
2225,2.457288366988876,2.335529215097911,0.12175915189096509
2226,2.371016470136271,2.2557305105100625,0.11528595962620836
2227,2.433000978641455,2.3126639900827985,0.12033698855865627
2228,2.706649731599346,2.5652735450994597,0.14137618649988637
2229,2.3057439986615877,2.2015304203469204,0.10421357831466738
2230,2.490396794416012,2.394405174974025,0.0959916194419872
2231,2.4724087070401457,2.3570581403975632,0.11535056664258247
2232,2.6209888701288873,2.4814993186097305,0.13948955151915676
2233,2.7140665603796736,2.57221453253306,0.14185202784661355
2234,2.339681101120494,2.236094833923793,0.10358626719670072
2235,2.4063589445159415,2.30034873786891,0.10601020664703142
2236,2.279366136415814,2.184759792897256,0.09460634351855823
2237,2.380446770603672,2.2685853125033186,0.11186145810035342
2238,2.4341235791280393,2.311566050972672,0.12255752815536747
2239,2.2690061777488,2.1766298838871663,0.09237629386163393
2240,2.3742429275415122,2.268281122637327,0.10596180490418527
2241,2.46690597544246,2.344331154560835,0.12257482088162464
2242,2.367135904844982,2.261470669608657,0.10566523523632476
2243,2.4199485025563363,2.3072963261071355,0.11265217644920078
2244,2.4658864442258746,2.3395093651532406,0.12637707907263396
2245,2.592546383095558,2.456096321118097,0.1364500619774609
2246,2.5076544112258867,2.3955098028309245,0.11214460839496221
2247,2.4999374393814495,2.3743894422524296,0.12554799712901987
2248,2.383384228430946,2.2739159303308067,0.10946829810013936
2249,2.619840745739267,2.4859241384865762,0.13391660725269094
2250,2.4707178370492198,2.3503387271435727,0.12037910990564704
2251,2.5013522311928242,2.3893073768798363,0.11204485431298794
2252,2.7455767835159572,2.597992893416052,0.14758389009990536
2253,2.354723527904464,2.241881115517138,0.11284241238732617
2254,2.2090880339822627,2.1277816563036995,0.08130637767856319
2255,2.405749099584493,2.2923830320415752,0.11336606754291756
2256,2.3111889171729527,2.2130493112038367,0.09813960596911597
2257,2.5591783394484384,2.4305496299911007,0.12862870945733773
2258,2.6844650885672996,2.5485739105525433,0.13589117801475625
2259,2.401290575957331,2.2880792248529405,0.11321135110439062
2260,2.4775538207042027,2.3594963334659558,0.11805748723824694
2261,2.2708134798066126,2.1810378972293587,0.08977558257725393
2262,2.413952117181894,2.307232113755362,0.1067200034265321
2263,2.4525845766275824,2.333495559447056,0.11908901718052656
2264,2.362430904359564,2.2471156887188157,0.1153152156407482
2265,2.5435678174763803,2.4114553981162974,0.1321124193600829
2266,2.3232796794413666,2.2251826165090476,0.09809706293231901
2267,2.3810228019907558,2.2802840032981346,0.10073879869262115
2268,2.637934619521909,2.5052539143981796,0.13268070512372931
2269,2.4027465905401626,2.2900263805480265,0.11272020999213606
2270,2.381768398400592,2.284125702548544,0.09764269585204799
2271,2.3496216703846824,2.245384077941932,0.10423759244275033
2272,2.4484425401364596,2.3365289127439173,0.11191362739254229
2273,2.5060895097176914,2.390759761774903,0.11532974794278861
2274,2.4086995947168335,2.2954170717016944,0.11328252301513908
2275,2.348644696587127,2.25020430842321,0.09844038816391665
2276,2.254409530491959,2.165881458549178,0.08852807194278123
2277,2.4646716047851784,2.3440328522955016,0.12063875248967681
2278,2.3874613519230645,2.277651906132296,0.10980944579076857
2279,2.3766467934233617,2.2652416676410962,0.11140512578226547
2280,2.456885352230678,2.336005201608345,0.12088015062233337
2281,2.38934746940303,2.280136468512232,0.10921100089079827
2282,2.6132970174181547,2.4943603259379294,0.11893669148022523
2283,2.528456278689041,2.4020907045390625,0.1263655741499785
2284,2.4522707119705935,2.337163922324825,0.1151067896457687
2285,2.602620627806714,2.483728978658348,0.11889164914836625
2286,2.44932033955993,2.341710772398616,0.10760956716131398
2287,2.416495411179879,2.311960402331205,0.10453500884867406
2288,2.3493828282612896,2.2505279731420065,0.09885485511928316
2289,2.3044188179890015,2.209624757198331,0.09479406079067054
2290,2.4026258940892764,2.299166296619215,0.10345959747006139
2291,2.2862004857922047,2.1903938569081824,0.09580662888402225
2292,2.57416934578214,2.450947630742299,0.12322171503984114
2293,2.2964125902135804,2.206383973837329,0.09002861637625115
2294,2.320656064454168,2.217774973350242,0.10288109110392574
2295,2.5003440108098856,2.3748672871848813,0.12547672362500428
2296,2.3788000212610534,2.2770816384303743,0.10171838283067913
2297,2.483418220014587,2.3507510751320155,0.13266714488257136
2298,2.5184780500070056,2.3979506424460464,0.12052740756095925
2299,2.4852275121775342,2.3686556813695394,0.11657183080799483
2300,2.29204224099957,2.199872027176966,0.09217021382260393
2301,2.2619314375527053,2.1743548466971983,0.08757659085550706
2302,2.4782407523440786,2.3665907609299976,0.11164999141408094
2303,2.384244400446726,2.2791492356197116,0.1050951648270142
2304,2.4320386516052293,2.311347231161916,0.12069142044331338
2305,2.337013324866584,2.231446632005161,0.10556669286142295
2306,2.60545445784444,2.4854257857111066,0.12002867213333346
2307,2.3945968708385093,2.2757630424874336,0.1188338283510757
2308,2.527346209836116,2.4002075489378973,0.1271386608982188
2309,2.4137908510674557,2.299776396515508,0.1140144545519477
2310,2.3743032038718046,2.265405328565785,0.10889787530601946
2311,2.275871847289163,2.1754363293082033,0.10043551798095951
2312,2.265585463883022,2.174511035267575,0.09107442861544701
2313,2.520701952042014,2.397522415509849,0.12317953653216485
2314,2.490891364009697,2.3759292334029705,0.11496213060672655
2315,2.517940232487846,2.3900683085092504,0.1278719239785957
2316,2.4005919701385343,2.2811314698963874,0.11946050024214694
2317,2.8079441893369683,2.6573416930224405,0.15060249631452782
2318,2.507138757423883,2.3716288415219005,0.13550991590198258
2319,2.309856198144667,2.21148384280404,0.0983723553406266
2320,2.40771495316094,2.3018580265692594,0.10585692659168044
2321,2.3434199001702707,2.2443055699518495,0.0991143302184212
2322,2.420600001466438,2.2987634735922615,0.12183652787417643
2323,2.3251127923755828,2.2224598132256617,0.10265297914992111
2324,2.389174625765963,2.2866341216261734,0.10254050413978977
2325,2.298163981529543,2.2063992103874233,0.0917647711421199
2326,2.4638946536478854,2.333445290201591,0.13044936344629443
2327,2.4021766157872926,2.285196755315182,0.11697986047211062
2328,2.306675328724189,2.2057648445683204,0.10091048415586856
2329,2.2945467440492955,2.1962931382045485,0.09825360584474696
2330,2.531204751715758,2.405729199851526,0.12547555186423187
2331,2.559656621942271,2.4255592010223648,0.13409742091990617
2332,2.4533063503113812,2.326839440505827,0.1264669098055542
2333,2.4213639559051376,2.3094639256274485,0.11190003027768913
2334,2.5970351559531757,2.4648755036710717,0.13215965228210402
2335,2.4300098605788416,2.324069836887028,0.10594002369181377
2336,2.3288460135243203,2.230265820613792,0.09858019291052811
2337,2.71348636419801,2.580711454660659,0.13277490953735116
2338,2.450911043778474,2.34116653009254,0.10974451368593385
2339,2.6191380584710315,2.4896866991829367,0.1294513592880948
2340,2.4730073351814545,2.3674729046878324,0.1055344304936221
2341,2.549161757061292,2.4278894323028912,0.12127232475840088
2342,2.631175850581745,2.5062599964465653,0.12491585413517958
2343,2.4564559381722777,2.335982373255694,0.12047356491658379
2344,2.586286370018378,2.45979335307013,0.1264930169482481
2345,2.347919931421553,2.2412022853124247,0.10671764610912815
2346,2.4525285151283143,2.3426149535259277,0.10991356160238652
2347,2.436552076272401,2.3184368319932473,0.11811524427915376
2348,2.614699284955911,2.487324984565256,0.12737430039065512
2349,2.5737922084011755,2.4398123974621115,0.13397981093906397
2350,2.63792718761286,2.50770227826247,0.13022490935038977
2351,2.459367896477492,2.343877164898182,0.11549073157930989
2352,2.4505545235742305,2.33026966073471,0.12028486283952056
2353,2.6028682941488936,2.467590452267827,0.1352778418810665
2354,2.425031240720612,2.325438165862577,0.09959307485803492
2355,2.4072069149491377,2.288298639286938,0.11890827566219953
2356,2.3533560130304694,2.2504951864996476,0.10286082653082174
2357,2.4518056473329275,2.3310263809945857,0.1207792663383418
2358,2.3974731245140792,2.277170939292603,0.12030218522147607
2359,2.518120612056828,2.3969995110654447,0.12112110099138329
2360,2.472160820399536,2.357103583971751,0.11505723642778509
2361,2.4246827239014674,2.32172208036133,0.10296064354013756
2362,2.386953285390512,2.281755477126379,0.10519780826413339
2363,2.593050185880534,2.4633531932613226,0.1296969926192113
2364,2.3081046384848243,2.2042390504976046,0.10386558798721968
2365,2.6528819460116972,2.5106845200818086,0.1421974259298886
2366,2.43178555838771,2.3136983872008523,0.11808717118685763
2367,2.4170647632851687,2.3024945979334204,0.11457016535174835
2368,2.347574660159593,2.254799480595056,0.09277517956453707
2369,2.253403004934094,2.1583902977983107,0.09501270713578336
2370,2.4059735012711134,2.3027669394630346,0.10320656180807886
2371,2.3538939573446713,2.2487954403242365,0.10509851702043482
2372,2.3397431587669284,2.2463911720447545,0.09335198672217393
2373,2.7657862356150607,2.630398390017908,0.13538784559715245
2374,2.3760774092411667,2.268306136606622,0.10777127263454478
2375,2.433713345077317,2.327957882996983,0.10575546208033382
2376,2.314527886674257,2.20649181605115,0.10803607062310716
2377,2.489391520221495,2.366945597781717,0.12244592243977825
2378,2.429138444549399,2.3070448862015325,0.12209355834786662
2379,2.5430118865054077,2.431937637165316,0.11107424934009158
2380,2.49919227126484,2.3782358299827764,0.1209564412820634
2381,2.37486318490965,2.280298774160627,0.09456441074902333
2382,2.574517277757573,2.461386607475613,0.11313067028196011
2383,2.6813466825575567,2.544720060942128,0.1366266216154286
2384,2.3566939716269415,2.2554175610710465,0.10127641055589498
2385,2.592624229635211,2.455920288044769,0.1367039415904423
2386,2.329576561709006,2.2257607854482924,0.10381577626071348
2387,2.49388497228693,2.371665761446068,0.12221921084086196
2388,2.4090171267934566,2.306998202780922,0.10201892401253465
2389,2.297014987770424,2.1937167021525723,0.1032982856178517
2390,2.4042154424825113,2.2948198411585,0.10939560132401116
2391,2.4159654861521918,2.2940066294845303,0.12195885666766149
2392,2.519997402498841,2.3888973383423036,0.1311000641565374
2393,2.2298143867070563,2.1421279199403354,0.08768646676672098
2394,2.3904092592291994,2.2884096440074475,0.10199961522175194
2395,2.4306546836944745,2.314399565294026,0.11625511840044833
2396,2.7270112309621526,2.589046833984862,0.1379643969772908
2397,2.5153849651509974,2.3836011250006375,0.13178384015035993
2398,2.247194300797957,2.1600209720697037,0.08717332872825345
2399,2.320615237181586,2.218679659563602,0.10193557761798422
2400,2.578062540844288,2.460550708638025,0.11751183220626293
2401,2.3743354093828954,2.2680134760803137,0.10632193330258177
2402,2.4519411770214887,2.33240460806155,0.1195365689599388
2403,2.304247755807943,2.2082025612103107,0.09604519459763239
2404,2.4262154764216755,2.3150854750086163,0.11113000141305918
2405,2.2515540278268538,2.1660913199836003,0.0854627078432535
2406,2.455813432907734,2.3378168865665656,0.11799654634116852
2407,2.431335614357037,2.3145360900391823,0.11679952431785479
2408,2.3007925548458674,2.199057607823848,0.10173494702201946
2409,2.4273416036110267,2.3227679438021793,0.10457365980884736
2410,2.4515074722478785,2.3307573156390524,0.12075015660882604
2411,2.5524768800401247,2.4221885931487193,0.13028828689140548
2412,2.330503524989015,2.2185493294081526,0.1119541955808625
2413,2.4191894937464067,2.3143796527711533,0.10480984097525337
2414,2.3384581510108293,2.2359347497552338,0.10252340125559556
2415,2.456867699878683,2.347143400648322,0.10972429923036087
2416,2.2843213905593704,2.1842541300583194,0.10006726050105108
2417,2.381013362244941,2.2750954913272516,0.10591787091768934
2418,2.356900260975931,2.251015964429192,0.10588429654673925
2419,2.45695713175875,2.3415951450337347,0.11536198672501552
2420,2.4125385246378,2.3075911356041257,0.10494738903367429
2421,2.4188851411660517,2.3058761959849536,0.11300894518109805
2422,2.419339449135513,2.303955052589944,0.11538439654556898
2423,2.4480596680217945,2.3392723391331174,0.10878732888867715
2424,2.327339637029492,2.2183281981659984,0.10901143886349374
2425,2.3212286729348226,2.2278993278627186,0.093329345072104
2426,2.5252263999085973,2.395223935047026,0.1300024648615712
2427,2.476030821205903,2.3563435394416996,0.1196872817642034
2428,2.1967736097972157,2.118187034383286,0.07858657541392988
2429,2.4670462462582905,2.341634663379899,0.1254115828783915
2430,2.296886651269315,2.2004487908325587,0.0964378604367564
2431,2.3699230754390923,2.2625842971512524,0.10733877828783989
2432,2.2453161384603173,2.1577589879586956,0.08755715050162172
2433,2.623928390780261,2.494694342184346,0.1292340485959147
2434,2.4807510230052556,2.3682577183379276,0.11249330466732799
2435,2.4144935125401155,2.3069469477375786,0.10754656480253688
2436,2.4489539133596594,2.3311402280048585,0.11781368535480086
2437,2.572815874834448,2.452511968939527,0.12030390589492068
2438,2.353880272005101,2.2559262782409393,0.09795399376416158
2439,2.3018598090956908,2.2077674173716524,0.09409239172403838
2440,2.391689568054381,2.2771217378261355,0.11456783022824535
2441,2.3005189774424983,2.199375160974332,0.10114381646816639
2442,2.5531574859520947,2.434896354322632,0.11826113162946283
2443,2.4900380782933365,2.3781350247569213,0.11190305353641516
2444,2.3710282093985504,2.265458714772826,0.1055694946257244
2445,2.446549286218502,2.3392650132219153,0.1072842729965866
2446,2.4894403701613457,2.3638559635967047,0.12558440656464098
2447,2.348860877341624,2.242577574286596,0.10628330305502809
2448,2.3903709939199396,2.2858707278891495,0.1045002660307901
2449,2.4120731658162633,2.3025032320590118,0.10956993375725155
2450,2.3498478100379594,2.245720488818961,0.10412732121899859
2451,2.6408949421773023,2.488347100506249,0.15254784167105306
2452,2.483907622764873,2.363520579517033,0.12038704324784
2453,2.418292705702854,2.3073710053374406,0.11092170036541349
2454,2.3633651588944526,2.2631122256650205,0.10025293322943218
2455,2.5151891791829906,2.378851624249954,0.13633755493303656
2456,2.677355893041287,2.542017293200299,0.13533859984098795
2457,2.2744578649814504,2.1809695607288924,0.09348830425255805
2458,2.281041951347358,2.187160598484511,0.09388135286284705
2459,2.5936907669971587,2.4746989227329377,0.11899184426422105
2460,2.4874566792142625,2.354838885071365,0.13261779414289743
2461,2.303987965403555,2.211160528489103,0.09282743691445194
2462,2.3868652606727063,2.28784569648354,0.09901956418916624
2463,2.416571317826364,2.3005221500888924,0.11604916773747176
2464,2.3498179137781467,2.244313187136643,0.10550472664150368
2465,2.528903503380179,2.404458527684848,0.1244449756953312
2466,2.4222833929658307,2.3116813971170505,0.11060199584878028
2467,2.3935451824664584,2.2891554433976933,0.10438973906876514
2468,2.384032725729088,2.2680179393298037,0.1160147863992842
2469,2.426918619864618,2.3142742997277046,0.11264432013691339
2470,2.571748242476728,2.428900863553337,0.14284737892339106
2471,2.2607732923487194,2.1641799536190365,0.0965933387296829
2472,2.47428356782487,2.3610923505474766,0.11319121727739345
2473,2.5948729365563006,2.4583523403165484,0.1365205962397522
2474,2.309310096451116,2.2161675546363893,0.0931425418147267
2475,2.2204623028629564,2.1356443660508435,0.08481793681211292
2476,2.363431822473668,2.251955513784211,0.11147630868945724
2477,2.34909732446245,2.2416019773332563,0.10749534712919351
2478,2.2433374679944573,2.1509056199908922,0.09243184800356508
2479,2.803800349170515,2.643306906733455,0.1604934424370601
2480,2.4992476502936154,2.3746948424549275,0.12455280783868794
2481,2.5004853897374897,2.379906647811767,0.12057874192572271
2482,2.4928771457843464,2.36172791396884,0.13114923181550653
2483,2.3737128760597344,2.2711309889397886,0.10258188711994576
2484,2.3530154484547214,2.2506572171089845,0.10235823134573696
2485,2.429710180572159,2.3149813961566617,0.11472878441549739
2486,2.3610810272004272,2.2518077585372307,0.10927326866319653
2487,2.4451224381268437,2.3234518640162984,0.12167057411054527
2488,2.3574315266986416,2.2535843851856203,0.10384714151302132
2489,2.3637557901490096,2.258872506776709,0.1048832833723008
2490,2.333546875190581,2.2274491573312574,0.10609771785932365
2491,2.4149434678760917,2.306199974101952,0.10874349377413983
2492,2.512366194639831,2.3941296824483906,0.11823651219144038
2493,2.3970982503017546,2.290063516942319,0.10703473335943547
2494,2.491347597048247,2.3863531415108468,0.10499445553740028
2495,2.3456864558875687,2.240218566960022,0.10546788892754666
2496,2.2786380633512198,2.1883115340756363,0.09032652927558349
2497,2.4069279002041366,2.2850429090482374,0.12188499115589924
2498,2.354774684447918,2.249943034245792,0.10483165020212581
2499,2.5886944440157738,2.4628283402555886,0.12586610376018514
2500,2.390514011466243,2.2897226801363533,0.10079133132988982
2501,2.642665022184216,2.5105878877784256,0.13207713440579028
2502,2.5070347514795657,2.392605390200393,0.11442936127917269
2503,2.6944695356399535,2.5490071111893595,0.14546242445059399
2504,2.5386676059435285,2.4209956922947136,0.11767191364881491
2505,2.5594240736907707,2.433601812034379,0.12582226165639154
2506,2.49491535817279,2.378727571210284,0.11618778696250587
2507,2.263520289254535,2.1714052130964356,0.09211507615809955
2508,2.4642499813794974,2.345354520277196,0.11889546110230143
2509,2.3554361361346468,2.256510096708576,0.09892603942607092
2510,2.350587334556548,2.253337206178811,0.09725012837773672
2511,2.3872714391233103,2.2732285896053477,0.11404284951796262
2512,2.2794282414801685,2.191019922642458,0.08840831883771072
2513,2.3497477232894637,2.2400316547963284,0.10971606849313531
2514,2.390056938385525,2.2761088509640994,0.11394808742142537
2515,2.4140263478269786,2.307621965801366,0.10640438202561242
2516,2.435905220878748,2.312258053462558,0.1236471674161903
2517,2.249025604922522,2.165965216281296,0.083060388641226
2518,2.4733240174557025,2.3480921210837877,0.12523189637191479
2519,2.3940364263055813,2.286307983842272,0.10772844246330937
2520,2.3946762111939743,2.2965109883325465,0.09816522286142781
2521,2.5955777090427015,2.4604921631697723,0.1350855458729292
2522,2.4131157079918806,2.2979807676237662,0.11513494036811434
2523,2.4857600106918967,2.3554432988028724,0.13031671188902427
2524,2.466804910153742,2.3501068401795333,0.11669806997420862
2525,2.4637884564802865,2.3422890799971703,0.12149937648311626
2526,2.469206971887806,2.3435350126639007,0.12567195922390528
2527,2.623961567336531,2.486195118769046,0.137766448567485
2528,2.6012234343366667,2.4671039075533456,0.13411952678332106
2529,2.501892863332349,2.3723218141820577,0.12957104915029127
2530,2.5900732494093126,2.4759627528360526,0.11411049657326
2531,2.518647659583839,2.3804731302075703,0.13817452937626884
2532,2.360212473758324,2.2623654402519864,0.0978470335063375
2533,2.4449299944298533,2.329052919363682,0.11587707506617129
2534,2.526307421975957,2.408448724444828,0.11785869753112888
2535,2.541984374787913,2.4172927702165734,0.12469160457133954
2536,2.34102542701993,2.2361737530730053,0.10485167394692496
2537,2.7454966913589507,2.604353793661878,0.14114289769707256
2538,2.529435670288733,2.4162575166966804,0.11317815359205241
2539,2.631943109316805,2.5009821453367302,0.13096096398007484
2540,2.4302225355392997,2.307624315075672,0.12259822046362778
2541,2.41376728597231,2.3043654558429503,0.10940183012935956
2542,2.4096311119383547,2.2957217053614323,0.11390940657692239
2543,2.3102496546750575,2.2151003665654763,0.09514928810958123
2544,2.4105803460108954,2.3060838814586258,0.10449646455226969
2545,2.8527207390521014,2.70304226479837,0.1496784742537316
2546,2.363005241930482,2.263721334659579,0.09928390727090308
2547,2.603341021224198,2.472358510321533,0.130982510902665
2548,2.5622127891710362,2.4234795058214234,0.13873328334961288
2549,2.3561215924756223,2.2443219924264017,0.11179960004922052
2550,2.29479215566774,2.201837569711933,0.09295458595580719
2551,2.555169058465396,2.419219699095497,0.13594935936989883
2552,2.457738667613531,2.331396683579785,0.12634198403374608
2553,2.37314489906963,2.2622929194077503,0.11085197966187987
2554,2.3716414288656544,2.269721897588928,0.10191953127672626
2555,2.280802460947619,2.1920740894645006,0.08872837148311863
2556,2.4415283716610934,2.317338456514245,0.1241899151468484
2557,2.3973239528313033,2.285943768130752,0.11138018470055133
2558,2.5037150431451933,2.381579733818055,0.12213530932713823
2559,2.3352930897002633,2.238059743406413,0.09723334629385016
2560,2.336865614047831,2.2333208673252942,0.103544746722537
2561,2.401568962714366,2.284788318134158,0.1167806445802082
2562,2.484501568847162,2.361159892961823,0.12334167588533917
2563,2.3758521735653857,2.2683765602657173,0.10747561329966837
2564,2.507519808852672,2.389762922164765,0.11775688668790663
2565,2.27692359545025,2.182591053944907,0.09433254150534287
2566,2.4944820729596042,2.3680592587128557,0.1264228142467485
2567,2.2138488953410738,2.132433498359893,0.08141539698118061
2568,2.4403273308631306,2.314659038932742,0.12566829193038842
2569,2.264127773985647,2.172461438155504,0.09166633583014283
2570,2.3793110474822705,2.2700833222877437,0.10922772519452684
2571,2.37217847201917,2.2648766443174604,0.10730182770170948
2572,2.354527561654854,2.255756368718434,0.09877119293642034
2573,2.497299296621283,2.3750819727742583,0.12221732384702477
2574,2.331133820972079,2.2293687679921113,0.10176505297996785
2575,2.368198052938963,2.2645213651645357,0.10367668777442729
2576,2.517438485650729,2.3856007979299623,0.13183768772076654
2577,2.590718673696763,2.4537852139852148,0.13693345971154836
2578,2.514334228187071,2.3862903154039268,0.1280439127831441
2579,2.3910016383623374,2.2819645241388926,0.10903711422344475
2580,2.4641491313644748,2.3445914234904888,0.11955770787398601
2581,2.473551291170228,2.3530599345967103,0.12049135657351773
2582,2.5481951538184444,2.4356834751687044,0.11251167864973999
2583,2.323992039921941,2.2206132031584547,0.10337883676348625
2584,2.4241385966287954,2.3200156416467728,0.10412295498202262
2585,2.3643470968859126,2.2677679339458217,0.09657916294009095
2586,2.3309267442880492,2.227604443864126,0.10332230042392343
2587,2.4568778503711073,2.3436599771101854,0.11321787326092192
2588,2.3516541891072897,2.2475796808674153,0.10407450823987441
2589,2.4399686659425313,2.3120226500766563,0.12794601586587495
2590,2.498846353595693,2.37604165566912,0.12280469792657289
2591,2.4671113184858213,2.3621435420057555,0.10496777648006583
2592,2.588921377449078,2.45208863247936,0.13683274496971798
2593,2.446259132296261,2.331875841927792,0.11438329036846895
2594,2.3748224212642772,2.2646508111721704,0.11017161009210685
2595,2.314561666376569,2.2169694297460443,0.09759223663052463
2596,2.353853091059926,2.250624330005171,0.10322876105475487
2597,2.3687239027881706,2.271107556028342,0.09761634675982878
2598,2.379234309635466,2.287856395613776,0.09137791402168993
2599,2.424339980335996,2.3077113108162766,0.11662866951971962
2600,2.5258963849509546,2.4023193510515526,0.123577033899402
2601,2.3387481663911434,2.2457679032994005,0.0929802630917429
2602,2.487699730742018,2.3757470044165934,0.11195272632542475
2603,2.2980704580096867,2.196223889197946,0.10184656881174048
2604,2.2960596794717394,2.1978658255079786,0.09819385396376079
2605,2.6013031770776314,2.4780503338994846,0.12325284317814678
2606,2.4372734046225846,2.313555472242014,0.1237179323805706
2607,2.257240546765403,2.167507857066506,0.08973268969889725
2608,2.372921694018263,2.2577633670044945,0.1151583270137686
2609,2.4916476179928657,2.3749971188754206,0.11665049911744507
2610,2.3473882788972804,2.2453013587980757,0.10208692009920473
2611,2.299193211616188,2.2001856772586463,0.09900753435754162
2612,2.4254066083427204,2.3149799361997205,0.11042667214299984
2613,2.409956632151726,2.2959760585493045,0.11398057360242131
2614,2.2500461450100913,2.1605184261556234,0.08952771885446786
2615,2.40911116223352,2.300132936670872,0.10897822556264813
2616,2.4098047824368543,2.295457634373034,0.11434714806382029
2617,2.6007507216724584,2.4648805098695643,0.13587021180289405
2618,2.4209239118851267,2.3040408361751603,0.11688307570996637
2619,2.2950455335946347,2.2043373044324426,0.09070822916219212
2620,2.5954560267124447,2.466161063561863,0.12929496315058175
2621,2.354622003298415,2.2462483998330964,0.10837360346531844
2622,2.7620729273464986,2.611468999621765,0.15060392772473374
2623,2.459445092462152,2.3406774852493295,0.11876760721282231
2624,2.425365118120818,2.3080128182150204,0.11735229990579743
2625,2.2874497480789,2.184096353166766,0.10335339491213391
2626,2.4458258670186397,2.326441852749974,0.11938401426866552
2627,2.423251940521866,2.3143197985775226,0.10893214194434364
2628,2.4286263514545703,2.316397790171814,0.11222856128275627
2629,2.5502961618827924,2.44034279225877,0.10995336962402247
2630,2.457058989961181,2.3423943759009105,0.11466461406027051
2631,2.672117983794227,2.5187438708398364,0.15337411295439063
2632,2.365368809261958,2.2603642727609823,0.10500453650097574
2633,2.380717853421908,2.274949713751318,0.10576813967059007
2634,2.805229619849547,2.655711406894104,0.1495182129554431
2635,2.4212636176787994,2.3075033246105683,0.1137602930682311
2636,2.3946802386680637,2.276780709303715,0.11789952936434878
2637,2.4443072772776446,2.344170245042665,0.10013703223497972
2638,2.5108978627632332,2.401996513519908,0.10890134924332528
2639,2.3727861989287136,2.266474913436128,0.1063112854925854
2640,2.276729591247266,2.1821490308734215,0.09458056037384432
2641,2.6423032433538434,2.492690376340159,0.14961286701368426
2642,2.3522492803910198,2.24265492531972,0.10959435507129989
2643,2.4323014669826817,2.317956151625496,0.11434531535718584
2644,2.3961788409586684,2.2936711905874247,0.10250765037124365
2645,2.275593042210168,2.1851606816516567,0.09043236055851134
2646,2.8413201942944535,2.6783172432270734,0.16300295106738005
2647,2.21654006906214,2.1323999385279557,0.08414013053418445
2648,2.529245829934272,2.3893514263466686,0.1398944035876033
2649,2.6302466640427307,2.4954369361722524,0.1348097278704783
2650,2.322031279556138,2.224841206690667,0.09719007286547132
2651,2.465243081046205,2.346023729628805,0.11921935141739981
2652,2.4506552489424527,2.3291815376986365,0.12147371124381623
2653,2.4852140775982923,2.3615552347096007,0.12365884288869156
2654,2.490903832052588,2.3801892237088893,0.11071460834369873
2655,2.42286282213644,2.302298880495395,0.12056394164104489
2656,2.222087976297847,2.134807803666828,0.08728017263101906
2657,2.440115844921682,2.3265059125842305,0.11360993233745154
2658,2.4185680308812465,2.3007687822359766,0.11779924864526992
2659,2.5434960397616657,2.42398426335896,0.11951177640270583
2660,2.5294794202042534,2.401259371070817,0.1282200491334362
2661,2.3783833173787845,2.2725854619555483,0.10579785542323616
2662,2.290083778256764,2.1920629333432142,0.09802084491354979
2663,2.3211996371359565,2.2214624058416157,0.09973723129434076
2664,2.5320479871026342,2.4178728825972047,0.11417510450542956
2665,2.5919345222705594,2.4574950831098663,0.13443943916069312
2666,2.469553937474751,2.352554310398915,0.116999627075836
2667,2.373646884352459,2.260437554478659,0.11320932987380017
2668,2.4523317225771115,2.337268144306201,0.1150635782709104
2669,2.4478302572277713,2.3434534725226768,0.10437678470509448
2670,2.3936692762177247,2.284969520327745,0.1086997558899796
2671,2.4988934849304014,2.374562427933807,0.1243310569965943
2672,2.527594945902166,2.3963863215444143,0.1312086243577517
2673,2.5897445271831105,2.4424593799754124,0.14728514720769814
2674,2.429190930268925,2.319215091785027,0.10997583848389825
2675,2.359922750271632,2.250499902150529,0.10942284812110303
2676,2.5190544615757933,2.4080080896611604,0.11104637191463285
2677,2.2613690457127205,2.167178526726985,0.0941905189857355
2678,2.4075099586673563,2.2977718792232715,0.10973807944408476
2679,2.4911583541105786,2.382366948765061,0.10879140534551768
2680,2.650868699422412,2.507488595745471,0.14338010367694087
2681,2.4306824781147385,2.317920019137409,0.1127624589773295
2682,2.4040374644920086,2.285650913819516,0.1183865506724926
2683,2.38947529158625,2.288139683575898,0.10133560801035202
2684,2.3146575128453577,2.2204552551538117,0.094202257691546
2685,2.365940218590406,2.266263311946898,0.09967690664350792
2686,2.3851716509850127,2.281585555413656,0.10358609557135656
2687,2.54080929382054,2.4145697396443597,0.1262395541761805
2688,2.392218195451677,2.2818040707772536,0.11041412467442324
2689,2.2440310236943772,2.1609148971677863,0.08311612652659095
2690,2.5826008273758063,2.46041852954221,0.12218229783359646
2691,2.3236787425068,2.2238833217238683,0.09979542078293191
2692,2.3880545830213777,2.274608864022082,0.11344571899929567
2693,2.4877840673912677,2.3707386921836693,0.11704537520759839
2694,2.343890438045657,2.2422486848229424,0.10164175322271474
2695,2.3065490510568627,2.2139325947124764,0.09261645634438631
2696,2.3691972683475573,2.2604484166215326,0.10874885172602466
2697,2.404258941781828,2.3009682238712754,0.10329071791055267
2698,2.450005824285931,2.3447051292521883,0.10530069503374273
2699,2.5820528418598676,2.4583029028577768,0.12374993900209086
2700,2.4134468583469904,2.305262861014608,0.10818399733238238
2701,2.50657517083145,2.390690417381204,0.11588475345024607
2702,2.513554964489362,2.3831181253333718,0.13043683915599047
2703,2.452024541371372,2.3211545009943975,0.13087004037697447
2704,2.432312080152833,2.317829326928236,0.11448275322459667
2705,2.3524743332856777,2.2476825758374606,0.10479175744821712
2706,2.301519689791853,2.2004760900873706,0.10104359970448229
2707,2.6723355646605897,2.520613372803781,0.15172219185680857
2708,2.314454637004087,2.2157833781535965,0.09867125885049033
2709,2.4676030392510167,2.3484324206450395,0.11917061860597711
2710,2.369351772720858,2.274737454408613,0.09461431831224498
2711,2.3668301477316023,2.250069025673336,0.11676112205826605
2712,2.355241762554469,2.2481277136669515,0.1071140488875173
2713,2.4131812344378494,2.300095554339074,0.1130856800987754
2714,2.4448649454200146,2.3282007573955665,0.11666418802444811
2715,2.3379463736105146,2.232241988211876,0.10570438539863858
2716,2.3313113047101206,2.2363793430877297,0.09493196162239093
2717,2.6522990212531297,2.510017123168702,0.14228189808442782
2718,2.3812599613159193,2.2771422187853827,0.10411774253053663
2719,2.559318011177282,2.4286869465082495,0.13063106466903252
2720,2.381534100442122,2.2765440708277467,0.10499002961437531
2721,2.3525122197341033,2.256515320179685,0.09599689955441848
2722,2.3920984940803045,2.2914781096577355,0.10062038442256904
2723,2.3890660390228233,2.279268905082542,0.10979713394028146
2724,2.7015784523062067,2.555734542512963,0.14584390979324358
2725,2.4290962218852283,2.3067224910707202,0.12237373081450809
2726,2.3358034421818594,2.2321818911628357,0.1036215510190237
2727,2.4124738842492235,2.301601025858517,0.1108728583907066
2728,2.6163305507549794,2.4822179441342076,0.13411260662077185
2729,2.565011015367776,2.4530511329133433,0.11195988245443278
2730,2.250080193666785,2.1659646523391363,0.08411554132764865
2731,2.3122044152064722,2.220529818354819,0.09167459685165325
2732,2.397867980802686,2.2872578778839703,0.11061010291871565
2733,2.4945605214864988,2.3686948080748045,0.12586571341169428
2734,2.3654633259602784,2.264289285557293,0.10117404040298528
2735,2.3526759496585092,2.248120110847815,0.10455583881069419
2736,2.3668497791299195,2.2691879765679834,0.09766180256193602
2737,2.369002258512165,2.263063421051386,0.10593883746077903
2738,2.26683912505876,2.1759416865476893,0.09089743851107057
2739,2.3217601258582103,2.222296860146434,0.09946326571177622
2740,2.3012949587909195,2.197099743652202,0.10419521513871732
2741,2.3688691050000417,2.264919773532654,0.10394933146738783
2742,2.377989599147749,2.271878585174433,0.10611101397331613
2743,2.439954153834418,2.322119946547398,0.11783420728701977
2744,2.2351847700879794,2.154112584785945,0.08107218530203442
2745,2.4579242459333406,2.3409739258364715,0.11695032009686912
2746,2.523998023994489,2.399912038528403,0.12408598546608562
2747,2.3856980807762844,2.2734274935849723,0.11227058719131211
2748,2.152202574419793,2.078828815013278,0.07337375940651514
2749,2.290299823967491,2.1880573287527945,0.10224249521469675
2750,2.3571873401919072,2.2575276039593986,0.09965973623250868
2751,2.289700883943046,2.1954259065545902,0.09427497738845592
2752,2.5254366458873565,2.4038690916033567,0.12156755428399979
2753,2.2708885620741306,2.1809103992146706,0.08997816285946003
2754,2.5576527047829165,2.4316299470794394,0.12602275770347715
2755,2.374744012579994,2.2761505998902076,0.0985934126897865
2756,2.4198850440692508,2.3031732807720813,0.11671176329716948
2757,2.4605430653107208,2.352483378932876,0.10805968637784469
2758,2.4527450641800552,2.349461644839654,0.1032834193404013
2759,2.3020333427601125,2.209748911312598,0.09228443144751441
2760,2.360254587681558,2.253407240649768,0.10684734703179011
2761,2.373020489846748,2.2640475223335064,0.10897296751324159
2762,2.3763306387440357,2.270262197082434,0.10606844166160156
2763,2.401124134912245,2.2928759993160903,0.10824813559615487
2764,2.2342587190883507,2.147917093466542,0.08634162562180858
2765,2.330643806679445,2.230827385508867,0.09981642117057765
2766,2.348505866249929,2.2388901610632925,0.10961570518663644
2767,2.316813908217919,2.22200714119636,0.09480676702155888
2768,2.365598505184578,2.2573432084891154,0.10825529669546263
2769,2.542678575641164,2.434239631466487,0.10843894417467714
2770,2.4329246153736355,2.3203460305122814,0.11257858486135408
2771,2.468258185348554,2.3538313659887615,0.11442681935979238
2772,2.3764750480446546,2.274647545441361,0.10182750260329376
2773,2.321243072458611,2.2232184926135337,0.0980245798450774
2774,2.5639725752633793,2.43588088797041,0.12809168729296916
2775,2.515205217647714,2.3900553991364566,0.1251498185112574
2776,2.28895191986218,2.1993228655040724,0.08962905435810775
2777,2.558316233781767,2.4274844715110127,0.13083176227075421
2778,2.5074123379499613,2.376744181461244,0.1306681564887171
2779,2.3224289935106146,2.222440347100941,0.09998864640967353
2780,2.342389380900535,2.2384696256481895,0.10391975525234542
2781,2.4582402989108108,2.33256574980249,0.12567454910832065
2782,2.3419729552936532,2.251248315357616,0.0907246399360373
2783,2.3480777286733074,2.2456927580621757,0.10238497061113172
2784,2.631454480600025,2.4844184929670425,0.1470359876329823
2785,2.4006135556403487,2.3018907392283845,0.09872281641196423
2786,2.570336627887327,2.442533528407635,0.12780309947969215
2787,2.2946526383492682,2.1987753121453912,0.09587732620387701
2788,2.430776714023898,2.313133679207652,0.11764303481624605
2789,2.6055019343036596,2.481676518669055,0.12382541563460459
2790,2.453316310904178,2.3420238877780046,0.11129242312617338
2791,2.537495758416314,2.4076055456211196,0.12989021279519442
2792,2.576451029133288,2.4515256955635323,0.12492533356975555
2793,2.4346908795194073,2.320103078235007,0.11458780128440038
2794,2.3414457117918173,2.2426260169007093,0.09881969489110798
2795,2.380759541294306,2.27776471308994,0.10299482820436623
2796,2.4760170479618893,2.34818881036677,0.1278282375951192
2797,2.627717135060423,2.4872530869614766,0.1404640480989463
2798,2.4316805502480356,2.32895457342498,0.10272597682305573
2799,2.4304684819798466,2.3098059873208117,0.12066249465903489
2800,2.885237725588482,2.7236590702816925,0.16157865530678928
2801,2.390773005361913,2.283047077841332,0.10772592752058108
2802,2.542302919954571,2.429791949949315,0.112510970005256
2803,2.3941307076667027,2.291905147053288,0.10222556061341459
2804,2.424219729695129,2.3210749808621243,0.10314474883300484
2805,2.547106007494104,2.40795517429041,0.13915083320369392
2806,2.407772655779162,2.2968276822279923,0.11094497355116983
2807,2.289947171874357,2.1916370692127116,0.09831010266164553
2808,2.4463370395433595,2.3326279276334385,0.11370911190992095
2809,2.658216109175339,2.5135309126689496,0.14468519650638934
2810,2.5318925589358345,2.4105529763731997,0.12133958256263488
2811,2.291690567856672,2.1897872192230556,0.10190334863361628
2812,2.512166568496833,2.396930090008716,0.11523647848811702
2813,2.4739552437821493,2.3562583336397744,0.11769691014237482
2814,2.222788668926981,2.1357439349868996,0.08704473394008128
2815,2.583892616348773,2.45575052678612,0.12814208956265283
2816,2.6296573100748093,2.4870645471710233,0.14259276290378597
2817,2.3411717844100823,2.2473363011897938,0.09383548322028856
2818,2.480403261571873,2.3472440374773256,0.1331592240945474
2819,2.6211596006778812,2.487817368314932,0.13334223236294918
2820,2.538261598684182,2.3986020678681674,0.13965953081601468
2821,2.351130004719373,2.2471228687800147,0.10400713593935818
2822,2.4252629818124363,2.311951944133648,0.11331103767878847
2823,2.473485121261277,2.350047443761799,0.12343767749947832
2824,2.4915622823733306,2.367590937898071,0.12397134447525948
2825,2.304736126889199,2.200523218078241,0.10421290881095802
2826,2.4212365965014375,2.315794788634544,0.10544180786689372
2827,2.6449566517377314,2.486544134953999,0.15841251678373247
2828,2.620093699215439,2.5103320544537797,0.1097616447616594
2829,2.6346775096838875,2.5061011509689677,0.1285763587149198
2830,2.2620354965382186,2.1695139226683,0.09252157386991877
2831,2.5169922186915796,2.3916671420657534,0.12532507662582626
2832,2.352741728956168,2.2507719020454546,0.10196982691071321
2833,2.417206809053402,2.3122061892457113,0.10500061980769049
2834,2.414484164723509,2.312178354032193,0.10230581069131572
2835,2.3732108983869455,2.262782162976908,0.1104287354100375
2836,2.4984616038104255,2.3665884748913264,0.13187312891909908
2837,2.447281557219794,2.341646565069606,0.10563499215018801
2838,2.2464775400350296,2.1555268986760447,0.0909506413589849
2839,2.508989179920901,2.3993832820713523,0.10960589784954866
2840,2.622515627137095,2.4948295414761428,0.1276860856609523
2841,2.9066409426821793,2.7552238661322326,0.15141707654994674
2842,2.4546057221183912,2.3377189869752115,0.11688673514317971
2843,2.377828585087665,2.2671843940094734,0.11064419107819168
2844,2.545139181856262,2.408810861628433,0.13632832022782893
2845,2.4346623691274525,2.3317000701485098,0.10296229897894271
2846,2.368203227483192,2.262166067006123,0.10603716047706913
2847,2.6061925589276296,2.461936894346751,0.14425566458087857
2848,2.4291012523696685,2.319148196330162,0.10995305603950634
2849,2.3063626146211917,2.2078712021895717,0.09849141243162007
2850,2.496344140426146,2.375276602832403,0.12106753759374289
2851,2.4029946390783663,2.2922582045032973,0.11073643457506899
2852,2.3795213071881918,2.271890389223812,0.10763091796437996
2853,2.3981164129400905,2.287966329595166,0.11015008334492427
2854,2.6020364079091896,2.469743616189742,0.1322927917194474
2855,2.4033336868175,2.2919763174743153,0.11135736934318485
2856,2.5958721293842557,2.460571190485902,0.1353009388983537
2857,2.1984415198752845,2.1197377735163574,0.07870374635892707
2858,2.49642955563006,2.3732178489137534,0.12321170671630677
2859,2.4309147172082133,2.3236491414107556,0.10726557579745766
2860,2.4367592724307676,2.326410719555172,0.11034855287559564
2861,2.340232876684714,2.236177821104858,0.10405505557985606
2862,2.371782156689094,2.269268285019903,0.10251387166919113
2863,2.416531421636886,2.2979742124328655,0.11855720920402035
2864,2.3420184013059795,2.24651109439227,0.09550730691370957
2865,2.622990194206777,2.484759803676416,0.138230390530361
2866,2.4107318029530536,2.301756397759315,0.1089754051937386
2867,2.4007642965034464,2.2951159789706868,0.1056483175327596
2868,2.756495825109372,2.615627528528247,0.1408682965811252
2869,2.379956161372865,2.27544492214845,0.10451123922441496
2870,2.396484011863869,2.2821609463661017,0.11432306549776738
2871,2.476526407019695,2.3533660161897374,0.12316039082995767
2872,2.4514411768322697,2.3259212405398437,0.12551993629242597
2873,2.3114533463588236,2.214085357372734,0.09736798898608967
2874,2.3071317780310943,2.208707454446504,0.0984243235845903
2875,2.3813986384849133,2.2691158622630794,0.11228277622183391
2876,2.2520621822280606,2.161079738005056,0.0909824442230045
2877,2.3660692818578233,2.257537442862497,0.10853183899532626
2878,2.2564004437022893,2.172159063672377,0.08424138002991244
2879,2.3567466050855397,2.2499095156498896,0.10683708943565007
2880,2.446798910197918,2.3258896570716074,0.12090925312631073
2881,2.379248081793602,2.2788326962347343,0.10041538555886786
2882,2.432608126256184,2.3138414060437347,0.11876672021244916
2883,2.3136291236095174,2.218406967940775,0.09522215566874248
2884,2.411467284987195,2.2895346483918284,0.1219326365953668
2885,2.339492340805552,2.241134961781423,0.098357379024129
2886,2.4741177091840663,2.3525577547874357,0.12155995439663059
2887,2.3234539551234072,2.225976130488095,0.09747782463531207
2888,2.4760576228944338,2.3530746827983027,0.12298294009613109
2889,2.5099762920817423,2.371093102487249,0.1388831895944933
2890,2.473541257422863,2.3584321986660037,0.11510905875685928
2891,2.396212632834311,2.281300018128949,0.11491261470536207
2892,2.3931788927342987,2.2851723223764346,0.1080065703578641
2893,2.6216340376401135,2.4878278634158715,0.133806174224242
2894,2.5144081354368697,2.3827150715966443,0.1316930638402254
2895,2.440318971671153,2.3306046822346924,0.10971428943646044
2896,2.400109059412402,2.2990921305007936,0.10101692891160852
2897,2.3424192140502633,2.2457193167286436,0.09669989732161977
2898,2.678084799745836,2.541504194558447,0.13658060518738901
2899,2.607115501612865,2.46652052447455,0.14059497713831481
2900,2.413333508484909,2.3025953909056223,0.11073811757928675
2901,2.327423840243302,2.220345395156845,0.10707844508645703
2902,2.481033264467522,2.3575942421984566,0.12343902226906556
2903,2.429811826791059,2.331448279241737,0.0983635475493223
2904,2.458787216324166,2.34041733867407,0.1183698776500961
2905,2.3967152445597373,2.2848056052269934,0.1119096393327439
2906,2.2842695722006034,2.1935050027794643,0.0907645694211392
2907,2.420486317239895,2.306297041872741,0.11418927536715406
2908,2.371501136615712,2.265543770825212,0.10595736579049975
2909,2.338630745872171,2.237488129204884,0.10114261666728686
2910,2.6104869373410438,2.4708375436140813,0.1396493937269625
2911,2.4175587426495597,2.2935936136899286,0.12396512895963108
2912,2.5616531758039,2.4351747374800197,0.1264784383238804
2913,2.302546642441035,2.2001182105284296,0.10242843191260542
2914,2.4240312459797653,2.3108246141262456,0.11320663185351965
2915,2.470416329554234,2.3521470993995246,0.11826923015470925
2916,2.3548638464462326,2.260351387044486,0.0945124594017468
2917,2.4377654895775147,2.309392028667663,0.1283734609098519
2918,2.566644161472156,2.4488295533517364,0.11781460812041944
2919,2.594661811670795,2.476201750019913,0.11846006165088196
2920,2.4347494368257414,2.3265089816727205,0.10824045515302094
2921,2.536748605077258,2.4124264696842945,0.12432213539296333
2922,2.4310917567075183,2.3302755910987965,0.10081616560872186
2923,2.3129949050778715,2.2214308763542534,0.09156402872361813
2924,2.491968481190005,2.378202786763248,0.11376569442675732
2925,2.458460780352996,2.352240148504715,0.10622063184828123
2926,2.4104100271292603,2.2972469607411665,0.11316306638809381
2927,2.42453081235483,2.312406306758732,0.11212450559609799
2928,2.5452388333769127,2.4292488994199335,0.11598993395697921
2929,2.5504882622313705,2.4407026500826317,0.10978561214873883
2930,2.432065893965567,2.3212602950808456,0.11080559888472141
2931,2.680418949096988,2.5225350572533993,0.15788389184358875
2932,2.6145030620310323,2.479868664049959,0.13463439798107313
2933,2.728107465880073,2.5741215578925334,0.15398590798753942
2934,2.337890653604129,2.2367562089122743,0.10113444469185451
2935,2.3699660143882983,2.262480321597657,0.10748569279064135
2936,2.448081752440975,2.331128389461562,0.11695336297941283
2937,2.4255336706016255,2.3257570426978535,0.09977662790377195
2938,2.5220411131066496,2.4021352147606323,0.11990589834601728
2939,2.323125062155543,2.223424818063202,0.0997002440923409
2940,2.3722963993717294,2.2745190733766916,0.09777732599503786
2941,2.3295443652404564,2.220188351108906,0.10935601413155016
2942,2.5738768843491893,2.4284966693852037,0.14538021496398557
2943,2.4123214602608978,2.305513695215916,0.1068077650449819
2944,2.403461367809881,2.2904268484355703,0.11303451937431053
2945,2.2983222969425228,2.1977429617280464,0.10057933521447637
2946,2.293539564687838,2.1975592393023957,0.0959803253854421
2947,2.4470502710478965,2.3209807060573686,0.1260695649905279
2948,2.676143589863975,2.5402815508142296,0.1358620390497456
2949,2.447981065157143,2.3193451555485116,0.12863590960863158
2950,2.4951452276046884,2.373700466542536,0.1214447610621523
2951,2.457657892767386,2.345779553755442,0.11187833901194422
2952,2.480979277312264,2.3688155986600736,0.11216367865219024
2953,2.444905902274858,2.3300093890299793,0.11489651324487848
2954,2.5741427910033967,2.4520991470269338,0.12204364397646295
2955,2.390730696569417,2.2911477467182677,0.09958294985114913
2956,2.2718812518421165,2.175243945394464,0.09663730644765245
2957,2.537909241001007,2.4258015350790854,0.11210770592192176
2958,2.239880671312473,2.1536158718165574,0.08626479949591559
2959,2.377915579912173,2.27184523482118,0.106070345090993
2960,2.3919732191729333,2.2743996865969294,0.11757353257600389
2961,2.3469214167051016,2.2462818726562097,0.10063954404889186
2962,2.3814369266214186,2.2827925000245983,0.09864442659682027
2963,2.5212787918456323,2.40540335858793,0.11587543325770211
2964,2.4151563334477104,2.2999039422360315,0.11525239121167896
2965,2.326420935137136,2.220833143736633,0.10558779140050278
2966,2.3709917558917666,2.263854469548545,0.1071372863432214
2967,2.9410341508776385,2.7770960431299696,0.16393810774766893
2968,2.4460511086895615,2.3290419982808226,0.11700911040873896
2969,2.5067705056268177,2.3877635274216216,0.11900697820519612
2970,2.3269432816404994,2.2303644447186013,0.09657883692189806
2971,2.485883046604926,2.3675448390568548,0.11833820754807123
2972,2.3693693673461316,2.2622758683409008,0.1070934990052308
2973,2.304135165743768,2.204603718301171,0.09953144744259701
2974,2.6280175947366313,2.488260781303473,0.13975681343315838
2975,2.574657478876926,2.435261450395406,0.13939602848151988
2976,2.410483420769802,2.2942296957021098,0.11625372506769205
2977,2.5148834570263934,2.3861970310452882,0.12868642598110513
2978,2.573977905981788,2.4384741207620415,0.1355037852197465
2979,2.3106920752862967,2.211676934989679,0.09901514029661751
2980,2.7364624969677758,2.5897938401116,0.1466686568561757
2981,2.5341444330054816,2.4040547704917143,0.1300896625137673
2982,2.4557448294652997,2.3415651475241024,0.11417968194119732
2983,2.2667628908835784,2.180891185414774,0.0858717054688043
2984,2.3441264453099993,2.2484113003620285,0.09571514494797073
2985,2.436808941326483,2.32357025230938,0.11323868901710288
2986,2.3348375112221555,2.225519653404344,0.10931785781781134
2987,2.3802770316691544,2.279310459508688,0.10096657216046623
2988,2.4222655346282775,2.3080153396186085,0.11425019500966904
2989,2.500116313273899,2.3812926508221186,0.11882366245178044
2990,2.3763414222656682,2.2664712472352804,0.10987017503038787
2991,2.5920488638145063,2.4566928600606524,0.13535600375385393
2992,2.4636012377207455,2.3489656316971677,0.11463560602357781
2993,2.3664148911382683,2.2707111832856857,0.09570370785258264
2994,2.4439077070764372,2.3241000916226127,0.11980761545382457
2995,2.4025124428278,2.2943786248931297,0.10813381793467025
2996,2.6323220348578906,2.500059421662912,0.13226261319497867
2997,2.4942041432719093,2.373519790634849,0.12068435263706023
2998,2.4166939080630807,2.301991563703513,0.11470234435956783
2999,2.419121403281734,2.3012479435247766,0.11787345975695729
3000,2.216382441275089,2.131443373628383,0.08493906764670633
3001,2.244731700950042,2.156713262365663,0.08801843858437897
3002,2.438857691299531,2.330574919123025,0.10828277217650584
3003,2.395486566671882,2.2804264847052496,0.11506008196663231
3004,2.5189326157761625,2.3866048720849147,0.13232774369124778
3005,2.325272910922353,2.224118887345104,0.10115402357724923
3006,2.3255285818139484,2.2254298179623864,0.10009876385156202
3007,2.457989117773221,2.330525518761938,0.1274635990112829
3008,2.407505491376418,2.301125444917918,0.10638004645849986
3009,2.3252495724854865,2.2212707688233095,0.10397880366217693
3010,2.528906676178732,2.406443779506354,0.1224628966723782
3011,2.4890037602721193,2.3855949693290097,0.10340879094310962
3012,2.4103336336247483,2.3002265639523243,0.11010706967242401
3013,2.515612047434879,2.3795762478628713,0.13603579957200784
3014,2.5453569250502674,2.424243208723958,0.12111371632630963
3015,2.320666106991639,2.217178210090066,0.10348789690157334
3016,2.524966358087986,2.4150357036858807,0.10993065440210525
3017,2.59425357232004,2.462526303914478,0.13172726840556193
3018,2.749482766532807,2.602820857859652,0.14666190867315487
3019,2.3689650685581514,2.267334316617613,0.10163075194053839
3020,2.3677376932242358,2.2587646051622503,0.10897308806198547
3021,2.28836800242557,2.1914019144811285,0.09696608794444161
3022,2.5783741346336306,2.452833294593103,0.1255408400405278
3023,2.5230939845321245,2.382399829529139,0.14069415500298543
3024,2.466504890379253,2.350075382826669,0.11642950755258408
3025,2.4816784763843125,2.3557515617560476,0.12592691462826489
3026,2.360968222611956,2.261909801140631,0.09905842147132526
3027,2.358807943579378,2.2596236038810535,0.0991843396983243
3028,2.2260482419790515,2.1373342031476588,0.08871403883139273
3029,2.517081465257803,2.398993235908614,0.11808822934918917
3030,2.4558063805769312,2.3401416745502055,0.11566470602672574
3031,2.540518844486682,2.4111360799918757,0.12938276449480623
3032,2.5542703915813094,2.425594636342508,0.1286757552388016
3033,2.5815545070842005,2.4481755436878063,0.1333789633963942
3034,2.582545916424201,2.4519741513438116,0.13057176508038948
3035,2.4324624275434874,2.3202871612876046,0.11217526625588281
3036,2.524490171448359,2.4098828291530916,0.11460734229526759
3037,2.3604440778529456,2.256464414269582,0.10397966358336364
3038,2.3553749793184724,2.248455768828977,0.1069192104894956
3039,2.5676490712944036,2.4404553602618004,0.12719371103260313
3040,2.6129337365265775,2.4782726039888012,0.13466113253777623
3041,2.3925037104947604,2.281801993407518,0.11070171708724219
3042,2.3168591091823245,2.215431145965471,0.10142796321685354
3043,2.354789182277955,2.2531621134521505,0.10162706882580474
3044,2.3072483674321056,2.2123441905798282,0.09490417685227737
3045,2.305271089344593,2.2047953065991894,0.10047578274540347
3046,2.647422461451582,2.50650029228854,0.140922169163042
3047,2.325535304491805,2.228757968775568,0.09677733571623692
3048,2.6240485126638493,2.5046650025459054,0.1193835101179439
3049,2.511755648062346,2.386273284462702,0.12548236359964404
3050,2.4362525950138507,2.3288912412820206,0.10736135373183009
3051,2.38460930139967,2.2710349214203647,0.1135743799793052
3052,2.477858972169607,2.370800979804635,0.10705799236497215
3053,2.4120102236487266,2.302365967169503,0.10964425647922349
3054,2.4082342783340485,2.301055211009532,0.10717906732451654
3055,2.38741222049786,2.2830842809988185,0.10432793949904129
3056,2.481812416403302,2.360631840711339,0.12118057569196328
3057,2.437383409842807,2.3155028683077017,0.12188054153510519
3058,2.512034490768087,2.3886855951627926,0.12334889560529438
3059,2.393339030849808,2.2796927405276213,0.11364629032218687
3060,2.4319429508624544,2.3158073324835953,0.1161356183788591
3061,2.301651824278803,2.2025980319275047,0.09905379235129841
3062,2.324855268989075,2.226768769406628,0.09808649958244686
3063,2.6175132585934002,2.4771682524390646,0.14034500615433565
3064,2.4744666750578683,2.359292232493122,0.1151744425647463
3065,2.2321778683434923,2.1470454090747895,0.08513245926870283
3066,2.615872834857679,2.481976362674583,0.13389647218309575
3067,2.3258413128764377,2.2286044493264994,0.09723686354993832
3068,2.3970443459304995,2.2792534447173987,0.11779090121310087
3069,2.348982819281081,2.2503887035950476,0.09859411568603349
3070,2.533612038947691,2.4135843491324787,0.12002768981521239
3071,2.509298973607806,2.38443689587064,0.12486207773716629
3072,2.517056851212338,2.4016700757944136,0.11538677541792453
3073,2.681864166238681,2.53171211598682,0.15015205025186118
3074,2.3129139071957656,2.214151874725917,0.09876203246984883
3075,2.4139480879089033,2.3122288343458735,0.1017192535630298
3076,2.591192423366439,2.4554170860265914,0.1357753373398478
3077,2.3961344072420596,2.2804858269921175,0.11564858024994207
3078,2.338479779435395,2.2364299192394412,0.10204986019595363
3079,2.409669466946621,2.3063529821298014,0.10331648481681954
3080,2.3075567531622605,2.2106735493956857,0.09688320376657478
3081,2.580160814238758,2.4592323479673244,0.12092846627143361
3082,2.209995417312987,2.1274230956225355,0.08257232169045148
3083,2.3217154020927655,2.22344724935866,0.09826815273410539
3084,2.5896201460754944,2.4666758093948817,0.12294433668061266
3085,2.5394507888946105,2.418413080980182,0.1210377079144287
3086,2.2418082162726365,2.158782279260955,0.0830259370116817
3087,2.5380317012435554,2.4055496400600727,0.1324820611834827
3088,2.6717968536825,2.5366953189497217,0.1351015347327782
3089,2.501438895978417,2.387827682790914,0.11361121318750289
3090,2.5786686426086827,2.457076734933679,0.12159190767500361
3091,2.5430814879034767,2.414376019198684,0.12870546870479282
3092,2.2516031004048545,2.1656842526641245,0.08591884774073
3093,2.482093387263681,2.3515525963277084,0.1305407909359726
3094,2.5661875158485397,2.439000192716891,0.1271873231316487
3095,2.4858004158642983,2.3727444270821345,0.11305598878216383
3096,2.3315126762509553,2.2249182269164423,0.10659444933451301
3097,2.54540429825089,2.4115178041668757,0.13388649408401454
3098,2.4935169895550007,2.3872523403087844,0.10626464924621626
3099,2.4106779938014755,2.292073368945532,0.11860462485594336
3100,2.6793962514808563,2.5299648255388347,0.14943142594202152
3101,2.355200712076529,2.257192814154584,0.09800789792194475
3102,2.5351555869224707,2.414074277006583,0.12108130991588784
3103,2.5034930959958426,2.375025563040222,0.12846753295562063
3104,2.753042059864804,2.6130382824043386,0.14000377746046544
3105,2.412552828345942,2.296950323831047,0.11560250451489473
3106,2.678201366454652,2.5455342952008917,0.13266707125376032
3107,2.4186790024256215,2.3080710015842594,0.11060800084136213
3108,2.505555614377282,2.368790781148417,0.13676483322886535
3109,2.4023340225420498,2.297807063073508,0.10452695946854185
3110,2.476623704871387,2.3598934083971486,0.11673029647423849
3111,2.3959458640384965,2.2804735875874775,0.11547227645101898
3112,2.361154787596637,2.2588965043623794,0.10225828323425779
3113,2.3566826564777728,2.25701418358397,0.09966847289380265
3114,2.63933212338475,2.4983339155777333,0.14099820780701666
3115,2.4056384324467515,2.3070780167542626,0.09856041569248886
3116,2.311415051040114,2.2114720218847963,0.09994302915531783
3117,2.535940927277037,2.4110002411726534,0.12494068610438358
3118,2.3532293756127123,2.2530602688449486,0.1001691067677637
3119,2.396925421943239,2.285824358067792,0.11110106387544683
3120,2.484019187660006,2.381555445010121,0.10246374264988534
3121,2.449647482452359,2.3433134531013,0.10633402935105929
3122,2.348127496587147,2.2502536436725773,0.09787385291456951
3123,2.4576029975629003,2.326151131229119,0.13145186633378136
3124,2.238709514705014,2.151182470094936,0.08752704461007799
3125,2.3253595716760747,2.2274204146457355,0.09793915703033917
3126,2.6767968011522463,2.536728612441978,0.14006818871026816
3127,2.371720765658508,2.2732992323466386,0.09842153331186942
3128,2.4537601515451364,2.3373095004227555,0.11645065112238084
3129,2.3686696025599963,2.267899269599738,0.10077033296025828
3130,2.274450784845486,2.1768773989043986,0.09757338594108722
3131,2.388839869727057,2.2975007557018516,0.09133911402520534
3132,2.552492078863094,2.438601008638744,0.11389107022434963
3133,2.8177724037730125,2.655432477273634,0.16233992649937834
3134,2.5785827866772943,2.4520952751305267,0.12648751154676763
3135,2.31078400016186,2.20776386095603,0.10302013920582986
3136,2.4152595015614486,2.301214474865341,0.1140450266961075
3137,2.6084778623311116,2.4791211671792497,0.12935669515186188
3138,2.430747042760469,2.316501283028012,0.11424575973245732
3139,2.4601725039387334,2.3472089293741343,0.11296357456459916
3140,2.4576923839214153,2.3361950675402188,0.12149731638119654
3141,2.3069899422514646,2.214686663517164,0.09230327873430078
3142,2.539743512869887,2.4167218776174013,0.12302163525248577
3143,2.3141731891684127,2.2191423356541957,0.09503085351421703
3144,2.387108088911756,2.2858692229797115,0.10123886593204467
3145,2.6656687336100013,2.5370133539968256,0.12865537961317575
3146,2.380838118805443,2.2726244222400003,0.10821369656544277
3147,2.29245586316805,2.1953094178465458,0.09714644532150407
3148,2.281122512440448,2.189294886258124,0.0918276261823241
3149,2.3200632676657293,2.2187382130182343,0.10132505464749508
3150,2.409918440731888,2.297679560853175,0.11223887987871306
3151,2.210642726920397,2.1296131159341165,0.0810296109862807
3152,2.3698057301008406,2.26507785988772,0.10472787021312069
3153,2.4083102449005,2.3045250390366596,0.10378520586384044
3154,2.562979613054859,2.441807870313635,0.121171742741224
3155,2.2813253824718984,2.1861849885002558,0.09514039397164264
3156,2.4680623226584024,2.3391387175373906,0.12892360512101186
3157,2.5320872946226665,2.3978653440065116,0.13422195061615483
3158,2.658036177002684,2.524449092369087,0.13358708463359692
3159,2.432343918149504,2.321945425043725,0.11039849310577887
3160,2.4554928311925917,2.3467598294731875,0.10873300171940414
3161,2.498814247966802,2.3899469845459875,0.10886726342081454
3162,2.421103115032688,2.3137145326338584,0.10738858239882942
3163,2.4627959972720013,2.3443198446949647,0.11847615257703659
3164,2.3765986866520294,2.2753391177067663,0.10125956894526311
3165,2.4315858709777167,2.311550738927745,0.12003513204997152
3166,2.3483246517462875,2.24199394895459,0.10633070279169754
3167,2.4167649714857817,2.3042270231401254,0.11253794834565634
3168,2.44168464520193,2.331476813091338,0.11020783211059193
3169,2.494756612604907,2.377288633416492,0.11746797918841478
3170,2.4821720196858825,2.3591034265367967,0.1230685931490858
3171,2.595105884417754,2.4574140612213307,0.13769182319642326
3172,2.4252284085259195,2.3313269597470887,0.09390144877883078
3173,2.3391098535418613,2.23691916758601,0.10219068595585146
3174,2.4114622227916995,2.291368197560273,0.12009402523142665
3175,2.302724172335691,2.2043656075502214,0.09835856478546967
3176,2.2156470083201873,2.129233152615538,0.08641385570464921
3177,2.468685445903955,2.3470100030189958,0.12167544288495913
3178,2.284154274898345,2.188765524812439,0.09538875008590608
3179,2.506207728299781,2.399726999389804,0.10648072890997673
3180,2.5805983289973304,2.450988589255403,0.12960973974192758
3181,2.453239833218353,2.3403958660737696,0.11284396714458333
3182,2.4142106301992996,2.3027104139007912,0.11150021629850837
3183,2.2555827073152175,2.163335130747588,0.09224757656762961
3184,2.4994549729437434,2.374792447909768,0.12466252503397524
3185,2.648880450981198,2.512571912909119,0.136308538072079
3186,2.66078490636904,2.5152933555229717,0.14549155084606813
3187,2.566307279788328,2.434617037496272,0.13169024229205606
3188,2.2945454030174304,2.1961285533725263,0.09841684964490405
3189,2.7331266120064863,2.5845585775569564,0.14856803444952993
3190,2.442604601581623,2.3264836596745653,0.11612094190705768
3191,2.379583550759553,2.286523113882172,0.09306043687738086
3192,2.3100219463650826,2.210642203558239,0.09937974280684347
3193,2.2867858519063393,2.1823881255239512,0.10439772638238809
3194,2.6591925357067674,2.5087093436942904,0.15048319201247695
3195,2.4956200082457056,2.3813184027057304,0.11430160553997526
3196,2.3733252838507193,2.2679181209203096,0.10540716293040964
3197,2.399274725353156,2.2853037919398465,0.11397093341330944
3198,2.4687853438352354,2.3536346241978077,0.11515071963742773
3199,2.3953016266582816,2.2887376777909694,0.10656394886731224
3200,2.219792044210875,2.1335152136478346,0.08627683056304036
3201,2.3285754682945075,2.230273127952477,0.09830234034203045
3202,2.4594796371690184,2.3501955985808443,0.10928403858817415
3203,2.3772230311178753,2.2824943089734178,0.09472872214445749
3204,2.575224688780566,2.437047414346482,0.13817727443408367
3205,2.3846640521905256,2.2874681843222393,0.09719586786828627
3206,2.3087338020315693,2.216814897931937,0.09191890409963221
3207,2.378703272019218,2.2641841215585305,0.1145191504606875
3208,2.488429516000391,2.37679690364014,0.11163261236025068
3209,2.340299430552479,2.2378723262576417,0.10242710429483726
3210,2.2480454151546203,2.1591507866751436,0.08889462847947671
3211,2.2351270498738383,2.150410277159199,0.08471677271463918
3212,2.5209710600324637,2.3950873459222395,0.12588371411022425
3213,2.2784534487302013,2.1892634089039213,0.08919003982627993
3214,2.5917879968414694,2.4536605598262233,0.1381274370152461
3215,2.3171191211893354,2.2192427162753083,0.09787640491402705
3216,2.426559490811356,2.311296512914201,0.11526297789715523
3217,2.3768791612878837,2.2602453204096724,0.11663384087821127
3218,2.47472630392697,2.363715007951873,0.11101129597509685
3219,2.2618292779799156,2.1669441562534426,0.09488512172647301
3220,2.352732157721071,2.2408681539468662,0.11186400377420469
3221,2.4262861503708653,2.310085599011364,0.11620055135950125
3222,2.553060493116267,2.438348457640931,0.11471203547533593
3223,2.470628579804554,2.359076447891829,0.11155213191272528
3224,2.4951209949129063,2.364139602242587,0.13098139267031916
3225,2.317621016445827,2.2192876959757535,0.09833332047007337
3226,2.3871666032970302,2.2740341333791485,0.11313246991788173
3227,2.5307962234315835,2.406593109920003,0.12420311351158064
3228,2.244473213443764,2.1643999250685813,0.0800732883751829
3229,2.4411991761209206,2.3283112757136117,0.1128879004073089
3230,2.494118110821905,2.368432862941565,0.12568524788033963
3231,2.435334106536933,2.320270725295226,0.11506338124170723
3232,2.4567171732310884,2.3451040728507353,0.1116131003803531
3233,2.6453640304568897,2.518909042055802,0.12645498840108793
3234,2.269813594756915,2.179518934959638,0.09029465979727691
3235,2.384059979949741,2.2793570724071306,0.10470290754261047
3236,2.257977106507783,2.177159767303359,0.0808173392044238
3237,2.3295944788315532,2.226850507755784,0.10274397107576938
3238,2.221683358090416,2.138837523309833,0.08284583478058316
3239,2.6027897672146794,2.450804394832541,0.15198537238213827
3240,2.2843933074977385,2.1973621428831236,0.08703116461461491
3241,2.6261135409265473,2.488658407641359,0.13745513328518832
3242,2.3018058146829428,2.2075004950301875,0.09430531965275524
3243,2.1997047909285667,2.115770815796781,0.08393397513178558
3244,2.407007240661387,2.287854128717772,0.11915311194361511
3245,2.402730196686914,2.2888282506540016,0.11390194603291226
3246,2.4708893877935574,2.352819251761739,0.1180701360318186
3247,2.5079622497622025,2.3793035932926756,0.1286586564695269
3248,2.4024786032505663,2.3024270535750095,0.10005154967555674
3249,2.6386997650426425,2.5025369421373584,0.13616282290528403
3250,2.312080626480138,2.221287113313079,0.09079351316705875
3251,2.644720200301751,2.498463090019701,0.14625711028205002
3252,2.442207664867556,2.326347354785826,0.1158603100817297
3253,2.4201930637474685,2.306518029393935,0.11367503435353354
3254,2.3232590098492447,2.217415045764072,0.10584396408517271
3255,2.493629508059937,2.371401580878264,0.1222279271816733
3256,2.505365782985006,2.3776988207018475,0.12766696228315855
3257,2.289666356213624,2.1922513538648185,0.0974150023488054
3258,2.577675545924943,2.4375141632683124,0.1401613826566308
3259,2.2487232727510995,2.158813352741538,0.08990992000956144
3260,2.4807454305845575,2.3581188936701243,0.12262653691443326
3261,2.4027596141920955,2.294875804531812,0.10788380966028344
3262,2.5538283553018295,2.4217486823805556,0.13207967292127387
3263,2.20931120427947,2.131611141601594,0.07770006267787588
3264,2.4210119542757584,2.3086494761513654,0.11236247812439304
3265,2.4377181634306684,2.3307022795982806,0.1070158838323878
3266,2.5658410830618275,2.429916022551342,0.13592506051048536
3267,2.541077191030349,2.4157313414947263,0.12534584953562256
3268,2.465237298789403,2.3439068406390575,0.1213304581503456
3269,2.798766680307193,2.6694309630543174,0.12933571725287552
3270,2.3111202516374822,2.2074097177311525,0.10371053390632978
3271,2.5155518792231115,2.3920034538566446,0.12354842536646693
3272,2.428672738864099,2.316192190868025,0.11248054799607399
3273,2.43509951010861,2.3275795579353464,0.10751995217326371
3274,2.549675677274665,2.4160537522843404,0.13362192499032455
3275,2.459319441438819,2.345414162186283,0.11390527925253613
3276,2.5188038442636866,2.412578803771577,0.10622504049210946
3277,2.2877977138122962,2.1876558414756726,0.10014187233662364
3278,2.2867784390529415,2.187538385040901,0.09924005401204061
3279,2.4190575879676812,2.3117917839721174,0.10726580399556385
3280,2.274534878426907,2.1774314435116024,0.09710343491530438
3281,2.36921210173429,2.2669946110086587,0.10221749072563124
3282,2.4074137271151272,2.296667500001291,0.11074622711383642
3283,2.522081042108422,2.3891771909916635,0.13290385111675862
3284,2.4217006308063245,2.3225711820629242,0.09912944874340024
3285,2.437657604132039,2.3290283068478437,0.10862929728419513
3286,2.473603906412978,2.3595214986961226,0.11408240771685518
3287,2.3510613983442012,2.251581381630907,0.0994800167132941
3288,2.1908111955575604,2.1078764833060704,0.08293471225149007
3289,2.565328508448096,2.4450995726244122,0.12022893582368388
3290,2.4981903619224934,2.385019303127388,0.11317105879510558
3291,2.3722443468734147,2.2672391083575425,0.10500523851587218
3292,2.511854236401057,2.3722614554196233,0.13959278098143368
3293,2.6706639125766154,2.545064938646049,0.12559897393056652
3294,2.558569005072434,2.437604564721735,0.12096444035069887
3295,2.562230015630339,2.4271341538265987,0.1350958618037401
3296,2.6145779998198893,2.482262845280865,0.13231515453902443
3297,2.521124656627476,2.3969346987545754,0.12418995787290044
3298,2.3919469977872705,2.290574053652467,0.10137294413480369
3299,2.291094259489856,2.1998618280345634,0.09123243145529258
3300,2.308012362584877,2.2047250152213866,0.10328734736349032
3301,2.457316655030575,2.3316878370295355,0.12562881800103964
3302,2.5515160218071005,2.4154481429295527,0.1360678788775478
3303,2.469252854259488,2.3561640733200644,0.11308878093942365
3304,2.7141686842019315,2.5562988865779457,0.15786979762398579
3305,2.6937456679720335,2.543055142315295,0.15069052565673857
3306,2.677001433156441,2.5406016852592987,0.13639974789714238
3307,2.2353076142924198,2.1428965399238327,0.09241107436858709
3308,2.5228212537053043,2.3902144332284907,0.1326068204768136
3309,2.464710776612896,2.345963192989194,0.11874758362370175
3310,2.459640156691187,2.3527059203238276,0.10693423636735933
3311,2.4158811024525164,2.3020245078592345,0.1138565945932819
3312,2.3888248603971984,2.2861352862673656,0.10268957412983282
3313,2.3444013193303297,2.251259556744318,0.09314176258601181
3314,2.3796321943916046,2.277067730435336,0.10256446395626861
3315,2.456130612449772,2.346894428425286,0.10923618402448598
3316,2.397503323177442,2.289488239259554,0.10801508391788817
3317,2.5457677745504723,2.4236048418495737,0.12216293270089862
3318,2.398861548728509,2.2976514573411904,0.10121009138731862
3319,2.479321827075038,2.3594097605793785,0.11991206649565944
3320,2.557943452374758,2.4362432120425455,0.1217002403322125
3321,2.4990063773100415,2.3761126304541684,0.12289374685587307
3322,2.2563160599180243,2.16134962942017,0.09496643049785414
3323,2.3772800418875466,2.266229013050506,0.11105102883704054
3324,2.259679948379296,2.1712589201908608,0.08842102818843545
3325,2.4986265423719836,2.3774612042876226,0.12116533808436092
3326,2.3780604051102388,2.27521648003651,0.10284392507372875
3327,2.309360751025275,2.2173822844305966,0.09197846659467857
3328,2.4859768479995195,2.3606480587123286,0.12532878928719082
3329,2.569261659527657,2.443281123183978,0.125980536343679
3330,2.342196751438209,2.236325515396262,0.10587123604194693
3331,2.345720633716594,2.241264246345768,0.10445638737082596
3332,2.375389010542014,2.2654806432723524,0.10990836726966169
3333,2.474370395243992,2.3553771172695255,0.11899327797446668
3334,2.6793858589709116,2.54595720004302,0.13342865892789169
3335,2.325372875465801,2.2268118216004544,0.09856105386534653
3336,2.331719112384975,2.2298279495196986,0.10189116286527655
3337,2.378388791679842,2.2746040154206586,0.10378477625918325
3338,2.5614318535014493,2.428685416044951,0.13274643745649817
3339,2.458086722748848,2.3396743620518334,0.11841236069701466
3340,2.4227869115638034,2.3135788765608765,0.10920803500292697
3341,2.1984033254504074,2.120458748151631,0.07794457729877635
3342,2.4609702909898665,2.348432610493525,0.11253768049634161
3343,2.498380187552431,2.3860712011253797,0.11230898642705123
3344,2.8810267925790027,2.715939736190174,0.16508705638882892
3345,2.65672962974837,2.52061767177335,0.13611195797501985
3346,2.416747614811145,2.3037547552558575,0.1129928595552876
3347,2.2766796173610553,2.182026839048794,0.09465277831226127
3348,2.4313626324706332,2.3103367960701546,0.12102583640047859
3349,2.4662338200102005,2.351376600458709,0.11485721955149142
3350,2.2494501562777485,2.1593439901385496,0.09010616613919886
3351,2.5210467535544594,2.3941860580738403,0.12686069548061907
3352,2.2967410020306507,2.1938636958773663,0.10287730615328439
3353,2.2950451293303544,2.199672385365804,0.09537274396455064
3354,2.2219029688743532,2.137172381769595,0.08473058710475811
3355,2.461712120229584,2.343608183647872,0.11810393658171181
3356,2.4498183322186833,2.324199720289637,0.12561861192904633
3357,2.3968555085786174,2.2905662256730825,0.10628928290553485
3358,2.4826059871928154,2.3658178328006114,0.11678815439220402
3359,2.4611350855731473,2.3451806575435428,0.11595442802960454
3360,2.3293221068755767,2.226522720576571,0.10279938629900576
3361,2.5327287820766524,2.414574997227473,0.11815378484917938
3362,2.5437227936269453,2.42101170774045,0.12271108588649549
3363,2.5338919838014307,2.4177420879533886,0.11614989584804203
3364,2.468075970017721,2.3451597364175574,0.12291623360016368
3365,2.2745262041796637,2.1825703537400845,0.09195585043957921
3366,2.2875240515992594,2.188295155402806,0.09922889619645359
3367,2.5247831704316446,2.3986623326173073,0.12612083781433725
3368,2.299815128595565,2.205222143365683,0.09459298522988213
3369,2.3296784605583905,2.221089467774502,0.10858899278388856
3370,2.782206426665281,2.644408106926631,0.13779831973864987
3371,2.4446898073708043,2.3216554857992664,0.12303432157153793
3372,2.4007888248992404,2.2999207150045176,0.10086810989472283
3373,2.607420163439031,2.4796292765666497,0.12779088687238138
3374,2.3703065928620535,2.2529684243723436,0.1173381684897099
3375,2.33026117219994,2.2343270214665862,0.09593415073335354
3376,2.341656640211517,2.237405888689486,0.10425075152203123
3377,2.356781801658269,2.2482830894193295,0.10849871223893937
3378,2.6531470930274983,2.499801383757357,0.15334570927014113
3379,2.283348621865179,2.183227238844688,0.100121383020491
3380,2.251485158251116,2.1617623551842797,0.08972280306683622
3381,2.513871912534194,2.384371192974397,0.1295007195597968
3382,2.417353266604981,2.3070813822234597,0.11027188438152136
3383,2.4104513368029057,2.307201876936638,0.10324945986626766
3384,2.4683340415205683,2.3536814621830757,0.11465257933749262
3385,2.465189470839413,2.3504590283227396,0.1147304425166733
3386,2.324105410707384,2.232301630935206,0.09180377977217802
3387,2.294947695086051,2.1992426138022934,0.09570508128375765
3388,2.2145227943671606,2.1328516743731605,0.08167111999400012
3389,2.4185916852314273,2.3019186014525483,0.11667308377887897
3390,2.4991700699732835,2.375331581548234,0.12383848842504941
3391,2.38088627776222,2.2681457927952517,0.11274048496696842
3392,2.298598012063343,2.196738056144255,0.10185995591908803
3393,2.403712961787127,2.290288621058451,0.11342434072867569
3394,2.376105995610055,2.268918374043766,0.10718762156628925
3395,2.3541194336548683,2.2547150271183387,0.0994044065365296
3396,2.5446485542186856,2.4261191213621487,0.11852943285653694
3397,2.6103978774525287,2.4799500038779163,0.1304478735746124
3398,2.479500633835761,2.360271874021686,0.11922875981407488
3399,2.542732431514324,2.4241910289746635,0.11854140253966028
3400,2.538782423730981,2.4158090423349434,0.12297338139603742
3401,2.4880836944445206,2.368606237260372,0.1194774571841486
3402,2.5936989565697677,2.4582837865903393,0.13541516997942837
3403,2.3783487286542755,2.264182797587677,0.11416593106659834
3404,2.3932661841125498,2.2831159266701886,0.11015025744236118
3405,2.6756224444241856,2.530203646374237,0.14541879804994862
3406,2.596679542847869,2.455174014863889,0.14150552798397964
3407,2.43126170655637,2.321141887482492,0.11011981907387813
3408,2.3374984327276,2.2406022100424057,0.09689622268519438
3409,2.516148854890387,2.390214009930722,0.12593484495966534
3410,2.2691705949972643,2.1822254486392167,0.08694514635804751
3411,2.3286173642048382,2.226691434118677,0.10192593008616102
3412,2.545272102424779,2.4075381983736572,0.13773390405112185
3413,2.499801792286785,2.3743912231688946,0.12541056911789017
3414,2.4909473581985933,2.3584398390763432,0.13250751912225
3415,2.4379782748565737,2.3229049841681215,0.11507329068845218
3416,2.414002477110948,2.2929783219107347,0.12102415520021337
3417,2.428691207617126,2.3199504586077393,0.10874074900938657
3418,2.3739465180322576,2.27559387934949,0.09835263868276778
3419,2.698765331514743,2.544726347815587,0.15403898369915625
3420,2.5172611806536094,2.395784674351634,0.12147650630197537
3421,2.4844048572171484,2.3678665973918998,0.11653825982524868
3422,2.5605117364779155,2.4401556451335358,0.12035609134437975
3423,2.473165858297285,2.3605363009350997,0.11262955736218538
3424,2.472749993070374,2.3440476595534085,0.12870233351696525
3425,2.334742988480813,2.2315390559312265,0.1032039325495866
3426,2.360744349496959,2.2452978730025595,0.11544647649439943
3427,2.431349383817798,2.328429134020604,0.10292024979719416
3428,2.4551697001126533,2.3371551211680193,0.11801457894463407
3429,2.370061515988781,2.261723051997501,0.10833846399127989
3430,2.3056875025627206,2.213797936998269,0.09188956556445138
3431,2.409177457463338,2.2916876559285155,0.11748980153482247
3432,2.3021713584823416,2.1997370255861366,0.10243433289620496
3433,2.2956008602068976,2.2017270811516925,0.09387377905520511
3434,2.4025644250262457,2.284796158174427,0.11776826685181874
3435,2.5018851461262046,2.389402734090809,0.11248241203539555
3436,2.491882562014911,2.3856969912837056,0.10618557073120538
3437,2.3014057088796127,2.208922131417609,0.09248357746200364
3438,2.450453091467984,2.328573125152242,0.12187996631574194
3439,2.4718201332378347,2.3471742243195086,0.12464590891832605
3440,2.3328475738535595,2.2307622377433622,0.10208533611019721
3441,2.499234680141786,2.3870692248756455,0.11216545526614041
3442,2.423597988810615,2.3141559279216013,0.10944206088901387
3443,2.5033807921398235,2.38043604695295,0.12294474518687348
3444,2.4399689721729882,2.3277659886748276,0.1122029834981606
3445,2.460491427989216,2.3522569023689592,0.1082345256202566
3446,2.637231689915941,2.490003004954516,0.14722868496142505
3447,2.514469753903712,2.3956776501389743,0.1187921037647377
3448,2.4993314749595115,2.3765431994786197,0.12278827548089177
3449,2.3988393169703954,2.289150320481889,0.10968899648850661
3450,2.462695243865677,2.355657537477401,0.10703770638827592
3451,2.4557688911417093,2.329209365362824,0.12655952577888518
3452,2.340449292638914,2.242877769900468,0.09757152273844616
3453,2.3382391139445233,2.241382949361817,0.0968561645827064
3454,2.4291328867782775,2.3196621766898677,0.1094707100884098
3455,2.462020238664579,2.3437993170917295,0.11822092157284958
3456,2.370301061697469,2.259860904911339,0.11044015678612995
3457,2.322332980908668,2.2280061717662476,0.09432680914242031
3458,2.495143824595963,2.371369992511397,0.12377383208456605
3459,2.510952312395302,2.375974389854808,0.13497792254049434
3460,2.3535509549337776,2.256189793071397,0.09736116186238064
3461,2.4643148795055327,2.3461502878286327,0.11816459167690008
3462,2.679819085868899,2.5420950069287387,0.13772407894016014
3463,2.340739230789355,2.23982366132165,0.10091556946770508
3464,2.2940443690547183,2.1963601590514443,0.09768421000327399
3465,2.568587459479714,2.4425951427563692,0.12599231672334454
3466,2.3719061438516613,2.2666073778274374,0.10529876602422394
3467,2.4880454296133605,2.3697199357398757,0.11832549387348479
3468,2.405819530238561,2.2940429258193937,0.11177660441916748
3469,2.5023500423926093,2.3847904591337894,0.11755958325881988
3470,2.310303809732895,2.2156201140508176,0.09468369568207757
3471,2.265465109503914,2.1726915912454854,0.09277351825842883
3472,2.2045827669115763,2.1166796351643207,0.08790313174725561
3473,2.419835017696536,2.3104274400539757,0.10940757764256048
3474,2.6503441929114993,2.52631730572508,0.12402688718641919
3475,2.4520291889770713,2.3288770877805316,0.12315210119653974
3476,2.5773287027413883,2.452190023392357,0.12513867934903145
3477,2.4992660170201684,2.3846760827613016,0.11458993425886677
3478,2.4607100659057695,2.33985526266403,0.12085480324173936
3479,2.534895364415814,2.406193369059295,0.12870199535651894
3480,2.3158341304007224,2.2242467620966173,0.09158736830410508
3481,2.440548005576906,2.3329804996965406,0.10756750588036557
3482,2.3662340933068973,2.259070434733059,0.10716365857383847
3483,2.46318577680787,2.349767696345799,0.11341808046207102
3484,2.357397092660842,2.247611806222015,0.1097852864388269
3485,2.545467704880204,2.421139769118311,0.12432793576189294
3486,2.395055210820538,2.291011883276576,0.10404332754396206
3487,2.420831515517954,2.315501333382068,0.10533018213588585
3488,2.316259917044808,2.2252865612646033,0.09097335578020482
3489,2.4732226686291092,2.3638471641500507,0.10937550447905853
3490,2.560822618904261,2.4436375393249254,0.11718507957933566
3491,2.4747019754706483,2.3587810679832826,0.11592090748736572
3492,2.509101998802901,2.387770249633238,0.12133174916966327
3493,2.5077354698239303,2.3853384710892946,0.12239699873463561
3494,2.364960802153359,2.255830507167401,0.10913029498595783
3495,2.6103222529648296,2.4614601532270175,0.14886209973781206
3496,2.559171312379396,2.4403610312129924,0.1188102811664038
3497,2.3935078186495233,2.280485211003577,0.1130226076459464
3498,2.3813514632523587,2.2770350170842133,0.1043164461681454
3499,2.527339487464422,2.3960223231170965,0.13131716434732565
3500,2.6032867920447007,2.4615635600969394,0.14172323194776126
3501,2.30005319838236,2.1974951208847253,0.10255807749763468
3502,2.4809986634801815,2.3617753987262247,0.11922326475395684
3503,2.405093454700731,2.2984634789715903,0.1066299757291409
3504,2.4211358960457887,2.3083832524811148,0.11275264356467396
3505,2.5266622777553045,2.4008331569330497,0.12582912082225484
3506,2.4160062621814853,2.301740191388369,0.11426607079311646
3507,2.313882192853414,2.2184354058315585,0.0954467870218556
3508,2.243180710506696,2.1533493780264426,0.08983133248025332
3509,2.307998075101365,2.2060909913853184,0.10190708371604673
3510,2.673701731778719,2.532828169943696,0.14087356183502298
3511,2.587555507794013,2.460143121089184,0.12741238670482913
3512,2.2935233784079236,2.1968625435035847,0.09666083490433897
3513,2.2782391607593455,2.186010882528562,0.09222827823078372
3514,2.263664610095892,2.16994886176854,0.09371574832735208
3515,2.4289081601773153,2.3146641324206874,0.1142440277566279
3516,2.4116187138068104,2.2989843533383714,0.112634360468439
3517,2.3878413791528748,2.2737364801794215,0.11410489897345322
3518,2.3888716776058256,2.2759791124188236,0.11289256518700208
3519,2.281749069037371,2.187777735233092,0.09397133380427913
3520,2.289871551750945,2.193036514388042,0.096835037362903
3521,2.494780239718385,2.3754076108268887,0.11937262889149647
3522,2.519297506526681,2.409918091836581,0.10937941469010015
3523,2.376391044895462,2.2733702892128167,0.10302075568264524
3524,2.4463040922787243,2.339356809451187,0.1069472828275373
3525,2.4248515422003063,2.327661010460438,0.09719053173986847
3526,2.378277113642306,2.2762171213787616,0.10205999226354434
3527,2.3545237010032642,2.24591410709794,0.10860959390532443
3528,2.2066990379448894,2.1278664029782433,0.07883263496664616
3529,2.7197750332797215,2.58203421487232,0.13774081840740138
3530,2.537920753834497,2.4222960064424046,0.11562474739209216
3531,2.412169014597772,2.2976505333131523,0.11451848128461961
3532,2.385364524004552,2.28511639933522,0.10024812466933186
3533,2.4447538873659376,2.32863222457804,0.1161216627878976
3534,2.5059170751887287,2.3839049780465698,0.12201209714215899
3535,2.349441125651626,2.250791973179922,0.09864915247170414
3536,2.552726622754994,2.428275446910474,0.12445117584451992
3537,2.4878458038919016,2.373578431563261,0.1142673723286407
3538,2.5211781644061526,2.3899065536063304,0.1312716107998222
3539,2.3735371056928303,2.2695614813974396,0.10397562429539065
3540,2.4255844834780635,2.310261057095361,0.11532342638270254
3541,2.34996390008084,2.2480337151683627,0.10193018491247718
3542,2.5201433566737164,2.4006974459463652,0.11944591072735111
3543,2.4741120139564647,2.3499076827616103,0.12420433119485441
3544,2.399728441951053,2.299976000074627,0.09975244187642618
3545,2.355216439313629,2.2492573203973305,0.1059591189162985
3546,2.4200585814486,2.320284222282693,0.09977435916590682
3547,2.286084802413719,2.1920007624137576,0.09408403999996118
3548,2.4554503885299783,2.3360413242054787,0.1194090643244996
3549,2.5989946164595006,2.472523352084501,0.12647126437499967
3550,2.811223818193339,2.659002757113877,0.15222106107946187
3551,2.623644330616771,2.4804689906463615,0.14317533997040943
3552,2.2778597080610843,2.1865086554468154,0.0913510526142689
3553,2.4391813854560223,2.332968832442379,0.10621255301364307
3554,2.529183920020324,2.403927789988336,0.1252561300319881
3555,2.6719425755278974,2.516616489897746,0.1553260856301515
3556,2.45083999539693,2.329825714569768,0.12101428082716215
3557,2.477268275979958,2.357309185255914,0.11995909072404398
3558,2.306939708445919,2.20394092325662,0.10299878518929928
3559,2.4222825801913737,2.3142988813312755,0.10798369886009818
3560,2.3340516279698473,2.2367237569680443,0.09732787100180307
3561,2.25699636980191,2.168684229200802,0.08831214060110781
3562,2.3398742455265773,2.23577131233145,0.10410293319512709
3563,2.4381910198223378,2.3239287359106626,0.11426228391167514
3564,2.3611715485467024,2.263013304071033,0.09815824447566923
3565,2.3577195344586093,2.2558908794001935,0.10182865505841576
3566,2.4745042429753656,2.355362990200038,0.11914125277532772
3567,2.292765112342938,2.196739835682884,0.096025276660054
3568,2.610762250418985,2.4854219158442765,0.1253403345747084
3569,2.343056818109466,2.2396931943875455,0.10336362372192065
3570,2.3298783403271486,2.231807200728575,0.09807113959857361
3571,2.420557690859217,2.3039950397002804,0.1165626511589366
3572,2.469772299711017,2.3432161873367114,0.12655611237430575
3573,2.6278250788344986,2.4932948587059918,0.1345302201285068
3574,2.2520811874904036,2.1610743061444357,0.0910068813459679
3575,2.417900510539091,2.3061824525290913,0.11171805800999968
3576,2.583740044175215,2.44893626926694,0.1348037749082751
3577,2.3638262945430264,2.2604035824832587,0.10342271205976772
3578,2.7037968043325495,2.5710063488588966,0.13279045547365298
3579,2.3068935572010494,2.207548641036839,0.0993449161642106
3580,2.438218204169227,2.3390001786659895,0.09921802550323733
3581,2.5815220650675235,2.4456862795701606,0.13583578549736286
3582,2.4456128077772403,2.342407669912073,0.10320513786516727
3583,2.8647450164077375,2.7157957614109924,0.14894925499674505
3584,2.532699426597575,2.4063445538714423,0.12635487272613277
3585,2.276566815473696,2.183732723134604,0.09283409233909179
3586,2.444897059843787,2.3396244381826845,0.1052726216611024
3587,2.2476943694601252,2.155625694869607,0.09206867459051837
3588,2.290279629422216,2.1991069018944756,0.09117272752774053
3589,2.5819068706638184,2.4475511216612,0.13435574900261837
3590,2.5230528963495042,2.3975631604124943,0.12548973593700996
3591,2.3653702328625497,2.26032573411486,0.10504449874768973
3592,2.501376001676816,2.385491198881208,0.11588480279560809
3593,2.5697278307460465,2.438652961629183,0.13107486911686328
3594,2.7440577625278877,2.6026060657904226,0.14145169673746505
3595,2.6205071740567494,2.4699963770408453,0.15051079701590409
3596,2.317197576362334,2.2246864879344543,0.0925110884278797
3597,2.295012481224974,2.2061480727187655,0.08886440850620847
3598,2.3138735272092013,2.216011936494453,0.0978615907147482
3599,2.795412396992941,2.6622916642147594,0.1331207327781816
3600,2.5545931345697177,2.440360949799551,0.11423218477016661
3601,2.3052787257907195,2.2078702588747685,0.09740846691595095
3602,2.250659235268376,2.1645506269070616,0.08610860836131451
3603,2.3343864238825134,2.2420635504230995,0.09232287345941392
3604,2.356099449058384,2.2525558383512876,0.10354361070709661
3605,2.4376874568950533,2.3210085613023663,0.11667889559268696
3606,2.404779141629943,2.3009486341758656,0.10383050745407729
3607,2.4991974516264706,2.3758721550138198,0.12332529661265079
3608,2.658539967945408,2.5303883424408378,0.12815162550457027
3609,2.388718745013951,2.282640327388816,0.10607841762513504
3610,2.6855571054029044,2.5512196917251173,0.13433741367778707
3611,2.4189065055023917,2.3053738536977098,0.11353265180468197
3612,2.4261774385738617,2.312535284346811,0.1136421542270507
3613,2.5244749885927185,2.3954008282975634,0.12907416029515506
3614,2.3312926017836153,2.2255489772845958,0.10574362449901953
3615,2.4418416010133353,2.315556463490222,0.1262851375231131
3616,2.27893217600585,2.1859820227220093,0.09295015328384082
3617,2.529433612146144,2.4063981751126944,0.12303543703344966
3618,2.340249897693981,2.2434872889950848,0.09676260869889619
3619,2.4310922546362947,2.325626219303558,0.10546603533273657
3620,2.422012999961756,2.3086631503107164,0.11334984965103967
3621,2.433071677535894,2.3290103759638887,0.10406130157200533
3622,2.601553196830038,2.464793691118766,0.13675950571127204
3623,2.3646263311115763,2.24995820519797,0.1146681259136062
3624,2.391237970542828,2.2827300344997816,0.10850793604304654
3625,2.4463271597020158,2.3302200018908055,0.11610715781121028
3626,2.6064323658677373,2.469922972937517,0.13650939293022013
3627,2.4951543647585845,2.3643123732054967,0.13084199155308784
3628,2.481751553820957,2.3559731518461007,0.12577840197485646
3629,2.4663080379356455,2.3571247652180563,0.10918327271758921
3630,2.4645916057933865,2.3520404342349384,0.11255117155844818
3631,2.527759573605552,2.390941605567455,0.13681796803809698
3632,2.3294906908201,2.223941201271413,0.10554948954868726
3633,2.3009047958462188,2.1998009526650995,0.10110384318111931
3634,2.3866149246086503,2.274698992205744,0.1119159324029062
3635,2.5450990282374812,2.416652505564364,0.12844652267311707
3636,2.416593370746101,2.305504969983809,0.11108840076229232
3637,2.4541771841074373,2.344201831401358,0.10997535270607939
3638,2.7038995799793124,2.5540050845348996,0.1498944954444128
3639,2.3586635001828795,2.2531171491838125,0.10554635099906706
3640,2.6013204370132477,2.468961853385503,0.13235858362774477
3641,2.477077938256964,2.360683027820954,0.11639491043601025
3642,2.426827874276852,2.330640143556605,0.096187730720247
3643,2.4896776121529047,2.3612463443352665,0.12843126781763825
3644,2.764636866661822,2.609318766258569,0.1553181004032531
3645,2.5351349104059824,2.4113012022570866,0.12383370814889583
3646,2.2934671912324234,2.195839945202606,0.09762724602981754
3647,2.3234733535124685,2.226990144676284,0.09648320883618444
3648,2.3450471150342516,2.2512516003468592,0.09379551468739233
3649,2.564249014051179,2.4300615824332787,0.13418743161790037
3650,2.4066105367763218,2.2866380853198405,0.11997245145648128
3651,2.257251051765952,2.163550215288074,0.09370083647787819
3652,2.384108893098158,2.277341357742519,0.10676753535563899
3653,2.4801650292768738,2.357005580612995,0.12315944866387873
3654,2.5838612515399277,2.4588072250345765,0.12505402650535125
3655,2.3744045464255374,2.2609261722769376,0.11347837414859985
3656,2.39910174066162,2.29004734006804,0.10905440059358007
3657,2.335352897286054,2.2467171234162477,0.08863577386980648
3658,2.639375925280588,2.5127980750581687,0.1265778502224193
3659,2.421026310141053,2.3180114628039097,0.1030148473371435
3660,2.5353118191164805,2.407552741576091,0.1277590775403894
3661,2.489892803027794,2.36361875528355,0.12627404774424367
3662,2.1590900318976955,2.085269047869911,0.07382098402778459
3663,2.5592883465210226,2.429299110360401,0.1299892361606214
3664,2.357660663290468,2.256248865715433,0.10141179757503505
3665,2.262429609001359,2.1723878606913183,0.09004174831004086
3666,2.32253128517226,2.2197221238843574,0.10280916128790274
3667,2.22093689938037,2.1374569567639905,0.0834799426163797
3668,2.402240908549964,2.298415584936931,0.10382532361303287
3669,2.5514732557096824,2.436948497155082,0.11452475855460031
3670,2.4447965043149824,2.3253219033981747,0.11947460091680773
3671,2.4692669326219674,2.3490791161783005,0.12018781644366694
3672,2.485212044885537,2.3550978494585757,0.13011419542696112
3673,2.3613574961908643,2.2527918032150356,0.10856569297582874
3674,2.4687222843017858,2.349016001249045,0.11970628305274067
3675,2.6102715533555787,2.4715386256101204,0.1387329277454583
3676,2.2844137465450323,2.1895126860664855,0.09490106047854674
3677,2.422746634875872,2.321602723281695,0.10114391159417702
3678,2.7015695953253456,2.547402438640571,0.15416715668477465
3679,2.342107617450189,2.2340629613346836,0.10804465611550551
3680,2.5222314589014143,2.4001634094893527,0.12206804941206162
3681,2.3535463220495387,2.2467316908447206,0.10681463120481816
3682,2.344547237964195,2.247339201152014,0.09720803681218104
3683,2.3193864996776985,2.215305042422524,0.10408145725517448
3684,2.6439585912768613,2.5052771420557893,0.13868144922107195
3685,2.5730447302029718,2.4489364640822457,0.12410826612072601
3686,2.520242681618373,2.405394505906438,0.11484817571193506
3687,2.392181517178591,2.2847933191186205,0.10738819805997046
3688,2.377031272181237,2.2640379392468013,0.11299333293443592
3689,2.522944809562277,2.396937340753927,0.1260074688083499
3690,2.315624184753458,2.2130590898767735,0.10256509487668453
3691,2.5260613829356013,2.411485183908731,0.11457619902687055
3692,2.369626399182987,2.2660975516467103,0.10352884753627656
3693,2.7508226558232716,2.60177383758484,0.14904881823843175
3694,2.317634759233053,2.2154341807302314,0.10220057850282149
3695,2.4509273361028066,2.3357158783197947,0.1152114577830119
3696,2.4577127913178467,2.3249500503864753,0.13276274093137141
3697,2.633384830759373,2.5180833646249923,0.11530146613438053
3698,2.3673264254737805,2.2582969391377716,0.10902948633600884
3699,2.4657693716057087,2.350982398033313,0.11478697357239565
3700,2.819784279045853,2.6662136931818967,0.15357058586395622
3701,2.4555920881623603,2.349348395872303,0.10624369229005737
3702,2.5758167999902146,2.456249055380751,0.11956774460946384
3703,2.5354396105800814,2.406241755551992,0.12919785502808923
3704,2.6279267482624507,2.504203630209296,0.12372311805315483
3705,2.4865599201924113,2.3672356815631397,0.11932423862927166
3706,2.5694619379736117,2.4423464283955085,0.12711550957810314
3707,2.318829129632688,2.220891714809959,0.097937414822729
3708,2.43365717796789,2.3211593486916304,0.11249782927625951
3709,2.5516493864823557,2.4248948402765285,0.12675454620582727
3710,2.3018020760562603,2.212549064012816,0.08925301204344427
3711,2.5866944305798247,2.4632937723617836,0.12340065821804114
3712,2.3850113248113045,2.2827206269648173,0.10229069784648726
3713,2.438521181239688,2.3220672053305442,0.11645397590914364
3714,2.3183077757788886,2.2220244749882787,0.09628330079060987
3715,2.574398736808629,2.441367500654626,0.13303123615400336
3716,2.5234080895708586,2.406054420621614,0.11735366894924448
3717,2.39040072393264,2.293164593795694,0.09723613013694621
3718,2.4362080713131222,2.32296366889308,0.11324440242004208
3719,2.3187281838548928,2.217860008468339,0.1008681753865539
3720,2.369277478284124,2.2614917811618986,0.10778569712222552
3721,2.4482535469643985,2.336386546779808,0.11186700018459028
3722,2.2701004996126612,2.177465373773318,0.09263512583934341
3723,2.3566683924858673,2.2526015018130265,0.1040668906728408
3724,2.859816154873964,2.7118124539424935,0.1480037009314703
3725,2.3895963298734753,2.2856554943319134,0.10394083554156186
3726,2.329961094776579,2.2415890578500433,0.08837203692653572
3727,2.4656064907520365,2.3359858551317236,0.1296206356203129
3728,2.4634175729021113,2.3369127793909215,0.12650479351118982
3729,2.4491681712542945,2.3314350425239976,0.11773312873029695
3730,2.3136765344164965,2.2165183935626875,0.09715814085380892
3731,2.5632421080205776,2.433872509974542,0.12936959804603543
3732,2.3585497650408502,2.2496531234438213,0.10889664159702894
3733,2.524805709886771,2.4013144855904116,0.12349122429635928
3734,2.4830994331906826,2.370879428426399,0.1122200047642834
3735,2.5381217421981805,2.410401420094369,0.12772032210381168
3736,2.6158438324855346,2.483492006311294,0.13235182617424046
3737,2.513314130083638,2.392365197916586,0.12094893216705183
3738,2.479645551069707,2.3545798133467764,0.1250657377229305
3739,2.4769499433864084,2.3656578695013435,0.1112920738850649
3740,2.3824101806530003,2.2852433161141965,0.09716686453880374
3741,2.4073510019130158,2.3008861960282885,0.10646480588472729
3742,2.4179574788941163,2.3100791855826337,0.10787829331148258
3743,2.3977990739480313,2.2937364899673267,0.10406258398070456
3744,2.3562518369129126,2.2468653796740687,0.10938645723884388
3745,2.4172759969197704,2.3003886794898802,0.11688731742989011
3746,2.467276099487784,2.3460507961311414,0.12122530335664239
3747,2.4536078475653413,2.33242360531593,0.12118424224941116
3748,2.350554764784879,2.244481373319184,0.10607339146569483
3749,2.2916126168644984,2.192129618516048,0.0994829983484502
3750,2.451174141532781,2.334769283083955,0.11640485844882598
3751,2.505873998077838,2.3831154480441445,0.1227585500336934
3752,2.5686987434687665,2.4370449766722437,0.13165376679652274
3753,2.4322711478392347,2.323163001654921,0.10910814618431353
3754,2.5059771292344455,2.370568995093163,0.1354081341412825
3755,2.5335512649302747,2.405973495315251,0.12757776961502376
3756,2.516545196236337,2.39533844629669,0.1212067499396472
3757,2.3799141566350634,2.272999035189585,0.10691512144547843
3758,2.3960418003105426,2.2920247166641152,0.10401708364642737
3759,2.4920302639014404,2.373434319945166,0.11859594395627449
3760,2.4423297131826884,2.31922131557972,0.12310839760296854
3761,2.311071119493204,2.2136357944139298,0.0974353250792741
3762,2.452546728577089,2.326926351231131,0.1256203773459581
3763,2.4257746433463807,2.3126720775159555,0.11310256583042522
3764,2.4868876276292835,2.3693432671825043,0.11754436044677918
3765,2.390472456412404,2.287229943255785,0.10324251315661881
3766,2.430748593336396,2.317686771518354,0.11306182181804214
3767,2.330639752381771,2.2278590141529397,0.10278073822883105
3768,2.372781794780962,2.26267380611442,0.11010798866654214
3769,2.296656921872454,2.1994303285829364,0.09722659328951755
3770,2.5862892403906326,2.4627826705830356,0.123506569807597
3771,2.624377346424813,2.4823728390819575,0.1420045073428553
3772,2.6537123748380322,2.522950991262998,0.13076138357503408
3773,2.513736877851636,2.3993723926586017,0.11436448519303433
3774,2.385961756363798,2.280874047034964,0.1050877093288336
3775,2.36672541706033,2.2659427485554344,0.10078266850489559
3776,2.5038087542459997,2.385431451756793,0.11837730248920675
3777,2.617251559712535,2.480959469731813,0.13629208998072206
3778,2.4909004513230584,2.372996542177784,0.11790390914527427
3779,2.3279040808460274,2.2265151325535717,0.1013889482924557
3780,2.419536302345657,2.3076590855505015,0.11187721679515539
3781,2.615402384100579,2.480743075056934,0.13465930904364498
3782,2.2550971619493505,2.1680420177785766,0.08705514417077387
3783,2.716868181812471,2.5782239609088977,0.13864422090357342
3784,2.3235116446699076,2.2159640012751276,0.10754764339477996
3785,2.226176222236014,2.1419625881589375,0.08421363407707672
3786,2.420923750173072,2.303876485428413,0.11704726474465899
3787,2.6586691214166294,2.512177454714387,0.14649166670224245
3788,2.3978419296743954,2.2896209921570665,0.10822093751732886
3789,2.470117306775125,2.350498288516084,0.11961901825904109
3790,2.533355156869638,2.416972270062037,0.1163828868076009
3791,2.3449168968038934,2.2355390707523903,0.10937782605150304
3792,2.3258209876355016,2.219255814802823,0.10656517283267863
3793,2.380121808609066,2.270320165676231,0.10980164293283501
3794,2.418101023330473,2.3013189048759157,0.11678211845455744
3795,2.34611451392222,2.2527646698399026,0.09334984408231728
3796,2.47371625614202,2.3565179021259346,0.11719835401608547
3797,2.4901650413258176,2.3761662616077888,0.11399877971802885
3798,2.296168846278193,2.2030232772166807,0.09314556906151239
3799,2.373805737132368,2.2671961390689073,0.10660959806346071
3800,2.3753006350630828,2.267730907766044,0.10756972729703884
3801,2.3135444772822096,2.2115371341125085,0.10200734316970106
3802,2.3906449382105888,2.2872429607533973,0.10340197745719149
3803,2.3440714383236285,2.244335802576773,0.09973563574685551
3804,2.5075718255907806,2.37663088633578,0.13094093925500072
3805,2.704127804716312,2.5679969083290173,0.1361308963872947
3806,2.5800816086298792,2.4393691605979932,0.14071244803188598
3807,2.296946848085504,2.2020639807268942,0.09488286735860996
3808,2.302769480021094,2.205961643455023,0.09680783656607117
3809,2.4449312253241264,2.3355085538116507,0.10942267151247576
3810,2.3919223994383474,2.2922876950821816,0.09963470435616584
3811,2.4874617382107354,2.3616213437928546,0.12584039441788075
3812,2.46500044228458,2.3505098156727384,0.1144906266118415
3813,2.379497551369191,2.267982185930115,0.11151536543907614
3814,2.4031413359871077,2.2934750947474645,0.10966624123964319
3815,2.5438976449892277,2.4184560639478074,0.12544158104142022
3816,2.5688189529272445,2.4367243039027437,0.13209464902450074
3817,2.392307953188866,2.2846602715368167,0.10764768165204908
3818,2.447216386033544,2.3193498286014096,0.12786655743213426
3819,2.466651364933202,2.3539080506354466,0.11274331429775541
3820,2.3890961977961727,2.2798293071506186,0.10926689064555406
3821,2.4794430043322713,2.351979415447382,0.1274635888848894
3822,2.4053028057205807,2.296246073013061,0.10905673270751981
3823,2.5930124420109024,2.460969182617022,0.1320432593938805
3824,2.3912675900593503,2.2814122678937387,0.10985532216561156
3825,2.2982187527827604,2.202584809940715,0.09563394284204563
3826,2.5451080685195895,2.421760455926823,0.12334761259276661
3827,2.6368329260908636,2.4878969990055735,0.14893592708529013
3828,2.4259424841458412,2.309257304984749,0.11668517916109211
3829,2.5205123351624925,2.3960240142555684,0.12448832090692408
3830,2.412439469304094,2.3097867769975027,0.10265269230659113
3831,2.3162826467370903,2.2162711373864292,0.10001150935066105
3832,2.31195884310388,2.219038410126255,0.09292043297762476
3833,2.282659004823285,2.192014594227893,0.09064441059539208
3834,2.500532074962398,2.3861861172986187,0.11434595766377909
3835,2.6576680805575563,2.525499695704207,0.13216838485334925
3836,2.591603286697265,2.4533255198680313,0.13827776682923387
3837,2.4943336301404573,2.3709372555048254,0.12339637463563191
3838,2.4947591609251485,2.3777978624037375,0.11696129852141102
3839,2.3093648146322368,2.213908659802533,0.09545615482970371
3840,2.498527034644095,2.3699065170833626,0.12862051756073223
3841,2.392881481479447,2.2772504710084975,0.11563101047094948
3842,2.432419036880101,2.3143437306122663,0.1180753062678348
3843,2.5229016709374696,2.3922254311237947,0.13067623981367493
3844,2.402567609796232,2.2929973041977494,0.10957030559848269
3845,2.335649794565585,2.2367009662206625,0.09894882834492247
3846,2.345506677994869,2.248737165331058,0.09676951266381106
3847,2.254495944803345,2.1581864403762907,0.0963095044270541
3848,2.3006608517561893,2.204648987195034,0.0960118645611554
3849,2.507589462647521,2.393300231367072,0.11428923128044888
3850,2.298904444518318,2.207871011275909,0.09103343324240898
3851,2.4620468837994887,2.338559831798839,0.12348705200064947
3852,2.6632422728212957,2.548605497610046,0.11463677521124982
3853,2.337367110308826,2.24170939434469,0.09565771596413608
3854,2.4094527857175914,2.2925651175063844,0.116887668211207
3855,2.319705460914818,2.2172058096950864,0.10249965121973181
3856,2.3696615757636734,2.2656393204255645,0.10402225533810894
3857,2.3255753867851947,2.2327477302778447,0.09282765650735003
3858,2.3997622846309294,2.28663791718759,0.11312436744333931
3859,2.6504480676844087,2.519703888357251,0.13074417932715754
3860,2.2868292547936,2.194504166091511,0.092325088702089
3861,2.2982655704201704,2.2084513918481203,0.0898141785720501
3862,2.4202964092119137,2.3117780943184534,0.10851831489346031
3863,2.3807341048766926,2.277422785575937,0.10331131930075577
3864,2.3703377577296774,2.2766303933240377,0.09370736440563965
3865,2.3001481224554547,2.2051403840705563,0.0950077383848984
3866,2.4639717679155453,2.3361794698069134,0.1277922981086319
3867,2.375724059352948,2.2745207715060096,0.10120328784693822
3868,2.6875673473290216,2.5360191739685773,0.15154817336044424
3869,2.3749228219134797,2.2704962553234815,0.10442656658999816
3870,2.5089879866356384,2.400397396324201,0.10859059031143747
3871,2.4594694147321143,2.345316333771403,0.11415308096071142
3872,2.4421236464092484,2.331442392053308,0.11068125435594034
3873,2.4395522735492796,2.328136394012444,0.1114158795368354
3874,2.3343002884145703,2.226675939660705,0.10762434875386528
3875,2.566810030143402,2.4485978030939983,0.11821222704940348
3876,2.2575305170942697,2.1622727504914603,0.09525776660280938
3877,2.436597002810416,2.325113564518468,0.11148343829194785
3878,2.424579282370461,2.314326708027697,0.11025257434276403
3879,2.5068913950334544,2.378523659903923,0.12836773512953137
3880,2.289736651709904,2.192495893799256,0.09724075791064779
3881,2.3522785607522203,2.2612498021287673,0.09102875862345305
3882,2.436680750635283,2.3125356926137535,0.12414505802152975
3883,2.3045567174923174,2.2082355458602874,0.09632117163203002
3884,2.3688111166197072,2.266739632379761,0.10207148423994639
3885,2.287800339029794,2.2018634584129515,0.08593688061684235
3886,2.471131077291378,2.3563998458881716,0.11473123140320629
3887,2.3593398007680038,2.25410778239148,0.10523201837652385
3888,2.4120295698631358,2.2945819073306066,0.11744766253252914
3889,2.60319253556572,2.4785493122567606,0.1246432233089596
3890,2.290000487477828,2.2006928187069676,0.08930766877086027
3891,2.248316454339662,2.1548760752143634,0.09344037912529846
3892,2.645699068780045,2.511619478014717,0.1340795907653276
3893,2.5432608506904164,2.4171872444065747,0.12607360628384168
3894,2.3306761015408,2.224832320696029,0.1058437808447712
3895,2.4732370455393857,2.3546830483571592,0.11855399718222648
3896,2.3021250521338437,2.2127601603818783,0.08936489175196538
3897,2.514418730452437,2.3939188872741473,0.12049984317828955
3898,2.466805114676216,2.356068647297706,0.11073646737850984
3899,2.379475922499188,2.2800111000756322,0.0994648224235557
3900,2.539639706683832,2.4021116812263057,0.1375280254575264
3901,2.4264058301240192,2.309964485729073,0.11644134439494636
3902,2.5179471853814257,2.4024284418724173,0.11551874350900837
3903,2.3214914619441327,2.2206531873694075,0.10083827457472516
3904,2.3717710104650336,2.263263639227563,0.10850737123747045
3905,2.404500446823102,2.292883754208536,0.1116166926145663
3906,2.4116630697753147,2.301529061353362,0.11013400842195287
3907,2.5560224131780465,2.4378127911878793,0.11820962199016716
3908,2.4609704854401437,2.344506245200874,0.11646424023926993
3909,2.3897338108694424,2.2896013121378034,0.10013249873163899
3910,2.432215631293121,2.317634333890755,0.11458129740236611
3911,2.6512306815286073,2.518889237491918,0.13234144403668946
3912,2.5866859185964186,2.4350699477237896,0.151615970872629
3913,2.3831010776839943,2.274325772143556,0.10877530554043835
3914,2.2934260104324378,2.19368484486602,0.09974116556641777
3915,2.4738850385587345,2.355577665573117,0.11830737298561766
3916,2.56566195358144,2.428230076516995,0.13743187706444493
3917,2.574411382793553,2.4525664198013932,0.12184496299215963
3918,2.303375745912761,2.2055263095327864,0.09784943637997445
3919,2.395119892406974,2.293529342859907,0.10159054954706681
3920,2.259053023283704,2.1670245726201536,0.09202845066355048
3921,2.3363073679579003,2.2391337244012903,0.09717364355660996
3922,2.6454568475649363,2.519539172868961,0.12591767469597537
3923,2.3792932605812434,2.2698370984824856,0.10945616209875775
3924,2.28866052835634,2.196253574559244,0.09240695379709596
3925,2.6028352107082218,2.4695746009883366,0.13326060971988518
3926,2.285840315323916,2.1922729787425332,0.09356733658138294
3927,2.4424008733771028,2.3344828003914673,0.1079180729856355
3928,2.4926445241169506,2.3600125842086976,0.13263193990825295
3929,2.594211146092775,2.4605334860166286,0.13367766007614623
3930,2.4042469022700277,2.2974797812113006,0.1067671210587271
3931,2.4944065376160784,2.369272202977337,0.12513433463874124
3932,2.3944566978597264,2.2801676987597075,0.11428899910001888
3933,2.4344468002539816,2.3167621485389365,0.11768465171504516
3934,2.4566313132788578,2.3417770460074716,0.11485426727138615
3935,2.580153025406384,2.4517907465671582,0.12836227883922557
3936,2.4959000180634314,2.3646203513461135,0.13127966671731794
3937,2.4887303448279825,2.3646031552243896,0.12412718960359292
3938,2.2699757816455515,2.1744266184466796,0.09554916319887186
3939,2.4273877681825047,2.3081311582305393,0.11925660995196541
3940,2.467598245507151,2.3519203112815763,0.11567793422557449
3941,2.363846681693777,2.2557259262400513,0.10812075545372579
3942,2.4728563664387644,2.3571714296006037,0.11568493683816072
3943,2.4362828437850053,2.3207133071471495,0.11556953663785574
3944,2.3755684739422507,2.2703117191605515,0.10525675478169916
3945,2.5209030652715656,2.397701768703749,0.12320129656781642
3946,2.524812975669729,2.3957163059196875,0.1290966697500413
3947,2.3981819563384765,2.2908954440944815,0.10728651224399499
3948,2.321211506559988,2.2222637093670277,0.09894779719296043
3949,2.3625394363156658,2.2632271301293665,0.09931230618629927
3950,2.300631196695172,2.2076707356897063,0.09296046100546551
3951,2.6815488542755452,2.5453668295357983,0.13618202473974694
3952,2.6330469801314456,2.495114406065433,0.13793257406601267
3953,2.4234630732491724,2.3098666582874268,0.11359641496174566
3954,2.420496064160524,2.306731864220763,0.11376419993976095
3955,2.6737383162949606,2.5268843012108833,0.14685401508407736
3956,2.331155179849313,2.2314344376502464,0.09972074219906668
3957,2.418029455040146,2.313691523436464,0.10433793160368232
3958,2.5166071083876482,2.3848137400098985,0.1317933683777497
3959,2.314941538939564,2.2168099965176413,0.09813154242192246
3960,2.4803369435447795,2.3637617871471943,0.1165751563975852
3961,2.4686997424114168,2.3475295657917803,0.12117017661963647
3962,2.3531479833875966,2.2504230321796475,0.10272495120794911
3963,2.293255069137663,2.1987800917130396,0.09447497742462341
3964,2.421479588532119,2.3185535640050996,0.1029260245270196
3965,2.3788641266698582,2.267703335090495,0.11116079157936332
3966,2.547158197552279,2.416032946250241,0.13112525130203823
3967,2.385777597899499,2.279046199442694,0.1067313984568048
3968,2.3666677330360097,2.264877623654831,0.1017901093811786
3969,2.5501933628986224,2.408166559212702,0.14202680368592047
3970,2.434738175709693,2.319391736608958,0.11534643910073505
3971,2.3801502083520725,2.2725227955064247,0.10762741284564781
3972,2.4481000853444534,2.3361358466132516,0.11196423873120187
3973,2.412593575254263,2.3018031867587525,0.1107903884955106
3974,2.321417265913465,2.217649684597468,0.10376758131599706
3975,2.6311502537083244,2.496263957603976,0.13488629610434844
3976,2.6442931260645075,2.5078399367748374,0.1364531892896701
3977,2.4936869264984716,2.38394844499709,0.10973848150138155
3978,2.3360212833978973,2.246749816781084,0.08927146661681329
3979,2.387947534807264,2.2787567132275703,0.10919082157969351
3980,2.4054181628264026,2.307106997333826,0.09831116549257679
3981,2.488487139856537,2.3655044008141894,0.12298273904234769
3982,2.3136967816448077,2.2126913050080526,0.10100547663675519
3983,2.383089150885699,2.270006516886908,0.11308263399879115
3984,2.4335143508387005,2.320217634855917,0.11329671598278335
3985,2.757831775385453,2.6075339912657616,0.15029778411969152
3986,2.560815564008788,2.4286228112522203,0.1321927527565676
3987,2.208572395167994,2.124868097730167,0.08370429743782726
3988,2.4610637155718913,2.3407639557684496,0.12029975980344165
3989,2.453555064138786,2.347285037414477,0.10627002672430885
3990,2.34718662115691,2.24894748532558,0.09823913583133015
3991,2.6026743506971823,2.4764018622946966,0.12627248840248573
3992,2.576744291548575,2.4473445918031023,0.12939969974547294
3993,2.3689964731697657,2.2705882452903987,0.09840822787936698
3994,2.3580423214397817,2.2588836827220287,0.09915863871775299
3995,2.4494903228280824,2.336869654154643,0.11262066867343945
3996,2.467798168450865,2.3418424045739252,0.12595576387693974
3997,2.2797518749860246,2.188800840393615,0.09095103459240939
3998,2.5435635348463284,2.4096578696448216,0.1339056652015067
3999,2.5078716777176315,2.3839564548001024,0.1239152229175291
4000,2.5582637185938637,2.432960638869816,0.12530307972404753
4001,2.1933718359876306,2.115856070633901,0.07751576535372973
4002,2.4977599139928066,2.3744778758340455,0.12328203815876115
4003,2.5260254312603823,2.393080665048914,0.13294476621146822
4004,2.3356004886452437,2.240869433908313,0.09473105473693089
4005,2.5462435255652265,2.421304246902059,0.12493927866316756
4006,2.5440053810168184,2.4340167390240945,0.10998864199272385
4007,2.52309297262097,2.3916657526101934,0.13142722001077667
4008,2.5667942219692117,2.444312663732842,0.12248155823636964
4009,2.356391996331519,2.2622918224793698,0.0941001738521492
4010,2.553531727387462,2.4361230593500074,0.11740866803745442
4011,2.306370967362581,2.2139287568116104,0.09244221055097057
4012,2.3581545690826364,2.2549022542515464,0.10325231483108999
4013,2.528694346516781,2.394025861352244,0.134668485164537
4014,2.7729541465429186,2.6129681581168023,0.15998598842611633
4015,2.3948015066416244,2.2820683542231266,0.1127331524184978
4016,2.321225971899898,2.2176099739074373,0.10361599799246068
4017,2.409209140847356,2.2962103112332155,0.11299882961414065
4018,2.262895597444031,2.1739007711229816,0.08899482632104938
4019,2.356601327724052,2.25478604833837,0.10181527938568191
4020,2.477866724185865,2.376266284323591,0.10160043986227407
4021,2.3275303742527655,2.2253609551024587,0.10216941915030686
4022,2.4289328567072013,2.308536069593202,0.12039678711399926
4023,2.4408964802373805,2.334774736229829,0.10612174400755148
4024,2.4143891319182718,2.300256130806676,0.11413300111159597
4025,2.4227278237170777,2.308785799068001,0.11394202464907677
4026,2.327593188355667,2.23324732733596,0.09434586101970677
4027,2.3035808471914376,2.2055840763145267,0.09799677087691094
4028,2.420661809264425,2.315520957268485,0.10514085199594003
4029,2.6094715820698386,2.471841784501662,0.13762979756817684
4030,2.583210148051719,2.4486495504579344,0.1345605975937847
4031,2.350367979313522,2.2502078053905437,0.10016017392297849
4032,2.392589662137561,2.2858911151960197,0.10669854694154113
4033,2.46121821395832,2.3397827909573565,0.12143542300096355
4034,2.555612758909494,2.432295380695747,0.12331737821374711
4035,2.6680216884145156,2.5230494943609387,0.14497219405357686
4036,2.4751691168847794,2.362547555894117,0.11262156099066223
4037,2.418048503592079,2.3113288026181804,0.10671970097389849
4038,2.5132423558522308,2.387152373107005,0.12608998274522598
4039,2.432050880237638,2.3144603823684227,0.1175904978692155
4040,2.41742132826002,2.30326976021633,0.11415156804368998
4041,2.4969522743226493,2.378619539311076,0.11833273501157349
4042,2.4098931654533566,2.2969651214126285,0.11292804404072809
4043,2.4413489617367476,2.324041312602111,0.11730764913463654
4044,2.3884504088383816,2.282345527822422,0.1061048810159595
4045,2.519913541495642,2.398660724640165,0.12125281685547673
4046,2.354364882823706,2.246439091201373,0.10792579162233285
4047,2.3580034341841434,2.2458640573378696,0.11213937684627373
4048,2.426773819089312,2.313965640547361,0.1128081785419508
4049,2.5003269858735124,2.3782885064852883,0.1220384793882241
4050,2.3828548322947625,2.2750892423385536,0.10776558995620888
4051,2.427736344254592,2.3156494770700817,0.11208686718451011
4052,2.3241904298748866,2.228982638268883,0.09520779160600368
4053,2.5343326914197744,2.4124069210448305,0.1219257703749439
4054,2.4136041641279364,2.3001780785883916,0.11342608553954481
4055,2.357507209737809,2.252030178734037,0.10547703100377204
4056,2.3418743725874616,2.245360126699432,0.09651424588802948
4057,2.478627101020278,2.3613651035953143,0.11726199742496357
4058,2.6190877368853074,2.501867545523365,0.1172201913619424
4059,2.243825973594325,2.1622007078172576,0.0816252657770673
4060,2.4118614743508378,2.307477298320441,0.10438417603039696
4061,2.3133065010464677,2.2239270377986515,0.0893794632478162
4062,2.678350636546753,2.5406076996031794,0.13774293694357365
4063,2.7103761691936556,2.5791334672413933,0.1312427019522624
4064,2.4483310331394055,2.329116084050486,0.11921494908891939
4065,2.4491677834958385,2.3283643339782283,0.12080344951761024
4066,2.4648979984322485,2.347200456014828,0.11769754241742048
4067,2.6713049261774167,2.5369540763860936,0.13435084979132306
4068,2.5157861885612154,2.3874514353402354,0.12833475322097998
4069,2.3865314649744755,2.2759822837062744,0.11054918126820112
4070,2.4937891104424414,2.3819817338223843,0.11180737662005713
4071,2.5671746411367775,2.450614690343623,0.11655995079315451
4072,2.3769527164729505,2.2642150668254586,0.11273764964749189
4073,2.272536477193761,2.1742688161483135,0.0982676610454476
4074,2.2713294383532223,2.176245230959184,0.09508420739403833
4075,2.399910649703008,2.296158625304961,0.1037520243980472
4076,2.555478674578228,2.4262228621993405,0.1292558123788874
4077,2.5829679867123883,2.453746109120354,0.1292218775920344
4078,2.4496624141774714,2.3259401466233665,0.12372226755410498
4079,2.577349296292018,2.440229111101808,0.13712018519020974
4080,2.2811021939773135,2.188879899732497,0.09222229424481654
4081,2.4510427550255636,2.342297281835968,0.10874547318959538
4082,2.5603742823106113,2.4220329175281567,0.1383413647824545
4083,2.2412609027796964,2.1517107329389127,0.08955016984078368
4084,2.5792987944441896,2.435913876332067,0.1433849181121225
4085,2.346490854923363,2.245951568681009,0.10053928624235375
4086,2.272696792809181,2.181716708108795,0.09098008470038588
4087,2.431116742793512,2.324792956141336,0.10632378665217601
4088,2.4416296036589533,2.3160035233907417,0.12562608026821165
4089,2.405741262935723,2.2914914852188777,0.11424977771684519
4090,2.4735442269669687,2.3507980147545378,0.12274621221243098
4091,2.421772267922691,2.30025720058477,0.12151506733792106
4092,2.42429363036615,2.307280081377285,0.11701354898886507
4093,2.2954288274617882,2.2030774587128836,0.0923513687489046
4094,2.321196240790919,2.223488205602987,0.09770803518793159
4095,2.6040221290277423,2.4684838543686385,0.13553827465910384
4096,2.5586676605417913,2.432222293164889,0.12644536737690215
4097,2.4489545235800825,2.3249602168987873,0.12399430668129519
4098,2.432939277878052,2.3121374164648225,0.12080186141322935
4099,2.4173286889073875,2.3061150012218,0.11121368768558737
4100,2.5695112328588947,2.4389447546466165,0.13056647821227818
4101,2.5694657872333386,2.4471329180916714,0.12233286914166719
4102,2.620075457191265,2.47264528004999,0.14743017714127493
4103,2.462781589152875,2.3460145984130243,0.11676699073985075
4104,2.426057239799593,2.308622725010768,0.11743451478882516
4105,2.487675497562065,2.3686656085404256,0.11900988902163956
4106,2.38691933311889,2.2785845688708837,0.10833476424800637
4107,2.4079024858605362,2.301037587650603,0.10686489820993339
4108,2.626505311605618,2.4894980443770116,0.13700726722860646
4109,2.3550079023583272,2.2507251006380242,0.10428280172030302
4110,2.479445514898972,2.3571581917753117,0.12228732312366031
4111,2.3193873066322905,2.226188927041294,0.09319837959099653
4112,2.4953202578926743,2.381868321921956,0.11345193597071823
4113,2.466658085593853,2.3528186285507666,0.11383945704308651
4114,2.466905013365807,2.3489753051969458,0.11792970816886106
4115,2.2862875375776057,2.191592296587613,0.0946952409899926
4116,2.6424890385684368,2.501994952063006,0.14049408650543072
4117,2.316848928452769,2.2215848666670244,0.09526406178574476
4118,2.410354426429679,2.302062171384007,0.10829225504567219
4119,2.481630874549739,2.360037922561181,0.1215929519885579
4120,2.4585978533286257,2.3389955988347557,0.11960225449386996
4121,2.5295940712305263,2.399975555234706,0.12961851599582008
4122,2.535600342374897,2.399610330453599,0.13599001192129778
4123,2.2621537813911803,2.1694302929485714,0.09272348844260891
4124,2.368180136185825,2.2604818296723064,0.10769830651351864
4125,2.2362444690408947,2.1475120395226686,0.08873242951822613
4126,2.4643046984162735,2.355851959528778,0.1084527388874954
4127,2.442145951556901,2.329450105952574,0.112695845604327
4128,2.355277795539962,2.2579428632912184,0.09733493224874357
4129,2.420441222173597,2.314500301249768,0.10594092092382912
4130,2.4116001319837554,2.2939582946472457,0.11764183733650979
4131,2.6266838347672437,2.492430297732267,0.13425353703497667
4132,2.4430072388466937,2.340198614853614,0.10280862399307988
4133,2.395542496515838,2.284803930179556,0.11073856633628187
4134,2.4348082007238943,2.3135677218705752,0.12124047885331901
4135,2.9234566434484064,2.768962675183851,0.1544939682645552
4136,2.4876939790413086,2.3841968710907064,0.10349710795060219
4137,2.3605678973857773,2.2545651376924485,0.10600275969332884
4138,2.4222773856750655,2.3115854282921093,0.11069195738295612
4139,2.44448824389639,2.3406651681682114,0.10382307572817862
4140,2.41885283073436,2.303673988027315,0.11517884270704526
4141,2.624862161443803,2.4869915166911176,0.1378706447526854
4142,2.277775926818115,2.1823282257177,0.09544770110041467
4143,2.4114779663468595,2.300734874252105,0.1107430920947543
4144,2.3434546516372947,2.2444079382134894,0.09904671342380533
4145,2.4240632667430466,2.308823904194397,0.11523936254864964
4146,2.547506729591904,2.420874970732025,0.1266317588598791
4147,2.413625625612404,2.2988073978483254,0.11481822776407835
4148,2.3854098961746852,2.277524869813545,0.10788502636114039
4149,2.3823823386630734,2.2758644576900546,0.10651788097301873
4150,2.359999162417559,2.2567600009443,0.10323916147325907
4151,2.5102734497000116,2.378886438257594,0.13138701144241782
4152,2.281790685507144,2.1837985389868266,0.09799214652031729
4153,2.471691263644288,2.344392105528871,0.12729915811541703
4154,2.935959370026028,2.7772439772211883,0.1587153928048397
4155,2.4046402309769985,2.283994030846132,0.12064620013086635
4156,2.357724387620379,2.2563287374493948,0.10139565017098429
4157,2.5047339919518063,2.3768945251991918,0.1278394667526146
4158,2.4748451562438447,2.3456568118298335,0.12918834441401117
4159,2.4340299357012443,2.3115740907356526,0.1224558449655917
4160,2.4451152599897674,2.328665836136351,0.11644942385341661
4161,2.4383232059904913,2.3345699087058582,0.10375329728463312
4162,2.479309291393073,2.3526963688740152,0.12661292251905776
4163,2.423705511896158,2.308244592784877,0.11546091911128098
4164,2.412028938400963,2.301765364220813,0.11026357418014987
4165,2.4504062063031933,2.3217926860965354,0.12861352020665784
4166,2.3468807957416162,2.2345610111755203,0.11231978456609593
4167,2.3457250736601036,2.2457119762197983,0.10001309744030529
4168,2.640591258573027,2.505590760879842,0.13500049769318512
4169,2.540950296204328,2.420755329308445,0.12019496689588305
4170,2.571320102536717,2.435823634731391,0.13549646780532587
4171,2.4652362438250046,2.3429857549854964,0.12225048883950818
4172,2.303322694534503,2.1989748182053144,0.10434787632918852
4173,2.5523097176809406,2.4314155574437333,0.12089416023720734
4174,2.5582442937716348,2.43433566520266,0.12390862856897478
4175,2.450848665504115,2.328800374824534,0.12204829067958123
4176,2.4068750186505157,2.29099658979295,0.11587842885756583
4177,2.5469668041216167,2.4186536333736233,0.12831317074799342
4178,2.364558653509154,2.2702855651201035,0.09427308838905057
4179,2.4006059360211762,2.297165738386471,0.10344019763470502
4180,2.6089848107800964,2.478582795102656,0.13040201567744036
4181,2.389399179453119,2.2824052114487756,0.10699396800434346
4182,2.41661682115101,2.303073300900723,0.11354352025028724
4183,2.4506330253132145,2.3365675860955517,0.11406543921766277
4184,2.386984590083656,2.284076755110805,0.10290783497285094
4185,2.433732465479273,2.3185116043773597,0.11522086110191321
4186,2.339829328203906,2.238089896179702,0.10173943202420421
4187,2.4346255952224003,2.3144797088043076,0.12014588641809265
4188,2.429656669867136,2.3124586945310286,0.11719797533610743
4189,2.328020379304257,2.231672170093383,0.09634820921087384
4190,2.611360209602693,2.4668310247677323,0.14452918483496058
4191,2.4338924977079532,2.3114989897912346,0.12239350791671866
4192,2.459231149643118,2.3561605593662844,0.10307059027683341
4193,2.427260427710092,2.3221071690468285,0.10515325866326375
4194,2.3426729852666335,2.2442453874579216,0.09842759780871191
4195,2.5746671325717134,2.437498807666898,0.13716832490481545
4196,2.3741914850199928,2.2715833677073474,0.10260811731264541
4197,2.310227319308443,2.2090728394598,0.10115447984864323
4198,2.3568878305353,2.246535598022337,0.11035223251296289
4199,2.3322364266131808,2.2308597135155837,0.1013767130975971
4200,2.3442622923636582,2.236910702670445,0.10735158969321335
4201,2.5867088767751696,2.467142571694072,0.11956630508109756
4202,2.510057951871174,2.3897862620957757,0.12027168977539837
4203,2.416386086932793,2.2976921162974673,0.11869397063532583
4204,2.3733898071933326,2.2676241208379766,0.10576568635535599
4205,2.3800990842315146,2.270619676412872,0.10947940781864274
4206,2.3133661384753137,2.2248014038505746,0.08856473462473913
4207,2.3805262023643414,2.274303475625107,0.10622272673923439
4208,2.4695579122993885,2.348058167579022,0.12149974472036629
4209,2.485044696418894,2.3629095663756408,0.12213513004325316
4210,2.452526431505973,2.3377058176654444,0.11482061384052855
4211,2.322370035714998,2.2169502944827233,0.1054197412322746
4212,2.415913487099283,2.2962536690147495,0.11965981808453341
4213,2.409206009790086,2.30622974936037,0.10297626042971597
4214,2.664879426877381,2.5364752984196763,0.12840412845770466
4215,2.55908561948624,2.443147660549983,0.11593795893625725
4216,2.316165064211294,2.2233907268829527,0.09277433732834117
4217,2.5121253162590547,2.3873409211553045,0.12478439510375017
4218,2.6142873569062175,2.480046544571663,0.13424081233455443
4219,2.375720553419694,2.272526001606684,0.10319455181300974
4220,2.4761938886588117,2.3568081707777386,0.1193857178810731
4221,2.345799984523301,2.2383767342228253,0.10742325030047573
4222,2.57502476947747,2.456701324409451,0.11832344506801906
4223,2.5865736955789855,2.450287641127051,0.13628605445193465
4224,2.316218165866349,2.221230124196781,0.09498804166956809
4225,2.6658979614110545,2.543161441201563,0.12273652020949166
4226,2.410781232304589,2.304878757690784,0.10590247461380509
4227,2.385676343013669,2.27931035416602,0.10636598884764936
4228,2.3297898739448915,2.2253251884185197,0.10446468552637178
4229,2.340044525750279,2.2313955350418753,0.10864899070840384
4230,2.4141452327501756,2.3113572016987636,0.10278803105141199
4231,2.4596272767698544,2.345423895044625,0.11420338172522948
4232,2.3777294637461757,2.2719162167382647,0.10581324700791095
4233,2.3793728776277154,2.274101149917376,0.10527172771033921
4234,2.383443336297781,2.2792691425955316,0.10417419370224934
4235,2.604522544258617,2.4656951740451944,0.13882737021342262
4236,2.520436416662415,2.396798511344977,0.1236379053174379
4237,2.436376712875527,2.320863597338333,0.11551311553719401
4238,2.5727770834561934,2.4452980767680352,0.12747900668815815
4239,2.4649218232318706,2.3554970983077457,0.10942472492412492
4240,2.466972439228341,2.3632292514919806,0.10374318773636038
4241,2.3487470161183146,2.245396426635934,0.10335058948238052
4242,2.2535662077984986,2.1676831983237497,0.08588300947474892
4243,2.38432966226117,2.26887156326434,0.11545809899683013
4244,2.49668100613998,2.3790253940303296,0.11765561210965014
4245,2.5873401517080232,2.458119400089202,0.12922075161882107
4246,2.369606893870768,2.2761337477469405,0.09347314612382762
4247,2.3950900537581994,2.288058633098556,0.10703142065964322
4248,2.454463938367969,2.346466868915597,0.10799706945237197
4249,2.4197787760910554,2.3078509055970646,0.11192787049399078
4250,2.290790424710696,2.1938607607243785,0.0969296639863173
4251,2.396024383259439,2.2928571952274446,0.10316718803199443
4252,2.2498130888626084,2.1569821939485916,0.09283089491401686
4253,2.4303994294819726,2.3150196525844255,0.11537977689754708
4254,2.4199794125131717,2.302172209096513,0.11780720341665862
4255,2.461589132206911,2.3461893582383606,0.11539977396855017
4256,2.4051815912320182,2.296050454487458,0.10913113674456021
4257,2.3922100757247304,2.283776689661299,0.10843338606343123
4258,2.3462969837756122,2.2438679491634175,0.10242903461219477
4259,2.5224240488142895,2.397868013135341,0.12455603567894835
4260,2.3988493140308624,2.29399393924953,0.10485537478133233
4261,2.3349058300551464,2.2372823399578765,0.0976234900972699
4262,2.4144957747893527,2.3049128978977413,0.10958287689161139
4263,2.2924735613688094,2.1973079683225625,0.09516559304624694
4264,2.4834371267155384,2.3683289606993556,0.11510816601618279
4265,2.5476673737828577,2.4233455579270586,0.12432181585579904
4266,2.4849200677191137,2.3759822758038207,0.10893779191529296
4267,2.4090587479257355,2.312279938550962,0.09677880937477346
4268,2.450942744180367,2.3318592607446362,0.11908348343573083
4269,2.511010771806919,2.3929721795060988,0.11803859230082026
4270,2.5041042414188905,2.3818913784964044,0.12221286292248612
4271,2.4984267691806714,2.3733478247550965,0.12507894442557488
4272,2.3124507896796986,2.2200898175979207,0.09236097208177796
4273,2.30266966193335,2.2071452033313985,0.09552445860195169
4274,2.346406566903764,2.2544912926815264,0.09191527422223755
4275,2.4467175004934822,2.338054873624274,0.10866262686920836
4276,2.374166946779111,2.268347964336298,0.10581898244281307
4277,2.4504697553549306,2.328756951404105,0.12171280395082551
4278,2.5379449733656254,2.3999431929554595,0.13800178041016586
4279,2.39118973857886,2.2846444960456602,0.10654524253319986
4280,2.3197081279152294,2.2168786282269273,0.10282949968830213
4281,2.387911401150182,2.2937350381343946,0.09417636301578725
4282,2.4862734393035035,2.3710941741809557,0.11517926512254784
4283,2.5450184384688153,2.407695684408389,0.13732275406042627
4284,2.4124805712644535,2.3036695145168853,0.10881105674756819
4285,2.4403789362667996,2.3343315636295636,0.10604737263723596
4286,2.514222414267543,2.373788665690327,0.14043374857721602
4287,2.45203568790248,2.3399391023409017,0.11209658556157809
4288,2.533281123801797,2.399478192664284,0.13380293113751307
4289,2.4797861147259224,2.3510995187415626,0.12868659598435972
4290,2.531531065458024,2.396509869799123,0.13502119565890114
4291,2.41490238366134,2.3086703819361976,0.10623200172514258
4292,2.6107407965577973,2.487235212317081,0.12350558424071645
4293,2.6291519993398706,2.498106005676645,0.13104599366322578
4294,2.35204310056991,2.2482311897282066,0.10381191084170327
4295,2.3642149098946965,2.2603719883297035,0.10384292156499297
4296,2.504946853972225,2.3883586388400264,0.11658821513219841
4297,2.418955983058169,2.2996081561765283,0.1193478268816408
4298,2.379260685644061,2.2693056662271016,0.1099550194169594
4299,2.539614863692628,2.423169232063326,0.11644563162930188
4300,2.6859130620576637,2.5445853402624405,0.14132772179522313
4301,2.340448602882662,2.24256112804048,0.09788747484218208
4302,2.64693416270649,2.5152196337994575,0.1317145289070325
4303,2.3174397072655077,2.222011014462937,0.09542869280257094
4304,2.348360355182361,2.2502757943511087,0.09808456083125217
4305,2.371503122610551,2.263927978655609,0.10757514395494239
4306,2.5742043834334467,2.4446312735024875,0.12957310993095916
4307,2.5890247005986913,2.4534519964111445,0.13557270418754674
4308,2.447385158530323,2.3314249284171598,0.11596023011316303
4309,2.3734682241680205,2.2642006624036055,0.10926756176441499
4310,2.5953603000575085,2.4670050585350993,0.12835524152240918
4311,2.3775167770694936,2.2656238599025373,0.11189291716695626
4312,2.4287228266467147,2.3181708868138595,0.11055193983285516
4313,2.5346084209031208,2.410180319461934,0.12442810144118699
4314,2.3726223176359955,2.2666754774198763,0.10594684021611922
4315,2.3219918198066134,2.2304339535917217,0.0915578662148917
4316,2.534208432620065,2.408736178723122,0.12547225389694328
4317,2.462503412562004,2.3407676622406437,0.1217357503213603
4318,2.403555260137201,2.2921130373861023,0.11144222275109872
4319,2.360511899199199,2.256925347465138,0.10358655173406106
4320,2.5829047808520658,2.4431278290956135,0.13977695175645222
4321,2.3360343599276963,2.2348962205604583,0.10113813936723792
4322,2.6109863670760047,2.4725366027451665,0.13844976433083822
4323,2.40951198940901,2.2946449842583463,0.11486700515066373
4324,2.4134894215927054,2.3029902799199697,0.11049914167273567
4325,2.429587806461023,2.3107376298976066,0.11885017656341645
4326,2.682518474684042,2.551492962347461,0.13102551233658088
4327,2.3798149930171677,2.2756641729407994,0.10415082007636833
4328,2.638526717344526,2.514750758462007,0.12377595888251935
4329,2.346764159405264,2.2409504488290355,0.10581371057622846
4330,2.410770183618087,2.29454909392892,0.11622108968916667
4331,2.425982046036263,2.3168351506061233,0.10914689543013978
4332,2.556570464610446,2.414298610504245,0.1422718541062009
4333,2.4566363116719176,2.3412430680551517,0.11539324361676595
4334,2.341593011949459,2.2341338590893662,0.10745915286009255
4335,2.392017487383877,2.2808582436034266,0.11115924378045028
4336,2.5473049086940533,2.420018490340423,0.1272864183536302
4337,2.4284551056724126,2.3113540436908093,0.1171010619816033
4338,2.342901045431214,2.23719654821104,0.10570449722017372
4339,2.2503658248621035,2.1612371080600363,0.08912871680206713
4340,2.5409674410958685,2.4124446366165517,0.12852280447931674
4341,2.3646857319041352,2.2648890779482262,0.09979665395590898
4342,2.3600614598206393,2.254599367754852,0.10546209206578716
4343,2.3284153769133393,2.2312429301597803,0.09717244675355907
4344,2.44205201348813,2.3233573643164247,0.11869464917170536
4345,2.3717885517683213,2.2646762663434727,0.10711228542484852
4346,2.295514492735598,2.1942953548312865,0.10121913790431147
4347,2.491968101611903,2.369247214230906,0.12272088738099685
4348,2.251534182467849,2.1632991993678945,0.0882349830999547
4349,2.231574107985201,2.143632356822618,0.08794175116258307
4350,2.4671804677746785,2.340228225893845,0.12695224188083332
4351,2.3306064696515,2.2394061434771406,0.09120032617435925
4352,2.603184212709845,2.472286163745206,0.1308980489646392
4353,2.4126929703643767,2.2917516120723453,0.12094135829203134
4354,2.3095905607196237,2.2128617244924698,0.09672883622715389
4355,2.60781510609314,2.4704848123226237,0.1373302937705163
4356,2.578710389369961,2.437568602887626,0.14114178648233544
4357,2.414908316033072,2.306969449310187,0.10793886672288533
4358,2.369951872299121,2.2658300110464853,0.10412186125263556
4359,2.5545134455851017,2.421841083927828,0.1326723616572738
4360,2.2799263330013755,2.1848254957335187,0.09510083726785679
4361,2.456945607111141,2.346012119747371,0.11093348736376996
4362,2.3748150561187993,2.2619275480390324,0.11288750807976689
4363,2.2981242290898662,2.205722273313147,0.09240195577671928
4364,2.54481934138643,2.4272173165364097,0.11760202485002047
4365,2.7940752429156577,2.6528038728483465,0.14127137006731116
4366,2.605348859639153,2.481592217127666,0.12375664251148688
4367,2.5537091448587357,2.4330256495766345,0.1206834952821012
4368,2.3159517315000286,2.2198936437289856,0.09605808777104308
4369,2.5456728926761563,2.415321145917773,0.13035174675838324
4370,2.247341921820607,2.153542126245654,0.09379979557495277
4371,2.43692762346966,2.3189300048986237,0.11799761857103652
4372,2.2834556698750585,2.184936380241687,0.09851928963337153
4373,2.693858043898461,2.5543696798147826,0.13948836408367837
4374,2.5512371794659887,2.4344472883242627,0.116789891141726
4375,2.3281583724543586,2.2298812507422836,0.09827712171207503
4376,2.5752839281026145,2.4364321080236913,0.13885182007892327
4377,2.404462282679394,2.3105948782163868,0.09386740446300745
4378,2.34928047205993,2.2447927371921224,0.10448773486780771
4379,2.355541546902627,2.2582479155404913,0.09729363136213554
4380,2.7730806347554005,2.6338554067387254,0.13922522801667503
4381,2.359533731683984,2.262663816704137,0.09686991497984687
4382,2.532208421412003,2.4017043905264495,0.1305040308855534
4383,2.4907110356994786,2.3775183451190562,0.11319269058042236
4384,2.5943961748759565,2.458916900066428,0.1354792748095286
4385,2.4069410744880657,2.294723988435593,0.11221708605247249
4386,2.35607453178708,2.2529200507895357,0.10315448099754443
4387,2.4005324818833,2.29525250087527,0.10527998100802982
4388,2.2382519122055204,2.1522900250781345,0.08596188712738595
4389,2.4088130082844867,2.3110699858332158,0.09774302245127098
4390,2.4405020020119266,2.3288481642761902,0.11165383773573634
4391,2.519503487281352,2.4020214845074754,0.11748200277387655
4392,2.3254819467084378,2.221884592672646,0.10359735403579196
4393,2.3924547138429926,2.280154041345241,0.11230067249775155
4394,2.2495398767660424,2.1573455069270517,0.09219436983899065
4395,2.633837625870078,2.5008287898443147,0.13300883602576352
4396,2.421463219188574,2.3156363772042896,0.10582684198428449
4397,2.29652536665057,2.198425798206811,0.09809956844375867
4398,2.462952015757637,2.3504921837439694,0.1124598320136676
4399,2.46388108403611,2.3634165835076355,0.10046450052847433
4400,2.4900261803078667,2.3571124718581555,0.13291370844971118
4401,2.452400311781347,2.3332131750552674,0.1191871367260795
4402,2.4420202602849495,2.3239922020201265,0.11802805826482299
4403,2.46683027016988,2.3552989431640032,0.11153132700587687
4404,2.423130825481057,2.314025817210475,0.109105008270582
4405,2.2350270194667656,2.1447885829988276,0.09023843646793805
4406,2.467745454881746,2.3471614395721376,0.12058401530960827
4407,2.3790438870095056,2.265510234858802,0.11353365215070355
4408,2.4869638580115905,2.369944761030808,0.1170190969807825
4409,2.4251556210788174,2.3153927845063804,0.10976283657243702
4410,2.6862879139654483,2.556891449729093,0.12939646423635542
4411,2.4400268364116044,2.328230895550543,0.11179594086106137
4412,2.4549990323895012,2.3527438382660595,0.10225519412344175
4413,2.3460094444975534,2.248842065400661,0.09716737909689233
4414,2.364446866267369,2.261457212958107,0.1029896533092618
4415,2.343321828542119,2.247892012643278,0.0954298158988407
4416,2.4538528091206153,2.342825158807367,0.11102765031324813
4417,2.391539707572025,2.2720524770904342,0.1194872304815906
4418,2.625159529557462,2.5053173945266267,0.11984213503083518
4419,2.286741804415433,2.191190470339196,0.09555133407623728
4420,2.3216059490011003,2.222218021319723,0.09938792768137716
4421,2.46874323678747,2.35327820063471,0.11546503615275983
4422,2.2745948333304926,2.18591867540739,0.08867615792310257
4423,2.376003127402434,2.275028623718127,0.1009745036843066
4424,2.3629114651765977,2.2605522077369073,0.10235925743969032
4425,2.3057708437771502,2.2138342198114977,0.0919366239656525
4426,2.508039590049762,2.3837852322879534,0.12425435776180871
4427,2.6988447905369046,2.5579072209025107,0.14093756963439397
4428,2.36275065816632,2.2585250234631755,0.10422563470314428
4429,2.3873094082364603,2.2781594384011736,0.10914996983528669
4430,2.5262711481884175,2.3960871738609186,0.13018397432749884
4431,2.3736489443047204,2.2672797488230683,0.10636919548165213
4432,2.3816103857643194,2.2672934624493584,0.11431692331496102
4433,2.417100269656362,2.3102035521007624,0.10689671755559971
4434,2.3592291346990324,2.2508118018222167,0.10841733287681565
4435,2.287804660682867,2.192868457101784,0.09493620358108323
4436,2.620201036898417,2.5016986821400486,0.11850235475836834
4437,2.409433234875154,2.309198797587636,0.10023443728751813
4438,2.6420919840799884,2.5166796074727076,0.12541237660728077
4439,2.3927051028005146,2.2739576670697343,0.11874743573078028
4440,2.342760614863138,2.2403042902424235,0.10245632462071441
4441,2.3522790004252077,2.2506255040743013,0.10165349635090637
4442,2.339203359558716,2.242013461317367,0.09718989824134905
4443,2.4004401727654456,2.2864955666174516,0.11394460614799407
4444,2.2590783415000097,2.167431059827048,0.09164728167296188
4445,2.3414945402475635,2.244099003673618,0.0973955365739454
4446,2.514002360074876,2.3887565513233016,0.12524580875157465
4447,2.4513611606837395,2.329475630918586,0.12188552976515377
4448,2.3031621559038973,2.2064287511178335,0.09673340478606374
4449,2.3762940445466243,2.2679921845639193,0.10830185998270503
4450,2.3427260873267732,2.2371810965697305,0.10554499075704271
4451,2.2559103053260126,2.165116595808508,0.09079370951750443
4452,2.689348864380087,2.546430460528032,0.1429184038520548
4453,2.5571331821917354,2.418067542787593,0.13906563940414252
4454,2.32795762051275,2.231547747032776,0.0964098734799741
4455,2.494421759800878,2.378168109690095,0.11625365011078337
4456,2.2993082779802774,2.2082092083013474,0.09109906967893
4457,2.418392394826004,2.302222578866216,0.11616981595978837
4458,2.692706809999631,2.5608242085522916,0.13188260144733954
4459,2.4782878147274423,2.3655116096455004,0.11277620508194186
4460,2.6108664435118327,2.4770043401347577,0.13386210337707505
4461,2.352353682311393,2.240576181976004,0.11177750033538913
4462,2.452169028247071,2.3328823251079824,0.11928670313908851
4463,2.374872119634776,2.268937909667912,0.10593420996686431
4464,2.374066678814829,2.2633437243045726,0.11072295451025616
4465,2.34340921062504,2.2439332684106987,0.0994759422143412
4466,2.475263364933538,2.3572654709148533,0.11799789401868477
4467,2.2667049876160346,2.174783273317545,0.09192171429848939
4468,2.4121963129833777,2.2975660061807597,0.11463030680261799
4469,2.485041932612843,2.3676051103233675,0.11743682228947527
4470,2.4467031016394385,2.3336496015170396,0.1130535001223989
4471,2.3821463371078218,2.2713155867278276,0.11083075037999413
4472,2.5957581336824824,2.459744793651728,0.13601334003075438
4473,2.299974999363219,2.2000318655431683,0.09994313382005071
4474,2.55212591894633,2.440160989638229,0.11196492930810109
4475,2.4491335452597642,2.342262776467718,0.10687076879204627
4476,2.3450274833664078,2.240160795335055,0.10486668803135268
4477,2.505409437636817,2.37737732554808,0.12803211208873666
4478,2.4878756384760226,2.370308477125844,0.11756716135017875
4479,2.338772797811567,2.245418129895145,0.09335466791642189
4480,2.421383471421726,2.303008574331888,0.11837489708983817
4481,2.3871516883482666,2.2801877199707072,0.10696396837755939
4482,2.4408124438767493,2.3227524411962706,0.11806000268047878
4483,2.426587448326581,2.320123492334964,0.10646395599161673
4484,2.49789198760241,2.376774096025038,0.1211178915773723
4485,2.346331142058059,2.2509684606435534,0.09536268141450543
4486,2.4921065409240244,2.3694216130919994,0.122684927832025
4487,2.3441337103920423,2.2464747852982314,0.09765892509381091
4488,2.3877906338407766,2.282115779862833,0.10567485397794352
4489,2.5364330961881567,2.4064456232386053,0.12998747294955137
4490,2.4723886879031394,2.34479640674538,0.12759228115775922
4491,2.348670405314147,2.2467051485583673,0.10196525675577961
4492,2.4281413228305637,2.313615866624716,0.11452545620584775
4493,2.4766137004668085,2.356671320081856,0.11994238038495242
4494,2.3223008428019543,2.221540559992399,0.10076028280955507
4495,2.2942413211113566,2.2081389327317673,0.08610238837958928
4496,2.4910257987244226,2.3822453643767516,0.10878043434767104
4497,2.3797558559033867,2.2715066566183015,0.10824919928508514
4498,2.311927681911544,2.210690986328184,0.1012366955833599
4499,2.5579577957175617,2.4371292435526923,0.12082855216486932
4500,2.4513278514602153,2.32255333553958,0.12877451592063505
4501,2.459371771713752,2.348717286434622,0.11065448527913002
4502,2.2546269751806993,2.1643831584428943,0.09024381673780502
4503,2.2085677227143687,2.129719972643945,0.07884775007042366
4504,2.350009517870737,2.239806550146859,0.11020296772387805
4505,2.4138309204552177,2.3077178261196187,0.10611309433559901
4506,2.4217678055902914,2.315005175356369,0.10676263023392218
4507,2.3219720965643798,2.223316972442062,0.0986551241223177
4508,2.7475021298686295,2.5995104555632778,0.14799167430535176
4509,2.319380456495918,2.2187420339702877,0.10063842252563049
4510,2.327367785696539,2.2311859725776566,0.09618181311888252
4511,2.4277002685581914,2.326667579060989,0.10103268949720245
4512,2.5149114498857257,2.4040403424395684,0.11087110744615725
4513,2.4711399127178395,2.3587216045845802,0.11241830813325926
4514,2.3713528742941916,2.2674501639451132,0.10390271034907839
4515,2.562835558007878,2.4253728258518215,0.13746273215605642
4516,2.5143041681365017,2.3976671127752796,0.11663705536122215
4517,2.2788252632998383,2.187732403370039,0.0910928599297991
4518,2.359833868335224,2.255393887328343,0.10443998100688079
4519,2.4580191806627356,2.3460662550805393,0.11195292558219627
4520,2.350318047556917,2.2512055549458063,0.09911249261111088
4521,2.4707945625582064,2.347735595994347,0.1230589665638595
4522,2.4598853662931477,2.3446091563506823,0.11527620994246535
4523,2.4492806969238794,2.3342983542723945,0.11498234265148488
4524,2.698070275919224,2.5590175752449276,0.13905270067429631
4525,2.5081128305405946,2.392648903543471,0.1154639269971236
4526,2.5726169309903346,2.445140249949279,0.1274766810410557
4527,2.545242179037776,2.4161610690724005,0.1290811099653757
4528,2.3238501476806275,2.2233618691379395,0.10048827854268794
4529,2.4972014044084214,2.384744370045235,0.11245703436318655
4530,2.3505311973910876,2.2583494309546275,0.09218176643646014
4531,2.544852974324328,2.4123821529417726,0.1324708213825554
4532,2.4325730019300336,2.318801800724372,0.11377120120566175
4533,2.386500635665578,2.287581143565724,0.09891949209985373
4534,2.444277757295815,2.333885817932933,0.11039193936288205
4535,2.5642465600881277,2.4277303607786966,0.13651619930943104
4536,2.513681233554553,2.3952472415440345,0.11843399201051863
4537,2.6457230300234884,2.497160661788919,0.1485623682345696
4538,2.3032674378780125,2.210384118943191,0.09288331893482127
4539,2.410262556202908,2.310051340846269,0.10021121535663902
4540,2.4433387761388805,2.3223754644474917,0.12096331169138885
4541,2.396351398393173,2.2854405826841524,0.1109108157090204
4542,2.491735223321484,2.371387287898101,0.12034793542338296
4543,2.5195841419201446,2.4028492845093057,0.11673485741083889
4544,2.3750615242871453,2.272496497750115,0.10256502653703015
4545,2.3828716188088164,2.271939993185495,0.11093162562332148
4546,2.3605632100524834,2.244786574038449,0.1157766360140342
4547,2.5500450751541024,2.437947448551206,0.11209762660289657
4548,2.330778886968811,2.231404703897233,0.09937418307157797
4549,2.6000452131884826,2.4674130058902395,0.1326322072982431
4550,2.3540747090710505,2.253216340989599,0.10085836808145165
4551,2.475149892389873,2.3668052967157673,0.10834459567410581
4552,2.7887831452495084,2.6326603197152076,0.1561228255343008
4553,2.3474617738270163,2.2478145674810417,0.09964720634597457
4554,2.4344216046756304,2.3129858360679107,0.12143576860771965
4555,2.3725950535558775,2.268040136579796,0.10455491697608155
4556,2.5225733161899013,2.4054661136914226,0.11710720249847872
4557,2.466050342165875,2.347479067494816,0.11857127467105899
4558,2.432952512522843,2.3234647409994422,0.10948777152340083
4559,2.4536255582738717,2.32296300058728,0.13066255768659163
4560,2.3172850077768348,2.2086312481107084,0.10865375966612634
4561,2.2321589721566366,2.138866334744481,0.09329263741215543
4562,2.290235586289396,2.1886226840990584,0.1016129021903378
4563,2.4093162830097365,2.307160057585682,0.10215622542405445
4564,2.4496760044563466,2.331846239919752,0.11782976453659444
4565,2.4695351974464317,2.3628245929630114,0.10671060448342029
4566,2.471613047339209,2.350995110147368,0.12061793719184122
4567,2.249943275757184,2.1628858843979444,0.0870573913592394
4568,2.3565864253565514,2.2625168363629533,0.09406958899359807
4569,2.2780584040544363,2.183319245507831,0.0947391585466053
4570,2.465526897518496,2.355637891436409,0.10988900608208718
4571,2.4122369498648837,2.303521244797139,0.10871570506774475
4572,2.3641306947923777,2.2604345770595873,0.10369611773279042
4573,2.4864609464251233,2.357015279317886,0.12944566710723748
4574,2.375027310737753,2.2751094018331943,0.09991790890455876
4575,2.3320631760816637,2.2364356757022534,0.09562750037941026
4576,2.497797832794946,2.383718376823746,0.11407945597120017
4577,2.484145259424648,2.3559462753625495,0.1281989840620983
4578,2.412348149463137,2.297589494330433,0.11475865513270422
4579,2.3070587714690496,2.212692157054097,0.09436661441495264
4580,2.6834923084099587,2.5247464185500266,0.1587458898599321
4581,2.3976969213540533,2.285939326923885,0.11175759443016853
4582,2.408604288862462,2.2998944757802326,0.10870981308222927
4583,2.4798785648808095,2.367462717316525,0.11241584756428447
4584,2.3394889136624872,2.2423139911756773,0.09717492248680992
4585,2.4552953840175475,2.3437579848882955,0.11153739912925209
4586,2.44814259970825,2.3286137279166836,0.11952887179156635
4587,2.4251004596192707,2.3129624175611965,0.1121380420580742
4588,2.3734746446608987,2.2684736312304485,0.10500101343045021
4589,2.5283590524438493,2.4090025532452084,0.11935649919864089
4590,2.3251280940420305,2.2220660943488477,0.10306199969318275
4591,2.385985973572923,2.2755501653356456,0.11043580823727739
4592,2.3415337730949126,2.2346753364663385,0.10685843662857408
4593,2.5630118915579345,2.428954204467995,0.13405768708993948
4594,2.486556574662968,2.369221759139969,0.11733481552299896
4595,2.411349492569152,2.2922395386009304,0.11910995396822166
4596,2.2911022311142246,2.1922669540683364,0.09883527704588824
4597,2.3576688299370376,2.2542676056690323,0.10340122426800535
4598,2.4899795356830197,2.3547171721385967,0.135262363544423
4599,2.886599316580639,2.7345066292697817,0.15209268731085723
4600,2.7692705195647718,2.620943550811063,0.14832696875370877
4601,2.3439607921742347,2.2342453041880135,0.10971548798622122
4602,2.4196901877921877,2.303940353684363,0.11574983410782469
4603,2.32222824679476,2.22620106929201,0.09602717750275014
4604,2.457758512298029,2.3307270883893803,0.12703142390864874
4605,2.4969265759992427,2.3616042009611142,0.1353223750381285
4606,2.4854932325036243,2.363877298632084,0.12161593387154035
4607,2.2316094866197407,2.145208932195719,0.08640055442402161
4608,2.6497587122987496,2.5074157918327304,0.14234292046601915
4609,2.7371588256361523,2.597984673792446,0.13917415184370618
4610,2.3989858318536057,2.3013445682093274,0.09764126364427828
4611,2.444884729213843,2.3254358535593553,0.11944887565448781
4612,2.45326564235518,2.3415979228990453,0.11166771945613485
4613,2.361413766298683,2.25501480900532,0.1063989572933628
4614,2.5313539185131075,2.40192145543838,0.12943246307472744
4615,2.323752492326416,2.220745767518032,0.10300672480838369
4616,2.5268367772182456,2.4127754169832274,0.11406136023501823
4617,2.4345317397029023,2.3081475582478688,0.1263841814550335
4618,2.2897357551543456,2.192455291159865,0.09728046399448065
4619,2.3347157267457077,2.235347780087645,0.09936794665806259
4620,2.454984560285767,2.3351983237861758,0.11978623649959141
4621,2.4694877075449093,2.365375145193009,0.10411256235190036
4622,2.4809657857603455,2.3655997784192953,0.11536600734105029
4623,2.4859616597744614,2.373202972597343,0.11275868717711823
4624,2.3479636633379157,2.242478054349409,0.10548560898850656
4625,2.511923462274848,2.382109897894135,0.12981356438071323
4626,2.6516246206341076,2.519312490993743,0.13231212964036443
4627,2.4124817489584496,2.309176400697783,0.10330534826066673
4628,2.503970628897683,2.391195458800351,0.11277517009733229
4629,2.4588205405692354,2.342162140204407,0.11665840036482855
4630,2.416552604052468,2.301138057678437,0.11541454637403081
4631,2.630584221353961,2.498893806889733,0.13169041446422813
4632,2.5471569013921926,2.430350274891243,0.11680662650094975
4633,2.615156783419557,2.4708558420676017,0.14430094135195537
4634,2.6544821909818177,2.5238620163663654,0.13062017461545228
4635,2.353593866936081,2.249870495681202,0.10372337125487929
4636,2.613331665022009,2.4732249911329296,0.1401066738890795
4637,2.3107141300893113,2.215367440939968,0.09534668914934308
4638,2.4706183648214943,2.3551208228873324,0.11549754193416195
4639,2.4567341522949726,2.3333767312729936,0.123357421021979
4640,2.296018629095943,2.205825277507609,0.09019335158833419
4641,2.341300426537869,2.242093157136147,0.09920726940172209
4642,2.3040819547216156,2.207986511945683,0.0960954427759324
4643,2.5146976008987902,2.3958732459299164,0.11882435496887389
4644,2.385242551630009,2.278320433355267,0.10692211827474196
4645,2.4225132723655434,2.315203207307563,0.10731006505798035
4646,2.412708838482039,2.307795551211544,0.1049132872704952
4647,2.557217891421869,2.423783395763001,0.133434495658868
4648,2.428088419237929,2.3072956035762267,0.12079281566170241
4649,2.387981499631797,2.2779900653245093,0.10999143430728786
4650,2.454377840998274,2.3287886409079204,0.1255892000903538
4651,2.320560565045714,2.229932379622785,0.09062818542292916
4652,2.4227449741672458,2.3078740440887104,0.11487093007853533
4653,2.5556618401278177,2.4363532638051453,0.11930857632267244
4654,2.3987444149112767,2.2987469672039533,0.09999744770732333
4655,2.410405301183517,2.3034979940987435,0.1069073070847737
4656,2.4622680658417107,2.3426162889971636,0.11965177684454709
4657,2.4060700788088965,2.2987836457728683,0.10728643303602814
4658,2.40995174521451,2.3020373764627617,0.10791436875174831
4659,2.273145381123632,2.177101541129119,0.09604383999451338
4660,2.4630274235942298,2.350549432399958,0.11247799119427171
4661,2.2644509240565136,2.171476121578157,0.09297480247835654
4662,2.496266375995231,2.3711192012723465,0.12514717472288428
4663,2.306341997742247,2.2105138322365345,0.09582816550571227
4664,2.3150575930085444,2.215604346782749,0.09945324622579532
4665,2.444067542384283,2.321598806872459,0.12246873551182391
4666,2.4649287216131333,2.3493964666661045,0.11553225494702879
4667,2.3771851182821226,2.268024228119346,0.10916089016277652
4668,2.5583231666025092,2.42537894201074,0.13294422459176936
4669,2.3595060876271248,2.261637219190444,0.09786886843668086
4670,2.6406310449794566,2.499153272051372,0.14147777292808472
4671,2.3601072692373113,2.265446216789085,0.09466105244822609
4672,2.3334649543032513,2.2351244159248194,0.09834053837843193
4673,2.397087874008725,2.2859135158750643,0.11117435813366061
4674,2.492611390611894,2.371197579498005,0.12141381111388894
4675,2.5138267900293423,2.381754639077606,0.1320721509517364
4676,2.353652764284451,2.2478861947669,0.10576656951755092
4677,2.342887788518636,2.2442131226983775,0.09867466582025841
4678,2.949634867607951,2.7918434266991015,0.15779144090884945
4679,2.3176911746375044,2.215376174766678,0.10231499987082637
4680,2.669363030902055,2.5382298060547632,0.13113322484729162
4681,2.4125826469318348,2.312293613408697,0.10028903352313767
4682,2.5946008040399615,2.4788910604978263,0.11570974354213526
4683,2.5030705961549873,2.391287546797084,0.11178304935790306
4684,2.185520728266855,2.1105081513278545,0.07501257693900065
4685,2.3551847079536863,2.2485157100903987,0.10666899786328754
4686,2.451334838927205,2.3472683698576033,0.10406646906960182
4687,2.4681154245211214,2.362028065902871,0.10608735861825025
4688,2.3451622745477523,2.237981969286823,0.10718030526092948
4689,2.4759587572314605,2.362982002995325,0.11297675423613551
4690,2.438940246209489,2.325425707203684,0.11351453900580477
4691,2.4102183874828222,2.301698636889946,0.10851975059287611
4692,2.3747041523457244,2.269325106551424,0.10537904579430046
4693,2.3753037313612504,2.2710710613716314,0.104232669989619
4694,2.4137774301020443,2.2987948801453255,0.11498254995671875
4695,2.4144486336937647,2.309836245609066,0.10461238808469853
4696,2.5751812233006874,2.45099092272911,0.12419030057157743
4697,2.30506192891913,2.208538740190444,0.09652318872868593
4698,2.3848126401065834,2.2781944949539485,0.1066181451526349
4699,2.2858247416048334,2.1933278120901525,0.09249692951468091
4700,2.562246700007894,2.4283031235350196,0.13394357647287425
4701,2.367837282117786,2.259879745612805,0.10795753650498119
4702,2.52546403803662,2.403749651321873,0.12171438671474721
4703,2.537467452857061,2.403101089512547,0.13436636334451402
4704,2.3700224633372318,2.2707986134932097,0.0992238498440221
4705,2.229929191769374,2.1412788124800564,0.08865037928931763
4706,2.353411538331622,2.2539790118803484,0.09943252645127343
4707,2.5023364037902156,2.3941295901551753,0.10820681363504026
4708,2.333259823440645,2.237762492116715,0.09549733132393001
4709,2.265473486930126,2.1753048854953736,0.09016860143475247
4710,2.4191128732051492,2.311122416050235,0.1079904571549144
4711,2.3547292533673922,2.2583599926603846,0.09636926070700769
4712,2.377343584249949,2.2743829900688723,0.10296059418107673
4713,2.4352100212252,2.3206482602432925,0.1145617609819074
4714,2.457004246919191,2.336357916692285,0.12064633022690563
4715,2.5655155861253713,2.429434317832939,0.13608126829243217
4716,2.312028262588083,2.2248819109646325,0.08714635162345052
4717,2.4210466553587837,2.3102236066777717,0.110823048681012
4718,2.6918443665851965,2.5476404558240255,0.144203910761171
4719,2.403445512864233,2.2842984470176346,0.11914706584659829
4720,2.342834108506459,2.2402768849423116,0.1025572235641472
4721,2.4123772677363413,2.296722212303912,0.11565505543242915
4722,2.336407636312494,2.2362133362366943,0.10019430007579988
4723,2.304908608681286,2.2111225993938874,0.09378600928739855
4724,2.6932842904261998,2.5503288230928125,0.14295546733338726
4725,2.415625378903401,2.292379297375256,0.12324608152814509
4726,2.405301219155668,2.287449385934915,0.11785183322075277
4727,2.499570466842935,2.3873073729118857,0.11226309393104916
4728,2.35619550666268,2.2473944284356455,0.10880107822703433
4729,2.4089075908823796,2.2960805711388574,0.11282701974352216
4730,2.4489709761740928,2.3470135230318947,0.10195745314219806
4731,2.386932016451344,2.290073866096913,0.09685815035443124
4732,2.379703087787004,2.266856974392248,0.11284611339475603
4733,2.726165501429119,2.5795264942061378,0.1466390072229813
4734,2.6626097983359824,2.5309312965018234,0.13167850183415908
4735,2.392034314064036,2.2937033117165413,0.09833100234749459
4736,2.2820511274984225,2.184622230098336,0.09742889740008653
4737,2.4381845673070446,2.3207722726249225,0.11741229468212211
4738,2.4442415139129423,2.32897492135346,0.11526659255948246
4739,2.6186554296369926,2.477861838114334,0.1407935915226588
4740,2.3540027108910913,2.2406269528400498,0.1133757580510415
4741,2.4457462149299287,2.33662168966912,0.10912452526080862
4742,2.255364513326334,2.1659721009055737,0.08939241242076035
4743,2.398189068895669,2.279445258212594,0.11874381068307516
4744,2.366459788310986,2.2538973477119595,0.11256244059902665
4745,2.617187658538774,2.4747230387830923,0.1424646197556818
4746,2.340679289248159,2.2453619276973087,0.09531736155085024
4747,2.407529274134716,2.291777500228446,0.11575177390627012
4748,2.2752240443780134,2.1911682717522663,0.08405577262574715
4749,2.3729136363042005,2.264961244593301,0.10795239171089932
4750,2.388532214581704,2.29156123196399,0.09697098261771409
4751,2.267127172071048,2.1779949594003507,0.08913221267069726
4752,2.5145920112018447,2.3871596889299225,0.12743232227192225
4753,2.41721990189993,2.307697206469566,0.10952269543036408
4754,2.3947428636587977,2.2837875241022587,0.11095533955653902
4755,2.3528735424706357,2.245044255084973,0.10782928738566255
4756,2.440012349503599,2.3225785645351102,0.11743378496848855
4757,2.2880036050540364,2.1962136982880933,0.09178990676594312
4758,2.476240394586762,2.348119712469407,0.12812068211735506
4759,2.3960574514074295,2.2857762854713606,0.11028116593606896
4760,2.3928966804972474,2.2860926463518556,0.10680403414539175
4761,2.705982489540626,2.5569577611722862,0.1490247283683397
4762,2.283253643465879,2.193472982054388,0.0897806614114911
4763,2.241948632030124,2.158700176155898,0.08324845587422613
4764,2.3130936923806082,2.220093183887258,0.09300050849335006
4765,2.3437925814546645,2.2361778314154783,0.10761475003918619
4766,2.302070379920713,2.2114839709945846,0.09058640892612857
4767,2.428304292155703,2.3103638290760795,0.11794046307962347
4768,2.778460387199178,2.62298006128084,0.15548032591833794
4769,2.2453381351633195,2.1592605702431804,0.08607756492013907
4770,2.295414720753207,2.201490438537717,0.09392428221548998
4771,2.464028260805897,2.344741829765463,0.11928643104043424
4772,2.322628337537982,2.212621767905593,0.11000656963238908
4773,2.504887595932704,2.3865904808962948,0.11829711503640938
4774,2.551450754042293,2.41506319600595,0.13638755803634295
4775,2.294629127773961,2.193599427461101,0.10102970031286018
4776,2.648649919969138,2.5201552908487797,0.12849462912035836
4777,2.4204027745476626,2.302869566740819,0.11753320780684362
4778,2.4611156738222766,2.354889454378122,0.10622621944415478
4779,2.8431043604640576,2.677215016385895,0.16588934407816236
4780,2.636182038392819,2.497651776436734,0.1385302619560851
4781,2.406584181208896,2.300301140768406,0.10628304044048997
4782,2.411907193090651,2.30674348193066,0.10516371115999101
4783,2.456256989071188,2.3310774975962985,0.12517949147488938
4784,2.32137391072902,2.2253528467614414,0.0960210639675787
4785,2.473227989332622,2.3509879745040796,0.12224001482854252
4786,2.5478163717290814,2.425027071699342,0.12278930002973931
4787,2.429814204301754,2.317577119390754,0.11223708491099993
4788,2.204413456438422,2.118850049787613,0.08556340665080908
4789,2.303478689952,2.205503912875304,0.0979747770766961
4790,2.460683820948892,2.3525198223509647,0.10816399859792725
4791,2.3925924992124834,2.2872547863154775,0.10533771289700589
4792,2.306140901322891,2.2078800164304027,0.09826088489248841
4793,2.5216901546371413,2.389482157590782,0.13220799704635944
4794,2.342050044831722,2.237143383991445,0.10490666084027689
4795,2.5043703669981445,2.3830540169600156,0.1213163500381289
4796,2.7388488242337847,2.6154405946003276,0.1234082296334571
4797,2.2953799765037655,2.20598235861653,0.08939761788723555
4798,2.672965289664151,2.5431457739693526,0.12981951569479833
4799,2.3188530266759515,2.2194071168673846,0.09944590980856693
4800,2.442429909726279,2.3240902687224696,0.11833964100380934
4801,2.3879189912904257,2.285893273616703,0.10202571767372293
4802,2.437559214549894,2.328624092373181,0.10893512217671297
4803,2.4471912387006465,2.3325780274152117,0.11461321128543478
4804,2.384160295632804,2.282287451271488,0.10187284436131616
4805,2.4165229493828737,2.3135583969841003,0.10296455239877345
4806,2.5663832856426776,2.451463682118172,0.11491960352450548
4807,2.4085168927432026,2.301691799243357,0.10682509349984537
4808,2.4912587321886903,2.3658440914980217,0.12541464069066866
4809,2.462729181356796,2.3470097454253396,0.11571943593145662
4810,2.428232731295825,2.31816720883622,0.11006552245960499
4811,2.416432344086576,2.3014627355800665,0.1149696085065095
4812,2.387089285691169,2.277736154778355,0.10935313091281396
4813,2.4406117794394118,2.3346227187828914,0.10598906065652036
4814,2.4660746197547705,2.339855519028664,0.12621910072610643
4815,2.4741056154497323,2.348135605157772,0.1259700102919603
4816,2.4060407916169044,2.293890907755277,0.1121498838616275
4817,2.5091818598711804,2.3857055065225174,0.12347635334866292
4818,2.529293453954519,2.4116228176290018,0.11767063632551711
4819,2.527889967020891,2.395616463119467,0.13227350390142378
4820,2.401703489009944,2.296727735799062,0.10497575321088215
4821,2.404526417916962,2.286492168294716,0.11803424962224618
4822,2.3416294267367586,2.2372279376096254,0.1044014891271332
4823,2.4581623327340805,2.355480116976582,0.10268221575749825
4824,2.6466968747771125,2.5140664491494307,0.1326304256276818
4825,2.4253470669574595,2.3117643706079054,0.11358269634955409
4826,2.4845160914898936,2.3635190167132247,0.12099707477666888
4827,2.20269852085692,2.1232106630410548,0.07948785781586531
4828,2.3753540872266283,2.2785719781081517,0.09678210911847662
4829,2.4479856344393167,2.337479937016966,0.11050569742235083
4830,2.3357387013919686,2.23686894426467,0.09886975712729873
4831,2.436233337444187,2.323348889678366,0.11288444776582107
4832,2.2718496479286117,2.175835826442875,0.09601382148573645
4833,2.482505061963851,2.37025560933336,0.11224945263049113
4834,2.4407730354844848,2.3227354129402733,0.11803762254421146
4835,2.5303251778562115,2.401398460757456,0.12892671709875536
4836,2.415060941466203,2.3062952537891164,0.10876568767708683
4837,2.2818979050334844,2.1904351398333555,0.09146276520012897
4838,2.3847468577347066,2.280798225330103,0.10394863240460372
4839,2.4057830389367543,2.2954701538085636,0.11031288512819071
4840,2.2841655711912527,2.187564786739847,0.09660078445140563
4841,2.5673324739726433,2.4461968579123137,0.12113561606032963
4842,2.3262763361671728,2.2309808702771297,0.09529546589004312
4843,2.458899155790886,2.3424719980560544,0.1164271577348317
4844,2.2814394962443,2.190432541022335,0.09100695522196522
4845,2.5544757185494236,2.4352225998411323,0.11925311870829125
4846,2.3708556777813055,2.266185146002178,0.10467053177912744
4847,2.596139963066143,2.4592839538073137,0.13685600925882913
4848,2.325235065356975,2.2329958480022323,0.09223921735474283
4849,2.4285341034342367,2.3151959287592123,0.11333817467502438
4850,2.3299423005498068,2.2304546676332184,0.09948763291658835
4851,2.441523297242249,2.335011953068067,0.10651134417418229
4852,2.442020860695192,2.3268892715415066,0.11513158915368527
4853,2.3554265070075364,2.249920330484095,0.1055061765234413
4854,2.4206043754648356,2.320753559686921,0.09985081577791455
4855,2.3996532766211085,2.294415990583891,0.10523728603721771
4856,2.2985206644864022,2.1957313730041395,0.10278929148226279
4857,2.649862346426424,2.5156506852861074,0.1342116611403168
4858,2.378308880721816,2.264102067106487,0.11420681361532914
4859,2.2886365982980053,2.1916098709048453,0.09702672739315998
4860,2.395893278014038,2.293990754147894,0.10190252386614418
4861,2.429050048208145,2.309655799848502,0.1193942483596433
4862,2.408316475028733,2.307368161405294,0.10094831362343903
4863,2.5570193049384145,2.4296191164499095,0.12740018848850498
4864,2.2347381752301394,2.14854892153621,0.08618925369392949
4865,2.5322359993763937,2.4030604319331648,0.1291755674432289
4866,2.390937831164299,2.281069942779875,0.10986788838442374
4867,2.3438436639816635,2.247015706486427,0.09682795749523665
4868,2.429910713513872,2.3170186039720093,0.11289210954186268
4869,2.33357879487741,2.2282317589092977,0.10534703596811212
4870,2.533762056704894,2.3933196999369573,0.1404423567679367
4871,2.540924988308324,2.415293834447383,0.12563115386094115
4872,2.446469961267316,2.3306422000612286,0.1158277612060874
4873,2.3439760892730317,2.2467302335547923,0.0972458557182394
4874,2.252994810444583,2.167586978921238,0.0854078315233453
4875,2.485646447401818,2.365341889002804,0.12030455839901366
4876,2.306429509619493,2.20914002179384,0.09728948782565272
4877,2.5403156733746046,2.4242587410507315,0.11605693232387315
4878,2.4104749624277937,2.300551998483605,0.10992296394418855
4879,2.3487919503808254,2.2483460320398536,0.10044591834097183
4880,2.5146537995320015,2.393846454181977,0.12080734535002469
4881,2.2925647772685673,2.1971656015632153,0.09539917570535206
4882,2.6972084616386165,2.5588460892409133,0.13836237239770321
4883,2.4304342878507206,2.322948535856208,0.10748575199451249
4884,2.3158113996526946,2.2149431354627507,0.10086826418994388
4885,2.318481953323211,2.2136055862392747,0.1048763670839361
4886,2.5605083966647326,2.448641216130329,0.11186718053440359
4887,2.4247448125354683,2.3096888621773557,0.11505595035811256
4888,2.3443085327726685,2.2411340196597003,0.10317451311296821
4889,2.4516236711115025,2.3371262332131093,0.11449743789839317
4890,2.371709070119485,2.261983398027714,0.10972567209177075
4891,2.565159366199724,2.4456836407156377,0.11947572548408614
4892,2.4044516657637978,2.2959066659095244,0.10854499985427335
4893,2.480024600534623,2.355767852787805,0.12425674774681816
4894,2.4217608648108166,2.3098531584096214,0.1119077064011953
4895,2.3478248933454777,2.250405081151195,0.09741981219428286
4896,2.384498548508727,2.2686482127229324,0.11585033578579473
4897,2.3328241650291237,2.2294574876735256,0.10336667735559812
4898,2.2534965883681717,2.163973262805993,0.08952332556217879
4899,2.4202998485314726,2.3080730437490957,0.1122268047823769
4900,2.3840658861245023,2.278126193143358,0.10593969298114425
4901,2.226315131375809,2.141879517438698,0.08443561393711096
4902,2.267825678214885,2.1687752270984237,0.09905045111646116
4903,2.337406544120445,2.2319927366451804,0.10541380747526441
4904,2.5360171304862082,2.4130538547758897,0.12296327571031851
4905,2.397273218525173,2.302018536391271,0.09525468213390198
4906,2.296573414407387,2.2066906111557563,0.08988280325163078
4907,2.4966045225759834,2.3868792302678368,0.10972529230814665
4908,2.3858447897385733,2.287961159500752,0.09788363023782143
4909,2.3864983585068393,2.2693857613271136,0.11711259717972577
4910,2.6473636742101285,2.5093629775696598,0.13800069664046877
4911,2.265787575109094,2.171791082485994,0.09399649262310028
4912,2.450730395351764,2.3473180060109393,0.10341238934082453
4913,2.393843070353694,2.2873296482084706,0.1065134221452233
4914,2.5517393025841115,2.4297341399707197,0.12200516261339178
4915,2.345880104636131,2.241926848324063,0.1039532563120682
4916,2.366171686782324,2.256997412081921,0.10917427470040275
4917,2.5664374613779755,2.432554950489332,0.13388251088864367
4918,2.490639341302667,2.377122148645666,0.11351719265700089
4919,2.345672998516997,2.2518310066070284,0.09384199190996867
4920,2.6733529587555758,2.5324454506370273,0.14090750811854846
4921,2.347984356363952,2.2373915174215884,0.1105928389423636
4922,2.3315893436010238,2.2231261355428877,0.10846320805813603
4923,2.5614903310601456,2.436721943472727,0.1247683875874186
4924,2.5465092500345463,2.419348639590056,0.12716061044449045
4925,2.4842067312519114,2.37396885099857,0.11023788025334147
4926,2.472398581163903,2.3518825245518724,0.12051605661203046
4927,2.5948126360454515,2.4428122419792615,0.15200039406619004
4928,2.4343792883819457,2.319569137646368,0.11481015073557765
4929,2.3115988024230187,2.20947383916469,0.10212496325832854
4930,2.4804021604402977,2.362049308879597,0.11835285156070086
4931,2.601121711142228,2.4733889374101476,0.12773277373208014
4932,2.2984350937339286,2.2044995254509434,0.09393556828298522
4933,2.8269428546648205,2.681002070341053,0.14594078432376767
4934,2.2576370744709995,2.1703702278738315,0.08726684659716799
4935,2.452303466328237,2.3388296124896453,0.11347385383859176
4936,2.758146110019124,2.620247009996893,0.13789910002223094
4937,2.3108761091395444,2.2185004908521417,0.0923756182874027
4938,2.35363232229142,2.2500473665830802,0.1035849557083397
4939,2.4353155186532334,2.31667008834456,0.11864543030867347
4940,2.3331607176641875,2.235293347179225,0.09786737048496263
4941,2.536465328923764,2.414986061984032,0.12147926693973199
4942,2.4661109575924325,2.357474673178313,0.10863628441411954
4943,2.442541760644358,2.3327305765077893,0.10981118413656876
4944,2.736823159278604,2.5925753096246935,0.14424784965391035
4945,2.3537138980385426,2.2558358775919922,0.09787802044655036
4946,2.373279534848073,2.263785430387934,0.10949410446013896
4947,2.7471705750003386,2.609145864146254,0.13802471085408463
4948,2.631583243593348,2.492438561914394,0.1391446816789541
4949,2.4617845420359643,2.344869345788242,0.11691519624772218
4950,2.447214756128666,2.3256751821327253,0.12153957399594084
4951,2.507181733544712,2.3826475805464638,0.12453415299824844
4952,2.300021649568974,2.204256898365086,0.09576475120388794
4953,2.424652731988613,2.318354040468842,0.106298691519771
4954,2.5122150954294704,2.376965000132547,0.13525009529692333
4955,2.4449600341591995,2.3190705305699226,0.12588950358927686
4956,2.3446354803018115,2.241037657850279,0.10359782245153237
4957,2.3366636161387224,2.230044667281222,0.10661894885750023
4958,2.287957695276364,2.1930609224600737,0.09489677281629039
4959,2.406163556122204,2.2872792212870534,0.1188843348351507
4960,2.4463488316967106,2.321297028640566,0.12505180305614472
4961,2.264357466725233,2.172946622978142,0.09141084374709108
4962,2.584515504939332,2.4587278889868824,0.12578761595244936
4963,2.4643849238834017,2.3395131185247258,0.12487180535867592
4964,2.58076101697439,2.4480525487404203,0.13270846823396987
4965,2.499254978115175,2.3882899873238235,0.11096499079135169
4966,2.291491076151364,2.2021981826841124,0.08929289346725167
4967,2.4119473075227376,2.3106936229474466,0.10125368457529094
4968,2.3836141556476336,2.2786328265979807,0.10498132904965285
4969,2.4439253081842565,2.3400304717468194,0.10389483643743702
4970,2.416514670755469,2.307655297065553,0.10885937368991616
4971,2.358921363504085,2.2643566910443833,0.09456467245970179
4972,2.282053423970061,2.1881559934688886,0.09389743050117261
4973,2.4388051254160747,2.3175387073575475,0.12126641805852723
4974,2.579900653321229,2.465629255719305,0.11427139760192384
4975,2.2667976888672627,2.1762416882236133,0.09055600064364944
4976,2.6375941337470543,2.512257455555556,0.1253366781914984
4977,2.3343816107799715,2.235105351221653,0.09927625955831854
4978,2.2425392875917116,2.154574535144485,0.08796475244722668
4979,2.300282830003162,2.200932774700993,0.0993500553021689
4980,2.50165843853965,2.371797215136918,0.12986122340273187
4981,2.768213220615417,2.616442260363978,0.15177096025143877
4982,2.475190133741324,2.3441418884747374,0.13104824526658643
4983,2.3204592459214086,2.223132158034746,0.09732708788666278
4984,2.344250889634168,2.2400211664941594,0.10422972314000845
4985,2.3763442615952712,2.281456857006349,0.09488740458892231
4986,2.6318502022185526,2.505001418379103,0.12684878383944964
4987,2.5065501771007326,2.378142895466755,0.12840728163397763
4988,2.668123440407642,2.522755108585299,0.14536833182234288
4989,2.511357579721365,2.396713647591015,0.11464393213034985
4990,2.5392810035245295,2.426134768767105,0.11314623475742458
4991,2.47319567870681,2.3584825756163594,0.11471310309045046
4992,2.398103041431034,2.2776385309347424,0.12046451049629159
4993,2.2278700636058653,2.1472375758905367,0.0806324877153286
4994,2.58956620386779,2.4624897260604994,0.12707647780729037
4995,2.463627491622664,2.342655478522159,0.1209720131005052
4996,2.458810436074777,2.350734220470998,0.10807621560377889
4997,2.3855208458040345,2.281445517843439,0.10407532796059549
4998,2.3394660856995366,2.2410587763481966,0.09840730935134001
4999,2.591774994922352,2.444846122487398,0.146928872434954
5000,2.3495824027270307,2.2539401188263386,0.09564228390069207
5001,2.2967003573568365,2.207025394469676,0.0896749628871607
5002,2.4571368389963704,2.3418028753741162,0.11533396362225412
5003,2.3916766941770593,2.2814359323873723,0.110240761789687
5004,2.3686128935604316,2.27193827574646,0.09667461781397169
5005,2.4831379321616502,2.3641521058234445,0.11898582633820576
5006,2.4090329983509218,2.3049822002921787,0.10405079805874307
5007,2.3803811420267547,2.268230667207224,0.11215047481953055
5008,2.2332374506337866,2.146903910412596,0.08633354022119066
5009,2.5446796489303174,2.413357825342773,0.13132182358754418
5010,2.5952142074634406,2.4649189859054426,0.130295221557998
5011,2.400568124428229,2.2933469794705967,0.10722114495763213
5012,2.3602493266794458,2.264864518275841,0.09538480840360464
5013,2.3240993441561715,2.2244120369060245,0.09968730725014696
5014,2.575039679079535,2.4415831043518734,0.1334565747276617
5015,2.4799876055818117,2.362226583218741,0.11776102236307073
5016,2.5270431359062893,2.411714816817064,0.11532831908922514
5017,2.5707383240281754,2.4320006839229746,0.13873764010520073
5018,2.4033930682180213,2.3016600396446303,0.10173302857339106
5019,2.305579715689051,2.208216908671259,0.0973628070177921
5020,2.4950221725685267,2.3702612708106052,0.12476090175792143
5021,2.3596888470734423,2.258519178005686,0.10116966906775637
5022,2.4942566364661127,2.3732200628627935,0.12103657360331921
5023,2.270201219980971,2.1771012672904058,0.09309995269056515
5024,2.341204166005341,2.2420665003385016,0.09913766566683924
5025,2.6882930032032486,2.5365426311156054,0.1517503720876432
5026,2.435015267339975,2.3259139599177936,0.10910130742218138
5027,2.460397155531503,2.336813136881984,0.12358401864951896
5028,2.4224092957095373,2.3241168944137596,0.09829240129577776
5029,2.46013073124665,2.3417113864662182,0.11841934478043159
5030,2.384226583769289,2.2741907538666233,0.11003582990266558
5031,2.5677751897817807,2.4433784008949053,0.12439678888687533
5032,2.3040640518384485,2.2168297427239083,0.08723430911454022
5033,2.5734228445622707,2.435738809184463,0.1376840353778075
5034,2.3857996884296253,2.2783292692083914,0.1074704192212339
5035,2.261628402580451,2.176338891612915,0.08528951096753623
5036,2.513272920896703,2.394364462616527,0.11890845828017627
5037,2.520145254604305,2.3924975126878536,0.12764774191645145
5038,2.2379084455048788,2.150032565092047,0.0878758804128319
5039,2.236418731432801,2.149669562404773,0.0867491690280282
5040,2.447136522609719,2.339090175304419,0.10804634730529994
5041,2.3411342958272248,2.236528911239349,0.1046053845878756
5042,2.560471028296226,2.4280827565885317,0.1323882717076943
5043,2.7931198307309932,2.6584453621283943,0.1346744686025989
5044,2.322143445496501,2.221327876923309,0.10081556857319196
5045,2.3050746140591056,2.2129318370630107,0.09214277699609497
5046,2.3443133467789106,2.24028713496337,0.10402621181554039
5047,2.344827055312583,2.2512133836077273,0.09361367170485568
5048,2.4950524429767893,2.3691112770808544,0.12594116589593485
5049,2.327609744710834,2.23111621518277,0.09649352952806423
5050,2.3538374484825924,2.2531140691779945,0.10072337930459785
5051,2.2985905623123526,2.2054918488271285,0.09309871348522414
5052,2.3489364225794644,2.244369464475425,0.10456695810403938
5053,2.5000978055790406,2.369746685195923,0.1303511203831178
5054,2.3469624983684656,2.2460103351645806,0.100952163203885
5055,2.5438861075718227,2.413970065920935,0.12991604165088777
5056,2.266088350174731,2.170990469301901,0.09509788087282978
5057,2.389536745718533,2.284189258135267,0.10534748758326584
5058,2.558394560701093,2.429010840947869,0.12938371975322394
5059,2.527202899461382,2.3912586009330745,0.1359442985283077
5060,2.235210427632152,2.1497093967882086,0.08550103084394323
5061,2.448246631314636,2.3333398488580697,0.11490678245656616
5062,2.3908757171048602,2.2950132161011947,0.09586250100366556
5063,2.285956848960067,2.190202519781269,0.09575432917879789
5064,2.6676538670310666,2.5323508510064445,0.13530301602462202
5065,2.400909220939774,2.298544684048793,0.10236453689098113
5066,2.4933287417218737,2.382732247660602,0.11059649406127159
5067,2.365704184704787,2.2590617777634994,0.10664240694128768
5068,2.527838388373161,2.3987250563353104,0.1291133320378508
5069,2.408666235523397,2.302274897317008,0.10639133820638902
5070,2.384603310293683,2.266737191564273,0.11786611872941011
5071,2.4117644912542517,2.3070971279305104,0.10466736332374138
5072,2.460504987104865,2.3322865232025047,0.12821846390236047
5073,2.303962003970999,2.2023565382574035,0.10160546571359541
5074,2.3671717946030726,2.2695085164492217,0.0976632781538509
5075,2.425290762941246,2.306171866459905,0.119118896481341
5076,2.304617368229549,2.209641798404993,0.0949755698245558
5077,2.389671274363288,2.276295082370825,0.11337619199246296
5078,2.616190716893978,2.46790510932202,0.14828560757195808
5079,2.23614918687664,2.1457843020667045,0.09036488480993565
5080,2.538823078813095,2.3969532047884714,0.1418698740246236
5081,2.451942678363411,2.3331734364516503,0.11876924191176075
5082,2.51924315117072,2.3875917648934473,0.13165138627727258
5083,2.4528557898417818,2.3393299847816507,0.1135258050601311
5084,2.5025928426083652,2.3696223471366356,0.13297049547172968
5085,2.5288016713548283,2.4121086945961925,0.11669297675863577
5086,2.498266577293549,2.3755871259120895,0.12267945138145953
5087,2.3691616895074925,2.259976281508963,0.10918540799852972
5088,2.4618267429686638,2.3447020237608345,0.1171247192078293
5089,2.518925539061357,2.386294976750991,0.13263056231036607
5090,2.53716132309569,2.40465162594772,0.13250969714796978
5091,2.278989982901151,2.19542382472636,0.08356615817479085
5092,2.547945845976254,2.4352392473772055,0.1127065985990483
5093,2.566779702618945,2.4236257787611404,0.1431539238578048
5094,2.3915853230923543,2.2886401301421486,0.10294519295020566
5095,2.55150818642411,2.423186410677822,0.12832177574628822
5096,2.5506261713460594,2.41032714625469,0.1402990250913696
5097,2.3921286183601556,2.275622001795073,0.11650661656508277
5098,2.380764141879649,2.2761853111551567,0.10457883072449237
5099,2.3155797735391483,2.2245763970992045,0.09100337643994383
5100,2.2630879278510863,2.173291127883097,0.0897967999679894
5101,2.411938278090097,2.293359517448057,0.11857876064203987
5102,2.312473056157232,2.216426752326069,0.0960463038311632
5103,2.3773278719631152,2.273424130122122,0.10390374184099338
5104,2.417136182768053,2.2991960570495986,0.11794012571845425
5105,2.574804514665081,2.4477789039382913,0.12702561072678975
5106,2.4475620735027204,2.337978640406685,0.10958343309603524
5107,2.464102305130975,2.344857017849862,0.11924528728111339
5108,2.4011018924340966,2.2911026239159247,0.10999926851817188
5109,2.3635794000357753,2.265757441702916,0.09782195833285945
5110,2.319299328670001,2.2268613491156333,0.09243797955436772
5111,2.252489081005699,2.173306295278107,0.07918278572759174
5112,2.3021030194304966,2.209971706432609,0.09213131299788735
5113,2.3618266316157603,2.250961073173438,0.11086555844232215
5114,2.300990107374437,2.200755455928617,0.10023465144581989
5115,2.4897495511804,2.366590772141695,0.1231587790387052
5116,2.463857597756464,2.3483202693256846,0.11553732843077924
5117,2.4323038430725665,2.325453740984648,0.10685010208791867
5118,2.4565834369183612,2.3402093307525402,0.116374106165821
5119,2.5333241435327536,2.417105154541483,0.11621898899127059
5120,2.3996572767350473,2.2802612064947914,0.11939607024025589
5121,2.5452687848606117,2.4246493254746384,0.1206194593859733
5122,2.362521402865198,2.265724417689881,0.09679698517531721
5123,2.3181512195934126,2.2145932449593593,0.10355797463405336
5124,2.3594444832927555,2.2540715949926335,0.10537288830012193
5125,2.4435891271596346,2.3225710552350707,0.12101807192456393
5126,2.316958049836918,2.2198293293543205,0.09712872048259769
5127,2.509495625773517,2.3865217903325293,0.1229738354409875
5128,2.5863178838915264,2.4639239188085225,0.12239396508300393
5129,2.3730655744235567,2.2704335911445086,0.1026319832790481
5130,2.4414205169023755,2.323131201928555,0.11828931497382067
5131,2.4766944550490915,2.365695361273297,0.11099909377579431
5132,2.40290710705281,2.2884861291177527,0.11442097793505734
5133,2.5745738050574776,2.460772221055691,0.11380158400178653
5134,2.742906377263197,2.615561250591877,0.12734512667132014
5135,2.429213851419886,2.309999428968301,0.1192144224515852
5136,2.66122425378469,2.5346177428939325,0.12660651089075747
5137,2.542213710251776,2.424392137487293,0.11782157276448268
5138,2.5730094256302602,2.4589914429761244,0.11401798265413587
5139,2.452596319497799,2.3265612404662965,0.12603507903150257
5140,2.322195101609048,2.226633236409313,0.09556186519973497
5141,2.467244255421547,2.350752588131187,0.1164916672903602
5142,2.4796317725047556,2.3658549209381565,0.11377685156659911
5143,2.262864297438791,2.1729107886278074,0.08995350881098352
5144,2.4556220615680746,2.3205588872519742,0.13506317431610038
5145,2.4384707248269946,2.327235116722611,0.11123560810438349
5146,2.4761758748572094,2.34358971586661,0.13258615899059922
5147,2.3328055171602773,2.2438250284841272,0.08898048867615005
5148,2.2840397985121874,2.1925980189286136,0.0914417795835738
5149,2.3626159162470923,2.254235190583026,0.10838072566406654
5150,2.252716830051153,2.160755328967826,0.09196150108332724
5151,2.595679783367929,2.460202717852546,0.13547706551538274
5152,2.4428423912040693,2.331539027049675,0.11130336415439412
5153,2.409213892457818,2.296568926197961,0.11264496625985698
5154,2.3175990780174427,2.220596320222368,0.0970027577950745
5155,2.4995433417746113,2.3824294791775777,0.1171138625970336
5156,2.426773006532196,2.312266150343237,0.11450685618895884
5157,2.368728707185895,2.268360111886259,0.10036859529963627
5158,2.3229736740637668,2.2230726740243627,0.09990100003940405
5159,2.4767274162349615,2.357410602493503,0.11931681374145864
5160,2.686376846874853,2.5661266525199333,0.12025019435491968
5161,2.461045467507312,2.350981219501383,0.11006424800592907
5162,2.3363746061788673,2.2280100410420953,0.10836456513677195
5163,2.4224558123458713,2.3048741699568316,0.11758164238903968
5164,2.6205932070741333,2.4802039304707746,0.14038927660335876
5165,2.519929377749199,2.391139866825632,0.12878951092356683
5166,2.4010596582691264,2.2985818586599502,0.10247779960917613
5167,2.4737073474890194,2.3490623952474796,0.12464495224153982
5168,2.6871700399069893,2.5484768735904324,0.13869316631655693
5169,2.4447617588168318,2.3216089041371903,0.12315285467964143
5170,2.463895093864512,2.3424523721879007,0.12144272167661141
5171,2.4563277271411907,2.3255913373037953,0.13073638983739544
5172,2.6143527661512835,2.486553251967126,0.12779951418415747
5173,2.3876803872995964,2.2799487276525845,0.10773165964701192
5174,2.5008532115854236,2.3594074306655273,0.14144578091989635
5175,2.601034057675387,2.459115884237472,0.14191817343791513
5176,2.3959959528532213,2.2860060630002144,0.10998988985300695
5177,2.3239426524364935,2.226365045138259,0.09757760729823461
5178,2.440538818446524,2.3140441499640807,0.12649466848244328
5179,2.6212785448298557,2.4880381890191914,0.1332403558106643
5180,2.548730369526414,2.4216446015046316,0.12708576802178229
5181,2.4070740817683545,2.294324262501582,0.11274981926677263
5182,2.4945896809460084,2.375880781254955,0.11870889969105347
5183,2.2578812903112735,2.1687961383870347,0.08908515192423883
5184,2.2777217758631507,2.185418996741289,0.0923027791218618
5185,2.5470669631357663,2.4396852934031386,0.10738166973262775
5186,2.4229479531910303,2.304241220234867,0.1187067329561633
5187,2.374983274928219,2.2615392567887294,0.11344401813948979
5188,2.3012641347375324,2.197647253334569,0.10361688140296366
5189,2.6534959402220544,2.5100183407039913,0.14347759951806305
5190,2.346383508178137,2.235937311236252,0.11044619694188462
5191,2.509991463032437,2.393537260805899,0.11645420222653824
5192,2.336196717086701,2.2295108962334313,0.1066858208532695
5193,2.5655289076840653,2.444832563350448,0.12069634433361731
5194,2.5126282494777716,2.3820695127480924,0.13055873672967921
5195,2.430969450948076,2.308172732159989,0.12279671878808696
5196,2.4345905956551053,2.306466101710455,0.1281244939446502
5197,2.442875576692305,2.324190516619583,0.11868506007272206
5198,2.3593731700977134,2.2483576920381774,0.11101547805953604
5199,2.46342296383504,2.3445396309214472,0.11888333291359254
5200,2.4752192534486315,2.343763053285091,0.13145620016354043
5201,2.4482262547959364,2.33860060124309,0.10962565355284637
5202,2.669816450698671,2.520246728859076,0.14956972183959483
5203,2.418251569661005,2.3001667342558765,0.11808483540512871
5204,2.5221419384091606,2.4019708255621364,0.1201711128470242
5205,2.524814516545741,2.3998871252693355,0.12492739127640551
5206,2.572267926231589,2.4468418662298403,0.1254260600017485
5207,2.6411721026046915,2.507086843162324,0.13408525944236738
5208,2.41000256445867,2.296874540942229,0.11312802351644091
5209,2.487046294607839,2.3718977738613347,0.11514852074650417
5210,2.45384661741468,2.3385728141901208,0.11527380322455905
5211,2.54373356469768,2.409379167217929,0.13435439747975098
5212,2.5570905693503696,2.4125910996466278,0.14449946970374183
5213,2.3695050270849327,2.2604930873916413,0.10901193969329137
5214,2.4830745342583356,2.3700433112498076,0.11303122300852797
5215,2.517337883498807,2.3896931552782683,0.12764472822053863
5216,2.399726620573415,2.293819752686189,0.10590686788722614
5217,2.466184320550541,2.348736393792853,0.11744792675768778
5218,2.5076421587901674,2.3909238351123743,0.11671832367779311
5219,2.7201257981491462,2.5914576833787506,0.12866811477039564
5220,2.589428607705583,2.452286768872528,0.1371418388330552
5221,2.6279551795580147,2.4827265423994875,0.14522863715852719
5222,2.563739950204295,2.4341057177427707,0.12963423246152406
5223,2.519085861662703,2.394430001960797,0.12465585970190585
5224,2.2820789031810564,2.181370729094111,0.10070817408694532
5225,2.4249167599526325,2.3145854375931894,0.1103313223594431
5226,2.3960392878910817,2.2878387483477716,0.1082005395433101
5227,2.515942898393726,2.3949630208312787,0.12097987756244732
5228,2.3806986414726574,2.2784426159801727,0.10225602549248469
5229,2.3318776549881752,2.2422911871971327,0.08958646779104251
5230,2.3473080995373152,2.2447192134285663,0.10258888610874894
5231,2.4558147534857606,2.3284982761357007,0.1273164773500599
5232,2.450921774693741,2.320079704256407,0.13084207043733365
5233,2.4413481938416464,2.3306152916103255,0.11073290223132082
5234,2.3233989554819066,2.2294566373814027,0.09394231810050391
5235,2.450404920839167,2.3367154130382306,0.11368950780093634
5236,2.30130046393158,2.2091699192539345,0.0921305446776457
5237,2.2824321060214854,2.191681300425315,0.09075080559617055
5238,2.3959205435933324,2.287353908482598,0.10856663511073439
5239,2.4190980935462822,2.2992806398904673,0.11981745365581498
5240,2.3853517125433474,2.2722960190043824,0.11305569353896505
5241,2.4584940324434843,2.3439356397647253,0.114558392678759
5242,2.477802333428728,2.3654329886590992,0.11236934476962857
5243,2.498787061171735,2.380097030044298,0.11869003112743703
5244,2.281070448661638,2.1822670208638146,0.09880342779782358
5245,2.4177931035193687,2.3052291242645047,0.11256397925486405
5246,2.412080307276163,2.2998781670817965,0.1122021401943667
5247,2.5334670688833345,2.4134830227644684,0.11998404611886615
5248,2.5370396308069614,2.3986083458815513,0.13843128492541013
5249,2.4283022082896166,2.3233059307670745,0.10499627752254215
5250,2.348418923445539,2.251826089423982,0.09659283402155694
5251,2.4868375531413403,2.368484399714186,0.11835315342715447
5252,2.4703730341973835,2.356472718776737,0.1139003154206466
5253,2.368219481578265,2.2637767777618967,0.10444270381636844
5254,2.4278261231236837,2.3112134987154525,0.11661262440823128
5255,2.5043646238525614,2.390065873251274,0.11429875060128758
5256,2.2533496932844157,2.1626670673892336,0.09068262589518206
5257,2.7235413129509563,2.5976359203185884,0.12590539263236789
5258,2.6788086837242306,2.535328281030353,0.14348040269387763
5259,2.4191767709652483,2.3107258830032555,0.10845088796199276
5260,2.43185525547357,2.3067190426787563,0.12513621279481368
5261,2.454073725532442,2.345275476830963,0.1087982487014787
5262,2.6410722586474495,2.502029691019834,0.13904256762761547
5263,2.393240717991434,2.282888688962063,0.11035202902937069
5264,2.3124434252222485,2.2094139327796185,0.10302949244263004
5265,2.430918836895469,2.3158196506370055,0.1150991862584636
5266,2.6763660922751042,2.5362053281843955,0.14016076409070877
5267,2.5808552583041666,2.457231492322366,0.12362376598180047
5268,2.4999062469675577,2.382322550669782,0.11758369629777565
5269,2.7662314361456266,2.6153380192149642,0.15089341693066238
5270,2.4040419494486187,2.2978170246331726,0.1062249248154461
5271,2.4376284364342613,2.334962784142208,0.10266565229205327
5272,2.401320212307022,2.294192177442538,0.10712803486448408
5273,2.4086041021831583,2.29945901676104,0.10914508542211854
5274,2.310743943493379,2.218614956336676,0.09212898715670281
5275,2.423434328981105,2.3121621640227925,0.11127216495831238
5276,2.451704771969773,2.3350975101573965,0.11660726181237635
5277,2.324272371522978,2.2250745011404507,0.09919787038252714
5278,2.4306392889012614,2.3150220078004518,0.1156172811008096
5279,2.453078776379188,2.3395408436597007,0.11353793271948742
5280,2.4696700563132814,2.3489130746203877,0.12075698169289373
5281,2.4969252137776574,2.371605243765947,0.12531997001171025
5282,2.4841572708207322,2.3632851521098583,0.12087211871087389
5283,2.4910810867071653,2.3623391688843203,0.12874191782284505
5284,2.275640838535982,2.182363093677625,0.09327774485835727
5285,2.5227880277220307,2.387796710745698,0.1349913169763326
5286,2.6189045560827267,2.481903471073942,0.1370010850087846
5287,2.748372048523491,2.608128674228199,0.140243374295292
5288,2.4246892290231785,2.3115254553681326,0.11316377365504593
5289,2.525494608264198,2.399003062480997,0.126491545783201
5290,2.489048773257695,2.373377020947357,0.11567175231033833
5291,2.3489715901266988,2.2377158442105753,0.11125574591612342
5292,2.6077562149200997,2.4789998070236776,0.12875640789642206
5293,2.3168948727099883,2.2155788797316007,0.10131599297838756
5294,2.498766131166181,2.3812677867147802,0.11749834445140062
5295,2.246242322170136,2.1536465854261184,0.09259573674401755
5296,2.3692868578578783,2.25895761229797,0.11032924555990808
5297,2.439824279177906,2.324833959027964,0.11499032014994182
5298,2.401639678532401,2.298222148498548,0.10341753003385268
5299,2.3910184892423008,2.289551914888856,0.10146657435344464
5300,2.4728517084357833,2.348397090724127,0.12445461771165611
5301,2.802231481923872,2.6533714314310055,0.14886005049286632
5302,2.2831154804694562,2.185046463384759,0.0980690170846974
5303,2.3971519668119163,2.2803707349850515,0.11678123182686484
5304,2.471265269272978,2.3583090864076794,0.11295618286529852
5305,2.371053817365738,2.259123372868166,0.11193044449757217
5306,2.566700461930933,2.436052046895381,0.13064841503555202
5307,2.649915586247462,2.526468403893381,0.12344718235408125
5308,2.365463865811736,2.2632761554988803,0.1021877103128559
5309,2.538048377187664,2.3985924032839105,0.13945597390375353
5310,2.2294956801965213,2.1433782458345267,0.0861174343619946
5311,2.2461252623656716,2.158985868647109,0.08713939371856272
5312,2.8184958049664726,2.67210857616426,0.14638722880221255
5313,2.4063181034478793,2.296113187399709,0.11020491604817018
5314,2.4034752384825073,2.2967182002568816,0.10675703822562577
5315,2.5292067307211807,2.413956162705958,0.11525056801522293
5316,2.3632970739723103,2.262307553471886,0.10098952050042431
5317,2.593036632474571,2.457216935081818,0.135819697392753
5318,2.3751906347948153,2.263920262708323,0.11127037208649249
5319,2.585247242254955,2.4600772628139946,0.12516997944096042
5320,2.273766380102317,2.1869246611504547,0.08684171895186221
5321,2.5135631201546893,2.3854012110756218,0.12816190907906755
5322,2.5150834209504436,2.3789050618744314,0.13617835907601217
5323,2.309301901171625,2.213920564025546,0.09538133714607877
5324,2.4005817299069476,2.291037324737341,0.10954440516960684
5325,2.433127971289369,2.3151969338790885,0.11793103741028066
5326,2.4031623745720503,2.307636010949235,0.09552636362281541
5327,2.5737164485370148,2.432139412182006,0.14157703635500862
5328,2.471156679224511,2.359716267956149,0.11144041126836202
5329,2.4803540123905425,2.3624650774252127,0.11788893496532982
5330,2.731416633810477,2.5884366652326003,0.14297996857787654
5331,2.7254876990613073,2.5707395684941066,0.15474813056720071
5332,2.5249227387008566,2.40076778698953,0.12415495171132651
5333,2.2944654930774773,2.2009677677599875,0.09349772531748979
5334,2.263020515306531,2.171976516722597,0.09104399858393375
5335,2.5978064903421556,2.4759156633463104,0.12189082699584519
5336,2.440115346619124,2.3244546484048834,0.11566069821424074
5337,2.4221949747529554,2.307860057484827,0.1143349172681285
5338,2.3217097000309086,2.2260684192984233,0.09564128073248535
5339,2.7258306993894097,2.5908512419264365,0.13497945746297324
5340,2.4499291511319274,2.3325967453481526,0.1173324057837748
5341,2.2877446297430266,2.191719410449801,0.09602521929322583
5342,2.4073935366148804,2.29191149346155,0.11548204315333033
5343,2.4065138084803723,2.2992398429917253,0.10727396548864698
5344,2.6057582337624976,2.4638551734135734,0.1419030603489242
5345,2.486695376916658,2.3678275199320633,0.11886785698459468
5346,2.363150060078075,2.264787989324801,0.09836207075327419
5347,2.4961167158677022,2.377001439391583,0.11911527647611919
5348,2.498263348229246,2.36946639818666,0.12879695004258584
5349,2.3772401966639696,2.2718066146822236,0.10543358198174602
5350,2.2813394451649507,2.188192116771538,0.09314732839341255
5351,2.4647161989334707,2.3403800793527942,0.12433611958067647
5352,2.6613853413644177,2.5350629230463593,0.12632241831805846
5353,2.401391573929587,2.288411768262722,0.11297980566686494
5354,2.4333858550727694,2.3217692580444442,0.11161659702832516
5355,2.4044024417790424,2.3027643432062743,0.10163809857276807
5356,2.4187319502524858,2.3041333185465156,0.11459863170597018
5357,2.4003681385195064,2.297324363489965,0.10304377502954143
5358,2.2890936108176185,2.1991912683347197,0.08990234248289886
5359,2.293283172890705,2.2021127040348256,0.09117046885587943
5360,2.4004190221606647,2.2880997960403167,0.11231922612034806
5361,2.679041327123407,2.544704694895605,0.1343366322278019
5362,2.4523972081525276,2.3403064376088882,0.11209077054363936
5363,2.5539798421122795,2.4154036695227106,0.1385761725895689
5364,2.580089271978561,2.4493967033565145,0.1306925686220466
5365,2.64752181336242,2.5190607497748947,0.12846106358752518
5366,2.3205437705084724,2.222693798328253,0.09784997218021951
5367,2.474232731976623,2.3656498874220033,0.10858284455461975
5368,2.3526666129383496,2.253977815057093,0.09868879788125673
5369,2.5021315765298517,2.380274538248424,0.12185703828142769
5370,2.31245201286027,2.2275464251182413,0.08490558774202883
5371,2.2265007619874804,2.141410393466138,0.08509036852134244
5372,2.292408335390909,2.194963101787474,0.09744523360343482
5373,2.451350533538955,2.3405232758673593,0.11082725767159562
5374,2.4288278190291863,2.3292758351106855,0.09955198391850084
5375,2.413522937277607,2.2966944161873952,0.1168285210902118
5376,2.3043570960017816,2.206007530263444,0.09834956573833775
5377,2.4144716710714103,2.304078843222671,0.11039282784873938
5378,2.2206152165508164,2.135643589482064,0.08497162706875239
5379,2.325148457254879,2.224161274899605,0.10098718235527393
5380,2.4907991907208515,2.3706089173654923,0.12019027335535926
5381,2.422312824439448,2.3006206941585803,0.12169213028086778
5382,2.4953211700428763,2.384919036016119,0.11040213402675736
5383,2.2578506810329304,2.166202861769348,0.09164781926358234
5384,2.4042956606306216,2.2947651310514745,0.1095305295791471
5385,2.3563058407648287,2.258086534922115,0.09821930584271366
5386,2.400749653281608,2.2932032075467785,0.10754644573482963
5387,2.39317244083201,2.2835717468009653,0.10960069403104455
5388,2.6496691678987068,2.535551735273758,0.11411743262494856
5389,2.5343478721353274,2.3964191386498475,0.13792873348547996
5390,2.443934174293922,2.3245579685820195,0.11937620571190255
5391,2.5863635364975646,2.457848465635622,0.1285150708619427
5392,2.467282736271062,2.340344143469093,0.12693859280196884
5393,2.407163723423448,2.297347469468975,0.10981625395447292
5394,2.63823497396919,2.5121664242592945,0.12606854970989545
5395,2.581300013554283,2.464999479368726,0.11630053418555697
5396,2.563599280892813,2.4378312109766958,0.12576806991611722
5397,2.4534340795185554,2.335777467425438,0.11765661209311729
5398,2.334196590719976,2.237333762230844,0.09686282848913219
5399,2.449472905823331,2.337944073494879,0.11152883232845223
5400,2.5446927629767853,2.4294195564216636,0.11527320655512163
5401,2.640730268782814,2.496626782613687,0.1441034861691266
5402,2.5947521534746385,2.4552108281291227,0.13954132534551578
5403,2.5127521394926124,2.391091023041784,0.12166111645082855
5404,2.5105809353063377,2.387509739068936,0.12307119623740181
5405,2.401543359961684,2.288235589043008,0.11330777091867628
5406,2.343345581065596,2.237258483493397,0.10608709757219881
5407,2.3814680105678683,2.2697077128236205,0.11176029774424778
5408,2.4126802094574593,2.3032739645678237,0.10940624488963557
5409,2.458696914097133,2.3353384019284693,0.12335851216866356
5410,2.4728106879695,2.366813455148533,0.10599723282096685
5411,2.301794241541982,2.199314944599926,0.10247929694205604
5412,2.2782093591473034,2.1820566521138383,0.09615270703346512
5413,2.216574122427003,2.132329121069402,0.08424500135760082
5414,2.387016887199926,2.2762250175790415,0.1107918696208845
5415,2.571005236674582,2.434988316041099,0.13601692063348292
5416,2.367157061135056,2.2715288435551133,0.09562821757994255
5417,2.621530427772482,2.4888942969913534,0.13263613078112835
5418,2.377835726600825,2.267760103091689,0.11007562350913602
5419,2.525117807917186,2.4031181234805032,0.12199968443668263
5420,2.4561555753075455,2.338726567559142,0.11742900774840326
5421,2.481005375317114,2.3590812181475593,0.12192415716955463
5422,2.572932945531233,2.4382442283165107,0.13468871721472242
5423,2.3865507642777377,2.2760737057064437,0.11047705857129397
5424,2.6907537129846992,2.552128513086113,0.13862519989858635
5425,2.2745033314828853,2.183893778208035,0.0906095532748501
5426,2.2830761475086536,2.1919949414833133,0.09108120602534031
5427,2.420820218332492,2.3145753387813373,0.1062448795511548
5428,2.483510670293625,2.3697874272156363,0.11372324307798864
5429,2.381409040043795,2.2685524399388983,0.11285660010489673
5430,2.3525934040627208,2.2478602098455074,0.10473319421721339
5431,2.662677757217734,2.533024365519517,0.12965339169821677
5432,2.4460490587467687,2.3323699762211865,0.11367908252558223
5433,2.3275842139021883,2.2300896119624634,0.09749460193972492
5434,2.4698849159551965,2.3522853366268994,0.11759957932829712
5435,2.3158217617210095,2.2172709161555852,0.09855084556542426
5436,2.3490221892866785,2.2490404847207848,0.09998170456589373
5437,2.399180038586021,2.291752989823233,0.10742704876278797
5438,2.365616961115495,2.261580797897388,0.10403616321810683
5439,2.3207262496766328,2.219359341094352,0.10136690858228059
5440,2.3200049693261535,2.22338984696833,0.09661512235782332
5441,2.4835774080226707,2.3583682134925312,0.12520919453013946
5442,2.458480223334741,2.346123034879843,0.11235718845489817
5443,2.4694485769080643,2.3643127507931663,0.10513582611489802
5444,2.603105442410257,2.4737631361801737,0.12934230623008336
5445,2.349201571161312,2.2448515982898964,0.10434997287141545
5446,2.4383917484243276,2.311197207846383,0.12719454057794444
5447,2.2841369896401194,2.186627881801172,0.09750910783894717
5448,2.3951315827511457,2.28937978628568,0.10575179646546573
5449,2.35447858528173,2.2531932179438194,0.1012853673379106
5450,2.450884005526351,2.347961315772417,0.10292268975393437
5451,2.3719765006256472,2.2764716425996743,0.09550485802597297
5452,2.3637647799663113,2.259753481909134,0.10401129805717746
5453,2.370948775375123,2.263395971431291,0.10755280394383204
5454,2.3202779130731135,2.2263644120141626,0.09391350105895091
5455,2.411378446079192,2.29886366588503,0.11251478019416172
5456,2.261808106910986,2.1649126173083673,0.09689548960261885
5457,2.5729548009050762,2.4529327638893057,0.12002203701577052
5458,2.551736014900466,2.426943435344221,0.12479257955624501
5459,2.5015514017290976,2.3895320774319493,0.11201932429714834
5460,2.3902617690746655,2.2753341313416993,0.11492763773296621
5461,2.312444414247226,2.2165511949322383,0.09589321931498773
5462,2.4460238443462967,2.327678721776984,0.11834512256931262
5463,2.4054974797239477,2.2929955626372034,0.11250191708674429
5464,2.2626669121420515,2.1678081334218584,0.0948587787201931
5465,2.3943176735536813,2.2914650014142,0.10285267213948135
5466,2.5589388762050116,2.4248501486105125,0.13408872759449908
5467,2.317385350805864,2.2241942456428814,0.09319110516298279
5468,2.554317294016465,2.4222909695155046,0.13202632450096052
5469,2.4923314225892286,2.368644633919934,0.1236867886692945
5470,2.3720963310214964,2.272699278840667,0.09939705218082961
5471,2.343957647964324,2.2364065684412693,0.10755107952305476
5472,2.3857406855572867,2.2818845161080845,0.10385616944920217
5473,2.4990849492968357,2.3778217840700533,0.12126316522678238
5474,2.294430020486524,2.198355039752226,0.09607498073429799
5475,2.4189557115299376,2.2977347320840655,0.12122097944587207
5476,2.4984534805433496,2.367088680671984,0.13136479987136562
5477,2.3308111696050537,2.233445990947702,0.09736517865735195
5478,2.3769020194071135,2.26098497843583,0.11591704097128375
5479,2.511767350964955,2.395284373499561,0.11648297746539438
5480,2.2068960346689477,2.1259912118470576,0.08090482282189004
5481,2.6792464263394304,2.5404097961775447,0.13883663016188574
5482,2.2704630397159002,2.1782527115512207,0.09221032816467956
5483,2.3223846070774883,2.2259930792381257,0.09639152783936256
5484,2.6156955326287723,2.475316688582734,0.1403788440460385
5485,2.5555804724792934,2.4293757708425465,0.1262047016367469
5486,2.330608576774195,2.2340265449149515,0.09658203185924341
5487,2.3901155012244946,2.279128791922626,0.11098670930186838
5488,2.3231374948788437,2.2212235207639517,0.101913974114892
5489,2.4068517744859874,2.2863954820884356,0.12045629239755185
5490,2.4334112726226165,2.3150967605014494,0.11831451212116706
5491,2.3804006180242228,2.2706796386298254,0.1097209793943974
5492,2.4408924949090602,2.329952610118824,0.11093988479023631
5493,2.3334884502642703,2.2274119398714913,0.10607651039277899
5494,2.6655800295258945,2.534483524390903,0.1310965051349915
5495,2.5497352683428516,2.4212758322764043,0.12845943606644727
5496,2.4687527122924595,2.3565584794623358,0.11219423283012375
5497,2.3811750294328835,2.2765408042538193,0.10463422517906418
5498,2.528337527838589,2.4010082042812817,0.1273293235573072
5499,2.4747534530202735,2.3524102858668585,0.12234316715341498
5500,2.414769440397188,2.2935524391548627,0.12121700124232548
5501,2.3619277399705774,2.259593186690055,0.10233455328052221
5502,2.322867633388537,2.234495569058375,0.0883720643301622
5503,2.240019975657157,2.154388878239185,0.08563109741797215
5504,2.586988870683616,2.4555072954061714,0.13148157527744475
5505,2.3975680276965807,2.3073424657485027,0.09022556194807807
5506,2.262821296602562,2.166812730858939,0.09600856574362293
5507,2.3016412100244485,2.212378023287465,0.08926318673698352
5508,2.4183294280161247,2.3040972843612773,0.11423214365484746
5509,2.3579641100701116,2.2482470062215594,0.10971710384855227
5510,2.567031996465671,2.4264040567463705,0.14062793971930043
5511,2.3799014839005594,2.272509284168367,0.1073921997321925
5512,2.3426681874300592,2.2425190176460994,0.10014916978395982
5513,2.2590968882210154,2.168779544351299,0.09031734386971646
5514,2.525341541154281,2.406529964873535,0.11881157628074579
5515,2.373527223477362,2.2705611673298898,0.10296605614747234
5516,2.6611477829501196,2.5199997937668295,0.14114798918329008
5517,2.4638390438743523,2.349273483909658,0.11456555996469442
5518,2.3809580086203384,2.272508110858022,0.10844989776231628
5519,2.286005201963009,2.1904911761258465,0.09551402583716229
5520,2.4391793186852633,2.3157475991541885,0.12343171953107479
5521,2.527792605073455,2.401704921946597,0.12608768312685825
5522,2.4249894623463604,2.316207539371793,0.10878192297456746
5523,2.3692182594861517,2.2748664806366277,0.09435177884952406
5524,2.632280020081256,2.5082124189589003,0.1240676011223556
5525,2.5096076766056354,2.3796429958532683,0.1299646807523671
5526,2.427031992186024,2.3110856856799336,0.11594630650609039
5527,2.3439483037045394,2.2330102194603874,0.11093808424415208
5528,2.399416739816827,2.2904511700422217,0.10896556977460525
5529,2.293507024427971,2.1947097865216794,0.0987972379062918
5530,2.54785375383098,2.427538135335475,0.12031561849550476
5531,2.458606379825527,2.3493227813551045,0.10928359847042257
5532,2.4799600675851026,2.357580037584421,0.12238003000068165
5533,2.399821568101505,2.2819031387658226,0.11791842933568253
5534,2.24535840128506,2.1572621168442243,0.0880962844408355
5535,2.2855557226167016,2.1903056403098438,0.09525008230685783
5536,2.4997233703207984,2.3784710521322148,0.12125231818858362
5537,2.3451826123590593,2.244314433453432,0.10086817890562738
5538,2.529744443707265,2.410986497070975,0.11875794663629025
5539,2.4052869708162192,2.3005231110081987,0.1047638598080205
5540,2.4444476397210306,2.3312418232145786,0.113205816506452
5541,2.4122239651787956,2.302698866603315,0.10952509857548076
5542,2.1934068311183132,2.114196389347429,0.0792104417708841
5543,2.3329278461212577,2.2391984469068333,0.09372939921442436
5544,2.7305657659456286,2.574519382170837,0.1560463837747914
5545,2.271466295473973,2.17472902222744,0.09673727324653303
5546,2.386238061407939,2.280316751212607,0.10592131019533202
5547,2.4382160655303116,2.3307875207606212,0.10742854476969033
5548,2.3818757826972954,2.283517990357528,0.0983577923397676
5549,2.307991082903379,2.2114491570828165,0.09654192582056265
5550,2.3844375822158046,2.2831139163642766,0.10132366585152797
5551,2.4793356556300647,2.3570199657641924,0.12231568986587238
5552,2.550631636822632,2.4146286789213063,0.13600295790132577
5553,2.4955243153578386,2.378283624098771,0.11724069125906755
5554,2.424618030091438,2.3170127501909605,0.10760527990047741
5555,2.6502930074428064,2.5151053583499468,0.13518764909285963
5556,2.4472610364724643,2.3391126126628383,0.10814842380962597
5557,2.634405632478361,2.488664306385864,0.14574132609249713
5558,2.452136984103876,2.329210547884369,0.12292643621950683
5559,2.4913053579045896,2.381422257422242,0.10988310048234773
5560,2.496318951107932,2.3781279869027143,0.11819096420521769
5561,2.4985576692009683,2.3720906803692845,0.12646698883168384
5562,2.2728392138520173,2.182016828011177,0.09082238584084035
5563,2.4762187680107233,2.3531012743238313,0.12311749368689195
5564,2.3067585253081115,2.217479460543483,0.08927906476462866
5565,2.4755196750498194,2.362979932717209,0.11253974233261044
5566,2.76690075182217,2.615264089173661,0.15163666264850884
5567,2.3826663978381437,2.278841736597591,0.1038246612405529
5568,2.7985490154536348,2.641957172915146,0.1565918425384889
5569,2.38933765887043,2.2850062366810575,0.10433142218937252
5570,2.4554569862631186,2.3400816014755432,0.11537538478757536
5571,2.4078284080164853,2.3036330071460593,0.104195400870426
5572,2.400194890086533,2.2944522747848155,0.10574261530171736
5573,2.3180334198067314,2.221926885396395,0.09610653441033623
5574,2.431824057718651,2.329118877379381,0.10270518033927001
5575,2.504581863083373,2.381915591600092,0.12266627148328135
5576,2.4389132555910935,2.3180601921825184,0.12085306340857516
5577,2.244755558410376,2.154885022420157,0.08987053599021921
5578,2.513293921394303,2.3924382716480985,0.12085564974620455
5579,2.376479129127816,2.2691385180051835,0.10734061112263227
5580,2.352791738804244,2.2418123700064,0.11097936879784376
5581,2.434216119781623,2.324949464926308,0.10926665485531517
5582,2.514174889335958,2.4052810366745665,0.1088938526613914
5583,2.366766534575646,2.2737503123771954,0.09301622219845074
5584,2.591054591616871,2.447139983132768,0.14391460848410276
5585,2.447561326346127,2.333417504589048,0.11414382175707871
5586,2.6480901536700236,2.5176950103625835,0.13039514330744018
5587,2.3170322860669583,2.223966348603898,0.09306593746306024
5588,2.7245446725284888,2.5931101751610313,0.1314344973674575
5589,2.545132276244815,2.4115750336161184,0.13355724262869684
5590,2.3616240558933828,2.2564020252401633,0.10522203065321944
5591,2.3220958614161877,2.217324664533762,0.10477119688242587
5592,2.499763214743752,2.3860443293065456,0.11371888543720621
5593,2.3434173995092435,2.2383846852736564,0.10503271423558713
5594,2.6087206217389376,2.4650667209078714,0.14365390083106622
5595,2.664397888707546,2.525437288094685,0.13896060061286075
5596,2.3755389939148004,2.268215733406987,0.1073232605078136
5597,2.48739814407035,2.362623263987411,0.12477488008293891
5598,2.407253475428507,2.304104863689925,0.10314861173858203
5599,2.4498314107660897,2.324367554199927,0.12546385656616277
5600,2.461242374983755,2.351114930281684,0.11012744470207103
5601,2.354757704461378,2.2546956294545124,0.10006207500686548
5602,2.3511917474735893,2.253032593875178,0.09815915359841121
5603,2.6466438559740744,2.5061639641443954,0.14047989182967902
5604,2.2371538399181343,2.1428535498020915,0.0943002901160428
5605,2.374408940592584,2.2693850944315233,0.10502384616106086
5606,2.4804567495925953,2.356788576544151,0.12366817304844435
5607,2.521320159896535,2.404973480172719,0.11634667972381596
5608,2.4268153203245637,2.30717580821423,0.11963951211033352
5609,2.4790925795749827,2.3546887695187104,0.12440381005627232
5610,2.2882059626754825,2.1976034454124593,0.09060251726302315
5611,2.4805818783241467,2.3696173122177853,0.1109645661063614
5612,2.3997170542283595,2.289962991606724,0.10975406262163556
5613,2.401220708834563,2.2799925853878436,0.1212281234467194
5614,2.555669748521746,2.4180259479588564,0.1376438005628895
5615,2.385389867225228,2.2786093130928973,0.10678055413233078
5616,2.442058399628842,2.330524302778392,0.11153409685044968
5617,2.8034919400320533,2.6576694207978315,0.14582251923422174
5618,2.408026226036296,2.3013602770645423,0.10666594897175363
5619,2.3876703882513257,2.282404760700449,0.10526562755087676
5620,2.450171382290004,2.324668158505467,0.12550322378453727
5621,2.4371384488985375,2.328167536828292,0.10897091207024534
5622,2.310402675907648,2.2133199137714232,0.09708276213622469
5623,2.3679727441412703,2.2667296677232605,0.10124307641800989
5624,2.6891721250249145,2.535244231265139,0.15392789375977545
5625,2.422759506720873,2.3105970788977,0.11216242782317298
5626,2.5230545985953894,2.393828160987648,0.12922643760774122
5627,2.385852728965818,2.285003320116688,0.10084940884912985
5628,2.3672754776140037,2.263444355654178,0.1038311219598258
5629,2.367267205854211,2.2568731576497547,0.11039404820445631
5630,2.429376886128457,2.3188888055055994,0.11048808062285742
5631,2.3709659947306134,2.264496338594419,0.10646965613619441
5632,2.5380609970706005,2.408453823400396,0.12960717367020447
5633,2.35341033793504,2.2559752504052852,0.09743508752975494
5634,2.3580198459306767,2.250817562672765,0.10720228325791181
5635,2.403619568475761,2.285109084619786,0.11851048385597496
5636,2.3040407188430723,2.2055085317323577,0.09853218711071454
5637,2.4456607210550017,2.3220700168404713,0.12359070421453033
5638,2.4866778475444926,2.362895669402633,0.12378217814185977
5639,2.458778560189734,2.3433673081528106,0.11541125203692326
5640,2.303338393893191,2.2084819210833837,0.09485647280980736
5641,2.4994739420029926,2.3896177252001163,0.10985621680287627
5642,2.320921334821305,2.2195202590366367,0.10140107578466839
5643,2.744469825967029,2.594506601285437,0.14996322468159207
5644,2.701351898462294,2.5531879234709076,0.14816397499138656
5645,2.523532454943399,2.396765937106286,0.12676651783711268
5646,2.656948412934879,2.5133055858939177,0.14364282704096132
5647,2.3438460248742063,2.2382341155597234,0.10561190931448294
5648,2.6223443382905804,2.4874430178418443,0.13490132044873615
5649,2.580593417979672,2.433020074727086,0.1475733432525863
5650,2.29310308803002,2.1953641154634944,0.09773897256652564
5651,2.379250417194843,2.27832806333684,0.10092235385800308
5652,2.3459309879840733,2.2405037232319915,0.10542726475208175
5653,2.306205746649377,2.2101256262560276,0.09608012039334923
5654,2.358253302472437,2.2556714104570474,0.10258189201538936
5655,2.472465209863597,2.3487589391657013,0.12370627069789553
5656,2.5752207233709288,2.4515227286607453,0.1236979947101835
5657,2.3780809744493903,2.2723572450636564,0.10572372938573382
5658,2.447048059221271,2.3391057059330373,0.10794235328823376
5659,2.4221794158464367,2.3166294706685067,0.10554994517793004
5660,2.4759880597415345,2.3472112005784758,0.1287768591630587
5661,2.4877773116890123,2.368848473320811,0.11892883836820145
5662,2.3743419198691322,2.2666046115135465,0.1077373083555857
5663,2.565482984789583,2.441195496203659,0.12428748858592398
5664,2.654944304354581,2.4989991114729624,0.15594519288161868
5665,2.3947027392920894,2.2859130727750587,0.1087896665170307
5666,2.569660129241976,2.4333450165983943,0.13631511264358176
5667,2.413620707900013,2.302636210599014,0.11098449730099924
5668,2.3654157153067836,2.25558685041613,0.10982886489065358
5669,2.4995209204405744,2.375204510450882,0.12431640998969229
5670,2.636983849124183,2.5136585867247443,0.12332526239943853
5671,2.498567557687987,2.377298959442957,0.12126859824502967
5672,2.428335058510251,2.3133410310080804,0.11499402750217058
5673,2.2895666091038556,2.196615845243847,0.09295076386000867
5674,2.3247879960748277,2.2196737830622695,0.10511421301255819
5675,2.5066338463672633,2.391368468207302,0.11526537815996107
5676,2.510516738853094,2.3826297086100614,0.12788703024303238
5677,2.4774878923204287,2.3486672909327284,0.12882060138770024
5678,2.286358462956393,2.1851433092963655,0.10121515366002765
5679,2.461510346138491,2.336513420755401,0.12499692538309004
5680,2.2408475020098715,2.1480197632579197,0.09282773875195183
5681,2.888665165213326,2.7396680177626163,0.1489971474507099
5682,2.26743055153187,2.175977668481348,0.0914528830505219
5683,2.5500994302206133,2.4081389735390375,0.14196045668157575
5684,2.5130839375637084,2.397574790525695,0.11550914703801318
5685,2.3167370285728106,2.214969481883276,0.1017675466895347
5686,2.619926222866693,2.492888913755891,0.1270373091108019
5687,2.4892040821923276,2.369803780425405,0.11940030176692273
5688,2.4541882875959478,2.3444733369625417,0.10971495063340608
5689,2.394581984393009,2.2954412989789486,0.0991406854140604
5690,2.423014397787951,2.311855798607143,0.11115859918080773
5691,2.522616941028618,2.3953253973696795,0.12729154365893836
5692,2.4879756576464205,2.367045659933753,0.12092999771266744
5693,2.582012879607802,2.4518114657916943,0.13020141381610761
5694,2.342133298715846,2.2426831194365886,0.09945017927925726
5695,2.4287901098330984,2.322621112931885,0.1061689969012134
5696,2.32207586727282,2.221731922861162,0.10034394441165828
5697,2.3622267411356184,2.2646233493595878,0.09760339177603061
5698,2.4858909158740183,2.370027904821185,0.11586301105283336
5699,2.4195157088812214,2.3008746370624027,0.11864107181881867
5700,2.3230234969240438,2.2291973923593567,0.0938261045646871
5701,2.2572098079125826,2.16620941475033,0.09100039316225272
5702,2.421416435537028,2.3259693340413587,0.09544710149566926
5703,2.3539318412252026,2.254783219258664,0.09914862196653873
5704,2.6072252760237715,2.469346249290694,0.1378790267330774
5705,2.4579969952237595,2.3478626985197364,0.11013429670402308
5706,2.4896572762284808,2.3652057168577465,0.12445155937073427
5707,2.4579925775045433,2.334451842042898,0.12354073546164512
5708,2.5396535860943206,2.4302955336324987,0.10935805246182184
5709,2.3680139703153538,2.253763454556715,0.11425051575863865
5710,2.449838167473465,2.3297735377215,0.12006462975196497
5711,2.763679351251904,2.6273830882907827,0.13629626296112107
5712,2.4465700594762896,2.335084651348121,0.11148540812816865
5713,2.6151131301370025,2.4764134421592994,0.13869968797770316
5714,2.756385905231257,2.610242907166176,0.14614299806508102
5715,2.4439407688863684,2.3278192747396695,0.11612149414669881
5716,2.426206756715646,2.314061270218295,0.11214548649735079
5717,2.3473944936595985,2.2470239382650257,0.10037055539457285
5718,2.680818376709643,2.542726166614497,0.13809221009514605
5719,2.3914092403290845,2.278071459021757,0.11333778130732775
5720,2.461569519916827,2.332271279219636,0.12929824069719098
5721,2.434420101020966,2.315492952215063,0.11892714880590294
5722,2.3840107899236966,2.2751323043907155,0.10887848553298118
5723,2.6369810913094867,2.507307899592778,0.12967319171670866
5724,2.4115937707402217,2.3173117149550375,0.09428205578518423
5725,2.5359589677905117,2.4269213048497265,0.10903766294078521
5726,2.3262815216059374,2.2214851771242414,0.10479634448169595
5727,2.5406746378988316,2.414492079336846,0.12618255856198557
5728,2.494530277038666,2.3810378579022715,0.1134924191363944
5729,2.5243119539847596,2.402012720693783,0.1222992332909767
5730,2.3098044085815412,2.212954294723882,0.09685011385765918
5731,2.247446148900777,2.155275917626637,0.09217023127414015
5732,2.4795709038184754,2.349498156131664,0.13007274768681132
5733,2.561413044458992,2.4487460050031244,0.11266703945586753
5734,2.4010728885174277,2.2971345882951675,0.10393830022226025
5735,2.6854652267590575,2.5317408612927954,0.15372436546626211
5736,2.3727721817683856,2.2630252436561133,0.10974693811227221
5737,2.3594215243632344,2.254396241423212,0.10502528294002245
5738,2.257676456090549,2.1648642170790775,0.0928122390114714
5739,2.41066071935173,2.3019497258853785,0.10871099346635171
5740,2.453025958494181,2.3332494079571786,0.11977655053700254
5741,2.422034614693788,2.3118409071314328,0.11019370756235514
5742,2.4850255321876342,2.3665857813037294,0.11843975088390479
5743,2.3996832280232914,2.2889222640559677,0.11076096396732371
5744,2.3897836920529985,2.28433505898029,0.10544863307270846
5745,2.4598621152410254,2.33830970808481,0.12155240715621529
5746,2.4908552004835434,2.376245044719829,0.11461015576371425
5747,2.3380405582776524,2.2273190637721485,0.11072149450550395
5748,2.2574702333651384,2.163648213055632,0.09382202030950637
5749,2.5194965385979446,2.388571540246209,0.13092499835173577
5750,2.4771151830109095,2.366542408559826,0.1105727744510836
5751,2.291949593895119,2.194693216889055,0.09725637700606393
5752,2.414124464388087,2.3072375166334558,0.10688694775463103
5753,2.645243821448771,2.5134673519488495,0.1317764694999215
5754,2.264895492056317,2.1721295402595864,0.09276595179673075
5755,2.4777334649926015,2.3718726003686537,0.10586086462394784
5756,2.3844701526244725,2.273425614484787,0.1110445381396854
5757,2.498576079503436,2.3880995956531663,0.11047648385026987
5758,2.4715922648641007,2.356501384070711,0.1150908807933897
5759,2.391380480996825,2.2836323739111335,0.10774810708569138
5760,2.571726464718895,2.4449480245174775,0.12677844020141738
5761,2.3789285957599398,2.2722888594828143,0.10663973627712542
5762,2.490446647022573,2.362770535156063,0.12767611186650996
5763,2.3383849112073984,2.237163263509133,0.10122164769826547
5764,2.4100156135201733,2.314632406895914,0.09538320662425948
5765,2.3563048853874116,2.2516511205474545,0.10465376483995703
5766,2.321627471434111,2.2224939069320797,0.09913356450203148
5767,2.43793762258937,2.319770290028964,0.11816733256040601
5768,2.3873432375962897,2.274123120541959,0.11322011705433077
5769,2.5534419374718254,2.421873373603807,0.13156856386801818
5770,2.2907623956644154,2.1943959353358164,0.09636646032859897
5771,2.3343280223113005,2.231654129267345,0.10267389304395547
5772,2.3599319559612293,2.2603577984856607,0.09957415747556864
5773,2.293429926346119,2.1944726937341588,0.09895723261196032
5774,2.337068901820739,2.23217752030008,0.10489138152065891
5775,2.2837701807372883,2.1866408475187673,0.09712933321852102
5776,2.440280302795318,2.336714124946709,0.103566177848609
5777,2.324951054785296,2.219272966706603,0.10567808807869294
5778,2.296356561425868,2.202574805285347,0.09378175614052076
5779,2.3041260141644635,2.2096671239154375,0.09445889024902598
5780,2.487888678810487,2.370576537108117,0.11731214170236992
5781,2.2658944919320616,2.1809907445490446,0.08490374738301698
5782,2.6675986907982594,2.5454567587938173,0.12214193200444212
5783,2.214229199080024,2.1300864774393276,0.08414272164069647
5784,2.3686646355780723,2.270013062451884,0.09865157312618811
5785,2.3841374070757113,2.280262852281025,0.10387455479468644
5786,2.4900317329626422,2.379828289184971,0.11020344377767133
5787,2.5407153778201823,2.4199315150062226,0.1207838628139597
5788,2.489828043902171,2.364106335288072,0.12572170861409893
5789,2.3805937802503574,2.2844224884501756,0.0961712918001818
5790,2.4641675564260375,2.3413904924386753,0.12277706398736221
5791,2.179159763802794,2.099429625716431,0.07973013808636331
5792,2.5043034848653187,2.388390619918536,0.11591286494678288
5793,2.5221917944719703,2.402402520889506,0.11978927358246416
5794,2.4277606858512706,2.3279024554376604,0.0998582304136102
5795,2.6673787936310047,2.535643948698758,0.13173484493224663
5796,2.508213854846386,2.388211995593085,0.1200018592533012
5797,2.3367792789012722,2.2289837232722456,0.10779555562902665
5798,2.6151853316318743,2.471480460238424,0.14370487139345034
5799,2.5841481841804548,2.4538553326916137,0.13029285148884107
5800,2.3090746575931655,2.2114498195762486,0.0976248380169169
5801,2.3122354949935815,2.2186956176026578,0.09353987739092373
5802,2.2661312540175937,2.17267688008387,0.09345437393372391
5803,2.459324657964367,2.3358443593881355,0.12348029857623155
5804,2.2858450054997665,2.185517751447061,0.1003272540527056
5805,2.4817931467784287,2.365086383763331,0.11670676301509753
5806,2.4369712999786803,2.3198893646299408,0.11708193534873956
5807,2.3480285209430405,2.2460071442137277,0.10202137672931277
5808,2.4563524063867526,2.333197458993645,0.1231549473931075
5809,2.992314633161806,2.828593546186352,0.16372108697545418
5810,2.498497065229645,2.3739627375998706,0.12453432762977457
5811,2.4772710999780485,2.360105242862913,0.11716585711513572
5812,2.2974062397921546,2.1972887491540956,0.10011749063805908
5813,2.3407900002675133,2.237146638575675,0.10364336169183819
5814,2.6754145848612394,2.547855819769582,0.1275587650916572
5815,2.284316984392621,2.195406949197425,0.08891003519519636
5816,2.433138057940234,2.3233439258291404,0.10979413211109357
5817,2.387319728096803,2.2835214331757565,0.10379829492104653
5818,2.359231338326883,2.256416583318201,0.10281475500868176
5819,2.5792504472549664,2.4516844951298316,0.12756595212513488
5820,2.2897572838632274,2.189933839325024,0.09982344453820335
5821,2.546110026317735,2.415366524891884,0.13074350142585134
5822,2.3276412806443996,2.2227451121127886,0.10489616853161099
5823,2.6158269892603614,2.49676174690316,0.1190652423572014
5824,2.32213096391973,2.2244372815700637,0.09769368234966613
5825,2.4320645625579767,2.322410809733795,0.10965375282418144
5826,2.452123450582313,2.32614525016974,0.12597820041257313
5827,2.4475129465245598,2.326098389505284,0.12141455701927573
5828,2.489252397545037,2.379281762424646,0.10997063512039107
5829,2.4067491744048866,2.2911192295892953,0.1156299448155913
5830,2.4037817933414805,2.2914369237897976,0.11234486955168288
5831,2.3845515380966646,2.2702971003749317,0.11425443772173294
5832,2.412064298000369,2.293567247323099,0.11849705067727001
5833,2.59686195220228,2.4669597252446347,0.12990222695764553
5834,2.492248279197311,2.3745853169568205,0.11766296224049055
5835,2.7884170810062887,2.6415332213909437,0.146883859615345
5836,2.4511068688859523,2.332284648444149,0.11882222044180324
5837,2.4064786237227938,2.283682205890517,0.1227964178322769
5838,2.4965938205832208,2.3814862120008184,0.11510760858240232
5839,2.3732565364652336,2.263939465804023,0.10931707066121055
5840,2.2270052816159485,2.148116712473423,0.07888856914252562
5841,2.5673253400630847,2.444379294593663,0.12294604546942178
5842,2.3802096904557577,2.26964817734089,0.11056151311486762
5843,2.3526908742635415,2.257310440916865,0.09538043334667634
5844,2.4305516178413615,2.3067017216462973,0.12384989619506426
5845,2.426649070219064,2.311284668895657,0.11536440132340697
5846,2.3360027748773344,2.2258546286606133,0.11014814621672109
5847,2.5213569533424836,2.404692931023757,0.11666402231872652
5848,2.2833848198508955,2.190565619718233,0.09281920013266243
5849,2.406471229273712,2.2973097678919046,0.10916146138180727
5850,2.684598384157076,2.556346823030961,0.12825156112611502
5851,2.6265305583494984,2.496062404677556,0.1304681536719423
5852,2.3098252384882323,2.2145019977788998,0.09532324070933251
5853,2.451531059769561,2.3383421594481693,0.11318890032139173
5854,2.5671929265011695,2.4426850227152777,0.12450790378589183
5855,2.5205207071041396,2.3976961939274357,0.12282451317670384
5856,2.5366025289792327,2.4155438458335268,0.12105868314570589
5857,2.8115723104229366,2.6695356854983174,0.14203662492461921
5858,2.398987801062282,2.277959250691669,0.121028550370613
5859,2.5170726176233895,2.3882293326662425,0.12884328495714703
5860,2.5817915587073634,2.455077235666672,0.1267143230406913
5861,2.4326619124908477,2.3146407300235743,0.11802118246727344
5862,2.4568221145155884,2.343631577796543,0.11319053671904555
5863,2.2935308021519965,2.2018452419090098,0.09168556024298669
5864,2.4070231602221184,2.2952321229472066,0.1117910372749118
5865,2.487561344411061,2.3724657474837856,0.11509559692727533
5866,2.3014563988760335,2.2002791623591706,0.10117723651686283
5867,2.4192900457812834,2.296635174611335,0.12265487116994844
5868,2.448781956704003,2.333614555810993,0.11516740089300992
5869,2.3730804321690715,2.264051100759737,0.10902933140933468
5870,2.4140525658572516,2.298492977719293,0.11555958813795852
5871,2.7445960155189777,2.6079775092284105,0.13661850629056715
5872,2.41689212828869,2.3063643229802424,0.11052780530844775
5873,2.3843405895621355,2.283468127076925,0.10087246248521042
5874,2.500686864207757,2.3839388858835724,0.11674797832418449
5875,2.306549563439005,2.2111022349342044,0.09544732850480075
5876,2.342896614251735,2.2481752323566804,0.09472138189505452
5877,2.5104205975207936,2.4008087688864084,0.10961182863438523
5878,2.557931489573917,2.4363025233788584,0.12162896619505847
5879,2.369719425866262,2.2621720936583856,0.1075473322078766
5880,2.452152768792597,2.341292696847873,0.11086007194472414
5881,2.3518425497206827,2.2475839709421948,0.10425857877848799
5882,2.694298349510409,2.5403318021178634,0.15396654739254556
5883,2.545012790581896,2.4252688892581853,0.11974390132371049
5884,2.51626959426163,2.3881554766669284,0.1281141175947016
5885,2.3441845229137153,2.2341882473607693,0.109996275552946
5886,2.4803619100174332,2.3550992789581846,0.12526263105924862
5887,2.5170296450125726,2.390250775951075,0.1267788690614977
5888,2.5300798892961294,2.405171165230262,0.12490872406586728
5889,2.5947729770178687,2.4721973577510097,0.122575619266859
5890,2.375040517300819,2.258263517920752,0.11677699938006691
5891,2.309636912166454,2.2109660642533653,0.09867084791308889
5892,2.350771305460997,2.2454965949020202,0.10527471055897664
5893,2.2284797350204943,2.1464511778442654,0.08202855717622892
5894,2.5027369659841185,2.3768682693017302,0.12586869668238831
5895,2.3353861259000697,2.239760505066323,0.0956256208337467
5896,2.60705845377961,2.4684503750625035,0.13860807871710668
5897,2.505484446924541,2.380346685041116,0.12513776188342485
5898,2.3209228953592755,2.2240398530911416,0.09688304226813393
5899,2.311307575427969,2.2097033097234786,0.10160426570449044
5900,2.3508416155708303,2.2516152090203896,0.09922640655044068
5901,2.293061020926141,2.196522424169355,0.096538596756786
5902,2.3676239848648923,2.2622944413653587,0.1053295434995336
5903,2.3020900027480793,2.213221025302153,0.08886897744592615
5904,2.288553800906828,2.1992491656288564,0.08930463527797139
5905,2.306766843611728,2.212127101446137,0.09463974216559112
5906,2.3217918300986224,2.2236838650936384,0.09810796500498409
5907,2.4378224948858174,2.318073882789035,0.11974861209678256
5908,2.445908730443489,2.347671109239884,0.09823762120360513
5909,2.4296474253625115,2.325994499681929,0.10365292568058271
5910,2.592063282466473,2.456601212112556,0.13546207035391689
5911,2.53677348106282,2.405669300536821,0.13110418052599915
5912,2.423399689670588,2.307026011976815,0.11637367769377294
5913,2.3276354641509345,2.231541158220457,0.0960943059304773
5914,2.4479267794442454,2.319506219540826,0.12842055990341938
5915,2.431553273011823,2.315757917315712,0.1157953556961111
5916,2.4064947082267922,2.295023857987385,0.11147085023940706
5917,2.3231600008968094,2.21864594038307,0.10451406051373935
5918,2.3641725157765068,2.253806559430654,0.11036595634585256
5919,2.344460132653703,2.2437912561758435,0.10066887647785938
5920,2.4219462011786304,2.3080923937448605,0.11385380743376983
5921,2.374772630620178,2.2679585890024776,0.10681404161770036
5922,2.3967820416093693,2.284346788018016,0.11243525359135331
5923,2.443842659268073,2.345141198213402,0.09870146105467104
5924,2.5017977832807645,2.3798601817441787,0.12193760153658584
5925,2.6023842716679626,2.482227334739971,0.12015693692799179
5926,2.468135244868248,2.3612065974236423,0.10692864744460584
5927,2.503692574111858,2.3881632299970734,0.11552934411478466
5928,2.286805888552593,2.198985909835952,0.08781997871664116
5929,2.287574738319586,2.1863935701348156,0.10118116818477052
5930,2.4663510714775843,2.353546762309636,0.11280430916794826
5931,2.427607238036146,2.315488375766307,0.1121188622698388
5932,2.392661617780224,2.288882052991396,0.103779564788828
5933,2.464424902576442,2.344818166225277,0.11960673635116503
5934,2.43905582938085,2.324453268446326,0.11460256093452381
5935,2.8366651867428185,2.6802601799647343,0.15640500677808422
5936,2.4092236639332048,2.300513629973963,0.10871003395924195
5937,2.8280826099792895,2.6882389423380157,0.13984366764127376
5938,2.3856258109236483,2.2828761583090893,0.10274965261455904
5939,2.6393008331990226,2.500228586427849,0.1390722467711738
5940,2.265631649688889,2.1707458251984266,0.09488582449046223
5941,2.5685551990434554,2.443682648704472,0.12487255033898359
5942,2.397958180731421,2.2890296279164737,0.10892855281494729
5943,2.3618822583380017,2.2517733176611423,0.11010894067685939
5944,2.6338737937808396,2.507132879565219,0.12674091421562084
5945,2.550317037742196,2.4082784522021634,0.1420385855400328
5946,2.537745846141586,2.4246297839521898,0.11311606218939607
5947,2.4016900173637508,2.284618503712307,0.11707151365144375
5948,2.3420846585402018,2.234937387771179,0.10714727076902264
5949,2.508024478595317,2.381542081587023,0.126482397008294
5950,2.34812310375369,2.242386442483023,0.10573666127066694
5951,2.3506783420684387,2.2488650691728926,0.10181327289554609
5952,2.3412772859966595,2.2386792195041982,0.10259806649246128
5953,2.525096892130488,2.4130419575569855,0.11205493457350268
5954,2.4410033294166293,2.317967711424145,0.12303561799248453
5955,2.4323747881195494,2.319526769043813,0.1128480190757366
5956,2.366025814282377,2.2638896923002307,0.10213612198214639
5957,2.516975694232455,2.403395398277613,0.1135802959548422
5958,2.740978514390887,2.607465462405604,0.13351305198528296
5959,2.496754375229242,2.3728028131237333,0.12395156210550873
5960,2.3054447918840424,2.2059401006219215,0.09950469126212091
5961,2.2190793330866194,2.137553125027312,0.08152620805930733
5962,2.454946586376904,2.3363558052864355,0.1185907810904685
5963,2.3171955689754262,2.2114386522716165,0.10575691670380971
5964,2.2705765280052046,2.1767633703254123,0.09381315767979226
5965,2.336253221855922,2.235825155783013,0.10042806607290933
5966,2.3196235903553983,2.2248971001699416,0.09472649018545676
5967,2.392460985727373,2.283441208257135,0.10901977747023794
5968,2.3799435460121594,2.2792783239563663,0.10066522205579309
5969,2.3564448310499113,2.2556973462349044,0.10074748481500695
5970,2.3946108688755245,2.2920837953474456,0.102527073528079
5971,2.639430900810223,2.505580428345542,0.13385047246468096
5972,2.385848262753803,2.2799218373508383,0.1059264254029646
5973,2.48878881370215,2.368723863978657,0.12006494972349291
5974,2.4210490989140907,2.309448602826461,0.11160049608762979
5975,2.519149977518576,2.4001654104709096,0.11898456704766636
5976,2.2935838526165995,2.1948425584923195,0.09874129412428001
5977,2.3525901922231083,2.2478842781501895,0.10470591407291874
5978,2.3846382505142394,2.2749755290468556,0.10966272146738376
5979,2.3976297697636144,2.28718397511669,0.11044579464692461
5980,2.6679752335615947,2.5156032074024846,0.15237202615911016
5981,2.265550607272152,2.1733647985597537,0.09218580871239812
5982,2.2697052392620076,2.1725155691525653,0.09718967010944235
5983,2.4350352904697257,2.3251186814022002,0.10991660906752543
5984,2.366553544872413,2.2619511462510844,0.1046023986213287
5985,2.4959928332329864,2.3703618465544394,0.125630986678547
5986,2.4635013872917457,2.3482019174413677,0.11529946985037798
5987,2.3099857000476924,2.2108538136210303,0.09913188642666215
5988,2.513910517385713,2.3855387199594444,0.12837179742626859
5989,2.5900435810826723,2.453972394869024,0.13607118621364833
5990,2.3600512883544753,2.253747108011038,0.10630418034343725
5991,2.5086108873173685,2.387323393387817,0.12128749392955163
5992,2.4582757640269546,2.3402946425326467,0.11798112149430784
5993,2.3696106537232424,2.262029962988057,0.1075806907351855
5994,2.471226196256345,2.347412653144922,0.12381354311142312
5995,2.3045384427914173,2.210993623106029,0.09354481968538808
5996,2.280240192023275,2.1877282351091107,0.09251195691416436
5997,2.4214940970585093,2.30968375109603,0.1118103459624793
5998,2.4755663675881516,2.3507631354066323,0.12480323218151934
5999,2.361886775464194,2.2516227084572815,0.11026406700691238
6000,2.3346324782026806,2.2447176049232325,0.08991487327944814
6001,2.414798867124054,2.2991851284272333,0.11561373869682079
6002,2.324007654795196,2.220989352063002,0.10301830273219403
6003,2.60477593046046,2.4652416630227076,0.1395342674377522
6004,2.528773889887203,2.3970940781412566,0.13167981174594656
6005,2.4943623178530356,2.3736728049719336,0.12068951288110208
6006,2.6331325820404317,2.4997865400468204,0.13334604199361122
6007,2.46792168115756,2.358828639712157,0.10909304144540322
6008,2.4987254192846096,2.391559705836325,0.10716571344828463
6009,2.498886967719874,2.3757466784714154,0.12314028924845877
6010,2.323053940605283,2.221186358397776,0.10186758220750702
6011,2.541296854353095,2.421837011624536,0.11945984272855892
6012,2.4042222297774183,2.291020318075719,0.11320191170169913
6013,2.3408946208020343,2.246090556130826,0.09480406467120828
6014,2.6417440478002967,2.508015367944323,0.1337286798559738
6015,2.382829507008292,2.2713453771813663,0.11148412982692557
6016,2.4470570095542588,2.3343734878445557,0.11268352170970308
6017,2.367815947713942,2.2616734335794133,0.10614251413452891
6018,2.636205610880163,2.5030440514377905,0.1331615594423723
6019,2.4244287919057124,2.3049248418718595,0.11950395003385283
6020,2.291085534935687,2.1986097717758346,0.09247576315985251
6021,2.582973154588719,2.4602352506887906,0.12273790389992856
6022,2.440925130186925,2.3275610017438915,0.11336412844303334
6023,2.3783631444603945,2.2739368359627146,0.10442630849767998
6024,2.5273734073617,2.393845242456958,0.13352816490474195
6025,2.323475902358481,2.2183982861962535,0.10507761616222755
6026,2.4839889113747495,2.3550417090200226,0.1289472023547269
6027,2.3952781958013456,2.2826219248397126,0.112656270961633
6028,2.3114368979574427,2.219103568970558,0.09233332898688484
6029,2.658150128972296,2.535071725327418,0.12307840364487799
6030,2.2797929760540843,2.1885661315600786,0.09122684449400564
6031,2.5379272211965715,2.4215631520753074,0.11636406912126418
6032,2.3121799956231968,2.2127233340994774,0.09945666152371935
6033,2.357877130676743,2.2437539122485117,0.11412321842823125
6034,2.2898149519465774,2.192441861484178,0.0973730904623995
6035,2.457786590606691,2.3447218905825165,0.11306470002417468
6036,2.338214979395637,2.241975970868702,0.0962390085269349
6037,2.4445515408516596,2.330094404155424,0.11445713669623547
6038,2.3808608114394136,2.28240279377386,0.09845801766555384
6039,2.275581794305563,2.1927205947723323,0.08286119953323068
6040,2.498264917980022,2.372269037947486,0.12599588003253626
6041,2.472779371849788,2.356260921279765,0.11651845057002275
6042,2.553357190868235,2.4292383697313302,0.12411882113690487
6043,2.4268682636457055,2.31475367777491,0.11211458587079548
6044,2.5159258923670706,2.38902976496502,0.12689612740205058
6045,2.3564009719487937,2.247869915249628,0.10853105669916552
6046,2.5537492568307023,2.423067713781271,0.13068154304943125
6047,2.380385819343455,2.271426328361685,0.10895949098176994
6048,2.5463627538230744,2.4086492908239174,0.137713462999157
6049,2.3799227450094116,2.2661614884411705,0.1137612565682411
6050,2.407792687319501,2.2832877944806613,0.1245048928388397
6051,2.564059158349537,2.4482328989049735,0.11582625944456337
6052,2.744175203366656,2.5910611165872943,0.1531140867793619
6053,2.47260415919353,2.3466024242629944,0.12600173493053557
6054,2.304723151448694,2.202160679548824,0.10256247189987011
6055,2.504574996423584,2.38296347697316,0.12161151945042414
6056,2.2877860103609033,2.2021541706172556,0.08563183974364774
6057,2.3515413335563404,2.24349198213864,0.10804935141770056
6058,2.376459116347609,2.264179938827623,0.11227917751998584
6059,2.3881682252227074,2.284083371914461,0.10408485330824657
6060,2.4915085176663534,2.373484499956266,0.1180240177100873
6061,2.3267464917223664,2.2197004274080454,0.10704606431432095
6062,2.3101626627230774,2.2095810814353745,0.10058158128770289
6063,2.4246910121178002,2.3144671265224557,0.11022388559534457
6064,2.466310428931305,2.352828656107365,0.11348177282394012
6065,2.4643994416845514,2.349094002990957,0.11530543869359455
6066,2.3915260194733152,2.273717160738577,0.11780885873473812
6067,2.7626991818636992,2.6203660438005785,0.14233313806312076
6068,2.355080926792783,2.2557124985137706,0.09936842827901238
6069,2.4760366194551047,2.3603707028794885,0.1156659165756162
6070,2.468051662575581,2.359934102575456,0.10811756000012496
6071,2.5136833693399936,2.3945150571550147,0.11916831218497892
6072,2.429855877267195,2.3157269766649007,0.11412890060229453
6073,2.583625838520982,2.458402815959856,0.12522302256112594
6074,2.491304556682632,2.3743235816715225,0.11698097501110949
6075,2.485073786664669,2.3614014023919916,0.12367238427267724
6076,2.370097510948368,2.2625083271612816,0.10758918378708637
6077,2.5169525106734145,2.4011006791603187,0.11585183151309586
6078,2.431519137108691,2.3230166884960344,0.10850244861265645
6079,2.378387633668568,2.2730182381398167,0.10536939552875113
6080,2.305165738704005,2.2010909012812205,0.10407483742278467
6081,2.4104885712903,2.306695014463373,0.10379355682692681
6082,2.2579791448209634,2.167074166542334,0.09090497827862931
6083,2.35441748807034,2.24721906154037,0.10719842652996991
6084,2.4165632197234195,2.300343828371189,0.1162193913522307
6085,2.278076452240802,2.190769670294326,0.08730678194647634
6086,2.3286373217900613,2.2303498672552626,0.0982874545347987
6087,2.5081502228526324,2.377864317462497,0.13028590539013551
6088,2.4945471422238006,2.375221797089261,0.11932534513453952
6089,2.198459640266236,2.1203368923115016,0.07812274795473462
6090,2.4174011101891018,2.3015992053307843,0.11580190485831743
6091,2.505628682701276,2.390103606953189,0.11552507574808724
6092,2.317977224645581,2.2188127632078634,0.09916446143771784
6093,2.4390889878508277,2.3332454247886965,0.10584356306213127
6094,2.498516474958381,2.377984676008753,0.12053179894962796
6095,2.3726284779608813,2.260386511411808,0.11224196654907326
6096,2.537025682110044,2.4127513949075605,0.12427428720248335
6097,2.5736878351831263,2.44592227092049,0.1277655642626363
6098,2.4674758629313813,2.34887007976403,0.11860578316735149
6099,2.499893835345218,2.3788555668053997,0.12103826853981836
6100,2.3275395900820364,2.2181553507201186,0.10938423936191777
6101,2.4439862464893,2.3267433811917706,0.11724286529752925
6102,2.3969999681050553,2.2900680133247615,0.10693195478029383
6103,2.3181934804509603,2.2182162279047564,0.09997725254620393
6104,2.470462167441061,2.348765259253808,0.12169690818725298
6105,2.484767860745473,2.3633741822024987,0.12139367854297411
6106,2.2920257721142314,2.201889870349992,0.09013590176423936
6107,2.4620313156235105,2.341785699943388,0.1202456156801226
6108,2.5689303731814648,2.4367511352770794,0.13217923790438535
6109,2.552781820271222,2.4242518044310377,0.1285300158401843
6110,2.41245094731021,2.2980965743507547,0.11435437295945539
6111,2.4904520062374513,2.357709493083123,0.13274251315432828
6112,2.4862284699876125,2.366590652656256,0.11963781733135637
6113,2.3430154115722837,2.2530732719186513,0.0899421396536324
6114,2.312438024013778,2.2120475173039083,0.1003905067098696
6115,2.4492780116932464,2.3203683074834838,0.12890970420976267
6116,2.396783554321627,2.2895244265367554,0.10725912778487157
6117,2.5661135717644483,2.4326385152476813,0.13347505651676705
6118,2.4906512533123877,2.371935584297011,0.11871566901537678
6119,2.3973895126709177,2.293496368702107,0.10389314396881089
6120,2.477601141409469,2.356584274036149,0.12101686737331985
6121,2.3346842996298007,2.230400927802865,0.10428337182693559
6122,2.3969978007365103,2.2947723472748844,0.10222545346162581
6123,2.5387414235183225,2.4006733599181294,0.1380680636001932
6124,2.295748634974268,2.199283134299684,0.09646550067458382
6125,2.5186961394732568,2.3776387977311915,0.1410573417420653
6126,2.501240071736796,2.3787609743964926,0.1224790973403036
6127,2.4857148409999663,2.370765601265382,0.11494923973458437
6128,2.4742715697687547,2.3526868950183983,0.12158467475035639
6129,2.4354941217189148,2.323038910526755,0.11245521119215995
6130,2.412078109832297,2.3128829371529993,0.0991951726792979
6131,2.4081250778128163,2.3001654366371715,0.10795964117564472
6132,2.445329828433208,2.3265553627064923,0.11877446572671557
6133,2.3588547969274045,2.2484972976888637,0.11035749923854077
6134,2.5380082871541947,2.409700299681603,0.12830798747259164
6135,2.4381307406413995,2.3317481630782955,0.10638257756310399
6136,2.3040334824878963,2.2002842255270543,0.10374925696084203
6137,2.316046727588114,2.2228818045451044,0.09316492304300938
6138,2.613135271509401,2.4785710175782394,0.13456425393116156
6139,2.4360402150999336,2.324877803760461,0.11116241133947247
6140,2.5314591751006463,2.4090703965440383,0.12238877855660801
6141,2.353981636590225,2.2486417811427533,0.10533985544747182
6142,2.444687250195446,2.3348131030825297,0.10987414711291654
6143,2.383461364681048,2.27122837574103,0.11223298894001799
6144,2.482822896650322,2.371317055914926,0.11150584073539616
6145,2.316059818540349,2.217899864567938,0.09815995397241073
6146,2.3281710253438703,2.231435615707623,0.09673540963624738
6147,2.3270864963447515,2.23106347935441,0.09602301699034133
6148,2.5254996587757375,2.400648987012509,0.1248506717632285
6149,2.391233780423779,2.2854070004901046,0.10582677993367451
6150,2.819346681822673,2.691993002140162,0.127353679682511
6151,2.346758096927519,2.238195415800819,0.10856268112669998
6152,2.550876722261278,2.4310690352145365,0.1198076870467415
6153,2.4280211647005734,2.3273226360922017,0.1006985286083717
6154,2.326034540898777,2.2271719874224565,0.09886255347632034
6155,2.3476052386694044,2.2435978633938825,0.10400737527552195
6156,2.7264655810589833,2.586295741610867,0.14016983944811612
6157,2.670729195472907,2.527388068061121,0.14334112741178595
6158,2.3892582791842782,2.2923514985735305,0.09690678061074776
6159,2.414615653597053,2.3046899035017767,0.10992575009527616
6160,2.5095593064755564,2.3910094679080744,0.11854983856748191
6161,2.3182594796160836,2.225403487041931,0.09285599257415278
6162,2.391189807110586,2.2875867475367206,0.10360305957386551
6163,2.519495552553982,2.388784569138254,0.13071098341572807
6164,2.624596703182746,2.489363230911629,0.13523347227111726
6165,2.5706005505219114,2.4401235159237618,0.13047703459814963
6166,2.336271143090634,2.235712410278603,0.10055873281203098
6167,2.3849625049551273,2.268391405836026,0.11657109911910135
6168,2.4719958838478213,2.3542256495812595,0.11777023426656186
6169,2.4500965139679787,2.3435118151234167,0.10658469884456201
6170,2.483512426215885,2.3614863777910315,0.12202604842485343
6171,2.3811011647056035,2.270074395994605,0.1110267687109987
6172,2.444084657780103,2.3173062911860294,0.1267783665940736
6173,2.421195075819591,2.2990317996200926,0.1221632761994984
6174,2.449916395891302,2.331867801363938,0.11804859452736416
6175,2.332825206786368,2.2399267079224896,0.09289849886387858
6176,2.2875156234795027,2.196645036678373,0.0908705868011297
6177,2.4470532635776054,2.3437280375973684,0.10332522598023708
6178,2.314152286579876,2.209867776763377,0.10428450981649862
6179,2.3843254620729466,2.2830540038226115,0.10127145825033512
6180,2.638904910134818,2.501457283752793,0.1374476263820248
6181,2.498096771149881,2.380199775532513,0.1178969956173681
6182,2.4210572028233894,2.2987019818891903,0.12235522093419915
6183,2.388088233262835,2.277788891563182,0.11029934169965294
6184,2.519630855780862,2.4100559900038987,0.10957486577696329
6185,2.4749949040981196,2.359245938614315,0.11574896548380442
6186,2.3455858007295642,2.246224860299165,0.09936094043039922
6187,2.54347718009603,2.4175158383876982,0.12596134170833162
6188,2.2425627965651347,2.158117881944866,0.08444491462026882
6189,2.365422040568007,2.2599343552147273,0.10548768535327957
6190,2.395366911209185,2.2873820137927483,0.1079848974164368
6191,2.3819211935911304,2.280513524710815,0.1014076688803156
6192,2.249424630112692,2.156915563079181,0.09250906703351092
6193,2.3741522454495336,2.2735386600031235,0.10061358544641008
6194,2.3369129041762786,2.2340530658453215,0.10285983833095713
6195,2.363247753173888,2.2567435578350863,0.10650419533880173
6196,2.436545661742599,2.3260958672775875,0.11044979446501157
6197,2.3316331723743655,2.226885497580379,0.10474767479398661
6198,2.565160391513694,2.4431503302307274,0.12201006128296665
6199,2.228427661084746,2.141044999172279,0.08738266191246691
6200,2.715055045230719,2.561339790451993,0.15371525477872616
6201,2.354097875362519,2.2532737913668472,0.10082408399567155
6202,2.545115167296419,2.424823263233038,0.12029190406338097
6203,2.3276725407729066,2.2341227153255034,0.0935498254474032
6204,2.3484779022799027,2.2373963881215966,0.11108151415830614
6205,2.3262887265213497,2.2301843455338703,0.09610438098747931
6206,2.4700756093390748,2.3419497663424726,0.12812584299660212
6207,2.3850256387822304,2.2724978279706165,0.1125278108116139
6208,2.2463587145882675,2.1570061714588653,0.08935254312940222
6209,2.5395609568505897,2.4171874670493194,0.12237348980127027
6210,2.3647241318579773,2.257962801245307,0.10676133061267024
6211,2.745832506069729,2.599729363760877,0.1461031423088519
6212,2.394913635535165,2.2871413686720055,0.10777226686315933
6213,2.3586152865314163,2.255624940982432,0.10299034554898423
6214,2.393236982103446,2.2867670342410302,0.10646994786241581
6215,2.32528600506128,2.2343030585034387,0.09098294655784134
6216,2.353058158156469,2.2480727350310783,0.10498542312539083
6217,2.3367227778801904,2.2401236393160286,0.0965991385641618
6218,2.3270097976392163,2.2212685635777993,0.105741234061417
6219,2.4136255558264015,2.3093132101620792,0.10431234566432224
6220,2.2587084840524203,2.1720842920709678,0.08662419198145255
6221,2.24641645527552,2.161880313007356,0.08453614226816386
6222,2.372547033628451,2.2628140087028763,0.1097330249255748
6223,2.495353215244511,2.374317408332637,0.12103580691187377
6224,2.505918082501908,2.3924585087475223,0.11345957375438553
6225,2.445290992166548,2.3415736373217975,0.10371735484475053
6226,2.4317503412260715,2.319571373328818,0.11217896789725357
6227,2.433658398156259,2.326552128802965,0.10710626935329381
6228,2.42609949648152,2.319491200588208,0.10660829589331211
6229,2.421462389678868,2.3090081293764624,0.11245426030240546
6230,2.5610327163675635,2.4481789093226602,0.11285380704490322
6231,2.5295385771567664,2.4102692744696297,0.11926930268713676
6232,2.402816573220014,2.2908258003935953,0.1119907728264189
6233,2.437571701690728,2.3183844160508973,0.11918728563983061
6234,2.446490693115367,2.3330360602984554,0.1134546328169117
6235,2.406049207332289,2.299528063707115,0.10652114362517384
6236,2.3297466430725113,2.2352885923962886,0.0944580506762227
6237,2.324241470549489,2.2241120525666696,0.10012941798281938
6238,2.323826277808899,2.2248477942371663,0.09897848357173267
6239,2.321677841463999,2.225189375688129,0.09648846577587022
6240,2.5711245757983647,2.4374738060658387,0.133650769732526
6241,2.4092641160887442,2.29946047851818,0.10980363757056422
6242,2.3531315749403308,2.247407203005969,0.1057243719343619
6243,2.5114977092661417,2.386418567527209,0.12507914173893253
6244,2.4739793975822377,2.3494641234489566,0.12451527413328112
6245,2.365084821775945,2.263232723346478,0.10185209842946685
6246,2.4656403020523885,2.3652315825004515,0.10040871955193698
6247,2.390285707030434,2.290485643757096,0.09980006327333824
6248,2.403594835490556,2.302881148583306,0.10071368690725002
6249,2.2487287781571017,2.158868489613182,0.0898602885439197
6250,2.4437055167382034,2.324540609504997,0.11916490723320639
6251,2.58450297137511,2.4439120678741535,0.1405909035009567
6252,2.343879215853265,2.2341210798845466,0.1097581359687183
6253,2.3276422453017744,2.2297879830783116,0.09785426222346283
6254,2.323674490950642,2.220164651451516,0.10350983949912607
6255,2.4089426623607184,2.307260661706697,0.10168200065402155
6256,2.389706308010236,2.2871493536300664,0.10255695438016943
6257,2.6909843689596946,2.5318525768897793,0.15913179206991535
6258,2.4376200391921334,2.328040790691493,0.1095792485006406
6259,2.449008636850511,2.3193890588042505,0.12961957804626056
6260,2.460516003849214,2.343124753820733,0.11739125002848105
6261,2.4171879906310947,2.3014204235992164,0.1157675670318783
6262,2.4185439827860487,2.2988626147733884,0.11968136801266027
6263,2.3364383065976275,2.2334038442660007,0.10303446233162683
6264,2.616840708363984,2.4837614932300784,0.13307921513390575
6265,2.5336882145860855,2.4052119690507863,0.12847624553529924
6266,2.243830721434085,2.159392807564884,0.08443791386920108
6267,2.4237062301623697,2.31651327457442,0.10719295558794961
6268,2.545337599742796,2.427953795652749,0.11738380409004678
6269,2.670703262034905,2.541507457953908,0.12919580408099707
6270,2.5994302625685934,2.4772588191778833,0.12217144339071018
6271,2.2903299732742552,2.199856160508026,0.09047381276622923
6272,2.594557728941151,2.463333611601401,0.13122411733974992
6273,2.3921867424335996,2.2850796733520795,0.10710706908152012
6274,2.459758197987083,2.3410690469939572,0.11868915099312582
6275,2.289876474145083,2.194961329493729,0.09491514465135431
6276,2.325616098227182,2.2190073791947835,0.10660871903239855
6277,2.3361682527626644,2.235682146855541,0.10048610590712359
6278,2.373281848823465,2.261404721993801,0.11187712682966389
6279,2.5129384419488527,2.400658965661994,0.11227947628685886
6280,2.366055226864285,2.249532568338636,0.11652265852564891
6281,2.2534472181146628,2.1648434001910406,0.08860381792362215
6282,2.4366579956979773,2.3145380853619137,0.12211991033606351
6283,2.440103363818856,2.31509715019706,0.1250062136217962
6284,2.3196045582377436,2.213167234241838,0.10643732399590577
6285,2.6833300397277946,2.536816388279373,0.14651365144842154
6286,2.5204015484478224,2.396182186160516,0.12421936228730646
6287,2.2700909493233494,2.175402644952536,0.09468830437081355
6288,2.388347412219586,2.2797929694202854,0.1085544427993006
6289,2.416079311707718,2.296366406706194,0.1197129050015242
6290,2.4089162258078036,2.297294334853619,0.11162189095418462
6291,2.4476761100239903,2.33155649077761,0.11611961924638026
6292,2.380231233553753,2.2751455924961785,0.10508564105757445
6293,2.587375122642643,2.46627207632313,0.12110304631951285
6294,2.3823012275766415,2.2697991169720404,0.11250211060460114
6295,2.5071144100985703,2.3890543666920623,0.118060043406508
6296,2.4896184710280407,2.3713074192207593,0.11831105180728141
6297,2.3893993969531735,2.2800485412801494,0.10935085567302405
6298,2.5250093451798294,2.3942075356862693,0.13080180949356013
6299,2.393201932927263,2.281444778678867,0.11175715424839572
6300,2.6013846923112514,2.468859845605518,0.13252484670573317
6301,2.449735783866246,2.3369958947385996,0.11273988912764654
6302,2.4651739274684767,2.3429075131867183,0.12226641428175844
6303,2.3089817438367883,2.2160875687781907,0.09289417505859765
6304,2.4747685731228195,2.369385197918992,0.10538337520382735
6305,2.4757952230873337,2.367962995450039,0.1078322276372945
6306,2.407442780722923,2.29822620206346,0.10921657865946299
6307,2.468184465659244,2.358712259223819,0.10947220643542499
6308,2.3472117527101704,2.240835697284632,0.10637605542553841
6309,2.4001844792244493,2.2861439653507882,0.1140405138736611
6310,2.3465442436765196,2.25017232514093,0.0963719185355898
6311,2.43124842156394,2.318638709666912,0.11260971189702795
6312,2.4015890022231132,2.2874656086062863,0.11412339361682688
6313,2.4351773126735856,2.3249422540648093,0.11023505860877636
6314,2.3978340317703912,2.2870494912464867,0.11078454052390452
6315,2.5033286647049513,2.3787637383313056,0.12456492637364569
6316,2.4749616074571743,2.3577391599107584,0.11722244754641586
6317,2.4007498130546367,2.277655359999065,0.12309445305557176
6318,2.4276461785385792,2.308474675035271,0.11917150350330807
6319,2.6759403102301484,2.5378533840238626,0.13808692620628582
6320,2.4251651984774676,2.311298368506219,0.11386682997124842
6321,2.470584308168819,2.348775102851009,0.12180920531781014
6322,2.3136793788384757,2.213962307032128,0.09971707180634759
6323,2.34377854762724,2.2458435457635755,0.09793500186366444
6324,2.4625052645901886,2.348322581054292,0.11418268353589678
6325,2.442926371794425,2.3140456016575066,0.12888077013691834
6326,2.340592293955501,2.241125280827115,0.09946701312838568
6327,2.5824142191395167,2.453133388089106,0.12928083105041077
6328,2.5029353219350114,2.3834400877054365,0.11949523422957498
6329,2.428422670419821,2.3145529650031276,0.11386970541669328
6330,2.338848892210311,2.2396315388262296,0.09921735338408144
6331,2.3550032652910873,2.242634092987698,0.1123691723033895
6332,2.4182738506196633,2.3135171788734277,0.1047566717462356
6333,2.4352530464876225,2.3209458926719075,0.11430715381571499
6334,2.329809428163094,2.2291309299554767,0.1006784982076172
6335,2.3557967164576366,2.253326455120911,0.10247026133672543
6336,2.5957633650582865,2.464757571953517,0.13100579310476945
6337,2.376915459581764,2.2641728701485504,0.11274258943321369
6338,2.2727245746774245,2.1774170105933615,0.09530756408406305
6339,2.353374027449088,2.250477743927098,0.10289628352198976
6340,2.575998456818649,2.4506279192668514,0.1253705375517975
6341,2.309426968233768,2.2123435386786765,0.09708342955509153
6342,2.3561274244623087,2.243061751083354,0.11306567337895457
6343,2.2667448003018085,2.1707757830001304,0.09596901730167806
6344,2.3688358491773847,2.2546318826241585,0.11420396655322618
6345,2.500560656231695,2.371101947739111,0.12945870849258378
6346,2.3391002901920186,2.2348020974308973,0.10429819276112129
6347,2.511703702553322,2.4005561323034206,0.1111475702499014
6348,2.4315463497538223,2.310988319426288,0.1205580303275342
6349,2.338203149060177,2.240098209283169,0.09810493977700796
6350,2.3666789529970576,2.258239532256151,0.10843942074090673
6351,2.4591054258928904,2.34242465686306,0.1166807690298306
6352,2.3710999462934383,2.265538669256472,0.1055612770369665
6353,2.403519259931323,2.2982598438740642,0.10525941605725864
6354,2.5204866226087086,2.402272946236349,0.1182136763723598
6355,2.4211196758797424,2.3139827453681043,0.10713693051163808
6356,2.5168450227511494,2.392045600578148,0.12479942217300133
6357,2.6600450046858657,2.5322866776915336,0.1277583269943321
6358,2.3844663472602785,2.27771244332857,0.10675390393170847
6359,2.5049694888677467,2.3805283531451717,0.12444113572257498
6360,2.4529434299595785,2.336598130453427,0.11634529950615136
6361,2.286637017344289,2.1915312420810413,0.0951057752632476
6362,2.4752844505356966,2.349259118703743,0.12602533183195375
6363,2.3553842659894144,2.2548043010487233,0.1005799649406911
6364,2.3721823127809256,2.2661378275369444,0.10604448524398125
6365,2.4002203089600105,2.2832541066654075,0.11696620229460297
6366,2.422058053232184,2.3121813427743154,0.1098767104578684
6367,2.4415114876977,2.322728350938843,0.11878313675885721
6368,2.5773982077796265,2.4172064959839377,0.1601917117956888
6369,2.313342140354801,2.211399857905734,0.101942282449067
6370,2.6234792252765673,2.4845351918526517,0.1389440334239156
6371,2.610051465444504,2.4718509245181135,0.13820054092639067
6372,2.343254369522758,2.246969819923844,0.0962845495989142
6373,2.3416634007210013,2.235219513777072,0.10644388694392948
6374,2.5498022984111923,2.428278547842353,0.12152375056883935
6375,2.561831961778161,2.4264883515598736,0.13534361021828722
6376,2.4941145713248902,2.37931455957112,0.11480001175377019
6377,2.423219855924457,2.311277851656922,0.1119420042675352
6378,2.3730602073684977,2.2787303832849917,0.09432982408350599
6379,2.396783257026619,2.2894858650406467,0.10729739198597255
6380,2.59533762327515,2.470144393206062,0.1251932300690881
6381,2.4048314203069516,2.2994667655369474,0.10536465477000423
6382,2.37581903381511,2.258377055223978,0.11744197859113203
6383,2.4227682250614415,2.315661789104995,0.10710643595644642
6384,2.37530373136125,2.2710710613716314,0.10423266998961855
6385,2.864171666149729,2.712228022096587,0.1519436440531421
6386,2.4799670638687545,2.360850207614149,0.11911685625460544
6387,2.3775561546222748,2.2639088342621854,0.1136473203600894
6388,2.529610936530047,2.4099185457222494,0.11969239080779781
6389,2.310542499248643,2.212883357357282,0.09765914189136105
6390,2.4627536118865585,2.3354813186592547,0.12727229322730382
6391,2.564984950004527,2.4332247131417257,0.13176023686280125
6392,2.2754922583796047,2.1832436197261407,0.092248638653464
6393,2.3868153886553913,2.286472727701042,0.1003426609543494
6394,2.4519811298340506,2.343407726432303,0.10857340340174737
6395,2.539069050242894,2.4128304084722996,0.1262386417705943
6396,2.403240890770439,2.294300096752973,0.10894079401746604
6397,2.314271327701003,2.219248544215844,0.09502278348515913
6398,2.264180549252839,2.168321936899618,0.0958586123532208
6399,2.2722732425446726,2.185047101361075,0.0872261411835975
6400,2.690443962389074,2.5696630052522464,0.12078095713682746
6401,2.4123859508322276,2.2986379792180456,0.11374797161418204
6402,2.5347275678423826,2.41773299947383,0.11699456836855271
6403,2.414426748036556,2.3001337995288926,0.11429294850766336
6404,2.3706138399784056,2.273002144224427,0.09761169575397854
6405,2.4440757973698886,2.3159823528576617,0.12809344451222682
6406,2.2954109343580917,2.2007643480229193,0.09464658633517242
6407,2.523745861729151,2.4037464873598395,0.11999937436931152
6408,2.511319214094152,2.3829842095866303,0.12833500450752178
6409,2.5235987043414916,2.4040877977131845,0.1195109066283071
6410,2.4650203294167063,2.345600448389707,0.11941988102699952
6411,2.5097247256336304,2.3927504926341006,0.1169742329995298
6412,2.3962924811843713,2.291382208803101,0.10491027238127026
6413,2.592315170539222,2.451240867164411,0.1410743033748112
6414,2.3951138286692433,2.2864504338455496,0.1086633948236937
6415,2.5001912022233905,2.385079682552279,0.11511151967111166
6416,2.403664589789312,2.3022193537193205,0.10144523606999156
6417,2.3221764111802767,2.2231934785525422,0.0989829326277345
6418,2.401360423420997,2.299480424614057,0.10187999880693965
6419,2.316159584807765,2.2115030151018438,0.10465656970592141
6420,2.5111168267212483,2.389103408121914,0.12201341859933423
6421,2.49391995338063,2.3814258849154046,0.11249406846522536
6422,2.355318790656876,2.2572856084878454,0.09803318216903056
6423,2.304016204288423,2.2084684337709284,0.09554777051749452
6424,2.419632510079728,2.3001707168347054,0.11946179324502237
6425,2.4363340273344365,2.3137252115508042,0.12260881578363225
6426,2.3715665789874123,2.2582444273914377,0.11332215159597459
6427,2.5452299839343584,2.4234772301848553,0.12175275374950312
6428,2.509425872043962,2.380783664146651,0.12864220789731107
6429,2.351426971500554,2.2513027914737336,0.10012418002682022
6430,2.4847519185780484,2.3624797528584067,0.12227216571964172
6431,2.4348817751396865,2.3239876067287346,0.1108941684109519
6432,2.4219363633972746,2.308279127992684,0.11365723540459038
6433,2.609342207545159,2.488889385204573,0.12045282234058607
6434,2.730826988400175,2.5843367937835686,0.1464901946166064
6435,2.5051711545291706,2.3836279900735273,0.12154316445564328
6436,2.4782656828312075,2.3576339557063637,0.12063172712484382
6437,2.325405580461935,2.2308312961875503,0.09457428427438463
6438,2.435670042054054,2.324152453579559,0.111517588474495
6439,2.797084245484656,2.641180693417865,0.15590355206679085
6440,2.4005845889096915,2.2929883103840156,0.10759627852567588
6441,2.3936075311431084,2.288864906477755,0.10474262466535356
6442,2.3979521261414627,2.295447549982354,0.10250457615910857
6443,2.6340809414785196,2.4936629155010674,0.14041802597745212
6444,2.5353152846106775,2.411360052183583,0.1239552324270945
6445,2.423127774218717,2.302592088644551,0.12053568557416616
6446,2.328279167160249,2.231466088072054,0.09681307908819514
6447,2.732673828285329,2.578552197471246,0.1541216308140827
6448,2.4048411228488193,2.296111706753434,0.10872941609538556
6449,2.508672756030786,2.381722127633212,0.12695062839757432
6450,2.4714788361677065,2.3480329237342774,0.12344591243342906
6451,2.4319014620542436,2.3095685897324536,0.12233287232179002
6452,2.524966145860715,2.401677888893174,0.12328825696754109
6453,2.294204832169051,2.1953485153646497,0.09885631680440143
6454,2.552424109339028,2.425961326816651,0.12646278252237675
6455,2.439089799310981,2.3307934322087838,0.10829636710219726
6456,2.494336085111168,2.378923582687117,0.11541250242405088
6457,2.4426005828177626,2.339321529807731,0.1032790530100316
6458,2.527460930151598,2.408302844842643,0.11915808530895511
6459,2.3425025989795434,2.233568647311284,0.10893395166825925
6460,2.3743799690094316,2.264313943446682,0.11006602556274947
6461,2.423612999461237,2.3094185425201195,0.11419445694111774
6462,2.5529632199802648,2.434284350617727,0.11867886936253758
6463,2.420481804798591,2.308098113539647,0.11238369125894421
6464,2.5655242914549365,2.4361971717088062,0.12932711974613031
6465,2.265789467872013,2.1687396490718114,0.09704981880020158
6466,2.368106066211406,2.2639924226900505,0.10411364352135566
6467,2.5834623796170195,2.457522006184481,0.1259403734325386
6468,2.325248778196981,2.2229425628360855,0.10230621536089535
6469,2.5721329280258085,2.442151448845821,0.1299814791799876
6470,2.3624743287908827,2.256357328237303,0.10611700055357964
6471,2.3586038081963743,2.2494720496750267,0.1091317585213476
6472,2.404903102594872,2.2892167439392526,0.1156863586556196
6473,2.53144765232639,2.404293640382983,0.1271540119434067
6474,2.267724411474742,2.1681638889278836,0.09956052254685854
6475,2.3713329139581325,2.274536938768254,0.09679597518987837
6476,2.546406360807794,2.421501418776923,0.12490494203087099
6477,2.4493712348286127,2.332053734762917,0.11731750006569586
6478,2.463448586499548,2.340869889694402,0.12257869680514633
6479,2.5264649195010374,2.403673956434144,0.12279096306689352
6480,2.386351361665019,2.2808665258018888,0.1054848358631304
6481,2.4922251156841995,2.37862047667151,0.11360463901268947
6482,2.322851048755078,2.22031636173284,0.10253468702223811
6483,2.3605894999911143,2.253670856569639,0.1069186434214755
6484,2.3703653040720254,2.26311180417532,0.1072534998967054
6485,2.4029126154214167,2.295479628367758,0.10743298705365856
6486,2.3885290491320155,2.280717361786101,0.10781168734591429
6487,2.5622721053115605,2.444803079290958,0.11746902602060239
6488,2.414271720521962,2.2999094495950403,0.11436227092692164
6489,2.350504996406307,2.250754603085061,0.09975039332124602
6490,2.4846024366853254,2.38006006630454,0.10454237038078551
6491,2.5326840253724017,2.405170733723414,0.12751329164898761
6492,2.4935367838607165,2.3735337200605247,0.12000306380019188
6493,2.5267671925925117,2.4112262648997027,0.11554092769280899
6494,2.5979884049274506,2.463589752871916,0.13439865205553447
6495,2.590178780778244,2.4601706094985736,0.13000817127967057
6496,2.4519893458423008,2.345415576940638,0.10657376890166281
6497,2.4227906423754426,2.317737057762872,0.10505358461257064
6498,2.422003054052634,2.307369471361479,0.11463358269115487
6499,2.443946939785335,2.3379874340008175,0.1059595057845173
6500,2.5002540664287256,2.3675664605988653,0.13268760582986028
6501,2.5460225025257857,2.4330607844123935,0.11296171811339217
6502,2.5462532454681037,2.4069703812834646,0.1392828641846391
6503,2.3972288675831783,2.2913067637059497,0.10592210387722867
6504,2.3811294181144564,2.2836072175103266,0.09752220060412986
6505,2.554675758105596,2.4426549693733084,0.11202078873228771
6506,2.800967319565776,2.655515694171841,0.14545162539393486
6507,2.4384538279368524,2.3280651082631874,0.11038871967366504
6508,2.5008004418417564,2.392892860493445,0.10790758134831124
6509,2.338952511110198,2.233479281835084,0.10547322927511393
6510,2.5616336266901483,2.42225319214543,0.1393804345447185
6511,2.4152958956708233,2.3066611378848427,0.10863475778598053
6512,2.538551972601828,2.4146658320967287,0.12388614050509927
6513,2.3901557979830805,2.282692214479858,0.10746358350322271
6514,2.418003665462044,2.3136392126044107,0.10436445285763307
6515,2.516095026569877,2.3956104285139737,0.12048459805590328
6516,2.265755656879417,2.1770136610863586,0.08874199579305841
6517,2.4850625193489457,2.366210200849629,0.11885231849931666
6518,2.329592331517335,2.225322122576148,0.10427020894118666
6519,2.22463539536433,2.1440614306839767,0.08057396468035316
6520,2.3579051404810736,2.251240702818824,0.10666443766224942
6521,2.5087124978068305,2.38071416223359,0.12799833557324058
6522,2.3543957504621478,2.248675963838856,0.10571978662329196
6523,2.5011992381982076,2.381281358406494,0.11991787979171376
6524,2.2501644170360855,2.1625592985325204,0.08760511850356512
6525,2.4636440595191105,2.341055982440545,0.12258807707856567
6526,2.4309597930819207,2.3238015001734977,0.10715829290842294
6527,2.625420730160725,2.5001936625400036,0.12522706762072122
6528,2.4385449410236615,2.326922681900136,0.11162225912352541
6529,2.3231116064688933,2.2215961664326738,0.10151544003621948
6530,2.5003156720757835,2.378667160402534,0.12164851167324953
6531,2.4159119179664597,2.305278337709019,0.11063358025744074
6532,2.442180069935094,2.3328275084990477,0.10935256143604644
6533,2.2714000569444788,2.173737617419439,0.09766243952503961
6534,2.253119397610328,2.160866953197424,0.09225244441290403
6535,2.4283772225959845,2.314094275448831,0.11428294714715337
6536,2.4800767784870645,2.363048410531296,0.11702836795576843
6537,2.6586404450395387,2.517940940424979,0.1406995046145596
6538,2.472715404945522,2.359544287053532,0.11317111789198986
6539,2.4185600874284474,2.303691908606427,0.11486817882202027
6540,2.614851633127751,2.4818101001568786,0.1330415329708723
6541,2.608075042136646,2.4731919760147627,0.1348830661218834
6542,2.7846286981395343,2.6325471335488393,0.152081564590695
6543,2.4051533487095877,2.291294562894103,0.1138587858154847
6544,2.415802669532276,2.3095881342424223,0.1062145352898538
6545,2.493394087340017,2.383315334609367,0.11007875273064993
6546,2.620392069406224,2.4828971703884197,0.13749489901780443
6547,2.43756634192658,2.315831464134523,0.12173487779205683
6548,2.4538265161720076,2.33943446377629,0.11439205239571759
6549,2.3891786058198092,2.2862025680431195,0.10297603777668973
6550,2.2589910596592753,2.1656081096947193,0.09338294996455598
6551,2.3317624298116604,2.235836565033445,0.09592586477821552
6552,2.4982958822732044,2.3793457510857428,0.11895013118746167
6553,2.450743566639448,2.3411228523636187,0.1096207142758292
6554,2.728629368054859,2.5811537036525016,0.14747566440235715
6555,2.4423292364149027,2.325937865719681,0.11639137069522176
6556,2.5184973207207975,2.4049155027900895,0.11358181793070798
6557,2.419174598328197,2.297249506786234,0.12192509154196296
6558,2.4716777494396602,2.3592097168673978,0.11246803257226246
6559,2.2650773623961133,2.1745340432109455,0.09054331918516789
6560,2.3327332392337734,2.240525646187884,0.09220759304588944
6561,2.3267475690657045,2.230802498734201,0.09594507033150368
6562,2.466215366683408,2.350473344651987,0.11574202203142114
6563,2.6372547836542966,2.503683005396294,0.13357177825800237
6564,2.4953858734532752,2.378784726965829,0.11660114648744635
6565,2.441621375349054,2.330703898455161,0.11091747689389297
6566,2.3126794004678732,2.21108959103419,0.10158980943368334
6567,2.478514269091444,2.3512567615202755,0.12725750757116838
6568,2.4235761313536655,2.300841684062154,0.12273444729151128
6569,2.4052386077255146,2.2879845195267823,0.11725408819873229
6570,2.338396775332719,2.236216920165101,0.10217985516761763
6571,2.4489105312061854,2.336925044123924,0.11198548708226141
6572,2.479185182443697,2.365680570045321,0.11350461239837584
6573,2.4939226754204795,2.362412704903488,0.13150997051699154
6574,2.550160933908093,2.4220777298729335,0.1280832040351596
6575,2.3664540177323485,2.2612372181746214,0.10521679955772711
6576,2.523364705493003,2.4054507160521235,0.11791398944087961
6577,2.294167822664697,2.191568100435947,0.10259972222875025
6578,2.3545310523394187,2.2422217325396474,0.11230931979977132
6579,2.368642582525197,2.2611268379384137,0.10751574458678315
6580,2.525707971614847,2.4039835419634397,0.12172442965140728
6581,2.5065645648024573,2.3797158377927836,0.12684872700967365
6582,2.3574708395393635,2.260428590815182,0.09704224872418132
6583,2.3729603504753514,2.2702380059544645,0.10272234452088691
6584,2.4699006084350517,2.349992466917304,0.11990814151774787
6585,2.5054539421604884,2.3820259952969924,0.12342794686349601
6586,2.46769783423164,2.350956298959451,0.116741535272189
6587,2.490733265604995,2.3613553735895247,0.12937789201547023
6588,2.3905383727683684,2.2831092202974532,0.10742915247091522
6589,2.2882065226796375,2.1937225372643536,0.09448398541528391
6590,2.520342225438781,2.400425356629544,0.11991686880923691
6591,2.393622622051479,2.2771509269292936,0.11647169512218536
6592,2.6564012929334906,2.497763653171664,0.15863763976182677
6593,2.4412399092261214,2.3249171612799167,0.11632274794620479
6594,2.529205940760456,2.408147432965792,0.12105850779466376
6595,2.6553095459934006,2.5150683396194093,0.1402412063739913
6596,2.6162860765452347,2.493780035689719,0.12250604085551586
6597,2.370005466911452,2.2610105995541874,0.10899486735726471
6598,2.3982332731942573,2.296441421855586,0.10179185133867108
6599,2.4465808542091185,2.3324018007269403,0.11417905348217827
6600,2.4730559969983053,2.3551492704492496,0.11790672654905565
6601,2.4454999824777697,2.325436930534067,0.1200630519437027
6602,2.5652023694146444,2.4508469730247673,0.11435539638987713
6603,2.303176096460224,2.2116294167990005,0.09154667966122343
6604,2.4910711636388667,2.3580950608140046,0.13297610282486216
6605,2.345814628555622,2.2406924339057444,0.10512219464987771
6606,2.862181878372921,2.7070968856209023,0.1550849927520188
6607,2.385116885373905,2.285161879920855,0.09995500545305003
6608,2.289825492057435,2.197023078236553,0.09280241382088183
6609,2.2318784342048366,2.142921261045712,0.08895717315912455
6610,2.4582344948883987,2.354224173921539,0.10401032096685991
6611,2.462566240367973,2.341736697147204,0.12082954322076889
6612,2.2742469017725457,2.175853627218844,0.09839327455370173
6613,2.4021607025541996,2.2949388960826176,0.10722180647158197
6614,2.580525306459058,2.447145448628815,0.13337985783024298
6615,2.3226888728043207,2.218086752267305,0.10460212053701579
6616,2.504539707330221,2.3771705812880906,0.12736912604213035
6617,2.632845447663256,2.5050228003183306,0.12782264734492532
6618,2.4151439489963784,2.3059305080279864,0.10921344096839203
6619,2.4676332297875754,2.3426458378440973,0.12498739194347808
6620,2.4071291669372408,2.2971904569626953,0.10993870997454547
6621,2.314419880796615,2.2137612235863675,0.10065865721024769
6622,2.4313119414366686,2.3195123334937655,0.11179960794290311
6623,2.2596974146619058,2.1678429715829974,0.09185444307890833
6624,2.4250136792603727,2.3108158779993473,0.11419780126102541
6625,2.4676445695087397,2.3475188965932428,0.12012567291549692
6626,2.5824703205131603,2.4579244696990563,0.12454585081410396
6627,2.429061261197478,2.3154464364834086,0.11361482471406914
6628,2.325199480757733,2.220248238631662,0.10495124212607099
6629,2.27000700549857,2.182181757723868,0.08782524777470213
6630,2.4151928292501306,2.3135302574481216,0.101662571802009
6631,2.3488999435622144,2.237598506227911,0.11130143733430353
6632,2.4121151904649127,2.3015647928408374,0.11055039762407537
6633,2.4201242249498742,2.311580836396096,0.1085433885537781
6634,2.453909628952881,2.3477164473014396,0.1061931816514412
6635,2.301673478149771,2.207222930222133,0.09445054792763807
6636,2.568050351352284,2.4347940050621255,0.1332563462901586
6637,2.547603840875529,2.427953618568433,0.11965022230709588
6638,2.386686179817053,2.267217682878643,0.11946849693840988
6639,2.2736551972732997,2.174323686091011,0.09933151118228878
6640,2.3704182950255963,2.2576699983198205,0.1127482967057758
6641,2.5757847006943093,2.446481649528621,0.1293030511656883
6642,2.3933709324676906,2.288184609652621,0.10518632281506957
6643,2.326710680479929,2.225492630065734,0.10121805041419529
6644,2.61784105353482,2.469128028190896,0.14871302534392417
6645,2.3192122743836165,2.222420110694541,0.0967921636890754
6646,2.3748263221917174,2.2723720635563023,0.10245425863541513
6647,2.6348177401414183,2.4932025158877984,0.14161522425361994
6648,2.434814187073183,2.3204572806895993,0.11435690638358365
6649,2.4967983195319463,2.3671090291507713,0.12968929038117505
6650,2.4550975653972635,2.3455507575763077,0.10954680782095583
6651,2.2749525547272604,2.181259849103458,0.09369270562380239
6652,2.3189338494119185,2.2231531724063567,0.09578067700556181
6653,2.5411740114606887,2.4245092917654523,0.1166647196952364
6654,2.3463006117543665,2.243159174997652,0.10314143675671472
6655,2.4759990779463887,2.3557961713525537,0.12020290659383503
6656,2.270657945768869,2.183335432458581,0.08732251331028795
6657,2.3173720625590954,2.2252858499383783,0.09208621262071714
6658,2.2868251871258964,2.1899183278609953,0.09690685926490117
6659,2.558623427833376,2.428387100024442,0.13023632780893424
6660,2.505903946688546,2.384321949846518,0.12158199684202842
6661,2.4795898520246666,2.361978921612283,0.11761093041238357
6662,2.344864586396278,2.2384878714204155,0.10637671497586254
6663,2.3128174368193553,2.2105050182711627,0.10231241854819251
6664,2.3797894243230275,2.271840750995639,0.10794867332738844
6665,2.359857937381805,2.249158444630589,0.11069949275121616
6666,2.450928891793135,2.3269292116617546,0.12399968013138052
6667,2.6932723849288633,2.5425402141741524,0.1507321707547109
6668,2.4342525650943814,2.312927048498764,0.12132551659561752
6669,2.383647204810632,2.2682711803071327,0.11537602450349915
6670,2.3734223255101803,2.2769390448667104,0.0964832806434699
6671,2.5718080334019024,2.446590313945341,0.12521771945656157
6672,2.4997013900154137,2.3750169009635376,0.12468448905187612
6673,2.3081379856419053,2.209660511645617,0.09847747399628837
6674,2.4142451434527623,2.307085652549453,0.10715949090330934
6675,2.2966058421556137,2.2008685567429604,0.09573728541265325
6676,2.58242969608043,2.4659684838434845,0.1164612122369455
6677,2.4267080425551257,2.322262563328575,0.10444547922655056
6678,2.2958074709520937,2.2002850653033503,0.09552240564874337
6679,2.7519249395386325,2.6025806628891233,0.14934427664950922
6680,2.5046352544284147,2.375455970403492,0.12917928402492285
6681,2.2735041221860297,2.181331812259781,0.09217230992624881
6682,2.4762657073727747,2.346372527595031,0.12989317977774384
6683,2.3310836857461132,2.231756786258456,0.09932689948765727
6684,2.604774156232112,2.4741002992104058,0.1306738570217063
6685,2.377251344920563,2.275391964662503,0.10185938025805985
6686,2.7655406759979795,2.621699340254195,0.14384133574378444
6687,2.7012972321427715,2.5634445215648594,0.13785271057791215
6688,2.266535042555563,2.1719190419257424,0.09461600062982045
6689,2.499007397721379,2.3825387606606556,0.11646863706072352
6690,2.3392556261065574,2.2344982326712817,0.10475739343527568
6691,2.48723251283212,2.356670599616997,0.13056191321512278
6692,2.4394652149907374,2.337230898109369,0.10223431688136841
6693,2.256702274570084,2.1626539157881037,0.09404835878198048
6694,2.491503520884506,2.3757293369246253,0.1157741839598807
6695,2.4403120952449777,2.3273131589128213,0.11299893633215641
6696,2.4488050593966704,2.3426152145413317,0.10618984485533867
6697,2.4406683310790673,2.3184189513832347,0.1222493796958326
6698,2.3497434476071617,2.239374385916899,0.11036906169026262
6699,2.5490430957063457,2.417123999925057,0.13191909578128858
6700,2.454436990192681,2.3388961808333093,0.11554080935937172
6701,2.406874986271208,2.2877806291032234,0.11909435716798455
6702,2.401009010920249,2.296702595724029,0.10430641519621986
6703,2.3595984411774666,2.2499704504346916,0.10962799074277507
6704,2.467712843615908,2.3387916783306566,0.12892116528525133
6705,2.345855118636149,2.2529055052754035,0.0929496133607457
6706,2.4126167141488595,2.304300828932853,0.10831588521600644
6707,2.3012946483894257,2.207773081647662,0.0935215667417637
6708,2.4773615180019344,2.3515771997869113,0.12578431821502312
6709,2.3879537775507496,2.275434145447428,0.1125196321033215
6710,2.353903507496659,2.246982072391416,0.10692143510524321
6711,2.4225709911033095,2.311089323876866,0.11148166722644337
6712,2.505592912065553,2.3883412450040384,0.11725166706151446
6713,2.6889080387470017,2.560374585473997,0.12853345327300447
6714,2.481278223647786,2.35349052112029,0.12778770252749627
6715,2.410439018498456,2.3005739943691363,0.10986502412931953
6716,2.505494412707363,2.370790964882881,0.13470344782448196
6717,2.333382793289237,2.2372681723566914,0.09611462093254541
6718,2.4972758025150963,2.373423192607786,0.12385260990731028
6719,2.4653807117613162,2.355527590625205,0.10985312113611112
6720,2.5029911898740584,2.3726722603895305,0.13031892948452795
6721,2.634469557068612,2.5069603900735133,0.1275091669950985
6722,2.3093151766044238,2.2117758076389356,0.0975393689654882
6723,2.4998560767752034,2.3675056328350474,0.13235044394015594
6724,2.4896597373738087,2.3701537994583712,0.11950593791543751
6725,2.343710084896848,2.2407678272496123,0.10294225764723564
6726,2.399543395085738,2.297610355216121,0.10193303986961677
6727,2.4995242244156985,2.367071139952723,0.13245308446297566
6728,2.5461171920955428,2.4119323460480944,0.1341848460474484
6729,2.3355707501535408,2.2345527239009844,0.1010180262525564
6730,2.352968840755201,2.2554676976855688,0.09750114306963242
6731,2.4437199630549213,2.333405814231543,0.11031414882337831
6732,2.6125575128125833,2.4821870294699306,0.13037048334265267
6733,2.6489527989487187,2.5181890763172974,0.13076372263142133
6734,2.2602779268314586,2.172906667399454,0.08737125943200441
6735,2.6208842953310088,2.4749331581978753,0.14595113713313346
6736,2.38742806236953,2.277861216445424,0.10956684592410593
6737,2.499878302818934,2.383631689860765,0.1162466129581694
6738,2.510467899411261,2.391298740008851,0.1191691594024098
6739,2.245200577134488,2.160248575705605,0.0849520014288827
6740,2.348003643815007,2.244319648086937,0.10368399572806997
6741,2.4920758625170594,2.3585991082079807,0.13347675430907868
6742,2.6037326501823044,2.4785210296181406,0.1252116205641638
6743,2.327196493576265,2.2351407388392595,0.09205575473700556
6744,2.474822313746559,2.3552400735622308,0.11958224018432828
6745,2.6983435843676276,2.5545170013086858,0.1438265830589418
6746,2.581931043285956,2.446295122977184,0.13563592030877203
6747,2.5107189118915394,2.388197417082843,0.12252149480869656
6748,2.467647355859252,2.344944816486015,0.12270253937323705
6749,2.3907329743834245,2.281401061702717,0.10933191268070752
6750,2.431769314452388,2.3155285659956686,0.11624074845671961
6751,2.328153580180977,2.2290218583068904,0.09913172187408659
6752,2.3959408527673784,2.2849127622685033,0.11102809049887519
6753,2.4810163817651416,2.3539447333877304,0.12707164837741125
6754,2.364336460248327,2.2567679977184167,0.10756846252991048
6755,2.3370846207019675,2.2331436635299644,0.10394095717200313
6756,2.551174381204607,2.427858043040072,0.12331633816453502
6757,2.464716881131196,2.36222864208455,0.10248823904664617
6758,2.541029958610264,2.413274592506847,0.12775536610341698
6759,2.570239198454234,2.4465241234911606,0.12371507496307332
6760,2.4364450651638596,2.3231686284820334,0.11327643668182619
6761,2.4334973381186025,2.3196836628849677,0.11381367523363473
6762,2.6617107965402225,2.5123332974848385,0.149377499055384
6763,2.3488735343361,2.252551058768724,0.09632247556737594
6764,2.4779813978170515,2.352105763531235,0.1258756342858165
6765,2.4198670801814925,2.308494120800779,0.11137295938071334
6766,2.4813073058486443,2.35347644101113,0.12783086483751438
6767,2.593587856088114,2.4572221105119674,0.13636574557614667
6768,2.3256243033217614,2.2195999745299737,0.10602432879178769
6769,2.29989085428368,2.2006716484659816,0.09921920581769816
6770,2.365185945336554,2.2681902430396086,0.09699570229694521
6771,2.3449935037690333,2.2426819155516253,0.10231158821740793
6772,2.2754950503296025,2.1810915031924636,0.09440354713713894
6773,2.448835351414814,2.336453414531923,0.11238193688289089
6774,2.5059327555640336,2.3744554386244854,0.13147731693954823
6775,2.4860857074598655,2.3699880095283445,0.11609769793152092
6776,2.5188109269010472,2.4016518738151387,0.11715905308590857
6777,2.376962855051124,2.258486019847819,0.11847683520330499
6778,2.357506910382767,2.25552472530562,0.10198218507714696
6779,2.4058449561440907,2.291357818167618,0.11448713797647248
6780,2.3540550138499574,2.2512371456271474,0.10281786822281003
6781,2.442636103468129,2.324896277506503,0.11773982596162602
6782,2.4480180035382553,2.3282872174133225,0.11973078612493282
6783,2.384536943382352,2.2792532684454248,0.10528367493692725
6784,2.290609335228536,2.192237337214432,0.09837199801410401
6785,2.474892300136287,2.356452979055258,0.11843932108102884
6786,2.418765812901098,2.3101329178071697,0.10863289509392837
6787,2.3188426371014286,2.224652620853012,0.09419001624841661
6788,2.544545790230836,2.410682151928477,0.13386363830235926
6789,2.2981852758059325,2.2058353169880265,0.09234995881790597
6790,2.4181765915757283,2.3073379378475036,0.11083865372822466
6791,2.404588960957863,2.2959419705587623,0.10864699039910075
6792,2.553049332472568,2.42414675561367,0.1289025768588976
6793,2.5792213021324137,2.449659618928284,0.12956168320412953
6794,2.3594286442285664,2.253358997176163,0.1060696470524034
6795,2.4062307468464335,2.289119077058195,0.11711166978823861
6796,2.3609182047892934,2.2545938312596028,0.1063243735296906
6797,2.7169643309677345,2.5681319266746474,0.14883240429308708
6798,2.44647921578874,2.3461501599665295,0.1003290558222103
6799,2.45012604265862,2.3324462492284765,0.11767979343014368
6800,2.321663082147727,2.2235086785169407,0.0981544036307862
6801,2.4543888595439323,2.331897143447066,0.12249171609686638
6802,2.470892932868113,2.3553354746949076,0.11555745817320551
6803,2.4773996314766826,2.352338409333961,0.12506122214272164
6804,2.547808484937185,2.4201980129825773,0.12761047195460762
6805,2.3322710608216983,2.228459371426598,0.10381168939510044
6806,2.29949555884344,2.199069780840349,0.10042577800309083
6807,2.2644926229849034,2.169615026121145,0.0948775968637583
6808,2.3720109133293987,2.267425049574462,0.10458586375493661
6809,2.2850699643736783,2.1889161915537767,0.09615377281990156
6810,2.3709300867919367,2.2646190542579987,0.10631103253393803
6811,2.4637661488228044,2.336856102427949,0.1269100463948556
6812,2.423999088416689,2.315610294538752,0.10838879387793687
6813,2.396057283593755,2.2816720315085006,0.11438525208525441
6814,2.491174108992018,2.377655130739455,0.11351897825256296
6815,2.4535031942237913,2.3330540854958244,0.12044910872796688
6816,2.662262450458368,2.5214489272722918,0.14081352318607632
6817,2.3483529224403004,2.2506479764289415,0.09770494601135882
6818,2.3141828576793486,2.2193002654838763,0.09488259219547235
6819,2.525964275902685,2.390365826326391,0.13559844957629386
6820,2.4124872374993687,2.2943136963662205,0.11817354113314815
6821,2.36366785963625,2.258206537279859,0.10546132235639094
6822,2.5517940063052786,2.4319980995101838,0.11979590679509489
6823,2.2400630107036945,2.150175021132123,0.0898879895715714
6824,2.6920569835317094,2.558224521185955,0.13383246234575452
6825,2.680629279245587,2.537766334018464,0.14286294522712284
6826,2.4443257023286984,2.3285470552441807,0.11577864708451768
6827,2.293975603398547,2.1987239327046706,0.09525167069387619
6828,2.2681963777308685,2.1672216665846404,0.10097471114622802
6829,2.52867183737077,2.413369292205776,0.11530254516499427
6830,2.347581630298221,2.2374841164201524,0.11009751387806865
6831,2.4661869216424197,2.3496337485078382,0.11655317313458147
6832,2.659667135250529,2.5217850031280875,0.13788213212244127
6833,2.3263997970287598,2.2275091189456027,0.0988906780831571
6834,2.347265699169378,2.2411632791580605,0.10610242001131764
6835,2.3364081451509144,2.2261445538674356,0.11026359128347885
6836,2.3471618257676443,2.23768030025359,0.10948152551405421
6837,2.591424699448745,2.4701171676910554,0.12130753175768971
6838,2.471667002195563,2.363761376352368,0.10790562584319474
6839,2.3468193362392635,2.2404257384680264,0.10639359777123714
6840,2.4413266652062493,2.3321014001488676,0.10922526505738173
6841,2.505984929117531,2.3801774006316996,0.12580752848583154
6842,2.324464509983551,2.222630119084492,0.10183439089905866
6843,2.3452349281864597,2.2461258150871775,0.09910911309928228
6844,2.4565168646176954,2.3383580769114842,0.11815878770621113
6845,2.283282624552946,2.1875583112943695,0.09572431325857655
6846,2.4537705691411458,2.3294276190254948,0.124342950115651
6847,2.4169383184189512,2.298932805433922,0.11800551298502926
6848,2.579208127258836,2.4500736944921973,0.1291344327666386
6849,2.3693013681421924,2.2715250667267477,0.09777630141544469
6850,2.6896117986575003,2.548486880846479,0.14112491781102143
6851,2.642662424374448,2.503790403898073,0.13887202047637492
6852,2.2295508387381293,2.141984294797385,0.08756654394074426
6853,2.413798897729461,2.2994838708283183,0.11431502690114259
6854,2.502380233668361,2.3813198557591284,0.12106037790923274
6855,2.653338852019367,2.5135767622770593,0.13976208974230753
6856,2.272517172620578,2.1849685131068526,0.08754865951372537
6857,2.333661301076638,2.236689854740634,0.09697144633600407
6858,2.3914153953712134,2.278619704877617,0.11279569049359628
6859,2.4621555532162778,2.3535451749232728,0.10861037829300502
6860,2.3401684713447515,2.233505129756716,0.10666334158803537
6861,2.4190065882028535,2.306345447951504,0.11266114025134932
6862,2.306032957821955,2.2098983792544127,0.09613457856754248
6863,2.44004864801224,2.3240839988942366,0.1159646491180033
6864,2.4369222650285667,2.3284033115652827,0.108518953463284
6865,2.5304542121821503,2.398625597638237,0.13182861454391315
6866,2.2744670463056984,2.1892892719239594,0.08517777438173901
6867,2.301659407765964,2.2139818732792023,0.08767753448676174
6868,2.576238257161474,2.4422254597624637,0.13401279739901018
6869,2.2809422801015526,2.1835808418392086,0.097361438262344
6870,2.275599021256677,2.1890813923437515,0.08651762891292547
6871,2.397952105884566,2.277721062702086,0.12023104318248024
6872,2.3514311587338947,2.2530349155815212,0.0983962431523735
6873,2.363391360585525,2.2638939315576168,0.09949742902790826
6874,2.3860534006899092,2.2756743555914136,0.11037904509849561
6875,2.312764920685975,2.2182256111090672,0.09453930957690782
6876,2.3295613786492573,2.2314013440178795,0.09816003463137779
6877,2.3844255187676073,2.277997999314615,0.10642751945299223
6878,2.2896808002569045,2.1898273550023073,0.09985344525459716
6879,2.286764013009249,2.187463802741484,0.09930021026776492
6880,2.315038095064595,2.226569359612784,0.08846873545181078
6881,2.69802548092745,2.5513575616146773,0.1466679193127729
6882,2.349594243464452,2.2400132628478953,0.10958098061655663
6883,2.3253353111991437,2.2225498067925433,0.10278550440660039
6884,2.482533674742073,2.353348649695296,0.1291850250467772
6885,2.2957514754011243,2.2039966853827972,0.09175479001832709
6886,2.3567141326447443,2.246505899677789,0.11020823296695514
6887,2.2700523175084326,2.178888473859405,0.09116384364902741
6888,2.8029608759905953,2.6565259420997487,0.1464349338908466
6889,2.296221323037156,2.197537569784325,0.09868375325283107
6890,2.335190194350091,2.2347345875938545,0.10045560675623655
6891,2.6298054494878316,2.4922190545122005,0.13758639497563108
6892,2.6896616261786703,2.54297516576122,0.14668646041745026
6893,2.458207856570783,2.3389921200920307,0.11921573647875228
6894,2.4125291201718584,2.295829359419088,0.11669976075277022
6895,2.3837537232262744,2.278101566745478,0.1056521564807964
6896,2.38493844853305,2.2746061810482052,0.11033226748484459
6897,2.4223422393119844,2.3206954068515997,0.10164683246038475
6898,2.5456365704246604,2.4186027881504937,0.12703378227416673
6899,2.367853383305651,2.264642679967525,0.10321070333812576
6900,2.5723810710166246,2.4389843213233178,0.13339674969330684
6901,2.632714021912093,2.519752973234886,0.11296104867720702
6902,2.494863996375484,2.385949527445989,0.10891446892949475
6903,2.3670805962231887,2.262647146269466,0.1044334499537225
6904,2.481144072472571,2.353509492720981,0.12763457975158987
6905,2.4563867573677847,2.3465022699416798,0.1098844874261049
6906,2.4688352563696827,2.350004194637594,0.1188310617320889
6907,2.2827543408412576,2.1862210338857877,0.09653330695546991
6908,2.359716789290559,2.263748200870585,0.09596858841997369
6909,2.4487810492789954,2.3391981565591453,0.10958289271985011
6910,2.34120349640738,2.24588895667746,0.09531453972991999
6911,2.3657724870496293,2.2614380393752773,0.10433444767435196
6912,2.61330144472594,2.4808015394155825,0.1324999053103575
6913,2.2965586357427266,2.2019153738144306,0.09464326192829597
6914,2.3317049650145165,2.2322492803238543,0.09945568469066224
6915,2.3712977823238424,2.2647634579248543,0.10653432439898802
6916,2.486838595292071,2.3652162747271883,0.12162232056488254
6917,2.3492660716681764,2.2511620295284627,0.09810404213971369
6918,2.289888509989796,2.195204999835572,0.09468351015422405
6919,2.5967454500667566,2.457595907392942,0.13914954267381452
6920,2.51882415987474,2.3798858399842384,0.13893831989050165
6921,2.400732029373504,2.29242637862762,0.10830565074588394
6922,2.3785114978099497,2.280220501672182,0.09829099613776782
6923,2.651312947540462,2.49113851191035,0.16017443563011202
6924,2.5259687470904777,2.397952700971396,0.12801604611908157
6925,2.384615176649619,2.288943794652042,0.09567138199757697
6926,2.424202561380273,2.315191023734155,0.10901153764611804
6927,2.5652858413325728,2.4256542165591317,0.13963162477344104
6928,2.5719456851355407,2.4470411185381558,0.12490456659738491
6929,2.387790302422378,2.275141238681078,0.11264906374130002
6930,2.226186977238059,2.141365537622045,0.08482143961601407
6931,2.760404688374664,2.6105700461722847,0.14983464220237908
6932,2.4806053926720364,2.3594354456217874,0.12116994705024897
6933,2.3864241980094825,2.284058738993991,0.10236545901549166
6934,2.458252424402983,2.3422804936056028,0.11597193079738011
6935,2.3631984083453044,2.2532001671815918,0.1099982411637126
6936,2.3975764554167465,2.2867733732358686,0.11080308218087787
6937,2.3745940658637665,2.2603658977744603,0.11422816808930625
6938,2.2743055520918682,2.1832218470630873,0.09108370502878094
6939,2.4394773035956634,2.320911461378027,0.11856584221763633
6940,2.435327218233489,2.3143395652695347,0.12098765296395442
6941,2.2476066686764775,2.1551230851093797,0.09248358356709785
6942,2.2794915873904085,2.183641509906524,0.09585007748388463
6943,2.551777675371969,2.4274146796078773,0.12436299576409171
6944,2.5519054508908203,2.4329981775854255,0.11890727330539486
6945,2.3778324788276826,2.265869257880751,0.11196322094693167
6946,2.4371484629868374,2.325261183303478,0.11188727968335943
6947,2.5288646694657735,2.4208891255350893,0.1079755439306842
6948,2.2657498631973025,2.1820561009036874,0.08369376229361514
6949,2.460660815151692,2.343561853290017,0.11709896186167512
6950,2.603688453674776,2.4811024234681804,0.12258603020659553
6951,2.41486484340304,2.3045937519675355,0.11027109143550451
6952,2.434293755214879,2.3241642700269174,0.1101294851879615
6953,2.588320423218703,2.4592621080488994,0.1290583151698037
6954,2.5658910405622453,2.4324716966923927,0.13341934386985255
6955,2.5071228139470945,2.3908600325636007,0.11626278138349377
6956,2.360142890066874,2.259662286807409,0.10048060325946517
6957,2.5568790904361776,2.415386098011104,0.14149299242507363
6958,2.2990959097508377,2.2100086361343205,0.08908727361651714
6959,2.3269048779683326,2.2249808701165708,0.10192400785176181
6960,2.3830600473328407,2.280571752166956,0.10248829516588476
6961,2.3183123649643966,2.2138460156797,0.10446634928469667
6962,2.501221127053096,2.378308777809188,0.12291234924390837
6963,2.2960171655950825,2.201839826839786,0.09417733875529644
6964,2.2388022073498073,2.1469506181422857,0.09185158920752157
6965,2.49342332299576,2.3870605964644716,0.10636272653128831
6966,2.521795748507853,2.407821169040766,0.113974579467087
6967,2.358597837546665,2.2529621788165235,0.10563565873014147
6968,2.3072323361805824,2.2138030755401323,0.0934292606404501
6969,2.391318518133135,2.2757288859747873,0.11558963215834783
6970,2.555328185577672,2.4146889812892893,0.14063920428838284
6971,2.351212008119187,2.247246990194175,0.10396501792501178
6972,2.326789249859725,2.2220910125236024,0.10469823733612271
6973,2.705422219754618,2.581634853966282,0.12378736578833616
6974,2.3311210710900245,2.2343286839202845,0.09679238716974004
6975,2.2671071284800752,2.174251485030044,0.09285564345003117
6976,2.343449887938041,2.2391289123317146,0.10432097560632636
6977,2.4085658511395542,2.2994130120121135,0.10915283912744078
6978,2.6789299512100553,2.532423387078915,0.1465065641311405
6979,2.2805100785560506,2.1847591303418783,0.0957509482141723
6980,2.473150936661228,2.3650829162026326,0.10806802045859554
6981,2.462540950828972,2.353555252503707,0.10898569832526528
6982,2.4074636478080857,2.289682963147867,0.11778068466021896
6983,2.396508487211024,2.285387387822507,0.11112109938851678
6984,2.4656612036087897,2.343390401337963,0.12227080227082654
6985,2.842394846228969,2.686168613906227,0.15622623232274213
6986,2.4495042118748027,2.334541088586136,0.11496312328866676
6987,2.6210008613578974,2.500487458153028,0.12051340320486936
6988,2.4102785082665985,2.297831940536295,0.11244656773030348
6989,2.2799471428646476,2.188408681382819,0.09153846148182865
6990,2.776554327336449,2.625442211350979,0.15111211598547003
6991,2.447630498830435,2.328398311286119,0.11923218754431586
6992,2.4347453873238356,2.3153031671797377,0.11944222014409789
6993,2.671498082493728,2.5429403947294467,0.12855768776428134
6994,2.355731493727983,2.2538109388696252,0.10192055485835771
6995,2.308419286209194,2.2098402375408783,0.09857904866831557
6996,2.607616291689566,2.467195135365632,0.14042115632393415
6997,2.635372010475828,2.505575881399776,0.12979612907605187
6998,2.29539384251984,2.199096018847428,0.09629782367241191
6999,2.520503260493995,2.400977320317947,0.119525940176048
7000,2.6323124728427163,2.497082291278463,0.13523018156425337
7001,2.520872740100739,2.384117758723316,0.13675498137742315
7002,2.5289461118798755,2.402443581521367,0.12650253035850856
7003,2.5306739704095396,2.406658831350189,0.12401513905935069
7004,2.4581182771591643,2.3427320259663094,0.11538625119285495
7005,2.4809485342217217,2.364096578010677,0.1168519562110446
7006,2.4168850350078577,2.299929233023788,0.11695580198406974
7007,2.564912657524565,2.4292452058655023,0.1356674516590628
7008,2.4687722591466987,2.348170636412049,0.1206016227346498
7009,2.5802543258846184,2.434238573156436,0.14601575272818224
7010,2.4366125361335214,2.336173034657289,0.10043950147623226
7011,2.518130197334566,2.3992015726352602,0.11892862469930554
7012,2.419016601687056,2.309972519914525,0.10904408177253089
7013,2.58644375858845,2.4606759023754092,0.12576785621304065
7014,2.5692747595756535,2.442616169112511,0.12665859046314276
7015,2.4931953489065957,2.3732941569499104,0.11990119195668525
7016,2.45402211376847,2.3344821949291084,0.11953991883936155
7017,2.4198442199341814,2.301438762631274,0.11840545730290764
7018,2.4233545904579605,2.3189009949709964,0.10445359548696409
7019,2.4801090962254126,2.3607263966428746,0.119382699582538
7020,2.474273191259688,2.3534131523613766,0.1208600388983112
7021,2.35274199144952,2.2504760374038586,0.10226595404566119
7022,2.4198682983761035,2.3191040669402634,0.10076423143584012
7023,2.6264790834885456,2.5005482913799812,0.1259307921085644
7024,2.452071802862913,2.3371188111396455,0.11495299172326767
7025,2.4775116148065637,2.359960780453814,0.1175508343527496
7026,2.5127563909511563,2.403421171891649,0.10933521905950716
7027,2.51445620083471,2.4026127567076334,0.11184344412707681
7028,2.4582178699630783,2.3428815071469744,0.11533636281610393
7029,2.6093184796629085,2.4729765543411473,0.13634192532176126
7030,2.448773135377653,2.3412091831217214,0.10756395225593174
7031,2.3253402424953524,2.2294478308922745,0.09589241160307793
7032,2.3221146948893168,2.22681605250737,0.09529864238194685
7033,2.3478807261676606,2.250852393016694,0.0970283331509667
7034,2.4688193574746564,2.3571449843391172,0.11167437313553918
7035,2.3665863757364547,2.26136984104501,0.10521653469144487
7036,2.386858748176022,2.275554126340938,0.11130462183508438
7037,2.3516876126946777,2.250409819225088,0.10127779346958965
7038,2.3593382299664136,2.257854919284431,0.1014833106819828
7039,2.4411280403718907,2.3302437115687376,0.11088432880315313
7040,2.7826973721066195,2.6486695429281895,0.13402782917843004
7041,2.583852831101079,2.4609681288709773,0.12288470223010162
7042,2.6897186297435214,2.56104094438197,0.12867768536155122
7043,2.4468691656320676,2.3351878650545315,0.11168130057753611
7044,2.3692636752683165,2.261109395777504,0.10815427949081258
7045,2.2891572918848504,2.1928707060518624,0.09628658583298799
7046,2.458974570905307,2.3399572598873903,0.11901731101791668
7047,2.606856575753258,2.470491160027733,0.13636541572552519
7048,2.5605162457025057,2.426833163683973,0.13368308201853285
7049,2.3893104015252753,2.2727362909813875,0.11657411054388778
7050,2.462803167320323,2.353173854630402,0.10962931268992104
7051,2.719866887154768,2.576090651303369,0.1437762358513992
7052,2.534478756089574,2.3993379141586715,0.1351408419309026
7053,2.431192414725239,2.326830526745143,0.10436188798009605
7054,2.3155997058730553,2.2165970713922882,0.09900263448076707
7055,2.5559150868434215,2.4360526651493744,0.11986242169404715
7056,2.4669081302586324,2.3485827347917683,0.11832539546686416
7057,2.6128282844124757,2.4784163107419075,0.13441197367056823
7058,2.5380284420132693,2.4175325417394613,0.12049590027380797
7059,2.7505141950673577,2.5920156369601934,0.1584985581071643
7060,2.556529342225121,2.4193963865478607,0.13713295567726025
7061,2.3288034317521253,2.234914834860774,0.0938885968913512
7062,2.401266734265803,2.2914880158068063,0.10977871845899667
7063,2.531967691049461,2.4087790559201654,0.12318863512929568
7064,2.458551575682285,2.329853519724869,0.128698055957416
7065,2.5301921643451535,2.398402797075157,0.13178936726999657
7066,2.3400254587120983,2.2342179596774305,0.1058074990346678
7067,2.282249009087226,2.192674537988627,0.08957447109859862
7068,2.4950864022832633,2.3722521090379978,0.12283429324526551
7069,2.6266458088658386,2.4828266144041415,0.1438191944616971
7070,2.4380455924609374,2.311439280739707,0.12660631172123038
7071,2.4683583412187717,2.340765516519717,0.12759282469905475
7072,2.4133129447882924,2.298175419364828,0.11513752542346456
7073,2.490718174835021,2.376478939755813,0.11423923507920808
7074,2.385011119938208,2.2690971076278754,0.11591401231033238
7075,2.3536776829263424,2.2513277662562503,0.10234991667009208
7076,2.496557221919041,2.371668404489391,0.12488881742965008
7077,2.3874537360596264,2.2740485028306145,0.11340523322901186
7078,2.3396378837197673,2.241540269739001,0.09809761398076633
7079,2.4736144253926122,2.3628003786102427,0.1108140467823695
7080,2.383294073516688,2.2858729799532256,0.09742109356346251
7081,2.6144752426625706,2.466666608175169,0.14780863448740167
7082,2.421013464233189,2.309886021426477,0.11112744280671194
7083,2.4235426969465794,2.3119730817097555,0.11156961523682396
7084,2.655052983833148,2.5120763841190223,0.14297659971412546
7085,2.501210118645101,2.3772867770482233,0.12392334159687746
7086,2.3943058645191635,2.2740711277171313,0.12023473680203223
7087,2.610049652669341,2.4765122719732395,0.13353738069610133
7088,2.3796950567986785,2.2770697369643136,0.10262531983436496
7089,2.332005799296763,2.229973530081237,0.10203226921552622
7090,2.5763072074514826,2.4439593797261403,0.13234782772534226
7091,2.576015719804865,2.4506361657740454,0.12537955403081957
7092,2.515056287366283,2.3903036163635076,0.12475267100277554
7093,2.340162856497468,2.244164278526703,0.09599857797076483
7094,2.3134902968002056,2.2161041930814993,0.09738610371870626
7095,2.4092457913618484,2.3014743314675403,0.10777145989430803
7096,2.5725396417193465,2.440910129724339,0.1316295119950075
7097,2.4317438998722407,2.311769590658942,0.11997430921329855
7098,2.275820850514186,2.1765133804295123,0.09930747008467389
7099,2.631087980964709,2.4979685294449108,0.1331194515197982
7100,2.4802671420960776,2.3705029102524837,0.10976423184359385
7101,2.4459910307298878,2.3338291929869017,0.11216183774298605
7102,2.4369927778664766,2.335183725770527,0.10180905209594959
7103,2.416153301862977,2.3115870585788056,0.10456624328417119
7104,2.3957778793846236,2.2948767221678588,0.10090115721676485
7105,2.316741772473672,2.2145315581773977,0.10221021429627442
7106,2.5140334678305147,2.3875295451030376,0.12650392272747712
7107,2.3474636891668568,2.2478750796778235,0.09958860948903325
7108,2.3557384086416038,2.2537094014930257,0.1020290071485781
7109,2.7483762708573485,2.5933414878181353,0.15503478303921314
7110,2.3525786539306224,2.25297777794101,0.09960087598961254
7111,2.4019117849367975,2.3014790523030584,0.10043273263373909
7112,2.378861819025452,2.276160455684983,0.10270136334046898
7113,2.473565154655505,2.356905578577278,0.11665957607822719
7114,2.4179275251594627,2.3145465891119716,0.1033809360474911
7115,2.4507022595054067,2.3408288998315636,0.10987335967384304
7116,2.545356703487297,2.429807293976285,0.11554940951101189
7117,2.360521068885872,2.2517915034583798,0.10872956542749224
7118,2.5282233637476317,2.4154965948556604,0.11272676889197131
7119,2.530421285327051,2.4056712278050663,0.12475005752198465
7120,2.467423335938214,2.348289399057858,0.11913393688035567
7121,2.3864920365699622,2.2811324115320155,0.10535962503794671
7122,2.5524250903092636,2.435291720046677,0.11713337026258674
7123,2.4310853264641725,2.3265476267545226,0.10453769970964988
7124,2.343241121903441,2.2354102403821616,0.1078308815212794
7125,2.3466256522021527,2.2492210356377074,0.09740461656444532
7126,2.4178322167127155,2.3127485331927238,0.10508368351999176
7127,2.5582422219162155,2.4181771123664166,0.1400651095497989
7128,2.3740249626176064,2.2691475184974754,0.104877444120131
7129,2.38735893195871,2.278639110705795,0.10871982125291524
7130,2.3915867723773614,2.272582704233978,0.11900406814338327
7131,2.474250763985903,2.3533075577000235,0.12094320628587951
7132,2.3360689365387657,2.2359203947971378,0.1001485417416279
7133,2.393255028193837,2.286017041201592,0.10723798699224485
7134,2.4388161259501016,2.3320181392362143,0.1067979867138873
7135,2.5845612689871613,2.4551721548946244,0.12938911409253695
7136,2.4312382186166817,2.3224388627641743,0.10879935585250733
7137,2.502524861245128,2.3949283996471395,0.1075964615979883
7138,2.4093236101195927,2.306854111412645,0.10246949870694788
7139,2.5299870855080098,2.395625154987188,0.1343619305208219
7140,2.325361586580273,2.223168737808323,0.10219284877194967
7141,2.34674652261593,2.2530280789485446,0.09371844366738546
7142,2.4300770981914437,2.3212592978936506,0.10881780029779309
7143,2.283886243606601,2.1945430317949937,0.08934321181160731
7144,2.4926036150474475,2.390677826348378,0.10192578869906965
7145,2.473296150343714,2.3555381864069274,0.1177579639367865
7146,2.5153713331223426,2.391010221518733,0.12436111160360941
7147,2.5132810304782405,2.388971749903188,0.1243092805750523
7148,2.355069886884114,2.2625835574437274,0.0924863294403866
7149,2.460412346633135,2.3337113411611314,0.12670100547200347
7150,2.3303138728007604,2.2315643251122603,0.09874954768850008
7151,2.5546938775902115,2.425439227339248,0.12925465025096328
7152,2.396170313328655,2.290920347509272,0.10524996581938328
7153,2.3300265937016564,2.239206404403097,0.0908201892985594
7154,2.502852799895473,2.391411000667241,0.11144179922823172
7155,2.384722717231946,2.278342342339281,0.10638037489266505
7156,2.5968775789852936,2.4675791886145073,0.12929839037078628
7157,2.694296461642083,2.551550360235787,0.14274610140629562
7158,2.33670010100958,2.232895452441418,0.10380464856816163
7159,2.3891108498576563,2.280243093839829,0.1088677560178275
7160,2.2797881644165083,2.1877609530214026,0.09202721139510572
7161,2.58354417875203,2.448586902764728,0.1349572759873019
7162,2.3850895511060615,2.275236174013488,0.10985337709257337
7163,2.452786070473298,2.326467413601364,0.1263186568719341
7164,2.46632372663419,2.3443563430674876,0.12196738356670256
7165,2.648358224418686,2.506497315464274,0.14186090895441206
7166,2.4343631316131606,2.319254760789853,0.11510837082330783
7167,2.5177956358385942,2.384441466049983,0.13335416978861137
7168,2.308244926278424,2.210620079380692,0.0976248468977321
7169,2.466102152543563,2.3411543188314172,0.12494783371214568
7170,2.638057924263691,2.4913520750776335,0.14670584918605734
7171,2.490756126911906,2.37479485110028,0.11596127581162596
7172,2.4190666424033807,2.315018031589723,0.10404861081365757
7173,2.4889928578033604,2.3698410767365745,0.11915178106678592
7174,2.2969230675871093,2.2073141420546194,0.08960892553248989
7175,2.7428247451534533,2.6016431306252352,0.1411816145282181
7176,2.421322658966943,2.3106539805786923,0.1106686783882509
7177,2.415335970361014,2.305678778946241,0.10965719141477281
7178,2.5209863752090147,2.404942879994355,0.11604349521465984
7179,2.3303857103716314,2.2298690085148367,0.10051670185679473
7180,2.4460595144568695,2.324008302818025,0.12205121163884458
7181,2.655407876458071,2.5082330477138934,0.14717482874417742
7182,2.3242790914356055,2.2266436566830263,0.09763543475257919
7183,2.3037119030913216,2.2092554287579835,0.09445647433333804
7184,2.3688015975935275,2.2684206570369887,0.10038094055653879
7185,2.457040071445447,2.3344041865877467,0.12263588485770027
7186,2.2442455990683867,2.1551790961698933,0.08906650289849338
7187,2.341514291709859,2.240329257392812,0.10118503431704706
7188,2.362768972599327,2.254078983099828,0.10868998949949882
7189,2.4572474624739344,2.3396115178565533,0.11763594461738114
7190,2.4237434078869025,2.2997484288415073,0.12399497904539514
7191,2.4301508063363566,2.3180712212468517,0.11207958508950489
7192,2.378669547421958,2.265950568912392,0.11271897850956591
7193,2.396209069977274,2.284280042220446,0.11192902775682789
7194,2.342665337751954,2.2353420710627874,0.10732326668916681
7195,2.49915303299409,2.378414752374641,0.1207382806194488
7196,2.3071494535029626,2.205125508988744,0.10202394451421881
7197,2.59556187375804,2.4704209243586726,0.1251409493993676
7198,2.408677381543389,2.29218641569999,0.1164909658433988
7199,2.497678628501898,2.3757837659498704,0.12189486255202775
7200,2.3644916153138844,2.2521683152550156,0.11232330005886881
7201,2.814813597083383,2.6832186913415246,0.13159490574185861
7202,2.557127911084636,2.4217916570745173,0.13533625401011884
7203,2.2344147863235517,2.145965863962125,0.08844892236142687
7204,2.302724686690039,2.20426018374584,0.09846450294419906
7205,2.459792345685311,2.3549134340724134,0.10487891161289742
7206,2.448078312613947,2.3256191154408308,0.12245919717311615
7207,2.2935711907410194,2.2010946211141857,0.0924765696268337
7208,2.367947453970946,2.25926869970912,0.10867875426182616
7209,2.2646053654809015,2.1732418030915372,0.09136356238936427
7210,2.3285201951583927,2.2311686337074232,0.09735156145096946
7211,2.266569412498627,2.176071183920942,0.09049822857768497
7212,2.375099499513631,2.265261139385756,0.10983836012787496
7213,2.4163302856257545,2.3047126210675053,0.11161766455824917
7214,2.2956851080097693,2.2007177491609826,0.09496735884878671
7215,2.296462534655674,2.2031754827383976,0.09328705191727638
7216,2.477337166696585,2.36111967022844,0.11621749646814505
7217,2.540659288295628,2.4259304347043362,0.11472885359129181
7218,2.594796812016494,2.4590264809251163,0.13577033109137782
7219,2.3428983985106027,2.2347645181380402,0.10813388037256244
7220,2.351511866227421,2.25162613207413,0.0998857341532906
7221,2.486516242996013,2.3664860969346364,0.12003014606137663
7222,2.4521675142683024,2.339509677383499,0.11265783688480324
7223,2.5717775728272225,2.448267667074859,0.12350990575236365
7224,2.5890480470676516,2.4626205710291353,0.12642747603851623
7225,2.4660952442284785,2.3495938694379648,0.1165013747905137
7226,2.2943889358898923,2.205491520256879,0.08889741563301357
7227,2.4557422629376795,2.336251545107304,0.11949071783037546
7228,2.362937151781957,2.2540262621831366,0.10891088959882023
7229,2.543230586158467,2.4110232177586495,0.1322073683998175
7230,2.531148005892501,2.4069247821914272,0.12422322370107386
7231,2.3773137461643032,2.270432828081443,0.10688091808286027
7232,2.337924843221927,2.242651929845876,0.09527291337605126
7233,2.5851688580849417,2.4468876229713343,0.13828123511360735
7234,2.6574847158220867,2.5162006711777187,0.14128404464436795
7235,2.533658110887121,2.403668126961246,0.12998998392587469
7236,2.4438575947370498,2.3300199781076816,0.1138376166293682
7237,2.604775721065796,2.48808081186901,0.11669490919678616
7238,2.549041780650748,2.4224343884394948,0.12660739221125317
7239,2.6198611236612224,2.477765967394602,0.1420951562666204
7240,2.474290911283114,2.3606937015379366,0.11359720974517762
7241,2.3142597593723764,2.2199587148339037,0.09430104453847266
7242,2.3753334418711116,2.266854057104281,0.10847938476683083
7243,2.261691890717664,2.166175730398813,0.09551616031885102
7244,2.4318244623403404,2.3293590176332275,0.10246544470711294
7245,2.3752671210512424,2.2642299506014782,0.11103717044976413
7246,2.3682112465527267,2.2759559809656897,0.092255265587037
7247,2.7257241085750965,2.5964722706311534,0.12925183794394313
7248,2.4563119407630394,2.33297608907024,0.12333585169279937
7249,2.465363771550773,2.348565493682778,0.11679827786799502
7250,2.436311570747561,2.315033478792499,0.121278091955062
7251,2.265534168597817,2.1738571764339523,0.09167699216386493
7252,2.3269535367310725,2.2289143536077884,0.09803918312328408
7253,2.4942580533890535,2.360991835432231,0.1332662179568227
7254,2.4351189474081516,2.3224696669473333,0.11264928046081835
7255,2.466963954851541,2.345567586358325,0.12139636849321622
7256,2.396494277599927,2.279822320045937,0.11667195755399007
7257,2.3827347099132794,2.2666751246638532,0.11605958524942617
7258,2.4949968435186953,2.3809418809825775,0.1140549625361178
7259,2.623476685301221,2.48759269210993,0.13588399319129074
7260,2.532886830170564,2.3988280874064416,0.13405874276412222
7261,2.3814589787125295,2.2752226609847015,0.10623631772782804
7262,2.487595254294553,2.3809978000185343,0.10659745427601885
7263,2.294981022979911,2.1938519407968653,0.1011290821830455
7264,2.370812425153662,2.266082550449421,0.10472987470424089
7265,2.3687988628703427,2.270249959726776,0.09854890314356668
7266,2.2965905835854388,2.2010895714976093,0.09550101208782946
7267,2.6022628699681962,2.473079905492545,0.12918296447565103
7268,2.669895039149108,2.546825910325539,0.1230691288235688
7269,2.3396241280652514,2.2455140784755314,0.09411004958972002
7270,2.2991300518484614,2.2046556047032118,0.09447444714524966
7271,2.424656704212633,2.314260133073928,0.11039657113870494
7272,2.5546674369141193,2.4213728907987617,0.13329454611535763
7273,2.5089593960300847,2.3764066304763176,0.13255276555376705
7274,2.4966148049753425,2.3790435829715526,0.11757122200378989
7275,2.484455205380021,2.366857605707048,0.11759759967297301
7276,2.3893423582925566,2.2792618804318954,0.11008047786066122
7277,2.7333451130466715,2.5811649028198076,0.1521802102268639
7278,2.5103724476284093,2.3865381839355058,0.12383426369290351
7279,2.5461092110957417,2.4119609428679967,0.13414826822774506
7280,2.4155784721893654,2.3108603934595147,0.10471807872985073
7281,2.2350370230678545,2.15450332039885,0.08053370266900428
7282,2.3997015523387626,2.2841032975446645,0.11559825479409813
7283,2.64764758922336,2.5162808045275127,0.13136678469584728
7284,2.3778511414333883,2.2702714246008777,0.10757971683251055
7285,2.387571391689616,2.274167476192811,0.1134039154968054
7286,2.4502348288026745,2.3306548104571903,0.11958001834548426
7287,2.645773585185941,2.514485469794632,0.13128811539130902
7288,2.39457438149577,2.2765836078461095,0.1179907736496606
7289,2.4401939938787804,2.3163968183909036,0.12379717548787683
7290,2.2963996588442024,2.2058725313481635,0.09052712749603886
7291,2.6037445492987557,2.470493182308579,0.13325136699017648
7292,2.436208129066172,2.3230081572461994,0.11319997181997277
7293,2.389068775682112,2.2819254635212762,0.10714331216083561
7294,2.3228756861662707,2.2171603877653268,0.10571529840094396
7295,2.5396609250826345,2.4210047921051845,0.11865613297745004
7296,2.578970652786418,2.4501671068012514,0.1288035459851664
7297,2.3467117739771375,2.2428297913881474,0.10388198258899006
7298,2.344071176375658,2.2474958598840855,0.09657531649157258
7299,2.4855604654387218,2.368164832973749,0.11739563246497298
7300,2.4064883149474032,2.311246887008032,0.09524142793937118
7301,2.404190221666781,2.3012528200420714,0.10293740162470977
7302,2.311102059275837,2.2124591493643955,0.09864290991144165
7303,2.620285940959308,2.483237801355319,0.13704813960398887
7304,2.3672295639885785,2.254961245990632,0.11226831799794645
7305,2.6355560123629442,2.498170584145895,0.13738542821704902
7306,2.341730210700406,2.2374503589430392,0.10427985175736687
7307,2.49728955931702,2.370367219657826,0.12692233965919408
7308,2.4589062568804496,2.347886748911511,0.11101950796893867
7309,2.5127065064726697,2.405533572894726,0.10717293357794366
7310,2.4378033616754764,2.3317552005335886,0.10604816114188775
7311,2.3194920971736477,2.2263094856512136,0.09318261152243412
7312,2.3002941243859625,2.2099411393679778,0.09035298501798472
7313,2.682548145751148,2.5424684478541515,0.1400796978969967
7314,2.4204305128516954,2.303819366714495,0.11661114613720036
7315,2.293280439153307,2.1919480477783733,0.10133239137493355
7316,2.384433997302222,2.275975138042386,0.10845885925983634
7317,2.353207764420806,2.251764801881056,0.10144296253975016
7318,2.477723637912157,2.3707332298731183,0.1069904080390387
7319,2.5642197672771454,2.440828482042001,0.1233912852351442
7320,2.335621504611451,2.2313525994677392,0.10426890514371179
7321,2.5718526435656006,2.4450957979861814,0.12675684557941924
7322,2.3907087172585975,2.2939179019257505,0.09679081533284695
7323,2.4879087995186646,2.367241668349237,0.1206671311694274
7324,2.5518329454091577,2.422741210456827,0.12909173495233084
7325,2.3171764758373428,2.219724650559834,0.09745182527750895
7326,2.4075585846262624,2.2967345485954573,0.11082403603080504
7327,2.4051901738666976,2.2952539826972944,0.10993619116940323
7328,2.7235063670320674,2.5718171628291966,0.1516892042028708
7329,2.27705178479464,2.186358717016559,0.09069306777808128
7330,2.4383618689592432,2.3293878873210203,0.10897398163822292
7331,2.5084189447596965,2.3883224786825963,0.12009646607710023
7332,2.355034128526261,2.248969875274079,0.10606425325218183
7333,2.3652508023260155,2.2606442146930794,0.10460658763293607
7334,2.49417217643099,2.366090756728366,0.1280814197026241
7335,2.5872660371118186,2.474489802532993,0.11277623457882546
7336,2.629122314379464,2.5030564845561107,0.12606582982335324
7337,2.5225144751773647,2.3978367413751522,0.12467773380221248
7338,2.4083505842302717,2.3066675482539347,0.10168303597633699
7339,2.56347152428439,2.4242255155011203,0.13924600878326965
7340,2.575342384740448,2.451759710665078,0.12358267407537005
7341,2.3224013371343952,2.2283120864366217,0.09408925069777352
7342,2.524714125686421,2.4208996846604576,0.1038144410259636
7343,2.358336119345577,2.2583827336768167,0.09995338566876022
7344,2.5106229234132913,2.3932282263797813,0.11739469703351002
7345,2.306644698427076,2.2106131121571524,0.0960315862699237
7346,2.3761557631658485,2.2771312764779124,0.09902448668793618
7347,2.4335179951738337,2.313546443086045,0.11997155208778887
7348,2.4868200250195494,2.3637946416425613,0.1230253833769881
7349,2.694474422921882,2.5632462152984954,0.1312282076233866
7350,2.5775625902262767,2.4504012596226565,0.12716133060362012
7351,2.591718810017589,2.4564390146003197,0.13527979541726953
7352,2.4648482086914205,2.354735986876619,0.11011222181480163
7353,2.599953435776383,2.4710415388181395,0.12891189695824368
7354,2.4044066172754808,2.2958894246717207,0.10851719260376003
7355,2.5224111831075144,2.4011500344081944,0.12126114869932003
7356,2.3327121301031415,2.2307779649273147,0.10193416517582676
7357,2.3703913218453803,2.263254777289836,0.10713654455554433
7358,2.3975072056618436,2.292391456094361,0.10511574956748282
7359,2.4864247355653584,2.3602038760306594,0.12622085953469897
7360,2.4012297970525194,2.278979424084854,0.12225037296766539
7361,2.4739029703159914,2.3587866869051997,0.11511628341079172
7362,2.4042832546841875,2.2989561049240157,0.10532714976017177
7363,2.485870977217715,2.3653968651803643,0.1204741120373507
7364,2.6584785325475675,2.5065844135876287,0.15189411895993876
7365,2.3798188420710162,2.2808916273589612,0.09892721471205501
7366,2.327456112844933,2.237719632394638,0.08973648045029536
7367,2.5683192040916856,2.439610391293069,0.12870881279861646
7368,2.6631576535440415,2.5287935453465984,0.13436410819744316
7369,2.627268491085326,2.4774848637838525,0.14978362730147365
7370,2.296568271161298,2.200063455224594,0.0965048159367039
7371,2.3937388403887816,2.2771746101388275,0.1165642302499541
7372,2.592673392369851,2.475255285165917,0.11741810720393397
7373,2.3431597771057464,2.2360305592954735,0.10712921781027296
7374,2.420953975648956,2.3136225758341293,0.10733139981482687
7375,2.516406377735402,2.384595995890656,0.1318103818447458
7376,2.358910870137642,2.2552058609735903,0.10370500916405145
7377,2.478385606712973,2.3672807794827664,0.11110482723020665
7378,2.478245382823999,2.362631157572872,0.11561422525112697
7379,2.45186557547586,2.3294160220237883,0.12244955345207176
7380,2.499318697059472,2.3716402388883044,0.12767845817116763
7381,2.3004480191178005,2.2020705936802125,0.09837742543758798
7382,2.7199097495806344,2.589493100869885,0.13041664871074943
7383,2.3859169601807144,2.27603391381218,0.1098830463685343
7384,2.497822803924808,2.3852634681202227,0.1125593358045851
7385,2.3810062961817042,2.260154092586816,0.12085220359488824
7386,2.481156842335179,2.3605670143604804,0.12058982797469842
7387,2.405375679079999,2.286633688749459,0.11874199033054023
7388,2.4760657153842054,2.364006704299856,0.11205901108434935
7389,2.4050844090515096,2.302147434488474,0.10293697456303574
7390,2.2771234108155887,2.1828297595090334,0.09429365130655532
7391,2.543824324714002,2.421398273609868,0.12242605110413418
7392,2.3002696985298776,2.1976886789556396,0.10258101957423804
7393,2.4231297916858225,2.317663973703657,0.1054658179821657
7394,2.2714016572772704,2.1764821163062997,0.09491954097097066
7395,2.4019351868101992,2.292901019814489,0.10903416699571045
7396,2.4052929603593185,2.3064661714108863,0.09882678894843222
7397,2.572017248655999,2.4442006516198753,0.1278165970361238
7398,2.4416783844053307,2.3256691736369945,0.11600921076833615
7399,2.40977645621554,2.303436105513857,0.10634035070168313
7400,2.572479865488478,2.430529128164754,0.14195073732372432
7401,2.3432435331247525,2.2459483163065306,0.09729521681822195
7402,2.411131764421121,2.299772470260909,0.1113592941602124
7403,2.46377839485358,2.3496673755724364,0.11411101928114364
7404,2.376643415190515,2.2703538408431507,0.10628957434736419
7405,2.395701539451197,2.2858149887869192,0.10988655066427766
7406,2.4722777085543175,2.3730710467757343,0.09920666177858317
7407,2.572009818718298,2.4255578850300035,0.14645193368829457
7408,2.261786304076353,2.172308793696367,0.08947751037998586
7409,2.434421280054035,2.319854212384316,0.1145670676697188
7410,2.26636644204983,2.1794359927525657,0.08693044929726446
7411,2.412384108053071,2.2976707786800574,0.11471332937301337
7412,2.460438494068264,2.342688564474025,0.1177499295942388
7413,2.4096487063608074,2.3026037114716873,0.10704499488912012
7414,2.3881436919116488,2.2808870173457465,0.10725667456590227
7415,2.4510776748614735,2.3354303192972523,0.11564735556422123
7416,2.5645403477648734,2.4343927625813797,0.13014758518349367
7417,2.476775428304398,2.3561491217364634,0.12062630656793472
7418,2.411034114514761,2.292726994108175,0.1183071204065862
7419,2.4839104863636075,2.375631724488238,0.10827876187536933
7420,2.4898397255805818,2.3700099441482743,0.11982978143230749
7421,2.3756146645595795,2.2761676347609856,0.09944702979859388
7422,2.5493687576442814,2.429206628183285,0.12016212946099625
7423,2.535486993179446,2.4087695637187108,0.12671742946073516
7424,2.4915084579047515,2.3564806222889563,0.13502783561579523
7425,2.309084608117647,2.2089404484026502,0.10014415971499657
7426,2.428685530758857,2.3229649289649736,0.10572060179388343
7427,2.31863710537606,2.2213390825107955,0.09729802286526468
7428,2.5001801730076387,2.3800844348027757,0.12009573820486308
7429,2.5247508870405335,2.4121800668724322,0.11257082016810127
7430,2.360355912724094,2.2580110697979037,0.10234484292619017
7431,2.3976046491535667,2.281532663132167,0.1160719860213999
7432,2.379603725411979,2.269235456038198,0.11036826937378086
7433,2.44856284184786,2.337099760376576,0.11146308147128403
7434,2.2436988092753802,2.153657576466117,0.09004123280926324
7435,2.737503945023533,2.5791963942513867,0.1583075507721463
7436,2.389618046318047,2.2797586510104977,0.10985939530754951
7437,2.417572414102767,2.3089449680191154,0.1086274460836516
7438,2.543594856085522,2.4317067446073297,0.11188811147819244
7439,2.343503743546123,2.242937541382892,0.1005662021632312
7440,2.3934162366302023,2.281771157388112,0.11164507924209044
7441,2.3502879193597352,2.2474694046087547,0.10281851475098058
7442,2.295710370485324,2.2016062676791797,0.09410410280614423
7443,2.29972362190626,2.1994575197509163,0.1002661021553437
7444,2.493079362599179,2.374656711472466,0.1184226511267128
7445,2.237483976627902,2.1504828731783605,0.0870011034495417
7446,2.296154892878632,2.206430871562532,0.08972402131609991
7447,2.6657241079056053,2.51952386062304,0.14620024728256542
7448,2.4871280118018575,2.371879347751835,0.11524866405002232
7449,2.4138340907597513,2.2983471377137086,0.11548695304604273
7450,2.275663362875877,2.1841059537580696,0.09155740911780752
7451,2.4448026675811327,2.3355923300497916,0.10921033753134113
7452,2.397683305094368,2.290833538445389,0.10684976664897894
7453,2.548535648815596,2.4103681652017652,0.1381674836138309
7454,2.4033084975645496,2.2972660736833546,0.106042423881195
7455,2.456597460540963,2.346934790388083,0.10966267015288
7456,2.7473145133654455,2.601040668635405,0.14627384473004046
7457,2.324305744764833,2.2240121334126224,0.10029361135221082
7458,2.399117970667146,2.2856649157198445,0.11345305494730162
7459,2.630493848702174,2.4987046940349433,0.1317891546672305
7460,2.4289967607411627,2.3158537656009255,0.11314299514023718
7461,2.2461260506668634,2.1608651681178648,0.08526088254899866
7462,2.690394134476842,2.5596138028463082,0.13078033163053382
7463,2.4929890494413574,2.3631841774387645,0.12980487200259283
7464,2.3721484126410806,2.2633557207159516,0.10879269192512897
7465,2.3014782422277733,2.212594292912066,0.08888394931570742
7466,2.386475149488819,2.279466625439918,0.10700852404890115
7467,2.372818308561393,2.2745432073753467,0.09827510118604632
7468,2.5489748407064905,2.422176957435554,0.12679788327093666
7469,2.394261500085034,2.294941051913748,0.09932044817128594
7470,2.34924429802509,2.2535336961811625,0.09571060184392755
7471,2.362674494302142,2.2614322025079154,0.10124229179422661
7472,2.4871349658445143,2.36082053203093,0.12631443381358443
7473,2.4731239947614423,2.357555154827665,0.11556883993377731
7474,2.389495007177408,2.2824617078357146,0.10703329934169359
7475,2.3167410177688055,2.2169963874324914,0.09974463033631409
7476,2.442685830273995,2.3356076988983987,0.10707813137559619
7477,2.526935022705911,2.4083537372016304,0.11858128550428049
7478,2.6766979012706935,2.5447970641386393,0.13190083713205425
7479,2.3551164477887987,2.2571788794134178,0.09793756837538092
7480,2.45266442170374,2.33324919519925,0.11941522650448988
7481,2.4837836660034562,2.366770324488185,0.11701334151527121
7482,2.246998557411773,2.1647385952690223,0.08225996214275044
7483,2.6012270405148907,2.4818896513058593,0.11933738920903147
7484,2.3512064266227517,2.2574985318545178,0.09370789476823393
7485,2.55082506158262,2.4347189754102634,0.11610608617235663
7486,2.4509952753580944,2.335460632527907,0.11553464283018755
7487,2.3600126110235915,2.248769650408114,0.11124296061547767
7488,2.6512101034369,2.531992002998962,0.11921810043793757
7489,2.5391247263018895,2.4020937156215556,0.13703101068033385
7490,2.321715896626183,2.2318434910856553,0.08987240554052756
7491,2.507678254247897,2.3824110708916617,0.1252671833562351
7492,2.4107595068400487,2.3105999479093486,0.10015955893070005
7493,2.447787533242904,2.3272785750420093,0.12050895820089469
7494,2.3443831763401026,2.24599727909825,0.09838589724185276
7495,2.3974684271653874,2.297144626825945,0.10032380033944266
7496,2.374230587717836,2.2735675605781696,0.10066302713966646
7497,2.7942451302456623,2.629333220293414,0.16491190995224825
7498,2.2790997305834138,2.1825225138306723,0.09657721675274145
7499,2.2369412853671022,2.1474502331447605,0.08949105222234177
7500,2.3588658490451184,2.2590611807967824,0.099804668248336
7501,2.3314309026188536,2.230220179058645,0.10121072356020866
7502,2.335266767579058,2.2260221831009837,0.10924458447807428
7503,2.541309436663562,2.4246364035207932,0.11667303314276856
7504,2.3901127690002757,2.2726900161728785,0.11742275282739723
7505,2.4315695622509885,2.315539758559378,0.11602980369161031
7506,2.543580182358342,2.4080399035594744,0.13554027879886776
7507,2.451041452025808,2.328408317991477,0.12263313403433074
7508,2.3715063708624853,2.2690682181670567,0.10243815269542855
7509,2.5127297157970405,2.3935115852361823,0.11921813056085817
7510,2.299553373959019,2.2006253697573706,0.09892800420164827
7511,2.462967571743216,2.3468511685227234,0.11611640322049244
7512,2.3060674916354533,2.205180638370808,0.1008868532646452
7513,2.461143749562468,2.3403246061686636,0.1208191433938044
7514,2.4117630235942715,2.303506949720243,0.10825607387402858
7515,2.3483494844376174,2.2547749069555323,0.09357457748208509
7516,2.3034039520887366,2.210352752084214,0.09305120000452272
7517,2.203653037033055,2.121866912873767,0.08178612415928788
7518,2.642716872672689,2.489450729899938,0.15326614277275086
7519,2.290843529568115,2.19802005256748,0.09282347700063509
7520,2.4078215339541558,2.2886518286173563,0.11916970533679949
7521,2.4945948141151946,2.3711158117714928,0.1234790023437018
7522,2.402073110116139,2.281067100947373,0.12100600916876614
7523,2.3593387569113693,2.2444189478911283,0.11491980902024101
7524,2.528927758186753,2.3969935806087754,0.13193417757797743
7525,2.7210359283247016,2.576549301484198,0.14448662684050362
7526,2.5045702604659548,2.37744563165272,0.1271246288132346
7527,2.50513704524473,2.388975725688143,0.11616131955658693
7528,2.4093208773390233,2.301562107195262,0.10775877014376123
7529,2.5119929459665986,2.3828426738205652,0.12915027214603336
7530,2.3629766949790074,2.2635158964055875,0.09946079857341994
7531,2.3893701820228395,2.2846275619215777,0.10474262010126179
7532,2.5116856717020486,2.4021714742313,0.10951419747074853
7533,2.3978066095361372,2.2976731837804905,0.10013342575564677
7534,2.323480829830837,2.226186874758489,0.09729395507234795
7535,2.3393961776677417,2.2345877193113908,0.10480845835635089
7536,2.320177141608587,2.2167184463258054,0.1034586952827814
7537,2.397240578446464,2.287187806005842,0.11005277244062217
7538,2.5061628581217725,2.3939645123651143,0.11219834575665821
7539,2.522182353638069,2.388410319901239,0.13377203373682978
7540,2.375160440486803,2.276157983762676,0.099002456724127
7541,2.3837621800001916,2.2697431893076785,0.11401899069251309
7542,2.47469475720677,2.3688411763779915,0.1058535808287786
7543,2.7208042458175954,2.5672222850920257,0.15358196072556973
7544,2.2601960060761224,2.1728030480756138,0.08739295800050861
7545,2.4159932529826946,2.304606413402167,0.11138683958052775
7546,2.3954381645663014,2.287530701794127,0.10790746277217433
7547,2.529938563167481,2.414557396774875,0.1153811663926061
7548,2.7028268773391266,2.578188213500546,0.12463866383858058
7549,2.2830743174805344,2.1901270281016973,0.092947289378837
7550,2.2272134609128154,2.143432624943691,0.08378083596912456
7551,2.3720320566737843,2.2692755123888393,0.10275654428494496
7552,2.333173294502202,2.240244367956412,0.09292892654578999
7553,2.486587512566205,2.376491656591426,0.11009585597477933
7554,2.5389521971896905,2.404949599962981,0.1340025972267096
7555,2.458770568511808,2.3359655433731508,0.12280502513865743
7556,2.516909265856149,2.394922157959394,0.12198710789675538
7557,2.501562805391946,2.3708513405446316,0.13071146484731422
7558,2.306984914896035,2.2126393424694504,0.09434557242658448
7559,2.4608374108271067,2.3438309452850223,0.11700646554208438
7560,2.538206795404096,2.4181206964921262,0.12008609891196986
7561,2.637520354693193,2.491644376340811,0.14587597835238197
7562,2.471509524845066,2.345998821794182,0.12551070305088396
7563,2.534015838809048,2.39521733178982,0.1387985070192279
7564,2.237459744434759,2.156724547610516,0.0807351968242429
7565,2.4279812597129666,2.333307757517118,0.09467350219584869
7566,2.4029373842306345,2.2875668151708397,0.11537056905979481
7567,2.432973222712379,2.3174309027338014,0.11554231997857745
7568,2.4269057134480874,2.3119600309818593,0.11494568246622805
7569,2.5063610473647744,2.3706371304548974,0.13572391690987695
7570,2.4275762714144875,2.3220009060639955,0.10557536535049206
7571,2.4731930271052125,2.3597434808514195,0.113449546253793
7572,2.276847298821829,2.183643947906664,0.0932033509151653
7573,2.3642572346616335,2.263835771415625,0.10042146324600854
7574,2.5211611877857867,2.3923263398256456,0.1288348479601411
7575,2.5136660449513393,2.3929766314724974,0.12068941347884188
7576,2.799721783158301,2.6452849612372806,0.15443682192102015
7577,2.636546265063711,2.504307236453276,0.13223902861043513
7578,2.3656210247537763,2.2637317887674997,0.10188923598627664
7579,2.4539116291261953,2.331067430433404,0.12284419869279128
7580,2.3247785514197465,2.2182687253942266,0.10650982602551995
7581,2.734017887747181,2.5987167824461177,0.1353011053010631
7582,2.3335313890191665,2.237227888350575,0.09630350066859128
7583,2.461500592276515,2.3556409229191315,0.10585966935738345
7584,2.5415656434497245,2.4228021929073256,0.1187634505423989
7585,2.465463530145754,2.3367162589263777,0.12874727121937646
7586,2.648827782193379,2.5099475739388644,0.13888020825451486
7587,2.3542507350973296,2.261268151305407,0.09298258379192248
7588,2.47457862129388,2.345175911356261,0.12940270993761915
7589,2.3938125831969486,2.291167852571342,0.10264473062560642
7590,2.398333814553591,2.2890938401614096,0.10923997439218125
7591,2.2939012326342487,2.1964443524073736,0.09745688022687515
7592,2.441745119954579,2.33080602699074,0.11093909296383941
7593,2.4808430203613017,2.356140148035107,0.12470287232619448
7594,2.502433207179257,2.3870351199387843,0.11539808724047296
7595,2.516993850936164,2.4004934403896447,0.11650041054651927
7596,2.4289808028231388,2.3197117909729217,0.10926901185021709
7597,2.2337888339112557,2.151235434401263,0.08255339950999252
7598,2.358820727068206,2.256316886180645,0.10250384088756093
7599,2.43668723760568,2.329245237500064,0.10744200010561622
7600,2.4263702698667102,2.312157955064239,0.1142123148024714
7601,2.6832929893321142,2.5489692889476987,0.13432370038441555
7602,2.397260375170229,2.284938862370508,0.11232151279972102
7603,2.524417012153199,2.4070706054202153,0.11734640673298369
7604,2.4467332640909008,2.3362170649463905,0.11051619914451027
7605,2.425652008701658,2.3113359260473527,0.11431608265430526
7606,2.616625742530874,2.488611483860903,0.12801425866997107
7607,2.5661566773198534,2.4331625976051363,0.1329940797147171
7608,2.5398285783203134,2.421543538484392,0.11828503983592142
7609,2.342708031449538,2.239197873507738,0.10351015794180007
7610,2.2222234337389453,2.137889282204032,0.0843341515349132
7611,2.3209152005701927,2.2267663477034727,0.09414885286672003
7612,2.2249219971480634,2.142257431202905,0.08266456594515859
7613,2.4691330637159408,2.34737193071981,0.12176113299613078
7614,2.349582040785878,2.239559022198684,0.11002301858719399
7615,2.412687146492405,2.308676870861545,0.10401027563086007
7616,2.5487923495947973,2.414288887587186,0.13450346200761132
7617,2.3715483443030543,2.272669430085591,0.09887891421746309
7618,2.452897573219145,2.3368281177888637,0.11606945543028147
7619,2.4366726825665923,2.315529805137884,0.12114287742870822
7620,2.275199259723568,2.180779637204831,0.09441962251873726
7621,2.4137650529534502,2.2980449865151407,0.11572006643830957
7622,2.4023391328768007,2.2988760493025513,0.10346308357424938
7623,2.5339638825056534,2.4057075843786855,0.12825629812696793
7624,2.4109323654875534,2.3030523234788354,0.10788004200871804
7625,2.462302749983295,2.3447851041581185,0.11751764582517632
7626,2.4676474993543525,2.353341058887688,0.1143064404666645
7627,2.2808351505852453,2.1886174240407117,0.09221772654453364
7628,2.815227870108436,2.6762560488426024,0.13897182126583374
7629,2.769990353380951,2.6148019796388016,0.15518837374214955
7630,2.5537999521872754,2.4127097826095327,0.14109016957774267
7631,2.2816160331313076,2.1897561721519945,0.09185986097931309
7632,2.3982361931086578,2.2876358878218337,0.11060030528682407
7633,2.3899962257774203,2.2790300977722002,0.1109661280052201
7634,2.3975244282825856,2.296817159468407,0.1007072688141788
7635,2.329773641838721,2.2284424023873033,0.10133123945141786
7636,2.3358320282789746,2.2348329410400205,0.10099908723895412
7637,2.51238931600104,2.3947532691061477,0.11763604689489249
7638,2.4552678041671108,2.3411820582467526,0.11408574592035814
7639,2.415795594648419,2.313190053456895,0.1026055411915241
7640,2.4692251829423406,2.3497275686385684,0.11949761430377226
7641,2.5309138795566795,2.4173408247418924,0.11357305481478708
7642,2.2784468928101616,2.183088830168538,0.0953580626416235
7643,2.5741364530706523,2.458494412697861,0.11564204037279113
7644,2.3648437134310276,2.2673590898216878,0.09748462360933985
7645,2.4574196991235495,2.3348693601125166,0.12255033901103296
7646,2.415144293969943,2.299462939860546,0.11568135410939684
7647,2.3563630749544915,2.2471773344768815,0.10918574047760998
7648,2.5482634692437376,2.421504287527225,0.1267591817165128
7649,2.3936082959193734,2.277962866686987,0.1156454292323863
7650,2.4016590694260693,2.2908068002655524,0.11085226916051694
7651,2.525148209190488,2.398150170252371,0.12699803893811712
7652,2.3684595329010194,2.2584215087930373,0.11003802410798214
7653,2.4104781528031047,2.300940525494063,0.1095376273090416
7654,2.2966884685392666,2.199652574786921,0.09703589375234545
7655,2.5002463766328726,2.3788761527801388,0.12137022385273388
7656,2.288026102553066,2.1995196882772348,0.08850641427583117
7657,2.5847370152980216,2.448992647147835,0.13574436815018665
7658,2.4559926578584186,2.3466471068336903,0.10934555102472832
7659,2.8056047193036857,2.643428465254949,0.1621762540487368
7660,2.4287769038685494,2.315967136973011,0.11280976689553857
7661,2.292996305010758,2.196754771835858,0.09624153317489981
7662,2.4258814006715332,2.3127407139725453,0.11314068669898791
7663,2.5065560403817613,2.3723300388794573,0.13422600150230402
7664,2.576665141328251,2.446973439401332,0.12969170192691903
7665,2.3092727170949603,2.2135353575897976,0.09573735950516271
7666,2.5169559395349452,2.4059028307968804,0.11105310873806484
7667,2.585296745963097,2.449580044816326,0.13571670114677126
7668,2.3271496622386816,2.230430144626696,0.0967195176119855
7669,2.4213317770822655,2.3079217620391064,0.11341001504315917
7670,2.334447051828122,2.2243212780040036,0.11012577382411859
7671,2.3550250862187982,2.2476864619075356,0.10733862431126262
7672,2.4263484850363657,2.3229979035792714,0.1033505814570943
7673,2.493517526104374,2.3624338284452984,0.13108369765907568
7674,2.2879594401181973,2.190153115995738,0.09780632412245938
7675,2.5081102744264325,2.3822817103700102,0.1258285640564223
7676,2.5956717402180782,2.4486207668861373,0.14705097333194095
7677,2.3243370563647647,2.231168873868215,0.09316818249654979
7678,2.4012469705512136,2.2878774066887946,0.11336956386241903
7679,2.598217445408768,2.4652462654488256,0.13297117995994245
7680,2.466190256804816,2.350293657287782,0.11589659951703402
7681,2.520377622069386,2.3947025249812177,0.12567509708816837
7682,2.611661035354831,2.470727838154053,0.1409331972007779
7683,2.439226837427338,2.321805391674493,0.11742144575284463
7684,2.322163816587525,2.22509188258081,0.09707193400671477
7685,2.431856234248,2.325120860270283,0.10673537397771682
7686,2.395840623769835,2.2973372059026054,0.09850341786722971
7687,2.306516435198519,2.2084787776245114,0.0980376575740074
7688,2.3450820337915403,2.243774416187677,0.10130761760386342
7689,2.5002679252740685,2.3851949042019336,0.1150730210721349
7690,2.3478926075696633,2.2465845513676856,0.10130805620197769
7691,2.3531920094433634,2.2435984971300655,0.10959351231329784
7692,2.4843865625276265,2.3732718411975204,0.11111472133010603
7693,2.256497920608386,2.1657271861742693,0.09077073443411665
7694,2.303406347981016,2.203880182577568,0.09952616540344783
7695,2.4135206077098528,2.3027796730745775,0.11074093463527523
7696,2.3608032733503377,2.263236752298435,0.09756652105190255
7697,2.417700066385418,2.3189508090294475,0.09874925735597051
7698,2.2661250625234577,2.1798811343669553,0.08624392815650239
7699,2.2134728028429365,2.1290274908798006,0.08444531196313587
7700,2.558401525738811,2.433652381213351,0.12474914452546004
7701,2.3549687028076938,2.2503455440843987,0.10462315872329508
7702,2.414114159097654,2.298469872909766,0.11564428618788769
7703,2.3490196889405808,2.237345550981266,0.11167413795931491
7704,2.263860698116968,2.170818038386304,0.09304265973066395
7705,2.539352156393852,2.4071753487475216,0.13217680764633055
7706,2.332156810254701,2.240774439628746,0.09138237062595511
7707,2.4407802777826832,2.3150867661356704,0.1256935116470128
7708,2.480993928563784,2.3613207665931557,0.11967316197062816
7709,2.332656482389944,2.235661066798534,0.0969954155914099
7710,2.5460540650911003,2.419938570960748,0.12611549413035217
7711,2.358120373413964,2.255418652495384,0.1027017209185801
7712,2.262628844439678,2.1680737404403407,0.09455510399933731
7713,2.4998773472218763,2.374063623284696,0.12581372393718038
7714,2.495571867245664,2.359766866622653,0.13580500062301137
7715,2.376427465638322,2.278083898265715,0.09834356737260741
7716,2.2869703841324123,2.190547179462725,0.09642320466968712
7717,2.929282956044373,2.770800543286632,0.1584824127577411
7718,2.2865919720642602,2.193990781375927,0.09260119068833328
7719,2.453661193844191,2.3289217868524004,0.12473940699179042
7720,2.2746364574928704,2.176408779162777,0.09822767833009349
7721,2.3254603138417864,2.2305922249370838,0.09486808890470266
7722,2.50958103037579,2.391582697296367,0.1179983330794232
7723,2.396043771593212,2.2875546335319297,0.10848913806128246
7724,2.565884533146627,2.4379351860192426,0.12794934712738426
7725,2.4264040387652335,2.305913278936604,0.12049075982862956
7726,2.350874663534823,2.246589447489648,0.10428521604517504
7727,2.4457917603355845,2.32459439566367,0.12119736467191444
7728,2.503049106618997,2.3761402866958514,0.12690881992314562
7729,2.571684815649441,2.4326251993808023,0.13905961626863883
7730,2.6345066668949286,2.485951528939408,0.14855513795552078
7731,2.2806324122142323,2.1801963213537925,0.10043609086043981
7732,2.6735692052731412,2.5163220085248175,0.15724719674832377
7733,2.3295751640782996,2.2315130187759125,0.0980621453023871
7734,2.3494744686468456,2.2400567706085166,0.10941769803832901
7735,2.4357483472791173,2.322506095064399,0.11324225221471806
7736,2.4040692793826084,2.288001458989654,0.1160678203929546
7737,2.5676030518201785,2.433601352015268,0.1340016998049105
7738,2.2891423554342625,2.191129871202675,0.09801248423158748
7739,2.2783330718818995,2.186886889202084,0.09144618267981564
7740,2.297745842720325,2.203101234949435,0.09464460777088979
7741,2.3549952401292664,2.251383505887479,0.10361173424178727
7742,2.4368301508792634,2.327781427932105,0.10904872294715817
7743,2.401457289554436,2.2960936076423093,0.10536368191212686
7744,2.379360398304208,2.2686884628872948,0.11067193541691323
7745,2.323427741620982,2.2241361775594513,0.09929156406153083
7746,2.6221040470717116,2.497724778884922,0.12437926818678946
7747,2.1900084510161406,2.1082744208101407,0.0817340302059999
7748,2.3750849831350664,2.2652444910435516,0.10984049209151481
7749,2.4904140228609113,2.3695118888921884,0.12090213396872285
7750,2.5536848525038125,2.4164023405442046,0.13728251195960794
7751,2.470317334789945,2.361248852759675,0.10906848203027009
7752,2.471876418915122,2.3478857682591636,0.12399065065595849
7753,2.4571937871653944,2.338289042996231,0.1189047441691633
7754,2.347941267040192,2.2518275630091544,0.09611370403103736
7755,2.435908010736821,2.314865005895162,0.12104300484165931
7756,2.293264668377465,2.1963075331791453,0.09695713519831983
7757,2.2896299824771305,2.1992794096956616,0.09035057278146885
7758,2.617049973587952,2.4883179232538257,0.1287320503341265
7759,2.4996967828703687,2.3731322280983207,0.12656455477204798
7760,2.611941663515782,2.471901197533464,0.140040465982318
7761,2.5053700891730424,2.3816467897811817,0.12372329939186066
7762,2.532991576860609,2.40931704551682,0.12367453134378925
7763,2.749261961906912,2.6070950122318357,0.14216694967507637
7764,2.3872245437801647,2.278313360840106,0.10891118294005864
7765,2.369115819205277,2.256323165176203,0.11279265402907379
7766,2.4077786235603904,2.3054280343692266,0.1023505891911638
7767,2.4291230052328467,2.3100528309063266,0.11907017432652012
7768,2.4521146067327537,2.335766928395191,0.11634767833756277
7769,2.4443109411181707,2.327052933086514,0.11725800803165676
7770,2.4434484003245664,2.3205058104385343,0.12294258988603213
7771,2.4182660267772143,2.31038257869632,0.10788344808089434
7772,2.3924421709326498,2.2804584599400406,0.11198371099260918
7773,2.286975629048863,2.1911030853115925,0.09587254373727072
7774,2.5630935699755444,2.4371314809166242,0.12596208905892015
7775,2.333464963472218,2.2288367196247387,0.10462824384747949
7776,2.442140891556765,2.332198997326548,0.10994189423021705
7777,2.3833011157414057,2.2726237792720783,0.11067733646932743
7778,2.399328752021421,2.2878212662822826,0.11150748573913827
7779,2.3816552853122333,2.285130310622723,0.09652497468951005
7780,2.4069700825322093,2.308720365061636,0.0982497174705732
7781,2.5258937181241863,2.3928518361148283,0.13304188200935796
7782,2.3910958384946768,2.2868878120815284,0.10420802641314841
7783,2.345565565019497,2.242990150436466,0.10257541458303088
7784,2.3311742628241734,2.2338125898414316,0.09736167298274179
7785,2.2338486837030618,2.1515523130289096,0.08229637067415219
7786,2.4942684913333166,2.3667330396527384,0.12753545168057823
7787,2.2629456857118746,2.1712191118240036,0.09172657388787098
7788,2.4584240699774598,2.34104790565674,0.11737616432071984
7789,2.3104072512983285,2.20574899301684,0.10465825828148834
7790,2.361700647108634,2.2463966002114493,0.11530404689718488
7791,2.4527004949679845,2.3384016685776032,0.11429882639038125
7792,2.568850652808223,2.455671243011921,0.11317940979630192
7793,2.4449175990601786,2.320924701469069,0.12399289759110976
7794,2.292437662896818,2.188142920053705,0.10429474284311313
7795,2.349663428375474,2.2478331810067114,0.10183024736876245
7796,2.3755536705242237,2.2704413363477514,0.10511233417647237
7797,2.3806776418110065,2.2789319121081095,0.10174572970289697
7798,2.3803958074479894,2.271290565945462,0.10910524150252732
7799,2.2526446628431818,2.166486517126804,0.08615814571637781
7800,2.395126580792757,2.2847297605449786,0.1103968202477783
7801,2.4046587419883534,2.289330693632559,0.11532804835579435
7802,2.365480420852777,2.2679986107194696,0.09748181013330726
7803,2.620599398730718,2.48447557805849,0.13612382067222795
7804,2.3883665115571953,2.2828340236709574,0.10553248788623781
7805,2.429695812823007,2.312026848889732,0.11766896393327464
7806,2.208588394095215,2.128161679264054,0.08042671483116104
7807,2.5262761934599007,2.4033154217262043,0.12296077173369646
7808,2.543586477186266,2.4133735268327077,0.1302129503535583
7809,2.355219463173057,2.2407035659307475,0.1145158972423097
7810,2.3591251244315026,2.261587505648684,0.09753761878281875
7811,2.575414072605897,2.4509027117220827,0.12451136088381443
7812,2.3634321083245036,2.2568744435171424,0.10655766480736117
7813,2.439696995176121,2.3285202295691407,0.11117676560698042
7814,2.5384978125557653,2.409753196432917,0.1287446161228485
7815,2.2655098929707904,2.1689929633968816,0.09651692957390878
7816,2.5240348561679364,2.405693525437185,0.11834133073075126
7817,2.581491613650068,2.4419310040594304,0.13956060959063743
7818,2.404323106499872,2.3045553871138256,0.09976771938604623
7819,2.2739737793202055,2.179559660500958,0.09441411881924733
7820,2.50423104968127,2.373301959759167,0.13092908992210317
7821,2.425839089020518,2.3059749040154434,0.11986418500507456
7822,2.4885929353455776,2.3714498453952255,0.11714308995035205
7823,2.4906972340141085,2.372714555002144,0.11798267901196446
7824,2.6085976750442903,2.4666890286419307,0.14190864640235956
7825,2.421539492680218,2.306627309522307,0.11491218315791096
7826,2.2161984381833624,2.135061072714323,0.08113736546903949
7827,2.469184166129261,2.3498573913848646,0.11932677474439624
7828,2.4135960365880966,2.3009720690326407,0.1126239675554559
7829,2.4066465965113393,2.297524779479698,0.10912181703164148
7830,2.5233390867078547,2.3908785311143177,0.13246055559353698
7831,2.5953328230864647,2.4652975487612827,0.13003527432518203
7832,2.218201639694704,2.134357162220458,0.08384447747424595
7833,2.244897876753601,2.151981987944292,0.09291588880930934
7834,2.489495224215578,2.366819518214863,0.12267570600071487
7835,2.291724261072669,2.197870943322563,0.09385331775010597
7836,2.2703777280278397,2.173816428686324,0.09656129934151547
7837,2.337076205292744,2.2317465873353735,0.10532961795737039
7838,2.3020840377473544,2.2016959940191283,0.10038804372822607
7839,2.59408573537445,2.461664799712751,0.132420935661699
7840,2.5197398427764157,2.3887203046383148,0.13101953813810097
7841,2.2455372474568476,2.155247098455846,0.09029014900100174
7842,2.4163237989155397,2.3125675182633247,0.10375628065221498
7843,2.273881475819123,2.186683764455586,0.08719771136353716
7844,2.517668344823057,2.4035003876327377,0.11416795719031914
7845,2.4212896527250827,2.2995978675102706,0.12169178521481205
7846,2.3592447552326146,2.251959314042115,0.10728544119049976
7847,2.392036886701284,2.2794966285481575,0.11254025815312652
7848,2.369964253648244,2.259742704108452,0.11022154953979202
7849,2.508618715128457,2.3903785313956574,0.11824018373279976
7850,2.4253318312687178,2.318360109030109,0.10697172223860862
7851,2.3439769736176777,2.2461837745056394,0.09779319911203821
7852,2.491905889117298,2.379059891681832,0.11284599743546586
7853,2.460139597920685,2.3397384318612118,0.12040116605947304
7854,2.4578695376202226,2.3516734398648027,0.10619609775541994
7855,2.5129139167274874,2.389936506947049,0.12297740978043858
7856,2.2785303369395242,2.1862174930660463,0.09231284387347793
7857,2.519092972918925,2.3984817717966056,0.12061120112231949
7858,2.5472328101227912,2.4097425692366294,0.1374902408861618
7859,2.378896362281199,2.274185656800954,0.10471070548024475
7860,2.374261680995419,2.2629162118063832,0.11134546918903565
7861,2.2744219075785663,2.1799105500363285,0.09451135754223783
7862,2.478963125915278,2.3561442651823823,0.12281886073289572
7863,2.4017870378622055,2.2920080700382313,0.10977896782397423
7864,2.5926884811378743,2.4606866881818807,0.13200179295599357
7865,2.607343745633042,2.476622366239862,0.1307213793931803
7866,2.354484611441897,2.2532830448277013,0.10120156661419566
7867,2.5192576340267134,2.4032262896039143,0.11603134442279917
7868,2.38613908395988,2.2882328419266194,0.0979062420332606
7869,2.7328780794690375,2.5953420928424813,0.1375359866265562
7870,2.5923208933543043,2.4608161560505795,0.1315047373037248
7871,2.442667936242026,2.3361024794186918,0.10656545682333407
7872,2.384275526922591,2.2738727804633765,0.11040274645921455
7873,2.302230357179247,2.2142538890482477,0.08797646813099913
7874,2.3850444073542625,2.2828469144703685,0.10219749288389401
7875,2.454505562157232,2.3458106830186574,0.10869487913857467
7876,2.5726695412194784,2.4522763190622108,0.12039322215726767
7877,2.267127631691278,2.1716294059916113,0.0954982256996666
7878,2.5726955447576123,2.4351370673725894,0.13755847738502291
7879,2.325587078913479,2.225918194097201,0.09966888481627789
7880,2.4115863683000467,2.301571594106474,0.11001477419357286
7881,2.569647733612079,2.438947979085126,0.13069975452695282
7882,2.3404045445925763,2.2404805928280553,0.09992395176452096
7883,2.3817377627079312,2.2757283592801265,0.10600940342780474
7884,2.2556218371251133,2.1687405221018907,0.0868813150232226
7885,2.343591531308954,2.2413850831075703,0.1022064482013838
7886,2.518584816822795,2.3987410763800683,0.11984374044272661
7887,2.207833738047119,2.120314653067309,0.08751908497980976
7888,2.430534479140864,2.306707695552802,0.1238267835880622
7889,2.351428300852808,2.2479370513924026,0.10349124946040522
7890,2.5811442927316306,2.448265053317033,0.13287923941459745
7891,2.3551579728647143,2.26056683173115,0.09459114113356426
7892,2.464302543388965,2.3281950264864877,0.13610751690247724
7893,2.521450514169838,2.3823081901667464,0.13914232400309157
7894,2.406202364311262,2.3026705483838845,0.10353181592737748
7895,2.3578916257666864,2.2538759166071864,0.10401570915949998
7896,2.396076558971014,2.2888278148930614,0.10724874407795237
7897,2.48519523014052,2.373174816282138,0.11202041385838202
7898,2.4962009525045015,2.3675808482203493,0.12862010428415216
7899,2.3695946581036487,2.2656017114918123,0.10399294661183633
7900,2.367809783029309,2.262870445728719,0.10493933730058957
7901,2.434868239605142,2.316157676863203,0.11871056274193936
7902,2.4055011342386963,2.2921366148828266,0.11336451935586966
7903,2.4152701126498415,2.3132251027894064,0.10204500986043508
7904,2.2951417106080663,2.1995943739246986,0.09554733668336768
7905,2.300182598695369,2.2018825098968713,0.0983000887984975
7906,2.386396578888881,2.2819322755772187,0.10446430331166212
7907,2.2169873380363416,2.132887344332031,0.08409999370431054
7908,2.3105599008254107,2.212714211836372,0.09784568898903867
7909,2.599337655822436,2.464703829292168,0.13463382653026823
7910,2.6932806733126147,2.566809040870097,0.12647163244251747
7911,2.475952757586204,2.349475341202682,0.12647741638352183
7912,2.460255979251911,2.336461114189721,0.12379486506219006
7913,2.3155662609297614,2.2214044807854934,0.09416178014426801
7914,2.64709166966822,2.5129670636242962,0.13412460604392384
7915,2.4039934040836157,2.2928228413765113,0.11117056270710446
7916,2.36612324792416,2.2607447887788132,0.1053784591453466
7917,2.36188649686916,2.2607957747203864,0.10109072214877379
7918,2.554038613063703,2.4371559269063003,0.11688268615740283
7919,2.3997901363756724,2.282664957849815,0.11712517852585735
7920,2.3101070312496597,2.2099414760387934,0.10016555521086623
7921,2.5488708360491574,2.433969435811058,0.11490140023809925
7922,2.6388839530602883,2.497129500017186,0.1417544530431023
7923,2.5974308844268177,2.4574573758965896,0.13997350853022805
7924,2.3543418087023564,2.247724366975232,0.10661744172712462
7925,2.3838514192689657,2.2760982923145043,0.10775312695446138
7926,2.4857848771099245,2.384774242951618,0.10101063415830636
7927,2.3319367814361818,2.2261106621901097,0.1058261192460721
7928,2.4483593915101762,2.332826000540786,0.1155333909693903
7929,2.499320785522916,2.3929728542517363,0.1063479312711797
7930,2.341557825771438,2.243473364336513,0.098084461434925
7931,2.5641898506716707,2.4291355178445486,0.1350543328271221
7932,2.36491819887277,2.26086057100233,0.10405762787044015
7933,2.4893986183676304,2.3674634313014407,0.12193518706618978
7934,2.4234867703907925,2.3060632440072326,0.1174235263835599
7935,2.4405879635543584,2.332704994425697,0.10788296912866135
7936,2.333481311611043,2.2390963658819154,0.0943849457291277
7937,2.440422384808276,2.3309114675245213,0.1095109172837545
7938,2.3378983948354426,2.2348783592850263,0.10302003555041628
7939,2.3271479121549996,2.2246708777348294,0.1024770344201702
7940,2.6071735902002846,2.47658494039154,0.13058864980874452
7941,2.598277669166212,2.4606793465559416,0.1375983226102706
7942,2.39397879706679,2.2897843372704245,0.10419445979636555
7943,2.4144518289798107,2.304953801683557,0.10949802729625358
7944,2.5191988017612132,2.393304867245429,0.12589393451578434
7945,2.712467736438518,2.590186046985825,0.1222816894526928
7946,2.440789208812455,2.326521303045827,0.11426790576662782
7947,2.5817973061177684,2.4358703982673124,0.14592690785045592
7948,2.552012246315465,2.424520252750989,0.12749199356447605
7949,2.7939513579070803,2.65038356335654,0.14356779455054047
7950,2.403753640435022,2.2915007550557256,0.11225288537929634
7951,2.57020172104931,2.4397555838270253,0.1304461372222847
7952,2.3936911232704197,2.2903633764529907,0.10332774681742896
7953,2.3777083377069563,2.278945551660918,0.09876278604603828
7954,2.523267327305251,2.398387645055881,0.12487968224936985
7955,2.454647496301399,2.341360963962378,0.1132865323390213
7956,2.4388128521051544,2.3218440115208305,0.11696884058432389
7957,2.4124605751955728,2.30405356012884,0.10840701506673289
7958,2.397016600076979,2.2763077661008952,0.12070883397608378
7959,2.397385787327975,2.2923434158320126,0.10504237149596252
7960,2.4892193874770703,2.374370352304956,0.11484903517211409
7961,2.3827731954640448,2.2633628464580107,0.11941034900603409
7962,2.6672758109592265,2.518535668974906,0.1487401419843204
7963,2.2908071027317094,2.1932796318357064,0.097527470896003
7964,2.312112018169462,2.21502746757731,0.09708455059215204
7965,2.3984280662480564,2.296219258749,0.10220880749905659
7966,2.6611622946662714,2.53439570716834,0.12676658749793157
7967,2.5874809629212017,2.4594640334605296,0.1280169294606721
7968,2.3380264905446415,2.234762224457147,0.1032642660874945
7969,2.3945042487279147,2.287635820413701,0.10686842831421384
7970,2.5362916018151407,2.420279752143466,0.11601184967167466
7971,2.2605964655896096,2.1685370476607373,0.09205941792887229
7972,2.425868621633861,2.305951453364882,0.11991716826897925
7973,2.4869308569240878,2.3745398098790536,0.11239104704503422
7974,2.387460590616865,2.2892551694848926,0.0982054211319725
7975,2.3409863935555255,2.2325144741157676,0.10847191943975787
7976,2.39782951984546,2.288112109941137,0.10971740990432277
7977,2.3128059672986674,2.211705538287605,0.10110042901106242
7978,2.495019754706964,2.3741568288202624,0.12086292588670178
7979,2.5346600474798,2.400464836513114,0.13419521096668596
7980,2.2730642726373103,2.1798900098253235,0.09317426281198671
7981,2.509962961862532,2.376739983384931,0.13322297847760112
7982,2.529240351938711,2.3902486203094004,0.13899173162931078
7983,2.5197816484815925,2.3881269593463244,0.13165468913526812
7984,2.363794915919183,2.2651610957865214,0.09863382013266175
7985,2.358357099737243,2.2495764859254623,0.10878061381178084
7986,2.4983170131131915,2.3836077193091785,0.11470929380401307
7987,2.589292911689402,2.4834544909629166,0.10583842072648553
7988,2.339616432447543,2.2413626396811805,0.09825379276636248
7989,2.29310046339161,2.20467954353458,0.08842091985702982
7990,2.359859033065968,2.2604396296699885,0.09941940339597943
7991,2.5150198600560087,2.4018524815795432,0.11316737847646552
7992,2.514776837852074,2.3817705496791852,0.13300628817288862
7993,2.307421505755279,2.208190160386824,0.09923134536845524
7994,2.4656284093232714,2.352922082769483,0.11270632655378865
7995,2.2713094069076702,2.1761687138684995,0.09514069303917072
7996,2.4328243192505647,2.3271039521953374,0.10572036705522736
7997,2.4027760320532083,2.2962608295428093,0.10651520251039903
7998,2.281652063996016,2.181928935562419,0.09972312843359665
7999,2.4013376069129397,2.279388692870303,0.12194891404263686
8000,2.3657814033099647,2.2519683002100988,0.11381310309986592
8001,2.2945387762003295,2.192399194035428,0.10213958216490138
8002,2.645446093565336,2.5086069273176705,0.13683916624766557
8003,2.421143905007114,2.30956446888203,0.11157943612508392
8004,2.687654002538438,2.5474280884443394,0.14022591409409868
8005,2.4272026548520595,2.3170996806464874,0.11010297420557213
8006,2.4911184891378393,2.3735613534611906,0.11755713567664872
8007,2.4798392027657754,2.3601390114585947,0.11970019130718068
8008,2.4747890874908314,2.3564904987498303,0.11829858874100108
8009,2.4615067317483548,2.343780865059017,0.11772586668933771
8010,2.4071942566163504,2.2878585973175256,0.11933565929882484
8011,2.2545599892390227,2.1670243558954483,0.08753563334357439
8012,2.359310925175456,2.253126896496915,0.10618402867854115
8013,2.483847092847204,2.3639905577037954,0.11985653514340866
8014,2.4938169587988783,2.3791419068844184,0.11467505191445992
8015,2.509296438369476,2.3869652665037036,0.12233117186577225
8016,2.348559694057451,2.2415580979557017,0.1070015961017492
8017,2.4815924278107095,2.360407353706274,0.12118507410443558
8018,2.5226970619863582,2.4054983099257368,0.11719875206062147
8019,2.538723777615196,2.4186305083027086,0.1200932693124872
8020,2.291114306172562,2.1996434727875176,0.09147083338504425
8021,2.4162967058219325,2.3185071126270524,0.09778959319488001
8022,2.7567612689665473,2.6013118049292716,0.15544946403727566
8023,2.4178354487481424,2.308497130146901,0.10933831860124155
8024,2.5536413074530158,2.4425407942993993,0.11110051315361646
8025,2.3347037726243443,2.2291541168650237,0.10554965575932052
8026,2.468032468015407,2.3570984892011113,0.11093397881429556
8027,2.3686212249949765,2.2611669033016915,0.10745432169328506
8028,2.438676956410368,2.333870305339464,0.10480665107090381
8029,2.5450548922676344,2.4124989731389137,0.13255591912872067
8030,2.3459735579000407,2.240626106923118,0.10534745097692255
8031,2.4393377904591356,2.323798099072561,0.11553969138657472
8032,2.4150375001902633,2.292344333704439,0.12269316648582418
8033,2.310058230674461,2.2154432034779905,0.09461502719647052
8034,2.4863250021490506,2.3585496319131893,0.12777537023586127
8035,2.680881135242556,2.5412478468928814,0.1396332883496747
8036,2.2956106849796516,2.2031917205312244,0.09241896444842723
8037,2.851476392737029,2.696435499125398,0.15504089361163098
8038,2.554598988396057,2.427608636030732,0.12699035236532508
8039,2.396867927682877,2.2860113555523847,0.11085657213049238
8040,2.583080369047499,2.4670377496562557,0.11604261939124338
8041,2.524252859544722,2.3920167954523937,0.13223606409232813
8042,2.383870781623724,2.286823892635096,0.09704688898862779
8043,2.4536271970341055,2.328585666283718,0.1250415307503876
8044,2.382506898981614,2.2791933145670242,0.1033135844145896
8045,2.376801029486409,2.2766118473881787,0.10018918209823013
8046,2.4901515885387373,2.366300180974476,0.12385140756426116
8047,2.4252737737078385,2.307277199766637,0.11799657394120144
8048,2.467708505267101,2.350511185069267,0.11719732019783402
8049,2.369272548561063,2.27454051217424,0.09473203638682293
8050,2.337857074853723,2.2418290736699826,0.09602800118374022
8051,2.4593741516211725,2.337545452931574,0.12182869868959845
8052,2.770202636279097,2.6266387502482864,0.14356388603081038
8053,2.365407491017199,2.2511966749727947,0.11421081604440442
8054,2.365539671862263,2.26128070393905,0.10425896792321332
8055,2.4153415006217864,2.2979136733934067,0.11742782722837974
8056,2.4735775008619196,2.3459433320211325,0.12763416884078715
8057,2.339098392891293,2.234570614942307,0.10452777794898616
8058,2.681250504388504,2.538404949929702,0.14284555445880232
8059,2.538986280542053,2.3995294164894156,0.13945686405263746
8060,2.369797850961176,2.270987920578679,0.09880993038249697
8061,2.3000336132573316,2.2055755457745865,0.0944580674827451
8062,2.3132820236555562,2.2127810799991265,0.1005009436564297
8063,2.3782150565518307,2.276615235222043,0.10159982132978795
8064,2.4231768246440835,2.306557078707334,0.11661974593674929
8065,2.674468250259763,2.544988217369791,0.12948003288997212
8066,2.4929825614099426,2.3773431555029885,0.1156394059069541
8067,2.5039093708698528,2.390884645899902,0.11302472496995097
8068,2.348129030238996,2.241175944852845,0.10695308538615089
8069,2.3001389770902327,2.205452868955249,0.0946861081349839
8070,2.7137672013348078,2.563884366371992,0.14988283496281563
8071,2.250414880378139,2.1619013313773405,0.08851354900079844
8072,2.433794092301718,2.3189563742164823,0.1148377180852358
8073,2.510380897889074,2.397142365388686,0.11323853250038773
8074,2.5633565234339013,2.4423443222992955,0.12101220113460576
8075,2.279011610385964,2.185911516986089,0.09310009339987513
8076,2.3980494633639333,2.2908286328839638,0.10722083047996955
8077,2.3839383971708057,2.279082218582411,0.10485617858839458
8078,2.507573556049989,2.383821557038194,0.12375199901179501
8079,2.414602540661097,2.306721052206102,0.10788148845499501
8080,2.4146189172791868,2.301490759912345,0.1131281573668419
8081,2.3570448965983752,2.2497308715647804,0.10731402503359488
8082,2.4921035263997364,2.3733042831551487,0.11879924324458768
8083,2.4490239280172705,2.3298984114283954,0.11912551658887516
8084,2.332740315933029,2.2273280505246595,0.10541226540836934
8085,2.4287295627852097,2.329492663912062,0.0992368988731478
8086,2.379716940805952,2.2758816067738974,0.10383533403205458
8087,2.4238661461081623,2.3193417247714754,0.10452442133668693
8088,2.370251364144774,2.2624584871236726,0.10779287702110141
8089,2.5090403116973783,2.383817291784236,0.12522301991314233
8090,2.344837825706142,2.239815861409438,0.10502196429670407
8091,2.635523431244814,2.5017445479447646,0.1337788833000495
8092,2.4496176835744157,2.337185569444942,0.11243211412947351
8093,2.5340646354729865,2.4038936943927975,0.130170941080189
8094,2.5600629407835807,2.439326331124081,0.12073660965949973
8095,2.4425876544797864,2.3302348215303526,0.11235283294943388
8096,2.4492396667610734,2.329824259145786,0.11941540761528735
8097,2.394764362541226,2.290650548068942,0.10411381447228374
8098,2.3371868613031204,2.237787085096745,0.09939977620637519
8099,2.345072016487142,2.247097757956801,0.09797425853034092
8100,2.413414053135783,2.3047710917954887,0.10864296134029416
8101,2.5383892950693077,2.4077689945500085,0.13062030051929918
8102,2.35933961900654,2.2635478296603257,0.09579178934621435
8103,2.3360069160329187,2.243296834385221,0.09271008164769778
8104,2.4370428669301845,2.326031884062796,0.11101098286738864
8105,2.424730513817299,2.3153824534876253,0.10934806032967392
8106,2.477931434583951,2.3487118501675104,0.12921958441644055
8107,2.283883625924364,2.1919899086147083,0.09189371730965545
8108,2.372603648323553,2.2649204145388775,0.10768323378467537
8109,2.4176127352713332,2.3092487553980097,0.10836397987332358
8110,2.4128868353055517,2.309723381871562,0.1031634534339898
8111,2.4473122306201525,2.3241588011786254,0.12315342944152707
8112,2.3324035101124743,2.2360351699124776,0.09636834019999663
8113,2.4577090222213975,2.34972214615102,0.10798687607037749
8114,2.4024660546566556,2.282602526036862,0.11986352861979377
8115,2.5245912107061588,2.3968870231326664,0.12770418757349233
8116,2.460158742547833,2.355001881268967,0.10515686127886603
8117,2.3518873965438454,2.251505684815568,0.10038171172827726
8118,2.6278474204439086,2.4896150862673103,0.1382323341765983
8119,2.359858649976197,2.256646857342962,0.10321179263323499
8120,2.344499687808955,2.253273370371666,0.09122631743728915
8121,2.285594011617401,2.1858426191541813,0.09975139246321962
8122,2.326180847076273,2.227157299124154,0.0990235479521191
8123,2.562956942570674,2.4410040658033383,0.1219528767673359
8124,2.4483443491220322,2.3370617855686886,0.11128256355334365
8125,2.5539060354614502,2.426780794643293,0.12712524081815735
8126,2.3652176862939243,2.253638298085255,0.11157938820866908
8127,2.687130592801014,2.545050877643178,0.1420797151578359
8128,2.371199200017625,2.267588445115784,0.1036107549018408
8129,2.39117476891015,2.2776307339471717,0.11354403496297838
8130,2.4508333876204604,2.3370056020296044,0.11382778559085605
8131,2.459955862741263,2.3429198555704733,0.11703600717078988
8132,2.3142677915777257,2.2122166415764446,0.10205115000128107
8133,2.3767591221291084,2.269325149148088,0.10743397298102053
8134,2.314771969514937,2.217761110571178,0.09701085894375927
8135,2.3784792652619613,2.2714384833984917,0.10704078186346955
8136,2.493146946439686,2.382979868031983,0.11016707840770312
8137,2.451225569216637,2.342798493182115,0.10842707603452206
8138,2.4856760994878155,2.3621515596100946,0.12352453987772094
8139,2.339748420167821,2.2310531800426525,0.10869524012516862
8140,2.343618584288531,2.2406201627348414,0.10299842155368966
8141,2.417182079544934,2.2988320489464633,0.11835003059847082
8142,2.375401193194553,2.274151348144118,0.1012498450504351
8143,2.3695474213134307,2.256456983464421,0.11309043784900963
8144,3.0807998442089337,2.9256032882508265,0.15519655595810722
8145,2.3884559791683553,2.276806603447786,0.11164937572056921
8146,2.545154193469437,2.4229770223264295,0.12217717114300752
8147,2.4209052340843775,2.3118467446045163,0.10905848947986119
8148,2.4053937245014367,2.3026105008533433,0.10278322364809345
8149,2.4387820604462815,2.32854528243832,0.11023677800796161
8150,2.218878547146323,2.1290698381499613,0.08980870899636173
8151,2.532538978462588,2.4027936582983966,0.12974532016419138
8152,2.6265519517293368,2.4853559348326573,0.1411960168966795
8153,2.258124503494842,2.1616587840830825,0.0964657194117593
8154,2.488943151236289,2.3695827926838544,0.11936035855243476
8155,2.5608136531591406,2.429508190075902,0.13130546308323865
8156,2.4332508795850702,2.318091734191349,0.1151591453937213
8157,2.3659706782020584,2.251190654657034,0.11478002354502426
8158,2.393434234535503,2.281928017272605,0.11150621726289822
8159,2.760450360265293,2.623773648915992,0.13667671134930082
8160,2.4264985447545935,2.320417609066451,0.10608093568814247
8161,2.4066704123072715,2.2979074695720354,0.10876294273523612
8162,2.397246320984693,2.294651822850815,0.102594498133878
8163,2.418596237176348,2.304275087285606,0.11432114989074194
8164,2.398646636145803,2.294991575163992,0.10365506098181099
8165,2.4625794604558737,2.3426808050670473,0.11989865538882638
8166,2.4357927676446316,2.3239542248689893,0.11183854277564231
8167,2.3771802173003045,2.26814720976506,0.10903300753524459
8168,2.5400022818495835,2.4007139353661455,0.13928834648343802
8169,2.5855658134857227,2.4600382327304238,0.1255275807552989
8170,2.4682161577038517,2.3485274590217533,0.11968869868209842
8171,2.5152241264216824,2.390649211664111,0.12457491475757143
8172,2.4556249386360034,2.349248680356437,0.1063762582795662
8173,2.3732639299390987,2.272125327410453,0.10113860252864582
8174,2.6344014315020496,2.5105136516059123,0.1238877798961373
8175,2.4738476107778093,2.359427401751981,0.11442020902582817
8176,2.244168839796277,2.155909463415659,0.0882593763806181
8177,2.386020725781129,2.2728784885735096,0.11314223720761918
8178,2.698842293989253,2.5691274216475377,0.1297148723417152
8179,2.28876816571226,2.203408341378795,0.085359824333465
8180,2.389893256681087,2.2771969996207084,0.11269625706037845
8181,2.33800482505773,2.2340442235147844,0.10396060154294551
8182,2.521669046608346,2.399130300006707,0.12253874660163877
8183,2.4599980741081886,2.3449286614773093,0.11506941263087933
8184,2.366161497285675,2.26766228242207,0.09849921486360502
8185,2.361441354461467,2.2581130653574895,0.10332828910397751
8186,2.4880242486261355,2.3800893136487296,0.10793493497740592
8187,2.400465584628329,2.2901225222547086,0.11034306237362035
8188,2.410311390305299,2.2946540832290427,0.1156573070762561
8189,2.430135300446567,2.3127805527819043,0.1173547476646628
8190,2.5524696068874166,2.426074539538402,0.12639506734901484
8191,2.380702922418453,2.270742728814185,0.10996019360426823
8192,2.361693260411375,2.2524094489820743,0.10928381142930066
8193,2.432708684145214,2.318342890858885,0.11436579328632934
8194,2.3153274231465146,2.219910318683337,0.09541710446317753
8195,2.252472803723915,2.1616769491968175,0.09079585452709749
8196,2.4095602612923552,2.289501746200394,0.1200585150919613
8197,2.3587487756515833,2.247624109121256,0.11112466653032715
8198,2.3765207686664893,2.2625138289961213,0.11400693967036801
8199,2.272437557298017,2.1820865319447336,0.09035102535328354
8200,2.3351903240299583,2.237339665256369,0.09785065877358923
8201,2.4909741078185,2.3621480414754292,0.1288260663430707
8202,2.4008696325743277,2.284710755574686,0.11615887699964178
8203,2.7509605755768938,2.5999587392401002,0.15100183633679354
8204,2.4568052691271074,2.337656100872954,0.11914916825415345
8205,2.372249898670698,2.2561125367927475,0.11613736187795043
8206,2.364046465861353,2.251151695743535,0.11289477011781823
8207,2.6500390147633204,2.522944996004515,0.12709401875880522
8208,2.463672770612018,2.3510791946006218,0.1125935760113963
8209,2.384658539725635,2.28344475712524,0.10121378260039471
8210,2.5348960976433674,2.414529805627557,0.1203662920158104
8211,2.318913049575864,2.220066173360129,0.09884687621573507
8212,2.4902096441994472,2.365278709576295,0.12493093462315219
8213,2.417226924299023,2.3125676350995725,0.10465928919945044
8214,2.390912071454333,2.2827425272153183,0.10816954423901448
8215,2.286358437404165,2.188876751895553,0.0974816855086118
8216,2.6295179891756097,2.500298729164629,0.12921926001098072
8217,2.5289229037736622,2.4044137782962216,0.12450912547744064
8218,2.40160962915717,2.294897679161388,0.10671194999578182
8219,2.352337900094553,2.2500115769091638,0.10232632318538926
8220,2.4774891162817085,2.358317106786645,0.11917200949506368
8221,2.438219088426351,2.3133499733244225,0.12486911510192833
8222,2.594481319957541,2.4623595881632894,0.13212173179425157
8223,2.477997881974497,2.3633570734612532,0.11464080851324399
8224,2.5093650216127483,2.3826090877642554,0.12675593384849293
8225,2.434200748837447,2.317979282979031,0.11622146585841575
8226,2.347537054699946,2.241186955295881,0.10635009940406492
8227,2.319158051342768,2.2172149269227557,0.10194312442001241
8228,2.554412031927737,2.4194747018668106,0.13493733006092645
8229,2.3656377371214727,2.2584212880141274,0.10721644910734529
8230,2.372665858258409,2.266418740095705,0.10624711816270382
8231,2.2926507767050346,2.193381751240962,0.09926902546407268
8232,2.5390101998416545,2.414698787726977,0.12431141211467756
8233,2.3729322512040314,2.264782529401941,0.10814972180209059
8234,2.3363021956338463,2.2294475285256032,0.1068546671082431
8235,2.349635211338757,2.238643861071459,0.11099135026729767
8236,2.5830545755639,2.4568911537615294,0.1261634218023704
8237,2.3531524046260133,2.2525697467594408,0.1005826578665725
8238,2.577934654660209,2.447677132199455,0.13025752246075406
8239,2.4177557221146055,2.30080334079421,0.11695238132039565
8240,2.3324887244438375,2.2340756177598275,0.09841310668400993
8241,2.4116807336136605,2.3018947969178454,0.10978593669581516
8242,2.330622418098447,2.233229213292217,0.09739320480623004
8243,2.5028768530280185,2.3854407002097213,0.11743615281829722
8244,2.5429871684221332,2.4072501666129966,0.13573700180913661
8245,2.6011021078862258,2.476306698940545,0.12479540894568064
8246,2.325603024067009,2.220663691580063,0.10493933248694587
8247,2.3005169028439845,2.2040060256723764,0.09651087717160811
8248,2.3428164373624822,2.2427562094556888,0.10006022790679348
8249,2.7144342515301325,2.5559679706548994,0.15846628087523307
8250,2.4432971419268488,2.3293556576077084,0.11394148431914042
8251,2.309113412192754,2.212350890458351,0.09676252173440325
8252,2.509440986375106,2.3780695750846172,0.1313714112904889
8253,2.555375452097864,2.429029714804124,0.12634573729374
8254,2.394107287511167,2.285661218209841,0.10844606930132583
8255,2.537408923651822,2.4091273234905044,0.1282816001613174
8256,2.2950594968326286,2.2016652397524177,0.09339425708021087
8257,2.488670508751713,2.3817173037474473,0.10695320500426586
8258,2.4980294551854376,2.3825822801799763,0.11544717500546131
8259,2.7178182544833005,2.5700801332039207,0.1477381212793798
8260,2.287385085921729,2.1861987274499426,0.10118635847178625
8261,2.3592118430345392,2.2497535522758505,0.10945829075868874
8262,2.35828532406612,2.254002974838788,0.10428234922733193
8263,2.4885639035396188,2.385282133855219,0.10328176968439973
8264,2.368829138281011,2.268786408114892,0.10004273016611887
8265,2.638327219239494,2.503341940066141,0.1349852791733528
8266,2.447373308095561,2.330394095755882,0.1169792123396789
8267,2.5856398541795476,2.458261492388951,0.12737836179059636
8268,2.3651414530472996,2.2612017462561766,0.10393970679112297
8269,2.3445509125725073,2.2384882011934466,0.10606271137906065
8270,2.3576713594827345,2.2592577048316915,0.09841365465104301
8271,2.301134455828328,2.2061910107054916,0.09494344512283659
8272,2.314610537433658,2.212020656279732,0.10258988115392587
8273,2.3671340154640523,2.2670126410736886,0.10012137439036373
8274,2.329282706879172,2.2201130817413333,0.1091696251378389
8275,2.470170041591479,2.3529319213142346,0.11723812027724456
8276,2.3576669039560776,2.2551931626271795,0.10247374132889808
8277,2.3428427859299186,2.238420664436027,0.1044221214938914
8278,2.350561241626572,2.247482188755328,0.10307905287124397
8279,2.316567285558044,2.2242544408602267,0.0923128446978172
8280,2.3332834970438068,2.2351502155392993,0.09813328150450751
8281,2.302331575000551,2.2104745590097417,0.0918570159908092
8282,2.5043425400160153,2.3784285640065197,0.1259139760094956
8283,2.5211037655522706,2.3923226225872196,0.12878114296505094
8284,2.6343747946308773,2.494835154057393,0.1395396405734841
8285,2.363839581915642,2.2657109724936575,0.09812860942198443
8286,2.403626588793907,2.2962594602876316,0.10736712850627539
8287,2.7665426554024095,2.6209114231638577,0.1456312322385518
8288,2.297274282827307,2.2044279429522895,0.09284633987501767
8289,2.534880939876816,2.4118231385098454,0.12305780136697075
8290,2.3151121253306854,2.208739665715757,0.10637245961492825
8291,2.450527594664512,2.3477682506185094,0.10275934404600262
8292,2.322963571135812,2.226202027689834,0.09676154344597787
8293,2.5152472284163827,2.4013160172289827,0.11393121118740002
8294,2.264437042264338,2.1750449890651304,0.0893920531992074
8295,2.2877385761535964,2.1954805987762462,0.0922579773773502
8296,2.4401320983396557,2.3231373542470535,0.11699474409260224
8297,2.6146080165197727,2.4814315818850856,0.1331764346346871
8298,2.7106736599768326,2.5569687790934696,0.15370488088336298
8299,2.367419700244585,2.261944333231227,0.10547536701335813
8300,2.406250242510711,2.2965756696594055,0.10967457285130555
8301,2.4124219970456102,2.2922898427778846,0.12013215426772561
8302,2.291986854384201,2.1918232668399154,0.10016358754428545
8303,2.2992326311664075,2.207941645000271,0.09129098616613662
8304,2.2578685334921635,2.1689302653722287,0.08893826811993488
8305,2.223244294273808,2.1353478271183546,0.08789646715545363
8306,2.3871285604287897,2.2883027423983715,0.09882581803041823
8307,2.3599819180256976,2.252449129742076,0.10753278828362145
8308,2.411516778805671,2.3041252006199144,0.1073915781857564
8309,2.452372385041825,2.3314713126825417,0.12090107235928338
8310,2.379027117103505,2.2621344034485653,0.11689271365493958
8311,2.6714565033864,2.526970693673665,0.14448580971273506
8312,2.707241070667518,2.5644232729588547,0.1428177977086631
8313,2.3200393964044403,2.220587885155983,0.09945151124845752
8314,2.4730393942970776,2.354538414841116,0.11850097945596172
8315,2.4684271012861045,2.346429102742885,0.12199799854321958
8316,2.4243951196649656,2.306947114458967,0.11744800520599874
8317,2.410560071571622,2.3106915842401126,0.09986848733150966
8318,2.3068468592900566,2.212646043393923,0.0942008158961336
8319,2.6651038865554284,2.530897791827294,0.1342060947281345
8320,2.7205409802936478,2.59421307962489,0.12632790066875765
8321,2.41036126523518,2.311638098719434,0.0987231665157462
8322,2.4081282844114735,2.296555656650428,0.1115726277610456
8323,2.408234098628647,2.303163112519441,0.10507098610920584
8324,2.4775152319159215,2.365452531211963,0.1120627007039583
8325,2.412210381743593,2.299307578447795,0.11290280329579794
8326,2.370028528906364,2.2613697401140995,0.10865878879226454
8327,2.483791974389426,2.360236979478442,0.1235549949109842
8328,2.2657480031086528,2.1790979747094426,0.08665002839921021
8329,2.466733789938146,2.3433458123646758,0.12338797757347031
8330,2.480658060025682,2.354437776757377,0.1262202832683048
8331,2.5164251670211573,2.3921785029838945,0.12424666403726281
8332,2.4527389515653626,2.3502472053567907,0.10249174620857193
8333,2.5709689490445604,2.436207935078393,0.13476101396616746
8334,2.2319717292086168,2.145605967975424,0.08636576123319273
8335,2.38229224364517,2.2803156974244283,0.10197654622074159
8336,2.4505565131580127,2.340876818631003,0.10967969452700954
8337,2.342490614076265,2.245852174113878,0.09663843996238697
8338,2.438092807750521,2.318667935065053,0.11942487268546786
8339,2.384035123559568,2.274647648408499,0.10938747515106861
8340,2.504192102616182,2.3860915064674653,0.11810059614871671
8341,2.3564339791990907,2.2531937649385645,0.10324021426052621
8342,2.456800719939412,2.3328979812635517,0.12390273867586021
8343,2.49531139904152,2.3679119364165326,0.12739946262498725
8344,2.436356002349587,2.326631721415204,0.10972428093438324
8345,2.4135161032554584,2.3057863167126036,0.10772978654285481
8346,2.260579507876262,2.174789942832738,0.08578956504352364
8347,2.286953235380676,2.1937986263301714,0.09315460905050443
8348,2.7334069671034475,2.582919894506162,0.15048707259728555
8349,2.4536445202332025,2.329813141563385,0.1238313786698173
8350,2.5321624001563143,2.4001365406597097,0.13202585949660461
8351,2.2802014667085615,2.1913753612188525,0.08882610548970904
8352,2.429405039395441,2.3177083164987895,0.11169672289665167
8353,2.419414966639953,2.293998879960213,0.12541608667974025
8354,2.5841780440849758,2.455709784618011,0.1284682594669646
8355,2.3304056273242675,2.235782242158948,0.09462338516531954
8356,2.4665970761665954,2.3567563784108128,0.10984069775578265
8357,2.4161190442104297,2.3020677899313204,0.11405125427910923
8358,2.3100034741276545,2.216277214190854,0.09372625993680028
8359,2.3494431978720587,2.2530426732963855,0.09640052457567316
8360,2.4168128074272217,2.304437817562948,0.11237498986427363
8361,2.408183859549413,2.298253041582892,0.10993081796652104
8362,2.4889457544565285,2.370083671419779,0.1188620830367495
8363,2.3439497136329823,2.2410332653289866,0.10291644830399571
8364,2.1814395283390833,2.1038642849153213,0.07757524342376199
8365,2.4572584366217822,2.342745318590843,0.11451311803093933
8366,2.7944563596012184,2.6560588979898045,0.13839746161141386
8367,2.4641316138754092,2.357401311052513,0.1067303028228963
8368,2.4602027240134987,2.342722870092425,0.11747985392107374
8369,2.378707551448066,2.2685994055527785,0.11010814589528728
8370,2.5128112566343233,2.3976168593523792,0.11519439728194403
8371,2.7048446787085214,2.5689093760590413,0.13593530264948006
8372,2.4443954554567817,2.3228108650876305,0.12158459036915126
8373,2.3335907570057093,2.236859132265655,0.09673162474005448
8374,2.503369671849122,2.3834051597717956,0.11996451207732628
8375,2.55129482908943,2.4300542705647383,0.12124055852469162
8376,2.5058365794315987,2.377469142451976,0.1283674369796226
8377,2.4101588033855275,2.304605735125824,0.10555306825970368
8378,2.564913235398732,2.4471767057171405,0.11773652968159132
8379,2.4155432164441777,2.3052528863774913,0.11029033006668643
8380,2.394304753283248,2.2824919989660004,0.1118127543172478
8381,2.466369991124445,2.3649271789207007,0.10144281220374429
8382,2.264088696564728,2.169151321373078,0.09493737519165002
8383,2.2363890463720337,2.1490105626018257,0.08737848377020807
8384,2.4866376933318013,2.367961696359167,0.11867599697263431
8385,2.338455284920836,2.2281108177693363,0.1103444671514997
8386,2.53333519666373,2.400243818333079,0.13309137833065066
8387,2.3623466238368143,2.2618816259791137,0.10046499785770058
8388,2.484968785313388,2.373520215276349,0.11144857003703912
8389,2.2918274532532417,2.19168630653593,0.10014114671731145
8390,2.4596830284079707,2.343647917069525,0.11603511133844568
8391,2.428125460976999,2.314061893698106,0.114063567278893
8392,2.4781165057516814,2.3593664170995257,0.11875008865215575
8393,2.416793759492284,2.302344266654755,0.11444949283752903
8394,2.516143810414901,2.3984919372199003,0.1176518731950007
8395,2.4937705268196155,2.3606487785804235,0.13312174823919198
8396,2.4563617564155815,2.3280138471863636,0.1283479092292179
8397,2.4370801320493247,2.312143569823549,0.12493656222577565
8398,2.368222302883723,2.2674948763276417,0.10072742655608113
8399,2.2977554422969986,2.2095646233206883,0.08819081897631031
8400,2.383504641850202,2.2741250236661044,0.1093796181840978
8401,2.3818584776440934,2.2649766458790417,0.11688183176505174
8402,2.4718421521503346,2.352771528753173,0.11907062339716168
8403,2.6050664842457687,2.4761388666829376,0.1289276175628311
8404,2.5630617633138826,2.4422934109444947,0.12076835236938788
8405,2.4620012576964716,2.329182222147026,0.13281903554944563
8406,2.454064631804935,2.341709032063385,0.11235559974154974
8407,2.35909397534705,2.2495283671564503,0.10956560819059957
8408,2.3012205104006966,2.208404286169387,0.09281622423130953
8409,2.5004843610859466,2.383780478800052,0.11670388228589479
8410,2.3897088873624748,2.2738056782207066,0.11590320914176822
8411,2.4381604841044706,2.3272190216657007,0.1109414624387699
8412,2.3473679482140914,2.239065750331173,0.10830219788291862
8413,2.451044971471338,2.3293761818732692,0.12166878959806882
8414,2.3217320329719997,2.2221691012138156,0.09956293175818409
8415,2.2909466237107883,2.1949495720082597,0.09599705170252859
8416,2.418975164996815,2.308827846822533,0.11014731817428203
8417,2.389442506412164,2.2789753072915655,0.11046719912059855
8418,2.5327407104926736,2.410692689585238,0.12204802090743572
8419,2.445264346183588,2.332025353391169,0.11323899279241889
8420,2.311688430617858,2.2084027070162455,0.10328572360161248
8421,2.6178115487913107,2.4820403385309313,0.13577121026037942
8422,2.3413800585240523,2.247113317128921,0.09426674139513125
8423,2.4644860919149245,2.3499315413973414,0.11455455051758312
8424,2.2482122206026265,2.1597706169525086,0.08844160365011788
8425,2.426453148760154,2.3044707115062395,0.12198243725391444
8426,2.374003033703859,2.26942281963289,0.10458021407096885
8427,2.3626824011846104,2.2547632174652494,0.10791918371936093
8428,2.56046648395802,2.429907838113695,0.13055864584432486
8429,2.419200493141982,2.314427937092739,0.10477255604924274
8430,2.5202386685960527,2.399238731314846,0.12099993728120673
8431,2.3960726075998138,2.288845369083024,0.10722723851678984
8432,2.414664144008335,2.317345008142121,0.09731913586621399
8433,2.2975511387395438,2.2014063239250445,0.09614481481449921
8434,2.4199878635426857,2.3067749155888717,0.11321294795381398
8435,2.4050860082132557,2.2949078309665296,0.11017817724672607
8436,2.544569096760654,2.4240812489951176,0.12048784776553623
8437,2.4818436258781853,2.370263126551546,0.11158049932663916
8438,2.411582304311903,2.300076952944733,0.11150535136716977
8439,2.4125528352709,2.2968771107977513,0.11567572447314856
8440,2.3925211354024962,2.278650342858248,0.11387079254424837
8441,2.5557105899154693,2.419561549397595,0.13614904051787446
8442,2.5035093925562912,2.382845858761945,0.12066353379434602
8443,2.6544474544876575,2.518414269245074,0.13603318524258334
8444,2.4551609606177447,2.3416446441715077,0.11351631644623694
8445,2.461365544991742,2.3449105191046176,0.11645502588712464
8446,2.4043495459863813,2.2993277366792615,0.1050218093071198
8447,2.2946047631325537,2.2098663845204545,0.08473837861209921
8448,2.200351678873582,2.114473016714006,0.08587866215957618
8449,2.450050095178302,2.341848537552378,0.10820155762592432
8450,2.4134153604928104,2.3031737523452342,0.11024160814757611
8451,2.630765093468519,2.511302101676057,0.11946299179246189
8452,2.510409894301929,2.3912011476248365,0.11920874667709258
8453,2.2844576180414,2.18742102732255,0.09703659071884996
8454,2.410541376143378,2.3018943516488783,0.1086470244944997
8455,2.387983278525892,2.2786495660160506,0.10933371250984125
8456,2.3138477352155706,2.2273284488118845,0.08651928640368611
8457,2.4443660747512603,2.321047600630194,0.12331847412106622
8458,2.311566641923654,2.2108633723089177,0.10070326961473608
8459,2.2869670863971825,2.189188967767472,0.09777811862971042
8460,2.2384580672882537,2.1487088227424773,0.08974924454577637
8461,2.5164317068747235,2.390974755966714,0.12545695090800946
8462,2.378115370381641,2.2710320039271634,0.10708336645447769
8463,2.344599814974079,2.240586070950905,0.10401374402317387
8464,2.3677170379700403,2.274042332397357,0.09367470557268343
8465,2.4169165757442586,2.3008559097442647,0.11606066599999387
8466,2.303422176785722,2.2106071268876843,0.09281504989803757
8467,2.3861464585645726,2.2836968074505832,0.1024496511139894
8468,2.291023437142344,2.197946941442045,0.09307649570029897
8469,2.7953687588771543,2.653726949469712,0.1416418094074423
8470,2.453608298930073,2.3336352420313515,0.11997305689872162
8471,2.5472153404172366,2.412180326669884,0.13503501374735283
8472,2.568372728077178,2.4444540202188856,0.12391870785829262
8473,2.5739297947925985,2.4459052247604878,0.12802457003211076
8474,2.347747227361726,2.246991747637565,0.10075547972416077
8475,2.295319096111427,2.2037161134695378,0.09160298264188915
8476,2.3127543416635676,2.2167112080987126,0.09604313356485505
8477,2.3151029740861,2.2117697213448135,0.10333325274128669
8478,2.4450171073606155,2.334198379712751,0.11081872764786471
8479,2.468208998385009,2.3493021623475054,0.11890683603750363
8480,2.3680983986910142,2.258597071407889,0.10950132728312534
8481,2.4087989435485135,2.2861515150639904,0.12264742848452315
8482,2.4382852471500387,2.321577586447756,0.11670766070228256
8483,2.492949554992945,2.3794327640131794,0.11351679097976541
8484,2.407819912079187,2.299537423274398,0.10828248880478908
8485,2.4694999485335907,2.3593780446113546,0.11012190392223609
8486,2.3810089354226487,2.268034343388078,0.11297459203457061
8487,2.4974468224502337,2.3560563069518485,0.14139051549838522
8488,2.728352068991721,2.5908267916573577,0.13752527733436315
8489,2.427989224567013,2.3169711583349946,0.1110180662320186
8490,2.32427593098357,2.2285237170864924,0.09575221389707744
8491,2.4671103647811967,2.351243185957,0.1158671788241965
8492,2.4022120306801384,2.2921889511064473,0.11002307957369117
8493,2.591328863334298,2.467666581233436,0.12366228210086216
8494,2.245377375960147,2.1536438150962334,0.0917335608639136
8495,2.9145032459548337,2.7613956152983796,0.15310763065645405
8496,2.699348736809512,2.559818127007079,0.13953060980243315
8497,2.4259493818372855,2.3173468567083164,0.10860252512896906
8498,2.5327086750474432,2.405535827719469,0.1271728473279743
8499,2.522043690443786,2.405153899490495,0.11688979095329133
8500,2.4147059604896546,2.302501953663064,0.1122040068265906
8501,2.5011955777142307,2.368175661955009,0.13301991575922179
8502,2.3888461483564547,2.2846527962201613,0.10419335213629344
8503,2.471155863043296,2.3402286996955657,0.13092716334773025
8504,2.567991044877912,2.436129867047404,0.13186117783050832
8505,2.360166345628757,2.253831180990304,0.10633516463845316
8506,2.51660766193919,2.395326600780358,0.12128106115883197
8507,2.379928184517731,2.2766558912984807,0.10327229321925024
8508,2.434557489274936,2.3274545606023653,0.10710292867257065
8509,2.342338483112991,2.2383271136289524,0.10401136948403877
8510,2.455817345491391,2.339688811872939,0.11612853361845232
8511,2.4398454467461157,2.3272917600313074,0.11255368671480825
8512,2.2432906142349074,2.1596370385027113,0.08365357573219612
8513,2.5691849513426286,2.442889729887801,0.12629522145482763
8514,2.5560077902903005,2.422946057611531,0.1330617326787693
8515,2.5191426470362486,2.3922977183737903,0.12684492866245822
8516,2.3983526548550373,2.2859454020733554,0.11240725278168195
8517,2.4261503061663023,2.319518336272512,0.10663196989379031
8518,2.4933493355721414,2.381229834910766,0.11211950066137533
8519,2.4226875950399807,2.315135312020334,0.10755228301964648
8520,2.486802453278075,2.3599191253050407,0.12688332797303437
8521,2.447255463169772,2.3346467688120587,0.11260869435771337
8522,2.5081042139356438,2.382152953704041,0.12595126023160264
8523,2.6479985344617303,2.507139550702747,0.1408589837589833
8524,2.590260047072078,2.45737683490252,0.132883212169558
8525,2.285552926399366,2.189976113507392,0.09557681289197406
8526,2.401754347099986,2.301409516957104,0.1003448301428822
8527,2.481500377370133,2.3713785443042483,0.11012183306588463
8528,2.4095154028451935,2.296988026318967,0.11252737652622669
8529,2.441337099596309,2.3151910540922436,0.12614604550406527
8530,2.603868579645397,2.4551137109951338,0.1487548686502631
8531,2.5357525084524903,2.4130716157816567,0.1226808926708336
8532,2.4528943502492093,2.3359347402640953,0.11695960998511401
8533,2.4405387611767666,2.3347102015286287,0.10582855964813787
8534,2.4929098658506903,2.377830401667251,0.1150794641834394
8535,2.7719087794735784,2.618971548237149,0.15293723123642922
8536,2.3970943753319327,2.27858858899565,0.11850578633628261
8537,2.388381621859426,2.281114250030528,0.10726737182889812
8538,2.317498056517595,2.217719548355157,0.09977850816243805
8539,2.3648380321590956,2.2559074017367418,0.10893063042235385
8540,2.328131649009016,2.2289332809037474,0.09919836810526839
8541,2.570428513554603,2.4460273708498996,0.12440114270470337
8542,2.3489397665979777,2.2477625228820215,0.10117724371595616
8543,2.5110274035473434,2.3840979838026257,0.12692941974471772
8544,2.3750167975195553,2.2709031806239426,0.10411361689561272
8545,2.352928910465955,2.2530651457439146,0.0998637647220404
8546,2.3941533357985416,2.2853192535086304,0.1088340822899112
8547,2.7706408227351247,2.6185599657551073,0.1520808569800174
8548,2.9496646851999304,2.788646575747391,0.16101810945253936
8549,2.4568901426980383,2.3418739359151517,0.1150162067828866
8550,2.3397718055242707,2.2421941531360283,0.09757765238824234
8551,2.508163668862175,2.39316944476593,0.11499422409624493
8552,2.4271946400275337,2.323879684764633,0.10331495526290091
8553,2.6805728560619264,2.5345043418141846,0.1460685142477418
8554,2.241810978021526,2.155091748893637,0.0867192291278891
8555,2.290759297239766,2.1926894070720686,0.09806989016769752
8556,2.6609629370245216,2.538896357823279,0.12206657920124275
8557,2.3790998903465965,2.2731074059164396,0.10599248443015696
8558,2.3051327780453543,2.2098053991332214,0.09532737891213294
8559,2.4326354101800076,2.3150843743698997,0.11755103581010795
8560,2.411342322380364,2.300777314453128,0.110565007927236
8561,2.3509242887048534,2.256068790824053,0.0948554978808005
8562,2.509501919327555,2.396014016383976,0.11348790294357913
8563,2.637137452133832,2.49177146880885,0.1453659833249823
8564,2.4901285156183257,2.3802559271750185,0.10987258844330716
8565,2.38925447603062,2.2874505783320265,0.10180389769859355
8566,2.4033658344573365,2.291430637955392,0.11193519650194439
8567,2.341222831036404,2.2462171606901595,0.0950056703462443
8568,2.3740824856902027,2.2670425496064768,0.10703993608372597
8569,2.559728488140099,2.4494950594916505,0.11023342864844832
8570,2.349687098495657,2.2516270540577583,0.09806004443789851
8571,2.484216891032431,2.3585174959218227,0.12569939511060824
8572,2.4288363157056683,2.3100888567937488,0.11874745891191951
8573,2.420716045056481,2.3125115734972335,0.1082044715592474
8574,2.4383396682527434,2.332975491817537,0.10536417643520624
8575,2.252310746657676,2.161745569404447,0.09056517725322921
8576,2.5713213502743075,2.4422540850515957,0.12906726522271184
8577,2.331966101764736,2.231185453482603,0.10078064828213318
8578,2.3229705121329367,2.2159117532886614,0.10705875884427529
8579,2.3086567661433444,2.2191591978042644,0.08949756833907996
8580,2.3083203431032224,2.2156698505032644,0.09265049259995806
8581,2.4763540590360336,2.3622156109318153,0.11413844810421825
8582,2.366179705658497,2.2578022806990363,0.10837742495946046
8583,2.412539287449065,2.297285721580239,0.11525356586882607
8584,2.459592364540967,2.337684921609564,0.12190744293140288
8585,2.3532137428180184,2.250622446394649,0.10259129642336928
8586,2.743658960585593,2.5874607810502432,0.15619817953534998
8587,2.4284107102022703,2.321096081394546,0.10731462880772424
8588,2.351967009322679,2.2539220928879855,0.09804491643469371
8589,2.235853429449771,2.144327256774296,0.0915261726754748
8590,2.2057678855394225,2.1217113292412355,0.08405655629818698
8591,2.491724583301236,2.36472719525273,0.12699738804850602
8592,2.3302523330349074,2.2244076443218463,0.10584468871306107
8593,2.4554665868975154,2.3425162734298004,0.112950313467715
8594,2.3641893683367976,2.257362850337664,0.10682651799913367
8595,2.353798535419291,2.2489725616422303,0.10482597377706071
8596,2.4921210023345375,2.3671371238160455,0.12498387851849202
8597,2.3623561070486527,2.252953386660407,0.10940272038824572
8598,2.6561415020009895,2.531231742394479,0.12490975960651074
8599,2.344273614908139,2.2306918166819343,0.11358179822620462
8600,2.3546445511209884,2.2567063690292977,0.0979381820916907
8601,2.564113042164299,2.4470259418409737,0.11708710032332537
8602,2.3789768986471977,2.2704771241102546,0.10849977453694315
8603,2.4331598731261685,2.3273213927630225,0.10583848036314603
8604,2.332319568650498,2.2329037794099844,0.09941578924051342
8605,2.4334995358467633,2.3145978683488564,0.11890166749790687
8606,2.438726518473049,2.3242781784818507,0.11444833999119819
8607,2.3859219094721547,2.2923606806877186,0.09356122878443607
8608,2.773771487879476,2.623938637089372,0.1498328507901041
8609,2.294300593073287,2.198753454259354,0.09554713881393306
8610,2.544028521484684,2.416798358920486,0.12723016256419806
8611,2.5488144393125194,2.4295966413542174,0.11921779795830201
8612,2.4841180381029515,2.362162430364446,0.12195560773850556
8613,2.523710289189453,2.3949768185431806,0.1287334706462726
8614,2.471233205724534,2.3635233844235404,0.10770982130099371
8615,2.384572921983676,2.2763399917329257,0.10823293025075031
8616,2.4194341746304264,2.315488212077775,0.10394596255265132
8617,2.446362389222711,2.3402345716269424,0.10612781759576873
8618,2.3553483776793986,2.2494537661160314,0.10589461156336721
8619,2.4058792306945254,2.2990361132714816,0.10684311742304375
8620,2.3862823220855485,2.279580896122591,0.10670142596295751
8621,2.3932191092611306,2.287767327538863,0.10545178172226777
8622,2.4783002554781786,2.3477330198493105,0.13056723562886807
8623,2.505354821107071,2.3715593470664893,0.13379547404058156
8624,2.3760890237274097,2.274112372955026,0.1019766507723836
8625,2.501578683745519,2.378370429758985,0.12320825398653401
8626,2.6235327858677344,2.489990463111083,0.13354232275665145
8627,2.381820791517513,2.2778215927439907,0.10399919877352248
8628,2.280902410311362,2.1943577045268836,0.08654470578447837
8629,2.399416894947694,2.299253593446965,0.10016330150072905
8630,2.3972993223186116,2.297299651727955,0.09999967059065673
8631,2.3484876654181557,2.239597957323804,0.10888970809435161
8632,2.4579058112271635,2.342704944439921,0.11520086678724262
8633,2.6106958278431436,2.4865715902580847,0.12412423758505886
8634,2.3447546496920966,2.252024600462957,0.09273004922913941
8635,2.480538095443468,2.3661158275372864,0.11442226790618149
8636,2.669020736989174,2.523522204846174,0.1454985321429998
8637,2.3966017942478577,2.283662206830843,0.11293958741701449
8638,2.36630933462794,2.2571245632331918,0.10918477139474803
8639,2.3633300551577348,2.263537382358368,0.09979267279936677
8640,2.4712717961123793,2.346831374480571,0.12444042163180846
8641,2.4982695838230984,2.3750953320841846,0.12317425173891383
8642,2.447973096930209,2.322328857044203,0.12564423988600604
8643,2.33579748258846,2.234550902041347,0.10124658054711322
8644,2.3425184407273996,2.2361475323407736,0.106370908386626
8645,2.4635544921687815,2.350423510608509,0.11313098156027257
8646,2.3015704262910925,2.2022029910891336,0.0993674352019589
8647,2.2651062299420914,2.1701025726177363,0.09500365732435512
8648,2.4481732745771647,2.335748604533652,0.11242467004351253
8649,2.535740474196852,2.4150815571759785,0.12065891702087361
8650,2.4724121706187394,2.347992175228137,0.12441999539060244
8651,2.3381260117274545,2.243202688090492,0.09492332363696265
8652,2.4595165403792123,2.348012829745459,0.11150371063375308
8653,2.5803292496825074,2.45003491024486,0.13029433943764746
8654,2.3180311857630094,2.2151151556003295,0.10291603016267992
8655,2.4161965983304463,2.3069280082475836,0.10926859008286272
8656,2.687086248460031,2.5346624110548883,0.15242383740514276
8657,2.4381493563413876,2.322638214693164,0.11551114164822351
8658,2.373024216470853,2.269309258420722,0.10371495805013087
8659,2.3214716734629564,2.22072197180764,0.10074970165531649
8660,2.7919927663036574,2.6535609986984734,0.13843176760518405
8661,2.4668360786471375,2.3418809925931945,0.12495508605394301
8662,2.3575832654343807,2.2555033994020133,0.1020798660323674
8663,2.3435021429838807,2.240174849723587,0.10332729326029355
8664,2.382320873047369,2.2806824408496165,0.10163843219775259
8665,2.5250775705950126,2.403945137872078,0.12113243272293461
8666,2.3964071001830507,2.2794835614487723,0.11692353873427841
8667,2.378262326373156,2.2799021486663866,0.0983601777067693
8668,2.3999712256046544,2.2962161715449665,0.10375505405968788
8669,2.6196659877359303,2.4943138084854346,0.1253521792504957
8670,2.5571398910417056,2.4330883129128873,0.12405157812881829
8671,2.497437118671733,2.3892771781922293,0.10815994047950372
8672,2.70181102281947,2.5687777602155517,0.13303326260391835
8673,2.543806448799189,2.4031497432755633,0.14065670552362564
8674,2.281285688486679,2.190774680056551,0.09051100843012794
8675,2.29764980555062,2.2001721534359233,0.0974776521146965
8676,2.2136833309514614,2.130852955425496,0.0828303755259654
8677,2.320948278569132,2.227512067757007,0.09343621081212516
8678,2.271916705906456,2.1703928222445,0.10152388366195586
8679,2.3636657170214037,2.257519663001955,0.10614605401944877
8680,2.3583082111405873,2.261084511307209,0.09722369983337842
8681,2.4448184362906917,2.3245935190703895,0.12022491722030226
8682,2.3602808421872483,2.2512319634108193,0.10904887877642899
8683,2.473241817661493,2.367518625792368,0.10572319186912482
8684,2.3293731053398745,2.2210364875688016,0.10833661777107295
8685,2.3338177873807933,2.2277646180180626,0.10605316936273068
8686,2.3490058618226164,2.246273024649665,0.10273283717295145
8687,2.28703321919833,2.1966026864037107,0.0904305327946191
8688,2.5226921985316317,2.404915447757151,0.11777675077448091
8689,2.3323483929616735,2.2403155053396047,0.09203288762206885
8690,2.5110633475777413,2.399027380360124,0.11203596721761722
8691,2.530424476070626,2.4132209161033344,0.11720355996729159
8692,2.593088696524886,2.4667805646375895,0.1263081318872965
8693,2.336532056368399,2.235838834727511,0.10069322164088801
8694,2.410605148800202,2.289770764538574,0.12083438426162774
8695,2.503580101227325,2.3829260578557823,0.12065404337154284
8696,2.4475598509513747,2.3324864213845165,0.11507342956685829
8697,2.438289604227231,2.337689207476556,0.100600396750675
8698,2.463305347834561,2.347519265040253,0.1157860827943078
8699,2.3679575021620933,2.261028567142695,0.10692893501939826
8700,2.299152087408984,2.197760113317616,0.10139197409136802
8701,2.302624795602894,2.2116140363973753,0.09101075920551871
8702,2.4167935144846884,2.3082845979006317,0.1085089165840567
8703,2.415639138784661,2.3085584889726083,0.1070806498120529
8704,2.6372495705359107,2.49599661764078,0.1412529528951305
8705,2.519826680605688,2.3990254481179454,0.12080123248774255
8706,2.426665405414598,2.315869516586389,0.11079588882820923
8707,2.2404805399844068,2.1484208630451858,0.09205967693922101
8708,2.3097671364635373,2.2054373828958433,0.10432975356769392
8709,2.3753458083770487,2.2658761463154375,0.10946966206161113
8710,2.506665147147021,2.3881628706996714,0.11850227644734979
8711,2.514048659419278,2.381048043737232,0.13300061568204624
8712,2.3214583047045996,2.22557699536694,0.09588130933765937
8713,2.6397246766806464,2.5059213255252457,0.13380335115540065
8714,2.3779893257522087,2.2652234753324056,0.11276585041980303
8715,2.273754192603309,2.188848189019343,0.08490600358396616
8716,2.4578584075360945,2.3360304231075966,0.12182798442849796
8717,2.4968783150619345,2.3751879285973345,0.12169038646459995
8718,2.4144345242187266,2.2976574908147587,0.11677703340396794
8719,2.4927135053683873,2.374733419034856,0.11798008633353119
8720,2.4546270801136334,2.3438854510609244,0.11074162905270901
8721,2.6519108393268436,2.525076287117589,0.12683455220925444
8722,2.2637171275035906,2.1756625331309363,0.08805459437265428
8723,2.5347790626075493,2.3967109851477284,0.13806807745982086
8724,2.255611457180406,2.167478267173872,0.08813319000653408
8725,2.5071280990363145,2.398250235009745,0.10887786402656952
8726,2.4027454868039397,2.299906850367518,0.10283863643642155
8727,2.2621599185273773,2.167117750743437,0.09504216778394037
8728,2.4362555577618674,2.3179139900655925,0.11834156769627491
8729,2.4152401477887504,2.3062681448974813,0.10897200289126907
8730,2.366344295672549,2.2624620506924904,0.10388224498005849
8731,2.2978599711380316,2.1980266646740576,0.09983330646397404
8732,2.364193484040446,2.256398737218375,0.10779474682207102
8733,2.565007726014423,2.442209623098232,0.12279810291619064
8734,2.585802359832104,2.4525556201723275,0.1332467396597763
8735,2.3777520642827765,2.26456718504381,0.11318487923896647
8736,2.398218766449172,2.2886089665897837,0.10960979985938835
8737,2.292406736571949,2.1910812249483764,0.1013255116235725
8738,2.5831104112469503,2.4513865607233645,0.13172385052358582
8739,2.411025437171761,2.294698115955764,0.11632732121599698
8740,2.337604242168712,2.234074689705807,0.10352955246290518
8741,2.3634225097204355,2.2512436006821352,0.1121789090383003
8742,2.367392758759863,2.2715059715675148,0.09588678719234833
8743,2.5860196077021946,2.4482973641142176,0.13772224358797702
8744,2.4538305336594712,2.3411328763077335,0.11269765735173776
8745,2.2927508411699002,2.1996463776256014,0.0931044635442988
8746,2.4669425010662147,2.3388070037367354,0.12813549732947926
8747,2.326200016021926,2.2310413520731873,0.09515866394873873
8748,2.5019407051447984,2.377460368696449,0.12448033644834933
8749,2.3878014546170125,2.2727452691909256,0.11505618542608698
8750,2.372914330714965,2.274464918974654,0.09844941174031074
8751,2.410662248851074,2.291684042334325,0.11897820651674884
8752,2.5642565794590273,2.4362694025465763,0.12798717691245098
8753,2.3085781865337736,2.2155059362258536,0.09307225030791999
8754,2.323847750348184,2.2236547269119713,0.1001930234362125
8755,2.4369871481988112,2.3256721580582425,0.11131499014056878
8756,2.5676161950233314,2.4376065687594557,0.1300096262638757
8757,2.3648993896919324,2.253561198730201,0.11133819096173125
8758,2.46095216107515,2.3437514781331332,0.11720068294201669
8759,2.6564179256134612,2.5261269650434617,0.13029096056999956
8760,2.446078357246474,2.3433777198836285,0.10270063736284563
8761,2.7385414211829047,2.6022471268018856,0.13629429438101903
8762,2.5200944874173437,2.393307134048128,0.12678735336921587
8763,2.4821924099670016,2.3685330453685167,0.11365936459848491
8764,2.4259006053552388,2.309571076657607,0.1163295286976318
8765,2.371920059535849,2.2578168582356626,0.11410320130018636
8766,2.506660496396197,2.387105983720337,0.11955451267585993
8767,2.39862105762314,2.295201151362859,0.10341990626028075
8768,2.4910339382015994,2.383556883216281,0.10747705498531834
8769,2.4064093365942587,2.3062527763910246,0.10015656020323416
8770,2.397383404812499,2.290256074093636,0.10712733071886316
8771,2.5709944068841257,2.445674602015856,0.12531980486826955
8772,2.522486411563891,2.4107983505884087,0.11168806097548245
8773,2.4950873114160808,2.3741781522000656,0.1209091592160152
8774,2.6049288105355286,2.478144909039704,0.12678390149582475
8775,2.4545796024034257,2.3363788320403263,0.1182007703630994
8776,2.6062283016369827,2.4805036061262453,0.1257246955107374
8777,2.273757814209918,2.1821262159909303,0.0916315982189877
8778,2.2704121806935995,2.1798221553788024,0.0905900253147971
8779,2.379395842250646,2.2790385971585634,0.10035724509208244
8780,2.367163033796144,2.263480113508531,0.10368292028761283
8781,2.4422563443947993,2.3291735565034313,0.11308278789136805
8782,2.2941278496201565,2.2043227662277896,0.08980508339236692
8783,2.2787283607033517,2.189803089205235,0.08892527149811658
8784,2.5631383084873196,2.4381820054216212,0.12495630306569838
8785,2.378161221296435,2.283414084732578,0.09474713656385703
8786,2.291626730535794,2.194305283794992,0.09732144674080212
8787,2.330238632810401,2.23590429820073,0.094334334609671
8788,2.4838440951038874,2.3624429276975536,0.12140116740633378
8789,2.32929618964188,2.237222783265422,0.09207340637645789
8790,2.5086466307426063,2.3919983914196568,0.11664823932294954
8791,2.4267529224777116,2.310110429755057,0.11664249272265437
8792,2.421738860119934,2.304521133910057,0.1172177262098768
8793,2.5382538818677545,2.4257631802663684,0.11249070160138608
8794,2.6126031860727705,2.4755330606555987,0.13707012541717178
8795,2.6013750080598292,2.4732385604080624,0.1281364476517668
8796,2.3895125838447884,2.2898892118292355,0.09962337201555282
8797,2.5202883563404477,2.3905166942005573,0.12977166213989033
8798,2.6161105876087483,2.4902619889596225,0.1258485986491258
8799,2.22246918871182,2.1373939634905312,0.08507522522128896
8800,2.458525447521933,2.343680215220355,0.11484523230157828
8801,2.443307731095868,2.3308754414981974,0.11243228959767082
8802,2.3228203419069096,2.230546768496197,0.09227357341071274
8803,2.4679818978866273,2.352255680677042,0.11572621720958542
8804,2.316546170895945,2.224014039459652,0.09253213143629324
8805,2.4777648025569685,2.360872153033868,0.11689264952310063
8806,2.774822282652711,2.6210617046355873,0.15376057801712362
8807,2.314225178074229,2.2133534919266813,0.10087168614754782
8808,2.434164286045865,2.319922465491866,0.11424182055399923
8809,2.360706180574588,2.2634087978647557,0.09729738270983246
8810,2.6156329854591984,2.485817039648136,0.1298159458110626
8811,2.8106112925058215,2.6571270734398147,0.15348421906600684
8812,2.4793079628158745,2.354511649349771,0.12479631346610365
8813,2.751942907905254,2.6072614114724555,0.1446814964327987
8814,2.403394628511361,2.2967629036427173,0.10663172486864392
8815,2.530368041945256,2.408384443267547,0.12198359867770892
8816,2.3895858663134715,2.2761339332202826,0.1134519330931889
8817,2.361645300906376,2.261932783212293,0.09971251769408296
8818,2.4229271797221936,2.3092894942587994,0.11363768546339426
8819,2.763105910451447,2.61000510821398,0.15310080223746692
8820,2.4159083277503393,2.298576468529531,0.11733185922080835
8821,2.2598917893334405,2.1747252832589217,0.08516650607451881
8822,2.5347257807960655,2.4245263608480543,0.11019941994801119
8823,2.530040136322127,2.414589866062361,0.11545027025976617
8824,2.51955477572146,2.4011346969981076,0.11842007872335225
8825,2.4967253579708815,2.379164175197603,0.11756118277327854
8826,2.636452236735776,2.510035665414885,0.1264165713208909
8827,2.41539678514269,2.3100578229977415,0.10533896214494831
8828,2.3312143421592135,2.226214793064961,0.10499954909425258
8829,2.78931211798095,2.644304891293302,0.14500722668764832
8830,2.322244076806345,2.22130510636916,0.10093897043718503
8831,2.434910278586981,2.31836271563244,0.11654756295454094
8832,2.4893643162477077,2.369455663290078,0.11990865295762987
8833,2.5425839658318603,2.4146999351110106,0.12788403072084975
8834,2.32444454288157,2.2185274296660764,0.10591711321549369
8835,2.486705322803071,2.358254176611716,0.12845114619135511
8836,2.386525904116568,2.2771866961470693,0.10933920796949881
8837,2.35263750569985,2.252328400019871,0.1003091056799792
8838,2.358171289026881,2.2504511047974938,0.10772018422938734
8839,2.4166400652346347,2.3010578073108543,0.11558225792378041
8840,2.5037527074167314,2.3827700074864917,0.12098269993023969
8841,2.339061153069779,2.2385816975594,0.10047945551037918
8842,2.265988256474819,2.175430790826665,0.09055746564815381
8843,2.545010754816914,2.4100692923944322,0.13494146242248162
8844,2.3996126870832026,2.2832283738065984,0.11638431327660426
8845,2.7289158994969105,2.5881217867056323,0.14079411279127818
8846,2.3372582825783907,2.2387675941011347,0.09849068847725606
8847,2.3393291401686858,2.236444039251759,0.10288510091692693
8848,2.488834552257989,2.36400164469773,0.124832907560259
8849,2.265820883646355,2.1738868250252392,0.0919340586211157
8850,2.329220237046397,2.2337086080229778,0.09551162902341925
8851,2.487743786608337,2.350334909969733,0.13740887663860413
8852,2.3760025255063635,2.2684629305153345,0.10753959499102894
8853,2.297022942041024,2.206651343905972,0.09037159813505191
8854,2.587325105939037,2.471039058722623,0.116286047216414
8855,2.516962061592287,2.3923278727858985,0.12463418880638866
8856,2.620515514988994,2.4815636259961376,0.13895188899285627
8857,2.305498496743833,2.210959653089895,0.09453884365393783
8858,2.4936491518800272,2.3756210566699094,0.11802809521011781
8859,2.550342254464166,2.41764560559867,0.1326966488654957
8860,2.5251611855671947,2.4027619219597933,0.12239926360740139
8861,2.4132366130879404,2.300341785885459,0.11289482720248145
8862,2.6256169211952844,2.4823855409592332,0.1432313802360512
8863,2.3337666766636804,2.2380771686031924,0.09568950806048804
8864,2.2977513975390047,2.1998605997040523,0.09789079783495236
8865,2.2488729852498146,2.160789469532588,0.08808351571722639
8866,2.731536578577352,2.584272278271855,0.1472643003054972
8867,2.368059857082895,2.2642411017876083,0.10381875529528672
8868,3.068149517636222,2.9101874637568925,0.15796205387932938
8869,2.571823530917225,2.448376243480879,0.12344728743634592
8870,2.3471641690160103,2.2401434807643645,0.10702068825164579
8871,2.4881103940980305,2.3634978087444707,0.12461258535355979
8872,2.7935484682525016,2.6455645595454453,0.14798390870705624
8873,2.450134966439825,2.345310417892944,0.10482454854688106
8874,2.472263920759344,2.3599588260310074,0.11230509472833683
8875,2.509318545683524,2.3860741011703177,0.12324444451320637
8876,2.4984703561953956,2.379601464124491,0.11886889207090467
8877,2.3915335015773764,2.276559413994475,0.11497408758290151
8878,2.312664192915074,2.2076086529141694,0.10505554000090456
8879,2.4857531606580308,2.365559148357288,0.12019401230074278
8880,2.444778580515449,2.3261821160880434,0.11859646442740557
8881,2.5243894063959855,2.399591782255158,0.12479762414082751
8882,2.3616449499937975,2.251157752760345,0.11048719723345268
8883,2.497021635618027,2.3756094778818873,0.12141215773613956
8884,2.371617280327869,2.2754761757867534,0.09614110454111557
8885,2.353764114415835,2.25163104537365,0.10213306904218511
8886,2.3399264339144823,2.2349620004871698,0.10496443342731254
8887,2.491123852378204,2.3666254203289756,0.12449843204922839
8888,2.504071498541604,2.382031984556289,0.1220395139853152
8889,2.5712964643183347,2.4446210107128232,0.12667545360551147
8890,2.6959061630619012,2.560239273368482,0.13566688969341945
8891,2.3094322743867997,2.2039786674612905,0.1054536069255092
8892,2.331477051902589,2.2386180382859506,0.09285901361663829
8893,2.3406772431180283,2.2383782309690075,0.10229901214902082
8894,2.547921451860319,2.4288568666799124,0.11906458518040663
8895,2.4565114561288817,2.3402046245663457,0.11630683156253596
8896,2.4442466093351563,2.3342890922316704,0.10995751710348589
8897,2.409506018033256,2.303424001958425,0.10608201607483103
8898,2.2485285905540153,2.1594274736436274,0.08910111691038791
8899,2.4932368089357912,2.370770677561609,0.12246613137418239
8900,2.2927729997459254,2.193926695131282,0.09884630461464328
8901,2.4293016463306456,2.312723869578593,0.11657777675205239
8902,2.3119980368459965,2.216245032152032,0.09575300469396453
8903,2.7345606959925703,2.5883249237572086,0.14623577223536177
8904,2.3008602874071937,2.2049642560736733,0.09589603133352043
8905,2.3144886346868745,2.2137195811990376,0.10076905348783693
8906,2.6079081986380315,2.4669027053436734,0.14100549329435808
8907,2.3291508774289977,2.2334369618921337,0.09571391553686404
8908,2.643783246466909,2.503263998640808,0.14051924782610126
8909,2.2803284463993343,2.18719915543911,0.09312929096022415
8910,2.3947052798984987,2.2878020135766697,0.106903266321829
8911,2.340911029737739,2.2322962835963516,0.10861474614138755
8912,2.3992926189929493,2.281124376832159,0.11816824216079036
8913,2.5626568495172877,2.4392767698639193,0.12338007965336839
8914,2.362276557905973,2.2480177360169304,0.11425882188904257
8915,2.4778654662983577,2.3520888127494795,0.12577665354887824
8916,2.3396280372300278,2.248056833810906,0.09157120341912162
8917,2.4303589206058795,2.3267996904924146,0.1035592301134649
8918,2.5127886036907645,2.3943873236821616,0.11840128000860295
8919,2.434999673916594,2.312621536578791,0.12237813733780278
8920,2.6089575617565632,2.467799631234978,0.14115793052158532
8921,2.490815667001812,2.365454077737843,0.125361589263969
8922,2.3348882087888096,2.242686098238727,0.09220211055008276
8923,2.2793755250040677,2.1819912229455816,0.09738430205848614
8924,2.5581387585308315,2.4139002129696356,0.14423854556119586
8925,2.543143110615652,2.4199562070135068,0.12318690360214513
8926,2.2834687392893303,2.1903530859082645,0.09311565338106575
8927,2.469062228374257,2.346507755353681,0.1225544730205761
8928,2.3743315731302173,2.2642962643963123,0.11003530873390499
8929,2.575165031172857,2.450545336618309,0.12461969455454769
8930,2.505714283333678,2.3838620246218496,0.12185225871182848
8931,2.3395827511967497,2.241314831580195,0.09826791961655479
8932,2.305999441429251,2.206988701492638,0.09901073993661269
8933,2.4207181612814184,2.3031712320555937,0.11754692922582466
8934,2.386310462384056,2.2837238874625934,0.1025865749214625
8935,2.446442684864001,2.3358785513567994,0.1105641335072014
8936,2.4683245153955085,2.3513549467635766,0.11696956863193186
8937,2.259714685565916,2.173749061921056,0.0859656236448596
8938,2.2948925363545287,2.2003151710313023,0.09457736532322647
8939,2.524358237791775,2.3954084331755707,0.1289498046162043
8940,2.3886391060492285,2.2805299712835314,0.10810913476569706
8941,2.3408272385678712,2.235388753307986,0.10543848525988508
8942,2.515314775728135,2.3858245803376037,0.12949019539053142
8943,2.4332060866988052,2.3225829972229506,0.11062308947585464
8944,2.2959085219433923,2.2021791848090606,0.09372933713433174
8945,2.581269319404515,2.44296850809261,0.1383008113119053
8946,2.355553186072996,2.2543857086118715,0.10116747746112464
8947,2.3449645054077246,2.2472304125856457,0.0977340928220789
8948,2.4462844848397407,2.3221879406557577,0.12409654418398297
8949,2.4011117445361077,2.2951215571624726,0.10599018737363508
8950,2.3835991437199775,2.2826131016865947,0.1009860420333828
8951,2.4587013944718787,2.3409703235108323,0.1177310709610464
8952,2.4863520004703457,2.371729977407013,0.1146220230633328
8953,2.3754255917511933,2.2707115796319237,0.10471401211926956
8954,2.454139930333767,2.3320566756705152,0.12208325466325176
8955,2.311386404372428,2.211276020702918,0.1001103836695103
8956,2.503855303671784,2.3813667651423343,0.12248853852944963
8957,2.410222959423124,2.303656347780579,0.106566611642545
8958,2.450508961049217,2.342649215941992,0.10785974510722474
8959,2.4306582762471973,2.318220339185111,0.11243793706208649
8960,2.4833789708693974,2.356505230003324,0.12687374086607361
8961,2.5007359654020562,2.3861562644125693,0.11457970098948689
8962,2.5162918874256044,2.3877208399489507,0.1285710474766537
8963,2.474743147137339,2.3486393208356757,0.12610382630166317
8964,2.483065680066452,2.3657024191791534,0.11736326088729854
8965,2.340435195977623,2.248331170020051,0.09210402595757206
8966,2.3640453761421285,2.258247982459663,0.10579739368246566
8967,2.5306813123459175,2.396219337645816,0.13446197470010146
8968,2.618279325993659,2.48616995420882,0.13210937178483917
8969,2.835247555859667,2.6755226779985297,0.15972487786113732
8970,2.338102332611554,2.2297644429820984,0.10833788962945556
8971,2.3778793777052125,2.267575524176586,0.11030385352862648
8972,2.446749666465655,2.3368251107273896,0.10992455573826554
8973,2.40111535719606,2.2994553439384946,0.10166001325756557
8974,2.303904801883494,2.2088827063398084,0.09502209554368557
8975,2.574745037734961,2.447630032928455,0.12711500480650617
8976,2.2934384455732526,2.204112174987796,0.0893262705854565
8977,2.612979908753747,2.4740798052754536,0.1389001034782935
8978,2.5681530410684563,2.445991021915045,0.12216201915341118
8979,2.2610604246761934,2.171095827490591,0.08996459718560246
8980,2.509648864442778,2.371824109495126,0.13782475494765212
8981,2.353865289014689,2.2559213780732943,0.09794391094139465
8982,2.329377762810293,2.2239225332069443,0.10545522960334885
8983,2.4943794157402484,2.383475568991479,0.1109038467487693
8984,2.4809912069128366,2.3618197827497194,0.11917142416311721
8985,2.381922093603874,2.279205584965944,0.10271650863793003
8986,2.7001466829635814,2.564138780062741,0.13600790290084053
8987,2.4997504030601934,2.3786090670358324,0.12114133602436095
8988,2.2767168481885944,2.1863354092034553,0.09038143898513917
8989,2.687126597218518,2.5604234039859,0.12670319323261792
8990,2.326066309414012,2.2245539567713495,0.10151235264266267
8991,2.4571720957577745,2.3347881544425526,0.1223839413152219
8992,2.757986964712828,2.617191269029331,0.14079569568349726
8993,2.555158966855054,2.428235948718653,0.12692301813640094
8994,2.4958345450776975,2.3715399465855422,0.1242945984921553
8995,2.402861128248068,2.296672084749928,0.10618904349813985
8996,2.2706004092969243,2.175849655069073,0.09475075422785117
8997,2.5823473874072262,2.446502970666752,0.1358444167404742
8998,2.338178038262398,2.243574200574163,0.09460383768823499
8999,2.4037144031129354,2.2955104372807904,0.10820396583214498
9000,2.359362401910231,2.26084636270968,0.09851603920055085
9001,2.310897239677582,2.2115782391340644,0.09931900054351761
9002,2.320482016347163,2.219171636607899,0.10131037973926382
9003,2.4021446725704307,2.2896718129268985,0.11247285964353226
9004,2.4320650054579764,2.326933781920659,0.10513122353731763
9005,2.2693499588101735,2.1866366264721924,0.08271333233798117
9006,2.337998355216855,2.233034765948791,0.10496358926806382
9007,2.3628343869962545,2.2574326406181693,0.10540174637808519
9008,2.478622062914773,2.3630008034443444,0.11562125947042867
9009,2.576417710128059,2.45863422543941,0.11778348468864941
9010,2.6989665346672305,2.5472157642636915,0.15175077040353901
9011,2.3839116758496686,2.2762593944819334,0.10765228136773519
9012,2.5563322739197103,2.4322066420845867,0.1241256318351236
9013,2.365139375453035,2.2643920326302722,0.10074734282276276
9014,2.4191703333361434,2.309669584074311,0.10950074926183229
9015,2.682484151004797,2.538596493145103,0.14388765785969415
9016,2.697906792892715,2.5488886166955593,0.14901817619715585
9017,2.5023564580605036,2.3813084552950126,0.12104800276549099
9018,2.4826459669712304,2.3667107396622247,0.11593522730900574
9019,2.452284608041657,2.33666067013931,0.11562393790234715
9020,2.447558982166169,2.3343396375077803,0.1132193446583889
9021,2.6285230112520117,2.499190617331941,0.12933239392007057
9022,2.491499118145303,2.367610980293331,0.12388813785197206
9023,2.2839311703988114,2.1935183267583436,0.09041284364046787
9024,2.558473228603259,2.42440591767986,0.1340673109233994
9025,2.3169652925370783,2.215191018745828,0.10177427379125037
9026,2.4409386277737606,2.3170840338124448,0.12385459396131582
9027,2.4737175752184593,2.3673431127111764,0.10637446250728289
9028,2.21598098459243,2.1355368066087665,0.08044417798366332
9029,2.456379669354592,2.3508600740196197,0.10551959533497213
9030,2.3425357888569223,2.2399379222969378,0.10259786655998449
9031,2.3519876056347844,2.2435945802903663,0.10839302534441808
9032,2.597114241850149,2.467260058454709,0.12985418339544008
9033,2.416658919735739,2.305159041862354,0.11149987787338489
9034,2.3719082480673253,2.267647498015007,0.10426075005231805
9035,2.517067807585819,2.3961994513032208,0.12086835628259829
9036,2.434762599864848,2.3133965726644745,0.1213660272003736
9037,2.56401770925456,2.4348140209306934,0.12920368832386675
9038,2.7709833509763397,2.630847930705829,0.14013542027051074
9039,2.597734941384437,2.467174017157131,0.13056092422730625
9040,3.0316968480422912,2.869591147265016,0.16210570077727526
9041,2.4745979878859488,2.3664075607837387,0.10819042710221005
9042,2.4019038375226267,2.2885983834600383,0.1133054540625884
9043,2.396136485515474,2.291235024426587,0.10490146108888698
9044,2.4432393447163894,2.3354816855449174,0.10775765917147195
9045,2.38401655736621,2.274245197712265,0.10977135965394513
9046,2.351456059362591,2.2469746532336172,0.10448140612897383
9047,2.3877501791412152,2.2783502814986334,0.10939989764258184
9048,2.300896624802742,2.1979964776518073,0.10290014715093454
9049,2.3836782261489056,2.2835746451815147,0.10010358096739091
9050,2.6086970811479393,2.473983594438882,0.13471348670905714
9051,2.4963912547193026,2.3763886986070757,0.12000255611222688
9052,2.413907705954382,2.298842816894,0.11506488906038204
9053,2.403101211744994,2.292049382621528,0.11105182912346612
9054,2.4460207843596646,2.3267048062364304,0.11931597812323425
9055,2.289494889009713,2.1904400422419354,0.09905484676777743
9056,2.3464820259270867,2.2564479861316973,0.09003403979538938
9057,2.391552492516768,2.278584916116952,0.11296757639981614
9058,2.4740888630643414,2.3595206478466,0.11456821521774119
9059,2.3098554422542734,2.2194104645127184,0.09044497774155502
9060,2.4584903591314213,2.3456267830727215,0.11286357605869979
9061,2.583157708801199,2.4644959835202394,0.11866172528095964
9062,2.6675398532212067,2.5313337903928392,0.13620606282836745
9063,2.2416322987185673,2.1466554221016367,0.09497687661693055
9064,2.859321813370913,2.7016076392538393,0.15771417411707356
9065,2.5088527029481793,2.3790711920420193,0.12978151090615997
9066,2.472346083127604,2.3577762663591173,0.11456981676848654
9067,2.6309845885646777,2.5054865903413135,0.12549799822336416
9068,2.495460516462628,2.3866273246406364,0.10883319182199136
9069,2.4144389263345962,2.3032912099620906,0.11114771637250564
9070,2.4032986121445497,2.298805202514802,0.10449340962974762
9071,2.2669881833209717,2.1756755869716224,0.0913125963493493
9072,2.4195483606584225,2.305118246408171,0.11443011425025151
9073,2.3570331741912907,2.2501761149307784,0.10685705926051225
9074,2.456919724904233,2.337756659595957,0.11916306530827603
9075,2.4454634247069147,2.3218841368982353,0.12357928780867944
9076,2.386496938385915,2.287213867414253,0.09928307097166211
9077,2.376694462827006,2.278901834913201,0.09779262791380505
9078,2.4304261890779078,2.3232974487472426,0.1071287403306651
9079,2.45583989382808,2.3444269925335726,0.11141290129450754
9080,2.350419144727326,2.2424180932832156,0.10800105144411054
9081,2.352397366569371,2.2534901055111276,0.09890726105824355
9082,2.3559191641415578,2.2511385523109557,0.10478061183060206
9083,2.710893484767918,2.5741602667511425,0.1367332180167753
9084,2.330814556857453,2.239374565590184,0.09143999126726898
9085,2.353832248630631,2.2488969232758294,0.10493532535480155
9086,2.317367023934614,2.225322065868882,0.09204495806573165
9087,2.525192674276377,2.4125096776610744,0.11268299661530268
9088,2.545989398608585,2.433678005784426,0.11231139282415903
9089,2.3766432746789126,2.2672622851142603,0.10938098956465225
9090,2.3234426845852902,2.218669109977024,0.10477357460826608
9091,2.501402482703234,2.3740334621081907,0.1273690205950433
9092,2.221599063581539,2.137481290903811,0.08411777267772802
9093,2.433290666122944,2.329968694776703,0.10332197134624099
9094,2.4786041687309828,2.366574330715412,0.11202983801557087
9095,2.4645826406563995,2.351455762408916,0.11312687824748346
9096,2.510675453419516,2.3994490372586177,0.11122641616089846
9097,2.513614988999773,2.3900319599512905,0.12358302904848273
9098,2.4534723157159277,2.330774916274951,0.1226973994409768
9099,2.5341032065055327,2.4132154475026257,0.12088775900290694
9100,2.622681280253869,2.489224286713145,0.13345699354072416
9101,2.3632934181923275,2.2582549441353708,0.10503847405695677
9102,2.3254515040520536,2.231446061959419,0.09400544209263462
9103,2.4642929485512153,2.344589462270971,0.11970348628024441
9104,2.643416921501637,2.501277601492503,0.1421393200091341
9105,2.4437923785363536,2.33050541779944,0.11328696073691358
9106,2.745137966410137,2.6084865477166326,0.1366514186935044
9107,2.419244678089609,2.2992137783747166,0.12003089971489223
9108,2.337010168387324,2.2360568350072274,0.10095333338009649
9109,2.249279378256704,2.165896623976898,0.08338275427980602
9110,2.4984750939347,2.3698188740541046,0.1286562198805954
9111,2.330221312026444,2.229962005981657,0.10025930604478717
9112,2.41133984035868,2.2990686262131343,0.11227121414554553
9113,2.3559380780289323,2.245300387522414,0.11063769050651828
9114,2.6075080152752403,2.4865250247758026,0.12098299049943773
9115,2.389276290564001,2.2778015764898676,0.11147471407413345
9116,2.5362594399595504,2.3983117538033887,0.1379476861561617
9117,2.5253456693380993,2.416703581973913,0.10864208736418624
9118,2.6387280033088922,2.48777037015226,0.15095763315663202
9119,2.460829359375572,2.3444591740305865,0.11637018534498544
9120,2.579924067168248,2.4497870637616956,0.13013700340655232
9121,2.38450470547481,2.274973261630342,0.10953144384446789
9122,2.2435939513737617,2.1574426436996936,0.08615130767406809
9123,2.5179618242085944,2.391794143554778,0.12616768065381656
9124,2.4178065766302725,2.3097037275172343,0.10810284911303825
9125,2.343786211538676,2.2328891030446467,0.11089710849402934
9126,2.3638958236999805,2.2604635385104737,0.10343228518950687
9127,2.369395683881386,2.269468723277604,0.09992696060378226
9128,2.2656546316206274,2.1801003229915867,0.08555430862904068
9129,2.308348803857967,2.206132470996369,0.1022163328615977
9130,2.4891042411780906,2.3771972502763283,0.11190699090176226
9131,2.4645763689979723,2.3431496426928753,0.12142672630509699
9132,2.4796147804220916,2.3561324035113165,0.12348237691077513
9133,2.3373782294241296,2.2344611750561603,0.10291705436796938
9134,2.365738199590463,2.2793407134983825,0.08639748609208064
9135,2.4599888347573517,2.341185890733658,0.11880294402369396
9136,2.4296033908245973,2.3139599007102154,0.11564349011438191
9137,2.564580446856792,2.432102249514358,0.13247819734243382
9138,2.4358177824904157,2.331594725731899,0.10422305675851673
9139,2.413524770918463,2.305483642451976,0.10804112846648728
9140,2.4612403532429337,2.358974263674038,0.1022660895688956
9141,2.4243021224642933,2.3141583794310816,0.11014374303321173
9142,2.4467040734990646,2.329429341529517,0.11727473196954774
9143,2.4132368349904674,2.3106315219546105,0.10260531303585685
9144,2.768651474217707,2.6106225377726613,0.1580289364450458
9145,2.561529390150633,2.4424803924050624,0.11904899774557043
9146,2.492052739902334,2.372975091444174,0.11907764845815993
9147,2.4281701405871243,2.3332494396504635,0.09492070093666083
9148,2.3870174197149114,2.2826426390304846,0.10437478068442685
9149,2.6255789501652367,2.4733029107711952,0.15227603939404144
9150,2.3756232966745383,2.270511922759971,0.10511137391456726
9151,2.4329337200635295,2.3103973414029872,0.12253637866054223
9152,2.5431629460883767,2.414417872001453,0.1287450740869236
9153,2.430013531692606,2.3158031655976012,0.1142103660950049
9154,2.4300280294036147,2.31860651928869,0.11142151011492452
9155,2.4278485981725955,2.328793851469059,0.09905474670353653
9156,2.3796266021168067,2.2757281694363067,0.10389843268049992
9157,2.540293990997495,2.4041135448176205,0.13618044617987435
9158,2.378700830070203,2.27659107530501,0.10210975476519302
9159,2.3256310488539915,2.2199484692122766,0.1056825796417149
9160,2.2849093911042915,2.192186954449715,0.09272243665457669
9161,2.439392189910584,2.3210693687072346,0.11832282120334936
9162,2.3163756019401935,2.2209299022277476,0.09544569971244599
9163,2.3046015433918763,2.2078771741192558,0.09672436927262051
9164,2.544710754024798,2.4106758827892896,0.1340348712355084
9165,2.482035030040114,2.3598977660245577,0.12213726401555647
9166,2.3383231740501103,2.2316671741948197,0.1066559998552905
9167,2.3717987435360883,2.274372859097513,0.09742588443857514
9168,2.322789938999595,2.221114168350739,0.10167577064885602
9169,2.276056983165951,2.1790478132806395,0.0970091698853115
9170,2.378631619176411,2.26477968718688,0.11385193198953081
9171,2.3361325427786137,2.2384486781599358,0.09768386461867795
9172,2.4068434615633647,2.290506636284946,0.11633682527841849
9173,2.4315830695774587,2.3185690992551056,0.11301397032235316
9174,2.297613299340581,2.2071584467672336,0.09045485257334729
9175,2.6689956505492063,2.5364866136773663,0.13250903687184
9176,2.4299925466224503,2.325718900870929,0.1042736457515212
9177,2.429353356729972,2.3152200590525633,0.11413329767740876
9178,2.4773002912478344,2.3624195257178644,0.11488076552996995
9179,2.4284209865983692,2.32912091439115,0.09930007220721926
9180,2.5673505231375686,2.447018390031323,0.12033213310624546
9181,2.377805681131459,2.264510748530041,0.1132949326014181
9182,2.2777517523727067,2.183473924852501,0.09427782752020564
9183,2.3465098509124025,2.245170370393285,0.10133948051911768
9184,2.4119894468906464,2.3012242677698973,0.11076517912074912
9185,2.5941485950997096,2.471156817592512,0.12299177750719759
9186,2.53447592488583,2.394932997864717,0.13954292702111326
9187,2.8056215451446653,2.6526727900717626,0.15294875507290273
9188,2.5656703754652375,2.4413062894007447,0.12436408606449278
9189,2.4633120657624756,2.3585081030394894,0.1048039627229862
9190,2.2972861417927315,2.199531195966869,0.09775494582586264
9191,2.204584797228112,2.1217604754271724,0.08282432180093968
9192,2.373904680660001,2.267268124066939,0.10663655659306182
9193,2.4523266286978127,2.3291427628601675,0.12318386583764518
9194,2.3417937890165974,2.241410676241298,0.10038311277529921
9195,2.4202665292957297,2.309948154745185,0.11031837455054472
9196,2.3254896079805563,2.2279824468360547,0.09750716114450153
9197,2.5201178980680874,2.391678941991472,0.12843895607661526
9198,2.2867600332710465,2.194370089687885,0.09238994358316166
9199,2.2660569667936303,2.1776247656385723,0.08843220115505801
9200,2.484213769049328,2.372829710107775,0.11138405894155268
9201,2.295504849609135,2.1933092643572896,0.10219558525184524
9202,2.5328784104125175,2.4178779110035893,0.1150004994089282
9203,2.359290966596769,2.2506783838312487,0.10861258276552022
9204,2.5491157216438864,2.422951327223278,0.12616439442060834
9205,2.792879448459496,2.658328031055837,0.13455141740365884
9206,2.4948193039648783,2.3775370309326465,0.11728227303223182
9207,2.432462767432712,2.3185483670075877,0.11391440042512446
9208,2.6060994027422555,2.4762788333774495,0.12982056936480602
9209,2.3401393859689756,2.2348152079968915,0.10532417797208415
9210,2.3960270949028293,2.28666705930194,0.10936003560088947
9211,2.3598876343304727,2.2535362885161003,0.10635134581437233
9212,2.7067360378590224,2.57311048964892,0.13362554821010253
9213,2.520723980848009,2.3975622196064803,0.12316176124152856
9214,2.72274221370418,2.5817462982663573,0.14099591543782264
9215,2.511829975187956,2.383296607753948,0.12853336743400767
9216,2.5431524141097652,2.4277567749941507,0.11539563911561457
9217,2.2781718419263597,2.1909655635573815,0.08720627836897821
9218,2.4588250029141765,2.3459907651379237,0.11283423777625279
9219,2.4703595527299327,2.3514214784473797,0.11893807428255299
9220,2.5681291602415994,2.4392591919088096,0.12886996833278985
9221,2.389904509433455,2.275448714033937,0.11445579539951822
9222,2.3624326616349265,2.255929638176248,0.10650302345867857
9223,2.5745602637583413,2.435792138653655,0.1387681251046864
9224,2.2754875801246413,2.1799914054404037,0.09549617468423754
9225,2.3442651077562933,2.241352002719534,0.10291310503675932
9226,2.448791130102107,2.326723296821159,0.12206783328094772
9227,2.301452828280634,2.2047865183380324,0.09666630994260172
9228,2.4413604732296514,2.3311490011016187,0.11021147212803273
9229,2.4772168213274544,2.3559207478324904,0.12129607349496396
9230,2.30811954946042,2.208829241346666,0.09929030811375394
9231,2.4841248453714884,2.3734588256094513,0.11066601976203705
9232,2.398916828150517,2.2836035062870756,0.11531332186344123
9233,2.38715927473085,2.2684140161977453,0.1187452585331048
9234,2.3928226022817523,2.282735102833181,0.11008749944857144
9235,2.3863432094089263,2.2770048558863096,0.10933835352261667
9236,2.2847869463844233,2.1893907330019915,0.09539621338243176
9237,2.2993109045846563,2.2004376254317175,0.09887327915293875
9238,2.5658559822245803,2.425688045398811,0.14016793682576933
9239,2.4166668866905248,2.297415665694624,0.11925122099590091
9240,2.5590292583695766,2.4244605598236952,0.13456869854588138
9241,2.3534903757018966,2.2502309806592353,0.10325939504266124
9242,2.4965820821269142,2.378317089535655,0.11826499259125933
9243,2.426283972363325,2.3120504215928728,0.11423355077045239
9244,2.356036350711156,2.2477295611468677,0.10830678956428841
9245,2.4284774979074784,2.3225816867925357,0.10589581111494262
9246,2.312468698853781,2.2108069697301227,0.10166172912365834
9247,2.579206243856733,2.4592786315858746,0.11992761227085857
9248,2.362185123069337,2.2654477288227968,0.09673739424654038
9249,2.4156236224341123,2.3120382604227347,0.10358536201137758
9250,2.4879124979856075,2.361641775060211,0.12627072292539676
9251,2.402930682587925,2.2932608058023067,0.10966987678561813
9252,2.396618818540911,2.3006648281615,0.0959539903794111
9253,2.267935713088946,2.171408746837184,0.09652696625176205
9254,2.3306899336444022,2.2329879706415254,0.09770196300287681
9255,2.445715698276514,2.3209406490660407,0.12477504921047311
9256,2.348484074904195,2.250005862211796,0.09847821269239887
9257,2.897709674904708,2.7323266794394603,0.1653829954652477
9258,2.4986012644578275,2.390953664382962,0.1076476000748654
9259,2.4080198146860523,2.2942231869871703,0.11379662769888199
9260,2.534515730346418,2.418916162323531,0.11559956802288696
9261,2.4405047146720857,2.318503536391707,0.12200117828037893
9262,2.4045181393420547,2.297936800076609,0.10658133926544577
9263,2.521683341444129,2.3980657290707432,0.12361761237338564
9264,2.3800972915982403,2.270434659841948,0.10966263175629232
9265,2.340398793526732,2.239479526269136,0.10091926725759581
9266,2.3678653124378366,2.270804918724829,0.09706039371300745
9267,2.605474106295881,2.460288821052478,0.14518528524340324
9268,2.3210070572115757,2.215346225473295,0.10566083173828078
9269,2.3162174517030545,2.2125500041978055,0.10366744750524903
9270,2.5202731124909765,2.390824094586654,0.12944901790432262
9271,2.4545411982944554,2.3382174617544806,0.11632373653997474
9272,2.3898241186131948,2.2897385108965547,0.1000856077166401
9273,2.5191869985376956,2.399560043063575,0.1196269554741205
9274,2.3167159002110327,2.2133712419564646,0.10334465825456807
9275,2.4570178518459347,2.3463006700463516,0.11071718179958312
9276,2.374656006622676,2.2697899829340127,0.10486602368866338
9277,2.4058020452147266,2.3006620391786567,0.10514000603606988
9278,2.457307510340676,2.3440339416727416,0.11327356866793448
9279,2.354176341149813,2.2478401498129146,0.10633619133689853
9280,2.3753669343624524,2.2620086495170857,0.1133582848453667
9281,2.5220404082454713,2.412960896829198,0.10907951141627326
9282,2.3144234403813817,2.2173182439793626,0.09710519640201909
9283,2.3238060800234375,2.214870508862056,0.10893557116138153
9284,2.38406622440729,2.2732684863387584,0.11079773806853144
9285,2.41883972369932,2.299686542803425,0.119153180895895
9286,2.435073425559354,2.3188013838981862,0.11627204166116778
9287,2.23980602793132,2.1526082104347295,0.08719781749659061
9288,2.3982350790438924,2.2930281767317,0.10520690231219243
9289,2.503110414215366,2.3799591862174014,0.12315122799796452
9290,2.4166598041176064,2.3043357187250493,0.11232408539255712
9291,2.590845878921822,2.4383377151696926,0.15250816375212928
9292,2.413402685596386,2.306570790603804,0.10683189499258194
9293,2.2947718217911683,2.1989661017847393,0.09580572000642906
9294,2.460629455498043,2.3363115820268345,0.12431787347120826
9295,2.340860642384773,2.2414999525116857,0.09936068987308744
9296,2.5338300902338853,2.409815579866012,0.12401451036787314
9297,2.3169872201567787,2.2205355370512025,0.09645168310557617
9298,2.604734947093238,2.478720036328171,0.126014910765067
9299,2.381122858226592,2.2791247056261974,0.10199815260039458
9300,2.4478964423339225,2.3280011949757635,0.11989524735815893
9301,2.44964463198979,2.334476853238175,0.11516777875161477
9302,2.2631420523311157,2.1828177792706693,0.08032427306044632
9303,2.303371721726189,2.2107708680592375,0.09260085366695137
9304,2.3793867801229287,2.268482333902916,0.11090444622001261
9305,2.5175587244784325,2.3927970510309335,0.124761673447499
9306,2.404309767335954,2.3035428591820284,0.10076690815392553
9307,2.3985083808594645,2.2982370253781648,0.10027135548129973
9308,2.370623236376324,2.2619523209452295,0.10867091543109453
9309,2.4938134161906835,2.3649125929042385,0.12890082328644503
9310,2.372639055697524,2.2589052600578405,0.11373379563968333
9311,2.2633975903754995,2.1705797344064464,0.09281785596905312
9312,2.414928827900554,2.298390216973243,0.11653861092731121
9313,2.530709384346856,2.4091910041589983,0.12151838018785766
9314,2.468225133530149,2.3460383188305394,0.12218681469960968
9315,2.25913289548131,2.1683890420639576,0.09074385341735258
9316,2.3492655117010974,2.2502246776893653,0.09904083401173214
9317,2.4524780665660546,2.3386918045796565,0.11378626198639807
9318,2.4999926658519778,2.3781618114734475,0.12183085437853025
9319,2.2946109726696218,2.2010070841442557,0.09360388852536605
9320,2.3848016969981374,2.2654055919509584,0.11939610504717901
9321,2.2722949435761617,2.1844365896641755,0.08785835391198615
9322,2.5654802970757427,2.4400388226372702,0.12544147443847242
9323,2.423145929647696,2.312125082246362,0.11102084740133389
9324,2.439562906848441,2.3266964781197297,0.11286642872871111
9325,2.2716843126945796,2.1876724599143778,0.08401185278020185
9326,2.5491447225923305,2.4296127586596636,0.11953196393266685
9327,2.550000783646751,2.4212596585056168,0.12874112514113412
9328,2.7165549921498537,2.578561148752371,0.13799384339748277
9329,2.3783212253928525,2.2727249279304806,0.10559629746237187
9330,2.686506335599617,2.529102918807772,0.157403416791845
9331,2.5622499250108106,2.4279892069050844,0.13426071810572626
9332,2.4171887847671862,2.3033700920278464,0.11381869273933987
9333,2.4337404267882725,2.316067222186158,0.11767320460211472
9334,2.525523015689009,2.412773500993005,0.11274951469600403
9335,2.457853484006319,2.3311502074635406,0.12670327654277846
9336,2.3025696589388285,2.2020845517903016,0.10048510714852688
9337,2.4586219222917496,2.335568582140002,0.12305334015174774
9338,2.509278529358875,2.3729413188712747,0.1363372104876004
9339,2.3241870796600197,2.224433792992795,0.09975328666722483
9340,2.585198459258448,2.4451061300053367,0.1400923292531111
9341,2.512802690643956,2.395871004384588,0.11693168625936812
9342,2.377354002853409,2.2688159238761476,0.10853807897726142
9343,2.488247825773538,2.3653141496339902,0.12293367613954764
9344,2.5611547662296146,2.4498519670542547,0.1113027991753599
9345,2.2962390640002655,2.2031277730957832,0.09311129090448222
9346,2.364853590494035,2.259278828609322,0.10557476188471293
9347,2.3120080050929457,2.2199578360473966,0.09205016904554908
9348,2.491509303751269,2.369450092829427,0.12205921092184235
9349,2.511829077048315,2.3840337096036985,0.1277953674446164
9350,2.264899264331569,2.1757420608133904,0.08915720351817846
9351,2.4755131986345784,2.374086159766565,0.10142703886801341
9352,2.4144298257934915,2.3149961194290802,0.09943370636441129
9353,2.469701117379137,2.3560519231831023,0.11364919419603448
9354,2.309653617456774,2.214102888922133,0.0955507285346413
9355,2.3602391439230512,2.2591634383648205,0.10107570555823076
9356,2.3126548280903663,2.2199847040336826,0.09267012405668362
9357,2.5526053119859835,2.4252952426251446,0.12731006936083888
9358,2.405504821592099,2.2880191096025135,0.11748571198958535
9359,2.574932083039188,2.443961425265318,0.13097065777387007
9360,2.40873912625674,2.296583950802409,0.11215517545433107
9361,2.3781377723151924,2.2620066837638886,0.11613108855130383
9362,2.441863429673718,2.327692862305571,0.11417056736814724
9363,2.4352846699247053,2.3167236755052287,0.11856099441947654
9364,2.235912546814141,2.1432453339744457,0.09266721283969526
9365,2.360564697909633,2.2588844544139133,0.10168024349571958
9366,2.571955218187572,2.4504671463714747,0.12148807181609733
9367,2.3167355066698847,2.2204147689128777,0.096320737757007
9368,2.4591813253220693,2.345113068757997,0.11406825656407227
9369,2.3933483934783664,2.2778498830993885,0.11549851037897785
9370,2.53452994563955,2.415248017468653,0.119281928170897
9371,2.355404694349492,2.2478441834003444,0.10756051094914776
9372,2.4325715675749406,2.312256922380728,0.12031464519421275
9373,2.2802321811041417,2.1856426336337087,0.09458954747043302
9374,2.3474378855457543,2.2391060252792783,0.10833186026647601
9375,2.395295060475472,2.2986465380399435,0.09664852243552868
9376,2.372574073090542,2.2809502081867055,0.09162386490383634
9377,2.4124561298427567,2.3069601536460818,0.10549597619667495
9378,2.396824539723433,2.2939457298897885,0.10287880983364461
9379,2.410915037167032,2.296477231241642,0.11443780592538966
9380,2.4802604149915717,2.3572848973948988,0.12297551759667291
9381,2.3977058887501688,2.282660267474761,0.11504562127540785
9382,2.339584164583796,2.2434724296507174,0.09611173493307845
9383,2.4903923440890123,2.3679403044888017,0.12245203960021067
9384,2.5465614989956102,2.426661269520272,0.11990022947533818
9385,2.499004263918969,2.372633538092784,0.12637072582618503
9386,2.375164869528319,2.2750177816794217,0.10014708784889725
9387,2.292782065732293,2.1945121245045405,0.09826994122775234
9388,2.3056353545249566,2.2005957955955946,0.10503955892936201
9389,2.431693363279269,2.3109314568982517,0.12076190638101725
9390,2.2928659954861175,2.1988508923625782,0.09401510312353922
9391,2.6380633402025713,2.4986549301950034,0.13940841000756787
9392,2.4485916152504035,2.326693096210696,0.1218985190397075
9393,2.6885923688096263,2.553231157194435,0.1353612116151912
9394,2.410057207366939,2.2905362824308595,0.11952092493607935
9395,2.55389992261244,2.412048386772228,0.14185153584021215
9396,2.3361124987077635,2.231196273502392,0.10491622520537147
9397,2.432400484665489,2.314625083245213,0.1177754014202761
9398,2.2905408337714284,2.200799600476265,0.08974123329516326
9399,2.281228445926358,2.18680146307347,0.09442698285288831
9400,2.2891189981668343,2.1962000221174467,0.09291897604938759
9401,2.3826022912101035,2.277644845240879,0.1049574459692244
9402,2.6826000772648535,2.5458963442183125,0.13670373304654104
9403,2.485851979860908,2.3612329930636937,0.12461898679721406
9404,2.442512579722846,2.31835761896252,0.12415496076032584
9405,2.4457960580673443,2.329479440285215,0.11631661778212932
9406,2.54451507207587,2.4111722055235996,0.13334286655227023
9407,2.6918924132869257,2.5634036095556647,0.12848880373126104
9408,2.3116799015600416,2.2139233486699297,0.09775655289011187
9409,2.281515844635678,2.193781548457141,0.08773429617853701
9410,2.3767235595947214,2.270913807556853,0.10580975203786824
9411,2.486010505504737,2.3671866967596342,0.11882380874510279
9412,2.285008193167235,2.1959375658172027,0.08907062735003235
9413,2.3825954981769453,2.2744118479899216,0.1081836501870237
9414,2.3728998271821187,2.274277116555404,0.09862271062671457
9415,2.3883146310134933,2.2839758860647894,0.10433874494870388
9416,2.488724631378262,2.3712324516758256,0.11749217970243642
9417,2.381549381829466,2.2717267886099775,0.1098225932194885
9418,2.5723730142307053,2.4454467314386674,0.12692628279203788
9419,2.3772849336843778,2.262465474649554,0.11481945903482371
9420,2.479259810500876,2.3548567114292522,0.12440309907162383
9421,2.3306593683963954,2.223675130389124,0.10698423800727141
9422,2.3054189811009906,2.2073003095199657,0.09811867158102494
9423,2.4291665778286142,2.3191378649104304,0.11002871291818384
9424,2.3125562297807982,2.211299572280269,0.10125665750052937
9425,2.3085391919407856,2.2125197248435984,0.09601946709718723
9426,2.321887346407321,2.230047148473806,0.09184019793351483
9427,2.4476927088015827,2.3435382922949213,0.10415441650666146
9428,2.3550968977198043,2.2533369058548405,0.10175999186496387
9429,2.472324352396538,2.3693785113554227,0.10294584104111548
9430,2.5893271769392445,2.46464915329183,0.12467802364741454
9431,2.316731573366511,2.2093730928900692,0.10735848047644181
9432,2.3603925024140495,2.2602123628313873,0.10018013958266225
9433,2.293945768411031,2.1978894767989434,0.09605629161208773
9434,2.3513784494157663,2.2442341701823723,0.10714427923339409
9435,2.3470776193247316,2.243808875636938,0.10326874368779349
9436,2.3638731090946257,2.2660205958737736,0.09785251322085209
9437,2.384569820503411,2.2787441102348085,0.10582571026860244
9438,2.4770730081089853,2.364386357895079,0.11268665021390634
9439,2.6067127375484063,2.468162627772177,0.1385501097762294
9440,2.4454149206883016,2.3257508745139996,0.11966404617430193
9441,2.3671010800347796,2.253573984032772,0.11352709600200761
9442,2.312454069605185,2.2120852526406045,0.10036881696458044
9443,2.5963003389458117,2.4801434699650464,0.11615686898076527
9444,2.3534503292219875,2.2525761540454052,0.10087417517658226
9445,2.5129740484669183,2.3832316590996143,0.12974238936730398
9446,2.310605320790019,2.205642149634432,0.10496317115558673
9447,2.4354698653721067,2.3110060487159845,0.12446381665612227
9448,2.357688912331912,2.2470079665593756,0.11068094577253618
9449,2.405578371516856,2.2952117255609807,0.11036664595587542
9450,2.488251166361951,2.3738373642048964,0.11441380215705443
9451,2.434254186297198,2.3257054173444813,0.10854876895271648
9452,2.453129793354812,2.3439151755204173,0.1092146178343949
9453,2.3433536555842527,2.2334841105890195,0.10986954499523316
9454,2.385590569246252,2.2831195632134795,0.10247100603277248
9455,2.4635064004673213,2.336352851965901,0.12715354850142013
9456,2.4296511136269836,2.318945277332204,0.11070583629477948
9457,2.51884815633104,2.3965015649943027,0.1223465913367372
9458,2.3458736763162658,2.2350830285273307,0.1107906477889351
9459,2.5602143455446806,2.4255279978004562,0.1346863477442244
9460,2.3296491913896977,2.22869118675123,0.10095800463846771
9461,2.3676265154341367,2.2643696658127332,0.10325684962140347
9462,2.484564732509042,2.3566749535423637,0.1278897789666784
9463,2.434229494310594,2.314582033587038,0.11964746072355581
9464,2.4466113461013927,2.345539724752707,0.10107162134868597
9465,2.3954594346086053,2.287471415270099,0.10798801933850655
9466,2.346039919803096,2.2373216855627467,0.10871823424034943
9467,2.3426553978333664,2.2357023327244043,0.10695306510896208
9468,2.503380413576423,2.381711407701362,0.12166900587506069
9469,2.4026882055347887,2.281382982495815,0.12130522303897351
9470,2.5213106630681685,2.3897888795551196,0.13152178351304888
9471,2.476825375712092,2.34232952477051,0.1344958509415819
9472,2.361576348929956,2.2582760901979206,0.1033002587320353
9473,2.4142773392449586,2.3041859915063045,0.11009134773865403
9474,2.6538411634449126,2.514205434752778,0.1396357286921348
9475,2.7479786529086057,2.6010963658282584,0.14688228708034723
9476,2.342535377304066,2.24346946709424,0.09906591020982614
9477,2.4274915989801,2.3192193046665133,0.10827229431358676
9478,2.255761083848455,2.165463018199825,0.09029806564862985
9479,2.3410333354727744,2.244275676007678,0.09675765946509651
9480,2.4228458086061715,2.303153064286028,0.11969274432014343
9481,2.440501457983916,2.3336710368692435,0.10683042111467245
9482,2.338739987402151,2.229659442487985,0.10908054491416586
9483,2.5055370827524377,2.381015331725315,0.12452175102712282
9484,2.3635145844012464,2.249685399305651,0.11382918509559525
9485,2.431076315628797,2.315653440318313,0.11542287531048379
9486,2.3934676044943783,2.2859168266400913,0.10755077785428702
9487,2.576361829352132,2.4473430350960057,0.1290187942561265
9488,2.636441734213137,2.5043963775233875,0.13204535668974948
9489,2.4406328264138435,2.3266433581919483,0.11398946822189515
9490,2.3462977046197024,2.237044024146528,0.10925368047317452
9491,2.5090114723851333,2.375370052731111,0.13364141965402254
9492,2.434406070380295,2.322483964310848,0.11192210606944686
9493,2.3089712056955136,2.2175857811691806,0.09138542452633303
9494,2.480694036458899,2.356771185190804,0.12392285126809499
9495,2.280040841327221,2.1880338926381864,0.09200694868903447
9496,2.4965096225845187,2.3703041368021167,0.12620548578240198
9497,2.4188176330740307,2.3168422140898466,0.10197541898418416
9498,2.3572524849576144,2.2513338969061425,0.10591858805147192
9499,2.3816218661123236,2.2759887207617497,0.10563314535057389
9500,2.5751348956206366,2.457622836110775,0.11751205950986154
9501,2.4396340597216994,2.3227267645361533,0.1169072951855461
9502,2.263749916901872,2.174964847624374,0.08878506927749807
9503,2.2441868252617763,2.159290617865728,0.08489620739604842
9504,2.317428554975815,2.214719292567866,0.10270926240794909
9505,2.3901902468547833,2.281940346076837,0.10824990077794627
9506,2.4099384524748366,2.2990698443091486,0.110868608165688
9507,2.4523936062678926,2.3275912967302514,0.12480230953764115
9508,2.6705094188361325,2.5424454015814217,0.12806401725471073
9509,2.247058233172729,2.155436040381587,0.09162219279114225
9510,2.2325599778214698,2.149197028222149,0.08336294959932067
9511,2.4475677054012555,2.3359962747356025,0.111571430665653
9512,2.478684531753461,2.3504219120772567,0.12826261967620445
9513,2.2648158983128157,2.1688214966694574,0.09599440164335826
9514,2.3963704048132204,2.2797495056250074,0.11662089918821295
9515,2.382260108299871,2.271404735762413,0.1108553725374577
9516,2.4495230169469453,2.3285976796927086,0.12092533725423671
9517,2.2629317835535323,2.1723252850224526,0.09060649853107972
9518,2.274901879650732,2.1820489279819477,0.09285295166878438
9519,2.214143752011181,2.126654796969236,0.08748895504194465
9520,2.396184993703416,2.2936837298637442,0.10250126383967162
9521,2.3342795114732473,2.2388198009166564,0.09545971055659086
9522,2.3712526458472936,2.2667619103878622,0.10449073545943133
9523,2.680110582301197,2.529399963495672,0.15071061880552516
9524,2.3740954290421787,2.2688473837399923,0.10524804530218645
9525,2.534574683297497,2.3998806278025615,0.1346940554949354
9526,2.517101513692565,2.3909261731280207,0.1261753405645445
9527,2.4316281588721242,2.312996316430514,0.1186318424416104
9528,2.4316187911563825,2.3197961994948897,0.11182259166149278
9529,2.3390517263626807,2.2401043762663253,0.09894735009635536
9530,2.452631210314951,2.343720690628374,0.10891051968657717
9531,2.310324646457898,2.204802359548936,0.10552228690896204
9532,2.379913076416678,2.2767468670186695,0.10316620939800858
9533,2.5242443632295872,2.386856380336569,0.137387982893018
9534,2.567950498514968,2.4429664467587524,0.12498405175621574
9535,2.3420054321474186,2.2398264254068603,0.10217900674055835
9536,2.484651707500315,2.3788424167434967,0.10580929075681844
9537,2.5129640312657324,2.385087672061303,0.1278763592044294
9538,2.4279731979079275,2.3160918929843595,0.11188130492356807
9539,2.378603471414313,2.272333143895087,0.10627032751922583
9540,2.3727784053870677,2.267928896715055,0.1048495086720127
9541,2.3900998837356062,2.271923331782392,0.1181765519532143
9542,2.4812313647439526,2.361472779302734,0.11975858544121865
9543,2.3930276801815866,2.279023063127772,0.1140046170538147
9544,2.469957663381979,2.3634981166649145,0.10645954671706459
9545,2.6522816788125314,2.5266361180058285,0.12564556080670286
9546,2.2103748053907237,2.1279896881949005,0.0823851171958232
9547,2.4952535748301314,2.3720451995976553,0.12320837523247619
9548,2.354896182152082,2.2513847374992966,0.10351144465278539
9549,2.510412358672545,2.3881353991598395,0.12227695951270556
9550,2.5739108638252945,2.4500239789811205,0.1238868848441741
9551,2.341730885312467,2.238864575360503,0.10286630995196377
9552,2.3022343928866973,2.2040843529796112,0.09815003990708604
9553,2.375871799645819,2.2638757301216867,0.11199606952413221
9554,2.31099960805569,2.211466225822827,0.09953338223286323
9555,2.3693657163859227,2.2678209221119983,0.10154479427392449
9556,2.4557168395292663,2.3450224980771788,0.11069434145208756
9557,2.2307441236981793,2.1432362194304426,0.08750790426773669
9558,2.317989498056061,2.222999229761644,0.09499026829441704
9559,2.5665635850769366,2.4309569198717162,0.13560666520522036
9560,2.463385636983675,2.3521709240325333,0.1112147129511416
9561,2.4157667892162102,2.298019881829534,0.11774690738667637
9562,2.45137241438505,2.332697145464965,0.11867526892008495
9563,2.6487344013509437,2.5176899234117456,0.13104447793919816
9564,2.3991776010016745,2.2893346424018914,0.1098429585997831
9565,2.307371866223907,2.204871349641477,0.1025005165824302
9566,2.514149687874949,2.394450254173726,0.11969943370122316
9567,2.4888123059993634,2.3615867969255366,0.1272255090738268
9568,2.4243343332327507,2.307821449908571,0.11651288332417975
9569,2.3670758449066907,2.257820887828714,0.10925495707797683
9570,2.5780471310515995,2.4477231892653375,0.13032394178626205
9571,2.442576373744878,2.342492972455529,0.100083401289349
9572,2.431566175929556,2.3180337383948664,0.11353243753468956
9573,2.4970298989208546,2.371031621105226,0.12599827781562878
9574,2.3754645600302866,2.2660336546506494,0.10943090537963718
9575,2.40229616550935,2.281029339024528,0.12126682648482179
9576,2.3088819760383794,2.20474398647173,0.10413798956664921
9577,2.2939308942227927,2.199200993980074,0.09472990024271866
9578,2.288682200098328,2.1960249863665253,0.09265721373180247
9579,2.2916838616227677,2.1991488082642454,0.0925350533585223
9580,2.261687627838391,2.174799306295319,0.0868883215430718
9581,2.4725194177604957,2.3538322190572685,0.11868719870322719
9582,2.507757727692831,2.3757434057015145,0.13201432199131657
9583,2.508656964416379,2.383525438840606,0.12513152557577278
9584,2.3421581559751545,2.2451229519653553,0.09703520400979926
9585,2.4194621515939274,2.303359466240603,0.11610268535332446
9586,2.5509064705974573,2.422415859712246,0.12849061088521152
9587,2.3442539939569302,2.233143870906402,0.11111012305052803
9588,2.490541143853598,2.3715073290309405,0.11903381482265729
9589,2.4173256826082996,2.30371899532543,0.1136066872828696
9590,2.3359999152809037,2.2326491893518265,0.10335072592907713
9591,2.51252370884028,2.3842485423990474,0.1282751664412327
9592,2.7258750730008536,2.5659343319318406,0.15994074106901301
9593,2.4802553031987395,2.3592277974256826,0.12102750577305699
9594,2.563743066773078,2.426285108572415,0.13745795820066276
9595,2.5749437702029283,2.4437460391348758,0.13119773106805255
9596,2.6810003093799604,2.562284460055032,0.11871584932492851
9597,2.5969908829865544,2.4643073199840817,0.13268356300247275
9598,2.448962344006642,2.346130213924734,0.10283213008190817
9599,2.3841306673557896,2.2745328075155617,0.10959785984022785
9600,2.459444090410765,2.356637779910164,0.10280631050060096
9601,2.410832465878783,2.3007824327802404,0.11005003309854278
9602,2.5705519335445914,2.454478403498411,0.11607353004618037
9603,2.3307410454594084,2.2223835528969182,0.10835749256249017
9604,2.589703060312928,2.4650184959621906,0.12468456435073749
9605,2.3703562188952634,2.272193970143906,0.0981622487513576
9606,2.352643450342607,2.249194928578167,0.10344852176443986
9607,2.480557431906643,2.359965162386471,0.12059226952017221
9608,2.402309798119062,2.285359658805032,0.1169501393140302
9609,2.62880623295427,2.496890498751374,0.13191573420289604
9610,2.608913880917683,2.475271254904579,0.13364262601310406
9611,2.497753666398747,2.385891496565902,0.11186216983284503
9612,2.5193625722563806,2.3840523214335736,0.135310250822807
9613,2.4592450823023517,2.33933969110611,0.11990539119624177
9614,2.277734547749625,2.1912107712634246,0.08652377648620035
9615,2.3989568867019035,2.282789736472487,0.11616715022941637
9616,2.4296630395379113,2.318908034715074,0.1107550048228374
9617,2.4334227796210084,2.3247799791249864,0.10864280049602204
9618,2.3764882463400343,2.2641375617301,0.11235068460993425
9619,2.3696875214520405,2.2577415187957945,0.11194600265624599
9620,2.622544253365548,2.490402694417708,0.1321415589478403
9621,2.415834583729672,2.3025408115259265,0.11329377220374548
9622,2.390571930212539,2.272286062169901,0.11828586804263796
9623,2.4535534560214,2.3493132711930946,0.10424018482830544
9624,2.4369475750441154,2.311767283732538,0.12518029131157737
9625,2.4307636599402453,2.315799714055323,0.11496394588492231
9626,2.597616320681057,2.464780748263836,0.13283557241722121
9627,2.413748203245859,2.296503666402914,0.11724453684294467
9628,2.5688254777441557,2.444459841670467,0.12436563607368889
9629,2.462124687374291,2.336819742137093,0.12530494523719815
9630,2.3701932300046926,2.266420671380203,0.10377255862448953
9631,2.377105321200897,2.2711128904603766,0.10599243074052023
9632,2.520201750070974,2.3949505768001536,0.12525117327082036
9633,2.443274328107253,2.331950634349402,0.11132369375785123
9634,2.453816936989235,2.346360333700175,0.10745660328906004
9635,2.520354611469708,2.3987902739955387,0.12156433747416928
9636,2.209779881967177,2.126408609982973,0.08337127198420369
9637,2.4554372251212113,2.3482561572405762,0.10718106788063508
9638,2.352507705543883,2.2410989578758054,0.11140874766807762
9639,2.5469092759457483,2.4088258822490616,0.13808339369668676
9640,2.458228672097593,2.3314033010065063,0.12682537109108694
9641,2.4030274615535796,2.2958412361019205,0.10718622545165912
9642,2.5040347993777017,2.3767110966055647,0.127323702772137
9643,2.435699757028108,2.3227420501088143,0.11295770691929352
9644,2.317202219005737,2.2207449881227572,0.09645723088297986
9645,2.2926699346565966,2.1948028590287056,0.09786707562789099
9646,2.5687797362287896,2.4462451954748494,0.12253454075394021
9647,2.2722483115617096,2.177435217516214,0.09481309404549565
9648,2.4063705212015423,2.301193418666292,0.10517710253525037
9649,2.5272895620610587,2.3968515252305203,0.13043803683053845
9650,2.381521230204783,2.2778973838888255,0.10362384631595756
9651,2.3484520322027476,2.2511035023200856,0.09734852988266196
9652,2.3839547364997347,2.283928680395318,0.10002605610441684
9653,2.4216830751298994,2.314541323437826,0.1071417516920734
9654,2.4497665722221122,2.342323129963439,0.1074434422586732
9655,2.292280123824263,2.2023123219244707,0.08996780189979248
9656,2.494523796024033,2.379046525677377,0.115477270346656
9657,2.37581773251867,2.2649132088767163,0.11090452364195347
9658,2.4742659104443963,2.3553743794242754,0.11889153102012084
9659,2.4792597333786994,2.351607542861443,0.12765219051725651
9660,2.4123187303273017,2.2977466094512975,0.11457212087600421
9661,2.469129158643126,2.3474037668930574,0.12172539175006847
9662,2.5288768785414506,2.404476665422502,0.12440021311894878
9663,2.5091636404729223,2.3953785106656587,0.11378512980726363
9664,2.3842810826894616,2.27350765381555,0.1107734288739115
9665,2.4841119294633844,2.3553360454545063,0.12877588400887818
9666,2.4645861435799503,2.346406253822934,0.1181798897570161
9667,2.4061425570012527,2.3037818235780243,0.10236073342322838
9668,2.499553686525825,2.3779154420540567,0.12163824447176852
9669,2.4209424278566356,2.3171129758085174,0.10382945204811822
9670,2.5305360931607606,2.4031752544396765,0.12736083872108406
9671,2.3629780749017715,2.2585664750628034,0.10441159983896808
9672,2.3449060842957796,2.2462413989642145,0.09866468533156514
9673,2.290247098090001,2.1952740405222664,0.09497305756773455
9674,2.321844650895399,2.2207330652406556,0.10111158565474332
9675,2.5087752693662355,2.386873861463346,0.1219014079028895
9676,2.3316649839862875,2.2294039708338786,0.10226101315240888
9677,2.3633519674086823,2.266182354745269,0.0971696126634134
9678,2.401223646488282,2.299921809838916,0.1013018366493661
9679,2.443926815706958,2.3236924380073276,0.12023437769963019
9680,2.4529892195775815,2.329217391513743,0.12377182806383846
9681,2.4160595477465114,2.293105202059897,0.12295434568661445
9682,2.380304636876592,2.2740449541785717,0.10625968269802044
9683,2.509764337832689,2.3835110354420843,0.12625330239060473
9684,2.31747009544373,2.2190443568447855,0.09842573859894443
9685,2.4986870027538925,2.3742701257181125,0.12441687703578008
9686,2.3906789266571127,2.2839406817263903,0.10673824493072237
9687,2.403399560834319,2.2908325533507172,0.1125670074836016
9688,2.472918639124959,2.3558219963496962,0.11709664277526288
9689,2.4324306710757213,2.3210893111459403,0.111341359929781
9690,2.5213928995402144,2.4007868808916486,0.1206060186485658
9691,2.4393558529261568,2.3318033249980816,0.10755252792807513
9692,2.406487724040675,2.2956320670605828,0.11085565698009203
9693,2.468228553716817,2.3506460008653116,0.11758255285150554
9694,2.4805817794697558,2.368846307943772,0.11173547152598395
9695,2.5168389554202903,2.3924342343400173,0.124404721080273
9696,2.549102510602993,2.4173006796878767,0.13180183091511655
9697,2.246963607330386,2.1539912818801303,0.09297232545025569
9698,2.550481394268636,2.4298941005393875,0.12058729372924848
9699,2.3191931111178192,2.2201262422672103,0.09906686885060889
9700,2.415204536112838,2.2985691718019687,0.11663536431086907
9701,2.2099162075705707,2.1279507715277854,0.08196543604278528
9702,2.6301572560687756,2.5040564782768437,0.12610077779193185
9703,2.27850260824343,2.1849228614049103,0.09357974683851955
9704,2.5002298201492086,2.384317531454431,0.11591228869477765
9705,2.473411937542615,2.36285697392321,0.1105549636194052
9706,2.363959748710397,2.264010844636376,0.09994890407402135
9707,2.3135570136940267,2.2133151556894477,0.10024185800457897
9708,2.408259695235274,2.304368843211208,0.10389085202406578
9709,2.6723522654294936,2.516507688650067,0.15584457677942654
9710,2.6518880243972944,2.534113055063645,0.11777496933364962
9711,2.305246796341106,2.2061367894136836,0.09911000692742222
9712,2.322503341078568,2.223995715142726,0.09850762593584195
9713,2.5343083975264094,2.4107056468836956,0.12360275064271375
9714,2.224631658544253,2.140525524759904,0.08410613378434872
9715,2.317047361156999,2.2242730227969774,0.09277433836002169
9716,2.312784450064591,2.2172008439735933,0.09558360609099781
9717,2.4704224229290235,2.363512647160965,0.1069097757680586
9718,2.6034338144682336,2.4703897805187887,0.13304403394944497
9719,2.4190866634383825,2.30704636205012,0.11204030138826271
9720,2.4583501898683133,2.3428115690865736,0.11553862078173971
9721,2.4544284174319193,2.328358268446571,0.1260701489853484
9722,2.3780646580617137,2.2682066372868226,0.10985802077489115
9723,2.4294356059934423,2.3173559709585523,0.11207963503489005
9724,2.3339472937838113,2.2299256644631584,0.10402162932065284
9725,2.4993034872201796,2.3963473354325004,0.10295615178767914
9726,2.4603178223023097,2.3483663649613913,0.11195145734091838
9727,2.390161850940837,2.284483520615656,0.1056783303251807
9728,2.350329724506197,2.25477626028019,0.09555346422600719
9729,2.464356864802611,2.3496638430524364,0.11469302175017448
9730,2.3029802020296826,2.206480294609172,0.0964999074205104
9731,2.479044383729642,2.3551082776816292,0.12393610604801264
9732,2.48632052350347,2.3578669456109767,0.12845357789249334
9733,2.414394210034405,2.3003227877387094,0.11407142229569578
9734,2.411596989060368,2.2943451829360786,0.11725180612428954
9735,2.40897306239235,2.2933289444961225,0.11564411789622753
9736,2.4556525276363614,2.3338052079284983,0.12184731970786311
9737,2.605528392414284,2.4832959952347884,0.12223239717949541
9738,2.360484096057523,2.2501672193594398,0.1103168766980831
9739,2.3467241576558275,2.239860533094027,0.10686362456180065
9740,2.468135459932525,2.3561878352693233,0.11194762466320185
9741,2.246752500899753,2.157348987113517,0.08940351378623612
9742,2.4013193101090358,2.281864547940498,0.11945476216853779
9743,2.4657936891611736,2.349242994777155,0.11655069438401844
9744,2.290195104501095,2.19871829172898,0.09147681277211506
9745,2.3011875013110754,2.211820025655404,0.08936747565567149
9746,2.2736981878536255,2.174278529076931,0.09941965877669467
9747,2.508736690842706,2.386105554342085,0.12263113650062119
9748,2.3751879125739452,2.272090044417773,0.10309786815617228
9749,2.3559274880200025,2.2543614502358067,0.10156603778419582
9750,2.59436806542029,2.4703598343989213,0.1240082310213686
9751,2.3585653428183653,2.2497719880270908,0.1087933547912745
9752,2.596387560180033,2.4745571972473472,0.12183036293268579
9753,2.4836738531500253,2.360856372009027,0.12281748114099811
9754,2.3271231463510267,2.2247064471119224,0.10241669923910424
9755,2.445346990025261,2.3410142309147837,0.10433275911047746
9756,2.5982505089325167,2.4665060162715724,0.13174449266094435
9757,2.5214967669006954,2.3958007457429757,0.1256960211577196
9758,2.363595155465763,2.2535843171153207,0.11001083835044234
9759,2.3319873996606404,2.227880536027613,0.10410686363302757
9760,2.5017874327358594,2.3974944949707466,0.10429293776511273
9761,2.370113718008463,2.2673062984446513,0.10280741956381156
9762,2.404278571464008,2.2917555743759483,0.11252299708805946
9763,2.2822247685316865,2.1934965226695335,0.088728245862153
9764,2.6638727437768184,2.524215704094929,0.13965703968188947
9765,2.3278304921137134,2.2253631585500226,0.10246733356369075
9766,2.3834638234280416,2.2715876251636606,0.111876198264381
9767,2.4237458040717113,2.3151911829305263,0.10855462114118497
9768,2.397216340111362,2.282621895298801,0.11459444481256087
9769,2.431642920660828,2.325851961800702,0.10579095886012624
9770,2.439326737976346,2.3157386120729053,0.12358812590344082
9771,2.3735613408637315,2.2721376818848054,0.10142365897892613
9772,2.4528833926925815,2.346618056586967,0.1062653361056145
9773,2.4349296218272776,2.3154132239379486,0.119516397889329
9774,2.3386076227251773,2.247285116804481,0.09132250592069635
9775,2.4793454322405717,2.353272136958619,0.12607329528195255
9776,2.2505367957456994,2.168481451604662,0.08205534414103743
9777,2.354914020605265,2.254080880313827,0.1008331402914382
9778,2.3889517591774454,2.2759898662745117,0.11296189290293368
9779,2.3410693044340043,2.236134843479353,0.10493446095465142
9780,2.3936518306138335,2.27941962998104,0.11423220063279338
9781,2.391879462076104,2.2800058207458096,0.11187364133029432
9782,2.3300384589746166,2.2236801600273224,0.1063582989472942
9783,2.4356103634761035,2.331811871822657,0.10379849165344668
9784,2.3501981396090765,2.2454525477574294,0.10474559185164711
9785,2.3229142271025225,2.2255403845770294,0.09737384252549308
9786,2.2584466691833422,2.173178370077104,0.08526829910623812
9787,2.5085896325562675,2.3796090536454755,0.12898057891079207
9788,2.3202272026719095,2.2236943818124826,0.09653282085942694
9789,2.4553023721411504,2.348520347059424,0.1067820250817264
9790,2.449136515106132,2.327068926350397,0.1220675887557352
9791,2.456471274139891,2.351342404902646,0.10512886923724496
9792,2.293331686465051,2.195964081022773,0.09736760544227785
9793,2.4083252594827957,2.290792692905399,0.11753256657739675
9794,2.343418706356101,2.2411355490448472,0.1022831573112537
9795,2.341849001026909,2.232934419729884,0.10891458129702514
9796,2.426172981989767,2.312685250080679,0.11348773190908812
9797,2.360236848839946,2.2614930634362955,0.09874378540365036
9798,2.388274966553193,2.284263632385575,0.10401133416761787
9799,2.3552490024083625,2.253623446986855,0.10162555542150775
9800,2.4155381988797786,2.3085349635236048,0.10700323535617384
9801,2.438231674026377,2.3260358778582093,0.11219579616816766
9802,2.3257937185313775,2.2184307059906105,0.10736301254076697
9803,2.411013406793266,2.2990790192090156,0.11193438758425023
9804,2.6005596851992245,2.462513393537835,0.13804629166138938
9805,2.419035588025559,2.302827271547903,0.11620831647765595
9806,2.503039506726777,2.3839729106255603,0.11906659610121695
9807,2.4802463964139627,2.3703728441181973,0.10987355229576545
9808,2.502223957270117,2.378431328364646,0.12379262890547071
9809,2.498686982975774,2.3825296429066163,0.11615734006915757
9810,2.3517198760331897,2.2478245045334506,0.10389537149973904
9811,2.328637785862214,2.228125433060869,0.10051235280134518
9812,2.2965816889429593,2.200027648927836,0.09655404001512347
9813,2.4492078989343664,2.325309165560924,0.12389873337344248
9814,2.7544765440563994,2.6302352388634502,0.12424130519294918
9815,2.3922216797683835,2.2774324710175446,0.11478920875083887
9816,2.462167323228539,2.3368669447911055,0.12530037843743358
9817,2.4046774523146284,2.291937618640518,0.11273983367411056
9818,2.4475436987069195,2.335319854332732,0.11222384437418764
9819,2.497684457666348,2.374320830368576,0.12336362729777184
9820,2.4268202889270194,2.3074165060736105,0.11940378285340891
9821,2.590314627891547,2.4504091578797773,0.13990547001176967
9822,2.4240681517491507,2.3085367966609867,0.11553135508816403
9823,2.308380922344549,2.2109004557187,0.09748046662584864
9824,2.4038508288691904,2.288856454927011,0.11499437394217926
9825,2.2537996618034417,2.1649607228716277,0.08883893893181405
9826,2.5470789237414335,2.4094883144885157,0.13759060925291777
9827,2.302032020261641,2.206613067160005,0.09541895310163584
9828,2.3836691603593176,2.285420100284084,0.09824906007523371
9829,2.4290342270303515,2.3159578101261173,0.1130764169042342
9830,2.441056492589268,2.3287487118075973,0.11230778078167081
9831,2.49932594877198,2.385219088688547,0.11410686008343296
9832,2.3815923285264957,2.271208061191113,0.11038426733538254
9833,2.4812559240783183,2.3649128260812438,0.11634309799707454
9834,2.3755046958497497,2.2640118751090266,0.11149282074072309
9835,2.28773205663389,2.190996387258847,0.09673566937504319
9836,2.3510684859545528,2.25016979355549,0.1008986923990629
9837,2.529210551727561,2.4055030199990184,0.12370753172854254
9838,2.2848402059418187,2.1849374161708295,0.09990278977098921
9839,2.468585405386206,2.3501456897906103,0.11843971559559563
9840,2.470212784475893,2.352869439262284,0.11734334521360923
9841,2.4045845386976463,2.297791405704277,0.10679313299336934
9842,2.4621718067330907,2.3452820756042434,0.11688973112884726
9843,2.3690456218925786,2.256854561144654,0.11219106074792462
9844,2.392909004328943,2.2837143511714473,0.10919465315749566
9845,2.546551637112049,2.4252433050390607,0.12130833207298819
9846,2.344850290988288,2.2395261757676375,0.10532411522065033
9847,2.394090442431881,2.281376530129461,0.11271391230242012
9848,2.4300500756465873,2.316536391061533,0.11351368458505418
9849,2.51137335629756,2.3953684213921966,0.11600493490536357
9850,2.339702785977805,2.2404885440499465,0.09921424192785855
9851,2.44210266575,2.333887683932597,0.10821498181740274
9852,2.233009505976904,2.1445620866130626,0.08844741936384137
9853,2.4599968041687217,2.3387613086756227,0.12123549549309898
9854,2.5260979538384936,2.3969246505044235,0.12917330333407007
9855,2.6231485845119975,2.496391926250501,0.1267566582614963
9856,2.44038807781068,2.339195419085791,0.10119265872488903
9857,2.2905064511110473,2.1994117678304477,0.09109468328059966
9858,2.3862450145148824,2.2836569980819563,0.10258801643292603
9859,2.3406193034352016,2.2385954426912713,0.10202386074393033
9860,2.3185718482929056,2.2166323682652886,0.10193948002761699
9861,2.5156127992419486,2.3884560034050257,0.12715679583692285
9862,2.8946928832851264,2.7510186465295132,0.1436742367556132
9863,2.3239367686715537,2.225102304652695,0.09883446401885854
9864,2.5167183841384366,2.3968976209996566,0.11982076313877998
9865,2.3524307925892276,2.2494807294787567,0.10295006311047095
9866,2.566399882310229,2.4256398523440925,0.14076002996613646
9867,2.350237433425977,2.240847678303186,0.1093897551227907
9868,2.4646796408234266,2.3520485631216084,0.11263107770181824
9869,2.4710767568066125,2.3450697906281412,0.1260069661784713
9870,2.360913369484001,2.25720178239164,0.10371158709236106
9871,2.4301200592870313,2.3210126630360666,0.10910739625096477
9872,2.4128445418338624,2.2991257752946574,0.11371876653920499
9873,2.281896319841825,2.1875572329644712,0.09433908687735393
9874,2.3484530040027525,2.252676952395881,0.09577605160687153
9875,2.5428523905273033,2.421847110860262,0.12100527966704133
9876,2.6775737167725246,2.5522203193581943,0.12535339741433038
9877,2.430833758030713,2.323829631875167,0.10700412615554633
9878,2.4032162055622255,2.299214065178739,0.10400214038348654
9879,2.583011739924698,2.4464606534595386,0.13655108646515934
9880,2.3440008454459202,2.2384812121235895,0.10551963332233072
9881,2.5377077201706726,2.412042539244859,0.12566518092581358
9882,2.312094390034856,2.224807620562956,0.08728676947190017
9883,2.3247977693155795,2.2234090342055737,0.10138873511000579
9884,2.3607591681850932,2.254261400371789,0.10649776781330411
9885,2.49085246608456,2.3724485069006827,0.11840395918387747
9886,2.408844118131978,2.3058162660915595,0.10302785204041864
9887,2.354274481674139,2.2576660546458736,0.09660842702826544
9888,2.507329989397748,2.386886911413234,0.12044307798451426
9889,2.5135003747715743,2.392841731364825,0.12065864340674937
9890,2.3378251165353356,2.2402896159481243,0.09753550058721139
9891,2.62562125578467,2.4776364205445387,0.1479848352401314
9892,2.6414931314636556,2.507300073648354,0.13419305781530166
9893,2.245812512333237,2.1571374727383965,0.08867503959484058
9894,2.6120869789984282,2.4817357454838387,0.13035123351458955
9895,2.332948077726591,2.231687283948703,0.10126079377788777
9896,2.4643850384404287,2.34157102550007,0.12281401294035854
9897,2.5016884368858063,2.3813844307145144,0.12030400617129189
9898,2.700994175101321,2.552512487276071,0.14848168782524995
9899,2.4355187777004934,2.329847432829794,0.10567134487069962
9900,2.4205156366420257,2.3006163509286446,0.11989928571338115
9901,2.385606989087602,2.2808991540769883,0.10470783501061387
9902,2.4212003299884812,2.3096693350080035,0.1115309949804777
9903,2.504336594627669,2.3828212773805872,0.12151531724708198
9904,2.4682746174736314,2.3524538679911733,0.11582074948245813
9905,2.32446450998355,2.222630119084492,0.10183439089905777
9906,2.3578719990579375,2.2625365483234856,0.09533545073445193
9907,2.5572049024153594,2.4339838866415984,0.12322101577376099
9908,2.4522354594250872,2.346553268928803,0.10568219049628436
9909,2.4057353831772708,2.298358583189591,0.10737679998767957
9910,2.275795552168341,2.1797144146173726,0.09608113755096825
9911,2.3900095390783664,2.281527718949709,0.10848182012865726
9912,2.337728565262803,2.2401929314470403,0.09753563381576269
9913,2.416189035281634,2.3006746622409553,0.11551437304067891
9914,2.2966447994247186,2.2063871224292453,0.09025767699547327
9915,2.389637797764995,2.2798857411518627,0.10975205661313225
9916,2.3520102651755597,2.2432073451268475,0.10880292004871217
9917,2.4225445089477424,2.313721385954291,0.10882312299345154
9918,2.538822970772207,2.4153911350312502,0.12343183574095695
9919,2.5715829541077384,2.444138837317205,0.12744411679053336
9920,2.314428042493306,2.218894256771603,0.09553378572170335
9921,2.257635886678389,2.1647195433356683,0.0929163433427207
9922,2.5652270556528873,2.4274695249285814,0.13775753072430597
9923,2.3792743900611883,2.2767492051486955,0.10252518491249285
9924,2.473943202482764,2.36972952912157,0.10421367336119403
9925,2.238769122037899,2.14802926328675,0.09073985875114898
9926,2.353958937453026,2.2470732091052374,0.10688572834778842
9927,2.3794273226429525,2.2819398077134507,0.0974875149295018
9928,2.375759802618203,2.2696209248342467,0.10613887778395625
9929,2.548625577667479,2.423926221853113,0.12469935581436609
9930,2.6100034124377443,2.4801705489850883,0.129832863452656
9931,2.306858064536546,2.2098956001231973,0.09696246441334866
9932,2.3591271062094754,2.247015413942466,0.11211169226700957
9933,2.6114767973191904,2.4904567790838485,0.12102001823534181
9934,2.3089545585461746,2.2077197685710983,0.10123478997507629
9935,2.336899024471285,2.2321442326452057,0.10475479182607916
9936,2.350829784232421,2.2552988033252586,0.09553098090716228
9937,2.694604184807088,2.5503850820729195,0.14421910273416838
9938,2.3714738082331435,2.267660089037386,0.10381371919575733
9939,2.1877857084987316,2.1059175212817065,0.08186818721702505
9940,2.5100192288622116,2.393178781402368,0.11684044745984368
9941,2.382806643385092,2.272316187350886,0.11049045603420593
9942,2.3621908401374028,2.2568134603966445,0.10537737974075823
9943,2.4556844002871,2.344276403505603,0.11140799678149715
9944,2.452104249184909,2.3347344159129615,0.1173698332719475
9945,2.5424407391063006,2.418001876833098,0.12443886227320267
9946,2.5078828979149703,2.3775720228097765,0.1303108751051938
9947,2.7937195093505367,2.636745252774997,0.15697425657553987
9948,2.390593601570028,2.291311517384592,0.09928208418543605
9949,2.2365782026007626,2.148005982802566,0.08857221979819663
9950,2.365166376849484,2.262699096421368,0.10246728042811615
9951,2.3873170610446177,2.2784886923829895,0.10882836866162826
9952,2.389113202491404,2.278615504277892,0.11049769821351196
9953,2.4588962023008,2.342347573690995,0.11654862860980497
9954,2.502890719128662,2.368579182188006,0.13431153694065578
9955,2.5266495224430185,2.4166504640360627,0.1099990584069559
9956,2.4403161041008454,2.326482865864927,0.11383323823591862
9957,2.2934469296627413,2.194079727459343,0.09936720220339845
9958,2.590654310857126,2.4678572864906174,0.12279702436650863
9959,2.551464856044967,2.4096877781104586,0.14177707793450844
9960,2.538419991039183,2.4176200678888944,0.12079992315028854
9961,2.6030969338498195,2.471412698650024,0.13168423519979555
9962,2.3009189752955086,2.2014083406726255,0.09951063462288312
9963,2.3374994264529074,2.2377152993498566,0.09978412710305085
9964,2.4839697360178286,2.3548977505586746,0.129071985459154
9965,2.3285159676220006,2.2212119816116567,0.10730398601034397
9966,2.5129477782491447,2.392319089084974,0.12062868916417058
9967,2.3584612827730824,2.2540887358766146,0.1043725468964678
9968,2.370886664404806,2.26106772939652,0.1098189350082861
9969,2.529673765446138,2.4027080677326795,0.12696569771345834
9970,2.309986292444486,2.216728871443912,0.09325742100057388
9971,2.4488748100268656,2.3376966081941037,0.11117820183276184
9972,2.420601382498662,2.303316441748518,0.11728494075014417
9973,2.3310792227059975,2.2270069592416686,0.10407226346432896
9974,2.342740933863515,2.2472204181744866,0.09552051568902842
9975,2.6404469713436867,2.508852447561361,0.13159452378232572
9976,2.319617324745103,2.2256239566630684,0.0939933680820344
9977,2.5147901423312584,2.398614306285338,0.11617583604592063
9978,2.5610326807172044,2.4270128823434014,0.13401979837380296
9979,2.4678177816191567,2.3552493683862963,0.11256841323286038
9980,2.2674759140099137,2.1740589579429708,0.09341695606694289
9981,2.446509612339028,2.3460725005691696,0.10043711176985859
9982,2.432197709850915,2.3206482616290245,0.11154944822189039
9983,2.328613944469938,2.220028560077369,0.10858538439256904
9984,2.3839554935594403,2.279517123283541,0.1044383702758993
9985,2.438225727300875,2.327773866779311,0.11045186052156408
9986,2.4880395805450584,2.3740345942783514,0.11400498626670696
9987,2.6506893386524073,2.5085562411021285,0.1421330975502788
9988,2.319249884215884,2.2203319919894025,0.09891789222648173
9989,2.1912709051881776,2.11246332057373,0.07880758461444737
9990,2.4647144104429968,2.3540027484697794,0.11071166197321736
9991,2.40221530348678,2.300993060915134,0.10122224257164625
9992,2.2060759208093765,2.1212248883266587,0.08485103248271786
9993,2.450375865260514,2.331873536885103,0.11850232837541119
9994,2.3539081057369566,2.2420588206013914,0.11184928513556525
9995,2.41802700148513,2.2990808284591613,0.11894617302596888
9996,2.41952568528411,2.301697100234158,0.11782858504995186
9997,2.415609333182856,2.311169471544514,0.10443986163834174
9998,2.5915332267939055,2.470388066789988,0.12114516000391751
9999,2.6306878715324915,2.4883743369465954,0.14231353458589613
