replicate,slot_bits_per_event,matched_trigram_bits_per_event,delta_slot_minus_trigram_bits_per_event
1,2.8058910826997336,2.34646119659849,0.4594298861012436
2,2.836805219360418,2.3837095182872208,0.4530957010731971
3,2.8368723249498577,2.373257791498846,0.46361453345101156
4,2.807941963098936,2.328992101217106,0.47894986188183
5,2.7248777474855146,2.2482616782929306,0.47661606919258404
6,2.782262164094136,2.3100170365971437,0.4722451274969921
7,2.9558363362938285,2.4862322057536126,0.4696041305402159
8,2.7362001889042262,2.2759624371053158,0.46023775179891047
9,2.8038077499798275,2.343187228689678,0.4606205212901493
10,2.7220320556399455,2.257881712581549,0.4641503430583964
11,2.9350207445423697,2.499991496458315,0.43502924808405474
12,2.822370697576237,2.3536294249776146,0.4687412725986224
13,2.8248582993340197,2.3446195142540285,0.4802387850799912
14,2.8489686881948653,2.3753010842319813,0.473667603962884
15,2.9212253360416653,2.5000857087536206,0.42113962728804477
16,2.6578448254592155,2.1803961763113677,0.4774486491478478
17,2.8461741596714156,2.3906607151196777,0.4555134445517379
18,2.8249576694897556,2.3387400027081395,0.48621766678161604
19,2.724009133292319,2.269790448730927,0.454218684561392
20,2.9159603589336287,2.4591250947122387,0.45683526422139
21,2.806551564485318,2.3426883068570397,0.4638632576282782
22,2.804845796524105,2.345351465661799,0.4594943308623063
23,2.7595458082885345,2.2929342719989996,0.4666115362895349
24,2.8075649650671646,2.335588759212561,0.47197620585460376
25,2.861766238893256,2.3930514729322416,0.46871476596101447
26,2.8353777608887647,2.4035334318887345,0.4318443290000302
27,2.721464130052314,2.25874783883131,0.4627162912210041
28,2.8514702280253954,2.3817919940972865,0.4696782339281089
29,2.808350438499478,2.3478703386135082,0.4604800998859697
30,2.8032918587393656,2.351833627102567,0.45145823163679877
31,2.8735710054875017,2.449520830498789,0.42405017498871267
32,2.7813527642027176,2.3047723124610187,0.47658045174169894
33,2.8223629731551325,2.337615162371336,0.4847478107837966
34,2.780397898321619,2.311245948940541,0.4691519493810783
35,2.84168385733476,2.379305301007034,0.46237855632772584
36,2.648952633849172,2.169086646955562,0.4798659868936097
37,2.867516782863259,2.402180975048674,0.46533580781458506
38,2.687213799345629,2.207282693246007,0.4799311060996221
39,2.9045184670587,2.4437976482082524,0.4607208188504477
40,2.7582510244386884,2.290340311149017,0.4679107132896716
41,2.834590908061597,2.36483746669026,0.4697534413713371
42,2.88179040541121,2.4347957906842765,0.44699461472693347
43,2.73387837004173,2.2606613139474483,0.47321705609428166
44,2.8172439170778234,2.365285349742132,0.4519585673356916
45,2.695528129747798,2.2253618719778796,0.4701662577699186
46,2.845856112302448,2.387567087372881,0.458289024929567
47,2.758529398414618,2.3028950181225305,0.45563438029208747
48,2.752224550008694,2.281091827111867,0.47113272289682717
49,2.6962347910595192,2.225506979371696,0.4707278116878233
50,2.80070874850856,2.3456190577872804,0.4550896907212798
51,2.760943011321654,2.2787174325192017,0.4822255788024523
52,2.7358222411746196,2.281321793869923,0.45450044730469674
53,2.899854828116257,2.434148945919557,0.46570588219669995
54,2.8607270078069695,2.3925154364999655,0.4682115713070041
55,2.8180208479932314,2.364852206475574,0.45316864151765746
56,2.778282166024124,2.303029678034811,0.4752524879893132
57,2.886998033459652,2.425206996148757,0.4617910373108951
58,2.791812659967002,2.3175121361196447,0.47430052384735744
59,2.9297847684216833,2.51806846988976,0.4117162985319234
60,2.740998327399654,2.2782660356119266,0.46273229178772723
61,2.8071007193859554,2.3619014567228094,0.445199262663146
62,2.9100061914423017,2.4798837141968644,0.4301224772454373
63,2.857202513171777,2.3993479621269924,0.4578545510447847
64,2.729807033564249,2.2734275643325956,0.4563794692316532
65,2.8375844334364064,2.412199011417534,0.42538542201887264
66,2.7408709513016847,2.2741865737950295,0.46668437750665515
67,2.7811206689499754,2.3175592936311618,0.4635613753188137
68,2.739957982450929,2.2614905001291703,0.47846748232175873
69,2.8359269404283385,2.372528605896255,0.46339833453208357
70,2.8843296032477412,2.435269139089701,0.44906046415804024
71,2.8542977384506503,2.395145922438277,0.4591518160123731
72,2.798860893375815,2.3335240343085064,0.4653368590673086
73,2.847769660780794,2.3813348829648855,0.4664347778159086
74,2.9088256692318684,2.441665239936177,0.46716042929569124
75,2.7734025764979546,2.35832230206371,0.4150802744342448
76,2.79670685428054,2.318242485845543,0.47846436843499696
77,2.7391654338903106,2.270642336348056,0.4685230975422545
78,2.810311059088544,2.335861535985424,0.47444952310311983
79,2.8880081778964755,2.4364994186815037,0.4515087592149718
80,2.7647257677918833,2.3242083404527563,0.440517427339127
81,2.81962338106859,2.371570294051555,0.44805308701703517
82,2.783008445811207,2.320761368024531,0.4622470777866763
83,2.8099485025403936,2.3481798380767294,0.46176866446366427
84,2.767662679540426,2.291758071402483,0.475904608137943
85,2.8327488552330804,2.349101689748707,0.48364716548437325
86,2.791020720854166,2.3394026319394876,0.4516180889146786
87,2.8013713069581474,2.323005327704663,0.47836597925348423
88,2.8070997545655363,2.3348273380587385,0.47227241650679774
89,2.766059628771852,2.3311457933190223,0.4349138354528299
90,2.8511378017641134,2.381886277871708,0.4692515238924053
91,2.7238947283301282,2.2564735538459746,0.46742117448415366
92,2.7524876009410137,2.3055209642396877,0.4469666367013261
93,2.833263622096703,2.3579310623271574,0.4753325597695457
94,2.8551408919498966,2.405832848764079,0.4493080431858174
95,2.867006827357822,2.428530041204835,0.43847678615298724
96,2.8773890777354305,2.411973302969008,0.4654157747664227
97,2.749108875854986,2.284550417858444,0.46455845799654183
98,2.802748219058498,2.3339206039829903,0.4688276150755075
99,2.8189451993336507,2.3430581955852814,0.47588700374836934
100,2.935489545012769,2.4686617266866637,0.4668278183261054
101,2.6785476728970674,2.221704609411535,0.4568430634855325
102,2.6597873420851883,2.183237553510199,0.4765497885749892
103,2.742119046961087,2.293488134833188,0.4486309121278991
104,2.8971700363980784,2.4671898759506097,0.4299801604474687
105,2.8277927779826504,2.3636135164666237,0.46417926151602673
106,2.8883644640496025,2.4201228885333896,0.4682415755162128
107,2.7416024337315785,2.267180461436579,0.4744219722949996
108,2.7211563014415105,2.2796235505279268,0.4415327509135838
109,2.8811836383411094,2.423709529542404,0.45747410879870554
110,2.80533568117001,2.3390629137578225,0.4662727674121876
111,2.7448195169825653,2.2970559398123567,0.44776357717020865
112,2.7334295528795503,2.263102941692403,0.47032661118714714
113,2.9053158926839764,2.455913109667464,0.4494027830165126
114,2.7518133824312447,2.2851253052375573,0.46668807719368743
115,2.7900904992135955,2.3544234211315653,0.4356670780820302
116,2.810099757995571,2.366449466283409,0.44365029171216186
117,2.866594186624177,2.3946674576549234,0.4719267289692537
118,2.8184792033526453,2.3447165081656816,0.4737626951869638
119,2.8754888826828067,2.458146048162513,0.41734283452029386
120,2.745671454053418,2.266584823749133,0.47908663030428533
121,2.869961691786888,2.3866411128240683,0.4833205789628199
122,2.747274744556325,2.2923871868767898,0.45488755767953526
123,2.8061152540317345,2.3264785306726266,0.4796367233591079
124,2.800756372142843,2.329114063813269,0.471642308329574
125,2.751344015182679,2.283459219619798,0.4678847955628811
126,2.8248882212258337,2.348342041175066,0.47654618005076754
127,2.7313016344196273,2.252627649187755,0.4786739852318722
128,2.7070290870207874,2.2307889525728792,0.47624013444790814
129,2.7708706612283245,2.2933130074261743,0.4775576538021502
130,2.7897071285967807,2.3262704476294727,0.46343668096730806
131,2.737492357444408,2.2812862738552115,0.45620608358919634
132,2.896241817534752,2.42287256771328,0.4733692498214723
133,2.865831789374589,2.3959217552621164,0.46991003411247245
134,2.870325774305303,2.433244757024626,0.43708101728067694
135,2.865456957080839,2.4199389587462403,0.4455179983345987
136,2.834478429213062,2.3643056145629804,0.4701728146500814
137,2.7879534258770238,2.310845723946065,0.47710770193095886
138,2.8492554735064854,2.3787703847772392,0.4704850887292462
139,2.885105211318706,2.432277162233751,0.452828049084955
140,2.8797808078274096,2.4786560869065055,0.4011247209209041
141,2.7944830481818617,2.353040856245799,0.4414421919360625
142,2.7206825496683638,2.257721608712621,0.4629609409557429
143,2.8083916250999823,2.3427786966366924,0.46561292846328994
144,2.7681486238724506,2.2916993322599475,0.47644929161250316
145,2.874699189652321,2.4127818791868414,0.4619173104654797
146,2.732377282112973,2.2812427173635967,0.4511345647493763
147,2.8819364807270027,2.4151903271400585,0.46674615358694416
148,2.827608987730049,2.389534807542623,0.43807418018742617
149,2.6921141748809334,2.238867007755256,0.4532471671256775
150,2.819259056279395,2.36164382263635,0.457615233643045
151,2.821567855712819,2.3531538836171975,0.46841397209562174
152,2.8522539982861943,2.39135314270495,0.46090085558124416
153,2.8456823431954494,2.3901618603848096,0.45552048281063984
154,2.8010319892359896,2.3249343233467585,0.4760976658892311
155,2.705896180902842,2.2665483139194285,0.43934786698341366
156,2.763057773976847,2.302547577460343,0.4605101965165037
157,2.794119273272227,2.336122578951196,0.45799669432103096
158,2.8766393153907526,2.4273724389200124,0.44926687647074015
159,2.796666546514384,2.3326209940062594,0.4640455525081246
160,2.7501182820452588,2.2755003705247234,0.47461791152053534
161,2.672132515083057,2.2075693637171327,0.4645631513659243
162,2.8792023051200593,2.4176297267612528,0.4615725783588065
163,2.788296630515709,2.3215430049701524,0.46675362554555644
164,2.7708864705745326,2.3075313926970185,0.4633550778775142
165,2.7501866561529384,2.2929945357723676,0.4571921203805709
166,2.8436045199256204,2.379854748511837,0.4637497714137835
167,2.769981090290807,2.30336448591242,0.46661660437838703
168,2.729716137865341,2.2594995903306776,0.4702165475346636
169,2.7826937486788164,2.3195810415965092,0.4631127070823071
170,2.898636479389829,2.418551720550253,0.4800847588395758
171,2.829067177317248,2.3838962233577274,0.4451709539595208
172,2.7568779341130902,2.2858226850387577,0.4710552490743325
173,2.8433410779343284,2.38810707932419,0.45523399861013836
174,2.8702291774850295,2.396733823683297,0.4734953538017326
175,2.716486237442867,2.2499335783858667,0.46655265905700016
176,2.796453197967123,2.3202427311737766,0.47621046679334667
177,2.7945691253986604,2.339321666501238,0.45524745889742224
178,2.803534681352211,2.361743151587707,0.4417915297645041
179,2.65034653193754,2.175136072301451,0.4752104596360893
180,2.852382485883501,2.38160097704279,0.470781508840711
181,2.868414830091779,2.4091528490985694,0.4592619809932095
182,2.905150697669317,2.42784213225823,0.4773085654110867
183,2.9261979477901106,2.4663155854923415,0.459882362297769
184,2.8549835742029916,2.393798084129004,0.46118549007398757
185,2.856033758779656,2.394477271898054,0.461556486881602
186,2.6848280931842945,2.246781960866885,0.4380461323174094
187,2.7781190984421698,2.312187394741237,0.46593170370093295
188,2.8773876476248677,2.456372653006836,0.4210149946180315
189,2.8393813397890217,2.4179694594534844,0.42141188033553734
190,2.787104219804747,2.340322716703352,0.4467815031013953
191,2.8988338940211107,2.4530945806706668,0.4457393133504439
192,2.84080960833284,2.404132382525456,0.4366772258073839
193,2.8386307628594176,2.36280228952565,0.47582847333376765
194,2.8346922811728246,2.3806202120582123,0.4540720691146123
195,2.808452931943323,2.384369255336262,0.42408367660706103
196,2.8588543000629936,2.363519861297299,0.4953344387656946
197,2.8392477119283845,2.3825845452615537,0.4566631666668308
198,2.91378720925936,2.4408927946976164,0.47289441456174375
199,2.806445077128266,2.327286756276256,0.47915832085201027
200,2.8526465593204033,2.3799415455299187,0.4727050137904847
201,2.7435728938346124,2.2551322370584534,0.488440656776159
202,2.729694022080791,2.263817192182023,0.46587682989876766
203,2.9604774104763067,2.506346448678383,0.45413096179792367
204,2.7858135915392714,2.3255255398998056,0.46028805163946584
205,2.768405723837076,2.2890725748332694,0.47933314900380664
206,2.715329334391916,2.25105909582921,0.464270238562706
207,2.710648610203588,2.2330667194541314,0.4775818907494567
208,2.7493581982275033,2.276240722313167,0.47311747591433617
209,2.8739781945510274,2.399097876222122,0.47488031832890565
210,2.7284346291529826,2.2511083182720246,0.477326310880958
211,2.8376051889293388,2.3840059180885316,0.4535992708408072
212,2.7983105483302766,2.3258941788098797,0.4724163695203969
213,2.717817892961962,2.2573656036715857,0.4604522892903762
214,2.802522313949175,2.360327329043471,0.44219498490570386
215,2.8280277324486436,2.3710257451975476,0.457001987251096
216,2.8442234446863197,2.392746181652137,0.45147726303418256
217,2.7376904183452475,2.2687531409962447,0.4689372773490028
218,2.792275351319115,2.326749841522965,0.46552550979615015
219,2.604263560705532,2.1402733037215005,0.46399025698403173
220,2.7892277097509823,2.3531284090795968,0.4360993006713856
221,2.744679241659353,2.2811754840566794,0.4635037576026737
222,2.6201708533724033,2.1513414072796393,0.468829446092764
223,2.724338061094788,2.2410987030806977,0.4832393580140901
224,2.8077817808826713,2.324130644289509,0.48365113659316217
225,2.758854655358442,2.2857750126951366,0.4730796426633055
226,2.8305812738239045,2.3511918779597223,0.47938939586418217
227,2.683777316843183,2.2306553555991995,0.4531219612439834
228,2.7840368521260177,2.343216191257319,0.44082066086869887
229,2.789854233953746,2.3354835153732685,0.45437071858047773
230,2.8153830740424284,2.343391764566091,0.4719913094763375
231,2.843740613614594,2.39112440385897,0.45261620975562433
232,2.755771040446995,2.341227784503854,0.414543255943141
233,2.688781240754421,2.2201117961672154,0.4686694445872055
234,2.814338120141853,2.362914942371658,0.45142317777019514
235,2.8656693392061863,2.4145254981665065,0.45114384103967975
236,2.8463288136851186,2.3919332690009165,0.45439554468420207
237,2.7853789434618306,2.325040967302261,0.4603379761595696
238,2.8154009843325793,2.3401283031396853,0.475272681192894
239,2.7921748863114266,2.3196609733662683,0.4725139129451583
240,2.7531492278378566,2.284474426432576,0.46867480140528084
241,2.7593448443308395,2.292628381917514,0.4667164624133253
242,2.7510582353883675,2.28323649561496,0.4678217397734077
243,2.7900699763765844,2.3213983768849524,0.46867159949163195
244,2.804281341819623,2.3235332653182765,0.4807480765013463
245,2.8041681616002547,2.334874192913167,0.46929396868708784
246,2.9015419874591113,2.4550597542054806,0.4464822332536307
247,2.8639761182890204,2.405924208792212,0.4580519094968083
248,2.8621398669036098,2.3882584541228993,0.4738814127807105
249,2.807996759243071,2.340072868740745,0.46792389050232597
250,2.8450007375053348,2.375594227886367,0.4694065096189677
251,2.8826999323153455,2.423307787423883,0.45939214489146263
252,2.8803650650021626,2.4197821242486763,0.46058294075348627
253,2.7275817346653604,2.2716284084959533,0.4559533261694071
254,2.8536514784779494,2.3713984169284896,0.4822530615494598
255,2.8376266398119108,2.3663251799776983,0.47130145983421246
256,2.8454083787058573,2.3688459821827283,0.47656239652312893
257,2.6576409964465637,2.1886715397455294,0.4689694567010343
258,2.7285936259634744,2.2724655943023597,0.4561280316611147
259,2.823804241863714,2.340461424838968,0.483342817024746
260,2.8318568570901803,2.3804769187180406,0.45137993837213974
261,2.801889345866143,2.343171852240869,0.45871749362527403
262,2.781562141067116,2.324582716333003,0.4569794247341128
263,2.7434303068428134,2.2721189037101874,0.471311403132626
264,2.7808347956246564,2.315279348308413,0.4655554473162433
265,2.851172051208966,2.376194662879933,0.4749773883290329
266,2.7578465127831135,2.300998029598731,0.45684848318438265
267,2.770165579939092,2.2934079265083076,0.47675765343078425
268,2.822194721565793,2.3667478750448803,0.4554468465209127
269,2.7744132865487074,2.285407766442732,0.4890055201059753
270,2.941210557590232,2.5162637019027794,0.4249468556874527
271,2.6941849486167366,2.219806591650856,0.4743783569658806
272,2.8955938181201804,2.4344523857989584,0.46114143232122196
273,2.8029451175183375,2.3424439647122126,0.4605011528061249
274,2.848865380023319,2.376867805752908,0.4719975742704112
275,2.8007380098096295,2.33179145750198,0.4689465523076497
276,2.8174684577000875,2.3609231194084264,0.4565453382916611
277,2.7336906139422688,2.2723562706434257,0.46133434329884304
278,2.8529654116059517,2.3913693955289563,0.4615960160769954
279,2.9025184004512243,2.4447797398067217,0.45773866064450264
280,2.8421661510665475,2.383564387024478,0.4586017640420694
281,2.8403576002116973,2.3805629289178087,0.4597946712938885
282,2.8260507135794306,2.375985552408695,0.4500651611707358
283,2.659978345826682,2.210050913996706,0.44992743182997597
284,2.7965842652402007,2.330818859472889,0.4657654057673115
285,2.7667763243479735,2.304889606927028,0.46188671742094556
286,2.8944019207740785,2.421929490620605,0.4724724301534735
287,2.77013534794272,2.3038506139475103,0.46628473399520987
288,2.7603994967715515,2.3064364444118524,0.45396305235969914
289,2.8731389785410206,2.4199406942113173,0.4531982843297033
290,2.8492808187671197,2.3743150864814275,0.47496573228569217
291,2.8910540991214897,2.44962055732929,0.4414335417921995
292,2.8213620123219263,2.356083537825413,0.4652784744965133
293,2.832246467039337,2.3682402727700276,0.46400619426930945
294,2.797869908072277,2.3324924487060197,0.4653774593662572
295,2.9017791183350656,2.439975281241362,0.46180383709370343
296,2.7798033506599547,2.331920948947432,0.4478824017125227
297,2.8134408126403443,2.3498153469421403,0.46362546569820395
298,2.856009260999352,2.3824950505314964,0.4735142104678558
299,2.7588006619690657,2.294355712933709,0.4644449490353568
300,2.8402939157708897,2.3732229881340743,0.46707092763681546
301,2.812343743324183,2.343913126788309,0.46843061653587403
302,2.8355529178622776,2.41636131350678,0.41919160435549774
303,2.8347140935154638,2.387708641853431,0.447005451662033
304,2.719775935149947,2.271986224296559,0.4477897108533879
305,2.6839967919766763,2.2242434822300745,0.4597533097466018
306,2.8282915281257064,2.3637300313288665,0.4645614967968399
307,2.835180566505022,2.3670836881695583,0.46809687833546354
308,2.7983143189002893,2.3504648933204266,0.4478494255798626
309,2.7270825561837957,2.2531358518344433,0.4739467043493524
310,2.7518502032043637,2.2922943860070912,0.45955581719727245
311,2.8486716674744574,2.405425083123904,0.44324658435055353
312,2.799417486160005,2.366925276237467,0.43249220992253834
313,2.7032349845346846,2.2406572703407797,0.4625777141939049
314,2.8041038460340597,2.3327600482394235,0.4713437977946362
315,2.7856068075941343,2.3550113968444224,0.43059541074971186
316,2.799835190848685,2.3409580756648816,0.4588771151838036
317,2.8445251187294955,2.3987140918806347,0.44581102684886087
318,2.671461073424178,2.2060597691486845,0.46540130427549364
319,2.7368238131509823,2.2762658109836003,0.4605580021673821
320,2.754775002041451,2.3051708680615888,0.4496041339798622
321,2.910460016943942,2.4471796452730357,0.4632803716709062
322,2.82540770479879,2.3583600631253487,0.4670476416734415
323,2.8612397151128164,2.4003654244211177,0.4608742906916987
324,2.7128421504041387,2.248313703231915,0.46452844717222375
325,2.846874086357557,2.39278362713472,0.454090459222837
326,2.847031257265075,2.395073010366809,0.4519582468982657
327,2.8026918607724474,2.3213603282229913,0.48133153254945604
328,2.8279094189215077,2.347465472726926,0.48044394619458153
329,2.8004966399877715,2.3418850900118837,0.4586115499758878
330,2.805539614531588,2.352767673047443,0.4527719414841447
331,2.8343614766728695,2.361494792813751,0.47286668385911845
332,2.8332103020549857,2.3537713207726583,0.4794389812823274
333,2.7353019208570406,2.3000875624538546,0.435214358403186
334,2.7966094984919536,2.3397097928017776,0.456899705690176
335,2.7741765313256863,2.3314620749543793,0.442714456371307
336,2.7098842075157927,2.2598990641736116,0.4499851433421811
337,2.802115292877242,2.3381818000481096,0.46393349282913254
338,2.8576148077406045,2.4290344019828005,0.428580405757804
339,2.8600169835952576,2.398121399673369,0.4618955839218888
340,2.8181954914361786,2.3551794648978315,0.46301602653834717
341,2.8105277097248744,2.357330745631144,0.45319696409373034
342,2.7600785320402537,2.2928602964769524,0.4672182355633012
343,2.7898619334463044,2.3580139468076426,0.43184798663866175
344,2.9052460174853936,2.461426956299918,0.44381906118547576
345,2.868555186075474,2.4014778172505733,0.4670773688249006
346,2.7281748896240976,2.2506025219789936,0.477572367645104
347,2.850935650871175,2.398968942661518,0.4519667082096568
348,2.8808108908500114,2.4250081511476616,0.45580273970234986
349,2.8898263759180973,2.4663844212895385,0.4234419546285588
350,2.7669747781560012,2.318775127052428,0.44819965110357307
351,2.7912559367608725,2.323544696734556,0.4677112400263166
352,2.894149796081803,2.4368120184897815,0.4573377775920213
353,2.7283641046861247,2.2550199731201204,0.4733441315660043
354,2.7600604552538606,2.284316565984482,0.4757438892693786
355,2.8203975217177493,2.371553511124505,0.4488440105932443
356,2.817981996364656,2.3617766657686268,0.4562053305960294
357,2.7784383192203848,2.3181020966912924,0.46033622252909234
358,2.8076090030169545,2.3437985333820652,0.46381046963488926
359,2.8488611572176263,2.392468437731442,0.45639271948618454
360,2.8227738261704705,2.3497807428082025,0.472993083362268
361,2.8390058861156082,2.379891486819597,0.4591143992960114
362,2.8292111369085933,2.364013587445302,0.46519754946329117
363,2.7776568945205113,2.3233982758092417,0.4542586187112696
364,2.744642032383122,2.2622767493287395,0.48236528305438275
365,2.676159100182951,2.2186279686641464,0.45753113151880465
366,2.8075719959627614,2.3664463310931425,0.4411256648696189
367,2.7850262190059776,2.318681429313724,0.4663447896922537
368,2.867172388132023,2.4020037585378455,0.4651686295941775
369,2.7142379737011955,2.2303894974871277,0.4838484762140678
370,2.876308780060939,2.439357645570569,0.4369511344903696
371,2.6431872801191565,2.1901286533725823,0.45305862674657416
372,2.7772969860108896,2.3231989288672272,0.45409805714366236
373,2.9233076365492283,2.449431815186976,0.4738758213622525
374,2.9596296711970544,2.4976973200431902,0.4619323511538642
375,2.799332546033353,2.3213363728129797,0.47799617322037324
376,2.719723094524435,2.2491522384579743,0.47057085606646076
377,2.876391805021498,2.4201725714034765,0.4562192336180213
378,2.833761183935365,2.38445472398669,0.44930645994867513
379,2.702097830700883,2.229971930480144,0.47212590022073897
380,2.8889267197305877,2.440045432503305,0.4488812872272825
381,2.718333973379499,2.249543165013102,0.4687908083663972
382,2.9463635291102612,2.495505818632409,0.45085771047785217
383,2.867770810624168,2.43233957077282,0.435431239851348
384,2.7362536432833404,2.2539768651180756,0.4822767781652648
385,2.805448015377842,2.328569681517471,0.47687833386037104
386,2.780212590651607,2.2996995576479797,0.48051303300362713
387,2.782597146786469,2.322816766338283,0.45978038044818614
388,2.7981010690598485,2.3450151993759354,0.45308586968391307
389,2.8415306923277934,2.405701810208027,0.43582888211976645
390,2.864080476276462,2.4074854432378947,0.4565950330385671
391,2.750502298094913,2.292548122042485,0.45795417605242816
392,2.7538182900440162,2.2745759578112583,0.4792423322327579
393,2.7709923994186267,2.295683491628172,0.47530890779045487
394,2.8368066363614877,2.383147568501273,0.4536590678602148
395,2.850180519054301,2.418368531954185,0.4318119871001156
396,2.8503365274957067,2.393270715118274,0.4570658123774325
397,2.9136510638180932,2.488891948369359,0.42475911544873446
398,2.663116353788799,2.1900724262880797,0.47304392750071944
399,2.7185350868154874,2.265158705623956,0.45337638119153123
400,2.811465055064412,2.349386215402997,0.4620788396614146
401,2.804435872192674,2.345928139395149,0.4585077327975249
402,2.8367276126866523,2.381225461726095,0.45550215096055746
403,2.667660563082041,2.2206973962762797,0.4469631668057614
404,2.7997566594717926,2.3335936558309744,0.4661630036408182
405,2.813618062591972,2.3377982284075975,0.47581983418437446
406,2.735731218565741,2.2702193917661977,0.4655118267995433
407,2.775096459911371,2.307705469627951,0.4673909902834201
408,2.7620113997080966,2.303567245725287,0.4584441539828097
409,2.8607556451021705,2.4148860552195477,0.4458695898826228
410,2.7881892945730784,2.326650979148108,0.4615383154249706
411,2.8911527555835783,2.4313527682750893,0.45979998730848903
412,2.751355246670077,2.293116121354897,0.45823912531517985
413,2.8175437810145665,2.347075500346197,0.4704682806683693
414,2.733536400699081,2.2591101378669762,0.47442626283210476
415,2.694381738839091,2.261146225422357,0.4332355134167343
416,2.804816569979022,2.375615573388953,0.42920099659006894
417,2.8639043754175546,2.4535992627789716,0.41030511263858305
418,2.8284984666583273,2.3597052645786705,0.4687932020796568
419,2.93670649257486,2.5249836066761344,0.41172288589872563
420,2.873549627356816,2.4099661367342238,0.4635834906225922
421,2.877525572226929,2.400484672352421,0.47704089987450793
422,2.72486917468533,2.2626694653857924,0.4621997092995378
423,2.706096176079879,2.230526747307945,0.4755694287719341
424,2.7628376730776014,2.321002569888435,0.4418351031891663
425,2.713325698460061,2.2462878323400575,0.46703786612000364
426,2.8243962613661298,2.33854803218957,0.4858482291765598
427,2.8031999613223153,2.35555484831721,0.44764511300510534
428,2.8180540542029515,2.3736026941416415,0.44445136006131003
429,2.8287327648553076,2.3854684618684225,0.443264302986885
430,2.8203044218752082,2.3898015395888357,0.43050288228637257
431,2.7709517182200805,2.303948522341677,0.46700319587840333
432,2.8480527957803226,2.3749525719756686,0.473100223804654
433,2.921081935386981,2.468762618713606,0.45231931667337477
434,2.796962762320803,2.327079993292626,0.46988276902817727
435,2.6990522873009133,2.2253504742416585,0.47370181305925474
436,2.7531492054976683,2.275731082332664,0.4774181231650041
437,2.815595044474771,2.3517040198945223,0.4638910245802488
438,2.8008708775326827,2.327778966671974,0.4730919108607088
439,2.8532932825853816,2.384673622506804,0.46861966007857747
440,2.7489150818717007,2.273029255751356,0.4758858261203449
441,2.6986414171784423,2.226454337736797,0.4721870794416452
442,2.768750237140983,2.302810493276583,0.46593974386439996
443,2.7557080672621743,2.2876035865574966,0.4681044807046777
444,2.7398998188834325,2.2757162711855736,0.46418354769785886
445,2.8631800343036327,2.420915231065916,0.44226480323771655
446,2.820952244156669,2.372255611593709,0.4486966325629598
447,2.829420115963598,2.3674715560615485,0.46194855990204964
448,2.8857013009199015,2.405762335860677,0.47993896505922473
449,2.894952543868436,2.409811560353959,0.4851409835144769
450,2.7674622679796843,2.2904538167169064,0.4770084512627779
451,2.866056994566791,2.4031473015363742,0.46290969303041685
452,2.8656547577692577,2.4263568725908473,0.4392978851784104
453,2.792056852471676,2.323029029275883,0.46902782319579295
454,2.7863081588652863,2.3267437075207296,0.4595644513445567
455,2.7214393851538374,2.2492342119825968,0.47220517317124067
456,2.6560639929552967,2.199711773939312,0.4563522190159848
457,2.7440174825523815,2.277049027159273,0.4669684553931086
458,2.819367812075512,2.3553976899799904,0.46397012209552146
459,2.8828172574918685,2.4345265636421445,0.448290693849724
460,2.8314600368515723,2.351353547444496,0.48010648940707634
461,2.788477153609335,2.304740042681984,0.48373711092735094
462,2.719300085031975,2.254658713886675,0.4646413711452997
463,2.7777389022991517,2.30147090189188,0.4762680004072717
464,2.7725194867239207,2.300826477818378,0.47169300890554267
465,2.876002289486108,2.4068043585622867,0.46919793092382145
466,2.7812958216781736,2.3263930965786876,0.4549027250994859
467,2.7872309918421134,2.3095105740849258,0.47772041775718765
468,2.790833546475967,2.315454631613544,0.4753789148624228
469,2.8815253626914727,2.426556058462574,0.4549693042288987
470,2.8133620269526833,2.337838031625474,0.47552399532720946
471,2.8073083573115682,2.325293046658405,0.4820153106531633
472,2.899685899809827,2.4255058172082453,0.4741800826015816
473,2.923895144424172,2.4649641925024617,0.4589309519217104
474,2.7796226152653385,2.342303355947912,0.43731925931742666
475,2.7167293084292745,2.2395676889444562,0.4771616194848183
476,2.7270626586322826,2.2630110630396842,0.46405159559259834
477,2.768945823298007,2.2922535615481845,0.4766922617498226
478,2.7165309952572523,2.2609320812652562,0.45559891399199604
479,2.8376115451045343,2.379261964097261,0.4583495810072731
480,2.8281244543364643,2.3770143532517825,0.45111010108468186
481,2.9598356927134217,2.5089321714465744,0.4509035212668473
482,2.8368709485293495,2.371767989771564,0.4651029587577855
483,2.7479707168396206,2.2973649271434575,0.45060578969616305
484,2.760958813159298,2.2866127880164724,0.47434602514282576
485,2.683721813198408,2.2264063092872437,0.45731550391116427
486,2.693659944827002,2.235180333314884,0.45847961151211836
487,2.7693448967880787,2.295140740889313,0.47420415589876574
488,2.7308617234208965,2.250927648791185,0.4799340746297114
489,2.8879619826707508,2.426997055688794,0.4609649269819567
490,2.9078922127494367,2.4336287434217203,0.47426346932771635
491,2.7725715986104396,2.291260914099577,0.48131068451086234
492,2.829796876535163,2.3709592220098146,0.4588376545253485
493,2.832691235473398,2.363240818803362,0.4694504166700364
494,2.8570568316590306,2.4022317288005404,0.4548251028584902
495,2.78297081983724,2.302665906863447,0.48030491297379285
496,2.792812919317905,2.318129194659278,0.47468372465862707
497,2.8190962640840027,2.3645079622120257,0.45458830187197696
498,2.831415101949174,2.374573525945752,0.4568415760034217
499,2.8484173528334282,2.373515943462143,0.47490140937128533
500,2.750347225699658,2.2791182503019103,0.4712289753977479
501,2.814672540555938,2.3257012867775884,0.4889712537783497
502,2.8097750861609643,2.355586968896893,0.45418811726407116
503,2.8247848275198066,2.3523456875098296,0.472439140009977
504,2.7495649018828248,2.2817541296858663,0.46781077219695844
505,2.840494122951557,2.373966059475825,0.46652806347573206
506,2.7626399272471627,2.2869973384907354,0.4756425887564273
507,2.8113389039917114,2.3528016636445126,0.4585372403471988
508,2.788520358449549,2.3111355826214743,0.4773847758280745
509,2.8129318327411603,2.342545917867159,0.4703859148740013
510,2.8317715694754555,2.3566250719864117,0.4751464974890438
511,2.8550809363885885,2.424937984313919,0.43014295207466935
512,2.704185163306453,2.223754921601717,0.4804302417047359
513,2.8293953338426774,2.355003025269489,0.47439230857318826
514,2.8153906169429566,2.3427233078108474,0.4726673091321092
515,2.7475511567783832,2.2763062945325894,0.47124486224579387
516,2.818034128316892,2.340983676804986,0.4770504515119063
517,2.877466685202514,2.439992278408802,0.43747440679371197
518,2.85830293695034,2.373602412801586,0.4847005241487543
519,2.8040617668768855,2.351421873233327,0.4526398936435583
520,2.8308980586654173,2.3568836104377433,0.474014448227674
521,2.8705744042875967,2.4155274960173827,0.455046908270214
522,2.8386445666186955,2.376190216474213,0.46245435014448244
523,2.6954922307466607,2.219264134741233,0.4762280960054275
524,2.9104496601439536,2.451826536921572,0.4586231232223814
525,2.704922684906501,2.251409589915305,0.4535130949911963
526,2.712318728372518,2.2378100202418127,0.47450870813070534
527,2.838104751850896,2.365373291327918,0.472731460522978
528,2.797718302509738,2.3335467563700427,0.46417154613969513
529,2.773995118569498,2.3004308802074296,0.4735642383620684
530,2.911642196901775,2.486538489146117,0.4251037077556581
531,2.7975094798544857,2.3171654240538304,0.4803440558006553
532,2.7742773196293875,2.3014300314810807,0.4728472881483068
533,2.8401293004090458,2.3696598972343037,0.47046940317474206
534,2.741178666034097,2.264439871022706,0.47673879501139105
535,2.8135757264450922,2.3531760324295323,0.4603996940155599
536,2.800457111165999,2.334276010173784,0.46618110099221477
537,2.7475288187626132,2.2707340079853906,0.47679481077722263
538,2.7959180123918244,2.3470171749662656,0.44890083742555875
539,2.7001682315928694,2.237514357247793,0.4626538743450763
540,2.8484215288866648,2.4122745699010517,0.43614695898561306
541,2.7352304684365234,2.2698548616694922,0.46537560676703116
542,2.7837455919109573,2.3435318332816895,0.4402137586292678
543,2.709155296132762,2.2359861860920387,0.47316911004072315
544,2.8594530249467174,2.4050603352481854,0.45439268969853197
545,2.8442627383865573,2.4140757857750264,0.43018695261153095
546,2.773946219620916,2.3162707209973226,0.4576754986235936
547,2.812468442306872,2.342342041612136,0.4701264006947361
548,2.7556923588094393,2.320854163163486,0.4348381956459533
549,2.8047241545501325,2.323637548863175,0.4810866056869574
550,2.7494771586024225,2.2803644337023687,0.46911272490005373
551,2.797188967272125,2.33557086047842,0.46161810679370463
552,2.6961418889000264,2.2135287448534715,0.48261314404655486
553,2.77585163768912,2.3379967593205198,0.43785487836860026
554,2.908932259828643,2.462724668425757,0.446207591402886
555,2.8479092897643032,2.3842095219905493,0.463699767773754
556,2.7788326276673705,2.3198326289454703,0.4589999987219002
557,2.7406596528398315,2.284090777161359,0.45656887567847226
558,2.7478429575579493,2.2718986686178515,0.47594428894009777
559,2.732858567514258,2.2654882549428184,0.4673703125714397
560,2.7848004032719853,2.309023680614823,0.4757767226571623
561,2.7535220223615484,2.3111156135557493,0.44240640880579907
562,2.8417329168362526,2.377446742541268,0.46428617429498464
563,2.9060759116221133,2.445120219626264,0.4609556919958493
564,2.8352825700147295,2.371854512245229,0.4634280577695007
565,2.8808065110896663,2.414944400250297,0.46586211083936924
566,2.782138502658224,2.341651939855105,0.44048656280311915
567,2.850747225444501,2.396954614320072,0.4537926111244288
568,2.8837492499305086,2.42193765970529,0.46181159022521845
569,2.8930529491773447,2.4365415374821433,0.4565114116952014
570,2.7676216672750136,2.3321030162331673,0.4355186510418463
571,2.752311472162952,2.3013857730088527,0.4509256991540993
572,2.8109725246399964,2.3363379148930004,0.474634609746996
573,2.7748846831805785,2.3164310484630084,0.45845363471757006
574,2.6513332898146227,2.186601477434004,0.4647318123806188
575,2.8054784001972433,2.338193685669581,0.4672847145276622
576,2.75425018933403,2.2823129296965954,0.4719372596374347
577,2.803238091861328,2.340297057352848,0.46294103450848034
578,2.7777005781139463,2.312405047340733,0.4652955307732132
579,2.6782183092233214,2.2103073616134927,0.46791094760982865
580,2.831061526898959,2.3799969848981095,0.45106454200084967
581,2.7306605257402023,2.271231115982142,0.45942940975806046
582,2.9064576603273578,2.4680261445382166,0.4384315157891412
583,2.7500342882116553,2.2892355729703433,0.460798715241312
584,2.7802089406102395,2.3190012775757056,0.46120766303453387
585,2.83395984957028,2.403565505858962,0.43039434371131824
586,2.729371610101862,2.264296821552549,0.46507478854931295
587,2.8790026887276343,2.4062932256961242,0.47270946303151007
588,2.7699157408344703,2.301393644887323,0.4685220959471472
589,2.812752867010833,2.3936581358627493,0.4190947311480837
590,2.7733055110781426,2.2931061532001813,0.4801993578779613
591,2.7481600695466697,2.2760239146916885,0.47213615485498117
592,2.879104145867372,2.48286815069373,0.39623599517364205
593,2.949969687610883,2.5146950595744926,0.4352746280363906
594,2.804661375836324,2.355403341980853,0.44925803385547125
595,2.7779826038012527,2.3134936042670837,0.464488999534169
596,2.7028161302044174,2.2386881425290444,0.464127987675373
597,2.854433348895562,2.3917585413968427,0.46267480749871925
598,2.8488215953894933,2.3725871908554477,0.47623440453404564
599,2.7809359036168706,2.322414107555473,0.4585217960613974
600,2.7260348564073187,2.251358911503745,0.47467594490357357
601,2.886830753372215,2.4288469673884516,0.45798378598376344
602,2.865608309142463,2.407038391936865,0.4585699172055979
603,2.8435837221567626,2.374568996080173,0.46901472607658956
604,2.829055663521715,2.3884373904258234,0.4406182730958914
605,2.8306310262811483,2.349477206764318,0.48115381951683034
606,2.9137749678454288,2.438762969425757,0.4750119984196717
607,2.829097695234742,2.355462644497161,0.47363505073758105
608,2.835698320401962,2.3732314056945425,0.46246691470741963
609,2.8337154109880647,2.372025174692347,0.4616902362957176
610,2.757023164428216,2.2983448865281964,0.4586782779000198
611,2.8351219758385198,2.395007330809006,0.4401146450295137
612,2.81092846357341,2.3400139965540077,0.4709144670194023
613,2.873404688224583,2.4044364699462255,0.46896821827835744
614,2.765487399657289,2.319855650239364,0.4456317494179247
615,2.8144409669621777,2.365912250595958,0.4485287163662197
616,2.728191031264338,2.2613263839483144,0.4668646473160236
617,2.8036015492309208,2.344733134788827,0.4588684144420938
618,2.8589295850481866,2.386966346789161,0.47196323825902553
619,2.766497607844502,2.293064532607531,0.47343307523697087
620,2.786418882423113,2.3141973106008846,0.47222157182222846
621,2.704959239801612,2.2320104268055885,0.47294881299602354
622,2.7766022230378686,2.2981613262805545,0.47844089675731416
623,2.917417691847422,2.463081483151586,0.4543362086958358
624,2.69699947977562,2.2190040986226243,0.4779953811529958
625,2.787740535526444,2.3208530494478907,0.46688748607855324
626,2.775060774593832,2.295791774930404,0.47926899966342784
627,2.768794046221153,2.308395705908127,0.46039834031302584
628,2.7631146620434435,2.2951464821310745,0.46796817991236894
629,2.8171039701369467,2.3634396633902814,0.45366430674666525
630,2.6969268319239825,2.232835121023781,0.4640917109002016
631,2.750012701413178,2.2801492238443637,0.4698634775688144
632,2.787286022112422,2.313071252376353,0.474214769736069
633,2.8189585706510982,2.3534442715448156,0.4655142991062826
634,2.836432651965895,2.373100339907951,0.4633323120579438
635,2.6554531821419087,2.177494786528061,0.47795839561384756
636,2.795042681836103,2.3361305444580434,0.4589121373780598
637,2.7955427610528463,2.3277763085448635,0.46776645250798277
638,2.8160823452650354,2.357404685670341,0.45867765959469464
639,2.937174016140296,2.4943300101821455,0.44284400595815043
640,2.849443096924709,2.396989665084476,0.4524534318402331
641,2.719497152300952,2.262788907411575,0.4567082448893771
642,2.6951918611571815,2.2261226994908454,0.46906916166633605
643,2.7889127379555454,2.322642285045451,0.4662704529100945
644,2.819066202458345,2.3432047731165038,0.4758614293418413
645,2.7544216754391773,2.305156075261192,0.4492656001779851
646,2.833456728064691,2.37010405332446,0.46335267474023123
647,2.9287009298936026,2.450086377065571,0.47861455282803167
648,2.8664042383108472,2.408938290560263,0.45746594775058425
649,2.820407934506767,2.355699584650952,0.4647083498558149
650,2.8274774527333477,2.3736027673056457,0.45387468542770204
651,2.7866115651595766,2.3155395017142286,0.471072063445348
652,2.8868274069555633,2.4438186524910943,0.44300875446446897
653,2.8928382259091534,2.423707049741837,0.46913117616731626
654,2.7660128871427805,2.2896714060744956,0.4763414810682849
655,2.824035715819879,2.3654929650622436,0.4585427507576356
656,2.7509502576100298,2.3237997507742603,0.4271505068357695
657,2.8632423515349887,2.416330843391654,0.4469115081433346
658,2.825847360278729,2.3520766195705143,0.4737707407082148
659,2.8236821247100634,2.367311993964384,0.45637013074567934
660,2.833855279834265,2.3860314270337586,0.4478238528005063
661,2.733675139219488,2.263705803413738,0.46996933580574973
662,2.874501939639985,2.408458820090094,0.46604311954989086
663,2.8155132696756793,2.334368362942581,0.4811449067330984
664,2.7990448329664543,2.3290900296706947,0.46995480329575967
665,2.8975487777294044,2.4158404021831927,0.4817083755462117
666,2.884682723938097,2.4116908827060817,0.47299184123201554
667,2.7898137202938496,2.3321218974351625,0.45769182285868704
668,2.77738606853491,2.309053487083501,0.468332581451409
669,2.8466846869240086,2.370667315263607,0.4760173716604017
670,2.771738367450377,2.302064331617282,0.46967403583309464
671,2.8427366737321274,2.364335932236302,0.47840074149582534
672,2.7444168998505787,2.2832872566639506,0.4611296431866281
673,2.704066656141691,2.2687661628250697,0.43530049331662113
674,2.7785079124885144,2.302211517570138,0.4762963949183763
675,2.771280618728207,2.3020019369360667,0.46927868179214016
676,2.9435605353734378,2.4978671375348216,0.44569339783861617
677,2.7872173942360075,2.312587495467848,0.47462989876815964
678,2.7853660191050738,2.3215617030021547,0.46380431610291906
679,2.847760812731956,2.3797732311621576,0.46798758156979847
680,2.849663041061979,2.4193548918301064,0.43030814923187277
681,2.888519555950858,2.441275763871514,0.4472437920793437
682,2.8261533830827608,2.369409879209671,0.4567435038730898
683,2.831741132555256,2.3736845741347836,0.45805655842047255
684,2.888954259618839,2.4295246697376056,0.4594295898812333
685,2.9321463324682737,2.453940218420558,0.47820611404771585
686,2.740431360471028,2.2708732762569714,0.46955808421405676
687,2.820178401651339,2.3474862337341005,0.47269216791723867
688,2.7778245848653373,2.3117193756663466,0.4661052091989908
689,2.822472408734727,2.3670096858100442,0.4554627229246826
690,2.7052425380548835,2.249594461020056,0.45564807703482746
691,2.813586382988517,2.3707800117441757,0.4428063712443411
692,2.896572922935023,2.451276180475651,0.4452967424593721
693,2.861025252426252,2.424071010844366,0.4369542415818861
694,2.669079025720171,2.2073422787755606,0.4617367469446103
695,2.767209014807722,2.2951616443168876,0.47204737049083434
696,2.672566436702703,2.192610694144949,0.4799557425577543
697,2.824960228777332,2.344924034215462,0.4800361945618703
698,2.9397757784058665,2.5330669307749782,0.4067088476308882
699,2.852582820593025,2.386126505737352,0.46645631485567307
700,2.817020542668682,2.376995175432105,0.44002536723657704
701,2.9163826294529454,2.511965126947751,0.40441750250519437
702,2.7579112934570698,2.2922916907640163,0.46561960269305347
703,2.744781799600071,2.2896478767772503,0.45513392282282084
704,2.767019515521427,2.299784732256562,0.46723478326486534
705,2.813890353557813,2.359965955069712,0.45392439848810096
706,2.7690631492765276,2.331263997075283,0.43779915220124455
707,2.784407597454073,2.328048211464727,0.4563593859893462
708,2.839210888640094,2.368894901146794,0.47031598749329984
709,2.751021561782042,2.2813155357162764,0.4697060260657655
710,2.79174341861572,2.340575013918253,0.4511684046974671
711,2.8708102552826,2.4412598904221943,0.42955036486040576
712,2.7050277200608126,2.2377493020354406,0.46727841802537196
713,2.847358903459076,2.373438534898304,0.4739203685607718
714,2.7181943349777673,2.2636807223857067,0.4545136125920606
715,2.812260278395744,2.3859837186948196,0.4262765597009244
716,2.852138740993268,2.4011027644724465,0.4510359765208216
717,2.816934415870842,2.3623266090945463,0.45460780677629575
718,2.692294755660062,2.229112961582795,0.4631817940772671
719,2.6908191056113684,2.2370087468926534,0.453810358718715
720,2.8091430044866987,2.3457177581986146,0.4634252462880841
721,2.789626265622926,2.330021416542484,0.4596048490804421
722,2.8756088006029,2.413487740144012,0.46212106045888834
723,2.762228568763329,2.315085646947932,0.44714292181539683
724,2.9006964203623355,2.4665728082180105,0.43412361214432504
725,2.760917076550215,2.328093878029209,0.43282319852100626
726,2.740090564387621,2.3019880797593437,0.4381024846282773
727,2.819299797828636,2.3584380435270504,0.4608617543015856
728,2.7745675735915194,2.3073626868759134,0.467204886715606
729,2.829926098670079,2.367134844540622,0.4627912541294572
730,2.804808139493634,2.3440841413631976,0.4607239981304363
731,2.780167533867155,2.318818001701871,0.46134953216528407
732,2.800294982717351,2.355213304129385,0.4450816785879663
733,2.899940444479258,2.4648297126254755,0.43511073185378235
734,2.849328705203394,2.3702287665414965,0.4790999386618977
735,2.9070496469945484,2.4579256743111895,0.4491239726833589
736,2.720746985460086,2.247687853998457,0.47305913146162926
737,2.725225779351534,2.241218181887552,0.4840075974639819
738,2.778240082120888,2.316782731966194,0.4614573501546939
739,2.7838581266692017,2.3096967000897894,0.4741614265794123
740,2.831049755425806,2.3587446365871454,0.47230511883866066
741,2.84181491575536,2.3759738326110567,0.46584108314430317
742,2.804207132110786,2.3429108647112313,0.46129626739955487
743,2.722903494580718,2.2620341787191887,0.4608693158615291
744,2.774173591997796,2.330856219021198,0.443317372976598
745,2.8042881003665636,2.349186123310416,0.4551019770561475
746,2.742783066780764,2.2853740859562355,0.4574089808245283
747,2.852695588361568,2.391422439029772,0.4612731493317961
748,2.7172221382151758,2.274067805196947,0.4431543330182288
749,2.908889673473734,2.4401008399958024,0.46878883347793154
750,2.7499181783209172,2.2745566768945435,0.4753615014263737
751,2.9116211819625595,2.42445767475567,0.4871635072068896
752,2.7987013488552854,2.3355343903559054,0.46316695849938005
753,2.838827659830213,2.386032757964954,0.45279490186525884
754,2.6712362194358557,2.200649035634756,0.47058718380109976
755,2.8896455806676284,2.427191567934567,0.4624540127330614
756,2.8735019281506196,2.4093544459456395,0.46414748220498003
757,2.781476130911565,2.299764886494302,0.4817112444172631
758,2.853139188088828,2.3719355875780703,0.48120360051075783
759,2.744336669435252,2.283332418669436,0.46100425076581564
760,2.7873922999592113,2.3366084137385106,0.45078388622070076
761,2.8105996252955556,2.341786565630828,0.46881305966472775
762,2.660699949867441,2.199019961379328,0.46167998848811287
763,2.7308786397266354,2.273524949398375,0.45735369032826023
764,2.7477672611917625,2.3107050430699463,0.4370622181218162
765,2.8487066008625654,2.3799699636699247,0.4687366371926407
766,2.9171302921529447,2.508110271264716,0.40902002088822886
767,2.832765301957187,2.3667136097539987,0.4660516922031883
768,2.7680505737082233,2.295583989980957,0.47246658372726635
769,2.697623335709593,2.2315669914030956,0.46605634430649756
770,2.7280390050782253,2.2722145183544207,0.4558244867238046
771,2.8168767068257154,2.346954923603849,0.4699217832218663
772,2.8701408092823635,2.4464989642256745,0.423641845056689
773,2.8601680406499743,2.4041136635032445,0.4560543771467298
774,2.795666703920799,2.321050542004436,0.47461616191636313
775,2.8577031140333085,2.3893701145546116,0.4683329994786969
776,2.7037867519409464,2.2214117206968162,0.48237503124413017
777,2.8198992552675044,2.360150197564923,0.45974905770258134
778,2.739728307149639,2.3060272338923817,0.43370107325725726
779,2.7239605564952174,2.2532535157075158,0.47070704078770165
780,2.864089327039122,2.3951928235693165,0.4688965034698054
781,2.6947696290942007,2.254643974200409,0.44012565489379174
782,2.775829889428341,2.313584398359131,0.46224549106921
783,2.85884170273853,2.4024122658105926,0.45642943692793736
784,2.7262604781372,2.267621777854886,0.458638700282314
785,2.7391982472464464,2.2698457687191764,0.46935247852727
786,2.760952250112638,2.295895346694816,0.4650569034178216
787,2.8493095933049077,2.3889174600981313,0.4603921332067764
788,2.8429263507576263,2.4315901628396484,0.411336187917978
789,2.790553277712782,2.3025055897174096,0.48804768799537257
790,2.7526066107126588,2.291128539063681,0.4614780716489779
791,2.8014845143654092,2.3137434395015983,0.4877410748638109
792,2.6631975752219152,2.207895475210356,0.45530210001155913
793,2.729608333921119,2.264379583693694,0.4652287502274248
794,2.768246337228056,2.2991925746663324,0.4690537625617237
795,2.845392377922224,2.367343869436743,0.4780485084854811
796,2.853067841533904,2.3735912224255156,0.47947661910838857
797,2.796401536366352,2.3344137907462654,0.4619877456200867
798,2.7820848427043794,2.3095167010092204,0.47256814169515904
799,2.852830108474,2.3730067174043032,0.47982339106969674
800,2.816407456054089,2.370331131479975,0.44607632457411395
801,2.8756281565485105,2.4275929385984405,0.44803521795006995
802,2.8030434849028083,2.3740185370566516,0.42902494784615675
803,2.8497624197030427,2.3816632312044974,0.46809918849854526
804,2.708017420707845,2.2418164534269254,0.46620096728091953
805,2.820529726029878,2.3524027330801416,0.4681269929497365
806,2.8072816138967562,2.3316176605477423,0.4756639533490139
807,2.821880156748107,2.3565220963854205,0.46535806036268657
808,2.7870391586005283,2.3169514357667595,0.47008772283376876
809,2.9083604412853132,2.522906691799487,0.38545374948582634
810,2.6359899386587293,2.16348723074314,0.47250270791558924
811,2.867616162923805,2.4009439742365406,0.46667218868726446
812,2.811810380094881,2.329170756686217,0.4826396234086636
813,2.8579896011109263,2.4121197490621684,0.44586985204875784
814,2.8476174854895033,2.3764143675158462,0.4712031179736571
815,2.8565266205627866,2.4049524825250503,0.4515741380377363
816,2.7798214654137703,2.325425023903454,0.45439644151031633
817,2.7292185843101455,2.267941544904485,0.46127703940566045
818,2.8161237756602846,2.341382858576564,0.4747409170837207
819,2.832548623560195,2.3921755935605167,0.4403730299996784
820,2.837053456716616,2.367303429773851,0.46975002694276524
821,2.795869587261406,2.3309637307880258,0.4649058564733801
822,2.779568014906712,2.3414257504139027,0.43814226449280946
823,2.8043340483182635,2.3501252770659216,0.45420877125234194
824,2.828425296079725,2.34645523864797,0.4819700574317549
825,2.8167703216440176,2.3432016474793973,0.47356867416462034
826,2.8866204591765925,2.443342785204323,0.4432776739722697
827,2.70850208974106,2.24319110628806,0.46531098345300004
828,2.813971869692283,2.339980013117843,0.4739918565744401
829,2.7946639789956134,2.32305112913953,0.4716128498560832
830,2.6493910438216464,2.1911074514480275,0.4582835923736188
831,2.778307499431297,2.299853152644249,0.4784543467870481
832,2.8184740740249605,2.3467141868923984,0.4717598871325621
833,2.841437881819111,2.3671605073957194,0.4742773744233917
834,2.9400142927288564,2.5079900113932343,0.4320242813356221
835,2.900070844246744,2.4451321761604614,0.4549386680862826
836,2.736725981248663,2.2762168175194435,0.4605091637292196
837,2.8019190387675708,2.340626928599324,0.4612921101682468
838,2.799963943008126,2.33944197067488,0.4605219723332459
839,2.8189338587528225,2.373944699040815,0.4449891597120077
840,2.7713152807996506,2.299347807585434,0.4719674732142165
841,2.624209084580909,2.146872382917332,0.4773367016635768
842,2.8241502791854525,2.3627177969597954,0.461432482225657
843,2.66049147325208,2.1994580694343746,0.4610334038177055
844,2.805150526817818,2.3424404916036075,0.4627100352142106
845,2.7081463479643313,2.238454910550753,0.4696914374135783
846,2.8569774812704956,2.3979534309429993,0.45902405032749627
847,2.804612392558953,2.3474329732298242,0.45717941932912876
848,2.8602337128193756,2.414039185030996,0.4461945277883794
849,2.8090244400844044,2.356669783130724,0.4523546569536805
850,2.859678477254437,2.421521971201175,0.4381565060532622
851,2.7568795554379864,2.311691815104836,0.44518774033315056
852,2.795735991527701,2.3209327374012716,0.4748032541264293
853,2.7817059386979737,2.318594070291163,0.4631118684068105
854,2.7405872837453553,2.265054833128873,0.4755324506164822
855,2.7739264052353496,2.2960640038792377,0.4778624013561119
856,2.7933079343885407,2.3264892436917846,0.4668186906967562
857,2.7301642715076597,2.2621251403127816,0.46803913119487817
858,2.7966751418750486,2.3334089697000757,0.4632661721749729
859,2.8233672550328373,2.3454723489876064,0.4778949060452309
860,2.7962938181143597,2.3125497882932895,0.48374402982107023
861,2.8567462693809085,2.4093962764658223,0.44734999291508615
862,2.8860746037285616,2.4638151930780614,0.4222594106505002
863,2.8445768171923382,2.3785398795431436,0.4660369376491946
864,2.8846916684724144,2.4151588442390257,0.4695328242333887
865,2.7843160455393203,2.3213183895483303,0.4629976559909901
866,2.776822477714309,2.302819637281258,0.4740028404330512
867,2.815690276160827,2.3628164508848064,0.4528738252760207
868,2.869604635368228,2.4059943133692747,0.46361032199895336
869,2.801860099005369,2.3395014966386407,0.4623586023667281
870,2.9587101735502674,2.4886913750779946,0.4700187984722728
871,2.69114655884164,2.246912099914014,0.4442344589276259
872,2.784521990630508,2.3317352344466573,0.4527867561838508
873,2.7407094296968135,2.312006125643736,0.42870330405307744
874,2.7675574753067718,2.2899372789307035,0.47762019637606823
875,2.751167658260508,2.276012538419584,0.47515511984092385
876,2.962446123943571,2.532534367390725,0.42991175655284586
877,2.657798493443941,2.20865783053161,0.4491406629123311
878,2.876074186350029,2.4061709458642175,0.46990324048581167
879,2.777425144209861,2.316733935076857,0.460691209133004
880,2.8355478669874294,2.382305090435129,0.4532427765523006
881,2.7697419124248643,2.335118727917993,0.4346231845068713
882,2.8830673823086728,2.4210376680810155,0.46202971422765726
883,2.717874975471585,2.271861146396104,0.4460138290754809
884,2.8026500263310132,2.329626939832732,0.4730230864982814
885,2.8017047771958015,2.333559930467644,0.4681448467281575
886,2.7538342581980837,2.2967690802768073,0.45706517792127643
887,2.7498665370757442,2.2790966712212186,0.4707698658545256
888,2.803023390939582,2.349048637846286,0.45397475309329627
889,2.8467513082150058,2.413324293496101,0.43342701471890477
890,2.731439824085473,2.2636658414048694,0.4677739826806038
891,2.872412968257493,2.4078101925832045,0.46460277567428854
892,2.877753809301062,2.3992126591460394,0.4785411501550225
893,2.86732258213483,2.39056666550192,0.47675591663290984
894,2.6967226526192762,2.224483094163852,0.4722395584554242
895,2.837323205350422,2.377778612171003,0.4595445931794191
896,2.80169786259655,2.3419141094507476,0.45978375314580244
897,2.867706009410617,2.43910981201542,0.42859619739519683
898,2.8738321400342266,2.4141471612386565,0.45968497879557013
899,2.779739847678569,2.3111910417061483,0.46854880597242055
900,2.812642893164809,2.3478870401578815,0.46475585300692757
901,2.782828978252569,2.308056838827524,0.47477213942504504
902,2.8908418737923056,2.4304137310123193,0.46042814277998634
903,2.8263900169034053,2.3749096098694804,0.4514804070339249
904,2.9325901499296143,2.4974391015031867,0.4351510484264276
905,2.712176376235653,2.229131030969112,0.4830453452665413
906,2.7212840285672453,2.2775399423716345,0.4437440861956108
907,2.795857431745877,2.3582568140207094,0.4376006177251677
908,2.795240891281996,2.333198119708821,0.46204277157317497
909,2.7692484514013587,2.302723568338438,0.4665248830629207
910,2.7619091633841895,2.279822362342036,0.4820868010421533
911,2.8964720826412877,2.4086122397470167,0.4878598428942711
912,2.823754882132543,2.3831537224193866,0.4406011597131565
913,2.6744215724699663,2.252549613976275,0.4218719584936914
914,2.850607389869142,2.3705241254528695,0.48008326441627247
915,2.7166225817128247,2.2546927484233197,0.461929833289505
916,2.8129168450087487,2.3650589620159224,0.44785788299282636
917,2.9138103351858606,2.482862621408158,0.43094771377770247
918,2.9615796873008646,2.543010403619017,0.41856928368184754
919,2.6943177937096787,2.2408487198652125,0.4534690738444662
920,2.683558232030063,2.208106677510292,0.4754515545197706
921,2.7303345136496286,2.25973883571722,0.47059567793240875
922,2.7503167863454236,2.293314316353315,0.4570024699921085
923,2.818707963691553,2.3411425717718246,0.47756539191972847
924,2.8676849253195282,2.429330384617296,0.43835454070223223
925,2.777561555020259,2.3207353143858676,0.4568262406343915
926,2.799930926649863,2.3617297273213596,0.4382011993285033
927,2.891259015232847,2.4401166653188375,0.45114234991400926
928,2.7808706049800604,2.3243245825186323,0.45654602246142817
929,2.8045885089762796,2.3530602160854617,0.451528292890818
930,2.8204555629449533,2.3427554974338345,0.47770006551111877
931,2.7791581471922764,2.339772279145308,0.4393858680469682
932,2.741690156950912,2.267853145920282,0.4738370110306298
933,2.7461764588254134,2.2768473992163947,0.4693290596090187
934,2.864931224964621,2.4352602668999324,0.4296709580646887
935,2.7962732273970006,2.329348984439094,0.46692424295790635
936,2.672829505793646,2.212185353516873,0.46064415227677324
937,2.9160196272391663,2.4298344743053053,0.486185152933861
938,2.7879118719342433,2.3285269674718396,0.45938490446240365
939,2.6487460903077746,2.196842578553804,0.4519035117539705
940,2.8445680948013954,2.4030669626180448,0.44150113218335063
941,2.898173922755677,2.451101655024408,0.44707226773126907
942,2.989500057766555,2.5290776041436294,0.4604224536229258
943,2.744435987635338,2.275893418336004,0.46854256929933413
944,2.8567433249414167,2.4065837634134337,0.450159561527983
945,2.81876941472344,2.350303152468873,0.4684662622545672
946,2.840723593987877,2.365059027195425,0.47566456679245217
947,2.866296935774365,2.3901745009348567,0.4761224348395081
948,2.7179023431036087,2.2722733170997222,0.44562902600388643
949,2.8723602038675775,2.4104907042123824,0.4618694996551951
950,2.761217764155383,2.2821221394005726,0.47909562475481016
951,2.8885836525162767,2.4478081084099155,0.4407755441063612
952,2.9090257892933256,2.4541770337653155,0.4548487555280101
953,2.7906044212863783,2.3101942008779095,0.4804102204084688
954,2.859961611630311,2.421028861622847,0.438932750007464
955,2.845444188416359,2.3799053596812536,0.46553882873510544
956,2.680311838668622,2.2209263668495294,0.45938547181909284
957,2.743180651432151,2.2634743670799042,0.4797062843522468
958,2.8794645640210326,2.4281367729867886,0.4513277910342439
959,2.75533743067485,2.275913371590352,0.47942405908449803
960,2.7731999542521595,2.316150277564682,0.45704967668747765
961,2.7913036763696013,2.3397625999798732,0.45154107638972807
962,2.8058261732177128,2.3298285569695714,0.4759976162481414
963,2.715345665466387,2.236387963167972,0.47895770229841483
964,2.79199495146699,2.315158489775961,0.476836461691029
965,2.834097629573314,2.37114972617847,0.4629479033948436
966,2.773352592565107,2.3062051275723503,0.4671474649927565
967,2.803959226434057,2.335205177122632,0.4687540493114253
968,2.7689519712821404,2.291939380706098,0.4770125905760425
969,2.831642347907705,2.3659080597285023,0.4657342881792026
970,2.8421366183494374,2.372817415606427,0.4693192027430104
971,2.797438510795395,2.3506035041302544,0.44683500666514053
972,2.9073900602272182,2.4636238113737328,0.4437662488534855
973,2.749943669265721,2.28585527362186,0.46408839564386106
974,2.805634891220205,2.331175021486022,0.4744598697341833
975,2.8606585842198946,2.388680811443565,0.47197777277632946
976,2.765478879024189,2.285365533516905,0.4801133455072839
977,2.789852813095725,2.332090896171341,0.45776191692438406
978,2.741191236800493,2.2826328292562654,0.4585584075442277
979,2.7627522846821457,2.2820593119090664,0.4806929727730793
980,2.8493771430999764,2.39566008055395,0.4537170625460263
981,2.892006605955131,2.4495991216071595,0.4424074843479713
982,2.74317361210884,2.2608402836237875,0.4823333284850526
983,2.8181266534216927,2.3414779339334597,0.47664871948823295
984,2.9086927434909464,2.462484089018748,0.4462086544721986
985,2.747677847393209,2.279298837171446,0.46837901022176265
986,2.7229224998761734,2.2699008747503076,0.45302162512586586
987,2.8165769847623063,2.34682280941118,0.4697541753511265
988,2.7614811387449567,2.28906863232102,0.47241250642393684
989,2.858901652327239,2.4020382099844193,0.4568634423428195
990,2.8557528051546712,2.38988199598248,0.46587080917219126
991,2.8494036955260635,2.373573616936243,0.4758300785898206
992,2.9023869077841495,2.4455206228818835,0.456866284902266
993,2.7993851762897153,2.339558772961198,0.4598264033285173
994,2.7349481717532895,2.2769343910889637,0.45801378066432585
995,2.7406646664522043,2.27909674754235,0.4615679189098545
996,2.7274614588827255,2.2545962630528336,0.47286519582989195
997,2.735862495189667,2.2692807582962606,0.46658173689340643
998,2.7210220923686044,2.2443848263654744,0.47663726600312994
999,2.757478386562848,2.29782777947118,0.45965060709166794
1000,2.8661463263607994,2.3900031589793196,0.47614316738147977
1001,2.727419260270916,2.261875070972586,0.4655441892983303
1002,2.868227656620392,2.433436984829161,0.4347906717912311
1003,2.842817094652781,2.3400953594984615,0.5027217351543194
1004,2.8236233832958906,2.357746990615234,0.4658763926806566
1005,2.74543512086921,2.2889836937935724,0.45645142707563746
1006,2.7562492650944055,2.278369841685248,0.4778794234091577
1007,2.8101677486525105,2.330446760751914,0.47972098790059636
1008,2.78534124934743,2.3252062465864896,0.46013500276094055
1009,2.7958335009658972,2.3299523293958058,0.46588117157009146
1010,2.674887258201919,2.2134013670313,0.4614858911706188
1011,2.7747694593233705,2.3156701797568755,0.459099279566495
1012,2.8374303777510805,2.3750574980732533,0.46237287967782725
1013,2.8285110619288334,2.3777970466607243,0.45071401526810906
1014,2.7498258025115097,2.284338298716125,0.4654875037953845
1015,2.7622977708505125,2.3323966870398096,0.4299010838107029
1016,2.7870009306406454,2.3194269420843705,0.46757398855627486
1017,2.730171489300109,2.276497293499863,0.4536741958002457
1018,2.8634109067934594,2.4390226911900372,0.4243882156034222
1019,2.8572051546501895,2.3948888624805225,0.4623162921696671
1020,2.8585744526138006,2.4406683057101595,0.41790614690364114
1021,2.865973860346365,2.3939424321705403,0.4720314281758249
1022,2.7475981063237573,2.289930616110855,0.45766749021290254
1023,2.822404897929816,2.3525645996179567,0.46984029831185925
1024,2.7306430545781555,2.2632839313279223,0.4673591232502332
1025,2.9403310431134457,2.464455687900652,0.47587535521279367
1026,2.820786166042564,2.3611397329231028,0.4596464331194614
1027,2.7644234580193534,2.2840327263550813,0.48039073166427215
1028,2.7567182007049302,2.306353602005257,0.4503645986996734
1029,2.8382056016634585,2.393008496731056,0.4451971049324026
1030,2.7700040943496766,2.3216699460353483,0.4483341483143284
1031,2.736923801655808,2.2792118344872496,0.45771196716855833
1032,2.936695030902553,2.4581415510942892,0.47855347980826357
1033,2.782535541476643,2.3081279957124297,0.4744075457642132
1034,2.7587123798539355,2.2966571817008603,0.46205519815307516
1035,2.831501998703331,2.361764391117156,0.469737607586175
1036,2.8078345661501034,2.353581528691783,0.45425303745832046
1037,2.8958653267802754,2.459067452063125,0.4367978747171506
1038,2.794120810718298,2.326600117678076,0.46752069304022204
1039,2.756557505426144,2.285324726191924,0.4712327792342199
1040,2.9560893615030617,2.5143600111657944,0.44172935033726723
1041,2.8274326582490135,2.3471784333952685,0.4802542248537449
1042,2.6793004024758966,2.209610418626845,0.4696899838490518
1043,2.7806186268258823,2.309091463173514,0.47152716365236813
1044,2.7670314803073914,2.303073191409473,0.46395828889791835
1045,2.905260556393996,2.4368508172617216,0.46840973913227435
1046,2.684531268156008,2.2130847942789296,0.4714464738770783
1047,2.8945439937529494,2.430979648930998,0.4635643448219513
1048,2.7635214713232528,2.284800908399481,0.47872056292377163
1049,2.771498716395361,2.3126109462422177,0.4588877701531433
1050,2.8478508369051068,2.381801969822698,0.4660488670824088
1051,2.7875767529270905,2.327583836648183,0.4599929162789076
1052,2.90873762143538,2.489273108244715,0.41946451319066513
1053,2.840994372890997,2.3615833984377157,0.4794109744532813
1054,2.7368105564698215,2.2676308838180352,0.4691796726517863
1055,2.737652852064475,2.2661303147793834,0.47152253728509175
1056,2.7000133859606295,2.227441655530957,0.4725717304296726
1057,2.7755133697326246,2.2991156479366333,0.4763977217959914
1058,2.7584977977545,2.330963920306249,0.4275338774482509
1059,2.7821280390803054,2.3235694647782204,0.458558574302085
1060,2.7575402963231723,2.2930281238842776,0.46451217243889475
1061,2.8224206095664663,2.365311409423533,0.4571092001429333
1062,2.6907121046598266,2.232795955193556,0.45791614946627046
1063,2.790137913459604,2.3448540833027725,0.4452838301568316
1064,2.8504874680385686,2.378385147293322,0.4721023207452464
1065,2.780196801899911,2.3168963492996113,0.46330045260029973
1066,2.8166229271420704,2.35386005785603,0.4627628692860406
1067,2.7857171950131168,2.317395186711209,0.46832200830190773
1068,2.798259108715718,2.3179310453376907,0.48032806337802736
1069,2.79271418534419,2.3196048709154287,0.47310931442876125
1070,2.8507003448684283,2.3644495879021488,0.4862507569662795
1071,2.776951132131038,2.2997480038501985,0.47720312828083955
1072,2.829756061381694,2.401483411057723,0.4282726503239713
1073,2.8393352118144404,2.386204001389081,0.4531312104253593
1074,2.793278455318589,2.3190720011887245,0.4742064541298645
1075,2.815325772279642,2.3402647150067537,0.4750610572728884
1076,2.879091075304029,2.4527815473474686,0.4263095279565605
1077,2.8129812182418594,2.3495346435274547,0.46344657471440476
1078,2.8067208821634093,2.3354335706729237,0.47128731149048564
1079,2.7697665373120453,2.313319730044768,0.45644680726727715
1080,2.881841557264112,2.4237938571624786,0.4580477001016332
1081,2.8663227259122412,2.4004084585183527,0.4659142673938885
1082,2.9159398008819424,2.470019904361484,0.44591989652045827
1083,2.7878424349779096,2.3338543556200455,0.4539880793578641
1084,2.8837455749823526,2.4260697234786166,0.457675851503736
1085,2.833570214107821,2.3602436263910187,0.47332658771680247
1086,2.8354280825273395,2.3708113258952173,0.4646167566321222
1087,2.885091299163674,2.453690217616271,0.43140108154740275
1088,2.7545320726847713,2.2807562431609143,0.473775829523857
1089,2.7558266100645383,2.2862308760571484,0.46959573400738996
1090,2.8521965940724154,2.3879110504912098,0.46428554358120566
1091,2.7223757993350333,2.2685166825137206,0.45385911682131264
1092,2.8258312317629577,2.3789745659383947,0.44685666582456296
1093,2.833502882821526,2.3715918340269706,0.46191104879455525
1094,2.7747811626310614,2.32008275813178,0.45469840449928123
1095,2.7630536987872607,2.315126009352913,0.4479276894343478
1096,2.8221945686803953,2.3579664214224336,0.4642281472579617
1097,2.906126203204908,2.446087590278576,0.46003861292633186
1098,2.837627984172915,2.3668875385766213,0.4707404455962938
1099,2.870408010166057,2.423458794234234,0.44694921593182313
1100,2.7350141362035663,2.267716663037386,0.4672974731661803
1101,2.7761871223715526,2.3118034416952407,0.46438368067631197
1102,2.8170915283846765,2.4133870547530667,0.4037044736316098
1103,2.8123905053942644,2.342706562428519,0.46968394296574534
1104,2.7158180340110687,2.2505740908328504,0.46524394317821827
1105,2.7468637683096144,2.2721816508538866,0.47468211745572786
1106,2.788743342086934,2.3058582811897277,0.4828850608972064
1107,2.7594266556374376,2.298223302646253,0.46120335299118453
1108,2.7306333607929396,2.254543468758404,0.47608989203453556
1109,2.731597098093866,2.2559456085719796,0.47565148952188663
1110,2.8326374386441935,2.3904922841783973,0.44214515446579616
1111,2.8144964195109394,2.3470831371286995,0.4674132823822399
1112,2.790819707056954,2.321846747352672,0.46897295970428177
1113,2.837729963783804,2.3711387630763774,0.46659120070742643
1114,2.80051508376259,2.3361014461969094,0.46441363756568066
1115,2.866479673836824,2.42480730774467,0.441672366092154
1116,2.7805226761972013,2.304695053191413,0.47582762300578807
1117,2.717464161520021,2.265611342189968,0.45185281933005284
1118,2.885402769775571,2.454262412720629,0.4311403570549417
1119,2.7333563471320907,2.2513658295283006,0.4819905176037902
1120,2.7995427728549127,2.327061985465467,0.47248078738944566
1121,2.8666886883846634,2.4052469923862545,0.4614416959984089
1122,2.7953888042814676,2.322533927158854,0.47285487712261354
1123,2.753803514775127,2.2941134410739394,0.45969007370118753
1124,2.7764568585303766,2.3208923718664822,0.4555644866638944
1125,2.9236195173268364,2.4671652301652127,0.45645428716162373
1126,2.8051208377760983,2.323129474063842,0.48199136371225615
1127,2.794536254740821,2.3259664025338913,0.4685698522069295
1128,2.8337673387186473,2.3769694844901643,0.45679785422848296
1129,2.80132336991045,2.3379854708946466,0.46333789901580325
1130,2.7356026327165446,2.270950270186451,0.46465236253009357
1131,2.908220238815292,2.479379294009442,0.4288409448058501
1132,2.922186321954912,2.446217856890105,0.47596846506480706
1133,2.798566334596999,2.327468886590362,0.471097448006637
1134,2.789162163836154,2.319481893306184,0.4696802705299703
1135,2.808298641641714,2.322309954617532,0.4859886870241823
1136,2.901826550073882,2.4670011793022693,0.43482537077161254
1137,2.775204902195979,2.314800505153557,0.46040439704242164
1138,2.831449153185873,2.3667766938537125,0.4646724593321605
1139,2.8806058797544045,2.44815196785811,0.4324539118962947
1140,2.7676364762163974,2.297307774872327,0.47032870134407023
1141,2.782516746351931,2.3342466698011264,0.44827007655080475
1142,2.8159820354675436,2.3554756426421677,0.46050639282537587
1143,2.7679092708191337,2.2978843395594417,0.470024931259692
1144,2.756956267125008,2.309380944310087,0.4475753228149211
1145,2.8255069714247836,2.3599378923965793,0.4655690790282043
1146,2.7780724203232046,2.319743503637752,0.4583289166854527
1147,2.8321349066450834,2.359830168626713,0.47230473801837025
1148,2.807554679915231,2.3284074822892125,0.47914719762601843
1149,2.731224723640882,2.262528627634413,0.468696096006469
1150,2.8243740723903366,2.3508427842631026,0.473531288127234
1151,2.762332730879514,2.3183746330896486,0.4439580977898654
1152,2.8724241410387603,2.4142173251140067,0.45820681592475365
1153,2.8435238935914784,2.3594905172257885,0.4840333763656899
1154,2.819472725518943,2.3496810567484947,0.4697916687704482
1155,2.78046499642863,2.310189928340807,0.47027506808782293
1156,2.834914165604684,2.3658646538184303,0.46904951178625387
1157,2.7694894757966786,2.287938759319084,0.4815507164775945
1158,2.9020918092689776,2.4634453781089274,0.4386464311600502
1159,2.7638472192793637,2.3086180063381825,0.45522921294118124
1160,2.866965091623257,2.407548973966274,0.45941611765698287
1161,2.8315890537519794,2.3910370400781673,0.44055201367381214
1162,2.82943133889464,2.3560495653295317,0.47338177356510824
1163,2.789646563107341,2.309480111132293,0.48016645197504815
1164,2.83921522744654,2.3884192306769574,0.4507959967695827
1165,2.8301944957830973,2.3653525516634253,0.46484194411967206
1166,2.774272233259722,2.3001744174751906,0.4740978157845315
1167,2.798543826412312,2.3328746431471328,0.46566918326517914
1168,2.7657494373282527,2.3058253218667293,0.45992411546152345
1169,2.742432384880782,2.2649309826330817,0.4775014022477002
1170,2.773417425140311,2.32115983801773,0.45225758712258113
1171,2.6964272153382574,2.2400721477494825,0.45635506758877487
1172,2.870258333668611,2.395173192602729,0.47508514106588207
1173,2.9062831482854556,2.4275574170238223,0.4787257312616333
1174,2.9690191975209665,2.5128355351298524,0.4561836623911142
1175,2.674443961060758,2.2208444599043884,0.4535995011563698
1176,2.816636835589483,2.3439198867712325,0.4727169488182503
1177,2.9144694458277676,2.4292070056278994,0.4852624401998682
1178,2.774396222763786,2.3015125333863398,0.4728836893774462
1179,2.820481630666888,2.352897406454615,0.4675842242122732
1180,2.7745395871783565,2.3038746210087115,0.4706649661696449
1181,2.8253911871425403,2.3605904624322314,0.464800724710309
1182,2.7938987188346154,2.3351862508169776,0.45871246801763776
1183,2.8463802709226718,2.351471106626997,0.49490916429567466
1184,2.8901165398132096,2.4187387296548426,0.471377810158367
1185,2.7878299231412136,2.3095205416798086,0.478309381461405
1186,2.8673354782189335,2.4160747691005997,0.4512607091183338
1187,2.785635940922258,2.3093189128706144,0.47631702805164355
1188,2.8437293505238483,2.3890981952155808,0.4546311553082676
1189,2.74381581367396,2.283820250859026,0.4599955628149339
1190,2.906743563715907,2.4597533138222025,0.4469902498937044
1191,2.8087656807732406,2.328012793242231,0.4807528875310094
1192,2.8328779533469133,2.37497763354629,0.4579003198006233
1193,2.823805762281312,2.3394550105255325,0.48435075175577946
1194,2.8294406909998067,2.364681909925421,0.46475878107438584
1195,2.729814461905242,2.280854655883743,0.44895980602149876
1196,2.7480357618469187,2.3067031005764824,0.44133266127043624
1197,2.76984202582026,2.3094720710006307,0.46036995481962917
1198,2.839134395534615,2.3683612451576197,0.4707731503769952
1199,2.7071186150789965,2.243876209646166,0.4632424054328306
1200,2.866154438826979,2.4035949529779557,0.4625594858490234
1201,2.9141824609612277,2.459528180482521,0.4546542804787066
1202,2.805224256289636,2.3290757701789655,0.4761484861106706
1203,2.823942515659699,2.358814041574665,0.4651284740850343
1204,2.808190024304881,2.3336011796191123,0.4745888446857687
1205,2.7552871117121063,2.272638224779204,0.4826488869329024
1206,2.7431845727504722,2.280359290883162,0.4628252818673104
1207,2.8149713149806184,2.3482580775214426,0.4667132374591758
1208,2.8508214876327487,2.3850398878777996,0.46578159975494904
1209,2.734596451940875,2.2631272287470057,0.4714692231938695
1210,2.7284862112328487,2.2551743609217545,0.47331185031109424
1211,2.749558698578246,2.2826857789693293,0.4668729196089165
1212,2.9367143160271247,2.483252600726118,0.45346171530100676
1213,2.759916676409379,2.281782262763683,0.4781344136456962
1214,2.8499517087406714,2.384349879501483,0.46560182923918836
1215,2.8156427875454524,2.3472745616453383,0.46836822590011407
1216,2.722177746957761,2.255853493670596,0.46632425328716476
1217,2.8689625215402064,2.4060796434074296,0.46288287813277673
1218,2.871553455289522,2.39929810381738,0.47225535147214215
1219,2.8423332121860407,2.3737814495867555,0.4685517625992852
1220,2.7738544123171156,2.3016695382776367,0.47218487403947895
1221,2.8233777927580976,2.3697859073019076,0.45359188545619
1222,2.7617435694773973,2.2837468845635676,0.47799668491382974
1223,2.723271772845409,2.28016643508775,0.4431053377576588
1224,2.682403059703309,2.2140836298223308,0.4683194298809781
1225,2.807358011378367,2.3293247258420133,0.4780332855363536
1226,2.83950395244865,2.3584679679503866,0.48103598449826324
1227,2.8934272054911396,2.4328329418764643,0.46059426361467537
1228,2.775973531306369,2.3119018051293017,0.4640717261770675
1229,2.92071477236483,2.451596374647749,0.46911839771708097
1230,2.7424364841221873,2.2695739847002936,0.47286249942189373
1231,2.6093326017288128,2.152030258421186,0.45730234330762665
1232,2.6896457888844205,2.24083565092009,0.44881013796433056
1233,2.7954564918291718,2.3158034196344826,0.4796530721946892
1234,2.9190633199422575,2.469062810498725,0.4500005094435324
1235,2.8689766072540834,2.407615353843984,0.46136125341009926
1236,2.7493601459223496,2.2870319524486593,0.46232819347369025
1237,2.8928340868894318,2.4584078225699977,0.4344262643194341
1238,2.9196839393357537,2.459151864728309,0.46053207460744483
1239,2.684760413482872,2.222309727547237,0.462450685935635
1240,2.8177894713384584,2.3248030890461036,0.4929863822923548
1241,2.8792805144649627,2.4399459990744314,0.43933451539053126
1242,2.8675995391335016,2.4021665447483396,0.46543299438516206
1243,2.7760912517765552,2.296675120456426,0.47941613132012906
1244,2.691461214511933,2.242599344016175,0.4488618704957581
1245,2.704771143759514,2.2435807941840444,0.46119034957546967
1246,2.755729396223669,2.282367081126273,0.473362315097396
1247,2.7768111695675937,2.322437929863299,0.45437323970429455
1248,2.809973402516214,2.3416859057679473,0.46828749674826664
1249,2.7798883234603498,2.3572982993751763,0.42259002408517343
1250,2.762002727545014,2.2722466205445375,0.48975610700047634
1251,2.760411240149255,2.301801793658486,0.4586094464907693
1252,2.823046237987815,2.3638341996298156,0.4592120383579994
1253,2.858935943128378,2.389396790643505,0.4695391524848729
1254,2.7884442441983697,2.3231229325205955,0.46532131167777413
1255,2.7973392539648088,2.334212654740997,0.46312659922381183
1256,2.795657016373034,2.371351800407071,0.4243052159659628
1257,2.7955825206544302,2.3676956359793455,0.42788688467508473
1258,2.8219947698408356,2.366448224588584,0.4555465452522518
1259,2.7603435663270903,2.3063809950467395,0.4539625712803508
1260,2.8193413837470387,2.3418242332016805,0.47751715054535815
1261,2.7931547328739486,2.3274034240605697,0.4657513088133789
1262,2.827342532115897,2.3994090683064124,0.4279334638094845
1263,2.661835340578246,2.2039271895392583,0.45790815103898774
1264,2.839802643045786,2.3790604862369564,0.4607421568088297
1265,2.7860555703168997,2.332921047514739,0.4531345228021606
1266,2.720226045813849,2.2410838560073434,0.4791421898065056
1267,2.7710255200067,2.3044894955730513,0.46653602443364894
1268,2.7216749753835603,2.246917246949386,0.4747577284341742
1269,2.7733056767718707,2.3223994136009725,0.4509062631708982
1270,2.713403695486105,2.2470680825455798,0.4663356129405254
1271,2.779834476376369,2.337241248998551,0.44259322737781837
1272,2.9010762735109914,2.452117512665559,0.4489587608454322
1273,2.6540477505409097,2.1847216693210885,0.4693260812198212
1274,2.8698074304904067,2.420600987251757,0.44920644323864956
1275,2.742651559057777,2.2986907787753714,0.4439607802824055
1276,2.7950688316842,2.3234486854782657,0.4716201462059342
1277,2.791460686449792,2.341845811533413,0.44961487491637886
1278,2.8750065156005427,2.4075651072727333,0.46744140832780934
1279,2.705296541159884,2.230307575635197,0.47498896552468706
1280,2.8343715144906296,2.380485716344032,0.4538857981465978
1281,2.775460889431416,2.320195654571021,0.45526523486039494
1282,2.824208061313782,2.379278114482038,0.44492994683174425
1283,2.840588856087331,2.3715176450481743,0.46907121103915683
1284,2.8109622705011765,2.387088303443311,0.42387396705786573
1285,2.7121211902094564,2.2429376431685704,0.46918354704088605
1286,2.6593513984304016,2.1972850856740638,0.4620663127563378
1287,2.867248605081913,2.3902012112396944,0.4770473938422186
1288,2.7705950661449528,2.288210498467472,0.4823845676774807
1289,2.7778530658464087,2.306943971153284,0.4709090946931247
1290,2.7476251201786113,2.269909562809879,0.4777155573687324
1291,2.768877249597159,2.328168979564541,0.44070827003261837
1292,2.773185708510128,2.3185221992325427,0.4546635092775855
1293,2.8301625204295404,2.3478370671188773,0.4823254533106631
1294,2.761000759808568,2.293812595964065,0.467188163844503
1295,2.842112638459691,2.377363404256145,0.4647492342035462
1296,2.6924370079513027,2.2220896268664045,0.47034738108489815
1297,2.7463882456054654,2.2686548598566807,0.47773338574878466
1298,2.797945708861699,2.3250794069693437,0.47286630189235535
1299,2.843127554849417,2.389862376816996,0.45326517803242083
1300,2.841292648043961,2.381911054035955,0.45938159400800593
1301,2.8980083871725695,2.445164132794022,0.45284425437854736
1302,2.789219458786198,2.303854135989659,0.4853653227965391
1303,2.763109230524335,2.2955804253011043,0.4675288052232309
1304,2.763089464636475,2.2820948794670857,0.4809945851693893
1305,2.791700038364452,2.3217804720866475,0.4699195662778046
1306,2.7729518321717044,2.299509553264347,0.47344227890735757
1307,2.8277244601254528,2.363222121661866,0.4645023384635869
1308,2.7741703543670924,2.3165464720007045,0.45762388236638785
1309,2.8718179193543456,2.426439217747948,0.4453787016063977
1310,2.869666877354186,2.410569318405935,0.45909755894825066
1311,2.657816285290913,2.188373972704179,0.4694423125867342
1312,2.8482981748312306,2.382892142463961,0.4654060323672695
1313,2.754058970620919,2.2941377525442563,0.45992121807666253
1314,2.796042940777998,2.318855835628519,0.47718710514947915
1315,2.833031721865928,2.38775629642529,0.4452754254406379
1316,2.777485294703229,2.3083237963831835,0.4691614983200454
1317,2.771563746110244,2.322192282888577,0.449371463221667
1318,2.847625743266605,2.3826533049588083,0.46497243830779666
1319,2.769509131639736,2.288220122384855,0.48128900925488116
1320,2.81004897026756,2.340357129055432,0.46969184121212804
1321,2.837139079458299,2.371209948054974,0.46592913140332515
1322,2.8452708654925063,2.3819960416196286,0.46327482387287766
1323,2.834806492897563,2.3559054411895812,0.4789010517079819
1324,2.7720217228267816,2.3099466784853457,0.46207504434143587
1325,2.806856199474275,2.34188842500922,0.46496777446505533
1326,2.844863333201321,2.370097882109723,0.47476545109159796
1327,2.7998047531009744,2.3584531208805215,0.4413516322204529
1328,2.806420870466721,2.3583471770251507,0.44807369344157033
1329,2.843902712082131,2.374808141408538,0.46909457067359295
1330,2.870736829922966,2.4018930397509637,0.4688437901720022
1331,2.839676012964851,2.3796977561287127,0.45997825683613813
1332,2.943656976658256,2.5386661241332216,0.4049908525250343
1333,2.774622257244578,2.313080658140198,0.46154159910437986
1334,2.7979560783555635,2.31901036008013,0.4789457182754333
1335,2.851423557399929,2.378469643314766,0.4729539140851631
1336,2.8278209777919336,2.35569965275462,0.4721213250373135
1337,2.9031394445095295,2.459423212266847,0.44371623224268264
1338,2.8306930418709952,2.3643479208627793,0.4663451210082159
1339,2.7599486072440325,2.2771151335846693,0.48283347365936313
1340,2.7257135970453086,2.2656158781450926,0.460097718900216
1341,2.812810344344415,2.3534931684612426,0.45931717588317245
1342,2.8435126494330696,2.38727620944105,0.4562364399920198
1343,2.77169299014391,2.3023222710658895,0.4693707190780203
1344,2.7860964684335725,2.3239305071465837,0.46216596128698884
1345,2.766311776516257,2.3059847567007514,0.4603270198155056
1346,2.7462843240136943,2.268133675942373,0.47815064807132135
1347,2.872315975635551,2.4093729207018972,0.46294305493365373
1348,2.8205550064769613,2.3456709738742543,0.47488403260270706
1349,2.8889805132663726,2.4115118903462798,0.47746862292009284
1350,2.784403729556672,2.329649060965098,0.454754668591574
1351,2.793791166326117,2.3157656916747293,0.47802547465138767
1352,2.775063122396523,2.327941114623016,0.44712200777350697
1353,2.810704128783762,2.3637310263749955,0.44697310240876664
1354,2.7901442981725535,2.3299192017479102,0.46022509642464327
1355,2.6807590430109447,2.212282374690159,0.4684766683207857
1356,2.8239513950080433,2.3534511449923112,0.47050025001573204
1357,2.8934651088403682,2.4405048058147236,0.4529603030256446
1358,2.841195020556638,2.4118449985581183,0.4293500219985198
1359,2.8591644248834687,2.387428075565887,0.47173634931758146
1360,2.852456258136372,2.405937819810913,0.4465184383254588
1361,2.841721494368512,2.3809547660203974,0.4607667283481147
1362,2.820816237698198,2.3516171048261008,0.469199132872097
1363,2.8452007600433515,2.378572927194942,0.4666278328484097
1364,2.770237056742397,2.2981758063705775,0.47206125037181934
1365,2.8072716930857013,2.3382284610422897,0.4690432320434117
1366,2.7296420554843808,2.2743921944516265,0.4552498610327542
1367,2.7396912397990554,2.2898711080191134,0.44982013177994196
1368,2.8343699832476053,2.385205564002305,0.4491644192453004
1369,2.692344080146641,2.236412314093657,0.45593176605298424
1370,2.8910258497284196,2.4522495068981955,0.43877634283022404
1371,2.8166060639257653,2.3731084751970144,0.4434975887287509
1372,2.8158137942622132,2.3495690116002064,0.46624478266200686
1373,2.8768167810354157,2.4123970007435056,0.4644197802919101
1374,2.7337653325115134,2.2615893540577825,0.47217597845373094
1375,2.871890788880979,2.4130452345378104,0.4588455543431684
1376,2.8068465871586166,2.357430401618019,0.44941618554059737
1377,2.7658494083597,2.3052737049571457,0.4605757034025544
1378,2.799277936648831,2.3270878285260768,0.4721901081227542
1379,2.7823490617770217,2.3155358164612205,0.46681324531580115
1380,2.8664769560242407,2.415213335212222,0.45126362081201865
1381,2.6874173211049373,2.213955587310895,0.4734617337940423
1382,2.783300771129876,2.312906405024943,0.47039436610493324
1383,2.8511836786837828,2.3983221792137424,0.4528614994700404
1384,2.8315930358435755,2.369356185777169,0.46223685006640647
1385,2.9123843492909,2.4364114250565474,0.47597292423435267
1386,2.7734374660162295,2.3020310992458213,0.47140636677040826
1387,2.9438468361294965,2.4794704968657837,0.4643763392637128
1388,2.7885775433218156,2.3211068683705003,0.46747067495131533
1389,2.8012874052802954,2.3339881230716593,0.46729928220863615
1390,2.7212970524919444,2.2548374281585497,0.4664596243333947
1391,2.7015568676467656,2.227384028792978,0.4741728388537876
1392,2.8552931054551274,2.4210856386095485,0.43420746684557887
1393,2.846930191333409,2.3765564011184703,0.47037379021493875
1394,2.9285265010222696,2.4672571215477204,0.46126937947454927
1395,2.8733392213427655,2.4219059557513916,0.451433265591374
1396,2.8313852872460483,2.3754963787923535,0.4558889084536948
1397,2.691239623847529,2.2515321042795535,0.4397075195679756
1398,2.8491485265703735,2.3853067095459113,0.46384181702446226
1399,2.7264395337467184,2.2480468882711637,0.4783926454755547
1400,2.7024281252901434,2.2355804471974157,0.46684767809272776
1401,2.7837088325978563,2.332782360341632,0.4509264722562243
1402,2.791008891717943,2.3113109625021315,0.47969792921581167
1403,2.8798399962912518,2.432970452787518,0.446869543503734
1404,2.7697095628249855,2.2986962838210596,0.47101327900392587
1405,2.72536557904057,2.2605557477466642,0.46480983129390596
1406,2.642018659177149,2.170044058158153,0.47197460101899624
1407,2.73039043173222,2.264724331207743,0.4656661005244769
1408,2.7725707555954355,2.2995796627057454,0.4729910928896901
1409,2.947039283324304,2.4794060898066346,0.46763319351766963
1410,2.8537024781295415,2.3944828879441316,0.4592195901854099
1411,2.808768099391227,2.348976323357988,0.45979177603323906
1412,2.8540731875418843,2.4009145128517413,0.45315867469014304
1413,2.8512650017445607,2.3940374817761447,0.45722751996841593
1414,2.7308243347687062,2.274801610062654,0.45602272470605243
1415,2.83136057430329,2.396079807946413,0.43528076635687674
1416,2.885094752155529,2.4387796349710955,0.4463151171844335
1417,2.7064620013010043,2.234708295216315,0.4717537060846895
1418,2.791809323544044,2.343486332353947,0.4483229911900972
1419,2.857114199861389,2.38666135394836,0.4704528459130288
1420,2.792338005376062,2.3164588976572635,0.47587910771879827
1421,2.7996596380704926,2.333478980292206,0.46618065777828654
1422,2.8719954543597517,2.417779821767203,0.4542156325925486
1423,2.833642128216703,2.3513559986661416,0.48228612955056116
1424,2.843789881798369,2.379117400124245,0.4646724816741239
1425,2.797606993049229,2.345251066574264,0.45235592647496503
1426,2.7184799401842814,2.2467608408534954,0.47171909933078604
1427,2.876285909002245,2.434952963444372,0.44133294555787295
1428,2.754836779147648,2.284172417846221,0.47066436130142675
1429,2.89188601787822,2.4534706840411524,0.43841533383706777
1430,2.7532788491451874,2.2786034008713383,0.4746754482738491
1431,2.757361502319848,2.2821773026933636,0.4751841996264843
1432,2.8802497121128976,2.4191928024784035,0.4610569096344941
1433,2.850563828732721,2.3852786724135417,0.4652851563191791
1434,2.7938397403889517,2.3452005416998234,0.44863919868912827
1435,2.730897492808459,2.2666976324144383,0.4641998603940207
1436,2.848378435581504,2.3824090769364212,0.4659693586450828
1437,2.8323098130817703,2.3675442974327323,0.464765515649038
1438,2.9037876508176326,2.45653586228948,0.4472517885281526
1439,2.8206843067613065,2.3447237841964492,0.4759605225648573
1440,2.7790964881456746,2.31782888345988,0.46126760468579464
1441,2.8709706294887067,2.4206195553568195,0.45035107413188724
1442,2.8219176701695012,2.3612153877785564,0.4607022823909448
1443,2.8930470707348683,2.433962760824531,0.4590843099103372
1444,2.805627509337665,2.341030773350529,0.4645967359871359
1445,2.7686028746369686,2.2947867748342303,0.4738160998027383
1446,2.7399689979491866,2.271010042823847,0.46895895512533947
1447,2.857299852259954,2.3801907496019368,0.4771091026580172
1448,2.8035595036993612,2.3320058589845716,0.47155364471478967
1449,2.896437710825982,2.4586208571272143,0.43781685369876744
1450,2.8465097060421147,2.377694725107591,0.4688149809345239
1451,2.7615116198897587,2.2942699177226453,0.46724170216711336
1452,2.7421765905805793,2.2743266903654695,0.46784990021510975
1453,2.75900474241165,2.298736642122976,0.46026810028867393
1454,2.807081148852825,2.35917306500075,0.44790808385207503
1455,2.846971479176968,2.381289030998958,0.46568244817800997
1456,2.768137997626165,2.285617355378401,0.4825206422477639
1457,2.8240733127429607,2.352521530655942,0.47155178208701853
1458,2.893473560336386,2.471586172270798,0.421887388065588
1459,2.7857040163365867,2.3269264669176595,0.45877754941892723
1460,2.7895454939666346,2.3306617472104127,0.4588837467562219
1461,2.8816104976200827,2.400072711596966,0.4815377860231167
1462,2.7076167226561387,2.2534236566913837,0.45419306596475506
1463,2.9526734663851344,2.4558954719867474,0.496777994398387
1464,2.691839041519675,2.225210357504189,0.4666286840154861
1465,2.8788165018012353,2.4203249132692672,0.45849158853196803
1466,2.8163428438006717,2.336440548400721,0.4799022953999508
1467,2.855411763366431,2.382875929043732,0.4725358343226991
1468,2.766089790129519,2.293083801461766,0.4730059886677531
1469,2.805098624949166,2.3351847319013816,0.4699138930477842
1470,2.7417801162596116,2.305425976765689,0.43635413949392277
1471,2.8428014338785257,2.385397691564031,0.45740374231449454
1472,2.7472948349329234,2.2895137676877124,0.45778106724521095
1473,2.7897404783099096,2.326049309750063,0.4636911685598464
1474,2.8288360734006375,2.366095626492133,0.4627404469085046
1475,2.9124336007555334,2.4331160708769834,0.4793175298785499
1476,2.7105965973475694,2.240766718695437,0.4698298786521322
1477,2.8939545126936363,2.4267294141096656,0.46722509858397077
1478,2.7992959443283887,2.3228130655977215,0.4764828787306672
1479,2.843728176240538,2.39501555698255,0.448712619257988
1480,2.917014941473096,2.4541097675619024,0.46290517391119357
1481,2.7342896264691086,2.268164379270307,0.4661252471988018
1482,2.826657309044995,2.3353974935901163,0.4912598154548786
1483,2.863073349874675,2.4012905294552733,0.46178282041940166
1484,2.8602112852253465,2.401496392154936,0.4587148930704106
1485,2.8138188991879702,2.3566688477179456,0.45715005147002463
1486,2.758437079579653,2.2981480147603053,0.4602890648193476
1487,2.762924808798411,2.3066704366274102,0.4562543721710006
1488,2.8346640078190344,2.3888231403228457,0.4458408674961887
1489,2.7339346048429958,2.265859194653146,0.4680754101898499
1490,2.8210766062782175,2.3576561499819313,0.46342045629628625
1491,2.868434816949565,2.391612214337481,0.4768226026120841
1492,2.7911142797667594,2.3126126687848694,0.47850161098189004
1493,2.723979259023238,2.249272368691109,0.47470689033212876
1494,2.735680867351337,2.2876074735093908,0.4480733938419461
1495,2.851770723525953,2.376975528725736,0.47479519480021715
1496,2.828994965025341,2.3634775548336,0.4655174101917412
1497,2.77175640623994,2.3003939110525233,0.47136249518741646
1498,2.6505580412016294,2.1763785325456744,0.47417950865595504
1499,2.895609994180886,2.4914593564863607,0.4041506376945252
1500,2.907513357045988,2.483218053838396,0.42429530320759223
1501,2.7475767382207867,2.337788735884598,0.40978800233618884
1502,2.8102468711307322,2.3488198048602413,0.4614270662704909
1503,2.843352757749073,2.371468795989298,0.471883961759775
1504,2.8086432806683232,2.326021923836374,0.4826213568319493
1505,2.8597110381139057,2.4183796149811054,0.44133142313280027
1506,2.679877945259393,2.2259072953106323,0.4539706499487606
1507,2.7444867538333133,2.2778242578141654,0.4666624960191479
1508,2.8566566760367333,2.3885547049501628,0.4681019710865706
1509,2.851085066576129,2.3811314663010714,0.4699536002750575
1510,2.8256910394157257,2.3550765221593264,0.47061451725639936
1511,2.864484446503378,2.3932982159308147,0.47118623057256315
1512,2.8805179054890244,2.455611993588465,0.4249059119005594
1513,2.8269814527252923,2.3857701267511575,0.4412113259741348
1514,2.912026978545216,2.440648060544348,0.47137891800086784
1515,2.8949436206025245,2.4758486447692074,0.4190949758333171
1516,2.7514566854230966,2.291344205451919,0.46011247997117755
1517,2.7687704085146065,2.30519942747309,0.4635709810415167
1518,2.797348119013163,2.318886554338656,0.47846156467450696
1519,2.765072646189904,2.291282977332112,0.47378966885779183
1520,2.805386955197734,2.333686774329927,0.4717001808678072
1521,2.8285849796142335,2.3585027484719028,0.4700822311423307
1522,2.88728503573521,2.4124476533145374,0.4748373824206724
1523,2.8025627315286035,2.331752027644869,0.4708107038837346
1524,2.7461117119095286,2.2691509524852203,0.4769607594243084
1525,2.746160717579864,2.256541858791393,0.4896188587884711
1526,2.800141731006125,2.3193973568950597,0.4807443741110653
1527,2.8191109146823736,2.362670014358225,0.45644090032414875
1528,2.822167129145998,2.359379294471054,0.46278783467494433
1529,2.7154703341798734,2.2340325804441292,0.48143775373574416
1530,2.7746724257750737,2.291115975004149,0.4835564507709247
1531,2.679386153632068,2.197562096557063,0.4818240570750052
1532,2.7719705052560197,2.303854700618992,0.46811580463702773
1533,2.8197189399474807,2.3595758014561024,0.46014313849137833
1534,2.817939634332444,2.3451581047630503,0.47278152956939357
1535,2.7804769277067565,2.2994915962360376,0.48098533147071887
1536,2.6792444446460144,2.251994178972398,0.42725026567361635
1537,2.877188372411644,2.4130407043674422,0.4641476680442018
1538,2.7811507757138685,2.326095237441513,0.45505553827235534
1539,2.8367522796797333,2.3665379244597053,0.47021435522002797
1540,2.8827267847486,2.445925594538674,0.4368011902099256
1541,2.8126956148315427,2.348576870879285,0.4641187439522576
1542,2.834496403865598,2.369178708539096,0.4653176953265019
1543,2.8265200033852924,2.3552660547338946,0.4712539486513978
1544,2.812004982630429,2.335705715004289,0.47629926762613994
1545,2.7507894880047066,2.275001134043548,0.4757883539611587
1546,2.836814798698658,2.3970093766987453,0.43980542199991257
1547,2.774218539362444,2.326677951062636,0.44754058829980803
1548,2.7039832252567995,2.239170385880752,0.46481283937604756
1549,2.7582479168913094,2.2930291324412173,0.4652187844500921
1550,2.7444303019778578,2.3005411431683034,0.4438891588095544
1551,2.851481461345126,2.3962979844403796,0.45518347690474625
1552,2.7906772264518813,2.322726416995493,0.46795080945638823
1553,2.801145123615482,2.3327400853192253,0.46840503829625657
1554,2.857145042616136,2.3960062936745516,0.46113874894158435
1555,2.884587181654999,2.413425281292189,0.47116190036281
1556,2.7922544157179447,2.350014000972122,0.44224041474582254
1557,2.820044047446276,2.353794473855876,0.4662495735904
1558,2.677538991888062,2.226213450888252,0.45132554099981004
1559,2.790766581217651,2.3291074711809503,0.4616591100367007
1560,2.9245625099747206,2.4616617008325656,0.4629008091421549
1561,2.822827331368556,2.3600772788150355,0.4627500525535204
1562,2.862517524957559,2.398626830742574,0.4638906942149852
1563,2.8557391045638005,2.3896778518397475,0.4660612527240531
1564,2.84857490969907,2.414542723926674,0.4340321857723959
1565,2.7618117025904465,2.294400935589871,0.4674107670005756
1566,2.8665215170792906,2.393701982519168,0.4728195345601227
1567,2.7015837654893495,2.220641498658671,0.48094226683067864
1568,2.7875124894544143,2.3286261100147776,0.4588863794396367
1569,2.884709567234357,2.4194847096408187,0.46522485759353804
1570,2.7221816091070643,2.256296610094449,0.46588499901261526
1571,2.8484312550047783,2.3673622676104378,0.48106898739434056
1572,2.8081729789088956,2.3438678207601678,0.46430515814872786
1573,2.8161137568607084,2.361823576980306,0.45429017988040243
1574,2.8302877842155114,2.375108791395196,0.4551789928203154
1575,2.8364542247096196,2.3803233288114964,0.45613089589812317
1576,2.8549482833556987,2.3922645251005585,0.4626837582551402
1577,2.813802721028707,2.3592470378979917,0.45455568313071515
1578,2.8021477257589402,2.3243693762097366,0.4777783495492036
1579,2.834305558514806,2.3622524285582602,0.4720531299565458
1580,2.751932941917587,2.2805502911936655,0.4713826507239216
1581,2.6368150612750187,2.182334564437949,0.4544804968370699
1582,2.8650517984395973,2.420264947102749,0.44478685133684825
1583,2.8596709584366,2.4019445710323652,0.45772638740423455
1584,2.7946417854024452,2.3191002979198174,0.4755414874826278
1585,2.8465026182896724,2.359103187327224,0.4873994309624483
1586,2.73182736104877,2.2608826243509053,0.47094473669786474
1587,2.8942779753901138,2.4232453891401193,0.47103258624999444
1588,2.7862516914656394,2.3147290978835517,0.4715225935820877
1589,2.8205970595253946,2.3662190620704937,0.45437799745490093
1590,2.909622766377102,2.4614495281256765,0.4481732382514254
1591,2.7158146191381336,2.2376455772117425,0.4781690419263911
1592,2.8263974766820663,2.3811569688596412,0.4452405078224251
1593,2.8458930531730164,2.3666120468884198,0.4792810062845967
1594,2.887207641663073,2.43873416005587,0.4484734816072029
1595,2.7609641273960235,2.2818956325608966,0.4790684948351269
1596,2.86856164750875,2.416869607797068,0.4516920397116819
1597,2.744495859231299,2.271989100809926,0.4725067584213729
1598,2.8250959771874182,2.3477542664851483,0.47734171070226994
1599,2.8654796579740323,2.406424214935956,0.4590554430380762
1600,2.8825680980800916,2.4051598169282746,0.477408281151817
1601,2.791881992431822,2.3346498276662833,0.45723216476553885
1602,2.8138461927931653,2.343128133430583,0.47071805936258215
1603,2.835053252235981,2.369611165712939,0.465442086523042
1604,2.8506008886365013,2.378159217168761,0.4724416714677404
1605,2.7447572419292148,2.2677162334115444,0.4770410085176704
1606,2.852457519673924,2.3818164340576318,0.47064108561629237
1607,2.869865663052693,2.432609879199297,0.4372557838533959
1608,2.6705775340070166,2.207067915870314,0.46350961813670244
1609,2.7478070281986637,2.2684729750342014,0.4793340531644623
1610,2.8807076446611624,2.4120192476757922,0.4686883969853701
1611,2.8400553645232076,2.398921127669545,0.4411342368536628
1612,2.8443804856324015,2.3572381632727,0.48714232235970156
1613,2.8139525848835234,2.3455874519351507,0.4683651329483727
1614,2.7739936017014357,2.3028969824621273,0.47109661923930846
1615,2.7504336606942057,2.3362700798852853,0.41416358080892035
1616,2.8829442886242678,2.4017292582563097,0.4812150303679581
1617,2.8416022774458956,2.394201510056999,0.44740076738889645
1618,2.821693423423995,2.3540797127103907,0.46761371071360447
1619,2.8886167661600863,2.4134857858172096,0.4751309803428767
1620,2.802597115462489,2.343407189631091,0.45918992583139806
1621,2.9101476869912677,2.4489721541464142,0.46117553284485346
1622,2.9092370200611786,2.462429267274514,0.44680775278666474
1623,2.7899781282776117,2.3217726419481726,0.46820548632943915
1624,2.8624703453583016,2.442348477665751,0.42012186769255067
1625,2.7665834495090973,2.285174733858253,0.4814087156508444
1626,2.8907920393657442,2.437009252586327,0.4537827867794171
1627,2.914328862162275,2.4693988504152053,0.4449300117470698
1628,2.862152057628662,2.3955731125424875,0.46657894508617437
1629,2.7865427927211295,2.31851175465152,0.46803103806960955
1630,2.7914338850306373,2.3138261314633555,0.4776077535672818
1631,2.9013117951099714,2.447829949909433,0.45348184520053847
1632,2.875722745327122,2.4274921040090263,0.44823064131809565
1633,2.832255398044528,2.3634050921366496,0.46885030590787835
1634,2.7406440451575604,2.283507515724328,0.4571365294332326
1635,2.9569690949823424,2.508513282487217,0.44845581249512545
1636,2.818388845265813,2.345573396706485,0.4728154485593281
1637,2.7562808902319014,2.280613703456578,0.47566718677532327
1638,2.7916627002445535,2.3229827831980714,0.46867991704648215
1639,2.883139913179336,2.4681840798794807,0.4149558332998553
1640,2.74691403700117,2.2767484672810077,0.4701655697201623
1641,2.883697201813724,2.442955107356952,0.4407420944567719
1642,2.741847438258779,2.2600629217314903,0.4817845165272887
1643,2.8865711278498085,2.4258224021588677,0.46074872569094083
1644,2.7194268416451233,2.2510907448596518,0.4683360967854715
1645,2.8163354448550924,2.338636309715717,0.47769913513937556
1646,2.846699675231317,2.405133097779685,0.4415665774516322
1647,2.9117187882799507,2.4818914404153336,0.42982734786461707
1648,2.7796088775069037,2.3229549320291247,0.45665394547777893
1649,2.687573400259542,2.2374592402775706,0.45011415998197135
1650,2.8575601577482383,2.4069311150845434,0.45062904266369497
1651,2.8178145653818936,2.3482566277095493,0.4695579376723442
1652,2.884554677053826,2.4228677574878663,0.46168691956595964
1653,2.7467920787858446,2.264711755563146,0.48208032322269867
1654,2.814950095264927,2.3710046234528757,0.44394547181205146
1655,2.8203578231778788,2.3638952629105097,0.4564625602673691
1656,2.9164531188558414,2.513015138232961,0.4034379806228805
1657,2.8705271893706663,2.3893974210867968,0.48112976828386955
1658,2.8097546805588367,2.3370039859859335,0.4727506945729032
1659,2.76826659896724,2.3168024381162464,0.4514641608509935
1660,2.8406210761082122,2.370371345988475,0.47024973011973703
1661,2.7937954376869363,2.329610219972181,0.4641852177147552
1662,2.8301187793477434,2.361592912817585,0.4685258665301584
1663,2.8400491265871164,2.3937666758214053,0.44628245076571105
1664,2.91234226868063,2.4581715563964903,0.45417071228413963
1665,2.856491012381134,2.4007615095853128,0.45572950279582125
1666,2.876294499010332,2.4233870327355405,0.4529074662747914
1667,2.801700934588173,2.3291339549245436,0.47256697966362937
1668,2.8085604964430275,2.3388117942771234,0.46974870216590414
1669,2.880334041146014,2.4249468644523304,0.45538717669368367
1670,2.821239451798788,2.3771933488190067,0.4440461029797813
1671,2.7618961503412063,2.281171400829228,0.4807247495119782
1672,2.8689825670478086,2.433849855610555,0.43513271143725385
1673,2.844098369111399,2.38777078829601,0.45632758081538904
1674,2.8935805094931255,2.4136905570922385,0.47988995240088705
1675,2.8071982714220978,2.3406695966241076,0.4665286747979902
1676,2.7789921330810734,2.3018986646535025,0.47709346842757094
1677,2.690081589178797,2.239575667964749,0.45050592121404787
1678,2.839938256886803,2.38625704976454,0.4536812071222629
1679,2.7813183079644177,2.31445701804118,0.4668612899232376
1680,2.8249052893661517,2.3494020613022895,0.47550322806386225
1681,2.8492425539103134,2.370577874881036,0.47866467902927745
1682,2.8644521839735484,2.405590309721763,0.4588618742517854
1683,2.7865411085730245,2.3152384203926317,0.4713026881803928
1684,2.8245389087814883,2.3550902543081595,0.46944865447332873
1685,2.813195990974588,2.3500954024149987,0.46310058855958935
1686,2.845119889242394,2.378344053697752,0.4667758355446421
1687,2.860331842420718,2.382570174516116,0.47776166790460195
1688,2.769170521502635,2.304512041585005,0.4646584799176301
1689,2.8813750088189938,2.4143446365262884,0.4670303722927054
1690,2.784441531946807,2.3038145691972733,0.48062696274953387
1691,2.817188238973386,2.362178669176741,0.4550095697966454
1692,2.8809691037654104,2.4338775903181675,0.44709151344724285
1693,2.788099753817245,2.325859262367528,0.4622404914497169
1694,2.84496109816581,2.3999302935134796,0.4450308046523306
1695,2.7276130193816313,2.2568437070981284,0.4707693122835028
1696,2.7874639712665448,2.328501486915358,0.4589624843511868
1697,2.765533418882557,2.301588706274407,0.46394471260814996
1698,2.7537391184000253,2.2873419495686567,0.4663971688313686
1699,2.766425572462666,2.3198075771205673,0.4466179953420988
1700,2.741629142104298,2.272122826874503,0.46950631522979513
1701,2.718259724960835,2.2407766281085717,0.4774830968522634
1702,2.9430686615216692,2.466927806305531,0.47614085521613836
1703,2.7947805341386465,2.3615143587529035,0.43326617538574297
1704,2.8170951343868063,2.342558652676682,0.4745364817101243
1705,2.8206736264416636,2.3536520535610412,0.4670215728806224
1706,2.7026161460402593,2.2433902805262798,0.4592258655139796
1707,2.8217977805630836,2.369406464816836,0.4523913157462478
1708,2.7172325436204092,2.2746525740052665,0.4425799696151427
1709,2.6914104769138714,2.2154256737774647,0.4759848031364067
1710,2.785665863873024,2.3217715524245284,0.4638943114484957
1711,2.836760810132855,2.38621443711516,0.45054637301769507
1712,2.7035458334512343,2.2332511312954972,0.4702947021557371
1713,2.7769818164079627,2.3113200501087294,0.4656617662992333
1714,2.7623326613269534,2.284910122308935,0.47742253901801845
1715,2.80215669909336,2.3568448750099784,0.44531182408338177
1716,2.8554440992272996,2.4053790118423723,0.45006508738492723
1717,2.859621835206045,2.393604939563654,0.4660168956423911
1718,2.839075233823836,2.3736545537743354,0.46542068004950066
1719,2.6414607383814763,2.2032096221418804,0.4382511162395959
1720,2.7638930920617386,2.3049916607874517,0.45890143127428695
1721,2.8303725282363215,2.3756160203447427,0.45475650789157873
1722,2.8227513007169756,2.3569993434173133,0.46575195729966223
1723,2.7772388359048263,2.3140437167967782,0.4631951191080481
1724,2.8252602026093925,2.372051282639515,0.45320891996987767
1725,2.8592470964820937,2.4038086194155923,0.4554384770665014
1726,2.7862472575979087,2.3334634871261772,0.45278377047173146
1727,2.8059431327131588,2.332413450461386,0.47352968225177294
1728,2.73792942386347,2.2914942618570446,0.4464351620064253
1729,2.824900886821748,2.3752436816234823,0.4496572051982657
1730,2.7587216989589467,2.290630676351677,0.46809102260726965
1731,2.6777576469959232,2.2253236317645504,0.45243401523137283
1732,2.930105667900943,2.5029528026447703,0.4271528652561729
1733,2.9040438761749523,2.4446441944514796,0.4593996817234727
1734,2.823895058294368,2.354579031320499,0.469316026973869
1735,2.9275476951213304,2.477645406820586,0.4499022883007444
1736,2.816104086277521,2.349954483129198,0.466149603148323
1737,2.8338094476135818,2.367383598269178,0.4664258493444038
1738,2.825672105231289,2.3569141727076492,0.46875793252363973
1739,2.765168410023708,2.293900302869365,0.471268107154343
1740,2.768285503339289,2.2953666978828426,0.4729188054564464
1741,2.8174494874428593,2.3475091769296554,0.46994031051320384
1742,2.8317989727297035,2.3742078881928514,0.45759108453685204
1743,2.7160361814538723,2.243141749587367,0.47289443186650537
1744,2.8260896794777497,2.3562947573659585,0.4697949221117912
1745,2.899572563217544,2.440180904870919,0.4593916583466253
1746,2.8365850601238853,2.3844575360197653,0.45212752410412005
1747,2.7306849019351414,2.2649342209053223,0.4657506810298191
1748,2.7240639085436653,2.27802412615173,0.4460397823919351
1749,2.711826761523377,2.226304731970742,0.485522029552635
1750,2.8083311098761614,2.351094994193018,0.4572361156831435
1751,2.821804429187655,2.398920973891299,0.42288345529635585
1752,2.819037782900737,2.3517562120713893,0.4672815708293476
1753,2.9636149526207145,2.5050390397042235,0.458575912916491
1754,2.8570490809140354,2.402120960433293,0.4549281204807425
1755,2.8594200967777645,2.409080946226175,0.45033915055158946
1756,2.8630347434041323,2.391862463179362,0.4711722802247702
1757,2.8030044949894988,2.3648809567005795,0.43812353828891926
1758,2.736209519482767,2.255869805559557,0.4803397139232102
1759,2.8532429372621295,2.4037297720154,0.4495131652467297
1760,2.941463990560697,2.48194199682169,0.45952199373900715
1761,2.8365607647170292,2.348827233599456,0.487733531117573
1762,2.8650320014438244,2.3969828483982503,0.46804915304557415
1763,2.8395840572269555,2.373897508929815,0.4656865482971404
1764,2.7032128108243034,2.240131850849966,0.4630809599743375
1765,2.7866576837491426,2.3285771665313884,0.4580805172177542
1766,2.931221166796938,2.477736907241599,0.453484259555339
1767,2.772853456041197,2.294736783515718,0.47811667252547885
1768,2.871116897117934,2.4042177331952743,0.4668991639226596
1769,2.8903020849386385,2.4687542711844177,0.4215478137542208
1770,2.757324212806541,2.2924122865178402,0.4649119262887007
1771,2.837984279410773,2.3718229709045366,0.46616130850623616
1772,2.7741253842231894,2.2967661939525494,0.47735919027064
1773,2.8036795274316084,2.344589204657622,0.4590903227739864
1774,2.7803218017948743,2.3116547681349746,0.4686670336598997
1775,2.7180700966488134,2.254467613822435,0.4636024828263783
1776,2.7787405583914127,2.324018892787781,0.4547216656036315
1777,2.8707572368381866,2.409541664263467,0.4612155725747198
1778,2.8974325211489487,2.476218108420245,0.42121441272870364
1779,2.855867457045766,2.385118600929908,0.47074885611585815
1780,2.826984193572799,2.3647262534040117,0.4622579401687874
1781,2.7041533009015146,2.2433735967376,0.4607797041639148
1782,2.8481703912784324,2.3853603548628555,0.46281003641557694
1783,2.7711716289380735,2.3441887483668804,0.42698288057119305
1784,2.718764253058012,2.2490195888598055,0.4697446641982066
1785,2.6587654153248494,2.2065333652013894,0.45223205012346
1786,2.8389023858212177,2.362050782426116,0.4768516033951018
1787,2.7641165479577183,2.3106837912768325,0.4534327566808858
1788,2.832652924026473,2.3708328128905207,0.46182011113595234
1789,2.8928037399744113,2.412557875358114,0.48024586461629726
1790,2.9062792175845487,2.4476331323026397,0.458646085281909
1791,2.723729606811594,2.253339362884272,0.470390243927322
1792,2.870143319202077,2.3975362405348615,0.4726070786672154
1793,2.80080018404739,2.3265527971337376,0.4742473869136523
1794,2.8898086975127524,2.443060933932371,0.4467477635803814
1795,2.8323068521829655,2.3702963745198153,0.4620104776631502
1796,2.8736301233219352,2.4078248713965236,0.46580525192541167
1797,2.8880533136868403,2.428516200275391,0.4595371134114492
1798,2.8256951578749114,2.362201924428942,0.4634932334459694
1799,2.7749577522864377,2.299767329046207,0.47519042324023086
1800,2.852752640174381,2.3992314013628477,0.45352123881153306
1801,2.6613864058469865,2.214656494171867,0.44672991167511933
1802,2.77903623802839,2.318877420062418,0.46015881796597213
1803,2.813291239229606,2.3595918749326232,0.45369936429698265
1804,2.8618688632731137,2.4021877921013086,0.4596810711718051
1805,2.8278602904813543,2.36115566473412,0.4667046257472345
1806,2.802400626417342,2.337532048282031,0.4648685781353108
1807,2.8870425441153866,2.414837442772381,0.47220510134300575
1808,2.6977284054511843,2.2377958369291333,0.459932568522051
1809,2.768445951556343,2.286997081723542,0.4814488698328008
1810,2.786350434954918,2.322677038743013,0.46367339621190506
1811,2.7497048056431748,2.2794680286578948,0.47023677698528
1812,2.792799138029492,2.3378418794601146,0.4549572585693773
1813,2.7917570155807896,2.31815835277707,0.47359866280371943
1814,2.8793198836954437,2.440240325738209,0.43907955795723463
1815,2.75238217633726,2.288576519487767,0.4638056568494928
1816,2.7378235342090953,2.2711672238789515,0.46665631033014376
1817,2.8926186266152896,2.4266386208810458,0.4659800057342438
1818,2.8235367568974143,2.34265967038152,0.48087708651589445
1819,2.7571133371901575,2.2845424982633658,0.47257083892679175
1820,2.7460538623364896,2.3001416462298656,0.445912216106624
1821,2.8332679219040573,2.368723522545315,0.46454439935874214
1822,2.865916846118655,2.4192410153132866,0.44667583080536843
1823,2.8319971522974208,2.3851790338355334,0.44681811846188735
1824,2.8462495782494175,2.403139646305989,0.4431099319434284
1825,2.7492043817246588,2.2789991480103713,0.47020523371428746
1826,2.7144911326937415,2.263459020424693,0.4510321122690484
1827,2.8377688136799057,2.371750694683694,0.4660181189962116
1828,2.834011201901163,2.376784523139346,0.45722667876181733
1829,2.8515318381452612,2.4197207867013657,0.43181105144389553
1830,2.907367426029203,2.466237520542881,0.441129905486322
1831,2.776853306925294,2.3111858578256417,0.4656674490996524
1832,2.793705922481317,2.337012124743975,0.4566937977373424
1833,2.7394515112467954,2.2781382569648665,0.46131325428192893
1834,2.743050567383,2.2857732293642434,0.4572773380187565
1835,2.798227207882077,2.3448540847409136,0.4533731231411635
1836,2.719364359853445,2.267834841621695,0.4515295182317498
1837,2.903960085017616,2.450529640123035,0.4534304448945812
1838,2.9034206573363655,2.4583462886403473,0.44507436869601813
1839,2.849269130171736,2.3956610762731723,0.45360805389856385
1840,2.8705349223525682,2.394029582802527,0.4765053395500414
1841,2.737959198251091,2.2882089313917695,0.4497502668593216
1842,2.792531916277009,2.3137270686599747,0.4788048476170341
1843,2.8138184444190544,2.34144279227243,0.47237565214662425
1844,2.8404409489217253,2.3822011112960064,0.45823983762571885
1845,2.7271265792091106,2.246261576239387,0.4808650029697237
1846,2.790455867949327,2.326690622711255,0.46376524523807205
1847,2.799989455216179,2.3398754182745654,0.4601140369416137
1848,2.8716027168440874,2.403229074490213,0.46837364235387424
1849,2.822244772356449,2.3543282951603994,0.46791647719604956
1850,2.848085066417131,2.3776320405114766,0.4704530259056545
1851,2.8531111285321646,2.3735708805481672,0.4795402479839974
1852,2.834960167855817,2.36871769687902,0.46624247097679694
1853,2.8503367427155744,2.391322253965236,0.45901448875033823
1854,2.849394629169236,2.3912106655678453,0.4581839636013907
1855,2.7249548750267847,2.287836003620816,0.4371188714059686
1856,2.7656117966512754,2.3072911538562835,0.45832064279499196
1857,2.767701718556,2.3213327269595974,0.4463689915964024
1858,2.869436841873289,2.3762934900210553,0.4931433518522339
1859,2.8121115966164374,2.340148174053719,0.4719634225627183
1860,2.824835182526153,2.3520710676485637,0.4727641148775894
1861,2.7182980121292197,2.2473386857098907,0.470959326419329
1862,2.9094016034701022,2.457634604764628,0.45176699870547443
1863,2.794262842228659,2.318354516072553,0.4759083261561061
1864,2.714065829390156,2.2447079971496637,0.4693578322404921
1865,2.7120174801538064,2.2527370009254875,0.45928047922831894
1866,2.6882493240382477,2.2176379769454098,0.4706113470928379
1867,2.8214905964855435,2.367308817497064,0.45418177898847967
1868,2.787002154839296,2.3193886767460126,0.46761347809328324
1869,2.9199542391000737,2.46696526027897,0.45298897882110367
1870,2.8594448700970982,2.3851024289196023,0.4743424411774959
1871,2.786065286279818,2.3012635465804734,0.4848017396993445
1872,2.8556697571830614,2.4138217217435045,0.44184803543955686
1873,2.7101589089641287,2.234363536105033,0.4757953728590958
1874,2.868064025190662,2.3975868688028545,0.4704771563878074
1875,2.817524970991858,2.3857361298307795,0.43178884116107863
1876,2.7757529746543597,2.3172311560104415,0.45852181864391817
1877,2.8504938128736232,2.379807075548937,0.47068673732468636
1878,2.8341472112418944,2.351980949637475,0.48216626160441933
1879,2.8524702107946776,2.373287859125735,0.47918235166894263
1880,2.825187955846302,2.3463925042077456,0.4787954516385562
1881,2.7746537756814114,2.3061554252650454,0.468498350416366
1882,2.842534904352257,2.4020231134219454,0.4405117909303118
1883,2.680574175445362,2.2421428864388893,0.43843128900647255
1884,2.8239256305825466,2.3702643306685447,0.45366129991400195
1885,2.851942751705051,2.361200532751023,0.4907422189540278
1886,2.818976358232936,2.365578275089453,0.45339808314348273
1887,2.8420606819060454,2.368827953034511,0.47323272887153456
1888,2.864186518432633,2.4041916151673948,0.4599949032652382
1889,2.844150435769344,2.372463664392506,0.471686771376838
1890,2.857391552476664,2.4114854583849428,0.44590609409172144
1891,2.7850397283364234,2.339115453010115,0.44592427532630863
1892,2.70638616560497,2.239929158267784,0.4664570073371861
1893,2.771441818941717,2.3273110997001565,0.44413071924156045
1894,2.7602641047319563,2.284068126456838,0.4761959782751184
1895,2.719608163246546,2.2645229964976563,0.45508516674888977
1896,2.903649794618754,2.4406133947186985,0.4630363999000555
1897,2.8066564969430075,2.3509932765134827,0.4556632204295248
1898,2.820122869225209,2.3539107254364433,0.46621214378876585
1899,2.780061962075279,2.321800994571067,0.45826096750421197
1900,2.930992110291526,2.4911638307391204,0.43982827955240555
1901,2.795926306459121,2.362445574195709,0.433480732263412
1902,2.7644510999798952,2.3069419311368504,0.4575091688430448
1903,2.7282694474234797,2.264549629826133,0.4637198175973465
1904,2.8716058129670663,2.4124629644721796,0.45914284849488674
1905,2.809105089739289,2.330870974647141,0.47823411509214786
1906,2.8403930934565316,2.3752978714685513,0.46509522198798026
1907,2.8255625894541345,2.3753627024430126,0.4501998870111219
1908,2.7348300710011273,2.260350404654706,0.47447966634642125
1909,2.765685780410982,2.300345896084955,0.4653398843260268
1910,2.8243560220413486,2.3721163878400398,0.45223963420130886
1911,2.814622455817099,2.3671867374723132,0.4474357183447859
1912,2.850791677989275,2.391688646678465,0.4591030313108102
1913,2.720734756750386,2.2867408583015734,0.43399389844881275
1914,2.800773922698242,2.341013479387835,0.4597604433104072
1915,2.762681909023557,2.2891043260303365,0.4735775829932205
1916,2.717206459711135,2.243879272456821,0.4733271872543141
1917,2.7865686874666253,2.323583259233473,0.46298542823315225
1918,2.751512496950287,2.2716943161837384,0.4798181807665487
1919,2.7813715469201528,2.3468342361549626,0.4345373107651902
1920,2.758770999169798,2.3035764388869175,0.45519456028288063
1921,2.8066796257537274,2.336446780110165,0.4702328456435625
1922,2.815145003981531,2.3525526096712395,0.4625923943102914
1923,2.7753322025587015,2.305788288833041,0.4695439137256603
1924,2.742033780237721,2.26327462695992,0.47875915327780083
1925,2.7299883474169064,2.268059885947402,0.4619284614695043
1926,2.849779871725192,2.393090402615142,0.4566894691100498
1927,2.751642337963608,2.278069178181042,0.4735731597825663
1928,2.884728610373582,2.4208445693488705,0.46388404102471137
1929,2.806297411103754,2.343403623270182,0.46289378783357193
1930,2.9246688667436174,2.4735553476106653,0.45111351913295206
1931,2.8430781277655623,2.386746878128613,0.4563312496369494
1932,2.7989286560062037,2.332941807219807,0.46598684878639673
1933,2.841375000792194,2.3918908777545544,0.4494841230376396
1934,2.7981850166801703,2.3319100249574913,0.46627499172267894
1935,2.8791814637447697,2.4482409944647694,0.4309404692800003
1936,2.7767847230539426,2.3189385299920553,0.45784619306188734
1937,2.7329683538431664,2.2738024086368047,0.45916594520636167
1938,2.708852658387219,2.2437374952181544,0.4651151631690644
1939,2.9239096242018388,2.461299513654867,0.46261011054697176
1940,2.8234349347632057,2.360041196900178,0.4633937378630275
1941,2.7558606478322383,2.291834666478454,0.46402598135378437
1942,2.6834153830413747,2.221445976304391,0.46196940673698395
1943,2.804595661198711,2.326743058682347,0.47785260251636386
1944,2.8759820041031094,2.418217891665699,0.45776411243741055
1945,2.9351148546237655,2.4911528183001397,0.44396203632362585
1946,2.8235237343936244,2.3543989229875932,0.46912481140603113
1947,2.833885107721947,2.3810090795681362,0.4528760281538107
1948,2.775632868389064,2.321032563035203,0.454600305353861
1949,2.8830110280469556,2.4165673959913145,0.4664436320556411
1950,2.7966579667407845,2.3116321715546566,0.4850257951861279
1951,2.6929046297380874,2.2175607716378134,0.475343858100274
1952,2.8036290269734456,2.337742940909667,0.46588608606377857
1953,2.768279897768005,2.311510165970432,0.4567697317975732
1954,2.886164636805245,2.4191524962139495,0.4670121405912955
1955,2.7401340210705802,2.2675767630063848,0.47255725806419546
1956,2.6979321789022563,2.2333234792245023,0.4646086996777541
1957,2.79512416530042,2.3210987436040047,0.47402542169641526
1958,2.8156437002696975,2.3478355361956766,0.4678081640740208
1959,2.7708650304950013,2.3010458030855974,0.46981922740940396
1960,2.837217868236608,2.378416569550113,0.4588012986864949
1961,2.7817051394732575,2.3361869842432292,0.44551815523002825
1962,2.6735516057535054,2.232223499878364,0.4413281058751415
1963,2.8086617073248625,2.354413664191592,0.4542480431332705
1964,2.694165121071457,2.264241044019651,0.4299240770518056
1965,2.918366528690589,2.49129892577722,0.4270676029133691
1966,2.784774306917768,2.324869747975183,0.459904558942585
1967,2.68947609087432,2.2174136630438572,0.4720624278304628
1968,2.8424600371912163,2.3812533212865836,0.4612067159046327
1969,2.860420879338651,2.3833236802835986,0.47709719905505255
1970,2.7224654359901392,2.258307746594101,0.4641576893960382
1971,2.736480247955971,2.2895979964487143,0.4468822515072568
1972,2.8538008516472297,2.383378357468262,0.47042249417896764
1973,2.8355653284641957,2.3743207772889923,0.46124455117520347
1974,2.6885281485686563,2.219724871627811,0.4688032769408452
1975,2.77384946256183,2.306101769121226,0.46774769344060374
1976,2.783371875498417,2.3190080298380282,0.4643638456603889
1977,2.8007755718169647,2.3364001731955213,0.4643753986214434
1978,2.8696890522386425,2.436211604094453,0.43347744814418965
1979,2.6726069532302996,2.2219521686800046,0.45065478455029506
1980,2.871165022085285,2.4345005921830083,0.43666442990227683
1981,2.804059619471883,2.3477541366147987,0.4563054828570845
1982,2.791150652136156,2.3085078822196845,0.4826427699164717
1983,2.692062314297437,2.2366402080860737,0.45542210621136325
1984,2.7483452579600294,2.2994991893912458,0.4488460685687836
1985,2.72104890377285,2.263411021570344,0.45763788220250623
1986,2.8064672226340326,2.342401241549862,0.4640659810841705
1987,2.7735731814476603,2.306855411268074,0.4667177701795864
1988,2.770766334193363,2.3078875369089507,0.46287879728441217
1989,2.683050419134949,2.202957102932762,0.4800933162021872
1990,2.810120682898024,2.3505924655369244,0.4595282173610995
1991,2.7177509318146935,2.241786549835508,0.47596438197918545
1992,2.71682269815757,2.244866601528062,0.471956096629508
1993,2.7691029065180377,2.300052523897095,0.4690503826209427
1994,2.8358309482299524,2.3628335659934794,0.47299738223647303
1995,2.8669141363351445,2.3934384104114126,0.4734757259237319
1996,2.787901242704294,2.3360910635610392,0.45181017914325494
1997,2.8762574533348775,2.415717181235704,0.46054027209917336
1998,2.8516758268805935,2.3935457252043686,0.4581301016762249
1999,2.7651136638872043,2.2936605125777136,0.4714531513094906
2000,2.8228925168576064,2.3554929414442847,0.4673995754133218
2001,2.7775017543601885,2.320080561909768,0.45742119245042057
2002,2.844035350579492,2.3829163872862704,0.46111896329322155
2003,2.8421801750574924,2.370024027121389,0.4721561479361034
2004,2.776774341433814,2.3148045139600724,0.4619698274737418
2005,2.779921639576911,2.3155089895795657,0.4644126499973451
2006,2.7426203760199424,2.2804770580577807,0.4621433179621617
2007,2.8138249753573006,2.3785545039567753,0.4352704714005253
2008,2.8988934429876214,2.44914099932054,0.44975244366708145
2009,2.8202938437213794,2.367027454122943,0.45326638959843635
2010,2.885067019595932,2.4122189811177837,0.47284803847814816
2011,2.7545386707961024,2.284955479021221,0.4695831917748814
2012,2.8981928824953087,2.4472339754972627,0.45095890699804597
2013,2.8700140439351487,2.433389084890831,0.43662495904431786
2014,2.70048945508554,2.259316496792532,0.44117295829300796
2015,2.7899509309629424,2.3301918562423345,0.45975907472060795
2016,2.8056663696913535,2.330078189037938,0.47558818065341546
2017,2.8823868971046367,2.465105088653341,0.4172818084512957
2018,2.7060294282089488,2.2367419107225746,0.4692875174863742
2019,2.913122768485656,2.5023142767835433,0.41080849170211264
2020,2.8449055142375737,2.4106951344280168,0.4342103798095569
2021,2.805567932843495,2.3319574291215086,0.4736105037219862
2022,2.9116996825992216,2.465800341282378,0.4458993413168435
2023,2.8298644979067547,2.3592069395767203,0.4706575583300343
2024,2.9356460504931436,2.4777857515065755,0.4578602989865681
2025,2.763009336367353,2.276569295721094,0.4864400406462588
2026,2.8661239943575993,2.401206300179391,0.4649176941782085
2027,2.8722357885819476,2.3971573378560556,0.47507845072589205
2028,2.7243275535272318,2.2691016778675595,0.4552258756596723
2029,2.758811252875922,2.271684570176798,0.4871266826991243
2030,2.854930978172417,2.3788904689993666,0.4760405091730502
2031,2.853465568898067,2.3958978746404265,0.4575676942576403
2032,2.8150460737777965,2.3500098378812857,0.4650362358965108
2033,2.6771382292213595,2.2149056100018005,0.46223261921955894
2034,2.8124593934472784,2.3451115113226613,0.4673478821246171
2035,2.7227120050986127,2.248532927545857,0.4741790775527557
2036,2.8287836301368907,2.369955045804045,0.4588285843328457
2037,2.814955501850198,2.343053536556079,0.4719019652941192
2038,2.7633684538082544,2.289029828959158,0.4743386248490964
2039,2.8440769817593288,2.372394561222559,0.4716824205367698
2040,2.7125454190346594,2.2326003670471644,0.47994505198749504
2041,2.773683935683771,2.325229566293885,0.44845436938988614
2042,2.6838296092126077,2.2019383858379626,0.4818912233746451
2043,2.77102134766298,2.2914208071144513,0.47960054054852863
2044,2.735219589525732,2.261943091012446,0.473276498513286
2045,2.69790815742771,2.240668565350828,0.45723959207688214
2046,2.7828986712945385,2.31445548451112,0.4684431867834187
2047,2.732031550029267,2.2777415432874415,0.4542900067418256
2048,2.6639448218824247,2.1794444078368205,0.4845004140456042
2049,2.7428790655996504,2.2752941542585705,0.46758491134107993
2050,2.8082398397632744,2.337988168081854,0.47025167168142046
2051,2.754709270494792,2.2823276098700123,0.4723816606247797
2052,2.7967408747264155,2.339226943113527,0.45751393161288867
2053,2.723441119269609,2.251522236870015,0.4719188823995939
2054,2.8247842117500457,2.368319011967829,0.45646519978221667
2055,2.653486674987035,2.1919375287453837,0.46154914624165144
2056,2.8263699353882705,2.369089139506299,0.45728079588197135
2057,2.792908772169346,2.355105168136681,0.43780360403266494
2058,2.8390391053332635,2.3745777878299035,0.46446131750336006
2059,2.7382554292027605,2.2752813277965163,0.4629741014062443
2060,2.7445392765226493,2.2826040165295773,0.46193525999307194
2061,2.8993174451570223,2.436397354278516,0.4629200908785065
2062,2.8405173165454736,2.365502450123421,0.4750148664220526
2063,2.7675764621456724,2.3013524062345896,0.46622405591108285
2064,2.7647358993831093,2.324473804045148,0.44026209533796123
2065,2.8471256394748745,2.4340939743456405,0.41303166512923406
2066,2.904009711453875,2.425457958289931,0.47855175316394405
2067,2.739805819994088,2.2593202854898755,0.4804855345042123
2068,2.8075863718214724,2.3330921208858677,0.4744942509356047
2069,2.8769562824358195,2.4037655602658186,0.4731907221700009
2070,2.8360329602179752,2.392641746237175,0.4433912139808003
2071,2.7521514328593133,2.287262101734027,0.4648893311252862
2072,2.788900650608089,2.310084076131718,0.47881657447637105
2073,2.7203360748319434,2.2326110443885403,0.4877250304434031
2074,2.9130216813237535,2.44879925787151,0.4642224234522434
2075,2.820204199464119,2.3718394275234127,0.44836477194070623
2076,2.740035574875562,2.270289700909759,0.4697458739658029
2077,2.7564244042685098,2.2783466599406115,0.4780777443278983
2078,2.8531521908059583,2.387844351655238,0.46530783915072016
2079,2.740726822693265,2.2799059493955576,0.4608208732977075
2080,2.7881405161279087,2.319835189419342,0.46830532670856684
2081,2.861482708938954,2.438708179327538,0.42277452961141604
2082,2.8466485385587945,2.3669413387393283,0.4797071998194662
2083,2.7807106804462625,2.2945209507133972,0.48618972973286523
2084,2.8672959585956277,2.450632366548237,0.4166635920473909
2085,2.790585611566996,2.327818832222982,0.462766779344014
2086,2.873231527584398,2.406537301689533,0.466694225894865
2087,2.7663209044807915,2.3326851044474295,0.433635800033362
2088,2.8054203849311565,2.349598796593698,0.45582158833745856
2089,2.711067014352625,2.235506697006293,0.4755603173463321
2090,2.7829327476722563,2.321565154425513,0.46136759324674337
2091,2.7749632309085555,2.3169944395188358,0.4579687913897197
2092,2.8634857099408055,2.3883742005253623,0.4751115094154432
2093,2.8706494428036904,2.4015959308927646,0.4690535119109258
2094,2.8583443378619426,2.38766902374112,0.47067531412082264
2095,2.838703485187301,2.3698304489463986,0.4688730362409026
2096,2.7993357277159157,2.3157255763391293,0.4836101513767863
2097,2.622754496325572,2.1601859253940248,0.462568570931547
2098,2.564949872193881,2.1029783767795927,0.4619714954142884
2099,2.7539234758115314,2.2924757737232877,0.4614477020882437
2100,2.750235222506568,2.2985816886247536,0.4516535338818142
2101,2.8363145524238713,2.36257683880007,0.47373771362380124
2102,2.689777949250697,2.25118748317612,0.4385904660745772
2103,2.875136115184718,2.394368209898311,0.48076790528640734
2104,2.733963285274632,2.2714698664517203,0.46249341882291173
2105,2.7946851011089615,2.3325847665676918,0.46210033454126975
2106,2.848367073319797,2.3805163766481723,0.4678506966716247
2107,2.819313508000221,2.374053897355073,0.4452596106451483
2108,2.8429814293362523,2.4005317673345736,0.4424496620016787
2109,2.7377389444849682,2.2881413014799294,0.4495976430050388
2110,2.759135300040564,2.2991260220586547,0.4600092779819094
2111,2.779880203931435,2.3257655939219792,0.45411461000945597
2112,2.806274683708566,2.346614578017908,0.45966010569065796
2113,2.7182199073961044,2.233320202055936,0.48489970534016846
2114,2.6378215321313943,2.1811334915620386,0.45668804056935564
2115,2.7571266134766423,2.286839648466191,0.4702869650104513
2116,2.840657865638583,2.3780253452537132,0.46263252038486957
2117,2.8173570355510313,2.339013410827912,0.4783436247231192
2118,2.6828203823422085,2.2205124246752597,0.4623079576669489
2119,2.765269287005283,2.291566129732322,0.47370315727296086
2120,2.7249619683497537,2.2903130109791214,0.43464895737063225
2121,2.879017695833643,2.4070075260219825,0.47201016981166033
2122,2.7948697298674263,2.3357407874297724,0.4591289424376539
2123,2.759160288625869,2.2814782479369873,0.47768204068888176
2124,2.7856404706342706,2.32064980677472,0.4649906638595507
2125,2.8711020252891237,2.399674526002672,0.47142749928645156
2126,2.8903483369320515,2.4238500201137927,0.4664983168182588
2127,2.8697826484106788,2.3999538474342703,0.46982880097640844
2128,2.794318908712107,2.332842903087106,0.46147600562500113
2129,2.7994392822177554,2.344504877970677,0.4549344042470782
2130,2.8897419430078912,2.4499105400717,0.4398314029361914
2131,2.7288121891795485,2.2598889975186545,0.468923191660894
2132,2.7995155860502923,2.3519880691429487,0.4475275169073436
2133,2.8506329563198727,2.387404322258991,0.46322863406088155
2134,2.789249126449389,2.3223953147191554,0.46685381173023366
2135,2.783008763359717,2.329879831812326,0.45312893154739076
2136,2.8185989038410946,2.3466907019153056,0.471908201925789
2137,2.7774468405835053,2.3026770406724157,0.4747697999110896
2138,2.7986115693446263,2.3328501775730635,0.46576139177156284
2139,2.8160838822231673,2.3599246573286363,0.456159224894531
2140,2.820885388918413,2.384775393314842,0.4361099956035712
2141,2.8597597342455106,2.41951635112356,0.44024338312195077
2142,2.8204400800071237,2.361143703031251,0.45929637697587244
2143,2.628449606939804,2.1624230524232204,0.4660265545165836
2144,2.8909169881920675,2.4289046815654665,0.4620123066266011
2145,2.833314026377037,2.379998838621618,0.4533151877554191
2146,2.8467897367270774,2.363886138099819,0.4829035986272583
2147,2.787129974502561,2.296027408062815,0.4911025664397459
2148,2.7067108908860886,2.2439505136054914,0.46276037728059727
2149,2.7007198596455075,2.2559811483228778,0.44473871132262977
2150,2.8469666056490377,2.3740886043014315,0.47287800134760616
2151,2.8215189357217523,2.3670642811668334,0.45445465455491885
2152,2.7228958958311082,2.2729145567535562,0.449981339077552
2153,2.781284270831556,2.3419277202717588,0.4393565505597974
2154,2.8482921190812602,2.3853590141450685,0.4629331049361918
2155,2.8468116363305858,2.395478907972807,0.4513327283577788
2156,2.9372282114259582,2.5091061714436043,0.428122039982354
2157,2.791322154430156,2.3300779110171863,0.46124424341296955
2158,2.834526242880806,2.3708794812721337,0.46364676160867235
2159,2.717852691747847,2.258050571371837,0.4598021203760103
2160,2.767747792994692,2.2984186763456234,0.46932911664906873
2161,2.785766474657786,2.345938726603662,0.43982774805412417
2162,2.857600484097536,2.398572477719712,0.45902800637782404
2163,2.8015928023544796,2.3211754882443953,0.48041731411008426
2164,2.7637855888978096,2.296718805307296,0.46706678359051335
2165,2.680960710909105,2.204823731834464,0.47613697907464125
2166,2.8799813274876964,2.410642445154957,0.46933888233273935
2167,2.8115919544799066,2.3607522075400396,0.45083974693986706
2168,2.776416188291737,2.305613623348319,0.4708025649434182
2169,2.8483441587629397,2.382120416785632,0.46622374197730787
2170,2.803445091427051,2.353410809371271,0.45003428205577967
2171,2.7644922641891054,2.3112233264897113,0.45326893769939414
2172,2.8420402644951865,2.3722838021200476,0.4697564623751389
2173,2.8927436724098223,2.4632198601073836,0.42952381230243875
2174,2.6531977494478065,2.1685989023727057,0.4845988470751008
2175,2.6767742269902506,2.218129696502176,0.4586445304880744
2176,2.8119014215645994,2.3354675130726714,0.476433908491928
2177,2.706196619012483,2.237652893722768,0.4685437252897149
2178,2.7980995873774535,2.36316618187517,0.4349334055022833
2179,2.7239471784916867,2.248164591955664,0.47578258653602257
2180,2.8497634155030793,2.4051512858975235,0.44461212960555585
2181,2.8595241070889745,2.3871161471190785,0.47240795996989604
2182,2.7949548307872982,2.325181609860977,0.46977322092632123
2183,2.757295395434417,2.282605185533202,0.4746902099012149
2184,2.6539500352028482,2.174719003792601,0.47923103141024725
2185,2.6579939236752756,2.1792114190534893,0.4787825046217864
2186,2.7759830663067144,2.306385198655326,0.46959786765138833
2187,2.8744097460283853,2.406747166105032,0.46766257992335314
2188,2.765117179629909,2.3036924780365484,0.4614247015933608
2189,2.9276036251003816,2.487701884505005,0.43990174059537646
2190,2.8755733292994106,2.4083734399919523,0.46719988930745826
2191,2.807314584205673,2.354044096650761,0.45327048755491184
2192,2.9112600523549648,2.45004220393657,0.46121784841839464
2193,2.8044429717689043,2.3395924167137725,0.46485055505513184
2194,2.87103614848282,2.4164848148820233,0.4545513336007967
2195,2.813774600094421,2.3487953845204617,0.46497921557395916
2196,2.8110010064045827,2.3649517078102944,0.4460492985942883
2197,2.8244146590537818,2.3575625037354158,0.466852155318366
2198,2.8451571061650673,2.3661593827501664,0.478997723414901
2199,2.735728752925847,2.2791442515533764,0.45658450137247053
2200,2.9188780074739897,2.468593862521299,0.45028414495269065
2201,2.7637177746384536,2.294241240400841,0.4694765342376126
2202,2.826229425158226,2.369038358351077,0.45719106680714905
2203,2.789559042600219,2.3145042347004106,0.4750548078998085
2204,2.7975835573765377,2.323915333218447,0.47366822415809073
2205,2.7182506778733924,2.2564674111778964,0.46178326669549596
2206,2.7625882746840285,2.30481357679674,0.45777469788728853
2207,2.9272465246545547,2.4804557372413503,0.44679078741320444
2208,2.8387494217404177,2.361404904199654,0.47734451754076357
2209,2.9059214346485804,2.43186729298916,0.4740541416594204
2210,2.8503278825640015,2.38921993676476,0.4611079457992413
2211,2.756492321600018,2.2911045638683403,0.4653877577316776
2212,2.903246646320541,2.4512498326905723,0.4519968136299686
2213,2.789379894688836,2.3165804919424033,0.47279940274643284
2214,2.83387705794439,2.39436490308579,0.43951215485859985
2215,2.7796344258159844,2.334212028726816,0.4454223970891684
2216,2.8349591941740115,2.356221728329644,0.4787374658443677
2217,2.796560943091984,2.3362493607014483,0.4603115823905357
2218,2.8403033398708533,2.382465879083702,0.45783746078715115
2219,2.819756711563389,2.3928874096112054,0.42686930195218364
2220,2.927985056914847,2.4774935600758305,0.45049149683901657
2221,2.796476039352359,2.317496155178371,0.47897988417398807
2222,2.738761506656971,2.2732507547491103,0.4655107519078605
2223,2.8825116244334548,2.4191724185647403,0.46333920586871447
2224,2.823255393224196,2.3460279568385505,0.47722743638564546
2225,2.8088694056803294,2.3517799646519735,0.4570894410283559
2226,2.7861679089768874,2.303906147281967,0.4822617616949203
2227,2.8662551672208734,2.4214542770577605,0.44480089016311286
2228,2.755464592585003,2.3056454738327847,0.44981911875221847
2229,2.684872315910441,2.245282420285923,0.4395898956245179
2230,2.774111668864859,2.294092627028187,0.4800190418366719
2231,2.8446370805723413,2.409208312092591,0.4354287684797504
2232,2.7382813833915236,2.276809224838763,0.4614721585527608
2233,2.8785723627565187,2.4460427805126193,0.4325295822438995
2234,2.8039098580238004,2.3448530487627854,0.459056809261015
2235,2.7940857063555944,2.330376581576191,0.4637091247794034
2236,2.9051222898885967,2.4368495751324932,0.46827271475610344
2237,2.794728398124898,2.3220428733871694,0.4726855247377286
2238,2.7310228247131483,2.263247422539159,0.4677754021739893
2239,2.757420548395377,2.2855830831541253,0.4718374652412516
2240,2.817029636992614,2.3492567470206356,0.4677728899719784
2241,2.766116616278376,2.2895632185663213,0.47655339771205485
2242,2.8413796032832175,2.369101651340929,0.4722779519422886
2243,2.898476019181082,2.4415923113600217,0.45688370782106036
2244,2.7801115798193736,2.312684595235787,0.4674269845835868
2245,2.7541676501791073,2.2920264627814975,0.4621411873976098
2246,2.6657515796513005,2.208838862995236,0.4569127166560647
2247,2.8200618099613224,2.353920776177672,0.46614103378365046
2248,2.8149969762311557,2.352130956496885,0.46286601973427066
2249,2.788976170936241,2.3222681823189735,0.4667079886172676
2250,2.810525226064883,2.3495855464178867,0.4609396796469962
2251,2.7171772248727635,2.2464902454986917,0.4706869793740718
2252,2.799866494015394,2.34414007495002,0.45572641906537426
2253,2.7687760657421916,2.3210589111463293,0.44771715459586225
2254,2.782820251146602,2.3098217794941323,0.47299847165246955
2255,2.916248532094999,2.432111205533846,0.48413732656115327
2256,2.8061266793623107,2.3436754227984116,0.4624512565638992
2257,2.816241883143629,2.357035611691241,0.4592062714523881
2258,2.8242506601529804,2.374660316677906,0.4495903434750743
2259,2.704093151069287,2.2392496803007043,0.4648434707685829
2260,2.771501970582665,2.309214862024108,0.46228710855855715
2261,2.7753247063963578,2.319008998719449,0.45631570767690866
2262,2.7390567950565026,2.2710331081140254,0.4680236869424772
2263,2.8900448631850284,2.4450047488664772,0.44504011431855117
2264,2.7221181485554538,2.2513189462101444,0.47079920234530936
2265,2.876719906666778,2.410993961273241,0.4657259453935372
2266,2.821282317988579,2.3909687027050635,0.43031361528351564
2267,2.842293693713187,2.3828843125408348,0.4594093811723523
2268,2.8076226555087014,2.3265643836930527,0.48105827181564864
2269,2.6728736803267066,2.2083193800968313,0.4645543002298753
2270,2.8118616658376134,2.3471512724522765,0.46471039338533693
2271,2.830722286742934,2.378528446237121,0.45219384050581324
2272,2.7780284572567373,2.31964281187616,0.45838564538057724
2273,2.875836537816721,2.416763722337268,0.4590728154794528
2274,2.736853138605073,2.262391399666725,0.4744617389383481
2275,2.7567986814891547,2.282998921679965,0.47379975980918987
2276,2.85166576408194,2.381417481088443,0.47024828299349686
2277,2.808164948847184,2.3316238361781503,0.47654111266903376
2278,2.782880117426966,2.3195680479641743,0.4633120694627917
2279,2.8694576390117903,2.4134914450897345,0.45596619392205584
2280,2.9173622658586624,2.481823544860104,0.4355387209985584
2281,2.76848041135657,2.292957055151329,0.4755233562052408
2282,2.9079026753403032,2.4660095075010267,0.44189316783927657
2283,2.832812517094319,2.4113250059291027,0.4214875111652163
2284,2.6723483815873816,2.196239367784037,0.4761090138033448
2285,2.851156138589477,2.3964124800100692,0.4547436585794076
2286,2.7444279787383428,2.303000011071052,0.44142796766729075
2287,2.873920814307086,2.4000523816566326,0.4738684326504532
2288,2.7774582393361764,2.3104742848991724,0.466983954437004
2289,2.8306297346696283,2.3502335918207486,0.48039614284887966
2290,2.781785110659764,2.3163175207909923,0.4654675898687719
2291,2.6971553028624835,2.2380089775782874,0.4591463252841961
2292,2.866342358807209,2.4053088131024345,0.4610335457047743
2293,2.8239104535069077,2.3614529677660885,0.46245748574081924
2294,2.8350019228109105,2.364494409595068,0.4705075132158423
2295,2.817539549934387,2.3339094091827617,0.48363014075162525
2296,2.7672020121670586,2.301677500144234,0.46552451202282485
2297,2.8539061486069124,2.3859368109319368,0.4679693376749756
2298,2.8453253313392612,2.4018390072100027,0.4434863241292586
2299,2.7712459585317077,2.311943563523894,0.45930239500781367
2300,2.887607387736749,2.4485263602263903,0.4390810275103587
2301,2.8562971840994873,2.382661599196946,0.4736355849025413
2302,2.867924744311924,2.4034200690275704,0.4645046752843536
2303,2.813680818597726,2.337393506323426,0.4762873122742999
2304,2.8323537943068726,2.358614083962424,0.47373971034444873
2305,2.8135657369794442,2.347366556433848,0.4661991805455963
2306,2.783486962734968,2.3221354980940907,0.4613514646408774
2307,2.70234409305523,2.2499449055816507,0.4523991874735791
2308,2.8325295392517043,2.3610601219552176,0.4714694172964866
2309,2.7710253985368665,2.3209789491119452,0.4500464494249212
2310,2.7470862293638154,2.307802459516269,0.43928376984754625
2311,2.8090057514034306,2.364270193688694,0.4447355577147367
2312,2.809434575643239,2.342051347117818,0.4673832285254207
2313,2.8126200091442852,2.3265820882226693,0.4860379209216159
2314,2.81006859441103,2.3342096109584825,0.4758589834525475
2315,2.7192360012443872,2.2428259343041557,0.4764100669402316
2316,2.8528888285727088,2.388756626110662,0.4641322024620469
2317,2.8734945883558134,2.420611298532417,0.4528832898233963
2318,2.8732755046176504,2.4640642579596794,0.40921124665797093
2319,2.728163567833696,2.279365561474107,0.4487980063595889
2320,2.8233490877679155,2.351487792002343,0.47186129576557256
2321,2.8069538153394573,2.3431895786305,0.46376423670895717
2322,2.79983757537847,2.3251365026399475,0.47470107273852236
2323,2.866084469217656,2.41716983366625,0.448914635551406
2324,2.815396278945858,2.3383449364803472,0.47705134246551095
2325,2.898599397570695,2.428690346382024,0.469909051188671
2326,2.8685082046404498,2.3969843034582565,0.47152390118219323
2327,2.726140496967276,2.2398843033404354,0.48625619362684036
2328,2.7568760895541047,2.290863151749623,0.4660129378044817
2329,2.879900138676853,2.409460997523359,0.4704391411534936
2330,2.678289781913046,2.2047435162048075,0.4735462657082383
2331,2.752254024759165,2.277320701363932,0.4749333233952333
2332,2.708800436361729,2.236938142898347,0.47186229346338227
2333,2.806959480135311,2.346969605389118,0.459989874746193
2334,2.7253161122193705,2.2647966291038326,0.4605194831155379
2335,2.743202485128684,2.278459278472593,0.4647432066560908
2336,2.8275642208612166,2.3652118917158345,0.46235232914538216
2337,2.822636064909365,2.348150086567949,0.4744859783414159
2338,2.6904860173583254,2.2219221537316876,0.4685638636266378
2339,2.939497901938694,2.4973502216273427,0.44214768031135154
2340,2.6988297334442533,2.239492153990088,0.4593375794541652
2341,2.7584785339367004,2.283768951086147,0.4747095828505534
2342,2.8556263531349244,2.383223624984769,0.4724027281501555
2343,2.7981541325825114,2.375406865681421,0.4227472669010903
2344,2.7086696138500943,2.2522884324790793,0.456381181371015
2345,2.8041991896589726,2.363277198536989,0.4409219911219835
2346,2.8791011345860955,2.411174211651937,0.4679269229341587
2347,2.749592690339443,2.2925466005173716,0.4570460898220716
2348,2.8597081391688626,2.3961862736395885,0.4635218655292741
2349,2.945584380494506,2.5234762435709315,0.4221081369235744
2350,2.7241041343031784,2.274754608936377,0.4493495253668014
2351,2.870608685024733,2.413508959510376,0.4570997255143574
2352,2.7577749810051664,2.320766712861136,0.4370082681440306
2353,2.8452105414203435,2.405154007252467,0.4400565341678764
2354,2.734576820136297,2.2599061039449744,0.47467071619132284
2355,2.8187957975655777,2.326894906295939,0.49190089126963876
2356,2.720550253108953,2.2512951106200405,0.46925514248891265
2357,2.869429464693411,2.40542679604051,0.4640026686529013
2358,2.726345716746588,2.251360843546426,0.474984873200162
2359,2.863670301343831,2.412618627411099,0.4510516739327324
2360,2.7395767663519934,2.288990911179345,0.4505858551726485
2361,2.7431521004807005,2.3010842412884545,0.442067859192246
2362,2.8101088990837875,2.331831431964177,0.4782774671196104
2363,2.772557664138019,2.302498711356763,0.470058952781256
2364,2.737280587804132,2.270782013813119,0.466498573991013
2365,2.797483200951658,2.316937151839561,0.480546049112097
2366,2.728051489917849,2.267196098094532,0.46085539182331736
2367,2.7731758893443312,2.308955003300471,0.46422088604386014
2368,2.7769963996821154,2.3009600242966854,0.47603637538543
2369,2.889390553694766,2.4342456567074615,0.45514489698730465
2370,2.8832748974420848,2.4174826462840846,0.46579225115800016
2371,2.7700813590797537,2.3025072691352806,0.46757408994447314
2372,2.8117966146119273,2.3384142573743776,0.47338235723754973
2373,2.8405648817982043,2.3727961996525635,0.4677686821456408
2374,2.7989473039506017,2.38615911132307,0.41278819262753164
2375,2.7423763276567787,2.2761777776323493,0.46619855002442945
2376,2.923817175847278,2.4728409965045297,0.4509761793427485
2377,2.868074071492007,2.402323785932151,0.4657502855598561
2378,2.7934447857457583,2.339739303722287,0.45370548202347116
2379,2.6836702414636404,2.2136268373268124,0.470043404136828
2380,2.790228288334033,2.3233694705499413,0.4668588177840918
2381,2.8655308803903994,2.453763743982657,0.4117671364077422
2382,2.945066535014592,2.475872000263143,0.4691945347514488
2383,2.835274804678763,2.3685346247551946,0.4667401799235682
2384,2.8647307965149955,2.443159833432373,0.42157096308262254
2385,2.883960130195279,2.4298633977548625,0.4540967324404166
2386,2.6519797237207183,2.1842198581177508,0.46775986560296756
2387,2.767269690633424,2.301593037332923,0.465676653300501
2388,2.7607231457956294,2.2919802701169854,0.46874287567864403
2389,2.9502437284068375,2.4848405544782235,0.46540317392861397
2390,2.828345131891744,2.37860000227595,0.4497451296157937
2391,2.765615697918025,2.314483625859766,0.4511320720582592
2392,2.7549763185500695,2.294632925128538,0.46034339342153174
2393,2.7455915891217173,2.2834225189293846,0.46216907019233266
2394,2.7732277866862853,2.2958148186635174,0.4774129680227679
2395,2.8828074405809003,2.407745400181758,0.4750620403991421
2396,2.8131745032949955,2.356601606562365,0.45657289673263035
2397,2.6869067377291995,2.2435400662621734,0.44336667146702613
2398,2.6940555740667746,2.2281031562554436,0.465952417811331
2399,2.8355706341826092,2.346684188244807,0.48888644593780217
2400,2.81516923328507,2.347843285167196,0.46732594811787376
2401,2.742518453620146,2.276200159292242,0.46631829432790406
2402,2.78842819770512,2.337277713079687,0.45115048462543283
2403,2.8457658901840284,2.3846067194464298,0.4611591707375986
2404,2.8611254336897254,2.398969485083342,0.4621559486063833
2405,2.8714453542686735,2.4229870834517055,0.448458270816968
2406,2.823412034092679,2.3468132504007144,0.47659878369196473
2407,2.736673184658172,2.282467249746237,0.45420593491193495
2408,2.8555955881441686,2.3799515931235367,0.4756439950206319
2409,2.8025186554075607,2.3266105151739476,0.47590814023361316
2410,2.9376689787335897,2.5324485445762495,0.4052204341573402
2411,2.768017352801292,2.3224189538095024,0.44559839899178977
2412,2.784042053293037,2.3288231146635354,0.4552189386295016
2413,2.8498868461284914,2.377418442391571,0.47246840373692045
2414,2.8206502493285,2.367022399430055,0.45362784989844496
2415,2.919964362388552,2.450624331426047,0.4693400309625049
2416,2.788892106458403,2.3148309329422694,0.47406117351613375
2417,2.814273802717755,2.328665427887581,0.48560837483017405
2418,2.775159970131073,2.3133719410436155,0.46178802908745764
2419,2.81871483152929,2.3579624794553253,0.4607523520739645
2420,2.7261907299190518,2.2535833731628325,0.47260735675621923
2421,2.8248377468420394,2.3683449465877393,0.45649280025430006
2422,2.76247607331648,2.323648188628621,0.4388278846878588
2423,2.8058656989571937,2.3269081919762966,0.4789575069808971
2424,2.799856580073933,2.3389923266946537,0.4608642533792793
2425,2.8068643868007808,2.3353737575935156,0.47149062920726514
2426,2.922440814042117,2.451371626742474,0.4710691872996433
2427,2.8288725006053053,2.3799142572424525,0.4489582433628527
2428,2.7885374366752544,2.3242066659733536,0.4643307707019009
2429,2.8002234675199675,2.3335861466074044,0.46663732091256316
2430,2.747726494352453,2.297576036488077,0.450150457864376
2431,2.822826433549088,2.334442988962774,0.4883834445863138
2432,2.6949992728706054,2.2204913465029903,0.4745079263676151
2433,2.884167988814056,2.422833710963599,0.4613342778504572
2434,2.827129940722977,2.382987012631386,0.44414292809159095
2435,2.7764901108464013,2.30649807457953,0.46999203626687125
2436,2.8978305489787233,2.4528892247818446,0.4449413241968787
2437,2.7465717659850992,2.2705288688168794,0.4760428971682198
2438,2.80064404822645,2.336570495945068,0.4640735522813819
2439,2.770595240255859,2.3018699142782726,0.4687253259775863
2440,2.928684635435093,2.469338408340729,0.45934622709436423
2441,2.8197244336341867,2.378858725388503,0.4408657082456835
2442,2.812286460515448,2.338695751234126,0.47359070928132185
2443,2.778270515456483,2.3388730700468785,0.43939744540960435
2444,2.902270163385607,2.481553559197104,0.4207166041885029
2445,2.809942463700413,2.3447790338075527,0.4651634298928604
2446,2.842729823928546,2.405312023947111,0.43741779998143526
2447,2.7536833984702973,2.304605225026228,0.4490781734440694
2448,2.896608079487798,2.4263822717778947,0.4702258077099035
2449,2.768458263877258,2.2857409569540628,0.48271730692319537
2450,2.795516224505301,2.3255976327673546,0.4699185917379465
2451,2.7663918473148255,2.304908982658809,0.4614828646560163
2452,2.774763972694103,2.3286553766863913,0.4461085960077118
2453,2.9084807328287003,2.498608584181718,0.4098721486469823
2454,2.8208893290983377,2.3566993863099714,0.4641899427883662
2455,2.8341846172890115,2.3686892854521115,0.46549533183689995
2456,2.6596830593844056,2.2024975775496562,0.4571854818347494
2457,2.7181148425579655,2.284163824679426,0.4339510178785395
2458,2.754276284969702,2.267705534052099,0.48657075091760316
2459,2.8563970389477085,2.374010427244176,0.48238661170353225
2460,2.866003119188222,2.4393046670799796,0.4266984521082424
2461,2.7417576591104695,2.2899485330926717,0.4518091260177979
2462,2.7097223399357526,2.2407042707660385,0.4690180691697141
2463,2.788408736079501,2.354009109282114,0.43439962679738686
2464,2.822955983623462,2.3822061028678254,0.4407498807556367
2465,2.9506834695968083,2.5136568201045617,0.43702664949224657
2466,2.7476669814815935,2.2716630370689064,0.4760039444126871
2467,2.877092905475966,2.423510762631691,0.453582142844275
2468,2.748072831552841,2.2733685595271114,0.4747042720257295
2469,2.7830283947963745,2.2945490836404434,0.48847931115593113
2470,2.7699905240605514,2.306495407009088,0.4634951170514632
2471,2.809793316294381,2.3617573683610384,0.44803594793334245
2472,2.8884357939985383,2.4191437979229096,0.46929199607562877
2473,2.704080924604392,2.242383833758915,0.46169709084547694
2474,2.7076698566597277,2.2338331193424463,0.4738367373172814
2475,2.8044463580021577,2.3304799036750374,0.47396645432712026
2476,2.867558858613927,2.3911561743730503,0.4764026842408766
2477,2.8091221762761776,2.34349802311264,0.46562415316353745
2478,2.8188848304749254,2.3480589906077975,0.4708258398671279
2479,2.823579146171355,2.349329765955578,0.474249380215777
2480,2.699236654647259,2.2405177077912484,0.45871894685601067
2481,2.7264818948209233,2.253841041873334,0.4726408529475892
2482,2.7923919161625594,2.3485424510264923,0.44384946513606716
2483,2.693919654926117,2.224486449460534,0.4694332054655832
2484,2.7796029559755557,2.3172087671880224,0.46239418878753336
2485,2.7531012247292503,2.284965454705232,0.4681357700240185
2486,2.7837092563965213,2.324363594265808,0.45934566213071326
2487,2.787497405821346,2.3186703316024304,0.46882707421891556
2488,2.769576267409069,2.314123994079639,0.45545227332942995
2489,2.7999901708721806,2.3357231585102056,0.464267012361975
2490,2.6641981998168016,2.2085477865892926,0.455650413227509
2491,2.9161879122666576,2.4624929777978792,0.4536949344687784
2492,2.763069720090544,2.3013241557109314,0.46174556437961245
2493,2.8938579618352405,2.4656625080984016,0.42819545373683887
2494,2.8661197448775595,2.4107342758572203,0.45538546902033916
2495,2.8619585284010745,2.3960377187923645,0.46592080960870996
2496,2.8327016087715338,2.361954124990441,0.47074748378109277
2497,2.848428395541626,2.380413108430909,0.4680152871107168
2498,2.7759475618754386,2.2941813520310474,0.4817662098443911
2499,2.7584075920707907,2.2703363479019005,0.48807124416889014
2500,2.7740269594328812,2.3044763162197075,0.46955064321317375
2501,2.8492482268956993,2.380180057927593,0.4690681689681062
2502,2.787810988197414,2.325897302353982,0.46191368584343184
2503,2.737536099359959,2.2690014117210495,0.4685346876389094
2504,2.740209414150039,2.268126290298143,0.4720831238518959
2505,2.815549523500018,2.348924654584379,0.4666248689156389
2506,2.830869443144204,2.3679724250185616,0.4628970181256422
2507,2.809191951403956,2.343785175415807,0.4654067759881486
2508,2.8767842528038643,2.429385100340768,0.44739915246309625
2509,2.714351606659331,2.2444211473168316,0.46993045934249933
2510,2.812752571828674,2.33156429733009,0.4811882744985838
2511,2.831015360682827,2.369050970997787,0.46196438968503983
2512,2.8733087919904112,2.4317709414662585,0.44153785052415273
2513,2.7912304832783392,2.3176073620531437,0.47362312122519556
2514,2.7690711558750625,2.301741445828744,0.4673297100463185
2515,2.838155038160601,2.359747936684108,0.4784071014764928
2516,2.876345894423131,2.4018868469079,0.4744590475152308
2517,2.7850082336116397,2.3446158406784,0.44039239293323984
2518,2.8092021016127955,2.337519027576786,0.4716830740360094
2519,2.782128701580546,2.3128965471056215,0.4692321544749243
2520,2.809062922050062,2.33697649572201,0.472086426328052
2521,2.8596552032985225,2.3887005655123983,0.47095463778612423
2522,2.7845074763956204,2.3294207203645003,0.45508675603112003
2523,2.768044340162327,2.3125338403091393,0.4555104998531876
2524,2.7030967558410874,2.246547795297974,0.4565489605431132
2525,2.761057261408065,2.2900281668893863,0.4710290945186788
2526,2.7386985669628396,2.26983639108653,0.46886217587630963
2527,2.780051509763032,2.3118487275763893,0.4682027821866428
2528,2.8430595403784418,2.4054945299495607,0.4375650104288811
2529,2.677251484144579,2.211511246074981,0.4657402380695981
2530,2.662315768856201,2.203992466816857,0.4583233020393438
2531,2.862765211552439,2.4258748474962757,0.43689036405616344
2532,2.7257553806986143,2.2721472843906643,0.45360809630795007
2533,2.8516148940876582,2.3813466728045287,0.4702682212831295
2534,2.758500876004426,2.306684538163963,0.45181633784046316
2535,2.896333745904006,2.4363167868092965,0.4600169590947094
2536,2.7804986307274366,2.3167902284913278,0.4637084022361089
2537,2.820591209170499,2.359476995098282,0.4611142140722171
2538,2.715151517753303,2.2692745685692755,0.44587694918402754
2539,2.7289184857437414,2.269917270752287,0.4590012149914542
2540,2.823883788642493,2.3607911662186565,0.46309262242383653
2541,2.819081189318683,2.3664377546969884,0.45264343462169476
2542,2.7947996856177135,2.3191244547911745,0.47567523082653906
2543,2.8557419735805687,2.378279342215409,0.47746263136515976
2544,2.771043822901042,2.3044725756907316,0.4665712472103105
2545,2.831439612924052,2.3871185229487746,0.4443210899752774
2546,2.78186143237748,2.334411752106446,0.4474496802710344
2547,2.7826463370194787,2.31109376079003,0.4715525762294486
2548,2.6637756922342595,2.2200213005637055,0.44375439167055397
2549,2.6730840193811622,2.2151663526654284,0.45791766671573386
2550,2.760604873988535,2.2813856639720327,0.4792192100165025
2551,2.9586380522105755,2.5189862669705367,0.4396517852400388
2552,2.7247139244812613,2.2522062250623085,0.47250769941895276
2553,2.8353995950843442,2.3654428939374315,0.4699567011469128
2554,2.8224787769288793,2.351830241401523,0.4706485355273564
2555,2.782500825163467,2.322419756865116,0.46008106829835116
2556,2.7873456274781545,2.3080230710307066,0.4793225564474479
2557,2.882058571434856,2.4235329172230817,0.4585256542117744
2558,2.7421324719449216,2.2761878796134094,0.4659445923315122
2559,2.844660239229582,2.393927991870593,0.4507322473589892
2560,2.8338898654015523,2.360622256544751,0.4732676088568013
2561,2.810223746839368,2.3332154319271106,0.47700831491225726
2562,2.8408049193932645,2.4027256658438283,0.4380792535494362
2563,2.746156169791109,2.2776474842055188,0.46850868558559045
2564,2.960210778210412,2.5118380259112474,0.44837275229916473
2565,2.77588038603626,2.298944918858648,0.47693546717761226
2566,2.803971934079699,2.3308078405566515,0.47316409352304767
2567,2.7635894272438777,2.312283452143573,0.45130597510030457
2568,2.8966675131015136,2.431296539304899,0.4653709737966145
2569,2.7346295463282204,2.2584943528145285,0.47613519351369193
2570,2.8109354998580005,2.339957025370292,0.47097847448770835
2571,2.747075454342468,2.268176035039926,0.47889941930254176
2572,2.7507710327419144,2.26716230841082,0.4836087243310945
2573,2.8272756363726064,2.3667093168983575,0.46056631947424886
2574,2.7505439033232864,2.2774006338517516,0.47314326947153473
2575,2.80528015969736,2.326761330222538,0.47851882947482194
2576,2.8259811933094237,2.3725555194535537,0.45342567385586996
2577,2.7175285142743286,2.252639131079492,0.46488938319483664
2578,2.8437035421959185,2.4072922619385513,0.4364112802573672
2579,2.84453788035819,2.389049035892763,0.45548884446542726
2580,2.838669259271543,2.3837327707682396,0.45493648850330315
2581,2.8738920107625554,2.445281099781935,0.4286109109806202
2582,2.6956234177720884,2.226706389245599,0.4689170285264894
2583,2.7832693185539243,2.3210274304926113,0.46224188806131306
2584,2.753313906268516,2.2849037478307186,0.46841015843779754
2585,2.8856260270368423,2.4402466945766323,0.44537933246021
2586,2.822006848393813,2.3580453982325658,0.46396145016124724
2587,2.7848985411812888,2.3321788339099534,0.45271970727133537
2588,2.794952709726526,2.344081970246116,0.4508707394804099
2589,2.9143741592071994,2.46908217370681,0.4452919855003894
2590,2.773420791842351,2.3072644374108475,0.4661563544315035
2591,2.6957315175112355,2.2182602978957684,0.4774712196154671
2592,2.7698030895468713,2.28762627859793,0.48217681094894127
2593,2.7510372792010362,2.284832022445642,0.46620525675539426
2594,2.8381688322059873,2.364134367883464,0.47403446432252316
2595,2.7226227262815748,2.2545306166813472,0.4680921096002275
2596,2.8262575612903995,2.356585546980373,0.4696720143100266
2597,2.792838434879391,2.3272409039967528,0.4655975308826381
2598,2.843788020133243,2.36539873026202,0.478389289871223
2599,2.8546081341429037,2.4002895716426838,0.45431856250021996
2600,2.7529400739007412,2.293040362305043,0.4598997115956984
2601,2.8131843545505504,2.3638919594544903,0.4492923950960601
2602,2.899482134586356,2.4391830156040673,0.4602991189822889
2603,2.681261736084003,2.212990657415012,0.468271078668991
2604,2.7926727168002023,2.3083803479324847,0.48429236886771765
2605,2.8264100862079387,2.352881817241498,0.4735282689664406
2606,2.7909228056479627,2.3503397369979497,0.44058306865001295
2607,2.743759258871362,2.277163028915268,0.4665962299560942
2608,2.8977558904126117,2.40879251538572,0.4889633750268918
2609,2.796554921547819,2.324917390313657,0.47163753123416186
2610,2.9053801942194633,2.453717651796874,0.4516625424225893
2611,2.779897254926755,2.3118119232039662,0.46808533172278866
2612,2.7767241349965883,2.305204667130832,0.47151946786575616
2613,2.7574744356363112,2.275872230660818,0.4816022049754931
2614,2.848869532001742,2.39119194454189,0.45767758745985176
2615,2.770744769696965,2.299792912866087,0.47095185683087815
2616,2.8418864047460195,2.37817075152311,0.46371565322290964
2617,2.7808028660206627,2.310732577482811,0.4700702885378516
2618,2.7666019168508464,2.3241525814991686,0.44244933535167785
2619,2.7948832762016966,2.350374435742901,0.4445088404587958
2620,2.8542939383597137,2.394973581600602,0.45932035675911154
2621,2.8373069803544175,2.3781144042305042,0.4591925761239133
2622,2.812133305836147,2.3371358410110497,0.4749974648250972
2623,2.7852188414778944,2.3858863220112667,0.39933251946662773
2624,2.8988317121667007,2.446465594769718,0.45236611739698285
2625,2.766861596430366,2.3048662905957276,0.46199530583463844
2626,2.824968378015622,2.3564753463419312,0.46849303167369083
2627,2.803701884664968,2.3367877056762807,0.4669141789886875
2628,2.8550724936380565,2.381636631217742,0.47343586242031455
2629,2.751367019435791,2.294604592961642,0.4567624264741488
2630,2.762641577182419,2.293732066028337,0.4689095111540822
2631,2.7983735659254725,2.335296930566516,0.4630766353589566
2632,2.7950014077199707,2.33548142966984,0.4595199780501309
2633,2.7342013600607107,2.274657965215217,0.45954339484549367
2634,2.8047345124177774,2.348691760247448,0.4560427521703292
2635,2.782629880472323,2.360094774516162,0.42253510595616106
2636,2.788045346551553,2.3286077595762458,0.45943758697530734
2637,2.8516275661856296,2.3792015183830895,0.47242604780254016
2638,2.8414635226215093,2.3728343653936856,0.4686291572278236
2639,2.8185311271550786,2.3516486004484682,0.46688252670661035
2640,2.83267349861,2.3727996720722615,0.4598738265377387
2641,2.734083691552937,2.2683594678699195,0.4657242236830177
2642,2.821758077509107,2.373848871133352,0.44790920637575526
2643,2.827519713644871,2.3487235960924058,0.4787961175524651
2644,2.831992708056378,2.3803579039178326,0.4516348041385454
2645,2.918857544624555,2.4900190088868897,0.42883853573766517
2646,2.9175016015422726,2.4400538624684174,0.4774477390738552
2647,2.808774899959402,2.3428280373816426,0.46594686257775964
2648,2.816489004572376,2.3271690698884355,0.4893199346839405
2649,2.766786521014071,2.316883335411967,0.4499031856021043
2650,2.908555271921208,2.4788677562081047,0.42968751571310326
2651,2.8201683863422358,2.3349311755507776,0.4852372107914582
2652,2.755482216737592,2.294969052720838,0.46051316401675413
2653,2.7421252119392796,2.280188983784404,0.46193622815487556
2654,2.857438295044969,2.4014377289188054,0.4560005661261637
2655,2.879426309194244,2.4240222664330533,0.45540404276119073
2656,2.749159798760812,2.2694213999618364,0.4797383987989754
2657,2.772145400267281,2.2889417988003213,0.48320360146695984
2658,2.870968874517509,2.4138381825979995,0.4571306919195095
2659,2.8210823422129407,2.343526502591661,0.4775558396212798
2660,2.873127932635586,2.4242099415363914,0.4489179910991945
2661,2.7873542613465934,2.3293291282137694,0.458025133132824
2662,2.7929701276333962,2.307239255184909,0.48573087244848745
2663,2.7666340626946426,2.2916940018905394,0.4749400608041032
2664,2.7002470534478604,2.228021335931325,0.4722257175165354
2665,2.8861912654545896,2.4448649444728328,0.44132632098175684
2666,2.6614393734702917,2.2176556936027914,0.44378367986750034
2667,2.7590235447269373,2.2921001425737493,0.46692340215318806
2668,2.797816380342552,2.3260427999278024,0.4717735804147498
2669,2.777907227493936,2.3481152272348975,0.4297920002590385
2670,2.8555857098947066,2.395946543797686,0.4596391660970207
2671,2.8479071791512705,2.3758490109881447,0.47205816816312574
2672,2.7778099629216437,2.3140775546365173,0.4637324082851264
2673,2.8062924940357976,2.3516026130110643,0.4546898810247333
2674,2.678985331636838,2.2228375394955444,0.45614779214129353
2675,2.811057220280437,2.3678236982325265,0.44323352204791044
2676,2.758131273395366,2.2815433066264994,0.4765879667688666
2677,2.784003002487561,2.3075880801164432,0.4764149223711178
2678,2.8971098007468647,2.4148386030954967,0.48227119765136806
2679,2.9054869325953296,2.454979625530744,0.45050730706458575
2680,2.829323024125308,2.39626266764477,0.4330603564805382
2681,2.8232183494482235,2.3611496180821754,0.4620687313660481
2682,2.7731800031117593,2.3052697695777202,0.46791023353403904
2683,2.8791620932930795,2.4248000290698926,0.4543620642231869
2684,2.8399361306553237,2.3722254368198987,0.46771069383542496
2685,2.845637521112496,2.364189456284838,0.4814480648276578
2686,2.8146803673163965,2.346398628701763,0.4682817386146336
2687,2.81373992553057,2.3357800737928684,0.4779598517377015
2688,2.816877204809268,2.3718963318964876,0.44498087291278043
2689,2.7686320892740794,2.3041235578864145,0.4645085313876649
2690,2.876732377700891,2.395283220745043,0.4814491569558479
2691,2.813521099689397,2.3602635517148176,0.4532575479745793
2692,2.9162877734022263,2.464224385780314,0.4520633876219122
2693,2.8572304473490875,2.3948584629129934,0.46237198443609406
2694,2.80280136902704,2.334321850541323,0.46847951848571734
2695,2.794628352144591,2.323554362747393,0.471073989397198
2696,2.8802818600542803,2.4098477762102117,0.4704340838440686
2697,2.942921967553997,2.493291337308777,0.44963063024522
2698,2.8110305793571437,2.3442747907030257,0.46675578865411804
2699,2.7459475094950965,2.2868551451062866,0.45909236438880985
2700,2.7726431088717827,2.3275998169943897,0.445043291877393
2701,2.915313361211193,2.465908845477558,0.44940451573363527
2702,2.772653079855805,2.2844083293351325,0.4882447505206726
2703,2.8532226677663135,2.41939512391095,0.4338275438553634
2704,2.6803190456285333,2.202132158619718,0.4781868870088153
2705,2.8627558535175446,2.4076831381298733,0.45507271538767124
2706,2.8265858636915193,2.3798426235606644,0.44674324013085487
2707,2.842049438147699,2.3684723249950768,0.4735771131526221
2708,2.7009743312110577,2.2491452331080795,0.4518290981029782
2709,2.872007754734131,2.395026673388393,0.476981081345738
2710,2.72141918917667,2.2485703128801107,0.47284887629655925
2711,2.8724223978469885,2.4252290020132348,0.4471933958337537
2712,2.786307648592037,2.3047306020731195,0.4815770465189173
2713,2.807421563528591,2.350849929812463,0.45657163371612786
2714,2.764949956443731,2.2977522425902404,0.4671977138534906
2715,2.846916998575687,2.3827236314754145,0.46419336710027226
2716,2.8683586526311697,2.427747946456614,0.44061070617455567
2717,2.7915750447273875,2.3315318774381755,0.460043167289212
2718,2.7142636385542427,2.2353231963433275,0.47894044221091514
2719,2.8358936290131074,2.3735786105007377,0.46231501851236967
2720,2.853471160506706,2.4065610064751746,0.44691015403153145
2721,2.927807140249299,2.474845897425659,0.45296124282364003
2722,2.7763159910647137,2.3044606742908145,0.47185531677389925
2723,2.8267340301823896,2.3575941116922663,0.46913991849012326
2724,2.801135428213203,2.3300279251509863,0.4711075030622167
2725,2.7762437917929605,2.3329466916218338,0.4432971001711268
2726,2.731083643360911,2.2741195721287117,0.4569640712321994
2727,2.9034922124890996,2.466796629588816,0.43669558290028343
2728,2.8169467917566724,2.361439060480583,0.45550773127608934
2729,2.738976101001862,2.2915309720506496,0.44744512895121247
2730,2.823200677128537,2.360725310970586,0.46247536615795104
2731,2.8347706032714766,2.3708933096102487,0.4638772936612279
2732,2.892571694343463,2.4343815857197053,0.45819010862375764
2733,2.803635398071831,2.3571760703917466,0.44645932768008434
2734,2.6614340435992028,2.179270553174636,0.48216349042456663
2735,2.951449884833166,2.510384057628826,0.4410658272043402
2736,2.756151526170868,2.291558857588793,0.4645926685820747
2737,2.726322281367777,2.264971139421969,0.46135114194580806
2738,2.906680718138689,2.453248934373262,0.4534317837654269
2739,2.801079194180018,2.3148441166651432,0.4862350775148747
2740,2.7385967383764394,2.261300194788746,0.47729654358769347
2741,2.719188006859378,2.2537964730239493,0.46539153383542864
2742,2.7645478083912804,2.2835855234187954,0.48096228497248505
2743,2.875981017182102,2.4083973674108536,0.4675836497712482
2744,2.8130601613005926,2.3600052771164846,0.453054884184108
2745,2.852652379753768,2.3713621964948715,0.4812901832588965
2746,2.8816276951536577,2.423427231296817,0.45820046385684066
2747,2.8003361474745008,2.3396082553475366,0.4607278921269642
2748,2.7638867666054483,2.2844389597630324,0.47944780684241595
2749,2.869295880494548,2.3839039481757736,0.48539193231877453
2750,2.7674864808823383,2.2912995607148665,0.47618692016747177
2751,2.8231552350306552,2.3871235193476443,0.4360317156830109
2752,2.883420737439369,2.4135210232778777,0.46989971416149157
2753,2.775407226127753,2.3313147474449285,0.4440924786828244
2754,2.804504853047767,2.321227666538159,0.4832771865096084
2755,2.806567088715896,2.3374681641145396,0.4690989246013566
2756,2.8587635611738613,2.4077517809049236,0.45101178026893773
2757,2.853200228858269,2.388734133452513,0.464466095405756
2758,2.8914053021939052,2.4526500937467253,0.43875520844717997
2759,2.8271676426817383,2.372575981639925,0.4545916610418135
2760,2.9017193681676634,2.4476674076364864,0.454051960531177
2761,2.8611496594067405,2.393672894442248,0.46747676496449264
2762,2.728059583098811,2.2645611650603525,0.4634984180384585
2763,2.8482558513260905,2.3931875041431683,0.4550683471829222
2764,2.8945235929890853,2.4224487589792396,0.47207483400984573
2765,2.8750084140103764,2.3911877006564928,0.48382071335388366
2766,2.838706807730967,2.3774153395898097,0.4612914681411575
2767,2.85032159714036,2.3767941150797123,0.47352748206064765
2768,2.8223601368081788,2.3828851109530502,0.43947502585512854
2769,2.8367537726448613,2.350738181041391,0.4860155916034703
2770,2.8882104932697352,2.4636950839819547,0.42451540928778053
2771,2.7586769180744826,2.292394145370757,0.46628277270372553
2772,2.7991592979103053,2.3278449917797497,0.4713143061305556
2773,2.8919351952487573,2.4336128020934127,0.4583223931553446
2774,2.89052818380379,2.4268477580485914,0.46368042575519874
2775,2.75887986221538,2.299183820239655,0.4596960419757248
2776,2.765324907758152,2.3270189789604534,0.4383059287976985
2777,2.853435833942227,2.3867169739564056,0.4667188599858214
2778,2.875231615108475,2.44658900844602,0.42864260666245535
2779,2.8098615488467003,2.350303523638261,0.45955802520843925
2780,2.865892063894374,2.395710611048574,0.4701814528457997
2781,2.86579958881577,2.3967168988868357,0.4690826899289342
2782,2.6432481952889595,2.1691198954134254,0.47412829987553406
2783,2.8595697631210357,2.3838775149880895,0.4756922481329462
2784,2.7758769835966914,2.319837607734225,0.45603937586246657
2785,2.7663477323275507,2.3023257693690002,0.46402196295855047
2786,2.824868818365888,2.371522675837791,0.4533461425280967
2787,2.8633178682739775,2.3982363764281276,0.4650814918458499
2788,2.8257332573081007,2.3439437702009505,0.4817894871071502
2789,2.779160008417309,2.3056992205578513,0.4734607878594579
2790,2.887103751397687,2.4524616150021474,0.4346421363955395
2791,2.7670605092321834,2.30563074692732,0.46142976230486354
2792,2.74173662118284,2.2837622981378316,0.4579743230450082
2793,2.7782198747802855,2.3143378288679117,0.4638820459123738
2794,2.77738828942166,2.3098892964081132,0.4674989930135469
2795,2.8105722392625867,2.339975073556963,0.4705971657056236
2796,2.8879191438919856,2.4237254187142394,0.46419372517774615
2797,2.8234627517141253,2.362548513777799,0.46091423793632647
2798,2.7864217009086554,2.323940786001314,0.4624809149073412
2799,2.8965691326522407,2.436094044772257,0.4604750878799835
2800,2.8035306209189303,2.325553237023482,0.4779773838954484
2801,2.7693247621857773,2.3145426339133772,0.45478212827240005
2802,2.8444773185750547,2.368315451517276,0.47616186705777874
2803,2.8052199263532733,2.3783825396132805,0.42683738673999283
2804,2.8006963828170264,2.319924754545596,0.4807716282714303
2805,2.820042694054586,2.3529980517078215,0.4670446423467647
2806,2.7025010472740143,2.233320236042379,0.46918081123163535
2807,2.840108752028897,2.3966548596151758,0.443453892413721
2808,2.7874689831943877,2.3278149339218155,0.45965404927257225
2809,2.844302551276675,2.395262060652774,0.4490404906239007
2810,2.797038623731282,2.3405071211963846,0.45653150253489727
2811,2.7911657382551662,2.346376960527581,0.4447887777275854
2812,2.8884378799731834,2.430161805290435,0.45827607468274856
2813,2.8372174832281174,2.411930861933262,0.4252866212948554
2814,2.687846099297666,2.20760210665881,0.4802439926388562
2815,2.9185263484941024,2.454851354300446,0.46367499419365643
2816,2.7336780104575897,2.28518494146264,0.4484930689949498
2817,2.717344751754602,2.265894680940496,0.45145007081410604
2818,2.8465695846782295,2.3649977790955483,0.4815718055826812
2819,2.6529079139604863,2.1739939099915815,0.4789140039689048
2820,2.738154481420866,2.273118282903912,0.465036198516954
2821,2.7206231100631264,2.236006942431691,0.48461616763143534
2822,2.8591899795075832,2.3864525400081535,0.4727374394994297
2823,2.8118282642091637,2.345162581096969,0.4666656831121947
2824,2.755424502067966,2.2860952130613716,0.4693292890065943
2825,2.772549603432314,2.3198145734134834,0.45273503001883064
2826,2.8853612563211666,2.41700498538907,0.46835627093209675
2827,2.821991603302521,2.3588526765846707,0.4631389267178503
2828,2.721137476527175,2.258871787634807,0.4622656888923684
2829,2.7432638441020423,2.296816867501175,0.4464469766008672
2830,2.9499545425024705,2.528665075521773,0.42128946698069747
2831,2.8418592988336466,2.3734677039255354,0.4683915949081112
2832,2.814890327084075,2.356923019216795,0.4579673078672801
2833,2.9101762224689236,2.44364731557082,0.46652890689810356
2834,2.7082777373364837,2.225512523793056,0.4827652135434275
2835,2.876262142175803,2.410559627265086,0.46570251491071657
2836,2.7721054887841716,2.298159834826857,0.4739456539573146
2837,2.779745779867721,2.3057975664639567,0.4739482134037645
2838,2.745949781312919,2.2720676457168767,0.4738821355960421
2839,2.901247093507822,2.4497331789206,0.45151391458722223
2840,2.9051191497707713,2.4407553063614382,0.4643638434093331
2841,2.7345910921343717,2.2665783137440783,0.4680127783902934
2842,2.73619203175521,2.2870328202202117,0.44915921153499827
2843,2.8428544300940697,2.382153290837868,0.4607011392562015
2844,2.7459053206469286,2.284331242150565,0.4615740784963638
2845,2.7834104201853247,2.3261085401516715,0.45730188003365324
2846,2.88063736612942,2.4343551963132195,0.4462821698162003
2847,2.8754119889923033,2.4263734403258646,0.4490385486664388
2848,2.705542814108353,2.2639678089718758,0.4415750051364773
2849,2.831554296275379,2.3690526020218483,0.4625016942535307
2850,2.797276804519796,2.318694927955995,0.47858187656380125
2851,2.7634275219535054,2.309342016868616,0.45408550508488954
2852,2.777506519670399,2.3039128959821342,0.47359362368826474
2853,2.816557413928373,2.3361830811193345,0.4803743328090384
2854,2.8504123776897288,2.398327776170112,0.45208460151961694
2855,2.746667502862383,2.3139724908498893,0.4326950120124935
2856,2.953756957111914,2.5129395803910777,0.4408173767208363
2857,2.707237365301126,2.2570180537466427,0.45021931155448325
2858,2.9106151280532644,2.4364616940992656,0.4741534339539988
2859,2.6954843659871246,2.2338937948143345,0.4615905711727901
2860,2.7905605026931015,2.3219709323286026,0.4685895703644989
2861,2.868279269371258,2.414173079733367,0.45410618963789107
2862,2.7756896833550058,2.303479242053257,0.47221044130174894
2863,2.805143805106977,2.3354064774121692,0.4697373276948076
2864,2.67068819027361,2.1929351481449366,0.4777530421286733
2865,2.87209199088652,2.409186535205941,0.46290545568057917
2866,2.7774736219817333,2.3108150844685396,0.46665853751319375
2867,2.818172476684995,2.3668854053218538,0.4512870713631414
2868,2.829769384769439,2.3589320797483504,0.4708373050210888
2869,2.8396037093110715,2.3666922281186245,0.4729114811924471
2870,2.798238481590555,2.3645204208848942,0.43371806070566077
2871,2.8714209555571464,2.3977141721275514,0.47370678342959494
2872,2.740797549325883,2.268385987655532,0.47241156167035125
2873,2.7839715047249527,2.314296038931699,0.4696754657932538
2874,2.769260036855208,2.2964404591915906,0.47281957766361726
2875,2.830181957977846,2.366909998042859,0.4632719599349868
2876,2.7220390416619087,2.255028151966908,0.4670108896950005
2877,2.844590123642517,2.3915869304980903,0.4530031931444265
2878,2.8109111404106177,2.3294356088128483,0.48147553159776946
2879,2.892049643180909,2.4123371253282775,0.4797125178526316
2880,2.729260852267872,2.2446633650550876,0.4845974872127843
2881,2.800498478831972,2.3409063217849493,0.4595921570470227
2882,2.7754584106951663,2.308825198220323,0.46663321247484335
2883,2.7264134503171666,2.2550797436405983,0.4713337066765684
2884,2.9041061504065637,2.430110640214685,0.4739955101918789
2885,2.7485885714988636,2.2788310736885817,0.46975749781028187
2886,2.8515849401597793,2.3888813278534253,0.46270361230635393
2887,2.835591557546341,2.365122434896439,0.47046912264990226
2888,2.832831121634074,2.3614414280161986,0.4713896936178754
2889,2.758400653129086,2.2898198272898216,0.4685808258392643
2890,2.75331883259456,2.2951935440940914,0.45812528850046874
2891,2.7834533246749222,2.3311214323189917,0.4523318923559305
2892,2.7654476770054437,2.3150365113767353,0.4504111656287084
2893,2.8511237378591985,2.370417185580273,0.48070655227892534
2894,2.6514575937317084,2.185337214080571,0.4661203796511373
2895,2.783929479135174,2.329311600623766,0.4546178785114079
2896,2.8437788583462384,2.379283457085636,0.4644954012606024
2897,2.8565945788406015,2.3996461196279606,0.45694845921264093
2898,2.897051889518514,2.4387889169251604,0.45826297259335336
2899,2.7264823985787965,2.252589441933379,0.4738929566454173
2900,2.8417534365610244,2.388975319362831,0.4527781171981933
2901,2.8291210767252872,2.36280033505138,0.46632074167390725
2902,2.8704735206753442,2.4062649559717624,0.46420856470358185
2903,2.7281593613661332,2.2642543953094507,0.4639049660566825
2904,2.8551083129405677,2.3963665808783836,0.45874173206218405
2905,2.8223911478356247,2.3636871003943005,0.4587040474413242
2906,2.7595747891676523,2.2956988809885104,0.4638759081791419
2907,2.882997143387506,2.405803778567801,0.47719336481970487
2908,2.8618118957971297,2.393886107654998,0.4679257881421317
2909,2.9299579505561644,2.471357093801785,0.45860085675437956
2910,2.838316438266966,2.366623986193544,0.47169245207342225
2911,2.8450028698028444,2.4005693786493834,0.4444334911534611
2912,2.7688301037041025,2.301322630594107,0.4675074731099955
2913,2.8732045153919734,2.426918671086971,0.4462858443050024
2914,2.8142565077458572,2.3353741298294834,0.4788823779163738
2915,2.8299633132466195,2.373424437496568,0.4565388757500517
2916,2.8302774233922934,2.354643579788608,0.4756338436036853
2917,2.684225498981221,2.2406898940635886,0.4435356049176322
2918,2.909179026375203,2.4572356803651534,0.4519433460100495
2919,2.880037510264459,2.4522002232384965,0.42783728702596235
2920,2.770562276568525,2.329483172993735,0.44107910357478985
2921,2.8038104116288154,2.3550879662562796,0.4487224453725358
2922,2.721169453294831,2.2739207146949156,0.44724873859991554
2923,2.8610180713450597,2.40450765283366,0.4565104185113995
2924,2.746059368154865,2.267734081379669,0.4783252867751959
2925,2.832888684957855,2.3802355291539357,0.4526531558039193
2926,2.827566976976926,2.3586550283327066,0.4689119486442195
2927,2.8140547405539778,2.3457938136819716,0.46826092687200616
2928,2.7933087146476785,2.333785404628695,0.4595233100189833
2929,2.8455231433631596,2.381620555537612,0.4639025878255474
2930,2.8901777720518615,2.452622381737798,0.43755539031406343
2931,2.7920871509740732,2.3265465894682755,0.4655405615057977
2932,2.7452815742457544,2.280415372967412,0.4648662012783422
2933,2.771146955427255,2.3022408051297547,0.46890615029750027
2934,2.6921664569478216,2.2318948011245623,0.46027165582325935
2935,2.7814402870800414,2.31794592965258,0.46349435742746126
2936,2.886932115452931,2.4239696976291403,0.4629624178237908
2937,2.7676100621373183,2.313176272565298,0.4544337895720205
2938,2.8187010420727066,2.356896514613004,0.46180452745970246
2939,2.777883835482239,2.3243967999794153,0.45348703550282377
2940,2.834463194187108,2.3696657400091032,0.4647974541780049
2941,2.82209377062952,2.359096514166083,0.4629972564634368
2942,2.895363137878133,2.4491148512671175,0.44624828661101557
2943,2.652189340874266,2.1877853762935455,0.46440396458072053
2944,2.790749755381597,2.327209551069737,0.4635402043118604
2945,2.90151790691653,2.4876281618250435,0.41388974509148646
2946,2.8234418853767425,2.342710507500142,0.48073137787660025
2947,2.8250737413864497,2.343777520722162,0.4812962206642877
2948,2.8073681934818704,2.3340477264761685,0.47332046700570185
2949,2.839442581966292,2.391120701490786,0.44832188047550625
2950,2.7784483649422604,2.2942247822985333,0.4842235826437271
2951,2.772708462270797,2.3253734940347965,0.4473349682360004
2952,2.9120252640545274,2.457764241848301,0.45426102220622644
2953,2.8222951498318496,2.3839339873253445,0.43836116250650514
2954,2.8366144823910067,2.367799921331001,0.46881456106000563
2955,2.828812414351847,2.396157748675703,0.4326546656761443
2956,2.750804876696168,2.2974141778874393,0.45339069880872884
2957,2.82271863741799,2.342031523966102,0.48068711345188797
2958,2.928862381425625,2.546873670380528,0.3819887110450968
2959,2.86049531406624,2.3857788306058194,0.4747164834604205
2960,2.8127813415805085,2.3340108240569726,0.47877051752353594
2961,2.8236357468640936,2.3590972641778123,0.4645384826862813
2962,2.8177187669918373,2.354295069840307,0.4634236971515304
2963,2.796263695599514,2.347458101865283,0.44880559373423123
2964,2.728228838954731,2.2771354622221867,0.45109337673254446
2965,2.7778552851856637,2.2916381112110864,0.4862171739745773
2966,2.727310345340565,2.2421566936814323,0.4851536516591328
2967,2.8012769329385,2.344320174027838,0.4569567589106618
2968,2.834969491630997,2.4145498457897228,0.4204196458412741
2969,2.8118318343514517,2.3403213429952063,0.47151049135624534
2970,2.772322062471499,2.301627584637415,0.47069447783408425
2971,2.917038670236917,2.4590469062070657,0.4579917640298512
2972,2.695724975052002,2.2193764590113316,0.4763485160406704
2973,2.8174383107462453,2.365030098537981,0.45240821220826444
2974,2.9161330267893724,2.471398527392463,0.44473449939690957
2975,2.7334001239387153,2.3024916173563263,0.430908506582389
2976,2.7469836035047943,2.268266622267435,0.4787169812373593
2977,2.6570051957207568,2.1998839046831424,0.45712129103761434
2978,2.824193088367117,2.3727585810657903,0.4514345073013266
2979,2.7126263128536623,2.246890215717604,0.46573609713605846
2980,2.904479363968797,2.452971265539331,0.45150809842946593
2981,2.768112635109306,2.323318012967726,0.44479462214157994
2982,2.9187251060106356,2.4847258846851,0.4339992213255357
2983,2.818536195080086,2.3626811167969364,0.4558550782831494
2984,2.8926086905658033,2.41726994572599,0.4753387448398132
2985,2.9440272005403805,2.478531546429152,0.4654956541112285
2986,2.8248950710074183,2.380102022762515,0.4447930482449034
2987,2.834702627030024,2.370683222576029,0.46401940445399514
2988,2.8605068757864323,2.40831978179456,0.4521870939918724
2989,2.8142686870142164,2.349527839096587,0.4647408479176294
2990,2.8940921723686994,2.46697469765638,0.42711747471231964
2991,2.7593827332660634,2.2827700542175156,0.47661267904854787
2992,2.779300989957561,2.329052059939013,0.4502489300185477
2993,2.831338329770918,2.380739273667962,0.45059905610295603
2994,2.7762429789340195,2.2980303645665283,0.4782126143674912
2995,2.763726976744336,2.2972691534797254,0.4664578232646108
2996,2.7357334561563986,2.257652481897988,0.4780809742584107
2997,2.7726562636799112,2.321726998074815,0.45092926560509605
2998,2.746584931657485,2.2886473875032993,0.4579375441541855
2999,2.890149546990544,2.4411004397456866,0.44904910724485747
3000,2.7230696165799553,2.24683653482756,0.4762330817523952
3001,2.786216390731471,2.321792664564889,0.464423726166582
3002,2.8742848769412603,2.3914616232322867,0.4828232537089736
3003,2.8756519250215433,2.4183690306345618,0.45728289438698155
3004,2.821068848092315,2.35103306399285,0.4700357840994651
3005,2.738107566513293,2.261227178786511,0.4768803877267822
3006,2.8144171149539723,2.33127824421316,0.4831388707408122
3007,2.805665774127701,2.3345108902428353,0.4711548838848656
3008,2.7740533267315963,2.3024683459654427,0.4715849807661536
3009,2.763237975984664,2.2885558959839774,0.47468208000068657
3010,2.895062278059542,2.4370297298038848,0.4580325482556571
3011,2.6779864475434056,2.2183833334601046,0.459603114083301
3012,2.865253647343524,2.3998819739660804,0.4653716733774438
3013,2.8310898888414067,2.3879073066925325,0.4431825821488742
3014,2.856056866449562,2.4118716587887756,0.4441852076607864
3015,2.845552990575591,2.3898439589394163,0.4557090316361747
3016,2.842339183383966,2.376208298837375,0.46613088454659124
3017,2.7264941904072715,2.2604445571426908,0.4660496332645807
3018,2.735722879149332,2.2775863398385248,0.4581365393108072
3019,2.7505566850470724,2.2932613931653414,0.457295291881731
3020,2.774810874675689,2.2988583791650337,0.47595249551065555
3021,2.8054247180146166,2.3405984505974646,0.46482626741715194
3022,2.9206497168745185,2.4605410684304125,0.4601086484441059
3023,2.771427858860639,2.291108514616956,0.48031934424368306
3024,2.696919905286907,2.2389507200187375,0.45796918526816954
3025,2.794359823887179,2.331536955715076,0.46282286817210316
3026,2.7651153303661946,2.3044195665668457,0.46069576379934896
3027,2.8358365234672953,2.3669350891954553,0.46890143427184006
3028,2.8334938528951845,2.3583078718163883,0.47518598107879617
3029,2.9162661220389468,2.443029563370357,0.4732365586685896
3030,2.908213302551527,2.458615943171902,0.449597359379625
3031,2.662723592962351,2.2028172991758828,0.4599062937864682
3032,2.7727416262320497,2.298635583387793,0.4741060428442565
3033,2.7681081073955003,2.3167326148479983,0.451375492547502
3034,2.688880600263415,2.2192652035045337,0.4696153967588814
3035,2.8646548039235373,2.4148942675539087,0.44976053636962865
3036,2.9551217288333222,2.5370030127526073,0.41811871608071494
3037,2.9049148524618063,2.462401284893856,0.44251356756795035
3038,2.803292011598197,2.313999648323248,0.48929236327494907
3039,2.8126166946461653,2.357297405798945,0.45531928884722017
3040,2.8418395301625403,2.4113299380817725,0.4305095920807678
3041,2.7765238268575394,2.320459814798579,0.4560640120589605
3042,2.759269988711111,2.308987968631928,0.45028202007918283
3043,2.849546029560282,2.378933601870932,0.47061242768934974
3044,2.8564707240337084,2.3922840816282136,0.4641866424054948
3045,2.822394361423828,2.341046182393568,0.4813481790302596
3046,2.7583562551662766,2.2810929431366005,0.4772633120296761
3047,2.816115288752905,2.3585050826887906,0.4576102060641145
3048,2.8228683928646503,2.358164223727058,0.46470416913759216
3049,2.7845197749971384,2.330572560047571,0.45394721494956736
3050,2.7736617497799987,2.3092058635556025,0.46445588622439615
3051,2.6921509911347767,2.2300611106140953,0.46208988052068145
3052,2.776376110181977,2.3007240587562836,0.4756520514256932
3053,2.7861004746667084,2.3216745543846433,0.4644259202820651
3054,2.9105412728230933,2.4755746211913254,0.43496665163176784
3055,2.833700788898595,2.3587527723535744,0.4749480165450204
3056,2.927371981046498,2.481015689053145,0.44635629199335325
3057,2.758371532717976,2.29663315699215,0.461738375725826
3058,2.7663926307213482,2.300664289078511,0.46572834164283705
3059,2.756326939726822,2.297878007240864,0.45844893248595797
3060,2.7408793897098818,2.2771611018023292,0.46371828790755254
3061,2.7217922090129094,2.2651002355109844,0.45669197350192503
3062,2.875556749906895,2.403456095683444,0.4721006542234507
3063,2.8392198354680387,2.402800980603928,0.4364188548641108
3064,2.595945875169814,2.131983281189652,0.46396259398016193
3065,2.8196784066155907,2.3654181051772523,0.4542603014383384
3066,2.8170742179478063,2.3252128410158397,0.49186137693196663
3067,2.769638321545219,2.296150287679218,0.4734880338660008
3068,2.8196451577725794,2.3476100285611596,0.47203512921141977
3069,2.734172618901063,2.269739242857595,0.464433376043468
3070,2.807218384314628,2.3387849780326424,0.4684334062819855
3071,2.8767189131875157,2.424886819470594,0.4518320937169218
3072,2.7447489428057334,2.2599439692147603,0.4848049735909732
3073,2.8626917140513046,2.392654221760953,0.47003749229035163
3074,2.592384961556315,2.1169421689588575,0.4754427925974576
3075,2.8391755729576866,2.3767176416653277,0.4624579312923589
3076,2.782462099607793,2.2991119859984996,0.48335011360929325
3077,2.852537987596383,2.4384042755684607,0.4141337120279225
3078,2.7880253100842394,2.322361230960644,0.46566407912359553
3079,2.8175751113890177,2.343777613038521,0.47379749835049667
3080,2.7680720316979257,2.2826443265737613,0.48542770512416444
3081,2.9212940180999487,2.447056731621909,0.47423728647803953
3082,2.7885315774775834,2.3390677938795426,0.44946378359804084
3083,2.9246274784296795,2.444886164607468,0.4797413138222115
3084,2.803670660486165,2.3357426090506346,0.4679280514355306
3085,2.842444531999638,2.376789587195511,0.46565494480412717
3086,2.7907752381670883,2.323162256233847,0.4676129819332413
3087,2.851375899107683,2.3780834957871266,0.47329240332055633
3088,2.7483893786311375,2.294833495766532,0.4535558828646056
3089,2.736762566849767,2.2777973816757493,0.4589651851740175
3090,2.784839372417037,2.3297928253028988,0.4550465471141383
3091,2.822570434261105,2.3530078060114166,0.46956262824968853
3092,2.6783514329990052,2.21170216225,0.4666492707490053
3093,2.7963027288059514,2.3236693288062935,0.4726333999996579
3094,2.776435766926983,2.301505635306709,0.47493013162027387
3095,2.7506844724424817,2.281438998870129,0.4692454735723528
3096,2.798009847777009,2.3253509044894747,0.4726589432875343
3097,2.888119404663967,2.4162357000090253,0.47188370465494156
3098,2.832620065062425,2.361340935758571,0.4712791293038543
3099,2.8609254551239296,2.3961151856079637,0.46481026951596593
3100,2.7244642571475324,2.255298308990416,0.4691659481571162
3101,2.6043291532466295,2.132408781521928,0.4719203717247016
3102,2.848946533910009,2.3735798360597866,0.47536669785022223
3103,2.7855267883162935,2.3283751748649824,0.45715161345131117
3104,2.760017853084407,2.2956784542073096,0.4643393988770974
3105,2.8412853310967505,2.4135854888921786,0.4276998422045719
3106,2.7852815096390646,2.3219823782315734,0.46329913140749124
3107,2.7612614793575805,2.2968114918886564,0.4644499874689241
3108,2.651606431014191,2.169318738799074,0.48228769221511714
3109,2.6572701521852413,2.188201450812247,0.4690687013729944
3110,2.8793768138410525,2.4308369032712442,0.44853991056980824
3111,2.760008482889774,2.2859355315165986,0.4740729513731754
3112,2.785847908898104,2.347763282353807,0.4380846265442968
3113,2.7912774714439568,2.3115092991674193,0.47976817227653745
3114,2.8055328945262876,2.3639524654694304,0.44158042905685724
3115,2.8260581543582326,2.3650645469730196,0.460993607385213
3116,2.8237602223357268,2.3899126259438788,0.433847596391848
3117,2.9275285955451573,2.4598247373525783,0.467703858192579
3118,2.8298396476861,2.365466932133034,0.46437271555306614
3119,2.7919926757220335,2.308311672854759,0.48368100286727467
3120,2.8860010478587568,2.444314952517596,0.441686095341161
3121,2.9198324656762424,2.457723817938032,0.46210864773821037
3122,2.752704414402502,2.2794410538782075,0.47326336052429463
3123,2.8199480545284796,2.3477080588638093,0.47223999566467034
3124,2.841507314555251,2.3796165881874902,0.46189072636776096
3125,2.845234413634935,2.375607963453503,0.469626450181432
3126,2.80910631494248,2.328432721586446,0.480673593356034
3127,2.709547562866221,2.2398738768386446,0.4696736860275763
3128,2.8278766956422285,2.357439735930921,0.4704369597113076
3129,2.791849042868859,2.331457837111578,0.460391205757281
3130,2.7912194848634306,2.3293383146106503,0.4618811702527803
3131,2.7960624276957535,2.334072998294241,0.46198942940151255
3132,2.816569849440451,2.3681791163835793,0.44839073305687194
3133,2.8265910983044784,2.374359019556858,0.4522320787476204
3134,2.7809592125152363,2.314570363134777,0.4663888493804591
3135,2.9076691655284743,2.505597747877451,0.4020714176510234
3136,2.7584173001079626,2.2888138924410786,0.469603407666884
3137,2.7962033041936216,2.32594918518364,0.4702541190099816
3138,2.7072249172158505,2.2602824476564884,0.446942469559362
3139,2.847504502418526,2.3879072771737984,0.4595972252447278
3140,2.755124585837763,2.3027336383386285,0.45239094749913455
3141,2.7969139079427725,2.3483748061556264,0.44853910178714607
3142,2.768743277065262,2.306332128225393,0.4624111488398692
3143,2.7143997613983606,2.240274862453666,0.47412489894469445
3144,2.824899543303023,2.3405330989082462,0.4843664443947766
3145,2.8453745710824325,2.3758970225587572,0.4694775485236753
3146,2.819344883179615,2.36421161915215,0.4551332640274648
3147,2.783003668415114,2.329886877768517,0.4531167906465967
3148,2.795689584069299,2.3246807834315306,0.4710088006377684
3149,2.911018188673497,2.4268136909617977,0.4842044977116995
3150,2.848567040986804,2.382907668151166,0.46565937283563796
3151,2.7427830668929567,2.266108844467544,0.4766742224254128
3152,2.8244989724409137,2.3570583565637455,0.46744061587716823
3153,2.742085806454432,2.2648838303071748,0.47720197614725723
3154,2.8919964490127863,2.4350442982684593,0.45695215074432705
3155,2.775808027845916,2.3167842862140495,0.4590237416318663
3156,2.8995566517972793,2.4360299045548617,0.4635267472424176
3157,2.755243786765445,2.280931331673425,0.4743124550920199
3158,2.850159361088224,2.398314529045273,0.4518448320429509
3159,2.773585039086607,2.341021935251141,0.43256310383546603
3160,2.892414112251572,2.4784280914159806,0.41398602083559144
3161,2.7854355754185485,2.3237534668326463,0.4616821085859022
3162,2.8464357813211674,2.3896650765474714,0.45677070477369597
3163,2.842461317512847,2.3747527412835914,0.46770857622925543
3164,2.704958712396176,2.242788181345659,0.46217053105051686
3165,2.8010782817174045,2.3291402445399636,0.47193803717744087
3166,2.8733611648230806,2.4393609321252776,0.43400023269780297
3167,2.896677797778278,2.4476602749079226,0.44901752287035546
3168,2.7558454845974363,2.2846358567481277,0.47120962784930853
3169,2.913861881975783,2.522409484205593,0.3914523977701898
3170,2.703597664501086,2.24151006922634,0.46208759527474585
3171,2.8389540001525586,2.3936409166148547,0.44531308353770394
3172,2.8836862562079273,2.441348743349585,0.4423375128583422
3173,2.874101172655329,2.419777123656326,0.45432404899900325
3174,2.8233287668583023,2.3440368521704262,0.479291914687876
3175,2.792434084413745,2.324486606780724,0.4679474776330208
3176,2.872891930917862,2.4067112713348764,0.4661806595829856
3177,2.8155736828081426,2.3447652103344487,0.47080847247369384
3178,2.874176477502169,2.416924206629961,0.4572522708722082
3179,2.8310451345339134,2.345369159435777,0.48567597509813654
3180,2.859381070096226,2.40470168537002,0.45467938472620606
3181,2.7061294207919167,2.229653203832625,0.47647621695929177
3182,2.843722331923233,2.376764989420428,0.4669573425028051
3183,2.6959272066747633,2.2246380415969127,0.47128916507785057
3184,2.8564989561073038,2.366300588059181,0.49019836804812256
3185,2.8100498207164786,2.364677445081916,0.44537237563456245
3186,2.8561839554991835,2.4110384273829677,0.44514552811621577
3187,2.6345123837688256,2.174112320207307,0.46040006356151864
3188,2.78041701446637,2.3325475933575697,0.4478694211088001
3189,2.8103787400762625,2.349557556826175,0.4608211832500877
3190,2.6946016504693957,2.2430019647942068,0.45159968567518893
3191,2.752243801532002,2.2966079158139125,0.45563588571808955
3192,2.8455751771945508,2.384495593895007,0.46107958329954357
3193,2.8570937027720906,2.396495857407985,0.46059784536410575
3194,2.8128105077016867,2.3309745467659946,0.48183596093569214
3195,2.6606376842589587,2.20167107531149,0.45896660894746866
3196,2.711761855421138,2.248560553509946,0.4632013019111918
3197,2.821494573878164,2.3704043950694524,0.4510901788087116
3198,2.7479872956074676,2.2831311413715034,0.46485615423596416
3199,2.7472650091047397,2.2964809165583473,0.4507840925463924
3200,2.7697258928821666,2.3017587225351113,0.4679671703470554
3201,2.8719577022146336,2.3910849322051897,0.48087277000944395
3202,2.8801938833428475,2.422751380079552,0.4574425032632954
3203,2.796906112672319,2.334509472681476,0.462396639990843
3204,2.908346760079219,2.4669997908053394,0.4413469692738796
3205,2.7637439576476597,2.2990349724660963,0.46470898518156334
3206,2.833186792461989,2.3688653146441654,0.4643214778178235
3207,2.865163828823966,2.395315613730826,0.46984821509314
3208,2.7372726708094732,2.255022762181757,0.4822499086277161
3209,2.7836160279661297,2.30645263338923,0.4771633945768996
3210,2.8762152881664518,2.4267355163137565,0.4494797718526953
3211,2.8341937232496957,2.346661808172813,0.48753191507688287
3212,2.891085905198509,2.4228820388900663,0.4682038663084427
3213,2.787050569857512,2.338804003743804,0.44824656611370806
3214,2.867647754463125,2.4203335516655455,0.4473142027975796
3215,2.776377204028747,2.314657423841624,0.4617197801871229
3216,2.9608323542641504,2.5118885473459023,0.4489438069182481
3217,2.737668000747408,2.264864557108654,0.47280344363875404
3218,2.7429785072895267,2.264962467648715,0.47801603964081174
3219,2.869886431047986,2.4260603895372657,0.44382604151072025
3220,2.8733809540947037,2.3985927944125143,0.47478815968218946
3221,2.844675945284618,2.3682309256509546,0.4764450196336636
3222,2.7022733274599635,2.245399195268895,0.4568741321910683
3223,2.8452921350963543,2.3903894245837076,0.45490271051264664
3224,2.841101338020134,2.384266916724683,0.45683442129545115
3225,2.830212489462822,2.367723478206681,0.4624890112561406
3226,2.786049282675152,2.32620902137037,0.45984026130478206
3227,2.8752799140406675,2.4227174079676193,0.45256250607304827
3228,2.857407546986098,2.4218804328628165,0.4355271141232815
3229,2.870910824353337,2.4051568626289566,0.46575396172438044
3230,2.7028564319660084,2.229043099435405,0.4738133325306033
3231,2.7269358513145745,2.2663807503199824,0.46055510099459207
3232,2.8538312104900223,2.3861196928283306,0.4677115176616917
3233,2.8742577690883846,2.4602617433101344,0.41399602577825023
3234,2.725158504987847,2.2753043678940097,0.44985413709383737
3235,2.910113796532541,2.432016350374337,0.47809744615820415
3236,2.890553575663314,2.4331765507710768,0.4573770248922373
3237,2.9168079197182912,2.4426352218139,0.4741726979043914
3238,2.8091995001963195,2.344570324266266,0.4646291759300536
3239,2.8857474852560383,2.428926699023037,0.4568207862330014
3240,2.7531138473035837,2.313586054210041,0.43952779309354284
3241,2.850750628624745,2.380084899902205,0.47066572872254
3242,2.8314438292353543,2.3768027026515197,0.4546411265838346
3243,2.829493873782595,2.381672651404755,0.44782122237783994
3244,2.9227118548999553,2.4687105921674575,0.45400126273249786
3245,2.8167216448380836,2.3497576778512164,0.46696396698686726
3246,2.7184773517851775,2.2395565554750023,0.47892079631017515
3247,2.7606869731215626,2.3004629091528703,0.4602240639686923
3248,2.7397923746484363,2.2727734889768665,0.4670188856715698
3249,2.969477720885391,2.553719931002234,0.4157577898831568
3250,2.824696031010204,2.3762394756313623,0.44845655537884177
3251,2.9226755908555333,2.4690134143572475,0.4536621764982858
3252,2.794673444827621,2.3453925584452704,0.44928088638235053
3253,2.7879917388089464,2.343598410454352,0.44439332835459444
3254,2.772621852781722,2.308576800544877,0.4640450522368451
3255,2.832666102816846,2.349748450807891,0.48291765200895487
3256,2.8341824107961826,2.3854372944277524,0.4487451163684302
3257,2.692978706000754,2.2208140430767234,0.4721646629240306
3258,2.6748002980129275,2.204896387946208,0.4699039100667197
3259,2.7818941921407325,2.3401053332698516,0.44178885887088093
3260,2.8203723244015326,2.344902754839075,0.47546956956245756
3261,2.7444319636982693,2.2950265350783843,0.449405428619885
3262,2.7785230265858645,2.3130562244252517,0.46546680216061276
3263,2.664881369115531,2.2017089610093747,0.4631724081061561
3264,2.898103042306536,2.434073809187068,0.46402923311946775
3265,2.82349624227269,2.3470266955538306,0.4764695467188593
3266,2.8042595355486983,2.3595379332802016,0.4447216022684968
3267,2.7854615466689037,2.3223997072270794,0.4630618394418242
3268,2.7902554347446302,2.310527500484674,0.4797279342599561
3269,2.7328241602407477,2.279664572566901,0.4531595876738468
3270,2.818956925632787,2.3669597243595852,0.45199720127320164
3271,2.871682969643501,2.4039693311837094,0.4677136384597915
3272,2.8255168092925054,2.3837965434396695,0.44172026585283586
3273,2.8726180146852736,2.4040643771376877,0.46855363754758583
3274,2.8065465767408564,2.3395807290503776,0.4669658476904788
3275,2.7700192894032862,2.303328030726558,0.46669125867672845
3276,2.7508347167655436,2.28866371297164,0.4621710037939035
3277,2.8847503405857107,2.428975397711523,0.4557749428741875
3278,2.76134509822685,2.291789903789931,0.4695551944369192
3279,2.8822173723733697,2.412935150826425,0.46928222154694454
3280,2.864011355656896,2.3950694702088167,0.46894188544807935
3281,2.8688165560670473,2.3867431704393702,0.4820733856276771
3282,2.7995608690097273,2.3156385240789077,0.48392234493081965
3283,2.814710898056884,2.3473337991918313,0.4673770988650525
3284,2.841420120478278,2.38091020014346,0.46050992033481775
3285,2.7974076440511353,2.3282826237733425,0.4691250202777928
3286,2.8235354475365884,2.3799767831015015,0.44355866443508685
3287,2.7560954800587494,2.297676838625773,0.4584186414329765
3288,2.8673683752981973,2.414420262034075,0.4529481132641222
3289,2.840028085403234,2.356039661530452,0.48398842387278185
3290,2.8486516991796242,2.403109148716027,0.44554255046359703
3291,2.868138226649142,2.4110554994307343,0.4570827272184079
3292,2.8278268241905176,2.368638773574321,0.4591880506161967
3293,2.6886536738053457,2.234093130907274,0.4545605428980717
3294,2.866862716764979,2.4569653588831293,0.4098973578818499
3295,2.779532408493133,2.3034046889679947,0.47612771952513855
3296,2.6838139148075086,2.2253718505303035,0.45844206427720513
3297,2.7878172944873563,2.3372474563756125,0.4505698381117438
3298,2.81858584604344,2.3913375945537996,0.4272482514896403
3299,2.9036566295957082,2.4485857034686163,0.455070926127092
3300,2.8890795121025366,2.428067388704584,0.4610121233979525
3301,2.847951410306502,2.3792891002736627,0.4686623100328391
3302,2.75457387041855,2.2968587936646485,0.45771507675390133
3303,2.6653164980795045,2.197648014237216,0.46766848384228865
3304,2.7460109109268354,2.2953304054105423,0.450680505516293
3305,2.671589225457554,2.2141199605745947,0.45746926488295925
3306,2.974451640430467,2.5742766420154313,0.4001749984150358
3307,2.8067165513651626,2.339623269584368,0.46709328178079446
3308,2.8605198746367138,2.376447802705953,0.48407207193076074
3309,2.714718809980654,2.2472279894877683,0.4674908204928858
3310,2.8911235712297976,2.4424938212675458,0.4486297499622518
3311,2.82441581122997,2.3797202395711192,0.44469557165885076
3312,2.810142815540566,2.3423158608725907,0.4678269546679754
3313,2.7476535648345735,2.279068845027123,0.4685847198074504
3314,2.853941426357076,2.3754173694001617,0.47852405695691447
3315,2.824474818869861,2.361394914858879,0.4630799040109821
3316,2.873000171875795,2.422349078643447,0.4506510932323482
3317,2.7868415249804253,2.3264245632238967,0.4604169617565286
3318,2.730949414764657,2.2805206939865283,0.4504287207781288
3319,2.8815163900984144,2.4302791615006814,0.4512372285977331
3320,2.7027101276979053,2.2293805016553336,0.47332962604257167
3321,2.7603832476950902,2.3086244123039212,0.451758835391169
3322,2.6696753494096437,2.202952741954511,0.4667226074551327
3323,2.755539926869981,2.269270061526157,0.48626986534382377
3324,2.795567210850917,2.3338014721658227,0.4617657386850942
3325,2.893199132533852,2.4202856492499683,0.4729134832838837
3326,2.7383553473870355,2.2735984372991425,0.464756910087893
3327,2.8470535367079743,2.368206480846312,0.47884705586166243
3328,2.916206438663763,2.433086808943797,0.4831196297199658
3329,2.6525567025955867,2.17576334777441,0.4767933548211767
3330,2.826999836248701,2.3707046658486255,0.4562951704000757
3331,2.7593762038549876,2.286262901494871,0.4731133023601166
3332,2.811621360159497,2.3371280212453045,0.47449333891419254
3333,2.7777996704382844,2.3138011548874684,0.46399851555081595
3334,2.741179300220051,2.264280176222582,0.4768991239974687
3335,2.8997217994579305,2.4801609599011636,0.41956083955676693
3336,2.9121393314293518,2.4393167426001683,0.4728225888291835
3337,2.737864881497597,2.2582713224718267,0.4795935590257705
3338,2.864164883098265,2.4127458417420793,0.4514190413561856
3339,2.6962106167825923,2.230466941987738,0.46574367479485446
3340,2.8808930491262155,2.410668980203142,0.47022406892307345
3341,2.9338013104755793,2.5034972163040967,0.43030409417148263
3342,2.8123038854242974,2.3432568797597764,0.46904700566452107
3343,2.816332880458392,2.3526651710661466,0.46366770939224544
3344,2.7954028370396373,2.345263798626977,0.45013903841266023
3345,2.636892917778312,2.1805876463544216,0.45630527142389044
3346,2.794313659542299,2.337616053702124,0.4566976058401746
3347,2.863101702467847,2.4061305112636213,0.4569711912042256
3348,2.7922695762320813,2.315971590002383,0.4762979862296981
3349,2.8131335985671697,2.3510451370859067,0.46208846148126304
3350,2.6484865466410867,2.1758491426345485,0.4726374040065382
3351,2.8518620475792167,2.3662382641664794,0.48562378341273726
3352,2.7296561832718003,2.2701912378603697,0.45946494541143057
3353,2.785069217751365,2.3080266801893425,0.4770425375620224
3354,2.850074863455804,2.3800152653379527,0.47005959811785125
3355,2.805051373921644,2.3432960765830604,0.46175529733858367
3356,2.787523980749461,2.3315585418677074,0.45596543888175356
3357,2.759005576613315,2.287555456779186,0.4714501198341292
3358,2.8196540699115267,2.3717095005288975,0.44794456938262917
3359,2.724250095898355,2.2608346874971548,0.4634154084012003
3360,2.806190249009091,2.338432746456275,0.467757502552816
3361,2.8152247652711337,2.3479388269391537,0.46728593833198007
3362,2.745584842817798,2.2899298234902226,0.45565501932757524
3363,2.766426145512856,2.314376695483963,0.45204945002889296
3364,2.8127206053724434,2.361058246579856,0.4516623587925874
3365,2.780263251910596,2.3100906073718366,0.4701726445387595
3366,2.8645398947892278,2.371640494195147,0.49289940059408055
3367,2.822846138183817,2.3489887295174174,0.4738574086663996
3368,2.7781417669247075,2.3157391822028743,0.46240258472183315
3369,2.7910547061750055,2.3200639886367846,0.47099071753822086
3370,2.851984352256809,2.3762555274189547,0.47572882483785417
3371,2.7463171296278888,2.297956631721621,0.44836049790626786
3372,2.783205779330715,2.316365917728115,0.4668398616025997
3373,2.9038716169276566,2.425761574784189,0.4781100421434674
3374,2.8410745885404407,2.378717749176895,0.46235683936354555
3375,2.8876660337123616,2.4286796470210987,0.4589863866912629
3376,2.8775747453360507,2.4034288275852576,0.4741459177507932
3377,2.836901549697063,2.3619914352646973,0.47491011443236575
3378,2.8019893482157965,2.340835763402211,0.4611535848135855
3379,2.6541640401613424,2.1990404854509955,0.45512355471034693
3380,2.859525810832071,2.3828998290008454,0.4766259818312255
3381,2.9119312927603906,2.4360154464096153,0.47591584635077533
3382,2.813278459376442,2.360308844683872,0.45296961469257013
3383,2.739256197327104,2.2554636036791282,0.4837925936479759
3384,2.8641617771597563,2.3880700224134457,0.4760917547463106
3385,2.794477240874197,2.3409954562898987,0.45348178458429844
3386,2.873497771497859,2.4230636996866983,0.4504340718111606
3387,2.884238694386456,2.428317647815959,0.45592104657049726
3388,2.8254554387036435,2.3592522766709934,0.4662031620326501
3389,2.824840773716001,2.3590625656417363,0.46577820807426473
3390,2.752140462008926,2.279929324319182,0.4722111376897442
3391,2.7816121591628202,2.3186491399783313,0.4629630191844889
3392,2.8331897253508753,2.371143613233132,0.4620461121177435
3393,2.823572156962705,2.3394208047196554,0.4841513522430496
3394,2.8711075617427477,2.412546092383641,0.4585614693591067
3395,2.804005575573806,2.328772689145727,0.47523288642807904
3396,2.798623980067938,2.3315357187401267,0.46708826132781134
3397,2.885634997012571,2.428979719592111,0.4566552774204604
3398,2.8783940560258254,2.443967323840148,0.4344267321856776
3399,2.7990071178047216,2.3299955845503666,0.46901153325435496
3400,2.822007534513193,2.3527823007847837,0.4692252337284093
3401,2.8818108507937543,2.42745969498055,0.4543511558132045
3402,2.762307239473338,2.293751032340167,0.46855620713317103
3403,2.8884372154869844,2.4764970470695427,0.41194016841744174
3404,2.7020353141986977,2.2299043472490867,0.472130966949611
3405,2.7940984876359103,2.3283660564925057,0.46573243114340457
3406,2.77407152099644,2.3215178755320967,0.4525536454643433
3407,2.76927615350168,2.326719886675007,0.44255626682667293
3408,2.7404580971940775,2.272006215250454,0.4684518819436234
3409,2.8280563940450816,2.3592480494122183,0.46880834463286325
3410,2.7332380925863164,2.27275707879812,0.4604810137881965
3411,2.840130298240082,2.382226987041258,0.457903311198824
3412,2.867385320894157,2.4099448838440836,0.45744043705007353
3413,2.768205181643376,2.312710987700823,0.45549419394255297
3414,2.8237040241790017,2.3738890039976166,0.4498150201813851
3415,2.7759846802659407,2.323576200653683,0.4524084796122576
3416,2.7401767780478217,2.266388495377925,0.4737882826698967
3417,2.7387622306000736,2.2684267357191032,0.4703354948809704
3418,2.8178959657229594,2.3549485238500814,0.46294744187287806
3419,2.8635443964282734,2.403105451252006,0.4604389451762674
3420,2.72907285192739,2.2877356426572555,0.4413372092701344
3421,2.73959420441581,2.297789485894656,0.441804718521154
3422,2.8716946604773437,2.42514527250419,0.4465493879731537
3423,2.837868697691252,2.379873061838522,0.45799563585272995
3424,2.7805350012106413,2.3164439275749698,0.4640910736356716
3425,2.731712588591698,2.254558349946127,0.47715423864557094
3426,2.863048081973675,2.408007080846276,0.4550410011273991
3427,2.755460198204798,2.277560401628524,0.4778997965762741
3428,2.7918868322845074,2.3351587324371996,0.4567280998473078
3429,2.8218926943814697,2.3632624536661173,0.4586302407153524
3430,2.784656508027503,2.3256508618806104,0.45900564614689277
3431,2.932316148619997,2.5206462492225366,0.41166989939746035
3432,2.7769936425410098,2.3011836928923026,0.47580994964870715
3433,2.817042236691509,2.345053259314048,0.4719889773774608
3434,2.864554986102284,2.3986303765448667,0.4659246095574172
3435,2.634619294694343,2.1614249286504554,0.47319436604388754
3436,2.8080663824419396,2.360686761725078,0.44737962071686166
3437,2.7595579920614814,2.2825627730569993,0.47699521900448216
3438,2.829808375609735,2.35014397613128,0.4796643994784553
3439,2.838077367083871,2.389118549264166,0.44895881781970504
3440,2.7749285017440526,2.3175955613163346,0.457332940427718
3441,2.8922022991676077,2.419391432497111,0.47281086667049665
3442,2.8761631781370616,2.444957310500362,0.43120586763669966
3443,2.8016778535476226,2.334105147598688,0.4675727059489345
3444,2.6824019999571287,2.2219384778523477,0.46046352210478103
3445,2.9263341708558537,2.458697594240844,0.4676365766150097
3446,2.8598054839875036,2.403539895606164,0.45626558838133935
3447,2.793165471245967,2.3274580548419745,0.46570741640399227
3448,2.7340587544264956,2.272514124284798,0.46154463014169744
3449,2.6763587309242327,2.214897773162898,0.4614609577613349
3450,2.787645240037039,2.316061807188511,0.471583432848528
3451,2.891647139697736,2.4414488128427028,0.45019832685503314
3452,2.689148421573951,2.2221734100303885,0.4669750115435627
3453,2.897234305016128,2.455716609693251,0.4415176953228772
3454,2.834471451449739,2.3674832204492096,0.46698823100052955
3455,2.765012992225837,2.3054672628703154,0.4595457293555216
3456,2.7728621905093576,2.302269976215792,0.47059221429356546
3457,2.798088057549376,2.3305990739277296,0.46748898362164626
3458,2.8078928089451693,2.3590400742181123,0.448852734727057
3459,2.854926016222222,2.4171938962562742,0.43773211996594785
3460,2.753316340224537,2.278973621423738,0.4743427188007989
3461,2.8677686863199088,2.4060545921234793,0.4617140941964295
3462,2.828811696627966,2.3626560322160928,0.46615566441187317
3463,2.726576378867441,2.287571369032749,0.43900500983469204
3464,2.735432751763363,2.265771642817477,0.469661108945886
3465,2.826972364334214,2.3620719529384937,0.46490041139572025
3466,2.8373966641727573,2.409314140502414,0.4280825236703434
3467,2.7296601268798706,2.264071000994141,0.4655891258857294
3468,2.7033912160218794,2.240084141295465,0.4633070747264143
3469,2.8488695668618145,2.40385624030518,0.4450133265566345
3470,2.7726179563131703,2.3100227800679254,0.46259517624524493
3471,2.815745392791705,2.3527212882496302,0.4630241045420749
3472,2.738646374741388,2.2635012582183265,0.47514511652306135
3473,2.90786710088492,2.429654511406759,0.47821258947816103
3474,2.7822354098327557,2.322985890173429,0.4592495196593269
3475,2.821810812239894,2.361517546405968,0.46029326583392605
3476,2.7941912333323047,2.321530775239975,0.4726604580923297
3477,2.822058013333169,2.381553040510932,0.4405049728222368
3478,2.7065487736953204,2.2449198091328593,0.46162896456246116
3479,2.8043483878984103,2.329135592078737,0.47521279581967324
3480,2.8413760119449503,2.3763843279328505,0.4649916840120998
3481,2.911783870913621,2.4523918975097065,0.45939197340391447
3482,2.8452203431186587,2.3739598878217145,0.47126045529694416
3483,2.75221846012595,2.2749683929245537,0.4772500672013962
3484,2.8364180858033743,2.4068158076240076,0.4296022781793667
3485,2.849752948588039,2.4110219607656758,0.4387309878223631
3486,2.783815712838635,2.327924159720089,0.4558915531185459
3487,2.82835172986384,2.349309046278475,0.47904268358536495
3488,2.7829009284729804,2.3246273693163535,0.45827355915662693
3489,2.820293620940052,2.3689988949274765,0.4512947260125757
3490,2.8016002192602536,2.3412925410838996,0.460307678176354
3491,2.875521370353923,2.425769663404495,0.4497517069494279
3492,2.8549387662131913,2.3931787713608843,0.461759994852307
3493,2.6924716027527973,2.226092362971741,0.4663792397810562
3494,2.7832581873431934,2.3302078544953346,0.4530503328478588
3495,2.826519693508871,2.3571764192579425,0.4693432742509285
3496,2.776320040829759,2.3029299120831004,0.4733901287466584
3497,2.8944265283002286,2.4483806629661125,0.44604586533411617
3498,2.806707018916975,2.3342624350196135,0.47244458389736144
3499,2.7976792976661273,2.3221952808449777,0.4754840168211496
3500,2.7855504017045325,2.311298084146673,0.47425231755785946
3501,2.619134031705566,2.1668143416700585,0.45231969003550754
3502,2.8423881811674745,2.362566304761642,0.4798218764058326
3503,2.816874314054077,2.3773061706564,0.4395681433976768
3504,2.783575992103267,2.314237364999877,0.46933862710339014
3505,2.797835894992392,2.325247449552198,0.4725884454401936
3506,2.8272849764599632,2.3819308419908007,0.4453541344691625
3507,2.830482012776512,2.3763556417361613,0.4541263710403505
3508,2.836090992919341,2.371592836341476,0.46449815657786475
3509,2.7815604901468345,2.302193474212563,0.47936701593427156
3510,2.7438005102909258,2.2759620768005457,0.46783843349038
3511,2.795010426814086,2.344757606907991,0.4502528199060949
3512,2.7547610515368195,2.28440367436012,0.47035737717669956
3513,2.8205587151321976,2.355842453012217,0.4647162621199805
3514,2.908781262300517,2.451824228639684,0.4569570336608333
3515,2.7415865054805364,2.252807001795223,0.48877950368531353
3516,2.822849908161793,2.3477897118115743,0.4750601963502188
3517,2.7758847928230237,2.3091928483410915,0.4666919444819322
3518,2.761297270931457,2.2744547689357564,0.4868425019957008
3519,2.6530138148734026,2.18437839883997,0.4686354160334325
3520,2.920816499099467,2.443763453156378,0.47705304594308906
3521,2.9045946261976954,2.4491440552598776,0.4554505709378178
3522,2.841304388468412,2.4161375721611504,0.4251668163072617
3523,2.8826498545883665,2.4516770979901374,0.4309727565982291
3524,2.7772754813271514,2.303798346361554,0.4734771349655973
3525,2.7661071861248927,2.287745707417798,0.4783614787070949
3526,2.866035018112996,2.3982711902816938,0.4677638278313023
3527,2.77898755719371,2.3159935779629817,0.4629939792307285
3528,2.777243882858818,2.3102919835690443,0.46695189928977365
3529,2.931706142621386,2.456054199595438,0.47565194302594804
3530,2.7711788441141882,2.324853777449918,0.4463250666642704
3531,2.8022398057509985,2.3338865299360894,0.46835327581490915
3532,2.7923806125135386,2.311690439297728,0.48069017321581065
3533,2.7969209866701013,2.325758536971266,0.47116244969883514
3534,2.8326866993729003,2.397242561676259,0.43544413769664114
3535,2.7961507077006273,2.3429216549742278,0.4532290527263996
3536,2.9010082878037577,2.440999214537283,0.46000907326647456
3537,2.800254715541442,2.385314835051988,0.41493988048945374
3538,2.837015028159651,2.372144029823173,0.46487099833647827
3539,2.8542850939751836,2.3916648096819864,0.46262028429319724
3540,2.8706022342623916,2.4116679274779944,0.4589343067843972
3541,2.883430331341659,2.4236454501214473,0.4597848812202119
3542,2.7249995698152327,2.2572368040539628,0.46776276576126996
3543,2.7917776347227066,2.3291109147463365,0.4626667199763701
3544,2.7453183210097234,2.2700785191442834,0.47523980186544
3545,2.7948309160201608,2.3516146713619444,0.4432162446582164
3546,2.837065576380135,2.368604780785632,0.46846079559450304
3547,2.9100716968099363,2.4415176292253187,0.4685540675846176
3548,2.820895200510181,2.348983307888054,0.47191189262212685
3549,2.883071910530407,2.4419406164355735,0.4411312940948333
3550,2.7848712706071153,2.3461320749718997,0.4387391956352156
3551,2.8049976756694996,2.374926237960628,0.4300714377088717
3552,2.7812029767329918,2.315792574796503,0.46541040193648886
3553,2.8471936993561027,2.37453493114171,0.47265876821439257
3554,2.8981788418387198,2.436720208542136,0.461458633296584
3555,2.788852697292653,2.3255401368013446,0.4633125604913082
3556,2.738317516856315,2.2856903897764536,0.4526271270798614
3557,2.8867615294306086,2.4350473041759795,0.4517142252546291
3558,2.759638427523372,2.2873351220492397,0.47230330547413235
3559,2.869057757142186,2.4069239776017537,0.46213377954043233
3560,2.8049864110114826,2.3284130390228155,0.4765733719886671
3561,2.7978753260148577,2.3097267878278664,0.4881485381869912
3562,2.8898519712698225,2.414552421415612,0.4752995498542103
3563,2.8347734051362394,2.383607611441255,0.45116579369498444
3564,2.7723393683844364,2.321713334849481,0.45062603353495545
3565,2.7879163436819407,2.3303434153554825,0.45757292832645824
3566,2.812063112814514,2.3408299045035483,0.4712332083109656
3567,2.7513949513428555,2.288683008752812,0.46271194259004345
3568,2.8396297740857768,2.377713342079026,0.4619164320067508
3569,2.6625014072314537,2.2111838693092483,0.4513175379222054
3570,2.805688817021827,2.34262902460321,0.46305979241861683
3571,2.784800913102897,2.311582698070762,0.4732182150321349
3572,2.841823924678324,2.385021824182985,0.45680210049533887
3573,2.728453215725562,2.2710192045862154,0.45743401113934645
3574,2.8392769776039475,2.4051080507621303,0.4341689268418172
3575,2.8220804205826204,2.3510903088739803,0.47099011170864014
3576,2.8540068604631674,2.4348915788980925,0.41911528156507494
3577,2.7063259968689186,2.265445283915713,0.44088071295320574
3578,2.8349550492046136,2.36930947625509,0.4656455729495237
3579,2.7646758816506467,2.316158831272924,0.4485170503777227
3580,2.834677770776576,2.3702303407050715,0.46444743007150446
3581,2.8698558817943893,2.397578518166261,0.4722773636281281
3582,2.773021631773972,2.308343595127104,0.46467803664686835
3583,2.782635967716441,2.3276055914502605,0.4550303762661807
3584,2.7673209803044196,2.315079963376986,0.45224101692743357
3585,2.7588791280556846,2.2965093767315756,0.46236975132410896
3586,2.8159407300143102,2.352561766602628,0.46337896341168205
3587,2.8773268443928233,2.43081668655989,0.44651015783293335
3588,2.8836631813954887,2.4162857488321716,0.4673774325633171
3589,2.860342261688194,2.388390202024948,0.4719520596632458
3590,2.688771926910365,2.2488827640336333,0.43988916287673163
3591,2.870913472357314,2.431056015411281,0.43985745694603295
3592,2.7420601347874842,2.2758728062894544,0.4661873284980298
3593,2.8696345523956226,2.4138521156117414,0.4557824367838812
3594,2.819797328836971,2.340068011517407,0.4797293173195638
3595,2.763633062055984,2.2959790723930595,0.4676539896629244
3596,2.736344985560273,2.3142673926164368,0.42207759294383607
3597,2.9204516350893566,2.4907408838336833,0.42971075125567326
3598,2.8768900258328953,2.402168696435889,0.4747213293970063
3599,2.7513571744102783,2.2616023300898274,0.4897548443204509
3600,2.811845321575628,2.4019223355828667,0.4099229859927611
3601,2.811458945850907,2.334947901091961,0.4765110447589458
3602,2.798072575392456,2.3206432266414367,0.47742934875101906
3603,2.8562004461936357,2.380527279255569,0.4756731669380665
3604,2.830084492001922,2.3556946520630024,0.4743898399389197
3605,2.813681621219496,2.364421185156828,0.44926043606266797
3606,2.7600483966117864,2.284577296888669,0.4754710997231175
3607,2.7813371501666366,2.314632807526436,0.46670434264020066
3608,2.7256509271351796,2.2600721359684863,0.4655787911666933
3609,2.7207665147534246,2.261597040700046,0.4591694740533785
3610,2.7902411120652904,2.3112615256866667,0.4789795863786237
3611,2.8366220899464967,2.37496535808135,0.4616567318651468
3612,2.774292268632559,2.29814794681654,0.47614432181601885
3613,2.738335043409371,2.2737062738993976,0.46462876950997334
3614,2.7811032764744628,2.3101468685549658,0.470956407919497
3615,2.8017346183128713,2.3192576509218608,0.48247696739101054
3616,2.8219331842114443,2.35068760514622,0.47124557906522435
3617,2.804418850573092,2.317852630634547,0.486566219938545
3618,2.8122596921699827,2.34474654296727,0.4675131492027127
3619,2.877503502243002,2.404219519373542,0.4732839828694604
3620,2.7645604273670203,2.3055482560864204,0.4590121712805999
3621,2.7127622537362104,2.2406724915699403,0.4720897621662701
3622,2.803018189361995,2.322523667522232,0.48049452183976316
3623,2.8427945996892174,2.396213606859051,0.4465809928301665
3624,2.8791548899290884,2.410074903515253,0.4690799864138353
3625,2.823653513651442,2.356897305804726,0.466756207846716
3626,2.7333861820699856,2.280284015670037,0.4531021663999488
3627,2.808020285153277,2.343684708318735,0.4643355768345421
3628,2.8105712815510215,2.3577662823514216,0.45280499919959993
3629,2.736471828180722,2.271980303092424,0.46449152508829794
3630,2.8191241666737756,2.346776153234821,0.4723480134389546
3631,2.781910671416604,2.316184113649364,0.46572655776724003
3632,2.8277629544387866,2.40026786271284,0.42749509172594635
3633,2.8473421045522214,2.3843594615606754,0.462982642991546
3634,2.8223593780751526,2.3441469165736195,0.47821246150153307
3635,2.7857898768802896,2.310394325746106,0.4753955511341834
3636,2.840428601041167,2.4027301232857283,0.43769847775543846
3637,2.7882862686156353,2.3214026620496937,0.46688360656594163
3638,2.8299859412207313,2.392156984067861,0.4378289571528704
3639,2.7892062403595155,2.3335611102658094,0.4556451300937061
3640,2.8641069822791643,2.4178868363152457,0.44622014596391857
3641,2.7379538194024673,2.2695783464079518,0.46837547299451554
3642,2.884361945018658,2.4193436722979267,0.4650182727207315
3643,2.855965131871933,2.3867242649618525,0.46924086691008027
3644,2.726002944024066,2.2700343843068564,0.4559685597172094
3645,2.7436986029142827,2.2905918764867557,0.45310672642752703
3646,2.7786371777165995,2.3176850668345557,0.4609521108820438
3647,2.8732988263472166,2.4083729867954284,0.4649258395517881
3648,2.8896023314323807,2.4202082342572964,0.4693940971750843
3649,2.9110911774547863,2.4524785089752736,0.45861266847951265
3650,2.8029506685040677,2.3664156922802793,0.43653497622378845
3651,2.882137280109507,2.4133087874496457,0.46882849265986115
3652,2.8478053666351504,2.365053311088708,0.4827520555464422
3653,2.6404066111376823,2.1681525313073764,0.4722540798303059
3654,2.7793347935445,2.3146705233683877,0.4646642701761121
3655,2.8272586531820334,2.3782870793394055,0.44897157384262787
3656,2.8335595551521817,2.361939024460821,0.4716205306913608
3657,2.720673012545801,2.2418558076288555,0.47881720491694546
3658,2.8441579601240896,2.386537553134275,0.45762040698981465
3659,2.7952172587127238,2.3556010296373984,0.4396162290753254
3660,2.7573281114680177,2.2962478442664755,0.46108026720154216
3661,2.7367442925623786,2.266431842984846,0.4703124495775328
3662,2.8091672075977074,2.3607350838810612,0.4484321237166462
3663,2.7771412658002985,2.2943191461788923,0.4828221196214062
3664,2.860563543605242,2.415909674825665,0.4446538687795769
3665,2.8133289761912565,2.341892451846299,0.4714365243449574
3666,2.716104721644333,2.2376687650765112,0.47843595656782156
3667,2.831759930096493,2.3477969665312184,0.4839629635652747
3668,2.737534815697321,2.2576360255435413,0.4798987901537797
3669,2.8644439194123423,2.418584998389345,0.4458589210229973
3670,2.829840738149058,2.369691779277183,0.46014895887187457
3671,2.859717610999696,2.4089388193352175,0.45077879166447854
3672,2.811645326893788,2.3577118242889337,0.4539335026048543
3673,2.8073810723008443,2.3605920188125924,0.44678905348825193
3674,2.781159328017206,2.3093848108624146,0.47177451715479135
3675,2.803889178882153,2.3397608807969865,0.4641282980851664
3676,2.770422774226173,2.2973016991240534,0.47312107510211954
3677,2.8136723988511854,2.3437164884779262,0.4699559103732591
3678,2.9279138183683777,2.4930182212764143,0.43489559709196346
3679,2.7648074761288797,2.309243698595304,0.45556377753357546
3680,2.8486381453005247,2.3757142545583547,0.47292389074217
3681,2.748690480984589,2.2807806832742887,0.46790979771030017
3682,2.868072846446256,2.4040137912166837,0.46405905522957225
3683,2.9277196611713907,2.472775277910991,0.45494438326039965
3684,2.765666505436982,2.2957293906915446,0.4699371147454374
3685,2.784177667154688,2.329638598528789,0.4545390686258992
3686,2.8023381208323377,2.3321836462035987,0.47015447462873894
3687,2.731406022927485,2.2663837841155408,0.46502223881194427
3688,2.9197509062938396,2.4661761471060024,0.4535747591878372
3689,2.794459071191697,2.3225030639999433,0.47195600719175346
3690,2.7926800010380046,2.3311174301110684,0.4615625709269362
3691,2.756515152660828,2.279551637005328,0.47696351565549966
3692,2.8125862914390267,2.340703265600516,0.47188302583851094
3693,2.8052430862214313,2.339686038623014,0.4655570475984172
3694,2.726982151639823,2.2830460067012583,0.4439361449385646
3695,2.800276072839693,2.330703850878961,0.46957222196073234
3696,2.708118380173838,2.2323368518180637,0.47578152835577425
3697,2.7192293656958473,2.273193147838056,0.44603621785779124
3698,2.8470428582958194,2.3886482610085262,0.45839459728729315
3699,2.7730498446092144,2.3101002662657555,0.46294957834345896
3700,2.760754956569785,2.302233667800142,0.45852128876964304
3701,2.8330098663723495,2.421676251690589,0.41133361468176055
3702,2.8003325535629,2.345048099941289,0.4552844536216112
3703,2.743292174465699,2.2850075976498383,0.45828457681586077
3704,2.8144677831275797,2.3577588536225416,0.45670892950503816
3705,2.8016013808157427,2.342065195954894,0.4595361848608488
3706,2.7951404770156065,2.3459444255082063,0.4491960515074003
3707,2.860555591516477,2.4136551340578474,0.4469004574586295
3708,2.7947490861097477,2.3227911283218483,0.4719579577878994
3709,2.777407425107843,2.298547969205311,0.4788594559025321
3710,2.6866787758458215,2.219231810623087,0.46744696522273443
3711,2.820872297031355,2.3653105413961444,0.45556175563521073
3712,2.806918773583187,2.3410151644435255,0.46590360913966133
3713,2.898191139098593,2.4546511199150696,0.44354001918352326
3714,2.692441718964472,2.2321819536337015,0.4602597653307705
3715,2.7791548703773135,2.2939243396120386,0.4852305307652749
3716,2.7082750897629984,2.2533550678318233,0.4549200219311751
3717,2.908185893895424,2.4744967478823576,0.4336891460130663
3718,2.767905657100425,2.3009081577569175,0.46699749934350754
3719,2.781026300113326,2.3081922019409093,0.4728340981724166
3720,2.8455903037333403,2.353339287630234,0.4922510161031064
3721,2.766584618889715,2.3084367556181604,0.45814786327155455
3722,2.7487315865210276,2.2737020602241627,0.4750295262968649
3723,2.8049877347765513,2.3262139953362513,0.4787737394403
3724,2.815460682225795,2.3442171933101186,0.47124348891567625
3725,2.6158800060851766,2.1608400450542833,0.4550399610308933
3726,2.8157510171073614,2.3594285867462506,0.45632243036111086
3727,2.9488166547674886,2.484995665085719,0.46382098968176955
3728,2.722195654578021,2.2526941754442857,0.4695014791337351
3729,2.6950591818218705,2.2400330756466706,0.4550261061751999
3730,2.792055374038974,2.3348520954275482,0.45720327861142573
3731,2.8401222821289744,2.3709780745140687,0.4691442076149057
3732,2.776594508548945,2.3347976470576195,0.44179686149132547
3733,2.8495624626009515,2.4006078478132844,0.4489546147876671
3734,2.716761946656196,2.2583341100649554,0.45842783659124064
3735,2.7869988927833167,2.3107376880515824,0.4762612047317343
3736,2.6335285048904282,2.1765494478810736,0.4569790570093546
3737,2.7499819760772097,2.3030186971820346,0.4469632788951752
3738,2.8880958757803867,2.447302872121047,0.4407930036593397
3739,2.7953107822579097,2.3424655049612233,0.45284527729668644
3740,2.7919834807643196,2.336663512996893,0.45531996776742645
3741,2.7846323554298475,2.322972190367745,0.4616601650621024
3742,2.874908691696542,2.4315066286702898,0.44340206302625207
3743,2.8078416393701455,2.363745577767494,0.44409606160265147
3744,2.808560575267064,2.343583633588074,0.46497694167898995
3745,2.690240741886425,2.2119091766497356,0.4783315652366893
3746,2.7647826986227395,2.3028793128401075,0.461903385782632
3747,2.7452612322866488,2.271095520422498,0.4741657118641509
3748,2.81012311633282,2.3412705405322876,0.46885257580053263
3749,2.746930753802594,2.2731171946703763,0.4738135591322177
3750,2.77585803590773,2.297096228886155,0.4787618070215749
3751,2.8034197338024427,2.353891171230381,0.44952856257206175
3752,2.7811038322062034,2.358425401584976,0.42267843062122745
3753,2.792900740049361,2.3290135859306145,0.46388715411874637
3754,2.8555321748541096,2.402717263232582,0.45281491162152765
3755,2.795570730445423,2.3268877804754218,0.46868294997000115
3756,2.7945187104402645,2.323520378141166,0.47099833229909827
3757,2.848060821452203,2.4124487284279366,0.4356120930242664
3758,2.796791357020289,2.3284502648366443,0.46834109218364484
3759,2.8625170731664658,2.4020657815660518,0.460451291600414
3760,2.882766852915974,2.446878845907059,0.43588800700891506
3761,2.7324293139681544,2.268182689693913,0.46424662427424135
3762,2.845244620549252,2.3848461500818567,0.46039847046739535
3763,2.845802252653102,2.3947797727959435,0.4510224798571585
3764,2.799127503407393,2.331388068095622,0.467739435311771
3765,2.751365938046425,2.2743451524816813,0.4770207855647435
3766,2.9100779609540908,2.4445576570155345,0.46552030393855626
3767,2.8084248085511057,2.3338906042102767,0.47453420434082894
3768,2.8370583729460543,2.3679368603826636,0.46912151256339074
3769,2.801130584551576,2.3315633563352476,0.46956722821632857
3770,2.8234943357091615,2.356549608247626,0.4669447274615357
3771,2.773810412725481,2.3236592777166516,0.4501511350088294
3772,2.7741634890307174,2.340773645711715,0.4333898433190022
3773,2.7305903346391944,2.2939197318651474,0.436670602774047
3774,2.7973454407156324,2.3515606752366116,0.4457847654790208
3775,2.788584988601872,2.3134493077826637,0.47513568081920843
3776,2.6966416207731103,2.230181647807415,0.4664599729656955
3777,2.8887608354523184,2.417129872119548,0.4716309633327702
3778,2.8738309609638977,2.4489629272996605,0.4248680336642372
3779,2.8268551790393244,2.3634769327166705,0.4633782463226539
3780,2.8308794959425834,2.3622118885097425,0.46866760743284086
3781,2.892386692292385,2.439349334828284,0.4530373574641007
3782,2.774890661442925,2.3152341843067146,0.4596564771362104
3783,2.8102872248253714,2.323897457379825,0.48638976744554663
3784,2.809542918683213,2.366814392462418,0.44272852622079517
3785,2.848832245735249,2.3708880964353347,0.47794414929991413
3786,2.88738349190677,2.4026479025846337,0.4847355893221361
3787,2.6285375249723293,2.1568199460668893,0.47171757890543997
3788,2.7319710880234096,2.27462827458117,0.4573428134422395
3789,2.7466790211160776,2.271319521361633,0.4753594997544446
3790,2.8831402772319126,2.4712829033529786,0.41185737387893395
3791,2.831273310792205,2.3816266064404576,0.44964670435174714
3792,2.802443136537857,2.32483472616451,0.4776084103733469
3793,2.7885852224421046,2.3124256356843724,0.4761595867577322
3794,2.708245646422665,2.235259500681061,0.4729861457416038
3795,2.8376533371962576,2.3694445290259782,0.4682088081702793
3796,2.9015006239257293,2.456079098337365,0.44542152558836445
3797,2.7992908143947406,2.3261838471580067,0.47310696723673384
3798,2.764086809871176,2.308476261750831,0.4556105481203452
3799,2.8562878644390968,2.3954448686771683,0.46084299576192844
3800,2.8180878806211633,2.3479547988554,0.4701330817657632
3801,2.7265679948693635,2.25925974050272,0.46730825436664336
3802,2.714047203254723,2.2533715977184894,0.46067560553623377
3803,2.806373076620092,2.338148103161269,0.46822497345882264
3804,2.8354503644492426,2.3690485013197007,0.4664018631295419
3805,2.658463735151966,2.2047066761256264,0.4537570590263398
3806,2.7718558405750624,2.3146487661692996,0.4572070744057628
3807,2.6697811378872074,2.204528464790126,0.4652526730970812
3808,2.792503256757352,2.3288200620746027,0.4636831946827491
3809,2.889376383861261,2.424072165113772,0.46530421874748873
3810,2.91301748325924,2.466211670569999,0.44680581268924113
3811,2.8274799356990434,2.3438850941516316,0.48359484154741184
3812,2.7871542878732964,2.326370082723289,0.4607842051500075
3813,2.758314293534788,2.290387308798883,0.4679269847359051
3814,2.690258659669206,2.2211148129752747,0.4691438466939313
3815,2.7679106131110682,2.310445917528963,0.4574646955821051
3816,2.8110295825460563,2.3532499379714658,0.4577796445745905
3817,2.863524610025344,2.4299093254580355,0.43361528456730847
3818,2.837799685116593,2.3812568667517833,0.4565428183648099
3819,2.8533165641805183,2.388559135289888,0.4647574288906302
3820,2.914420430689217,2.4539910869183887,0.4604293437708282
3821,2.794482688629496,2.334025711222402,0.4604569774070941
3822,2.7829852971822926,2.327363908335574,0.45562138884671866
3823,2.7659781030328876,2.306043441295802,0.45993466173708564
3824,2.7579463486363673,2.2799304878391395,0.4780158607972278
3825,2.743992293218877,2.2819892182792514,0.4620030749396258
3826,2.891133192875509,2.4179168808806475,0.47321631199486136
3827,2.7838876270217847,2.3177520568695837,0.466135570152201
3828,2.8083679348680164,2.3687367427772643,0.4396311920907521
3829,2.7553469133762962,2.2933703341202416,0.4619765792560546
3830,2.817265372102736,2.3542514297441715,0.46301394235856463
3831,2.839281888235713,2.4115108105027083,0.4277710777330048
3832,2.7739453398464815,2.313938371359276,0.46000696848720546
3833,2.8923613497828513,2.4074648690639107,0.48489648071894065
3834,2.7952441101388517,2.320548055420463,0.4746960547183887
3835,2.910249766170935,2.4788957943647474,0.4313539718061876
3836,2.762629101003697,2.302994468297139,0.45963463270655813
3837,2.775142709489542,2.3340717669687225,0.44107094252081946
3838,2.8515321426655795,2.3913558840399722,0.4601762586256073
3839,2.888425977090741,2.449045740907978,0.439380236182763
3840,2.8260569748286506,2.3560789632910013,0.4699780115376493
3841,2.734701254422912,2.2691686065570433,0.46553264786586857
3842,2.7436941926076464,2.2626698188464434,0.481024373761203
3843,2.821707892637223,2.344688356772746,0.4770195358644771
3844,2.7523309503933353,2.276581717139448,0.4757492332538873
3845,2.8115434689279013,2.341572042289634,0.4699714266382675
3846,2.8687360590169737,2.4037876753561824,0.4649483836607913
3847,2.7830780408788423,2.326102341679466,0.4569756991993761
3848,2.918401660204542,2.4527578352927426,0.46564382491179934
3849,2.7832014095990876,2.299852315174064,0.4833490944250234
3850,2.6776356026526797,2.213090185517707,0.46454541713497255
3851,2.8677266578586353,2.397827118762964,0.4698995390956715
3852,2.761038639759792,2.291285863699337,0.46975277606045474
3853,2.9228396671913996,2.5572922391815087,0.36554742800989093
3854,2.8727502720566473,2.4031099865736336,0.46964028548301373
3855,2.7149618910455353,2.250957739336846,0.46400415170868925
3856,2.8343876661154885,2.377936527191239,0.4564511389242494
3857,2.9297179345897133,2.497520283345612,0.43219765124410126
3858,2.9096426688131882,2.458863780382056,0.45077888843113234
3859,2.799733265228791,2.3392445676053772,0.46048869762341393
3860,2.80827619378186,2.3380870424435187,0.4701891513383414
3861,2.869492131675897,2.398865677321765,0.47062645435413186
3862,2.909793190783883,2.437228262270241,0.4725649285136422
3863,2.8642635915151002,2.4120490386718045,0.4522145528432957
3864,2.8594590275779823,2.414751790589827,0.4447072369881555
3865,2.922360372240104,2.4611735611926124,0.4611868110474915
3866,2.863744033181353,2.3851653598984472,0.4785786732829056
3867,2.8337054800379216,2.3762766649346467,0.4574288151032748
3868,2.8756063088198216,2.427041438295446,0.44856487052437544
3869,2.7760250148390524,2.3147738845098305,0.46125113032922194
3870,2.79767147121336,2.344672162823408,0.45299930838995195
3871,2.8567256934759255,2.423567227277142,0.43315846619878373
3872,2.8502012897787017,2.3753637790435307,0.474837510735171
3873,2.767538310649112,2.286493546169566,0.4810447644795457
3874,2.7667274227917416,2.2925869915349537,0.47414043125678784
3875,2.7860989708746717,2.3046404508613922,0.4814585200132795
3876,2.783821195485849,2.3338803329205047,0.44994086256534427
3877,2.8163963975616397,2.3379545331492704,0.47844186441236936
3878,2.7496768298404346,2.281185832379126,0.46849099746130873
3879,2.8351910222347687,2.3588370588424508,0.47635396339231795
3880,2.7671682584283466,2.3016298468251235,0.46553841160322307
3881,2.885595607600031,2.4173846598121065,0.4682109477879246
3882,2.9546334261579923,2.4875882757509604,0.4670451504070319
3883,2.811696898358287,2.3506449085227747,0.4610519898355121
3884,2.89023566672623,2.428787144583135,0.46144852214309484
3885,2.7547105621358763,2.287657099840807,0.4670534622950693
3886,2.8735370864011864,2.4002493007616015,0.47328778563958496
3887,2.869700160555722,2.3985775447102133,0.47112261584550863
3888,2.7183599369482403,2.2535648626093763,0.464795074338864
3889,2.6754317382613064,2.196460706945112,0.47897103131619456
3890,2.7859810490410126,2.30627639412231,0.47970465491870273
3891,2.844481344410358,2.376083118296879,0.46839822611347914
3892,2.843002073255536,2.367400499355938,0.47560157389959823
3893,2.8176375160289386,2.3527394177768444,0.46489809825209427
3894,2.818146801540561,2.354587306147664,0.463559495392897
3895,2.8971253110280055,2.4162611350373826,0.4808641759906229
3896,2.761336938836472,2.3119432057597726,0.4493937330766995
3897,2.917812857712101,2.442273024667826,0.47553983304427483
3898,2.810984337842154,2.348669390198582,0.46231494764357217
3899,2.7573229065994758,2.2950197479241927,0.46230315867528304
3900,2.895310641163562,2.4317794375645945,0.4635312035989676
3901,2.7388859202759166,2.2697527722302246,0.46913314804569195
3902,2.777371315458784,2.314781949248197,0.4625893662105871
3903,2.8526527227435836,2.391570071226711,0.46108265151687267
3904,2.9101013471203685,2.4526179440713936,0.45748340304897495
3905,2.846429222084304,2.375835928716917,0.47059329336738687
3906,2.754358139746069,2.2995782553439956,0.4547798844020732
3907,2.7955651602329685,2.3217867340579814,0.4737784261749871
3908,2.796247615564453,2.3727070123085876,0.4235406032558653
3909,2.9078127223431864,2.4867551977184634,0.421057524624723
3910,2.860023053429003,2.4074924682898824,0.4525305851391206
3911,2.780887776960805,2.3151279706121475,0.46575980634865743
3912,2.718983892126823,2.2537742522130526,0.4652096399137702
3913,2.7818393272938997,2.3077688424815257,0.474070484812374
3914,2.8190769501888178,2.3466377981096294,0.4724391520791884
3915,2.8724579368639307,2.403872647886643,0.4685852889772879
3916,2.7225460537570108,2.2454339773053804,0.47711207645163034
3917,2.6618353296120527,2.206925769405383,0.4549095602066697
3918,2.759509376030469,2.3107181519221807,0.4487912241082883
3919,2.864225044732572,2.390261855986097,0.47396318874647525
3920,2.8414422791986795,2.368439576365297,0.47300270283338275
3921,2.768287451586361,2.289005735501043,0.479281716085318
3922,2.8500644113401257,2.3925775289843942,0.45748688235573143
3923,2.7418440899514667,2.29124816770286,0.4505959222486067
3924,2.8426755918032143,2.3732143588662074,0.4694612329370069
3925,2.890176593329195,2.413495854776353,0.476680738552842
3926,2.8289636460930203,2.3819571354339586,0.4470065106590617
3927,2.9508775671374776,2.497743502855057,0.45313406428242065
3928,2.8451034355492983,2.3774069154498574,0.46769652009944096
3929,2.713302208217562,2.253448156526849,0.45985405169071303
3930,2.902459877801443,2.4816564614314385,0.4208034163700045
3931,2.666903602121953,2.2134711021606805,0.45343249996127266
3932,2.819239362140541,2.3544211035776206,0.4648182585629206
3933,2.672503996238727,2.2030162311005683,0.4694877651381586
3934,2.7652080524240312,2.3150425046862924,0.45016554773773887
3935,2.772896250594826,2.3078214026194033,0.46507484797542276
3936,2.856576039637164,2.427607487103953,0.4289685525332114
3937,2.8335459175641633,2.3538034991480554,0.4797424184161079
3938,2.7235894068820223,2.248762394552741,0.4748270123292815
3939,2.8564970356992463,2.3768736137828532,0.47962342191639307
3940,2.6804041877494127,2.1954658200532777,0.48493836769613496
3941,2.7962681563402847,2.321978766170384,0.47428939016990057
3942,2.7916938380519705,2.326802081679281,0.46489175637268954
3943,2.778822693445326,2.3288448841978195,0.4499778092475064
3944,2.8028604189258557,2.369424374983451,0.43343604394240476
3945,2.8003531054165594,2.3296397793335166,0.4707133260830427
3946,2.756132773514727,2.2830300419014815,0.47310273161324545
3947,2.7852843381888386,2.3400721878822335,0.4452121503066051
3948,2.8056074252972003,2.343457547389877,0.4621498779073234
3949,2.8304906697113257,2.3753835221882778,0.45510714752304793
3950,2.7649035241041884,2.2864350421572026,0.47846848194698577
3951,2.8149827321866634,2.351283663216862,0.4636990689698015
3952,2.808938219351242,2.33770791132796,0.4712303080232818
3953,2.7018243907652075,2.232906571791607,0.46891781897360074
3954,2.7840024930567235,2.3175204858144833,0.4664820072422402
3955,2.832555409690995,2.36689879281746,0.465656616873535
3956,2.717918074929931,2.303921947882154,0.4139961270477772
3957,2.7877810776324736,2.325159056378826,0.4626220212536478
3958,2.816171976524298,2.359021516466263,0.45715046005803517
3959,2.6873720527528357,2.2080249302919777,0.4793471224608581
3960,2.7732042857724357,2.3044585079617255,0.46874577781071025
3961,2.732333921422084,2.2849281157324324,0.4474058056896517
3962,2.8297889203433098,2.368330025050881,0.46145889529242856
3963,2.847801325801831,2.3757877072652143,0.4720136185366166
3964,2.838069520624212,2.367547729267288,0.4705217913569242
3965,2.8582090526267354,2.407087503857329,0.45112154876940647
3966,2.8110067791223226,2.3345724474883407,0.47643433163398186
3967,2.7161167245574607,2.279072700565779,0.43704402399168174
3968,2.755641383285794,2.289815135330122,0.46582624795567185
3969,2.857151255090245,2.388544645480708,0.46860660960953693
3970,2.6970682234356342,2.2223569664457665,0.4747112569898677
3971,2.856045984743858,2.4018000057297852,0.4542459790140727
3972,2.8357694633662245,2.3797385191683498,0.4560309441978747
3973,2.824113328645973,2.35143833747434,0.47267499117163325
3974,2.6824831098234903,2.2010794334426453,0.4814036763808449
3975,2.7642297779873966,2.293947231097394,0.4702825468900027
3976,2.8567732819979637,2.430586883091638,0.4261863989063257
3977,2.7664289861651317,2.3130099372165165,0.4534190489486152
3978,2.812975537566642,2.362481253732351,0.45049428383429113
3979,2.918896646364804,2.4497264161120142,0.4691702302527898
3980,2.75599312662627,2.2712237615875845,0.4847693650386855
3981,2.791262661305814,2.361997675864623,0.42926498544119074
3982,2.8438789020643047,2.3979164042121806,0.44596249785212416
3983,2.814528402714474,2.3360143740064063,0.4785140287080676
3984,2.7646251287235732,2.292137089513544,0.47248803921002924
3985,2.8247955162104517,2.3639619808089702,0.4608335354014814
3986,2.5864356190298845,2.144356368783504,0.4420792502463806
3987,2.682922415405145,2.2201105891491446,0.46281182625600037
3988,2.911140745124759,2.43228117666169,0.478859568463069
3989,2.737908317935007,2.2562879585064564,0.48162035942855086
3990,2.8251981069847014,2.364308291189117,0.4608898157955843
3991,2.8397561684178965,2.385089006591238,0.45466716182665845
3992,2.8699647404019886,2.423486485118413,0.44647825528357554
3993,2.752269842397265,2.281202281756376,0.47106756064088895
3994,2.752363256501574,2.2997067028704388,0.4526565536311353
3995,2.79021250365535,2.3335103194247893,0.4567021842305605
3996,2.756810168785564,2.298338887189182,0.45847128159638206
3997,2.7381029824605214,2.2846015041258245,0.4535014783346969
3998,2.927426488121902,2.435541424279231,0.49188506384267106
3999,2.776058901591442,2.3188782780074098,0.4571806235840321
4000,2.794346749241298,2.327250559515685,0.46709618972561273
4001,2.790644090933308,2.332016805244457,0.4586272856888507
4002,2.919741607658782,2.4564094095712767,0.46333219808750536
4003,2.8173906677291973,2.3446891711739295,0.47270149655526783
4004,2.690168380140762,2.217050026597053,0.4731183535437089
4005,2.8440623872878485,2.3678031537600814,0.4762592335277671
4006,2.824453779375989,2.3915364811428437,0.4329172982331455
4007,2.857647307099412,2.4094481353642605,0.44819917173515167
4008,2.6821951211064654,2.2011194588650698,0.48107566224139564
4009,2.8002230147080143,2.322804224254147,0.47741879045386737
4010,2.8281435125171526,2.3862311164562033,0.44191239606094923
4011,2.825339054971196,2.3955544341182424,0.42978462085295366
4012,2.7965715439809493,2.323347182282625,0.47322436169832427
4013,2.8183612800430677,2.366000108329942,0.45236117171312573
4014,2.642927928794881,2.2030158472855845,0.4399120815092963
4015,2.791581652660992,2.3885169443404006,0.40306470832059116
4016,2.781912768069688,2.3022183925005355,0.4796943755691525
4017,2.7883160672333704,2.32048648442501,0.4678295828083603
4018,2.8384411716284714,2.3743587044933814,0.46408246713509005
4019,2.8901720748370705,2.4205527916696865,0.469619283167384
4020,2.795935103815212,2.326983588787652,0.46895151502755983
4021,2.7951430372946104,2.3538146249833556,0.44132841231125486
4022,2.8294976876702975,2.361334611149371,0.4681630765209266
4023,2.6442017782544722,2.165472847039626,0.4787289312148464
4024,2.818360281417,2.3610175850150923,0.45734269640190783
4025,2.7433336172701916,2.2701633119872042,0.4731703052829874
4026,2.8019719924234754,2.3277176160238193,0.47425437639965606
4027,2.858100146848693,2.3809790772378876,0.47712106961080547
4028,2.877484462507484,2.4089366846975264,0.4685477778099574
4029,2.8466218352198145,2.3910546946764297,0.45556714054338476
4030,2.702667767060421,2.2631400439566547,0.4395277231037662
4031,2.713051659020976,2.231690629921422,0.481361029099554
4032,2.7691274859729877,2.296417263471764,0.47271022250122385
4033,2.842137558670291,2.367992255451467,0.47414530321882387
4034,2.76031779385979,2.2917990902196577,0.4685187036401324
4035,2.7338378920051167,2.280547798437749,0.4532900935673676
4036,2.837969007867641,2.3964821322235443,0.4414868756440966
4037,2.773164074757136,2.3326298866159925,0.44053418814114353
4038,2.8967568971466604,2.448380040942627,0.44837685620403356
4039,2.739145975252599,2.275487267084413,0.463658708168186
4040,2.748717035343918,2.2715708275510504,0.47714620779286765
4041,2.8970988767076653,2.4424576835203946,0.4546411931872707
4042,2.834728506469272,2.367519912643292,0.4672085938259798
4043,2.7391849792665215,2.264673542324362,0.47451143694215947
4044,2.763308909396473,2.304259457599547,0.4590494517969259
4045,2.8250642221038507,2.363159496280627,0.46190472582322384
4046,2.824584389765996,2.390308704936613,0.43427568482938295
4047,2.804973839168741,2.333087309769152,0.4718865293995891
4048,2.8650257536219588,2.3966730311391333,0.46835272248282545
4049,2.8214681804645587,2.370142281571149,0.4513258988934097
4050,2.8417730145793794,2.4044847969533576,0.43728821762602177
4051,2.72378172495163,2.2536124728216547,0.4701692521299754
4052,2.8582362837128312,2.4070531439250225,0.4511831397878088
4053,2.8911305017676363,2.4263390055905645,0.46479149617707183
4054,2.8543863137485648,2.3962459476267925,0.4581403661217722
4055,2.8523343475790326,2.388569300861635,0.4637650467173975
4056,2.8377631275774666,2.3821856011023734,0.4555775264750932
4057,2.8933276847489355,2.4256114470659282,0.4677162376830073
4058,2.8200840798878666,2.357562509985307,0.46252156990255955
4059,2.8319430570664035,2.385657742206171,0.4462853148602326
4060,2.863680898791807,2.385843647171248,0.4778372516205591
4061,2.824053169250795,2.3651186156771105,0.4589345535736844
4062,2.902252728125134,2.422409710399538,0.4798430177255959
4063,2.7401804098443963,2.2852281351272463,0.45495227471714994
4064,2.8753260680630572,2.4465061063849762,0.428819961678081
4065,2.7971786514856025,2.32536156354578,0.4718170879398227
4066,2.807491341689223,2.3358666535857666,0.47162468810345626
4067,2.851800053122846,2.3848721917304974,0.46692786139234865
4068,2.6958184422208635,2.2412671335430026,0.454551308677861
4069,2.6731209969457814,2.2114497909117974,0.46167120603398404
4070,2.8170496119429056,2.361796489445819,0.4552531224970866
4071,2.7338053937500417,2.2686168541623526,0.46518853958768913
4072,2.794645941805104,2.330313591438861,0.4643323503662433
4073,2.861125869143567,2.4020810445819087,0.45904482456165807
4074,2.7805418976650245,2.302836014264784,0.47770588340024034
4075,2.901153565877901,2.4229151012900996,0.4782384645878013
4076,2.743083335846722,2.293645037594662,0.4494382982520597
4077,2.7889875751364204,2.3377019460704394,0.451285629065981
4078,2.778170126639705,2.3209079813921076,0.45726214524759756
4079,2.7845785833804753,2.31878028250179,0.46579830087868546
4080,2.8317280834769476,2.371220654947366,0.4605074285295818
4081,2.8145907836027315,2.35360696164371,0.46098382195902143
4082,2.8635664422763,2.4020133507541876,0.46155309152211244
4083,2.778359129127384,2.346257101512671,0.4321020276147127
4084,2.928867898628215,2.464726441626738,0.4641414570014768
4085,2.7578203067488647,2.2950972694149736,0.4627230373338911
4086,2.7923611428870534,2.329047862658198,0.46331328022885554
4087,2.8098088541401895,2.335305470017243,0.4745033841229467
4088,2.8922736474431403,2.4393904963677966,0.4528831510753437
4089,2.787943631733221,2.312494865861018,0.4754487658722031
4090,2.734934224412569,2.257890645995422,0.47704357841714673
4091,2.8347884773080723,2.3843191848998626,0.45046929240820965
4092,2.8226904928947816,2.3598890880119137,0.4628014048828679
4093,2.7710802158878276,2.3090604486769926,0.46201976721083504
4094,2.730427464957007,2.249363103805156,0.481064361151851
4095,2.794980591879083,2.345207952359937,0.4497726395191459
4096,2.822652139340374,2.3573667803476064,0.4652853589927677
4097,2.6958912795980816,2.253618601073817,0.4422726785242648
4098,2.772312161184069,2.326013829785039,0.4462983313990301
4099,2.814509177457406,2.342901676354937,0.47160750110246896
4100,2.756122028701326,2.2753989509551227,0.4807230777462035
4101,2.7353430288545875,2.2840730885579954,0.45126994029659206
4102,2.797633671672516,2.3373536609992565,0.46028001067325963
4103,2.7217625838694657,2.254367956600957,0.4673946272685088
4104,2.791201148213384,2.3432856499138364,0.44791549829954747
4105,2.6494401936559258,2.1855908795676746,0.46384931408825114
4106,2.7157697481141785,2.2628305712164596,0.4529391768977189
4107,2.762258241857618,2.2890027623584417,0.47325547949917635
4108,2.8520784418339358,2.40240182907287,0.44967661276106563
4109,2.7032048718559305,2.2371726786415467,0.4660321932143838
4110,2.86493926806523,2.4187418470152537,0.4461974210499764
4111,2.845835115468745,2.394863514549479,0.4509716009192659
4112,2.8073732280145727,2.3390841965063403,0.4682890315082324
4113,2.8356480162692703,2.3876267411032694,0.4480212751660009
4114,2.71850364434785,2.2651118375208656,0.4533918068269842
4115,2.866915322238526,2.4198389263401427,0.44707639589838344
4116,2.7905213670923628,2.319139057882148,0.47138230921021496
4117,2.829276550633872,2.381780609025332,0.44749594160854
4118,2.9748622388778454,2.5174213499361926,0.4574408889416528
4119,2.7636334037020083,2.288964567956958,0.47466883574505037
4120,2.796343966631756,2.3512936819537704,0.4450502846779858
4121,2.713255244297437,2.2528722475578706,0.4603829967395665
4122,2.83626790495819,2.394686595105818,0.441581309852372
4123,2.686038566795604,2.218189849315425,0.4678487174801793
4124,2.787803912657788,2.3032925313243315,0.4845113813334563
4125,2.798213168358703,2.3238299129699946,0.4743832553887084
4126,2.8792721828893075,2.393488731928703,0.4857834509606045
4127,2.823898532810311,2.378735388001403,0.44516314480890795
4128,2.716555875718842,2.2493806370529197,0.46717523866592225
4129,2.8384132029862714,2.366353139408995,0.47206006357727626
4130,2.8323147563702933,2.3718253939278027,0.4604893624424906
4131,2.792236197692678,2.329248608152883,0.46298758953979524
4132,2.757668095154455,2.3065189419391494,0.4511491532153058
4133,2.76036096033772,2.2848202956849235,0.47554066465279643
4134,2.689674412414918,2.2253409777889472,0.46433343462597065
4135,2.782092584607507,2.2988571235206083,0.4832354610868985
4136,2.772437322310367,2.3693887056675487,0.4030486166428182
4137,2.8631686726930123,2.417349152944973,0.44581951974803946
4138,2.785316588682554,2.313700376902077,0.4716162117804772
4139,2.7554939078497998,2.279275103186161,0.47621880466363864
4140,2.813728279196622,2.3562577141430765,0.45747056505354555
4141,2.776267596933771,2.3152280427197254,0.46103955421404574
4142,2.7299519536001013,2.3295452350267425,0.40040671857335886
4143,2.821273994828074,2.349579922114702,0.47169407271337205
4144,2.7832049415411744,2.3218435128977535,0.4613614286434209
4145,2.8771077720747953,2.4160210527722943,0.461086719302501
4146,2.771715201233805,2.2944058158762375,0.4773093853575676
4147,2.68369923957687,2.20654961828925,0.4771496212876203
4148,2.7731567441211094,2.2981267089769175,0.47503003514419184
4149,2.9092839934103316,2.445511474869594,0.46377251854073753
4150,2.7404058464726084,2.2629193801554015,0.4774864663172069
4151,2.8384348508881696,2.370835633122208,0.4675992177659616
4152,2.777475356013008,2.3171208782058113,0.4603544778071966
4153,2.8078599624768734,2.335342098892356,0.47251786358451753
4154,2.780347068634088,2.306692891268083,0.47365417736600524
4155,2.807870800495347,2.3545031487207084,0.4533676517746388
4156,2.8504642270948564,2.38652667435726,0.4639375527375962
4157,2.7840983110906365,2.3124435222866606,0.47165478880397593
4158,2.6940930495851427,2.224998236491019,0.4690948130941237
4159,2.7392247267518632,2.2644134575264987,0.47481126922536454
4160,2.65868888245802,2.188765184494052,0.46992369796396805
4161,2.7777169950896994,2.3056415702923188,0.4720754247973806
4162,2.841716855211447,2.37748078285786,0.46423607235358677
4163,2.743326561360205,2.2804962433714975,0.46283031798870766
4164,2.8201424452738073,2.344126822847695,0.4760156224261123
4165,2.853083860722177,2.410559164365193,0.44252469635698377
4166,2.852542579170335,2.414518792262624,0.4380237869077108
4167,2.9002320115389537,2.432725566741676,0.4675064447972779
4168,2.7392455786860546,2.2767279523371236,0.462517626348931
4169,2.689123329203961,2.2327868305252667,0.4563364986786942
4170,2.8129187372059232,2.344451795040175,0.46846694216574836
4171,2.773169447006422,2.305154890320611,0.46801455668581093
4172,2.811440370384889,2.369555219357685,0.44188515102720416
4173,2.8051438530652812,2.326390140776764,0.47875371228851726
4174,2.885015642410275,2.4719182477996284,0.41309739461064643
4175,2.790841245319799,2.339902370516453,0.45093887480334605
4176,2.8582200005146645,2.3898479643613806,0.46837203615328393
4177,2.6923051544938605,2.2276967724124397,0.46460838208142086
4178,2.7238091442156365,2.284714135454242,0.4390950087613943
4179,2.808507302852386,2.349943644760062,0.458563658092324
4180,2.9251814130337612,2.466068530834449,0.459112882199312
4181,2.826312981987571,2.408136700262957,0.4181762817246142
4182,2.84603115996795,2.3740108167028104,0.47202034326513953
4183,2.7642307401937907,2.3030310210844678,0.4611997191093229
4184,2.8701049934309633,2.3965277305368815,0.47357726289408175
4185,2.7797305639601975,2.3056884917880853,0.47404207217211214
4186,2.863270614449267,2.4196965174404683,0.4435740970087987
4187,2.947033509354224,2.51373050365348,0.43330300570074387
4188,2.8103262307639705,2.33718439147862,0.4731418392853506
4189,2.8532365720171176,2.3874176722004505,0.465818899816667
4190,2.8243664904240187,2.3746149150460663,0.4497515753779524
4191,2.8692321504963862,2.44387662249054,0.4253555280058463
4192,2.7417361324491827,2.2619697052131733,0.4797664272360094
4193,2.8223350579175555,2.3593753046782187,0.4629597532393368
4194,2.8399940723808808,2.377353393464484,0.4626406789163968
4195,2.853356283993021,2.38929557758613,0.4640607064068907
4196,2.7460476931167768,2.2777562935862137,0.4682913995305631
4197,2.8968298411062565,2.463326838436294,0.43350300266996245
4198,2.7792562979054125,2.323577521848754,0.4556787760566583
4199,2.9506991190280587,2.5084298260086504,0.4422692930194083
4200,2.847820892477691,2.4087390875243786,0.4390818049533123
4201,2.791545446068154,2.31754723186025,0.4739982142079042
4202,2.877983029557034,2.426407928511162,0.4515751010458722
4203,2.837394543253017,2.373757038055767,0.4636375051972501
4204,2.7979461256471283,2.3318993628450344,0.4660467628020939
4205,2.8005499136808787,2.3175516844672206,0.4829982292136581
4206,2.7455042141909978,2.2909672302471593,0.45453698394383846
4207,2.807775632887413,2.3338449511372596,0.4739306817501534
4208,2.817168537927622,2.3580371519581296,0.45913138596949254
4209,2.8899475049363024,2.4267611018375455,0.4631864030987569
4210,2.846083028768972,2.3886267306928004,0.4574562980761714
4211,2.828034785080245,2.349422263473643,0.47861252160660195
4212,2.8200398986570847,2.363637876853214,0.4564020218038709
4213,2.810650877099681,2.343168000030859,0.4674828770688224
4214,2.783562230723057,2.3098562399665425,0.47370599075651443
4215,2.8516212737229027,2.4173021594190622,0.4343191143038405
4216,2.799263787494207,2.332051842984215,0.4672119445099918
4217,2.821806988020722,2.36365168378695,0.45815530423377204
4218,2.816425608025817,2.3779476800370127,0.43847792798880425
4219,2.844203181814882,2.3893686555373996,0.45483452627748244
4220,2.857067794011599,2.378418266156938,0.47864952785466075
4221,2.727090782459531,2.2540500629054954,0.4730407195540356
4222,2.8783092246600845,2.4137702848516147,0.46453893980846983
4223,2.803713327596966,2.34897779638962,0.454735531207346
4224,2.794643726865764,2.362530195242585,0.432113531623179
4225,2.9301160093809484,2.493641443439492,0.4364745659414564
4226,2.7718675574265856,2.329036532113952,0.44283102531263374
4227,2.802065934319104,2.3283313575566544,0.4737345767624497
4228,2.848258906036976,2.3805224472181887,0.46773645881878734
4229,2.818677885312607,2.340552303731174,0.4781255815814327
4230,2.8112104741281696,2.3425560098874887,0.4686544642406809
4231,2.7208939161522876,2.2682591425774743,0.4526347735748133
4232,2.8534229032889113,2.382507409791618,0.47091549349729345
4233,2.855554058798246,2.3803583681845577,0.47519569061368827
4234,2.935950722359238,2.5091487937956454,0.42680192856359245
4235,2.769323200982988,2.2937531753365374,0.47557002564645057
4236,2.726660055062675,2.2845274789593155,0.44213257610335965
4237,2.7779290476613214,2.3158555126269413,0.4620735350343801
4238,2.763116346821503,2.2944713077662744,0.4686450390552288
4239,2.676601099050684,2.2063870074153535,0.47021409163533034
4240,2.787025052372177,2.30962697713674,0.477398075235437
4241,2.8436527209947395,2.4098050813613723,0.43384763963336725
4242,2.8047555579906644,2.326357874758314,0.47839768323235043
4243,2.8088878983907044,2.3465706004822944,0.46231729790841003
4244,2.759416954258882,2.2913409452718723,0.46807600898700974
4245,2.8109443457570396,2.365721462847477,0.4452228829095626
4246,2.7891080749202457,2.372427516996682,0.41668055792356373
4247,2.8014306214076163,2.3390815689164,0.4623490524912164
4248,2.875894207480806,2.4399215670086103,0.43597264047219575
4249,2.833892457411334,2.376217965869436,0.4576744915418982
4250,2.8030089362746287,2.3551491029764664,0.44785983329816226
4251,2.809061272818863,2.319843990874221,0.48921728194464187
4252,2.7470958947112587,2.276588051166786,0.4705078435444725
4253,2.8719647480543093,2.4005177904102073,0.47144695764410205
4254,2.855022342597545,2.407380844341767,0.4476414982557779
4255,2.7049337691494935,2.236906564318103,0.46802720483139026
4256,2.810833199201819,2.379863360126741,0.430969839075078
4257,2.7951967332514687,2.3221960844314955,0.47300064881997317
4258,2.8586329562383304,2.389530732073554,0.4691022241647764
4259,2.816616650016941,2.3451635012991505,0.4714531487177904
4260,2.7520082771921768,2.2937282467064493,0.4582800304857275
4261,2.757106354191854,2.297127598288989,0.45997875590286474
4262,2.865511476937881,2.3867384036498476,0.4787730732880333
4263,2.8634244435488734,2.394983289657268,0.46844115389160557
4264,2.73737702655076,2.2693057005137516,0.46807132603700863
4265,2.845162668269786,2.3864621547712166,0.45870051349856933
4266,2.822203333014568,2.3499103273197397,0.47229300569482824
4267,2.894637806204767,2.448267706397356,0.4463700998074107
4268,2.8718821666287693,2.400040585890184,0.4718415807385852
4269,2.944750190874831,2.5101216807569986,0.43462851011783243
4270,2.838528677882855,2.3859797861738175,0.45254889170903745
4271,2.7781841824721734,2.3098731424831516,0.4683110399890218
4272,2.8105680230560077,2.3469683145951503,0.4635997084608574
4273,2.8739078333990142,2.4083134035761944,0.46559442982281984
4274,2.815034800492727,2.3354750944481903,0.4795597060445367
4275,2.7868843339200207,2.3318606819233345,0.45502365199668615
4276,2.896723814798742,2.4534059056736046,0.44331790912513735
4277,2.787724655438814,2.3253819075771363,0.46234274786167795
4278,2.789838992382146,2.309306946619944,0.48053204576220176
4279,2.757795763856374,2.286431615850983,0.47136414800539095
4280,2.8217636708691214,2.369773769400352,0.4519899014687696
4281,2.844983565669162,2.368385006664238,0.4765985590049242
4282,2.9524184744948814,2.519172848205735,0.4332456262891462
4283,2.7959780806584034,2.346906567720531,0.4490715129378722
4284,2.7936214474978756,2.3377546439933465,0.455866803504529
4285,2.809685975598503,2.370187196305307,0.4394987792931957
4286,2.7994745727442694,2.338204389396748,0.46127018334752146
4287,2.781704584489423,2.322179657191271,0.4595249272981521
4288,2.7099438687848543,2.2609326883410104,0.4490111804438439
4289,2.7821227531153143,2.34425247477165,0.4378702783436643
4290,2.692454922739735,2.2195481208231698,0.4729068019165652
4291,2.7848097292590777,2.322065513414643,0.4627442158444346
4292,2.802716734075889,2.3398179160796166,0.4628988179962725
4293,2.780143598612597,2.3161213012117945,0.4640222974008026
4294,2.7622931349474533,2.310152960872202,0.45214017407525153
4295,2.8009598616251177,2.327924202330835,0.4730356592942826
4296,2.73396740561139,2.2726488215232963,0.4613185840880938
4297,2.834904409546557,2.391378055114151,0.44352635443240596
4298,2.783514598282283,2.3201774219962843,0.4633371762859988
4299,2.8469475427516517,2.384246955907357,0.4627005868442948
4300,2.824460983419297,2.3601787354185273,0.46428224800076956
4301,2.628865611433334,2.1744171405836217,0.4544484708497123
4302,2.845505292055404,2.3705576646187976,0.47494762743660646
4303,2.678440301235411,2.208415897709147,0.47002440352626396
4304,2.8382906158794787,2.3719422375157646,0.4663483783637141
4305,2.8770606223666673,2.424227983258266,0.4528326391084012
4306,2.7921061101789957,2.3178776464758624,0.4742284637031333
4307,2.676174789931977,2.1992007890376266,0.4769740008943506
4308,2.7241723422825816,2.2741681841374692,0.4500041581451124
4309,2.871224211637229,2.3906420319227744,0.4805821797144545
4310,2.6702545165159073,2.1977751787751783,0.47247933774072903
4311,2.8242589347140377,2.358029232943654,0.4662297017703838
4312,2.7766432968528334,2.316850565423664,0.45979273142916943
4313,2.7102347852669726,2.25407705325433,0.45615773201264265
4314,2.7865396915571345,2.317534194779502,0.4690054967776325
4315,2.8787058228631786,2.41105022192476,0.46765560093841874
4316,2.865440706870354,2.403692159697438,0.4617485471729159
4317,2.8170392634202654,2.392713940897567,0.4243253225226984
4318,2.8073302791040566,2.345370450147884,0.4619598289561728
4319,2.7819294350822066,2.3046615667582664,0.4772678683239402
4320,2.8119369633238698,2.3561889087474857,0.4557480545763841
4321,2.7997151292207425,2.342080436343137,0.4576346928776056
4322,2.7975105099907385,2.315524668057655,0.4819858419330836
4323,2.757315858021603,2.316173454848894,0.4411424031727087
4324,2.7814226091387586,2.312332048243985,0.46909056089477374
4325,2.775446417351109,2.311004038898725,0.4644423784523837
4326,2.7939050884847014,2.3148520684162506,0.47905302006845085
4327,2.783272372016714,2.3174530878289743,0.46581928418773977
4328,2.8992905387397627,2.4526218873221612,0.4466686514176015
4329,2.853553906389825,2.40988932110043,0.44366458528939523
4330,2.882495362057219,2.435254829686354,0.44724053237086503
4331,2.7545004707848957,2.2934388529475385,0.4610616178373572
4332,2.8002226264402963,2.338563865982756,0.4616587604575404
4333,2.682754731072524,2.2319584920728275,0.45079623899969645
4334,2.7600884493728524,2.2843489691179775,0.4757394802548749
4335,2.855280204170057,2.392074079545867,0.4632061246241901
4336,2.8110065360459378,2.3473118010676424,0.4636947349782954
4337,2.8106104257803755,2.356032010725969,0.45457841505440655
4338,2.6624497144209327,2.187513614614857,0.4749360998060759
4339,2.7510252459528104,2.2797614490343734,0.471263796918437
4340,2.865148021711644,2.383568177591787,0.4815798441198571
4341,2.666070208079194,2.1961661193282644,0.46990408875092937
4342,2.8705571138284576,2.412034970052273,0.4585221437761846
4343,2.695576909253293,2.222017602051906,0.4735593072013873
4344,2.9521179317193624,2.49425915797614,0.45785877374322226
4345,2.8609309681073736,2.3860430050193937,0.47488796308797987
4346,2.849092158318247,2.3761671190913285,0.47292503922691864
4347,2.792091905217837,2.320144922114263,0.47194698310357364
4348,2.805821963020803,2.354805975781034,0.451015987239769
4349,2.79947448340653,2.3304789089085483,0.4689955744979817
4350,2.727027527749201,2.257873821161991,0.46915370658721
4351,2.806762500220277,2.329773554376206,0.47698894584407103
4352,2.786547789554043,2.319734050492143,0.46681373906190027
4353,2.6426156801857457,2.208136575261363,0.4344791049243826
4354,2.738415144141513,2.2687788710428025,0.4696362730987107
4355,2.8125208722163655,2.332618913807354,0.4799019584090116
4356,2.673785299678984,2.23341130579851,0.44037399388047405
4357,2.71953668993221,2.2664174167970232,0.45311927313518696
4358,2.832556619601371,2.3689627775193154,0.46359384208205556
4359,2.8106128742756717,2.3466156601872816,0.4639972140883901
4360,2.736748683347154,2.26716449689037,0.469584186456784
4361,2.8428099402975335,2.3652003797734262,0.4776095605241073
4362,2.83475548672779,2.3789660080717554,0.4557894786560346
4363,2.8583484822256486,2.391449319481797,0.46689916274385146
4364,2.8863141662310032,2.4217345345637344,0.4645796316672688
4365,2.735418248616124,2.278171811399127,0.45724643721699687
4366,2.794923158770644,2.3555978704889724,0.4393252882816716
4367,2.7851048189076124,2.3521036251721243,0.43300119373548807
4368,2.76437166497955,2.2865703352703486,0.4778013297092012
4369,2.7752612801925394,2.315845576451155,0.4594157037413842
4370,2.812052135082494,2.371604193504968,0.440447941577526
4371,2.922937287035563,2.4539478064282414,0.4689894806073216
4372,2.73700825449337,2.2760053450502586,0.4610029094431112
4373,2.802309798784224,2.329341622284572,0.4729681764996516
4374,2.8162039192642143,2.376142318512743,0.44006160075147127
4375,2.732480502865894,2.276601994117332,0.4558785087485622
4376,2.837005910341588,2.359962314143993,0.47704359619759495
4377,2.875140182085197,2.463434901454467,0.4117052806307302
4378,2.8690930430359174,2.4052927299154967,0.4638003131204207
4379,2.7965224844159726,2.32992674895967,0.46659573545630284
4380,2.864969568628984,2.4084305030744315,0.4565390655545527
4381,2.774170034103898,2.3300017329349374,0.4441683011689608
4382,2.876768763807145,2.418581857299216,0.4581869065079287
4383,2.731834372365952,2.2713268396691237,0.4605075326968282
4384,2.8007652460237007,2.325069901073921,0.47569534494977983
4385,2.8850552689052997,2.478861122731228,0.4061941461740717
4386,2.748796554967471,2.2785170153883403,0.4702795395791308
4387,2.7637804019851075,2.289798661027132,0.47398174095797563
4388,2.6990231651266385,2.223117277329449,0.47590588779718956
4389,2.7932363972282706,2.3196276748497695,0.47360872237850105
4390,2.8582084117426727,2.3869487020359976,0.4712597097066751
4391,2.9198545795491087,2.4833900729831537,0.4364645065659549
4392,2.763441280816624,2.2982899073699774,0.4651513734466466
4393,2.774666948250797,2.29505901099248,0.47960793725831685
4394,2.743916391810209,2.266915489465105,0.4770009023451043
4395,2.8080489641786213,2.333710629400625,0.47433833477799636
4396,2.739273508541014,2.288091411728043,0.45118209681297117
4397,2.7848621758784855,2.3238722762396598,0.46098989963882575
4398,2.791672756447143,2.3113334865367743,0.48033926991036857
4399,2.7623448286628007,2.2983221052061538,0.46402272345664697
4400,2.8715919926213176,2.4238253971922608,0.44776659542905684
4401,2.684077378062498,2.208184704868958,0.47589267319354
4402,2.753552534947099,2.2773870466604786,0.4761654882866204
4403,2.762165556870193,2.299968147617812,0.46219740925238106
4404,2.760859365772325,2.3021011623469887,0.45875820342533613
4405,2.8665605610261555,2.4135930820539064,0.4529674789722491
4406,2.8419048574084,2.35165810900739,0.49024674840101
4407,2.7349622083444967,2.2642180932536773,0.47074411509081937
4408,2.8568774335134113,2.398488141070385,0.4583892924430262
4409,2.8538590849915595,2.3969531967915936,0.4569058881999659
4410,2.8346980371136605,2.354165272465434,0.4805327646482267
4411,2.7912634997302432,2.3287927786584897,0.4624707210717536
4412,2.850833999659213,2.387906295437052,0.4629277042221611
4413,2.863004865539797,2.4114418550379515,0.45156301050184533
4414,2.817265689496236,2.347519836682579,0.4697458528136571
4415,2.8386295012910816,2.371278949080416,0.4673505522106658
4416,2.892563825645401,2.422008388099041,0.4705554375463601
4417,2.757735880074075,2.3111373835865696,0.4465984964875056
4418,2.6778658051266806,2.2172326122628805,0.4606331928638001
4419,2.7441093383373665,2.2759630446352617,0.4681462937021048
4420,2.8862511886509066,2.4254875928043913,0.4607635958465153
4421,2.822911600385883,2.3624488151937677,0.4604627851921155
4422,2.7308742779472817,2.27305949782194,0.4578147801253416
4423,2.8245956017312572,2.348620814816823,0.4759747869144344
4424,2.808801173417212,2.3521254437430836,0.4566757296741284
4425,2.7841013826066527,2.316236001360643,0.4678653812460096
4426,2.8791225945892607,2.417185685652714,0.4619369089365466
4427,2.6390894899080717,2.1860419461107083,0.45304754379736334
4428,2.7938500853949675,2.3429417696800323,0.45090831571493517
4429,2.8029536867338347,2.344510241424472,0.45844344530936265
4430,2.7408056815029864,2.2617479179418916,0.47905776356109486
4431,2.728392950080957,2.28881289252019,0.4395800575607671
4432,2.8644900439660956,2.4153565315684586,0.449133512397637
4433,2.7196915955946217,2.2455268386634857,0.474164756931136
4434,2.8040315658186237,2.3525392364970905,0.45149232932153316
4435,2.806016563838356,2.3224126105563694,0.4836039532819867
4436,2.767593975257995,2.3009923415320506,0.46660163372594443
4437,2.7473092091852984,2.2821686139405912,0.4651405952447072
4438,2.7903253110438633,2.3442288579792487,0.44609645306461454
4439,2.8381304316697014,2.414239197706163,0.42389123396353856
4440,2.695703080401861,2.220015974606253,0.475687105795608
4441,2.881838692964403,2.4015883465404237,0.4802503464239791
4442,2.81886361695243,2.3514827820349655,0.4673808349174644
4443,2.8774897217082125,2.4029754906614347,0.4745142310467778
4444,2.733813803518472,2.2573015106509264,0.4765122928675454
4445,2.7713846118500203,2.3034599125765616,0.4679246992734587
4446,2.907493154882666,2.4800648992965746,0.4274282555860913
4447,2.842593686742055,2.403129579243853,0.439464107498202
4448,2.7578176750094454,2.279451957107017,0.4783657179024283
4449,2.791494051552004,2.320355410132453,0.4711386414195511
4450,2.761323918290734,2.2941305777361944,0.46719334055453965
4451,2.779190974224019,2.3003031740787576,0.47888780014526144
4452,2.858815973520281,2.3867157517571354,0.4721002217631458
4453,2.7833969079559187,2.3037993909791195,0.4795975169767992
4454,2.785589459530745,2.3193562761729365,0.4662331833578084
4455,2.8834159800921166,2.4140379580792866,0.4693780220128301
4456,2.837453107532787,2.385716474225199,0.45173663330758806
4457,2.7625238998985324,2.2832336402618054,0.479290259636727
4458,2.8004992219535514,2.360232283625746,0.4402669383278055
4459,2.8088968780072014,2.3571574604217056,0.45173941758549585
4460,2.7393329346062925,2.282996654495536,0.45633628011075666
4461,2.8477798351880828,2.3865220037641355,0.4612578314239473
4462,2.7336067795513834,2.2569597142777673,0.4766470652736161
4463,2.857521833179097,2.401114295563169,0.4564075376159282
4464,2.7875124894544143,2.3286261100147776,0.4588863794396367
4465,2.833363303482575,2.367601454033156,0.4657618494494189
4466,2.8906948648448996,2.417900316963845,0.4727945478810547
4467,2.7949080715613923,2.335237872181408,0.4596701993799841
4468,2.8213182122922476,2.336386936762343,0.48493127552990467
4469,2.862929312252401,2.3951313613447804,0.46779795090762066
4470,2.7100498673908446,2.241760952427894,0.46828891496295055
4471,2.796835073979093,2.342149258243131,0.4546858157359619
4472,2.884682078693505,2.40602817111088,0.4786539075826246
4473,2.6125331792518214,2.162059511106842,0.45047366814497947
4474,2.8182534096181158,2.3513179930793853,0.4669354165387305
4475,2.8414553468147985,2.389247938564899,0.4522074082498997
4476,2.885679013621593,2.4168624954323334,0.4688165181892594
4477,2.7367669322393406,2.2688960046683997,0.46787092757094095
4478,2.7177573478488317,2.2557912912215774,0.4619660566272543
4479,2.7714361119387068,2.296048846332858,0.4753872656058489
4480,2.8827591543928555,2.413279009183242,0.46948014520961356
4481,2.793565001632287,2.322313308606494,0.47125169302579284
4482,2.771831366365481,2.3008204159242687,0.47101095044121255
4483,2.903208646252179,2.4565141594656055,0.44669448678657364
4484,2.77793515578275,2.299706116708623,0.4782290390741273
4485,2.907096135715138,2.4512582998766765,0.4558378358384614
4486,2.8576094719173946,2.397895806596273,0.45971366532112157
4487,2.7016654013710255,2.2478562721359894,0.45380912923503613
4488,2.8329787079225106,2.3558512489925825,0.47712745892992814
4489,2.759671761995696,2.2902507364315405,0.4694210255641553
4490,2.7685839858510493,2.303945151177162,0.4646388346738872
4491,2.808713227406555,2.342952441163181,0.4657607862433739
4492,2.812765626145995,2.3481523736259193,0.46461325252007546
4493,2.761150478180162,2.2945633927685605,0.46658708541160143
4494,2.7877675537846573,2.336923799543349,0.4508437542413084
4495,2.850057758523174,2.378496949893286,0.47156080862988814
4496,2.821589376628819,2.3595739170125034,0.46201545961631574
4497,2.6973769593929084,2.229012968223509,0.46836399116939953
4498,2.8148995921496107,2.3479116275132137,0.466987964636397
4499,2.900208240791741,2.427405415795004,0.47280282499673687
4500,2.788412949394825,2.3252621185996136,0.46315083079521147
4501,2.857993902138502,2.3998844858324087,0.4581094163060935
4502,2.822613539540991,2.382075786827755,0.44053775271323614
4503,2.892783070709362,2.430176086762217,0.46260698394714517
4504,2.9045251098157827,2.442757716041114,0.4617673937746689
4505,2.871381787573018,2.401973575205554,0.46940821236746366
4506,2.7065053978774696,2.248662504960427,0.4578428929170424
4507,2.7106393262570485,2.2435529839458797,0.46708634231116886
4508,2.8188103733811944,2.3445727640273413,0.4742376093538532
4509,2.7426146281343544,2.2852711440753843,0.4573434840589701
4510,2.857886545248171,2.4013920180610104,0.45649452718716077
4511,2.7849650334084317,2.3249438237920548,0.46002120961637694
4512,2.818766515904661,2.3575374938946467,0.46122902201001414
4513,2.826436790049587,2.3958303200278146,0.4306064700217722
4514,2.7887951173821603,2.3126748879497425,0.47612022943241783
4515,2.7202983473990816,2.246404897475812,0.47389344992326965
4516,2.87402362395882,2.4427633138826317,0.43126031007618826
4517,2.7134703379004743,2.243571239877734,0.46989909802274044
4518,2.7850824517397936,2.3190294182261253,0.46605303351366834
4519,2.8513421078475383,2.3715713731747736,0.47977073467276465
4520,2.856160978632281,2.3931886835588503,0.46297229507343074
4521,2.818694055246474,2.3519613899271103,0.4667326653193635
4522,2.7252652549269882,2.2628675038455017,0.4623977510814865
4523,2.807136098848072,2.3320731954625824,0.4750629033854894
4524,2.778390390205771,2.3249350835500966,0.4534553066556746
4525,2.8426245150811766,2.393317317166472,0.44930719791470475
4526,2.735680470100962,2.2861760786521783,0.44950439144878374
4527,2.688079540339386,2.22037520677913,0.46770433356025576
4528,2.8352442734414263,2.392872184065606,0.4423720893758203
4529,2.8865468828537293,2.425561748062812,0.4609851347909171
4530,2.736498361446438,2.2487067406194012,0.487791620827037
4531,2.7442329827490997,2.273591950386134,0.4706410323629657
4532,2.9066237903785512,2.4707592420828193,0.43586454829573196
4533,2.7999580977335836,2.3350986677822205,0.4648594299513631
4534,2.797451351579326,2.3529071166480318,0.444544234931294
4535,2.904817166124234,2.453335594001559,0.4514815721226748
4536,2.7475835339998946,2.282989817318032,0.46459371668186256
4537,2.893592198005039,2.4533652804883577,0.4402269175166813
4538,2.7005481646689025,2.226904740833966,0.4736434238349365
4539,2.7942485080751265,2.323300617100688,0.47094789097443845
4540,2.7504554204873166,2.2958078772281834,0.45464754325913326
4541,2.6929581324648404,2.2185843372630427,0.4743737952017977
4542,2.7223778757666155,2.2599211119941045,0.462456763772511
4543,2.7481244060418826,2.3164525240499345,0.43167188199194806
4544,2.86222021056006,2.403808659399361,0.45841155116069876
4545,2.704634114760484,2.229150496783736,0.4754836179767481
4546,2.788644954290181,2.3150058927151997,0.4736390615749815
4547,2.6394647850661506,2.1635163893568348,0.4759483957093158
4548,2.78098208921648,2.333284868275473,0.4476972209410066
4549,2.85192306622215,2.3932589677697305,0.45866409845241973
4550,2.703133563586113,2.236511625041462,0.4666219385446513
4551,2.801908063785413,2.332993976757851,0.4689140870275619
4552,2.7805256449292215,2.3227830673802226,0.45774257754899894
4553,2.702546640641239,2.256484435071252,0.4460622055699872
4554,2.7464749156123416,2.274501279970074,0.47197363564226746
4555,2.794233154271455,2.344958224541076,0.44927492973037886
4556,2.830159821705474,2.360669336440219,0.46949048526525505
4557,2.8067433080633046,2.35123192790652,0.4555113801567847
4558,2.7507912751192465,2.279209050444162,0.4715822246750845
4559,2.8384136030347107,2.3662248243403172,0.47218877869439346
4560,2.8632923796140064,2.3935949301005492,0.46969744951345715
4561,2.8007083303216196,2.3192119068418955,0.4814964234797241
4562,2.8616798494436764,2.3976441745915356,0.4640356748521408
4563,2.79611327821,2.3225095533184863,0.4736037248915137
4564,2.816440378352258,2.35928298897741,0.45715738937484796
4565,2.8320615612214777,2.3763928840759716,0.4556686771455061
4566,2.7970233788749788,2.337417583416661,0.4596057954583177
4567,2.8157102536371528,2.3612335514562814,0.45447670218087133
4568,2.8737916915756574,2.391523631180184,0.48226806039547343
4569,2.8910068916361626,2.4266198690665237,0.46438702256963893
4570,2.868875422127459,2.3966374360488523,0.47223798607860656
4571,2.861439078210745,2.4025608779517844,0.4588782002589604
4572,2.804986936075506,2.376398503649834,0.42858843242567213
4573,2.7395986910232164,2.2519497352239504,0.48764895579926604
4574,2.8021283417984786,2.338353173164872,0.4637751686336067
4575,2.7724695722956443,2.2954756183830116,0.47699395391263266
4576,2.8531049114408495,2.39568465670269,0.4574202547381594
4577,2.8922519815757703,2.453829016795493,0.43842296478027754
4578,2.812565301190448,2.3461599026270727,0.46640539856337515
4579,2.8976954194080653,2.4444400854448056,0.4532553339632597
4580,2.823751287734409,2.3456038152771406,0.4781474724572683
4581,2.7533430154789658,2.32235901613054,0.4309839993484257
4582,2.8830434827198674,2.4236099567865246,0.45943352593334286
4583,2.774603061978874,2.3011568210205535,0.47344624095832044
4584,2.875034385993095,2.4209315031468104,0.45410288284628475
4585,2.802693641461474,2.3358904778542144,0.4668031636072594
4586,2.8679286961380903,2.4071760394058157,0.4607526567322746
4587,2.7014490474240285,2.246131463520592,0.4553175839034367
4588,2.7606971486022136,2.2842247853953843,0.4764723632068293
4589,2.8919459109535066,2.424304560752207,0.4676413502012995
4590,2.8473827404719088,2.407684000726153,0.4396987397457557
4591,2.8224264928458562,2.348983137009318,0.47344335583653807
4592,2.7649803041832257,2.2919207519039944,0.47305955227923135
4593,2.851049899597383,2.3854218567288137,0.4656280428685693
4594,2.761844106411776,2.2957319815380597,0.4661121248737161
4595,2.8121965695183824,2.3373023863288607,0.4748941831895217
4596,2.8146225466841113,2.3458441638116745,0.4687783828724368
4597,2.8663462541909532,2.390231772422956,0.4761144817679974
4598,2.8615795019016637,2.4117136294833332,0.4498658724183304
4599,2.7033297463953168,2.2280757295731197,0.47525401682219703
4600,2.757145075407279,2.3067055093981983,0.45043956600908075
4601,2.822388698635745,2.3703747297296336,0.45201396890611134
4602,2.7931859463890576,2.322887947806838,0.47029799858221955
4603,2.81216366354808,2.3441353896677346,0.4680282738803454
4604,2.83157167790951,2.3627568800150502,0.4688147978944599
4605,2.7276355947909,2.266474585425954,0.46116100936494586
4606,2.8172837968039177,2.3533822186708093,0.4639015781331084
4607,2.832887848954955,2.3764569991130093,0.4564308498419458
4608,2.8895255758998553,2.428401152347796,0.46112442355205907
4609,2.7418453686520223,2.3091731780326463,0.432672190619376
4610,2.679232467275509,2.2315830517023163,0.4476494155731925
4611,2.793292481476913,2.3385798811300984,0.4547126003468147
4612,2.7664383006942934,2.3178558152129844,0.44858248548130897
4613,2.88632072786881,2.4231944597601958,0.46312626810861435
4614,2.826288341015277,2.3451118910427557,0.48117644997252107
4615,2.823048662239533,2.3518311573525628,0.47121750488697023
4616,2.7994157772291737,2.3196761621849933,0.4797396150441804
4617,2.7700342716123534,2.3337619225147557,0.4362723490975977
4618,2.8640354190871604,2.4420115733501255,0.4220238457370349
4619,2.8600092074595036,2.3931978710360595,0.4668113364234441
4620,2.821718295883439,2.3424033149175445,0.4793149809658943
4621,2.702769351000406,2.238599512849888,0.46416983815051793
4622,2.8122299934300314,2.3378079064152155,0.4744220870148159
4623,2.644009559778406,2.173123035630333,0.4708865241480731
4624,2.8582617008112443,2.4106061780892407,0.4476555227220036
4625,2.7753682762218226,2.31884055378315,0.4565277224386728
4626,2.7706422004181754,2.3131104760567016,0.4575317243614738
4627,2.7212411521151,2.24649250358599,0.4747486485291099
4628,2.7687661574313136,2.297773723079641,0.4709924343516727
4629,2.7808543985277403,2.303383373440445,0.47747102508729533
4630,2.792849860593704,2.3201177847856966,0.4727320758080076
4631,2.778511896671139,2.30736035804951,0.47115153862162895
4632,2.8127881524537286,2.3439505846054067,0.46883756784832187
4633,2.792753065180009,2.3286946704126117,0.4640583947673975
4634,2.684050858580058,2.2028740330298695,0.4811768255501887
4635,2.9219279743358193,2.5049016903818964,0.41702628395392294
4636,2.8336269346527985,2.3606996421364457,0.4729272925163528
4637,2.782715842964197,2.307545178655577,0.47517066430862
4638,2.8425130559215583,2.3578769587374113,0.484636097184147
4639,2.8038002868933845,2.3655079633216984,0.438292323571686
4640,2.859963887078225,2.398973289512864,0.460990597565361
4641,2.813020050886012,2.3519690223818044,0.46105102850420776
4642,2.868769948586911,2.426233992679077,0.4425359559078341
4643,2.746129786399027,2.2661526147012285,0.4799771716977985
4644,2.7488842891263383,2.3024892544194255,0.4463950347069128
4645,2.842412349367522,2.3905660565932414,0.45184629277428057
4646,2.7957842207810053,2.335062185711866,0.4607220350691392
4647,2.966181936923023,2.540167601610612,0.42601433531241106
4648,2.8324772271696093,2.372656814341997,0.4598204128276122
4649,2.8271657968986443,2.364823415103564,0.46234238179508047
4650,2.681826056027459,2.2069304225615296,0.47489563346592956
4651,2.7492681703374315,2.2804080438791767,0.4688601264582548
4652,2.878917574106331,2.4311793982322487,0.44773817587408216
4653,2.7987507776622356,2.3388449621942073,0.4599058154680282
4654,2.780110876503936,2.3465574582465876,0.4335534182573486
4655,2.9189066125439536,2.470566876434848,0.4483397361091055
4656,2.8289377596625536,2.3667495246652805,0.462188234997273
4657,2.869545573822884,2.4100621675618545,0.45948340626102935
4658,2.876154242782444,2.4200746296076345,0.4560796131748095
4659,2.8920743903579047,2.430653663518193,0.4614207268397119
4660,2.850372279966004,2.373190581841353,0.47718169812465083
4661,2.6836100809994003,2.219403902209789,0.46420617878961146
4662,2.753627282731492,2.2765233925241977,0.47710389020729416
4663,2.68873305186381,2.224478721035305,0.464254330828505
4664,2.729570905551916,2.2663252176160484,0.4632456879358675
4665,2.8747133249792096,2.4143544122211242,0.4603589127580854
4666,2.8120602161225756,2.3418372259713434,0.47022299015123226
4667,2.6565119845463268,2.1851371640875636,0.4713748204587631
4668,2.909063939644982,2.4467886640268675,0.46227527561811455
4669,2.8587809599108787,2.4383831100245317,0.420397849886347
4670,2.8522044763908796,2.4088911277241207,0.44331334866675887
4671,2.7063491331154097,2.2368150195460967,0.46953411356931296
4672,2.972481655727451,2.5276003249199515,0.4448813308074997
4673,2.799486717559186,2.3324348425710273,0.4670518749881589
4674,2.7227959658640244,2.253930560618672,0.4688654052453525
4675,2.8185677513640566,2.3566130027043175,0.46195474865973907
4676,2.700863127791072,2.2467996995928763,0.4540634281981957
4677,2.8850000153071576,2.4163020523020853,0.46869796300507227
4678,2.8748882649643397,2.4113217842477352,0.46356648071660445
4679,2.7781797614042083,2.301664542020814,0.47651521938339414
4680,2.826651180660933,2.355592554545314,0.4710586261156191
4681,2.739791559059006,2.3020610084160333,0.4377305506429727
4682,2.8016807709736193,2.344403737666279,0.4572770333073404
4683,2.8462473763387632,2.4049493185051123,0.44129805783365095
4684,2.8622960830852295,2.422682896184878,0.43961318690035167
4685,2.825623626527191,2.3636155673952253,0.4620080591319655
4686,2.841394364423406,2.369424349662553,0.47197001476085276
4687,2.831201723679199,2.3629309459479,0.4682707777312989
4688,2.855747176279334,2.3965316893038606,0.4592154869754732
4689,2.801401103817226,2.323425213700387,0.47797589011683916
4690,2.836061067928026,2.37932649327034,0.45673457465768585
4691,2.767316953790728,2.2863461918745718,0.48097076191615606
4692,2.7486645838851214,2.2900249492230427,0.4586396346620787
4693,2.7642972357151563,2.3094641800568763,0.45483305565828
4694,2.771738717584422,2.2968523853946174,0.4748863321898047
4695,2.7456139969148827,2.273847098111098,0.47176689880378486
4696,2.832150754304111,2.3701781307358574,0.46197262356825375
4697,2.779096259035764,2.311460002599706,0.4676362564360579
4698,2.817115254660973,2.3458849569470512,0.4712302977139218
4699,2.771094392813556,2.310418817486209,0.46067557532734726
4700,2.822284130954228,2.3523815089374542,0.4699026220167739
4701,2.7900530801497343,2.359827082004698,0.4302259981450365
4702,2.909930572547215,2.441407434907692,0.46852313763952314
4703,2.674741912072893,2.2155809948108884,0.45916091726200436
4704,2.8133060103726866,2.3462329808964655,0.4670730294762211
4705,2.8115277790556847,2.3572006714341582,0.4543271076215265
4706,2.9089306726005164,2.416175642884574,0.4927550297159424
4707,2.769345369643582,2.2870225849126444,0.4823227847309375
4708,2.890361369178555,2.449887752703087,0.4404736164754679
4709,2.8417556467366376,2.3614736567509618,0.48028198998567584
4710,2.820950521860131,2.370616687192169,0.45033383466796195
4711,2.7871878834451738,2.3219011062433705,0.4652867772018032
4712,2.8725390748234396,2.398141819495012,0.47439725532842747
4713,2.872830105394779,2.409960956668341,0.46286914872643825
4714,2.807971413487668,2.345842049257635,0.4621293642300328
4715,2.6848044661746866,2.2375245357877196,0.447279930386967
4716,2.877108825953599,2.4531664538571336,0.42394237209646546
4717,2.914159858110654,2.483102821743256,0.431057036367398
4718,2.8231370162274674,2.373221290782802,0.4499157254446655
4719,2.7391801036336023,2.2918368772185214,0.44734322641508095
4720,2.771103608427978,2.29969765034195,0.4714059580860277
4721,2.8489923188259465,2.3895280253222846,0.4594642935036619
4722,2.80632436455982,2.3460303535685227,0.4602940109912974
4723,2.884814840026862,2.410676239701135,0.47413860032572686
4724,2.7868817813954325,2.305038224483073,0.48184355691235936
4725,2.809210887257757,2.3546790187051885,0.45453186855256833
4726,2.8048419951762678,2.3551638032162963,0.4496781919599715
4727,2.8489888514449477,2.378419233071629,0.47056961837331857
4728,2.837725973756249,2.3636175145601674,0.47410845919608136
4729,2.835603442373059,2.383579506987467,0.45202393538559216
4730,2.823761139992911,2.3454516838768176,0.4783094561160932
4731,2.877120476241316,2.4088992634634403,0.46822121277787554
4732,2.8700113292485385,2.3954273474960086,0.4745839817525299
4733,2.8070208442102844,2.334065990516704,0.47295485369358037
4734,2.683899353943956,2.2547977259848984,0.4291016279590578
4735,2.884257239618871,2.4704354323807243,0.41382180723814654
4736,2.8127842851302716,2.3431705012246917,0.46961378390557984
4737,2.958345744583336,2.4800612036013847,0.47828454098195117
4738,2.818234089579747,2.3711614116714084,0.4470726779083387
4739,2.7960889736209538,2.309973514415225,0.48611545920572885
4740,2.7174580621437694,2.2604490217478537,0.4570090403959157
4741,2.862755262021444,2.403397443522902,0.45935781849854207
4742,2.7683460930457966,2.309271091089101,0.4590750019566956
4743,2.807722419765511,2.3428905466891683,0.46483187307634255
4744,2.8464761551142264,2.377590197836568,0.46888595727765825
4745,2.7679150979452287,2.2903472553280446,0.4775678426171841
4746,2.781306659302951,2.3350139018197913,0.4462927574831599
4747,2.8654108034298296,2.404687007753102,0.4607237956767274
4748,2.7877230401546336,2.338212294103234,0.4495107460513994
4749,2.8557410213310304,2.3885984752911193,0.467142546039911
4750,2.750081522151601,2.28961601944187,0.46046550270973086
4751,2.9074279954523536,2.4504936204697048,0.4569343749826489
4752,2.8706762188941655,2.403181790679241,0.46749442821492426
4753,2.7761485063102582,2.3188372358357725,0.4573112704744857
4754,2.7921971228673788,2.3372309437297267,0.454966179137652
4755,2.842467947901477,2.422591811879337,0.41987613602214013
4756,2.9423670033104834,2.4942208696223607,0.4481461336881227
4757,2.859785774413841,2.4028198848073696,0.45696588960647144
4758,2.780353144087236,2.324578229566023,0.4557749145212133
4759,2.73135160951625,2.2912886988047423,0.4400629107115077
4760,2.782842994410829,2.3003285754056186,0.4825144190052102
4761,2.7899539331287886,2.3150007702260758,0.47495316290271283
4762,2.7511517328813593,2.2950389613562185,0.45611277152514074
4763,2.8664139004246447,2.4036618462291117,0.462752054195533
4764,2.842175702081082,2.384888817961247,0.457286884119835
4765,2.8245474288493537,2.353703170431899,0.4708442584174546
4766,2.7675406028310627,2.2851334507052092,0.4824071521258535
4767,2.8349051456595387,2.3575454861194354,0.4773596595401033
4768,2.7751631444231886,2.3099386837711906,0.46522446065199796
4769,2.6782578808293867,2.236157211452702,0.4421006693766847
4770,2.9372004279508626,2.4851982120759084,0.45200221587495415
4771,2.8411945282062185,2.3890068974502454,0.4521876307559731
4772,2.8119935005867958,2.3396556289640427,0.4723378716227531
4773,2.8787353147891936,2.4241233502233315,0.45461196456586217
4774,2.8288752007852813,2.3573136048485916,0.47156159593668967
4775,2.800373253063314,2.359667162342567,0.44070609072074696
4776,2.76498090642937,2.299131360515936,0.46584954591343397
4777,2.700269004494946,2.2625374763564907,0.43773152813845506
4778,2.6473468309005437,2.1839769502570356,0.46336988064350804
4779,2.8920980417769986,2.4347500248193685,0.45734801695763005
4780,2.887426517182759,2.468652036751177,0.41877448043158205
4781,2.726249995822551,2.2480465252871498,0.478203470535401
4782,2.78203419295461,2.3235063805025695,0.45852781245204044
4783,2.7606127607060467,2.296713836685767,0.46389892402027977
4784,2.7853914270231703,2.328683084622847,0.45670834240032354
4785,2.8422875608654135,2.3706321350556476,0.4716554258097658
4786,2.8476227081416026,2.3922891657423326,0.45533354239926993
4787,2.827213584529579,2.3806617291854386,0.4465518553441403
4788,2.779131464202723,2.3231024429780014,0.45602902122472155
4789,2.874760262483509,2.4027184509225283,0.4720418115609806
4790,2.8133882450004153,2.343012805949694,0.4703754390507213
4791,2.829307278115966,2.395965625588861,0.43334165252710477
4792,2.8460893919541004,2.4084960456937923,0.4375933462603081
4793,2.874855347559393,2.3956697607715394,0.4791855867878536
4794,2.751423874637662,2.284045519658759,0.4673783549789028
4795,2.800830874406772,2.3302077639471035,0.4706231104596683
4796,2.7844622842361764,2.322176533880618,0.4622857503555582
4797,2.813138420846439,2.3497942624664403,0.46334415837999865
4798,2.843435373963443,2.35539134564212,0.488044028321323
4799,2.7213816866549676,2.2744827613117913,0.4468989253431763
4800,2.8074511103425412,2.3391771980387777,0.4682739123037636
4801,2.776640263156711,2.31072811535006,0.46591214780665124
4802,2.8392905356833125,2.372426561005107,0.4668639746782053
4803,2.770039672786981,2.2960608359130705,0.4739788368739104
4804,2.8842315858316745,2.4288912056773206,0.45534038015435385
4805,2.818242072848562,2.3611104023427396,0.4571316705058224
4806,2.8407707644936933,2.3806200529162553,0.4601507115774379
4807,2.72684614445012,2.267550617197285,0.4592955272528352
4808,2.802325096217984,2.3399577290800417,0.46236736713794224
4809,2.827463135380384,2.3724331295708834,0.4550300058095007
4810,2.854300558262405,2.3931060250364666,0.4611945332259384
4811,2.8179002732072047,2.3479201818001254,0.4699800914070793
4812,2.8588449054232057,2.4108930106474524,0.44795189477575326
4813,2.913786376779758,2.457644256465185,0.45614212031457324
4814,2.7855043601409344,2.3264045478915945,0.45909981224933993
4815,2.740238035421174,2.2836061568006465,0.4566318786205277
4816,2.8598294346903295,2.4070264227076836,0.45280301198264583
4817,2.855418044275859,2.4100304428939654,0.4453876013818938
4818,2.7975650792422737,2.331020626238443,0.46654445300383074
4819,2.8556436172639152,2.39824045829018,0.4574031589737353
4820,2.7283359080647966,2.251614703726913,0.47672120433788345
4821,2.715642117034475,2.2467301643725435,0.4689119526619314
4822,2.7659677278220602,2.2932194461863196,0.4727482816357407
4823,2.7665981649992584,2.2871080453160895,0.4794901196831689
4824,2.838906494277878,2.376453767488741,0.46245272678913674
4825,2.807965777395241,2.378870585476257,0.42909519191898404
4826,2.8623188505862798,2.4187341051541877,0.44358474543209203
4827,2.8780791099920684,2.4324210077895807,0.4456581022024877
4828,2.8997837761396736,2.4268984597105097,0.472885316429164
4829,2.849777029337662,2.3935514311582926,0.4562255981793695
4830,2.7979028551929503,2.3200902097931824,0.477812645399768
4831,2.858612358615731,2.3867016082622596,0.4719107503534712
4832,2.8248289178310797,2.3862553438473704,0.43857357398370933
4833,2.749695588314023,2.2625964455710763,0.4870991427429465
4834,2.802730318116719,2.344552967677131,0.45817735043958807
4835,2.829207185614186,2.386722040890025,0.4424851447241611
4836,2.7691897967870394,2.2942019459601637,0.47498785082687567
4837,2.7603698476997462,2.2842363397384386,0.4761335079613076
4838,2.8218264071342927,2.3458933105128037,0.47593309662148897
4839,2.9179617267100317,2.466138801085365,0.45182292562466664
4840,2.796731626401729,2.340231479930519,0.45650014647120996
4841,2.8860443888164933,2.42474050241181,0.46130388640468345
4842,2.8113148049172114,2.3565363899305165,0.4547784149866949
4843,2.8439664941511613,2.4000653924466,0.4439011017045611
4844,2.859534753979474,2.3914091544332106,0.4681255995462634
4845,2.8560163411796604,2.3828330618763327,0.4731832793033277
4846,2.8830093729214226,2.454173757732748,0.4288356151886745
4847,2.7485767857368955,2.2773639302002957,0.47121285553659975
4848,2.7895513045322535,2.3254766042018375,0.464074700330416
4849,2.9218851807908743,2.4726728926028203,0.44921228818805403
4850,2.819698075200287,2.376053205069844,0.4436448701304432
4851,2.8664711956561524,2.4110420174379708,0.45542917821818163
4852,2.8547531187372215,2.38575653977479,0.4689965789624315
4853,2.754481558287635,2.2721316327117576,0.4823499255758774
4854,2.9014597936379003,2.442483314124491,0.45897647951340925
4855,2.8110892624909134,2.3461710643474714,0.46491819814344204
4856,2.800547891789385,2.3375610595021836,0.4629868322872013
4857,2.813853433462309,2.3430996886448225,0.47075374481748655
4858,2.8666128123653234,2.440829916238297,0.42578289612702624
4859,2.7840313905384426,2.3118068546231934,0.47222453591524927
4860,2.8657078786638017,2.3866037158226097,0.47910416284119206
4861,2.870830866647784,2.413380973715045,0.45744989293273886
4862,2.8030175181595824,2.351421565193132,0.4515959529664504
4863,2.8683912601570563,2.402376882574448,0.4660143775826082
4864,2.73605215098187,2.2679984991255697,0.4680536518563003
4865,2.858423666647256,2.406234047463612,0.45218961918364364
4866,2.7043543240444876,2.2400606206328195,0.4642937034116681
4867,2.859959677897626,2.4050368565401294,0.4549228213574965
4868,2.8199695207073416,2.353965695787278,0.46600382492006354
4869,2.7699970798165214,2.3202707006005783,0.44972637921594316
4870,2.731781320317045,2.254508011740173,0.47727330857687233
4871,2.7476902854096417,2.2680652206840684,0.4796250647255733
4872,2.747347922019907,2.3018709541974864,0.44547696782242063
4873,2.729859170781237,2.2604624576166255,0.4693967131646115
4874,2.819228215468683,2.3568679055788833,0.4623603098897999
4875,2.9101512369919362,2.427649424382477,0.48250181260945935
4876,2.729041663272267,2.264531403507136,0.46451025976513094
4877,2.761407055088961,2.297576140868317,0.46383091422064426
4878,2.786856440333091,2.3436907023916147,0.4431657379414764
4879,2.8530069251539065,2.4007355848878826,0.4522713402660239
4880,2.885162531112739,2.4261498435552613,0.4590126875574776
4881,2.7925203682483755,2.3299323395067337,0.46258802874164173
4882,2.8677288201686206,2.406597323277826,0.4611314968907947
4883,2.7733319801278036,2.332829188580056,0.44050279154774774
4884,2.8076889976911246,2.3467407788288717,0.4609482188622529
4885,2.826294686394685,2.3421167317457714,0.48417795464891356
4886,2.844995517825294,2.3621777250741145,0.48281779275117964
4887,2.7769720027921587,2.3231801972270287,0.45379180556513
4888,2.8186040749833046,2.378613889064199,0.43999018591910577
4889,2.7093953097936536,2.2391179975679503,0.47027731222570335
4890,2.73498811222822,2.281849350859803,0.45313876136841724
4891,2.8108635368754347,2.3428034878729322,0.4680600490025024
4892,2.8209874377927333,2.356070869769264,0.46491656802346926
4893,2.8285262177840904,2.3540276904483446,0.4744985273357458
4894,2.719732026676813,2.278355991427801,0.4413760352490117
4895,2.7044458109367095,2.2275170715449812,0.4769287393917283
4896,2.8329764485275564,2.361477068636789,0.4714993798907674
4897,2.8532687817667206,2.4008185602630374,0.4524502215036832
4898,2.845540689880182,2.3973891217435725,0.4481515681366095
4899,2.860405020497136,2.3778613384828127,0.4825436820143234
4900,2.8899293653569202,2.4475557020791854,0.44237366327773486
4901,2.763775713036439,2.300065734739103,0.4637099782973362
4902,2.818905628759136,2.33880531555069,0.48010031320844604
4903,2.874094377388191,2.4059442343925874,0.4681501429956034
4904,2.7885810153749695,2.3129648935879037,0.4756161217870658
4905,2.70043197649132,2.2559488111666406,0.44448316532467924
4906,2.8405055448189924,2.3726186561621017,0.46788688865689076
4907,2.823764953321351,2.350418087367864,0.47334686595348696
4908,2.9087216693172806,2.4694944021862137,0.43922726713106686
4909,2.88659728778647,2.43394709490968,0.45265019287678987
4910,2.839287451359934,2.372266944377241,0.46702050698269293
4911,2.7586362332660754,2.299948488020897,0.4586877452451783
4912,2.8200591550257745,2.33473578941027,0.4853233656155047
4913,2.7387997403477176,2.2860056761048138,0.4527940642429038
4914,2.9105806854546548,2.4449374550952188,0.465643230359436
4915,2.6575462794068874,2.1892135011355616,0.4683327782713258
4916,2.851807472794375,2.403322677669077,0.44848479512529815
4917,2.7775233950342444,2.3046501668201365,0.47287322821410793
4918,2.7348026530031246,2.2653141422670977,0.46948851073602693
4919,2.7848164232535932,2.3051525988047037,0.47966382444888955
4920,2.7945255353218132,2.3182464509509857,0.47627908437082755
4921,2.795635417874122,2.3572123390777637,0.4384230787963581
4922,2.770306505339381,2.2947716074540656,0.47553489788531556
4923,2.8039559895601815,2.332192857788595,0.4717631317715867
4924,2.7302460391487,2.2900212984977597,0.4402247406509403
4925,2.875124203560953,2.4514472690010547,0.4236769345598983
4926,2.806773822317142,2.350382037409518,0.4563917849076242
4927,2.887922939148336,2.457699453874244,0.43022348527409227
4928,2.613219488497461,2.1538263458928357,0.4593931426046254
4929,2.7503599486195487,2.2920387999069756,0.4583211487125731
4930,2.849603149667797,2.3797418568721045,0.46986129279569244
4931,2.7313506462153776,2.2705106167728264,0.4608400294425512
4932,2.763737598747101,2.30100442221414,0.4627331765329612
4933,2.866733117055329,2.412687737405988,0.4540453796493411
4934,2.8959651764616816,2.477082220047739,0.4188829564139427
4935,2.907575035345441,2.4324416391266817,0.47513339621875916
4936,2.714702551725256,2.2356787072913997,0.47902384443385637
4937,2.8185176323178913,2.3607400081988943,0.45777762411899703
4938,2.8599594573990768,2.379613823234413,0.4803456341646637
4939,2.861490851664334,2.3867232303882977,0.47476762127603633
4940,2.753625154801638,2.2858401043535865,0.46778505044805163
4941,2.804689957645135,2.3279894259508005,0.47670053169433446
4942,2.874041591313174,2.425304332196087,0.44873725911708684
4943,2.771509950231672,2.3022567606146622,0.4692531896170098
4944,2.869894453068282,2.4153257215783457,0.45456873148993626
4945,2.7675744243767966,2.3093721723877954,0.4582022519890012
4946,2.858368708356432,2.406775041236998,0.45159366711943427
4947,2.7684529685174497,2.3040434152863996,0.46440955323105015
4948,2.7948932269785187,2.3710091798049917,0.423884047173527
4949,2.7459920795376087,2.2920194392963396,0.45397264024126915
4950,2.879770318997064,2.435028460001947,0.44474185899511687
4951,2.689169420902232,2.215894912916612,0.47327450798561976
4952,2.812933528309329,2.3488923532567756,0.46404117505255327
4953,2.84623386527349,2.3858977984137724,0.4603360668597176
4954,2.687672209499517,2.230732188735964,0.456940020763553
4955,2.7769561360501545,2.3144637756859954,0.4624923603641591
4956,2.7473028819243455,2.296370535763578,0.4509323461607675
4957,2.9010166235723034,2.444383065994592,0.4566335575777112
4958,2.7706520471563625,2.293982243806222,0.4766698033501404
4959,2.8507536864488077,2.399656522444988,0.4510971640038197
4960,2.750811915104078,2.2641234821276974,0.48668843297638054
4961,2.7108233652918168,2.249490812737554,0.46133255255426286
4962,2.881491363840713,2.4168159206272155,0.46467544321349763
4963,2.892346853546683,2.4512891920997752,0.4410576614469077
4964,2.7158527100734555,2.2666561894112984,0.4491965206621571
4965,2.6845866681452293,2.218423754497593,0.4661629136476364
4966,2.804848581397356,2.328898808008843,0.47594977338851274
4967,2.769157040672046,2.315362388301059,0.45379465237098726
4968,2.965104460834484,2.5243159725503843,0.4407884882840998
4969,2.80776055443634,2.3317068870676967,0.4760536673686433
4970,2.89249226949622,2.4409589968678542,0.4515332726283656
4971,2.8886640120317235,2.4359354543340346,0.45272855769768894
4972,2.8800867993748187,2.4073088279796497,0.47277797139516897
4973,2.777356783703769,2.3105554946128066,0.4668012890909625
4974,2.7435263288402236,2.2690428247850476,0.47448350405517603
4975,2.8133267861885316,2.3504152250339856,0.462911561154546
4976,2.8202361761774557,2.347228864957676,0.4730073112197797
4977,2.811192980286884,2.3513192477618876,0.4598737325249962
4978,2.799318056459872,2.3352452730015516,0.46407278345832026
4979,2.882539163418035,2.4153471306171292,0.4671920328009058
4980,2.841074045076723,2.369728632516633,0.47134541256009
4981,2.738411499631965,2.271322064337657,0.4670894352943078
4982,2.682170903628109,2.2311580759460194,0.4510128276820895
4983,2.8443308907584575,2.3672294066031876,0.4771014841552699
4984,2.848328722764681,2.3732474376535353,0.47508128511114567
4985,2.9028838309809584,2.424579393954951,0.47830443702600745
4986,2.864990640360398,2.3832333099484058,0.4817573304119924
4987,2.758607303933163,2.289750379521364,0.46885692441179927
4988,2.8292290706873393,2.3611796458506076,0.46804942483673173
4989,2.816996183139004,2.3572371451581424,0.4597590379808616
4990,2.8194483920061897,2.3833232341912676,0.4361251578149221
4991,2.854123048474593,2.394704496651172,0.45941855182342106
4992,2.7693010404787497,2.339758668851821,0.4295423716269289
4993,2.7800357116963776,2.310941230532495,0.46909448116388264
4994,2.938657497886038,2.4858694540281383,0.4527880438578995
4995,2.775364367498142,2.3221062027341355,0.4532581647640064
4996,2.8246094035808667,2.3701645871850996,0.45444481639576706
4997,2.805048288034222,2.348108423478774,0.4569398645554479
4998,2.7716118031965986,2.2982425125490957,0.4733692906475029
4999,2.8538622175625368,2.3870269415572967,0.4668352760052401
5000,2.7051293436431894,2.230932597664103,0.47419674597908656
5001,2.9290314138707165,2.4556456609126824,0.4733857529580341
5002,2.8289421339738716,2.3584768620264844,0.4704652719473872
5003,2.709973421646843,2.2398882822763624,0.4700851393704806
5004,2.845751101724775,2.3978479306446947,0.4479031710800805
5005,2.8687586873587696,2.42494092282017,0.44381776453859967
5006,2.8525069513834302,2.400189494190369,0.45231745719306105
5007,2.852300818532971,2.390329305478198,0.4619715130547726
5008,2.7864170567262305,2.3366054797897053,0.4498115769365252
5009,2.86075492648134,2.386466149674304,0.47428877680703607
5010,2.774453654688337,2.3047422755017632,0.4697113791865739
5011,2.7962270307185073,2.3537912579168414,0.4424357728016659
5012,2.9264945219380203,2.495726377699965,0.4307681442380553
5013,2.809136203519884,2.350005826209831,0.459130377310053
5014,2.840311964590183,2.378242976909911,0.46206898768027216
5015,2.8366737586254134,2.3899534577061914,0.446720300919222
5016,2.8226963247074934,2.362724793115927,0.45997153159156623
5017,2.7995154926119565,2.37666507211752,0.42285042049443655
5018,2.7517734383244314,2.277028251658891,0.47474518666554033
5019,2.8275468113292272,2.350233005871216,0.47731380545801105
5020,2.85738747721084,2.4062965540641263,0.4510909231467135
5021,2.738297067329683,2.2665337394242298,0.47176332790545317
5022,2.824155761854551,2.3685970445688,0.45555871728575115
5023,2.788532601554869,2.3412335106326454,0.44729909092222364
5024,2.8936744597773596,2.4162367863473215,0.47743767343003807
5025,2.7727603602375446,2.298504723855721,0.47425563638182355
5026,2.6912876303819937,2.2401796838894983,0.4511079464924954
5027,2.761574694525374,2.3099575735570497,0.4516171209683244
5028,2.7512231870887653,2.2890592794235074,0.46216390766525794
5029,2.8984910033354896,2.44710975101675,0.4513812523187397
5030,2.8414104184052893,2.3814976569810664,0.4599127614242229
5031,2.7578288810514815,2.2976889165527044,0.46013996449877714
5032,2.712594321568238,2.2507689065966416,0.46182541497159635
5033,2.8884535591449856,2.4193459388384286,0.46910762030655695
5034,2.8220665139693986,2.3665766795673413,0.45548983440205726
5035,2.7810556774349857,2.3116038855431453,0.4694517918918404
5036,2.850986734660303,2.3694988143583378,0.4814879203019653
5037,2.7651354466091953,2.300125885329029,0.46500956128016613
5038,2.8649722934324453,2.4192372246546454,0.4457350687777999
5039,2.761976375606243,2.2787671219008856,0.4832092537053576
5040,2.8094517794740375,2.339459615064155,0.46999216440988256
5041,2.7988084624529432,2.3225092405994543,0.47629922185348894
5042,2.841221015266964,2.3650021240289094,0.4762188912380547
5043,2.6314223303321693,2.1596714669182107,0.47175086341395867
5044,2.83671108071142,2.38401886907477,0.45269221163664985
5045,2.79673453304172,2.330940156003937,0.46579437703778304
5046,2.8470111684264694,2.3899985447617444,0.45701262366472495
5047,2.8051637126703737,2.330359605479741,0.4748041071906326
5048,2.8847361154028324,2.4243470966707754,0.46038901873205695
5049,2.8179554636882393,2.3484102091327137,0.46954525455552565
5050,2.8086784054254434,2.342697965477584,0.46598043994785954
5051,2.910604984247257,2.4414934165957716,0.46911156765148565
5052,2.852300588171803,2.3852676720670476,0.4670329161047553
5053,2.8300549898727563,2.3523333294107824,0.47772166046197384
5054,2.7576787460813157,2.2871948844544803,0.4704838616268354
5055,2.9109212273887937,2.4566686791157877,0.454252548273006
5056,2.7335470326872957,2.2679831915011492,0.46556384118614647
5057,2.8327496927361207,2.366086028927956,0.4666636638081645
5058,2.8224778077666635,2.37528151163413,0.44719629613253353
5059,2.642213503883966,2.170901802603671,0.4713117012802952
5060,2.880245876086314,2.4738575703630885,0.4063883057232256
5061,2.8558029065812023,2.3889216956050503,0.466881210976152
5062,2.8262486177542474,2.3931930907079586,0.4330555270462888
5063,2.8976793511714534,2.4413783909742084,0.456300960197245
5064,2.777771225453182,2.2980845042289055,0.47968672122427636
5065,2.7222685716773802,2.253121120471865,0.46914745120551515
5066,2.9042879695662713,2.461312302595909,0.44297566697036217
5067,2.8375543432616452,2.3771404808718484,0.46041386238979687
5068,2.787095423852084,2.32836504954241,0.458730374309674
5069,2.8300472370720735,2.3666209028816407,0.4634263341904328
5070,2.7888470768354994,2.3051411367625834,0.483705940072916
5071,2.6732955427126677,2.1981946028093353,0.47510093990333235
5072,2.779463147667209,2.3175184014158874,0.46194474625132154
5073,2.8185058773386276,2.3455949779963237,0.4729108993423039
5074,2.776495408118558,2.3029917406063025,0.4735036675122557
5075,2.790207409536054,2.3334609488911835,0.45674646064487057
5076,2.802353053512189,2.3547086580884917,0.44764439542369727
5077,2.8274239776118635,2.3489730617724662,0.47845091583939725
5078,2.825786094565106,2.3608042001841,0.464981894381006
5079,2.613983972789352,2.158421962568346,0.45556201022100584
5080,2.7760782496763947,2.2955409121651584,0.4805373375112363
5081,2.9150943911467713,2.4961353695184436,0.41895902162832765
5082,2.8497711405471775,2.3874374399436187,0.46233370060355883
5083,2.812053827951323,2.352464894891013,0.45958893306031
5084,2.8035855129797174,2.3455381489906726,0.4580473639890448
5085,2.8195018548627955,2.345861127506618,0.47364072735617757
5086,2.91377661620006,2.4865501909733623,0.4272264252266975
5087,2.847077573363457,2.3859843825022495,0.46109319086120726
5088,2.8097044445792565,2.335474167025571,0.4742302775536853
5089,2.7026365521370734,2.233003910262512,0.46963264187456133
5090,2.7725919566615027,2.3209142915492875,0.4516776651122152
5091,2.819536532549094,2.371527211202533,0.4480093213465608
5092,2.9378872269712555,2.4667810542868507,0.4711061726844048
5093,2.79497088326925,2.342679423153467,0.45229146011578303
5094,2.7501647898385575,2.308301677355963,0.44186311248259447
5095,2.873388752023109,2.4248335206684692,0.4485552313546397
5096,2.774119739525057,2.3057310070145776,0.4683887325104794
5097,2.7462935230311225,2.272708277366696,0.4735852456644265
5098,2.813119923911458,2.3347940251942307,0.4783258987172272
5099,2.897803386696502,2.458548489951599,0.43925489674490326
5100,2.9090470991629886,2.456411495617007,0.45263560354598154
5101,2.889882184005382,2.4453029128918953,0.44457927111348683
5102,2.7966943497078303,2.3136456464197654,0.4830487032880648
5103,2.8865764386030626,2.4272314865856686,0.459344952017394
5104,2.7586295862882007,2.28634353544214,0.4722860508460607
5105,2.8255925379208437,2.3867290711676157,0.43886346675322807
5106,2.778058338569595,2.319152281129926,0.4589060574396693
5107,2.80903718387989,2.3347333999780697,0.47430378390182026
5108,2.76865315526967,2.2933772636568506,0.47527589161281947
5109,2.7990786299004933,2.3398389553405523,0.45923967455994097
5110,2.814410564017875,2.3514356997115926,0.46297486430628254
5111,2.94031108319608,2.477392735753659,0.4629183474424212
5112,2.8684054776266747,2.423885447773849,0.4445200298528258
5113,2.8261379946880862,2.347390622175623,0.47874737251246335
5114,2.825589943372314,2.3395996936232484,0.4859902497490656
5115,2.824326803710247,2.3634324885842286,0.4608943151260183
5116,2.815301106080729,2.36598453150206,0.44931657457866914
5117,2.7988569448087075,2.355034950321967,0.4438219944867403
5118,2.7448992060970445,2.272034056404572,0.47286514969247273
5119,2.907105421229742,2.485485320930249,0.4216201002994926
5120,2.8708973465057643,2.4335161465408603,0.437381199964904
5121,2.750707457828505,2.2804428855473615,0.4702645722811436
5122,2.753201935111554,2.290142758681011,0.4630591764305434
5123,2.844880818923187,2.385671250209219,0.4592095687139679
5124,2.781855918171855,2.305748419556578,0.47610749861527735
5125,2.8006433175298855,2.343294162018456,0.4573491555114293
5126,2.744135507353684,2.280017680010137,0.4641178273435469
5127,2.857622779386057,2.3937316273121443,0.46389115207391285
5128,2.8914863686170675,2.4858850328457947,0.4056013357712729
5129,2.8607715565994773,2.420368119992548,0.44040343660692916
5130,2.7650167970975925,2.310750066691045,0.4542667304065473
5131,2.8586832989918753,2.4052570166105602,0.4534262823813151
5132,2.8284418593019396,2.36219763235373,0.46624422694820966
5133,2.799854448706437,2.311898125770712,0.48795632293572533
5134,2.7846638061007716,2.3077459527931987,0.47691785330757286
5135,2.8975220627090263,2.5110627273317707,0.38645933537725563
5136,2.728276924797808,2.2614683630243104,0.4668085617734974
5137,2.81981680674306,2.394377062221354,0.42543974452170596
5138,2.7706307587914742,2.2930612666072667,0.4775694921842075
5139,2.8354023067617793,2.3808067232807066,0.45459558348107265
5140,2.650149354262015,2.195770667063896,0.454378687198119
5141,2.905736672714765,2.433473302855226,0.4722633698595389
5142,2.742303505158975,2.2736631081813865,0.4686403969775883
5143,2.8189080994094327,2.361501027650328,0.4574070717591048
5144,2.888263378459326,2.408768522769625,0.47949485568970074
5145,2.7640467469605414,2.295472588301441,0.46857415865910035
5146,2.7981223624413656,2.3373470685006503,0.46077529394071526
5147,2.7243900358694906,2.2578096233964566,0.46658041247303395
5148,2.861613921081938,2.4035873696602614,0.4580265514216766
5149,2.855191439041557,2.4121227686180853,0.44306867042347164
5150,2.798753130506266,2.316592921428286,0.48216020907797974
5151,2.900219989548349,2.429951843701533,0.47026814584681587
5152,2.762490616981164,2.31941542022475,0.44307519675641416
5153,2.8725605316898637,2.42910542894238,0.44345510274748356
5154,2.7726140513141786,2.2989020294674583,0.47371202184672034
5155,2.849837809956019,2.376162223210872,0.4736755867451472
5156,2.695993993942866,2.243063961117234,0.4529300328256318
5157,2.8899706739352107,2.423332430103216,0.4666382438319947
5158,2.7495955032128196,2.2915253790700483,0.4580701241427714
5159,2.7559104646132737,2.279963918525726,0.4759465460875476
5160,2.8430764346673247,2.391167173618732,0.45190926104859264
5161,2.8993637210390935,2.49155323300467,0.40781048803442355
5162,2.7812683214523957,2.324846267096848,0.4564220543555475
5163,2.773299104174762,2.2985394849895777,0.47475961918518417
5164,2.8707877592311553,2.393045203375092,0.47774255585606307
5165,2.8604161093357794,2.417425665695139,0.4429904436406402
5166,2.7128105279510017,2.239085971137241,0.4737245568137607
5167,2.7651732237275253,2.295697879637876,0.4694753440896493
5168,2.7904287638550165,2.3249181053969927,0.46551065845802375
5169,2.6018984518599417,2.127237911734555,0.4746605401253867
5170,2.815246394347775,2.3450234965008487,0.4702228978469263
5171,2.776903425609315,2.3108392689442043,0.4660641566651105
5172,2.783273530076987,2.314340645233393,0.4689328848435941
5173,2.7558736581391985,2.2970600097624745,0.458813648376724
5174,2.78613027608512,2.3209516731850535,0.46517860290006663
5175,2.744801553162176,2.2691306722816598,0.4756708808805161
5176,2.7669147257086038,2.3094447524984765,0.4574699732101273
5177,2.8459417412979384,2.393535816424163,0.4524059248737755
5178,2.886032403433785,2.436980488845856,0.44905191458792926
5179,2.6776685413305845,2.20974925677619,0.46791928455439447
5180,2.7960929834368806,2.335926252609784,0.4601667308270967
5181,2.8192283977024886,2.3388687017217697,0.4803596959807188
5182,2.7802999566004085,2.3135898289376433,0.4667101276627652
5183,2.818410482464208,2.3629852801863467,0.4554252022778611
5184,2.8317176698826425,2.3476804952012973,0.4840371746813452
5185,2.836917973635888,2.3638338959733174,0.47308407766257066
5186,2.877763878263266,2.422035728819454,0.4557281494438121
5187,2.77810581876196,2.3182437696403704,0.4598620491215897
5188,2.8550693162359955,2.4091586066776927,0.4459107095583028
5189,2.881390042893264,2.3983502824418568,0.4830397604514074
5190,2.794439006730147,2.327154752298632,0.4672842544315148
5191,2.8703934281950767,2.4011867131635793,0.46920671503149736
5192,2.7830017382858254,2.3206718229236727,0.46232991536215273
5193,2.7874665244221393,2.3201564812484783,0.467310043173661
5194,2.755046085516845,2.2763803063350236,0.4786657791818212
5195,2.765407243224635,2.30578815766259,0.459619085562045
5196,2.764461375685785,2.2851020224836973,0.47935935320208767
5197,2.812315885964434,2.3790386958924374,0.4332771900719967
5198,2.764132669696972,2.295804848777956,0.46832782091901626
5199,2.823808810094282,2.34528436533294,0.47852444476134215
5200,2.793505709504529,2.3190101737695876,0.4744955357349414
5201,2.77561537484124,2.3342383119476775,0.4413770628935625
5202,2.7498258331966827,2.2852422040809865,0.4645836291156962
5203,2.788753388134162,2.3413925871128827,0.4473608010212793
5204,2.9022904482313034,2.457561949554879,0.4447284986764246
5205,2.7374785942052164,2.2677735164522104,0.4697050777530061
5206,2.7200876551590425,2.265877768070222,0.4542098870888207
5207,2.7041163323183803,2.249601789470429,0.4545145428479511
5208,2.874198408987222,2.450927922603329,0.4232704863838932
5209,2.7213340268924497,2.26224993482223,0.4590840920702197
5210,2.7964203712352154,2.340720335784312,0.4557000354509033
5211,2.778067206581908,2.306997213884972,0.47106999269693617
5212,2.788128652178535,2.333415866767877,0.45471278541065807
5213,2.656531606985618,2.177449486570332,0.47908212041528575
5214,2.9282783665427843,2.497757407569111,0.4305209589736734
5215,2.7890226159526312,2.3232812069424207,0.46574140901021055
5216,2.7809588092768474,2.3188903660695357,0.46206844320731166
5217,2.7837382994915205,2.3138850416598884,0.4698532578316321
5218,2.850606613457785,2.4094735302841195,0.4411330831736655
5219,2.7749485872727875,2.2940504705297418,0.4808981167430457
5220,2.8534653611543694,2.439217575502953,0.4142477856514164
5221,2.824228108651954,2.38263550657021,0.441592602081744
5222,2.7443403667482085,2.2866926114078665,0.45764775534034197
5223,2.8498866972220114,2.3903277033919714,0.45955899383003995
5224,2.8357279129286272,2.3859686847915627,0.4497592281370646
5225,2.8901661234159195,2.4311515813682685,0.459014542047651
5226,2.7464417564564867,2.273188284523776,0.47325347193271083
5227,2.8493986183245896,2.3868512993920517,0.462547318932538
5228,2.8627345167072726,2.4060336451811635,0.45670087152610916
5229,2.8747737627227736,2.430497938204466,0.4442758245183076
5230,2.9369501574638996,2.4834390366407995,0.4535111208231002
5231,2.809039316160912,2.327505318677856,0.4815339974830559
5232,2.814943854172283,2.3529226290235106,0.46202122514877253
5233,2.7836752594988874,2.325551025724108,0.4581242337747793
5234,2.816088078530513,2.3491883325666674,0.46689974596384554
5235,2.8673086273909143,2.4112683216647706,0.45604030572614374
5236,2.846903666795584,2.3944147886963187,0.4524888780992651
5237,2.8362744935227058,2.38589280569893,0.45038168782377586
5238,2.8850862283720935,2.401428601491345,0.48365762688074865
5239,2.8159230384246356,2.358090449762167,0.4578325886624688
5240,2.763934039020936,2.297944792539178,0.4659892464817581
5241,2.782008168889761,2.320347479719301,0.46166068917046
5242,2.8551161072989304,2.385102739392232,0.47001336790669823
5243,2.8175764006796626,2.363464975628339,0.4541114250513236
5244,2.8499679861069613,2.4197368673178095,0.4302311187891519
5245,2.825416450259616,2.345692991641357,0.4797234586182588
5246,2.8477121166434576,2.3681756047631066,0.47953651188035096
5247,2.8231314823280704,2.371800269521005,0.45133121280706545
5248,2.820862894307261,2.3735592211850993,0.4473036731221618
5249,2.7949885529809975,2.3301251821118116,0.46486337086918583
5250,2.741276955154561,2.2827514983354202,0.4585254568191406
5251,2.9077724720828413,2.459630332173807,0.4481421399090344
5252,2.756081280432075,2.296938732723925,0.4591425477081499
5253,2.826677998934065,2.3815215051415506,0.4451564937925143
5254,2.813704591251332,2.3449854447024725,0.4687191465488594
5255,2.7648850502644957,2.2972431466968484,0.46764190356764734
5256,2.91942560651021,2.489771671049437,0.4296539354607729
5257,2.883848917893676,2.4175041913682795,0.4663447265253966
5258,2.785365404148876,2.3491223960477434,0.43624300810113237
5259,2.715020614644803,2.255079900267505,0.4599407143772982
5260,2.8503413634383232,2.3797385852471042,0.470602778191219
5261,2.6660794047876135,2.196006418507504,0.47007298628010963
5262,2.808536810252115,2.3434857190771825,0.4650510911749324
5263,2.71304778055519,2.2591479849087044,0.4538997956464854
5264,2.7202979793008386,2.2526207809141554,0.4676771983866832
5265,2.7903747605500726,2.302986804039274,0.4873879565107986
5266,2.906487399741016,2.443663884723617,0.46282351501739916
5267,2.792689083089049,2.3396152005614277,0.4530738825276215
5268,2.833778768502109,2.35473660063109,0.47904216787101905
5269,2.8472008077091977,2.385171909507619,0.46202889820157855
5270,2.75925857857387,2.2967452829802064,0.4625132955936637
5271,2.777631366711621,2.3045988965141726,0.47303247019744843
5272,2.849968632713979,2.375406059866982,0.4745625728469971
5273,2.8087605233047888,2.3534162625324346,0.4553442607723541
5274,2.7660914467686237,2.2877202165127875,0.4783712302558363
5275,2.709130701275687,2.2360169934246055,0.4731137078510814
5276,2.792188435715026,2.3302879562411825,0.4619004794738437
5277,2.854026810287122,2.4089388718052374,0.44508793848188466
5278,2.8702156065600004,2.3887792514591495,0.4814363551008509
5279,2.860170868260913,2.397390565157683,0.46278030310323004
5280,2.7042858179063263,2.2340085394644715,0.47027727844185474
5281,2.734606520807411,2.2526372981276257,0.48196922267978515
5282,2.7070726583325904,2.231981783481477,0.47509087485111356
5283,2.7502750688257045,2.287575586659522,0.4626994821661823
5284,2.8238989679469126,2.3517349001997685,0.47216406774714414
5285,2.807254046862537,2.3308949253317155,0.4763591215308214
5286,2.7646325555315276,2.3070422366287153,0.4575903189028123
5287,2.820541063110846,2.3666451872641776,0.45389587584666824
5288,2.7223065019537707,2.2737530858696218,0.4485534160841489
5289,2.8165737680441727,2.3455218204755237,0.471051947568649
5290,2.800314614392602,2.347183399124838,0.453131215267764
5291,2.9251054320412617,2.491960677804031,0.43314475423723087
5292,2.8167180481960634,2.3476194752247346,0.46909857297132884
5293,2.7043082963734024,2.260903147407464,0.4434051489659385
5294,2.8551437289932013,2.3984821960931137,0.4566615329000876
5295,2.77674735190806,2.3046963998570122,0.47205095205104763
5296,2.8250291455845944,2.355220487587453,0.4698086579971412
5297,2.753625450671636,2.2779694899166048,0.47565596075503125
5298,2.7669502356329776,2.291722571881347,0.4752276637516304
5299,2.6875561146252416,2.2309078231832267,0.4566482914420149
5300,2.783577278922222,2.3069001487070544,0.47667713021516755
5301,2.723763204299774,2.272588954333897,0.45117424996587685
5302,2.7728059789874986,2.3293169044880435,0.44348907449945507
5303,2.7550957212284404,2.2791810189686545,0.4759147022597858
5304,2.8041475201408876,2.3414131520652903,0.4627343680755973
5305,2.7599948339550364,2.3107417329390656,0.4492531010159708
5306,2.8337683992790406,2.3631878727631945,0.47058052651584603
5307,2.7829123793488217,2.337615890511286,0.4452964888375357
5308,2.781459598745742,2.3212498803939523,0.4602097183517895
5309,2.8518293547239018,2.3865269651236733,0.4653023896002284
5310,2.6741935224028714,2.2075239436787126,0.4666695787241588
5311,2.9555998893088513,2.4771373419381426,0.4784625473707087
5312,2.8017017506941064,2.3315619593820416,0.47013979131206485
5313,2.7942331236856384,2.3763623169300874,0.417870806755551
5314,2.7965194418431465,2.324919740380119,0.47159970146302754
5315,2.8452089819789435,2.3998557925969464,0.4453531893819971
5316,2.8750393339111002,2.434440215310797,0.4405991186003031
5317,2.7695085009130485,2.2979146858928083,0.4715938150202401
5318,2.830803514584615,2.3839825923444513,0.44682092224016356
5319,2.7656758340695373,2.2916941673630777,0.4739816667064596
5320,2.913113637859581,2.4890696884521146,0.4240439494074666
5321,2.8154247081810833,2.370532100662985,0.44489260751809834
5322,2.7287228594631414,2.2639345976321237,0.46478826183101773
5323,2.7471568871650183,2.2807114812808638,0.4664454058841545
5324,2.863532441107094,2.3783325075968964,0.48519993351019775
5325,2.783894946660381,2.3113413383479102,0.4725536083124706
5326,2.6897596120348504,2.2506446297578195,0.43911498227703083
5327,2.8573551934851085,2.392932527506946,0.4644226659781623
5328,2.8017911122623,2.3758250463414754,0.42596606592082464
5329,2.759113206104386,2.3018084604078326,0.45730474569655355
5330,2.7919141186629735,2.3224530829014687,0.4694610357615048
5331,2.6360808761249626,2.169374978331727,0.46670589779323546
5332,2.747284789131329,2.279231527527708,0.4680532616036208
5333,2.925350769063792,2.5146333522360473,0.41071741682774476
5334,2.761423751067992,2.2795795125441165,0.4818442385238755
5335,2.75426305712361,2.275319917388035,0.47894313973557523
5336,2.8103406207856785,2.3478157097997197,0.4625249109859588
5337,2.7635584202995136,2.300570993651474,0.4629874266480396
5338,2.827096667372796,2.3665871867866537,0.4605094805861425
5339,2.7814785313145687,2.30083414827575,0.48064438303881873
5340,2.8477626004331538,2.428782059935958,0.4189805404971958
5341,2.782512503126957,2.317791850779618,0.46472065234733906
5342,2.771795494104142,2.2874007844971156,0.48439470960702646
5343,2.724128496108018,2.2631157989480664,0.46101269715995175
5344,2.8731369923799104,2.404731023674493,0.4684059687054174
5345,2.689804685618811,2.20677093064851,0.4830337549703012
5346,2.7011395101230122,2.2298800328804065,0.47125947724260575
5347,2.683746073261247,2.2112532838892798,0.47249278937196726
5348,2.7916501993780365,2.335938838378751,0.45571136099928555
5349,2.7323904750539194,2.2435408658212,0.4888496092327195
5350,2.8373672841640833,2.374964600262213,0.4624026839018702
5351,2.779885856468659,2.303485470935033,0.47640038553362585
5352,2.7251376867311587,2.2699845699708336,0.4551531167603251
5353,2.8345897550854455,2.389030726574579,0.4455590285108664
5354,2.768921894360599,2.319498068935615,0.44942382542498427
5355,2.7883471128641375,2.317970570863184,0.47037654200095336
5356,2.8114975158541817,2.3382902548855693,0.47320726096861243
5357,2.78402563632736,2.3177278190620547,0.46629781726530517
5358,2.8878713658793016,2.42527574972622,0.46259561615308176
5359,2.8555617035017824,2.39916406643586,0.4563976370659222
5360,2.8792442158999094,2.4038502469195557,0.4753939689803537
5361,2.867738386097482,2.4245464095322746,0.4431919765652075
5362,2.778994298596357,2.3313230455051968,0.4476712530911602
5363,2.741178202287371,2.310399337375771,0.4307788649115998
5364,2.8088728600129875,2.341467207755881,0.4674056522571064
5365,2.7414753114783177,2.274151344218094,0.46732396726022385
5366,2.846396609294645,2.401044452228252,0.445352157066393
5367,2.7992204264899576,2.3143501630946535,0.48487026339530415
5368,2.7286269805015055,2.2577832125517894,0.47084376794971616
5369,2.8570386175607867,2.3877200213777288,0.46931859618305793
5370,2.8038774927187724,2.3517796521792773,0.4520978405394951
5371,2.893911816659576,2.4413281919692453,0.45258362469033075
5372,2.8024640676127066,2.3153488203972334,0.48711524721547317
5373,2.833357759135621,2.39630437803413,0.43705338110149095
5374,2.856072053704388,2.396999766073796,0.45907228763059216
5375,2.842329655720685,2.3734195496082697,0.46891010611241546
5376,2.732482282375853,2.2600076509096416,0.4724746314662114
5377,2.756641854777956,2.272922123694965,0.48371973108299127
5378,2.8365515153280394,2.380518653907288,0.4560328614207516
5379,2.864743849309107,2.380410359453767,0.48433348985533975
5380,2.811937455296079,2.3346222837504946,0.47731517154558434
5381,2.7633671883954367,2.3225241741950424,0.4408430142003943
5382,2.8632936632448467,2.429938106235104,0.4333555570097425
5383,2.7252614952869028,2.2566517188514155,0.4686097764354873
5384,2.8670666571953727,2.4063546078048983,0.4607120493904744
5385,2.803847414283375,2.3258583438230316,0.47798907046034333
5386,2.893346964185498,2.4292594354155694,0.4640875287699284
5387,2.8043123445363243,2.327266120840419,0.47704622369590544
5388,2.7985980428866,2.333516308997823,0.4650817338887774
5389,2.855605894462244,2.4003869114056173,0.45521898305662667
5390,2.7584078150219504,2.2792024763665153,0.47920533865543513
5391,2.7485023977140997,2.2857596534208615,0.46274274429323814
5392,2.773239246095062,2.340785807796483,0.43245343829857896
5393,2.7340094261245906,2.2825542202969484,0.4514552058276422
5394,2.9355354899620094,2.4904456701581834,0.445089819803826
5395,2.7603308013615173,2.291481498237482,0.4688493031240353
5396,2.737886203603275,2.2683511204541147,0.4695350831491605
5397,2.95471160162196,2.573532435508586,0.3811791661133741
5398,2.7984387093242558,2.325755689174573,0.4726830201496828
5399,2.843291484862005,2.388455163444203,0.45483632141780195
5400,2.7651754454708453,2.2987534845904487,0.46642196088039656
5401,2.932995548229396,2.504734796094589,0.4282607521348072
5402,2.695448965336798,2.2403266366938945,0.45512232864290336
5403,2.79074142598694,2.339824783251442,0.45091664273549803
5404,2.75579245211595,2.2880729962885615,0.4677194558273885
5405,2.7778125184820652,2.313370822453535,0.46444169602853025
5406,2.8118195515100166,2.3412163874554675,0.47060316405454916
5407,2.8563042746211593,2.3929136015980528,0.46339067302310655
5408,2.733068178973444,2.256873957470365,0.476194221503079
5409,2.906865112840152,2.472941452341202,0.43392366049895026
5410,2.734274506838093,2.2689037667113063,0.4653707401267866
5411,2.917974190031451,2.4760586868071703,0.44191550322428075
5412,2.736660430493437,2.271761247331617,0.4648991831618199
5413,2.8081348064277556,2.3195117014173916,0.488623105010364
5414,2.884583592288583,2.406288712483735,0.4782948798048481
5415,2.8245991496518856,2.3508345506663804,0.47376459898550527
5416,2.8210186812057234,2.3641342943862558,0.45688438681946764
5417,2.6899154962275396,2.2213687642319697,0.46854673199556984
5418,2.776077471418806,2.304476213922545,0.4716012574962609
5419,2.8204348368964287,2.3598366767041754,0.4605981601922533
5420,2.7992142615431646,2.3236598890691735,0.475554372473991
5421,2.795484104108773,2.33151683971033,0.46396726439844294
5422,2.905613389496562,2.457624932384385,0.44798845711217705
5423,2.771167827699968,2.3164686933342864,0.45469913436568143
5424,2.798170577223362,2.3312947472948315,0.4668758299285303
5425,2.7745508875571874,2.3003441607662314,0.474206726790956
5426,2.770674244865663,2.2960323920533012,0.4746418528123617
5427,2.8993829401868547,2.4274890576588177,0.471893882528037
5428,2.7581727164633802,2.300353940199694,0.4578187762636863
5429,2.773280807576095,2.3164407784822454,0.4568400290938497
5430,2.7746474068732017,2.298086859112385,0.4765605477608168
5431,2.9407898022649848,2.4715353686099846,0.4692544336550002
5432,2.741235441619247,2.2834797493903123,0.45775569222893475
5433,2.7994499708127236,2.319969682330474,0.4794802884822498
5434,2.9207863015826003,2.4784354760800285,0.4423508255025719
5435,2.733967829535335,2.2584936408921954,0.4754741886431395
5436,2.711328098667524,2.242915326979176,0.4684127716883477
5437,2.896899750881361,2.4404111483085607,0.45648860257280033
5438,2.8758753287932803,2.4086916526264632,0.4671836761668171
5439,2.887084081706937,2.410251419268906,0.476832662438031
5440,2.7165954993537778,2.2239578516466136,0.4926376477071641
5441,2.791260164160888,2.323159827567383,0.4681003365935048
5442,2.776791287094098,2.347501857294768,0.42928942979933016
5443,2.7584507821624658,2.31327114040981,0.4451796417526559
5444,2.8965171813771935,2.4398086708114386,0.4567085105657549
5445,2.668547901974448,2.2050827624160445,0.4634651395584033
5446,2.919992768548073,2.4551163061431844,0.46487646240488845
5447,2.731066679155622,2.2704653664579824,0.4606013126976398
5448,2.8436616937080514,2.3612676356815454,0.48239405802650603
5449,2.804661729112293,2.331786818777058,0.4728749103352352
5450,2.8455890609209877,2.3728278925369404,0.47276116838404736
5451,2.8254937527895714,2.3733986849853506,0.4520950678042208
5452,2.805081411085448,2.326754087800336,0.47832732328511174
5453,2.8231125031275837,2.3569378515876607,0.466174651539923
5454,2.6755814374436624,2.202373066992573,0.47320837045108943
5455,2.860938858861591,2.3906590212175263,0.4702798376440649
5456,2.8339573365768085,2.391341439475146,0.44261589710166227
5457,2.8649634087766462,2.384424565867165,0.48053884290948146
5458,2.6965632896662406,2.249264704204043,0.4472985854621978
5459,2.7756757726723236,2.3342567992407455,0.4414189734315781
5460,2.7852537918738856,2.341974297763208,0.4432794941106777
5461,2.8523454666272237,2.3963953543843646,0.4559501122428591
5462,2.9227712973628974,2.451487555675173,0.47128374168772424
5463,2.7902803685928608,2.3262079432599867,0.4640724253328741
5464,2.8586114112678978,2.400179902965644,0.45843150830225365
5465,2.832837020022849,2.3484629844769547,0.48437403554589453
5466,2.821469361164776,2.338615292708673,0.4828540684561027
5467,2.7685689372440505,2.325878485140873,0.44269045210317737
5468,2.775860317109001,2.2974920289723344,0.47836828813666665
5469,2.670857395614473,2.2195777595533404,0.45127963606113264
5470,2.8167484334028163,2.37075314854186,0.4459952848609565
5471,2.774247079770224,2.3035912499669084,0.47065582980331566
5472,2.7924815908932312,2.3110052929563136,0.4814762979369176
5473,2.841687916076813,2.3816955089341603,0.45999240714265266
5474,2.866863778974779,2.422718053625629,0.44414572534914987
5475,2.9467572169791096,2.497066499136693,0.44969071784241654
5476,2.8359729190265357,2.369961740653718,0.4660111783728178
5477,2.711915203202899,2.266785373988093,0.4451298292148058
5478,2.888947299167078,2.423869559104524,0.4650777400625543
5479,2.822607698907408,2.342078067274677,0.4805296316327312
5480,2.7937361267916088,2.339118583734412,0.4546175430571968
5481,2.8658909714941214,2.3965526255459504,0.46933834594817103
5482,2.7866253617153434,2.3523394237484947,0.43428593796684867
5483,2.7549422826734187,2.2926380898593317,0.46230419281408697
5484,2.7934748895601,2.326379481007428,0.4670954085526722
5485,2.8779392787299387,2.4505426493482143,0.4273966293817244
5486,2.794406137500122,2.356934217407354,0.4374719200927677
5487,2.8470711371534962,2.3797572795703994,0.46731385758309685
5488,2.734348520158091,2.267082451123578,0.4672660690345132
5489,2.81305630852807,2.343852830458303,0.46920347806976714
5490,2.8324508917522166,2.3671991147461826,0.46525177700603404
5491,2.6502556914954423,2.1847055832812488,0.4655501082141935
5492,2.8036351265482624,2.356255342520028,0.44737978402823453
5493,2.812499555608762,2.33377889234499,0.47872066326377194
5494,2.790308746135416,2.3137675950319285,0.4765411511034876
5495,2.764689719785091,2.3126085214696808,0.45208119831541005
5496,2.81018947355958,2.3651547670442223,0.4450347065153575
5497,2.837649286837066,2.3593927471649176,0.4782565396721483
5498,2.9149218910664736,2.4479600822753755,0.46696180879109805
5499,2.729616776192237,2.270378312934325,0.45923846325791207
5500,2.860326101229017,2.400147382360244,0.46017871886877293
5501,2.7404503704179892,2.25776644061659,0.4826839298013992
5502,2.7571451587630906,2.3057211650128853,0.45142399375020537
5503,2.814854748188746,2.344823020454048,0.4700317277346979
5504,2.8990547991973994,2.4348453392280733,0.46420945996932605
5505,2.8672721212808336,2.465290591068876,0.4019815302119576
5506,2.935853379511771,2.4654012544218493,0.47045212508992185
5507,2.826228817457044,2.339245832613575,0.4869829848434688
5508,2.9298757527565145,2.486598594772008,0.4432771579845065
5509,2.7978897645243035,2.3422605999036357,0.4556291646206678
5510,2.8534186608049885,2.3659086005385426,0.48751006026644594
5511,2.762871997868346,2.296533174929256,0.4663388229390897
5512,2.849379088349109,2.374491247882659,0.4748878404664496
5513,2.8224688632692962,2.374360036795388,0.4481088264739084
5514,2.78274598863809,2.305588459943264,0.47715752869482575
5515,2.707825530575849,2.243739996853311,0.464085533722538
5516,2.8546870975845833,2.3883335728143207,0.4663535247702626
5517,2.753947650320681,2.286459872509295,0.4674877778113862
5518,2.8082158654340184,2.3348555726208438,0.4733602928131746
5519,2.9303284659271944,2.481499524807664,0.44882894111953053
5520,2.8693498363719785,2.3946267798223433,0.4747230565496352
5521,2.822346537949588,2.358263031503039,0.46408350644654917
5522,2.741693737814578,2.271567447173374,0.47012629064120404
5523,2.9003103743897793,2.441715383559602,0.4585949908301772
5524,2.8409218007430903,2.3607749420331046,0.48014685870998575
5525,2.7954831366475346,2.320785121752828,0.4746980148947064
5526,2.8191893429168835,2.3750498362017076,0.4441395067151759
5527,2.845381948161942,2.3900783902486404,0.45530355791330157
5528,2.8485411005746575,2.3783623295718685,0.47017877100278893
5529,2.763009829953624,2.2919432842361784,0.47106654571744544
5530,2.8796096348895586,2.4132984121727525,0.46631122271680603
5531,2.7650106012243705,2.3010529878498134,0.4639576133745571
5532,2.810464224973805,2.371013776708071,0.4394504482657342
5533,2.854575766776047,2.4045205170791304,0.4500552496969168
5534,2.830667023832733,2.3836907499949533,0.4469762738377798
5535,2.864831873562633,2.387526679842786,0.47730519371984714
5536,2.7913336980297547,2.322414282158709,0.4689194158710457
5537,2.8088786528134637,2.3638039674024554,0.44507468541100836
5538,2.779386734726526,2.3072245506173634,0.47216218410916255
5539,2.7576486100833777,2.309952866071554,0.44769574401182366
5540,2.750608654539565,2.2878514356401025,0.4627572188994624
5541,2.8387945287015466,2.3927056516438836,0.446088877057663
5542,2.8156118622607083,2.342174168906158,0.4734376933545503
5543,2.8836662499111827,2.4036727021017565,0.47999354780942616
5544,2.895667677420228,2.4623452226637323,0.43332245475649556
5545,2.6850783855255593,2.239483905182724,0.4455944803428351
5546,2.728402277896845,2.2481135237688146,0.4802887541280305
5547,2.8971208867389353,2.43575263797891,0.46136824876002525
5548,2.7816849994834936,2.3196994093321015,0.46198559015139207
5549,2.920124771246599,2.4912202836279964,0.42890448761860256
5550,2.7208553400370303,2.2535375560160547,0.4673177840209757
5551,2.7569870840934323,2.280240360530931,0.47674672356250136
5552,2.7208036231426704,2.249493288449763,0.4713103346929075
5553,2.7157083404874633,2.2738722827200557,0.44183605776740764
5554,2.755254204329984,2.2932762738124177,0.4619779305175662
5555,2.8339539433267684,2.36162638772525,0.4723275556015185
5556,2.7962386580580816,2.3627828723108677,0.4334557857472139
5557,2.8347759205200322,2.3608425843643897,0.4739333361556426
5558,2.66603373170079,2.2109072173502193,0.4551265143505705
5559,2.700806717053226,2.23020819035394,0.47059852669928626
5560,2.9169248174223035,2.4788161020436252,0.43810871537867824
5561,2.8919414895223268,2.446396996886755,0.44554449263557183
5562,2.70769057813878,2.2688372697920274,0.4388533083467525
5563,2.8309519826470826,2.368040666650838,0.4629113159962448
5564,2.8545449893656136,2.399612345284221,0.45493264408139256
5565,2.88372784890208,2.4515977773631743,0.4321300715389058
5566,2.780383631085496,2.3220896161120907,0.45829401497340516
5567,2.890554128531053,2.5091771681257704,0.3813769604052828
5568,2.8104730123619936,2.3466952082482258,0.4637778041137679
5569,2.8099811447265743,2.3467446443399993,0.46323650038657505
5570,2.793799934049398,2.345575083910291,0.4482248501391073
5571,2.905272418500094,2.456185684134699,0.44908673436539503
5572,2.7958152111202197,2.341358234382853,0.4544569767373665
5573,2.7492629763778815,2.2816654932400255,0.467597483137856
5574,2.8746428143593605,2.4221182431230766,0.452524571236284
5575,2.80500108980835,2.33045409940195,0.47454699040640014
5576,2.7242156689204386,2.251998705759934,0.47221696316050465
5577,2.798793658258654,2.335342621646169,0.4634510366124851
5578,2.73811147363179,2.2706551852631995,0.46745628836859066
5579,2.7073428515177294,2.245596817408964,0.46174603410876536
5580,2.861933992851105,2.391385229916959,0.47054876293414605
5581,2.7969073007634297,2.3325040050713692,0.4644032956920605
5582,2.8566566760367325,2.3885547049501628,0.4681019710865697
5583,2.7932528272336534,2.3311148367847365,0.4621379904489169
5584,2.861379540316287,2.3886394762904697,0.4727400640258175
5585,2.7302822011413097,2.2576947223103767,0.472587478830933
5586,2.853666267080263,2.3726509792468073,0.4810152878334555
5587,2.8560193855167615,2.4095413714116845,0.44647801410507704
5588,2.73937505198252,2.2641942054804725,0.4751808465020475
5589,2.811346932311434,2.3625400974900574,0.44880683482137673
5590,2.73084249845068,2.268905612935914,0.46193688551476564
5591,2.800845320393362,2.358313271306511,0.44253204908685095
5592,2.918790451216608,2.4567124880863638,0.4620779631302443
5593,2.8238255704024113,2.3586684382719985,0.4651571321304129
5594,2.9086042088524957,2.4371188567742297,0.47148535207826603
5595,2.869373225247247,2.4404017893839334,0.42897143586331365
5596,2.7300403748331377,2.282318342592533,0.4477220322406046
5597,2.790602688672357,2.33024056916832,0.46036211950403727
5598,2.80760074334955,2.354386347969389,0.4532143953801606
5599,2.6978659747002656,2.236301522783869,0.4615644519163964
5600,2.676439262057264,2.1971013436817706,0.47933791837549355
5601,2.8330650518559444,2.360048317538283,0.4730167343176612
5602,2.910120961604195,2.458373194247668,0.4517477673565269
5603,2.9098527261246656,2.456029515450409,0.45382321067425657
5604,2.8060471676754117,2.3802023676386836,0.4258448000367281
5605,2.8872515290954177,2.4241934083285144,0.46305812076690334
5606,2.9152135304610325,2.4474728381562625,0.46774069230477
5607,2.7491568376765434,2.284696779366491,0.4644600583100522
5608,2.6929446012697977,2.2498490736480976,0.4430955276217001
5609,2.8295847117160875,2.380918490623751,0.44866622109233667
5610,2.7789265714975464,2.2988112258631763,0.4801153456343701
5611,2.876491479626038,2.4148454814400093,0.4616459981860288
5612,2.868902690258637,2.4149424904448824,0.4539601998137548
5613,2.792927730848082,2.342019719650163,0.4509080111979191
5614,2.8511657419046146,2.3919401351230136,0.45922560678160096
5615,2.8033391916673036,2.3480349098195425,0.45530428184776106
5616,2.778370215589688,2.3068975000463623,0.4714727155433258
5617,2.7539456911565,2.275292259439611,0.4786534317168889
5618,2.7004763000903855,2.239046145039814,0.4614301550505715
5619,2.8313513107637,2.399642589409838,0.43170872135386196
5620,2.818914817222671,2.3674339712559047,0.4514808459667661
5621,2.8004602804062944,2.3292036333537744,0.4712566470525199
5622,2.857001547949359,2.406937076533321,0.450064471416038
5623,2.8985167819292004,2.4354589271223577,0.4630578548068427
5624,2.8264569543109617,2.3528930262010963,0.47356392810986536
5625,2.6798415831978706,2.232850004120244,0.44699157907762643
5626,2.7575408568078275,2.3136339475068737,0.4439069093009538
5627,2.758751042564586,2.2849027885545143,0.47384825401007147
5628,2.949669728891059,2.505625751064576,0.4440439778264831
5629,2.829881868406653,2.345716274322332,0.48416559408432125
5630,2.7738008939880516,2.287040749647809,0.48676014434024273
5631,2.8279669969781054,2.3854053042728407,0.4425616927052647
5632,2.8380504355733653,2.3670234801883003,0.471026955385065
5633,2.775493249453898,2.314577802399028,0.46091544705487
5634,2.8568959196791472,2.369967142264223,0.48692877741492424
5635,2.830754488647793,2.392085898305931,0.4386685903418619
5636,2.808752934929852,2.362321793969119,0.4464311409607329
5637,2.739140076204315,2.2675708199111386,0.4715692562931766
5638,2.7108396386575984,2.239113736199737,0.4717259024578615
5639,2.6669696015613487,2.2049032472963632,0.46206635426498543
5640,2.8204158520899973,2.368090370553221,0.4523254815367763
5641,2.7893504250276004,2.3195546111566854,0.46979581387091507
5642,2.6991215969802873,2.2344852761306577,0.4646363208496296
5643,2.872124684464192,2.3931666404776037,0.47895804398658814
5644,2.72751165694285,2.30078516215212,0.4267264947907301
5645,2.666868893840298,2.1916017557543985,0.47526713808589927
5646,2.7287892065820363,2.2685844111056244,0.4602047954764119
5647,2.7177377641885827,2.246464695265976,0.4712730689226068
5648,2.7860736943056525,2.3082542158574997,0.47781947844815287
5649,2.7254455015666275,2.270295071748965,0.4551504298176625
5650,2.726838191142764,2.256660145042551,0.4701780461002132
5651,2.843683328878031,2.365157689165693,0.4785256397123381
5652,2.8477085193655207,2.382771197210008,0.46493732215551287
5653,2.7430834028183266,2.2655122883098864,0.47757111450844025
5654,2.848715458305723,2.390537897878808,0.45817756042691515
5655,2.761254104747126,2.28616268021518,0.47509142453194597
5656,2.6513847625400446,2.1813653214043653,0.4700194411356793
5657,2.945585561954523,2.5271203570515137,0.4184652049030091
5658,2.6902308930702703,2.209881506118765,0.4803493869515054
5659,2.7983477870288573,2.341727515695863,0.4566202713329943
5660,2.8823256311981718,2.430310345318822,0.4520152858793498
5661,2.674927756257126,2.196219695019874,0.4787080612372523
5662,2.753452309049212,2.297808906147122,0.4556434029020897
5663,2.762419819580332,2.28683666186878,0.47558315771155213
5664,2.8162716537570094,2.348174417771518,0.46809723598549136
5665,2.6908199940914272,2.2409892565857152,0.449830737505712
5666,2.792261887683538,2.3289730296347892,0.46328885804874886
5667,2.9013726412868674,2.46814430782836,0.43322833345850764
5668,2.715063811036829,2.2626280410064274,0.4524357700304016
5669,2.7645284990115377,2.3120712196081192,0.4524572794034185
5670,2.8051715856954833,2.356275876999782,0.4488957086957015
5671,2.7878247504579052,2.3267614494759097,0.46106330098199555
5672,2.8772837376383023,2.437563158130632,0.4397205795076702
5673,2.773275256994859,2.33657439460462,0.4367008623902393
5674,2.840241455347813,2.364900661223345,0.47534079412446806
5675,2.8327864630016846,2.3569860247529166,0.47580043824876794
5676,2.7362524039880243,2.26780627744834,0.4684461265396842
5677,2.8520859408933354,2.412015428614191,0.4400705122791444
5678,2.705055450638928,2.23277274117032,0.4722827094686082
5679,2.904518406838764,2.436382657162757,0.4681357496760068
5680,2.795231852687854,2.3278505573023898,0.46738129538546413
5681,2.7473132228643746,2.263224295445799,0.48408892741857557
5682,2.8049816110079018,2.3477797872441184,0.4572018237637834
5683,2.858937240311992,2.390088627049544,0.4688486132624483
5684,2.73338920594255,2.276332630678027,0.4570565752645228
5685,2.923792408318694,2.483582964169479,0.44020944414921503
5686,2.774537816943052,2.294474803978933,0.480063012964119
5687,2.793520267453669,2.35052115631354,0.442999111140129
5688,2.8644344750669823,2.4303033212017193,0.434131153865263
5689,2.816197297288327,2.35997249055966,0.45622480672866716
5690,2.8715493474743514,2.4119488513781757,0.4596004960961757
5691,2.7541125100060633,2.288184375609816,0.46592813439624736
5692,2.794323626119874,2.339814144637128,0.45450948148274595
5693,2.6946893839878556,2.2264297936713926,0.468259590316463
5694,2.7576496281803182,2.288313388514907,0.46933623966541127
5695,2.83089242679576,2.3569526706898922,0.4739397561058678
5696,2.8089717850388443,2.343155136191396,0.46581664884744844
5697,2.7795027582808736,2.3041797124338466,0.475323045847027
5698,2.830364879499733,2.376727177339938,0.4536377021597948
5699,2.933444952907832,2.4903134091731243,0.44313154373470764
5700,2.7961309945356625,2.336168286246532,0.45996270828913044
5701,2.7782456946015803,2.303574663859387,0.4746710307421935
5702,2.8520779273891947,2.391851016703362,0.46022691068583255
5703,2.894269633473095,2.4433529204168383,0.4509167130562566
5704,2.8297958103599323,2.350938355012118,0.4788574553478142
5705,2.7800021655713327,2.3373806253424365,0.4426215402288962
5706,2.847760050354968,2.3670819012617064,0.48067814909326145
5707,2.794967065344529,2.3251729465786704,0.46979411876585875
5708,2.7212479030878494,2.2571203458288185,0.4641275572590309
5709,2.9196445119708967,2.473836575931485,0.4458079360394116
5710,2.7740295503867607,2.2943821029062925,0.47964744748046817
5711,2.8698281080916055,2.4197935277610867,0.4500345803305188
5712,2.874170827482416,2.444406697943567,0.429764129538849
5713,2.85877077126067,2.384618500759751,0.4741522705009187
5714,2.8214434310190977,2.357796895093818,0.4636465359252795
5715,2.7723615613537875,2.3491404616840943,0.42322109966969323
5716,2.7626244805018367,2.3053671849857476,0.4572572955160892
5717,2.861698999128131,2.423547539919009,0.4381514592091218
5718,2.767429486115387,2.288366234588048,0.479063251527339
5719,2.879181176526477,2.4642581319783776,0.41492304454809936
5720,2.7348367879645736,2.263884614505551,0.47095217345902274
5721,2.684018982888423,2.2114889323687748,0.47253005051964836
5722,2.726186265317911,2.26586979803426,0.46031646728365105
5723,2.7330064017135682,2.2626900436560224,0.4703163580575458
5724,2.7069890825814924,2.277978215509073,0.42901086707241953
5725,2.9051227949745924,2.443728574641661,0.4613942203329313
5726,2.8715994794739137,2.4116702981055784,0.45992918136833527
5727,2.7517464261370232,2.284990512245113,0.4667559138919102
5728,2.749634977292181,2.2815808203110053,0.4680541569811756
5729,2.8845845026160046,2.4405820177629662,0.4440024848530384
5730,2.853510922066631,2.395679726843514,0.4578311952231169
5731,2.8646973916669496,2.4049606479168246,0.45973674375012497
5732,2.7785553950352964,2.302302024961237,0.4762533700740592
5733,2.834715789193575,2.3923246920336725,0.44239109715990255
5734,2.8781994018820574,2.4323934902904116,0.44580591159164573
5735,2.9014253181558645,2.4633199748893437,0.43810534326652073
5736,2.7482444312708734,2.3038538741056263,0.4443905571652471
5737,2.7590107526078693,2.2921213599327626,0.46688939267510676
5738,2.7441044309419995,2.272128852885636,0.4719755780563637
5739,2.8813333829798564,2.417383291501611,0.4639500914782455
5740,2.7694097819178047,2.303031601378587,0.46637818053921754
5741,2.913475989507525,2.4748496875718717,0.4386263019356531
5742,2.805629427668631,2.341796250011466,0.4638331776571647
5743,2.8128507064669557,2.350970435606155,0.46188027086080075
5744,2.7196838907968566,2.238214120559845,0.48146977023701165
5745,2.8199494522813287,2.366509277413138,0.45344017486819066
5746,2.7967489317818623,2.3320171067927653,0.46473182498909704
5747,2.8569082887379484,2.419877198446039,0.43703109029190923
5748,2.861352710849857,2.402332912217661,0.459019798632196
5749,2.834020174640024,2.3517075322964236,0.4823126423436004
5750,2.6830717351233457,2.209583549824827,0.4734881852985189
5751,2.855676956200155,2.382281839718821,0.4733951164813339
5752,2.772134027028859,2.291906251625569,0.4802277754032902
5753,2.794893205455861,2.3325591003853146,0.4623341050705463
5754,2.7332412415259286,2.2541532322208413,0.4790880093050873
5755,2.832387127939966,2.3464911827140136,0.48589594522595236
5756,2.8069504383097184,2.3300752017760074,0.476875236533711
5757,2.7159614054900887,2.2296757927306485,0.48628561275944016
5758,2.787306366508016,2.320230062280142,0.46707630422787405
5759,2.7609699956109566,2.3195724646120555,0.4413975309989011
5760,2.792331597650398,2.3310244216506173,0.46130717599978066
5761,2.789989137865149,2.3177949221822556,0.4721942156828933
5762,2.7959667570644857,2.340541021205088,0.45542573585939783
5763,2.736925074987437,2.253844120341179,0.4830809546462578
5764,2.763457864845204,2.291506267117055,0.471951597728149
5765,2.931190218905296,2.4726223039259643,0.4585679149793318
5766,2.8609073880877367,2.399145880290637,0.46176150779709957
5767,2.750455734603311,2.2911830452869695,0.4592726893163417
5768,2.7373489313371224,2.274760473969556,0.46258845736756626
5769,2.7404872746721605,2.2711141114199065,0.469373163252254
5770,2.8274844720176087,2.3696313576232133,0.45785311439439536
5771,2.8241683430812126,2.350776638842169,0.4733917042390434
5772,2.833360478969359,2.368564202000046,0.464796276969313
5773,2.721994990207492,2.259778818775708,0.46221617143178406
5774,2.8709827856431747,2.405081980482377,0.46590080516079757
5775,2.837425863861612,2.36724651165084,0.470179352210772
5776,2.9006792721430834,2.444924047004349,0.45575522513873423
5777,2.885359888677944,2.4333573793253076,0.4520025093526363
5778,2.806309105396811,2.3298512485991743,0.47645785679763675
5779,2.812922648341789,2.3296844611573526,0.48323818718443645
5780,2.774553529814794,2.295254883891733,0.4792986459230608
5781,2.8044127051376417,2.3767936177842697,0.42761908735337206
5782,2.7613358022521073,2.3083890659146378,0.4529467363374695
5783,2.7959262385506656,2.3455678928923653,0.45035834565830024
5784,2.8011518341600525,2.313879493982945,0.48727234017710774
5785,2.844540884304713,2.388094001665777,0.45644688263893585
5786,2.7953989627896116,2.3486440902005965,0.44675487258901514
5787,2.7967681067686763,2.3312058361575776,0.46556227061109867
5788,2.7773785366670145,2.3057853418409056,0.47159319482610895
5789,2.7542130848952935,2.2937612382936434,0.46045184660165006
5790,2.8308107494469947,2.3670053197188916,0.4638054297281031
5791,2.7606091395714896,2.321835440564244,0.4387736990072457
5792,2.8152446861300353,2.3405389171102575,0.4747057690197778
5793,2.738198300832587,2.268541166533438,0.4696571342991489
5794,2.778884974511734,2.320503336062534,0.4583816384492003
5795,2.726036328629888,2.264602181213776,0.4614341474161119
5796,2.830785920542687,2.3886428609011503,0.4421430596415368
5797,2.8792344849757385,2.4276853428536573,0.4515491421220812
5798,2.8332378502805136,2.3591519555535805,0.4740858947269331
5799,2.8232624759641616,2.3574662862017477,0.4657961897624139
5800,2.796704505399125,2.3205873755000748,0.4761171298990501
5801,2.7630295494825097,2.278735669653003,0.48429387982950667
5802,2.8431725417378253,2.3620685995663124,0.48110394217151287
5803,2.7597262288134776,2.292488028177683,0.4672382006357947
5804,2.8553258112723054,2.3958921191043667,0.4594336921679387
5805,2.821378403577477,2.3474318981694653,0.47394650540801164
5806,2.8292686320404474,2.3711440634240195,0.4581245686164279
5807,2.7458679225095333,2.273464319051566,0.47240360345796706
5808,2.764179287516842,2.2961409271126523,0.46803836040418956
5809,2.706810211911625,2.236860707551477,0.46994950436014804
5810,2.818615559089346,2.365063343881222,0.45355221520812394
5811,2.6689498067295627,2.2136064082944973,0.45534339843506544
5812,2.86043145070495,2.4003601387115987,0.4600713119933513
5813,2.84822925761894,2.3722900667571403,0.4759391908617996
5814,2.8898723181708417,2.437444668119153,0.4524276500516886
5815,2.7553377629125495,2.311479222468494,0.44385854044405537
5816,2.8882288223681156,2.435246065502069,0.4529827568660467
5817,2.8032524886736905,2.319997937618464,0.4832545510552264
5818,2.7127584896325434,2.2451889386156747,0.4675695510168687
5819,2.7612992069483657,2.304674636655004,0.45662457029336156
5820,2.770066891646347,2.3328515954567863,0.43721529618956056
5821,2.9030514283786464,2.438925219869829,0.4641262085088176
5822,2.7473081767968064,2.2746488524569806,0.4726593243398258
5823,2.817986871755747,2.348533575475382,0.4694532962803648
5824,2.8641138425065393,2.416343310438843,0.44777053206769635
5825,2.949717200352117,2.511397525599689,0.4383196747524276
5826,2.7840158684083613,2.3096124658357877,0.47440340257257363
5827,2.7491338562398946,2.27811033331923,0.47102352292066474
5828,2.7804827442204965,2.308810769083638,0.47167197513685855
5829,2.672559354488261,2.2041316118649177,0.4684277426233434
5830,2.785967971540034,2.309768721311977,0.4761992502280572
5831,2.7787340652576007,2.2968347065350345,0.4818993587225662
5832,2.8612608706938785,2.392050967473432,0.46920990322044664
5833,2.788694244031842,2.323539827300972,0.4651544167308699
5834,2.7429348850968234,2.261121820219972,0.48181306487685127
5835,2.8077524038439217,2.351419327290299,0.4563330765536229
5836,2.6443536758288593,2.200587309919175,0.44376636590968443
5837,2.840156277274821,2.37106336855089,0.4690929087239306
5838,2.6943643370590387,2.2280319390983236,0.466332397960715
5839,2.7769230673593697,2.3363963069827824,0.4405267603765872
5840,2.8141499243354415,2.339833939677457,0.47431598465798475
5841,2.8365024436571646,2.3786529782816914,0.4578494653754732
5842,2.776427465627156,2.3130462050046745,0.4633812606224814
5843,2.817785966181012,2.3585166124496237,0.4592693537313881
5844,2.828240987030954,2.3498046289541974,0.47843635807675655
5845,2.750093854968273,2.2888914630003314,0.46120239196794177
5846,2.8596367698963476,2.4031066462169006,0.456530123679447
5847,2.8615548420962753,2.3933502436692193,0.468204598427056
5848,2.896793206076145,2.4486455141205297,0.44814769195561555
5849,2.9482869296981855,2.493114240377563,0.4551726893206225
5850,2.7715954033909567,2.3073066187789424,0.4642887846120143
5851,2.8393351588674802,2.388021067401702,0.45131409146577806
5852,2.8289990985640423,2.3944798400000384,0.43451925856400386
5853,2.858802452510409,2.3847709075643153,0.4740315449460937
5854,2.7250962712963043,2.2506435062405017,0.4744527650558026
5855,2.834170762967628,2.388340078443843,0.44583068452378516
5856,2.805473821878919,2.3513329927934343,0.4541408290854845
5857,2.737907045149182,2.2689638809469987,0.4689431642021833
5858,2.785226017187167,2.352464763036496,0.4327612541506709
5859,2.742136776711866,2.267295572335599,0.47484120437626665
5860,2.8268052338881917,2.360482563966228,0.4663226699219636
5861,2.797983730123591,2.3372333490461834,0.4607503810774074
5862,2.7898927600422048,2.3377060896282003,0.4521866704140045
5863,2.7665959113313026,2.315669212561521,0.45092669876978153
5864,2.832825221880984,2.372504754451809,0.46032046742917476
5865,2.7396018295483686,2.2819968383789324,0.4576049911694362
5866,2.7262336091983683,2.251345819327729,0.4748877898706394
5867,2.8548020983361346,2.387820424361221,0.46698167397491375
5868,2.8315417305795045,2.363902946686294,0.46763878389321034
5869,2.824634270243385,2.3827152350954544,0.44191903514793074
5870,2.8995034546148637,2.452776097539822,0.44672735707504163
5871,2.8781858827272564,2.423921974048377,0.45426390867887934
5872,2.8039599407312825,2.388515654047433,0.4154442866838495
5873,2.7789447721333236,2.311549278536459,0.4673954935968645
5874,2.8141621778905646,2.355562163354269,0.4586000145362954
5875,2.8124708744615514,2.3687111772288563,0.44375969723269515
5876,2.899364618739399,2.4282540526368956,0.47111056610250346
5877,2.91281365059619,2.457735297207262,0.4550783533889282
5878,2.7841976478198727,2.3151871840268266,0.4690104637930461
5879,2.913685811055091,2.4861978541948337,0.4274879568602574
5880,2.815952603116778,2.3522603520310303,0.46369225108574774
5881,2.8582627222086345,2.4074964870954463,0.45076623511318825
5882,2.8785142773846037,2.4105795190139214,0.4679347583706823
5883,2.8388528172237097,2.407951501726568,0.4309013154971417
5884,2.89263358937465,2.473293133101151,0.41934045627349903
5885,2.7133945230550935,2.2500657535439013,0.4633287695111923
5886,2.753217116011829,2.273986266687403,0.4792308493244257
5887,2.7873623466285555,2.333518395014321,0.4538439516142345
5888,2.815990630385778,2.3539221208421686,0.46206850954360945
5889,2.8579919011598416,2.4105465538369497,0.4474453473228919
5890,2.789276956801665,2.334724954711096,0.4545520020905691
5891,2.7514211914481024,2.26578983185343,0.4856313595946724
5892,2.867651972032656,2.405519421797647,0.4621325502350091
5893,2.8517658236878725,2.379649160376933,0.47211666331093927
5894,2.782179460115561,2.298763554751791,0.4834159053637701
5895,2.799902655455511,2.3361230056958675,0.4637796497596436
5896,2.808830094991829,2.3279206348520622,0.48090946013976676
5897,2.737347296067028,2.2778013024056456,0.4595459936613824
5898,2.8464542844881255,2.3965675821126107,0.44988670237551487
5899,2.882328102477569,2.402749118982042,0.47957898349552686
5900,2.817229665764263,2.347327120260848,0.46990254550341515
5901,2.896109750674843,2.4215731568401817,0.4745365938346615
5902,2.857979148897654,2.3981549778325064,0.4598241710651476
5903,2.8750953355088207,2.4119742165110867,0.463121118997734
5904,2.8951649656301863,2.4254760950805263,0.46968887054966
5905,2.818161225194135,2.3443581706511187,0.4738030545430161
5906,2.7992459218830708,2.321329416021552,0.4779165058615189
5907,2.847998639711316,2.4000069268448474,0.44799171286646855
5908,2.793213774413382,2.3345048369974135,0.4587089374159685
5909,2.8655653883373358,2.3836080181552264,0.4819573701821094
5910,2.810069484648148,2.337349663251341,0.4727198213968071
5911,2.6629684967678866,2.213369100569785,0.4495993961981015
5912,2.880859265485199,2.4423867512089275,0.43847251427627176
5913,2.7835746678056856,2.3277380166048616,0.45583665120082406
5914,2.807540994595906,2.3311122878772768,0.47642870671862925
5915,2.719680995146586,2.2455938420741868,0.4740871530723991
5916,2.8684978809067445,2.4080915264736484,0.4604063544330961
5917,2.7477480232541587,2.285374082008449,0.46237394124570974
5918,2.8019595657819036,2.339184071675721,0.4627754941061828
5919,2.8147266162949944,2.3354849746747757,0.47924164162021876
5920,2.80296810211147,2.3331695447734404,0.46979855733802944
5921,2.808007987380076,2.351266302002306,0.4567416853777697
5922,2.852768660634167,2.3872516646819286,0.4655169959522385
5923,2.8251595622970784,2.356108576420495,0.4690509858765832
5924,2.890673716376945,2.427644059060561,0.4630296573163841
5925,2.9115770936289707,2.4469390443250267,0.4646380493039439
5926,2.804977301788629,2.371002411511539,0.4339748902770899
5927,2.8036282656420766,2.340018695782486,0.46360956985959056
5928,2.8110222023413995,2.343596680830489,0.46742552151091044
5929,2.9546578033885575,2.4673228426952085,0.48733496069334903
5930,2.8052277463461155,2.321291066610149,0.48393667973596655
5931,2.76854510344071,2.2992168121711036,0.4693282912696062
5932,2.828838042868123,2.3699275961187634,0.45891044674935966
5933,2.926931171936103,2.481709428924973,0.44522174301113004
5934,2.839462097324945,2.3785769010879148,0.4608851962370304
5935,2.8407314306815117,2.409418871864919,0.4313125588165927
5936,2.760138470128224,2.3162885206064363,0.4438499495217876
5937,2.7149438675345743,2.2376329185044597,0.4773109490301146
5938,2.748185284583881,2.2878713069172263,0.4603139776666545
5939,2.835517376863895,2.3651369534033333,0.47038042346056175
5940,2.7484766209947926,2.2833734287685905,0.4651031922262021
5941,2.7983264878953977,2.3188158701364774,0.47951061775892034
5942,2.8220891539354787,2.375792118898952,0.4462970350365265
5943,2.8045217780665648,2.337866738297867,0.46665503976869793
5944,2.816228053288221,2.3354596698309917,0.4807683834572294
5945,2.9144811367804455,2.4870585624689325,0.427422574311513
5946,2.861632955671322,2.4161101898599218,0.44552276581140005
5947,2.8685708318023146,2.417432973087992,0.45113785871432244
5948,2.852542379956491,2.3773854148234252,0.4751569651330656
5949,2.799758170860663,2.3407976288509578,0.4589605420097054
5950,2.858043649955271,2.407857527439462,0.45018612251580903
5951,2.779375382902956,2.3030414007812126,0.4763339821217434
5952,2.831604854906206,2.3720879945210434,0.4595168603851625
5953,2.8137048883446423,2.326834254343556,0.48687063400108643
5954,2.82253272144616,2.3610179691790365,0.46151475226712346
5955,2.726483918467789,2.265341271182555,0.461142647285234
5956,2.712774155716233,2.2499692468809775,0.46280490883525527
5957,2.8613952174588184,2.390092274448076,0.4713029430107425
5958,2.8197355517795333,2.3516307411605033,0.46810481061903
5959,2.8551100244153935,2.4051434103354623,0.4499666140799312
5960,2.798112932940432,2.360951421943579,0.43716151099685296
5961,2.7524530611031937,2.2649215496909116,0.487531511412282
5962,2.839790772348216,2.3625210440956814,0.47726972825253444
5963,2.7505946727879147,2.2808449245621323,0.4697497482257824
5964,2.737772891356793,2.25287418101575,0.4848987103410427
5965,2.7848511998018757,2.3050388851005104,0.4798123147013653
5966,2.7995227136099,2.3338720141513125,0.4656506994585876
5967,2.8096761904613343,2.3354327396456807,0.47424345081565367
5968,2.7539639076039504,2.295329611848932,0.45863429575501824
5969,2.788310002396968,2.320131347476138,0.46817865492083
5970,2.766506883277157,2.2733092055922617,0.4931976776848952
5971,2.80758136202162,2.339877401467089,0.46770396055453123
5972,2.75306295482279,2.3014979127357904,0.45156504208699966
5973,2.874172483721003,2.410043458973989,0.464129024747014
5974,2.8561915171227352,2.4010712065817383,0.4551203105409969
5975,2.8018784014331515,2.3397287238751763,0.4621496775579752
5976,2.820252728677593,2.3677544247449673,0.4524983039326256
5977,2.816947187431977,2.3537754912740048,0.46317169615797216
5978,2.8610609779021288,2.3847826570274155,0.4762783208747132
5979,2.892679603241456,2.4367781796556676,0.45590142358578856
5980,2.8068531255423257,2.3319744878383943,0.47487863770393135
5981,2.8120729405772282,2.3583400123689224,0.4537329282083058
5982,2.781535339034856,2.309069711292136,0.47246562774272016
5983,2.835833961097315,2.365165295683204,0.47066866541411123
5984,2.768542096177738,2.3058145307732554,0.46272756540448245
5985,2.7607327487047657,2.2992024542019,0.46153029450286587
5986,2.77533998824086,2.3140925456110804,0.4612474426297797
5987,2.743497907009766,2.2824606005715586,0.4610373064382074
5988,2.9194920403640796,2.44606293960716,0.4734291007569196
5989,2.7383947834979647,2.308006933831791,0.43038784966617394
5990,2.7550243158961023,2.2912875348605284,0.4637367810355739
5991,2.7922633888862416,2.336025487780847,0.4562379011053945
5992,2.8379388122245417,2.368560424648563,0.4693783875759787
5993,2.864318354274782,2.3924258032767973,0.47189255099798455
5994,2.7271232086791772,2.2512150345567186,0.47590817412245867
5995,2.8632703468628553,2.41210685811323,0.4511634887496254
5996,2.8668914463127404,2.408232334710281,0.4586591116024592
5997,2.7776991790665226,2.3007253965908476,0.476973782475675
5998,2.8225300447336097,2.353406002720423,0.4691240420131866
5999,2.774485379563763,2.2940757706639396,0.4804096088998233
6000,2.732064781229725,2.269610837009162,0.4624539442205631
6001,2.9086388988650764,2.4303055819608823,0.4783333169041941
6002,2.845467354490521,2.3582611641228386,0.48720619036768253
6003,2.8192588210798997,2.3704024585518484,0.4488563625280513
6004,2.7129338115730883,2.2793624443495966,0.43357136722349177
6005,2.6762024317462716,2.197300691927951,0.4789017398183204
6006,2.8016804315143937,2.337351717553086,0.4643287139613079
6007,2.782637229984676,2.329105838440509,0.4535313915441672
6008,2.81730454797974,2.357429111697377,0.45987543628236294
6009,2.8033782411622648,2.3445519988394516,0.4588262423228131
6010,2.7436119890067507,2.2889640754663945,0.4546479135403563
6011,2.882462796357041,2.4298780610466975,0.4525847353103436
6012,2.7706656585290848,2.31532613148266,0.45533952704642466
6013,2.7188413430677105,2.259264546052128,0.4595767970155826
6014,2.8723323942675196,2.41996200136507,0.45237039290244985
6015,2.7900547428058107,2.3436117388434714,0.44644300396233927
6016,2.8125608994414653,2.3421136171377888,0.4704472823036765
6017,2.8084486767501033,2.336435672257656,0.4720130044924473
6018,2.74846424783603,2.2740700763226163,0.4743941715134139
6019,2.80592731036958,2.382263846411962,0.423663463957618
6020,2.753233117343007,2.2746032186422735,0.4786298987007336
6021,2.8778810532583257,2.4133863660555512,0.4644946872027744
6022,2.8098900754691765,2.3797952527033406,0.4300948227658359
6023,2.7233975425952255,2.2561608818025674,0.46723666079265813
6024,2.7461716018515925,2.295259168474388,0.45091243337720455
6025,2.8035843754035663,2.3468457394156883,0.456738635987878
6026,2.7968037094520057,2.331505268223746,0.4652984412282599
6027,2.857626634715607,2.4071972935183026,0.4504293411973044
6028,2.754748042569307,2.289364675073175,0.46538336749613185
6029,2.733221423094039,2.2587380466190146,0.47448337647502425
6030,2.802809017289433,2.3302354133592775,0.47257360393015535
6031,2.8709759210264902,2.389924243843538,0.4810516771829523
6032,2.880894939054234,2.4535519098161984,0.4273430292380356
6033,2.8437719866060243,2.3822199234294863,0.46155206317653796
6034,2.719538735821989,2.2351187698841017,0.4844199659378874
6035,2.871284412510825,2.400360942606475,0.47092346990434963
6036,2.7649651649199654,2.2984643287222175,0.46650083619774785
6037,2.869995683621807,2.392077258879388,0.47791842474241886
6038,2.7552683839307113,2.2831631308270333,0.472105253103678
6039,2.876925518912616,2.4099821362469247,0.46694338266569124
6040,2.8901462629117853,2.432062315236646,0.4580839476751395
6041,2.794153465851986,2.3381666029825143,0.45598686286947165
6042,2.7357332576749145,2.272589720623496,0.46314353705141853
6043,2.8413685446308024,2.3929064420697794,0.4484621025610229
6044,2.7125035133005984,2.234680439385678,0.4778230739149203
6045,2.8506769910660767,2.4023416706306304,0.4483353204354463
6046,2.8466604288599346,2.374270672174035,0.47238975668589944
6047,2.8033216895112703,2.3680615861344854,0.4352601033767849
6048,2.8740675664111506,2.387760418545584,0.4863071478655665
6049,2.7657248029654005,2.30069938937484,0.46502541359056027
6050,2.664709626587331,2.1904323921475144,0.47427723443981673
6051,2.840883636637347,2.3579401338654615,0.4829435027718856
6052,2.908869550597806,2.459136588738443,0.4497329618593633
6053,2.841505701092493,2.400927759824347,0.4405779412681463
6054,2.634831268851288,2.16097385912036,0.47385740973092805
6055,2.7933941298035405,2.320927179718463,0.47246695008507755
6056,2.822255020201211,2.37430147756287,0.447953542638341
6057,2.8381681240024212,2.37934724847745,0.4588208755249714
6058,2.802019376991083,2.324053562143163,0.47796581484792
6059,2.839113781327199,2.375353616225746,0.4637601651014531
6060,2.8873467269295916,2.4248157555367507,0.46253097139284094
6061,2.8072635184012564,2.3397463446322098,0.46751717376904667
6062,2.809553807421661,2.3248806842373826,0.48467312318427824
6063,2.764021971604612,2.286917688810438,0.47710428279417405
6064,2.9189905338598305,2.4622634841158337,0.4567270497439968
6065,2.8727154973278166,2.418731729362393,0.4539837679654237
6066,2.832388619306771,2.367116551298758,0.46527206800801313
6067,2.8240605283591553,2.374271428818882,0.44978909954027335
6068,2.7597137957422486,2.298741255778447,0.4609725399638016
6069,2.8842473068277132,2.449088023541004,0.4351592832867093
6070,2.8007047614915233,2.3562094470466386,0.44449531444488466
6071,2.80562934613617,2.340444849750738,0.46518449638543213
6072,2.8031997028322313,2.3509817699690116,0.45221793286321965
6073,2.6993373747118796,2.2259069827649833,0.4734303919468963
6074,2.762405697914169,2.3149983153524327,0.4474073825617362
6075,2.8326116426476973,2.371554422867916,0.4610572197797813
6076,2.800499555666817,2.3355117478434706,0.46498780782334626
6077,2.8248271076255684,2.337407177174322,0.4874199304512463
6078,2.8099174923135863,2.338569088153749,0.4713484041598375
6079,2.815441645488194,2.348201623115977,0.46724002237221685
6080,2.8069014023744887,2.340486515859527,0.46641488651496177
6081,2.8469566101506016,2.392266421982742,0.4546901881678598
6082,2.8897710757699255,2.443276117777058,0.44649495799286765
6083,2.9111096968907004,2.443204771657593,0.46790492523310734
6084,2.825694783804874,2.370197297013111,0.4554974867917627
6085,2.7607801101369764,2.2860553017633594,0.4747248083736171
6086,2.868184453903904,2.392802097581975,0.47538235632192904
6087,2.9005364172999495,2.4320017460890253,0.4685346712109242
6088,2.7669092054866105,2.3122245469764717,0.45468465851013873
6089,2.762103737703049,2.298517061560858,0.46358667614219096
6090,2.8792220955675285,2.4097149246342306,0.46950717093329786
6091,2.8354424721796634,2.3815701374713028,0.45387233470836064
6092,2.8907510117403317,2.4542267175267622,0.4365242942135694
6093,2.775583094678076,2.292852529442999,0.48273056523507707
6094,2.8336695185453724,2.394199620188095,0.43946989835727734
6095,2.83543080802113,2.400484833826376,0.4349459741947541
6096,2.6765292535583365,2.219780127736769,0.4567491258215677
6097,2.8339676758879544,2.3992539595003985,0.43471371638755585
6098,2.8880980701306163,2.456483122883266,0.43161494724735006
6099,2.703617776233043,2.2353533250730435,0.4682644511599996
6100,2.8209091188269437,2.3517379553145985,0.4691711635123452
6101,2.7437189090673355,2.263306151104601,0.48041275796273464
6102,2.7211834584371952,2.244944758098183,0.47623870033901206
6103,2.7880693769104172,2.3279680734666366,0.46010130344378064
6104,2.9234168318235514,2.4598305724978573,0.4635862593256941
6105,2.838052883227254,2.376805620404371,0.46124726282288275
6106,2.784322530629185,2.329426737285277,0.45489579334390795
6107,2.8948886345579004,2.4350703808790146,0.45981825367888574
6108,2.7828465747069955,2.328563875880796,0.45428269882619965
6109,2.78523978196548,2.346229435143474,0.43901034682200635
6110,2.681315996004532,2.233737506301914,0.44757848970261804
6111,2.748381620199051,2.272192741359824,0.4761888788392268
6112,2.877909513426729,2.4736090155820047,0.4043004978447242
6113,2.7281651065100503,2.261686655976465,0.4664784505335855
6114,2.84131814798761,2.369504902315041,0.471813245672569
6115,2.7865794614495365,2.321710540147913,0.4648689213016235
6116,2.7735554477782403,2.3143168035345316,0.45923864424370864
6117,2.735334371815621,2.2489005535304365,0.4864338182851844
6118,2.7945606455912135,2.331688009704349,0.46287263588686445
6119,2.8123847890142004,2.347006095254234,0.4653786937599662
6120,2.75567201587208,2.2814812422674087,0.47419077360467154
6121,2.793118344293799,2.363045081943354,0.4300732623504451
6122,2.783204681033515,2.3169537498734867,0.46625093116002825
6123,2.762513094438552,2.300253830979011,0.4622592634595408
6124,2.6728300592979424,2.2077770417532045,0.4650530175447378
6125,2.7786362830205764,2.2943929491713853,0.48424333384919116
6126,2.6764201138374686,2.215142095151665,0.46127801868580365
6127,2.830820319769973,2.3810285149289725,0.44979180484100034
6128,2.860510646226166,2.393281027765199,0.467229618460967
6129,2.808762092582925,2.342025027535869,0.4667370650470559
6130,2.7916866712289927,2.3439822200757376,0.4477044511532551
6131,2.8539773711591434,2.3856019418703887,0.46837542928875475
6132,2.8268569087628626,2.3751435830983394,0.45171332566452316
6133,2.8135656864057315,2.351589765362044,0.46197592104368734
6134,2.89010703134775,2.42490544130171,0.46520159004604
6135,2.781323294815201,2.31202153221636,0.46930176259884115
6136,2.8445046407653773,2.3637046278628646,0.48080001290251273
6137,2.870286349251382,2.4119149198593295,0.45837142939205267
6138,2.7854097473254362,2.3203650611231246,0.46504468620231165
6139,2.8143161250682516,2.3539308450863645,0.46038527998188705
6140,2.8509745489669043,2.3829865426400416,0.46798800632686266
6141,2.792275521902458,2.3334422599527804,0.4588332619496778
6142,2.9193365953844244,2.4601560289657622,0.4591805664186621
6143,2.7492214323168995,2.269817105736267,0.4794043265806325
6144,2.7671219754004945,2.3109519167077237,0.45617005869277083
6145,2.762441880598631,2.2829712591325575,0.47947062146607333
6146,2.8783765489204565,2.402133253787147,0.47624329513330954
6147,2.885885059972882,2.4306239339951494,0.4552611259777324
6148,2.9486844974937667,2.5044656577680913,0.44421883972567544
6149,2.8136301311618688,2.359316627507546,0.45431350365432266
6150,2.882158080182332,2.432863300789119,0.4492947793932127
6151,2.7515268415085323,2.3297795293111947,0.42174731219733763
6152,2.70810894062146,2.234947350629794,0.4731615899916659
6153,2.74836860795165,2.281316911876722,0.467051696074928
6154,2.8881002158979614,2.4195090860319564,0.46859112986600504
6155,2.8924017839755716,2.4368509836176413,0.4555508003579303
6156,2.861315848464424,2.3831116084285884,0.4782042400358355
6157,2.78729930599316,2.318887800644379,0.4684115053487812
6158,2.7730556379418276,2.2958529428303103,0.47720269511151736
6159,2.874871107717315,2.408433841954755,0.46643726576255995
6160,2.7447344783825423,2.2672522458332707,0.4774822325492716
6161,2.7597492811792357,2.308461363068003,0.4512879181112326
6162,2.847900271151373,2.378899124934659,0.46900114621671385
6163,2.8705001009687487,2.421685791114934,0.44881430985381465
6164,2.7878395539302043,2.3145725094517755,0.4732670444784288
6165,2.786033278537652,2.338872914958978,0.4471603635786736
6166,2.7596704680134034,2.3259106001006318,0.43375986791277166
6167,2.743372961465666,2.2730485329801136,0.47032442848555256
6168,2.7686779786037676,2.3073089222146903,0.4613690563890773
6169,2.8215702432642047,2.3561338387150483,0.46543640454915636
6170,2.7936539337208512,2.325158204986823,0.4684957287340281
6171,2.718148428334417,2.261007875092039,0.457140553242378
6172,2.739953053460029,2.262142655869759,0.47781039759027033
6173,2.712516352868099,2.237784230832128,0.47473212203597104
6174,2.7244124614325607,2.252630457161076,0.47178200427148465
6175,2.7531243132743333,2.286613109227729,0.4665112040466042
6176,2.895897957495932,2.4544847157721104,0.4414132417238217
6177,2.878842595175683,2.4222908502114415,0.45655174496424156
6178,2.800253990575792,2.3443989053169663,0.4558550852588259
6179,2.851910844150387,2.3757205421366603,0.4761903020137268
6180,2.816169995131609,2.345075768235765,0.47109422689584424
6181,2.824806422067928,2.373060730113341,0.4517456919545868
6182,2.8403554311582573,2.402344181247335,0.4380112499109221
6183,2.6827470550915478,2.2078388420044406,0.4749082130871072
6184,2.754465369786452,2.2808891101437747,0.47357625964267713
6185,2.7775347875835257,2.29606393986387,0.48147084771965565
6186,2.762709966756032,2.2966731718875697,0.4660367948684625
6187,2.840468098071995,2.3806549641950947,0.45981313387690026
6188,2.7962733311997696,2.35063101923165,0.44564231196811965
6189,2.7842576146394187,2.299647577533034,0.4846100371063846
6190,2.7970745139447524,2.3247872906710967,0.4722872232736557
6191,2.8318874511124403,2.361485877397321,0.47040157371511926
6192,2.7761548141295442,2.2982475409646934,0.4779072731648508
6193,2.8013819816296555,2.3359374344761736,0.4654445471534818
6194,2.8166619053328983,2.3575419566216356,0.4591199487112627
6195,2.7642323302379848,2.289047145564184,0.4751851846738009
6196,2.8012671524334842,2.3387097951122477,0.4625573573212365
6197,2.896803391885877,2.456901709013407,0.43990168287247
6198,2.8337169812542484,2.3630982689335385,0.47061871232070995
6199,2.9515076283495345,2.5444494153762047,0.4070582129733298
6200,2.856690414342598,2.384864455557046,0.4718259587855518
6201,2.8117036643412963,2.382383929819885,0.42931973452141126
6202,2.922662043139969,2.465675401617132,0.45698664152283675
6203,2.7982418026908746,2.3528917655189345,0.4453500371719401
6204,2.885692654560231,2.41657383226409,0.4691188222961409
6205,2.768903242097707,2.2912823950703305,0.4776208470273766
6206,2.772076534871554,2.318274856461549,0.45380167841000496
6207,2.771465263551437,2.3062887065841298,0.4651765569673074
6208,2.8696146165101015,2.4136591030121863,0.4559555134979152
6209,2.8081567257610054,2.324957440042728,0.4831992857182774
6210,2.6221804214357816,2.159800960792273,0.46237946064350854
6211,2.727615739872667,2.246408020746516,0.481207719126151
6212,2.7624878505839963,2.3025361085230505,0.4599517420609458
6213,2.8371206175827957,2.3726322204067456,0.46448839717605006
6214,2.798457092807148,2.3220269588135136,0.47643013399363454
6215,2.8413008378502473,2.375048258166197,0.4662525796840504
6216,2.886668282864861,2.4246235165670083,0.46204476629785285
6217,2.8403390157143256,2.3787148697811977,0.46162414593312784
6218,2.859923906687338,2.376598220590881,0.48332568609645676
6219,2.8894016291951607,2.4265037638478186,0.4628978653473421
6220,2.8677784609643746,2.4014893623974425,0.4662890985669321
6221,2.873783119124579,2.4023241539442,0.4714589651803789
6222,2.9135910820701967,2.4254079170474245,0.48818316502277215
6223,2.7383684491576843,2.2676791289876754,0.47068932017000886
6224,2.7530575407988325,2.286013809433642,0.4670437313651905
6225,2.830007978816595,2.3585173061024354,0.4714906727141597
6226,2.8617403317912746,2.4141334993078187,0.4476068324834559
6227,2.731044873264731,2.252305722718549,0.4787391505461822
6228,2.7652785485142504,2.3130609999816882,0.45221754853256213
6229,2.7745728222975328,2.3179641942990714,0.45660862799846136
6230,2.8984049067666326,2.4378250705867925,0.4605798361798401
6231,2.800851110043784,2.3714254547665377,0.4294256552772464
6232,2.849672294530028,2.4181926268798377,0.4314796676501902
6233,2.888430528527478,2.4230997357359616,0.46533079279151623
6234,2.8455372240297825,2.3836235443519156,0.4619136796778669
6235,2.851314469716185,2.3787281554308706,0.4725863142853144
6236,2.8307089410026913,2.370227590464225,0.4604813505384664
6237,2.841157551947182,2.3878235889001114,0.45333396304707074
6238,2.776795976669552,2.3253902215126376,0.45140575515691417
6239,2.833799903544329,2.384231874205308,0.4495680293390212
6240,2.8899493698878174,2.435082037552589,0.45486733233522836
6241,2.6792680909364104,2.2178524485312003,0.46141564240521005
6242,2.81691408647839,2.372421445458317,0.4444926410200729
6243,2.8491743240025027,2.3743013168208598,0.47487300718164294
6244,2.872495522807617,2.440822946287633,0.43167257651998403
6245,2.7807468118484233,2.307885206329437,0.4728616055189865
6246,2.9010416170150486,2.442357278912366,0.4586843381026826
6247,2.8122441311323265,2.3501907367047195,0.46205339442760707
6248,2.8168560157166724,2.364789362558776,0.4520666531578965
6249,2.904036258817596,2.4638548351239944,0.44018142369360147
6250,2.8408573885343573,2.3532959533872853,0.48756143514707206
6251,2.7862122984472175,2.311036052781986,0.47517624566523153
6252,2.647163498913735,2.2021550997404944,0.44500839917324075
6253,2.8267318414537566,2.3714419195569008,0.4552899218968558
6254,2.9281306133731584,2.4806387120831634,0.44749190128999494
6255,2.85535610307936,2.3778093329895156,0.4775467700898446
6256,2.88154485906614,2.4521788462561354,0.4293660128100045
6257,2.792557855355372,2.311117259053672,0.48144059630169966
6258,2.7222314411676334,2.266874835900765,0.4553566052668683
6259,2.808303629198836,2.334951813911046,0.47335181528779025
6260,2.798867821122068,2.3541322901146704,0.4447355310073977
6261,2.795083142455564,2.3363182046546647,0.45876493780089955
6262,2.803781480588347,2.3376052299149674,0.46617625067337976
6263,2.743784882937221,2.269412734820403,0.4743721481168177
6264,2.8473842071867574,2.3667915074516914,0.480592699735066
6265,2.7939069799176823,2.3347926129580774,0.45911436695960495
6266,2.6708799306899276,2.2080351943369676,0.46284473635296
6267,2.812688226048582,2.347937879362426,0.4647503466861562
6268,2.7800713349772006,2.3359166407436747,0.44415469423352594
6269,2.816928233530107,2.358289427643638,0.4586388058864692
6270,2.8122523836580244,2.34848581841578,0.46376656524224424
6271,2.8604708302311197,2.4223256566863824,0.43814517354473725
6272,2.811376980539355,2.323311381759492,0.4880655987798632
6273,2.7846913750801905,2.3262879875618445,0.458403387518346
6274,2.7922912055684392,2.3198115438025875,0.47247966176585177
6275,2.799115639468094,2.3476082618281158,0.4515073776399783
6276,2.8924701603467584,2.427748633867879,0.46472152647887954
6277,2.7733720454380455,2.2895826836881623,0.4837893617498832
6278,2.7893956609726227,2.32538919212324,0.4640064688493828
6279,2.7831731102759836,2.3105435059402533,0.4726296043357303
6280,2.733608647392279,2.269379719269215,0.46422892812306404
6281,2.890495406796658,2.461905372615728,0.42859003418093033
6282,2.8233178209388186,2.3496125471253726,0.47370527381344596
6283,2.8355359407412406,2.358050145595848,0.4774857951453928
6284,2.837129055594945,2.366274532602814,0.47085452299213104
6285,2.9250859416707944,2.4583265713221234,0.466759370348671
6286,2.7320909245078986,2.2608349357739805,0.47125598873391805
6287,2.79462876330024,2.3334471133723023,0.46118164992793753
6288,2.8499640935667436,2.3759966921920106,0.47396740137473303
6289,2.7247550289723095,2.2563898554293442,0.46836517354296525
6290,2.7284065856965753,2.2644995309104266,0.4639070547861488
6291,2.7787158634298956,2.3151861607524324,0.4635297026774632
6292,2.7348959237552717,2.2651298764010726,0.46976604735419913
6293,2.874396319373975,2.4332662413202177,0.4411300780537575
6294,2.8489439698491976,2.4008992690821005,0.4480447007670971
6295,2.703676951118748,2.233398921580502,0.47027802953824605
6296,2.800938547812473,2.3465585688374118,0.4543799789750613
6297,2.821999301103597,2.366461188038833,0.455538113064764
6298,2.900022436210263,2.441498551112,0.4585238850982627
6299,2.7234986455211763,2.300687571612909,0.42281107390826733
6300,2.852373705169573,2.3949915765220715,0.4573821286475015
6301,2.7151385642857515,2.251225728063255,0.4639128362224967
6302,2.739741776837432,2.2647347975050596,0.47500697933237257
6303,2.849650463715954,2.387797024466727,0.4618534392492273
6304,2.869887928565422,2.3991224387044046,0.4707654898610176
6305,2.8400222152686383,2.4022194177491443,0.437802797519494
6306,2.843257981966894,2.3683260701958933,0.4749319117710007
6307,2.7668036964156677,2.30707683600136,0.45972686041430766
6308,2.794199020659475,2.3423770075488966,0.45182201311057835
6309,2.846969621363269,2.3883305924227676,0.45863902894050135
6310,2.8681125472609494,2.400469465260063,0.46764308200088633
6311,2.8297974481174832,2.3593480881377964,0.47044935997968684
6312,2.700355846879035,2.2355405921043756,0.46481525477465935
6313,2.8107595743509,2.337632005352582,0.4731275689983181
6314,2.877065056942414,2.4352471803273765,0.44181787661503735
6315,2.8252810178234946,2.354514231774038,0.47076678604945643
6316,2.7462439437096986,2.2899761680624136,0.45626777564728505
6317,2.769002220128958,2.3022978569925128,0.46670436313644537
6318,2.7426049358982585,2.271734314274161,0.47087062162409765
6319,2.744883160933254,2.2899173091413147,0.45496585179193927
6320,2.798797439790934,2.386725702156056,0.4120717376348777
6321,2.8066746367166466,2.347225563485493,0.4594490732311538
6322,2.847263299280909,2.3868365137928054,0.46042678548810345
6323,2.8397517409305895,2.3683402640220543,0.47141147690853513
6324,2.8773388672734814,2.4097400895004144,0.467598777773067
6325,2.7992751386498242,2.31908996537108,0.4801851732787443
6326,2.71029349011401,2.2333829711798265,0.47691051893418335
6327,2.9319953954216165,2.465604975346578,0.4663904200750384
6328,2.8554613204752597,2.4169877453235102,0.43847357515174945
6329,2.8375826114026057,2.3637134458130915,0.4738691655895142
6330,2.7344647510836224,2.26590127625728,0.4685634748263423
6331,2.751203015131227,2.2655038129251786,0.48569920220604823
6332,2.798945940158943,2.3312426166870295,0.46770332347191346
6333,2.9238696915050264,2.4696439550367537,0.4542257364682727
6334,2.7570173485509684,2.2946002423709073,0.46241710618006104
6335,2.801281457705268,2.3434573976629456,0.45782406004232223
6336,2.7761666672676855,2.2957409317308675,0.480425735536818
6337,2.7682667895061024,2.293095870606114,0.4751709188999884
6338,2.783475158058491,2.301920581047258,0.48155457701123305
6339,2.9053193639692654,2.4314452550369023,0.47387410893236304
6340,2.797468029162508,2.3280562664155267,0.46941176274698115
6341,2.7296780070547677,2.265470660596918,0.46420734645784956
6342,2.82609686703691,2.3464530496365135,0.4796438174003965
6343,2.7790467091713693,2.3052673359217017,0.47377937324966757
6344,2.7256410512880995,2.2425920844683707,0.48304896681972886
6345,2.7794303059759056,2.3117633426803157,0.4676669632955899
6346,2.656029090206046,2.177762045209507,0.47826704499653916
6347,2.883962537756568,2.4321045857815347,0.4518579519750334
6348,2.9404188368629,2.4882071079727273,0.4522117288901728
6349,2.7615901540658463,2.3125428242495247,0.44904732981632156
6350,2.7773182741447915,2.3087756663698955,0.468542607774896
6351,2.869992106723959,2.408669414655875,0.46132269206808374
6352,2.9011483805648104,2.4444606793211623,0.4566877012436481
6353,2.77782565202107,2.302468533978762,0.4753571180423082
6354,2.7446158573072834,2.274637821747944,0.46997803555933926
6355,2.7646106417021397,2.3030100945682355,0.4616005471339042
6356,2.803118980270411,2.365999552509218,0.43711942776119317
6357,2.873884692132561,2.438465252232187,0.4354194399003739
6358,2.788911468764791,2.391627458433427,0.3972840103313642
6359,2.857005996873594,2.3904259038614564,0.46658009301213754
6360,2.841911824761706,2.385341062799865,0.4565707619618413
6361,2.780686790961827,2.2983822309060495,0.4823045600557774
6362,2.798473111018597,2.3291353484445017,0.4693377625740953
6363,2.722679650180629,2.2516076948747616,0.47107195530586754
6364,2.861065882555906,2.403754691831658,0.4573111907242482
6365,2.8571562531200625,2.3780934950201433,0.47906275809991916
6366,2.8306958976047505,2.361665186893509,0.46903071071124147
6367,2.7411236427078354,2.283331450472552,0.4577921922352832
6368,2.705374523434322,2.214128597084904,0.4912459263494182
6369,2.694362601563802,2.2258695663498305,0.46849303521397134
6370,2.816407059725063,2.3578596785262658,0.45854738119879723
6371,2.691839537109972,2.238393493491188,0.4534460436187837
6372,2.76877304392574,2.3048022215593047,0.46397082236643516
6373,2.7787278772530954,2.309395424847788,0.4693324524053075
6374,2.7856449567847865,2.3183641736617364,0.4672807831230501
6375,2.863912340632899,2.4158960087483545,0.44801633188454426
6376,2.6632290078311835,2.2054754711105558,0.4577535367206278
6377,2.846924041981184,2.392855862395486,0.4540681795856978
6378,2.740912507632211,2.266107342389837,0.47480516524237437
6379,2.8320352409720693,2.35848684960916,0.47354839136290927
6380,2.8305484945398924,2.362902137976179,0.46764635656371345
6381,2.7429493946159735,2.2898207746012864,0.4531286200146871
6382,2.8195437901311275,2.358703869447871,0.46083992068325674
6383,2.684681825231173,2.231673103333734,0.45300872189743924
6384,2.851524890464423,2.3831684417365175,0.4683564487279055
6385,2.771738717584422,2.296852385394617,0.47488633218980514
6386,2.7073310345798522,2.265513280599615,0.44181775398023726
6387,2.7957687582179167,2.3222849214593704,0.47348383675854633
6388,2.779665859842189,2.309124062116808,0.4705417977253812
6389,2.8887354762199764,2.4502026332400755,0.4385328429799009
6390,2.908199832266264,2.456443218537198,0.4517566137290663
6391,2.9809247307719877,2.570234230447196,0.4106905003247916
6392,2.84042442043929,2.3878801295420096,0.45254429089728054
6393,2.763979157385664,2.2945006033373283,0.4694785540483357
6394,2.802203705798277,2.359452821840196,0.44275088395808115
6395,2.7553271599130715,2.290627224836659,0.4646999350764127
6396,2.9399713981717714,2.5352038667529606,0.40476753141881083
6397,2.772699758706233,2.309316968268013,0.4633827904382204
6398,2.7763448780487496,2.303018704508938,0.47332617353981155
6399,2.8551110942475404,2.3862488931400576,0.4688622011074828
6400,2.7479198415531987,2.2785670026520535,0.4693528389011452
6401,2.918788017657925,2.5145435534729312,0.4042444641849938
6402,2.7238481430020878,2.2452062069880805,0.4786419360140073
6403,2.6471823729179187,2.198717754617834,0.4484646183000849
6404,2.729815761776327,2.2860189359072653,0.44379682586906144
6405,2.702964324136736,2.2544889671889967,0.4484753569477391
6406,2.8600918547041987,2.4007003305265333,0.4593915241776654
6407,2.8691974036024566,2.41775162915369,0.45144577444876655
6408,2.858723371944971,2.4081689804702164,0.45055439147475473
6409,2.8477787319364065,2.3865196497911665,0.46125908214524003
6410,2.7213807565235566,2.272217333945884,0.4491634225776724
6411,2.7237830030665715,2.2492881545538386,0.47449484851273294
6412,2.7011908525840607,2.230187089880183,0.47100376270387745
6413,2.850888462483311,2.371395911356581,0.47949255112673006
6414,2.7092415276428503,2.2288929070434182,0.48034862059943206
6415,2.8263563236224973,2.362792796391549,0.4635635272309484
6416,2.8002961083413647,2.3367051075251597,0.46359100081620497
6417,2.888498333821971,2.45015262725111,0.43834570657086136
6418,2.727421795342333,2.2689358472802756,0.45848594806205734
6419,2.7644344697359604,2.301006044876639,0.46342842485932145
6420,2.7591057898116356,2.2962898965636462,0.46281589324798933
6421,2.7622060071404033,2.2876235492155295,0.47458245792487386
6422,2.836283730985115,2.3923549622703497,0.4439287687147653
6423,2.809046823982121,2.330311364470244,0.47873545951187735
6424,2.8308591729634185,2.3764278883299395,0.45443128463347904
6425,2.740378628928441,2.2728591461498096,0.46751948277863153
6426,2.630728188615902,2.1677176411103742,0.4630105475055277
6427,2.7360915017526555,2.2664171059037725,0.46967439584888293
6428,2.719795226308762,2.2613586561512737,0.4584365701574882
6429,2.64750074802196,2.1717802357247953,0.4757205122971646
6430,2.9649520120561994,2.4927470590960827,0.47220495296011666
6431,2.8367919924661336,2.3627370641863297,0.4740549282798039
6432,2.7431153508256734,2.2658380550268618,0.4772772957988116
6433,2.8537497127529825,2.4040288702536556,0.44972084249932687
6434,2.8203992987066027,2.3943168446209486,0.42608245408565404
6435,2.8251806698170703,2.3768629193222264,0.4483177504948439
6436,2.809216758099956,2.3614984328435207,0.4477183252564352
6437,2.704054242679737,2.2311632874529463,0.4728909552267906
6438,2.8995463788234415,2.422415784904009,0.4771305939194326
6439,2.7107707479665346,2.2381212598078077,0.47264948815872687
6440,2.8511623395241767,2.413876932897175,0.43728540662700155
6441,2.8370252641385996,2.367707861882667,0.46931740225593277
6442,2.801131461010986,2.3418454605531163,0.4592860004578698
6443,2.861453941214192,2.396177847961516,0.46527609325267605
6444,2.7431842847232075,2.269101602985123,0.4740826817380843
6445,2.8210973730871465,2.3743718875856414,0.44672548550150504
6446,2.7989025769796503,2.345691556147106,0.45321102083254416
6447,2.8292544778402697,2.363326078669448,0.4659283991708216
6448,2.7604372795089342,2.3053609842498437,0.45507629525909055
6449,2.8101196714264103,2.3546781348288515,0.4554415365975588
6450,2.729538626042026,2.2621627620634093,0.46737586397861675
6451,2.7873038157167875,2.3077536256992635,0.4795501900175241
6452,2.8281114139217878,2.391239783698114,0.4368716302236737
6453,2.7999200173451815,2.346396059985068,0.4535239573601135
6454,2.8006746672754526,2.312390490327089,0.4882841769483637
6455,2.875427148174473,2.430625359827004,0.4448017883474691
6456,2.824156332945812,2.369406130442376,0.454750202503436
6457,2.747907058621965,2.2745943710697354,0.47331268755222977
6458,2.8767693750771626,2.4099139776218053,0.4668553974553573
6459,2.867781830517303,2.4101841784629574,0.45759765205434544
6460,2.710078933976833,2.2287080096579923,0.48137092431884065
6461,2.7167432433841237,2.233958454357622,0.48278478902650157
6462,2.8398567637805083,2.4016137574762806,0.43824300630422774
6463,2.787895339373267,2.339537580855945,0.44835775851732196
6464,2.797439501826946,2.329251273077391,0.4681882287495549
6465,2.898624621263951,2.455580588741815,0.44304403252213564
6466,2.8992974350621417,2.426747684628872,0.47254975043326963
6467,2.8552497728860704,2.3984112635248036,0.4568385093612668
6468,2.688537417406204,2.2392338789512745,0.44930353845492954
6469,2.8031251582835983,2.3359486094001056,0.4671765488834927
6470,2.79649443004991,2.3434366671611553,0.45305776288875466
6471,2.793033079032479,2.3242612118586305,0.46877186717384856
6472,2.8384591054687385,2.3863189670740166,0.4521401383947219
6473,2.738938189315748,2.265681865245105,0.4732563240706429
6474,2.8202563306836157,2.3414700226944376,0.4787863079891781
6475,2.7258032301635544,2.245295622077464,0.4805076080860906
6476,2.802361532222408,2.318244258596484,0.4841172736259236
6477,2.7490024310087247,2.306205094848216,0.44279733616050887
6478,2.9275537840526287,2.4828659937695328,0.4446877902830959
6479,2.7668404071742403,2.307180703106022,0.4596597040682182
6480,2.8053795195388185,2.3381576394398915,0.46722188009892696
6481,2.739757681409581,2.301346189736161,0.4384114916734201
6482,2.790348334578151,2.33810243306211,0.45224590151604094
6483,2.7280371635715293,2.2546816414941415,0.47335552207738774
6484,2.77988582301325,2.3053173481973612,0.47456847481588893
6485,2.7008566165442796,2.231961408229891,0.4688952083143887
6486,2.861613208793341,2.3990327945954637,0.4625804141978773
6487,2.858975861726651,2.3827549210755437,0.4762209406511073
6488,2.776517683974498,2.337672510118906,0.43884517385559185
6489,2.860436934925864,2.398293524292433,0.462143410633431
6490,2.8726098893173986,2.4109014736658563,0.4617084156515423
6491,2.903954616002027,2.4673931970474796,0.43656141895454725
6492,2.6890361217071117,2.209295421959384,0.4797406997477278
6493,2.7765691247411226,2.310558679694726,0.46601044504639644
6494,2.8540343664623236,2.3927012207827274,0.46133314567959616
6495,2.945393427377861,2.534594353911691,0.41079907346616995
6496,2.7727484474845236,2.322116329808603,0.4506321176759207
6497,2.890832358903452,2.4150389693524037,0.4757933895510482
6498,2.7574454639309205,2.2985375960253505,0.45890786790557003
6499,2.858700087217766,2.3913124845128166,0.4673876027049495
6500,2.7260943637770585,2.2585688911422226,0.4675254726348359
6501,2.8043648114604967,2.33681104889173,0.46755376256876646
6502,2.9065614225703262,2.4795166132055733,0.427044809364753
6503,2.7607580166228116,2.3167814470048556,0.44397656961795606
6504,2.7977000984868003,2.32815162966667,0.46954846882013035
6505,2.8732226692932437,2.410418780444496,0.46280388884874757
6506,2.8119823655311915,2.351486045918231,0.46049631961296056
6507,2.826294194563727,2.3700111440175893,0.45628305054613794
6508,2.8747113377446096,2.4287087567002574,0.4460025810443522
6509,2.814463866606469,2.3717896560497698,0.4426742105566994
6510,2.838918811333067,2.3670626188706803,0.47185619246238675
6511,2.6875672524968635,2.2169487825834864,0.4706184699133771
6512,2.838336347314378,2.376462567378387,0.4618737799359911
6513,2.9196689896196544,2.4804767285237146,0.4391922610959398
6514,2.846191930660322,2.402862510519937,0.443329420140385
6515,2.843130793052405,2.375945066776227,0.46718572627617805
6516,2.6397832519787543,2.1888323914792043,0.45095086049955
6517,2.7639490148054318,2.297520044183932,0.4664289706214997
6518,2.9045432998752343,2.4669644336677155,0.43757886620751885
6519,2.708958618728992,2.2381040300530137,0.4708545886759783
6520,2.8210397416896904,2.332937153101812,0.48810258858787847
6521,2.8031309105691817,2.327884877667418,0.4752460329017638
6522,2.8281463745422544,2.381550794722981,0.44659557981927334
6523,2.8467703216200047,2.3837212397254586,0.4630490818945461
6524,2.8325801811668767,2.3787621135444392,0.4538180676224375
6525,2.810555357526174,2.3363364289673467,0.4742189285588272
6526,2.9166891270869004,2.496655374215219,0.42003375287168154
6527,2.8263223735273764,2.382440130820516,0.4438822427068603
6528,2.7261649723383976,2.2513202117759405,0.47484476056245706
6529,2.832908674995449,2.375471455759635,0.45743721923581404
6530,2.7489142483027877,2.2772479666220438,0.471666281680744
6531,2.785094043404892,2.3104518058571375,0.4746422375477546
6532,2.810703034496937,2.354440064033385,0.4562629704635519
6533,2.8266793568329245,2.3726877509707602,0.45399160586216425
6534,2.955384338181034,2.5065842028271903,0.44880013535384355
6535,2.829679897530297,2.360234416180762,0.4694454813495348
6536,2.7371647472369083,2.289806332222389,0.4473584150145191
6537,2.7953676925782727,2.3491621282607587,0.446205564317514
6538,2.766900442903674,2.3221198598822776,0.4447805830213962
6539,2.709606947265184,2.250494193873424,0.45911275339175983
6540,2.8836749252464924,2.440522007394401,0.4431529178520912
6541,2.802029596766287,2.335386112457779,0.4666434843085083
6542,2.741538010849427,2.3000560149945057,0.4414819958549212
6543,2.7859503365416622,2.35474466589217,0.4312056706494922
6544,2.718142581088557,2.241339779019348,0.476802802069209
6545,2.8578971838167146,2.378414496190002,0.47948268762671287
6546,2.874718290015784,2.411258195757839,0.463460094257945
6547,2.8310996939173125,2.3714648984944406,0.4596347954228719
6548,2.77995835400646,2.3097792919833564,0.47017906202310344
6549,2.8520020716995163,2.384808490191992,0.4671935815075243
6550,2.7648722070756717,2.288236641810084,0.4766355652655876
6551,2.723439851222661,2.248885201537757,0.474554649684904
6552,2.951656971414012,2.4907435966031315,0.4609133748108807
6553,2.7836352266026685,2.3298788081960162,0.45375641840665226
6554,2.8807138952078932,2.4386237721510517,0.4420901230568415
6555,2.7658167823175557,2.300781436142417,0.46503534617513864
6556,2.7976354624434023,2.3221988340342614,0.4754366284091409
6557,2.8285887559669596,2.3867303325510405,0.4418584234159191
6558,2.72603302078775,2.263138599281649,0.46289442150610105
6559,2.78652329612363,2.321926962739118,0.4645963333845118
6560,2.7468521151355603,2.2673182467881765,0.47953386834738376
6561,2.8651064931753143,2.4106730750242553,0.454433418151059
6562,2.894513731833827,2.4451869377502238,0.44932679408360343
6563,2.817604033548118,2.3604798020785123,0.45712423146960557
6564,2.775187396911655,2.317872275916103,0.45731512099555216
6565,2.768847640886633,2.2928542623311094,0.4759933785555237
6566,2.8386936147952895,2.3656377559020694,0.4730558588932201
6567,2.8118652605146464,2.335529066021879,0.47633619449276754
6568,2.725901798109692,2.2543174083644844,0.47158438974520767
6569,2.8750347765084228,2.433893688138835,0.44114108836958765
6570,2.7543730588777247,2.2977462133554867,0.456626845522238
6571,2.887194670137525,2.412322074622258,0.4748725955152673
6572,2.824178380232281,2.364309089711298,0.45986929052098313
6573,2.8612239253834173,2.4223492815126235,0.4388746438707938
6574,2.9168009913605406,2.4735773979397604,0.4432235934207802
6575,2.732834158303179,2.2739809228913033,0.4588532354118757
6576,2.80872573598843,2.3648322007805906,0.4438935352078395
6577,2.838221505828075,2.393320137889919,0.4449013679381557
6578,2.8295251132971475,2.3630421494454903,0.4664829638516572
6579,2.832577333291055,2.3448785002779706,0.48769883301308425
6580,2.870662918361655,2.416371660893772,0.454291257467883
6581,2.764339786153788,2.3061347439643507,0.45820504218943725
6582,2.7094160989997023,2.2540664353895505,0.4553496636101517
6583,2.774917873062533,2.302070906428194,0.4728469666343389
6584,2.8351902574019414,2.3607509571620082,0.4744393002399332
6585,2.764312451678018,2.283206883223997,0.4811055684540211
6586,2.77732779138349,2.2913460251071873,0.48598176627630263
6587,2.6603340434535516,2.1909206095242286,0.469413433929323
6588,2.729281909961022,2.2571515042857455,0.4721304056752764
6589,2.740829907140157,2.2817085964571753,0.4591213106829817
6590,2.813747464485058,2.3356051923495498,0.4781422721355084
6591,2.770942540308559,2.325545607259987,0.44539693304857186
6592,2.773389068105191,2.316409975258942,0.45697909284624894
6593,2.731959636717794,2.28337601244129,0.448583624276504
6594,2.8466120554252066,2.3799939451542635,0.466618110270943
6595,2.8025331821831894,2.359735185796502,0.4427979963866875
6596,2.8145451038494027,2.3835634379823674,0.43098166586703535
6597,2.8016047096299808,2.3418110851418006,0.4597936244881802
6598,2.798828944902417,2.3213575981198735,0.47747134678254355
6599,2.83993612322111,2.3637395088843958,0.47619661433671423
6600,2.812303285481777,2.347394229165417,0.46490905631636004
6601,2.816453610963266,2.3658139715005637,0.45063963946270214
6602,2.707895865964977,2.2405821633197265,0.4673137026452503
6603,2.845919197335902,2.392830146775104,0.45308905056079807
6604,2.8738523302698065,2.4026208872630193,0.4712314430067872
6605,2.8303996172060235,2.3932551564319806,0.4371444607740429
6606,2.7825080335232695,2.3103012458463783,0.47220678767689117
6607,2.6827993506628185,2.2222837786080225,0.460515572054796
6608,2.8388330590667863,2.3767676707687406,0.46206538829804567
6609,2.8243451243520163,2.349993737929554,0.47435138642246244
6610,2.8332980972799966,2.348877743521021,0.4844203537589755
6611,2.852592439649857,2.391755090401182,0.46083734924867503
6612,2.7989021878184555,2.355610003388918,0.44329218442953744
6613,2.8136447351789347,2.3373299152589846,0.47631481991995006
6614,2.8221309596056803,2.358483812201094,0.46364714740458624
6615,2.755714339034536,2.287018975000986,0.4686953640335503
6616,2.8008736366617453,2.333557557066544,0.4673160795952014
6617,2.7106616139559447,2.2435942010350107,0.467067412920934
6618,2.7206148440961644,2.2545726681770843,0.46604217591908004
6619,2.777569968214929,2.3102554396714376,0.4673145285434912
6620,2.7613491531421768,2.286373769596947,0.47497538354522995
6621,2.922673630764194,2.480794140979081,0.44187948978511304
6622,2.7160741702378766,2.2480726436994924,0.4680015265383841
6623,2.7656944267742465,2.3091887984100428,0.4565056283642037
6624,2.8454739229513675,2.3922894218241546,0.45318450112721287
6625,2.788343041569885,2.31852141768353,0.46982162388635507
6626,2.6890636027301453,2.22653279170089,0.4625308110292554
6627,2.8483550052916486,2.407916726908178,0.4404382783834708
6628,2.83945126320342,2.367727276821912,0.4717239863815079
6629,2.693577590231358,2.2163298973524763,0.4772476928788816
6630,2.8706855724450753,2.394299734924887,0.47638583752018837
6631,2.8606849751130627,2.4051579968331565,0.4555269782799063
6632,2.8206022605277816,2.3517723279236784,0.4688299326041032
6633,2.8252717244085956,2.343848559371831,0.48142316503676463
6634,2.8106926485572075,2.3361832284861457,0.4745094200710618
6635,2.8682444710722668,2.387015536497514,0.4812289345747529
6636,2.8449850658912075,2.3780693164019553,0.4669157494892522
6637,2.74253613522001,2.3254950815142124,0.4170410537057978
6638,2.7793462916714664,2.298190233362352,0.48115605830911434
6639,2.8483393726183297,2.3680350746133585,0.4803042980049712
6640,2.9012462129721697,2.4316633703387036,0.46958284263346606
6641,2.885889904840784,2.4405919960634685,0.44529790877731523
6642,2.6840268677571464,2.253494325432675,0.43053254232447147
6643,2.874797757577747,2.4167538982017165,0.4580438593760303
6644,2.8235926085509195,2.349024793904846,0.47456781464607367
6645,2.70282982316429,2.243522660040934,0.45930716312335607
6646,2.8182292176137493,2.342101563802364,0.47612765381138544
6647,2.707627714735119,2.2579782271968525,0.4496494875382666
6648,2.7446613902079333,2.277864151936127,0.4667972382718064
6649,2.754851927866211,2.302873555152213,0.4519783727139979
6650,2.731503396837387,2.2737397750361685,0.45776362180121843
6651,2.7324262984612555,2.2687358971476277,0.4636904013136278
6652,2.8575501770858613,2.394397032264906,0.4631531448209554
6653,2.8521920880721643,2.3735451521913222,0.47864693588084206
6654,2.770831910428413,2.3115410299198773,0.4592908805085356
6655,2.8967990338199794,2.444906272661005,0.4518927611589745
6656,2.7701225278854893,2.2965409357329563,0.47358159215253304
6657,2.856818814679364,2.382996123063035,0.47382269161632884
6658,2.8412294654526478,2.387262956489503,0.45396650896314483
6659,2.823702024284172,2.3428595622359345,0.48084246204823744
6660,2.68738538755755,2.232643164502414,0.4547422230551361
6661,2.765664229341091,2.2950847777991634,0.4705794515419277
6662,2.8258067832241966,2.363319483755754,0.4624872994684428
6663,2.7123002048244285,2.230103067777898,0.48219713704653033
6664,2.8476468392941197,2.380019870039991,0.4676269692541286
6665,2.8728865889834125,2.4393135008308025,0.4335730881526101
6666,2.8886401785034237,2.442944927221523,0.4456952512819008
6667,2.703617186546801,2.2420813129555617,0.4615358735912394
6668,2.842276282052743,2.398173765416114,0.44410251663662903
6669,2.816363957535351,2.3619548193982314,0.4544091381371196
6670,2.731476096571677,2.2634875199684164,0.46798857660326076
6671,2.8306348690523873,2.3501846255102934,0.48045024354209387
6672,2.750024959760367,2.2879729775992668,0.4620519821611002
6673,2.7159616952704098,2.2445718015435396,0.4713898937268701
6674,2.905076405805903,2.4436581562521256,0.4614182495537773
6675,2.793695988012717,2.3100865861933,0.4836094018194168
6676,2.8769704873024846,2.4047096542044617,0.4722608330980229
6677,2.8617073676461002,2.441009047186492,0.4206983204596084
6678,2.9600020821196344,2.513334886695866,0.4466671954237684
6679,2.825671302402873,2.3588209333197536,0.46685036908311917
6680,2.8184214033653165,2.359900235497454,0.45852116786786246
6681,2.784589918956005,2.3168949103280627,0.46769500862794233
6682,2.7363634967971944,2.249738487236303,0.4866250095608913
6683,2.7694319813011377,2.2959111028508623,0.47352087845027535
6684,2.768382077809882,2.300591657639072,0.4677904201708101
6685,2.6647947355117543,2.22064402791059,0.4441507076011644
6686,2.7725360557534633,2.315551653835676,0.45698440191778733
6687,2.754941373715434,2.2989579922567045,0.4559833814587293
6688,2.7557477966266273,2.318912479767193,0.4368353168594341
6689,2.8628663487485135,2.384774407414506,0.4780919413340077
6690,2.777342355265445,2.311296052434247,0.46604630283119786
6691,2.7052910876151777,2.2260956003384815,0.47919548727669614
6692,2.7851155343885305,2.3316134355422626,0.4535020988462679
6693,2.8257605097345087,2.3599999551722735,0.4657605545622352
6694,2.810826056548526,2.33699669635973,0.47382936018879596
6695,2.8988319264861397,2.478417522116918,0.42041440436922173
6696,2.817565395324163,2.3619257477222115,0.4556396476019513
6697,2.9012306943844717,2.46250086160357,0.4387298327809015
6698,2.6321286312599526,2.159238849534155,0.47288978172579776
6699,2.871281964968892,2.4071514279823867,0.4641305369865054
6700,2.678592640916117,2.210665267457136,0.46792737345898106
6701,2.7233263265927055,2.25055405597427,0.47277227061843563
6702,2.8360601544237185,2.3737063892927286,0.4623537651309899
6703,2.755973090081937,2.2880955486738865,0.4678775414080505
6704,2.7907414102077217,2.3162521570486647,0.474489253159057
6705,2.8658021338726245,2.416003746378694,0.44979838749393064
6706,2.787728285702586,2.319957635155928,0.4677706505466581
6707,2.8899551765224905,2.42564496157169,0.4643102149508005
6708,2.858821417001989,2.3948562830260482,0.46396513397594097
6709,2.8116438721080392,2.333283848674555,0.4783600234334844
6710,2.7967571733527086,2.321655269553421,0.4751019037992874
6711,2.812983906480049,2.339283417497264,0.47370048898278494
6712,2.879971153661342,2.4523155598589352,0.4276555938024069
6713,2.830972982404514,2.35367111123587,0.47730187116864364
6714,2.889030960462796,2.443237525834733,0.445793434628063
6715,2.695713437016151,2.2201522227078816,0.47556121430826925
6716,2.7618748010094727,2.2910054063335967,0.47086939467587596
6717,2.768097585186801,2.306080541431584,0.4620170437552167
6718,2.8727712832015633,2.411190167860084,0.4615811153414793
6719,2.7823620447794437,2.3574550039644966,0.4249070408149471
6720,2.874372247328765,2.420783344186295,0.45358890314247
6721,2.6587025522236076,2.2011234599424476,0.45757909228116
6722,2.7297596660842594,2.2641133437380754,0.46564632234618397
6723,2.872189109143576,2.425803967416307,0.44638514172726884
6724,2.840171168663727,2.403843899043445,0.436327269620282
6725,2.7381217996509033,2.2832045190920884,0.45491728055881486
6726,2.783183113613613,2.301045109071031,0.4821380045425818
6727,2.7903165038146183,2.3302573071493713,0.46005919666524697
6728,2.8422582690402383,2.385440172709015,0.45681809633122317
6729,2.720588603092382,2.2843860801027795,0.4362025229896025
6730,2.857516382300385,2.3971251435400402,0.4603912387603448
6731,2.7473041216747927,2.2765403005898914,0.4707638210849012
6732,2.9027841167925263,2.474005879046859,0.4287782377456675
6733,2.7200967119001276,2.24563150230192,0.4744652095982076
6734,2.8544250999327487,2.424244566969163,0.4301805329635857
6735,2.761290994283877,2.2817448822172928,0.47954611206658404
6736,2.6739137263767807,2.2276460717627615,0.4462676546140192
6737,2.8707957115197056,2.4050139543035782,0.46578175721612736
6738,2.785804639640824,2.3181224600370154,0.46768217960380865
6739,2.7765099863685347,2.2954097504590543,0.4811002359094805
6740,2.8837294051682574,2.422856062283226,0.46087334288503135
6741,2.854181202046425,2.3763836395117837,0.47779756253464134
6742,2.85390628673036,2.42636129734442,0.42754498938594
6743,2.7185537074025143,2.2635603944728433,0.45499331292967105
6744,2.803080816277618,2.3279001262301584,0.47518069004745955
6745,2.773128750161164,2.3126130118927635,0.46051573826840064
6746,2.700679048256917,2.2509241425864013,0.4497549056705159
6747,2.7698690906533727,2.3110328832856037,0.458836207367769
6748,2.8354926383481898,2.367357874264042,0.46813476408414756
6749,2.8137743369738044,2.357355644527475,0.4564186924463294
6750,2.7945323829053943,2.3230363215952057,0.4714960613101886
6751,2.818211938870026,2.349517400531168,0.4686945383388581
6752,2.818629205953058,2.363248762109775,0.45538044384328336
6753,2.7960119486837454,2.319510426939206,0.4765015217445394
6754,2.8305738515941288,2.3775083817089557,0.45306546988517304
6755,2.854714455164015,2.3930908477785855,0.4616236073854294
6756,2.7485234248928325,2.2753143749623304,0.47320904993050217
6757,2.786033957407174,2.3441782468295216,0.4418557105776526
6758,2.812992172562201,2.3565716621818433,0.4564205103803576
6759,2.854176957039851,2.4293697472087805,0.4248072098310707
6760,2.728452774578542,2.277331430668036,0.45112134391050596
6761,2.837987401831965,2.376177321529622,0.4618100803023433
6762,2.7469833714949012,2.2750379979222832,0.471945373572618
6763,2.742216093597643,2.287103852227823,0.45511224136981987
6764,2.881833937908348,2.407419695218071,0.4744142426902771
6765,2.6984384005717934,2.2290209322286727,0.4694174683431207
6766,2.827808914485531,2.3529004496872914,0.47490846479823956
6767,2.8208561719014305,2.3506772839888193,0.4701788879126112
6768,2.769903317316584,2.3005872717082405,0.4693160456083434
6769,2.8320498559946445,2.373605291809286,0.4584445641853585
6770,2.845773893814246,2.378253368606218,0.4675205252080281
6771,2.9091128939681603,2.457669346608289,0.45144354735987147
6772,2.774862285845511,2.3174808593552148,0.45738142649029623
6773,2.895190615525292,2.421708664179508,0.47348195134578397
6774,2.760077339936951,2.3013169527749846,0.4587603871619663
6775,2.8184556217651484,2.360982119181992,0.4574735025831562
6776,2.68919468168198,2.2433727965428263,0.44582188513915355
6777,2.878762504792357,2.442918390495838,0.4358441142965188
6778,2.7717911483413675,2.3077512504735234,0.46403989786784416
6779,2.9163475792715507,2.4421924828518984,0.47415509641965237
6780,2.667127583810203,2.191112745200901,0.47601483860930216
6781,2.8652903005223207,2.41128823573267,0.45400206478965055
6782,2.7000973771218746,2.236172340146498,0.4639250369753767
6783,2.8438124468938257,2.389019790936043,0.4547926559577826
6784,2.757697672070026,2.282708467539939,0.474989204530087
6785,2.801029297125741,2.336674542877401,0.46435475424833994
6786,2.80813465470055,2.3493655701972074,0.45876908450334275
6787,2.8308179451172872,2.354301340880904,0.4765166042363833
6788,2.9114928976882943,2.435125339333328,0.47636755835496647
6789,2.6650387189142433,2.204543514516648,0.46049520439759517
6790,2.8424387313679285,2.3716266693652437,0.4708120620026848
6791,2.9051699100501533,2.44756294961506,0.4576069604350934
6792,2.8550081275681336,2.4013908783946847,0.4536172491734489
6793,2.78977005970028,2.341923629952147,0.44784642974813327
6794,2.788070350239751,2.319240538390257,0.4688298118494938
6795,2.7347164004104583,2.2690701343875976,0.46564626602286063
6796,2.869033852259511,2.4142341978026933,0.4547996544568176
6797,2.8440679426232363,2.3677813885519656,0.47628655407127063
6798,2.805368884285075,2.348388550901509,0.4569803333835658
6799,2.8262173275455598,2.3538895919040606,0.4723277356414992
6800,2.788035163909851,2.337809671584257,0.4502254923255937
6801,2.9210451212177517,2.477042863840703,0.4440022573770488
6802,2.84432136772123,2.3825571490081536,0.46176421871307616
6803,2.7755107178883165,2.321229774315029,0.4542809435732873
6804,2.8951193808093407,2.462000442751788,0.43311893805755286
6805,2.7538689376375616,2.2933877649080165,0.46048117272954503
6806,2.7885061690493673,2.3035163983180853,0.484989770731282
6807,2.84740949308931,2.379948894957046,0.46746059813226415
6808,2.817088757435201,2.3383711882272067,0.47871756920799413
6809,2.8655067592320735,2.4044534290751858,0.46105333015688776
6810,2.838301657984155,2.3539522130490496,0.48434944493510557
6811,2.8186431065871234,2.340367449705853,0.4782756568812703
6812,2.80893382469012,2.351775190884615,0.4571586338055047
6813,2.910054187625549,2.460357206105497,0.4496969815200522
6814,2.8335337389603237,2.367662144418245,0.4658715945420786
6815,2.9065116072353043,2.4679273553664878,0.43858425186881655
6816,2.731733599262256,2.2543230310839344,0.4774105681783216
6817,2.8515838058305345,2.399485990306678,0.45209781552385664
6818,2.7826710356320032,2.319738307539124,0.4629327280928792
6819,2.9645139749248264,2.5127179864904075,0.4517959884344189
6820,2.7780477438520315,2.3106764378850597,0.46737130596697174
6821,2.802832976697919,2.340247773610901,0.4625852030870181
6822,2.7632279945451774,2.2789404981693235,0.4842874963758539
6823,2.8838751573715062,2.440770000125151,0.44310515724635513
6824,2.8706251482194234,2.37536221630558,0.4952629319138433
6825,2.8087134231099125,2.3570739240339056,0.45163949907600687
6826,2.7483575782368623,2.2943904118101806,0.4539671664266818
6827,2.8101304347871188,2.3449258137775026,0.4652046210096161
6828,2.808447961098204,2.3145967255000772,0.4938512355981266
6829,2.8589434356382895,2.3913171630341528,0.4676262726041367
6830,2.7940559913993304,2.3310023402009086,0.4630536511984218
6831,2.8780206318706143,2.4170996972296876,0.46092093464092665
6832,2.811401869047559,2.3574081767400696,0.4539936923074892
6833,2.8793440367985137,2.4470232639527194,0.4323207728457943
6834,2.8264601727245533,2.3530404421492133,0.47341973057534004
6835,2.8992357399584487,2.432745738619099,0.4664900013393498
6836,2.726379855936321,2.2473417967037173,0.4790380592326038
6837,2.7382604612177937,2.285814041437834,0.4524464197799598
6838,2.6971540654756385,2.2190376797268208,0.47811638574881776
6839,2.8495251548000127,2.3916007796400445,0.4579243751599682
6840,2.8435504453532325,2.376907970928381,0.4666424744248516
6841,2.7873233760789904,2.311702309152858,0.4756210669261325
6842,2.8016148142606956,2.347388671170935,0.4542261430897607
6843,2.850877689074924,2.3828791186984035,0.4679985703765204
6844,2.8194863168276987,2.346673867678885,0.4728124491488135
6845,2.730297645712262,2.247000981666779,0.4832966640454832
6846,2.8064703738498324,2.353367512453056,0.45310286139677647
6847,2.7654345245208733,2.3003775795197865,0.46505694500108685
6848,2.8044839774672323,2.3482643935078182,0.4562195839594141
6849,2.689001699170662,2.2241299492119735,0.4648717499586885
6850,2.767053087258758,2.286204508032043,0.4808485792267154
6851,2.80624999850841,2.36214885906274,0.44410113944567
6852,2.6458940742375785,2.209813787976217,0.4360802862613613
6853,2.8273472153938943,2.376457471083141,0.4508897443107531
6854,2.851208098392844,2.393005682621891,0.4582024157709528
6855,2.6840645228482862,2.2339791801620517,0.45008534268623457
6856,2.7301161616680907,2.264988486552902,0.4651276751151885
6857,2.87053245807151,2.3864051400229065,0.48412731804860343
6858,2.824843521702083,2.3542201127580813,0.47062340894400156
6859,2.7686155791188334,2.2989815958407833,0.46963398327805006
6860,2.7924207257816995,2.3591009474062243,0.4333197783754752
6861,2.803649142408412,2.326675435599191,0.4769737068092206
6862,2.8619678233354255,2.3957917725423314,0.4661760507930941
6863,2.8377239766176965,2.3768760180950412,0.46084795852265525
6864,2.8823858784519456,2.4359541439618853,0.44643173449006035
6865,2.7925270877796886,2.3224908456478444,0.47003624213184425
6866,2.7880215627399436,2.35095465691962,0.4370669058203238
6867,2.920426420561945,2.4594582028858616,0.4609682176760832
6868,2.8495410258346188,2.3912615515658184,0.45827947426880034
6869,2.7400992232212715,2.2832168247059297,0.45688239851534185
6870,2.8497658371059282,2.381466075196113,0.46829976190981526
6871,2.853507120515734,2.380328679837417,0.4731784406783168
6872,2.687430382116251,2.216129658015356,0.4713007241008951
6873,2.7743000432030374,2.3116838385787863,0.462616204624251
6874,2.841097655271156,2.3661875589119403,0.47491009635921566
6875,2.749410352118718,2.2811371945033874,0.4682731576153305
6876,2.9054497828388515,2.4466264079537683,0.4588233748850832
6877,2.81111725023334,2.346859880863232,0.4642573693701082
6878,2.825925743469492,2.3715510887211924,0.45437465474829963
6879,2.846267539306681,2.360351755182038,0.4859157841246433
6880,2.86986120329364,2.398527549458286,0.47133365383535386
6881,2.8325562521347134,2.3687855449521913,0.4637707071825221
6882,2.6387910397468177,2.189133323260955,0.44965771648586284
6883,2.801629374339169,2.3176074995151925,0.48402187482397663
6884,2.801089907085064,2.3319653005280268,0.46912460655703736
6885,2.72884786237615,2.25116365906003,0.47768420331611994
6886,2.7205542828312597,2.261610637984444,0.4589436448468156
6887,2.791461294277334,2.3227252920938595,0.46873600218347455
6888,2.8343917370581444,2.3457902224421687,0.4886015146159757
6889,2.8030166863633217,2.3407044642046975,0.4623122221586242
6890,2.8492281397105104,2.3844429023200946,0.4647852373904158
6891,2.806883371089423,2.337818274055798,0.4690650970336252
6892,2.7930255078680406,2.340152903850487,0.45287260401755347
6893,2.8436548868222693,2.421847845123102,0.4218070416991675
6894,2.7966256940032115,2.349505138861553,0.4471205551416584
6895,2.723140559825381,2.251077136728409,0.472063423096972
6896,2.776655946173198,2.311114265784025,0.465541680389173
6897,2.798374246415314,2.326112761941051,0.47226148447426297
6898,2.7920909458196417,2.3370524663098995,0.4550384795097422
6899,2.7137449168000694,2.24751908309963,0.46622583370043946
6900,2.920028060123395,2.4885111982660253,0.4315168618573697
6901,2.671258286231617,2.2239177146132403,0.4473405716183767
6902,2.7979184427407775,2.3588735896064077,0.4390448531343698
6903,2.8461180015879095,2.3707028047754055,0.475415196812504
6904,2.9001784543184206,2.446816686086078,0.45336176823234275
6905,2.7606236092906737,2.3060588041276704,0.45456480516300335
6906,2.796951237873361,2.332209265377503,0.46474197249585814
6907,2.7279337790581244,2.2570570101140155,0.4708767689441089
6908,2.817960669532411,2.364621658488202,0.45333901104420926
6909,2.8814918456034175,2.412608108026466,0.46888373757695145
6910,2.8738852727930304,2.405434116076857,0.4684511567161733
6911,2.8324110631786037,2.372603900353354,0.4598071628252498
6912,2.805335387258054,2.3613932998894844,0.44394208736856955
6913,2.7036520912735136,2.2308644781976033,0.47278761307591033
6914,2.884986552893708,2.4196029667118313,0.4653835861818769
6915,2.881574858068008,2.4176785717701192,0.4638962862978886
6916,2.849739916491156,2.3897922793081734,0.4599476371829825
6917,2.859348829119278,2.4064313999119165,0.45291742920736144
6918,2.8674138980235933,2.39611769338602,0.47129620463757327
6919,2.8736552787143146,2.3876980194929915,0.48595725922132305
6920,2.770558151921269,2.3248959520762087,0.4456621998450605
6921,2.68555860951794,2.2201963283265047,0.4653622811914353
6922,2.8765634512031126,2.428063166109661,0.44850028509345163
6923,2.8242860563023466,2.365533559387111,0.4587524969152357
6924,2.8021142825262046,2.328262150259712,0.4738521322664928
6925,2.7349861117562297,2.261579969706116,0.47340614205011367
6926,2.770638522114316,2.3046515449070606,0.46598697720725557
6927,2.7602858324291537,2.309984173699517,0.4503016587296367
6928,2.771937307388138,2.308413136528509,0.4635241708596287
6929,2.8085630271789697,2.3533019673045064,0.4552610598744633
6930,2.703912075790176,2.2384591314935456,0.4654529442966302
6931,2.839420096272814,2.372600022997004,0.4668200732758101
6932,2.7766603236020315,2.316875039961574,0.45978528364045745
6933,2.7681247113752616,2.2955976261646485,0.47252708521061315
6934,2.848612519487397,2.411093493702064,0.43751902578533297
6935,2.758458322393613,2.31774514781405,0.4407131745795634
6936,2.8866860724940016,2.4611595362167256,0.425526536277276
6937,2.8311698500066593,2.3669172334191364,0.4642526165875229
6938,2.771409156549602,2.2987989778395876,0.4726101787100143
6939,2.8267695470930816,2.36340810846708,0.46336143862600165
6940,2.8235072241391848,2.35889575032206,0.46461147381712475
6941,2.6947437924240156,2.2108700036971762,0.4838737887268394
6942,2.8718664425519056,2.3973529048024447,0.4745135377494609
6943,2.9053490041381287,2.448518351363886,0.45683065277424273
6944,2.8331994735044286,2.3863314083212197,0.4468680651832089
6945,2.7517421575435637,2.281381011547385,0.47036114599617873
6946,2.6793683507254213,2.2150383925859525,0.46432995813946887
6947,2.7345810659678347,2.2937580325718225,0.44082303339601214
6948,2.8339132181204327,2.3918201896032683,0.4420930285171645
6949,2.929773454667302,2.464934819709548,0.4648386349577538
6950,2.7946899439835904,2.3295965081155825,0.4650934358680079
6951,2.7956278133484624,2.35044250413744,0.4451853092110225
6952,2.858489806628111,2.3834292638445618,0.47506054278354926
6953,2.8377614519496466,2.3968363146729463,0.44092513727670024
6954,2.778189255935579,2.3171252775695503,0.46106397836602886
6955,2.7253727495315814,2.2578249335154323,0.46754781601614903
6956,2.707553351683041,2.251948267491002,0.45560508419203893
6957,2.8956929360419945,2.4207623451503015,0.474930590891693
6958,2.750657390858464,2.2996464555139493,0.45101093534451486
6959,2.857169742438868,2.392593218050666,0.46457652438820185
6960,2.771389175424732,2.2998257675219778,0.4715634079027544
6961,2.8264376076120206,2.3595378267826046,0.46689978082941597
6962,2.7632446138603197,2.288934548389287,0.4743100654710326
6963,2.8279591539442133,2.368989225686079,0.4589699282581341
6964,2.8567015010160155,2.397261005375685,0.4594404956403304
6965,2.84592332590644,2.360237775312742,0.4856855505936979
6966,2.8276094221376615,2.3756136871310263,0.45199573500663526
6967,2.8442939949525408,2.364715518043023,0.4795784769095177
6968,2.8663679081885616,2.39865763898078,0.4677102692077817
6969,2.9216483972659835,2.4403988919145503,0.4812495053514332
6970,2.7998073379385677,2.3310091357685603,0.46879820217000745
6971,2.730455485098422,2.2672260332333205,0.46322945186510145
6972,2.7525074107621093,2.275011596097041,0.4774958146650681
6973,2.7782576855122736,2.29743744586646,0.48082023964581344
6974,2.8995986329305623,2.4702947987711306,0.42930383415943174
6975,2.824527721960691,2.3652677955842467,0.4592599263764443
6976,2.739594898064792,2.2556819682727935,0.4839129297919986
6977,2.7709634585438345,2.292986326452952,0.47797713209088233
6978,2.8692134269979968,2.4098602621431575,0.45935316485483924
6979,2.754873194526775,2.2959625267301487,0.45891066779662637
6980,2.8068724033215946,2.334687997828152,0.47218440549344276
6981,2.8770694003257478,2.4356447659815235,0.4414246343442243
6982,2.866560221923605,2.41922014109313,0.44734008083047483
6983,2.8057282069255103,2.33542696122996,0.4703012456955502
6984,2.7466800755619527,2.3038662516298083,0.4428138239321444
6985,2.80545178106809,2.334635287862254,0.47081649320583585
6986,2.9059528581410947,2.515044953894041,0.3909079042470536
6987,2.7944386492211684,2.334404745196346,0.46003390402482225
6988,2.839828730894775,2.385928150109429,0.453900580785346
6989,2.778764582420296,2.321407452953122,0.4573571294671739
6990,2.8626232015544346,2.3814283419879327,0.4811948595665019
6991,2.734533935143705,2.274546118767782,0.45998781637592323
6992,2.798668805967543,2.33687133576717,0.4617974702003731
6993,2.7908796732206667,2.324244289678073,0.4666353835425938
6994,2.807422210944806,2.353637430120262,0.4537847808245439
6995,2.8677051875460644,2.409490437307818,0.45821475023824654
6996,2.8276419996182285,2.3575691053426002,0.47007289427562826
6997,2.817532330724752,2.3575551740734677,0.45997715665128425
6998,2.6795721343037595,2.2150396239254584,0.4645325103783011
6999,2.808351702742758,2.355466012521771,0.4528856902209868
7000,2.9248934046557893,2.4894812974253377,0.43541210723045154
7001,2.7647127410999888,2.3043455295251722,0.4603672115748165
7002,2.6348532220189544,2.1713889105266055,0.4634643114923489
7003,2.7736265648950664,2.329548040452671,0.4440785244423955
7004,2.7496383503945476,2.2892623865386756,0.460375963855872
7005,2.8278942897883805,2.366668971277734,0.4612253185106465
7006,2.7805721168418183,2.3304083436926257,0.45016377314919254
7007,2.7533033364821073,2.271318978039825,0.48198435844228227
7008,2.8384507045241087,2.4070481092285814,0.4314025952955274
7009,2.820233839667638,2.3845111348592956,0.4357227048083425
7010,2.7804250592187802,2.35115335961283,0.42927169960595046
7011,2.808236994937459,2.3371264474074995,0.4711105475299595
7012,2.793127674923565,2.332083124331416,0.461044550592149
7013,2.859715443568565,2.387524552302329,0.4721908912662358
7014,2.8026033527035707,2.346988672690544,0.45561468001302696
7015,2.721776470184152,2.2780171183190507,0.44375935186510107
7016,2.808783028447348,2.349743766169492,0.4590392622778561
7017,2.9156693773866817,2.4812482339539135,0.4344211434327683
7018,2.774091141435147,2.3086728320671104,0.46541830936803663
7019,2.711572623983856,2.238298828735842,0.47327379524801394
7020,2.7621642701765294,2.3331208130057575,0.42904345717077197
7021,2.8396248422041594,2.4081676718746667,0.4314571703294927
7022,2.832905383955315,2.348898490041925,0.4840068939133899
7023,2.793490817062021,2.3132765010133727,0.4802143160486483
7024,2.852990743882743,2.4132721346471837,0.4397186092355594
7025,2.7907996641358648,2.3177237710322944,0.47307589310357034
7026,2.754632563242781,2.309041557670563,0.44559100557221765
7027,2.9058608482860318,2.4467842410538942,0.4590766072321375
7028,2.7972029852401077,2.3178209931185085,0.47938199212159915
7029,2.8959362069787247,2.4558924460925162,0.44004376088620845
7030,2.7431561051424023,2.2910490514160022,0.45210705372640003
7031,2.7819667143613653,2.3198161394219805,0.46215057493938483
7032,2.857416646394711,2.3687452013386876,0.4886714450560232
7033,2.915649661899404,2.469377196499624,0.44627246539978005
7034,2.7144897338649208,2.2259038674871467,0.488585866377774
7035,2.7242395584871084,2.25269787299625,0.4715416854908585
7036,2.8436666576333556,2.3822921849033643,0.4613744727299913
7037,2.6956841350466,2.210126236337132,0.4855578987094682
7038,2.722442809129704,2.259538387915459,0.46290442121424524
7039,2.7144346323565816,2.242644042898142,0.47179058945843977
7040,2.750643630166444,2.27790926524124,0.47273436492520426
7041,2.808763593094106,2.399385016006575,0.40937857708753134
7042,2.695871210133247,2.241175373410293,0.4546958367229541
7043,2.8591140904344776,2.418626397421081,0.4404876930133965
7044,2.8215931123572244,2.3535009401578573,0.46809217219936716
7045,2.71812231513841,2.241420117190643,0.476702197947767
7046,2.7347436288701825,2.2642785085827195,0.470465120287463
7047,2.80528577232076,2.373072617449347,0.432213154871413
7048,2.7593699098761273,2.283910268320753,0.47545964155537446
7049,2.6779423655415346,2.2039356371150642,0.4740067284264704
7050,2.7342489081582784,2.2599204051356683,0.4743285030226101
7051,2.7141644961351035,2.2394294919315794,0.4747350042035241
7052,2.721689951939743,2.273867485886138,0.447822466053605
7053,2.739387876955571,2.282787564024159,0.45660031293141223
7054,2.8496857255643206,2.3983130414660687,0.45137268409825193
7055,2.8936198319846618,2.452934626412768,0.44068520557189395
7056,2.7859230839427926,2.310438409994363,0.47548467394842975
7057,2.754684580843477,2.2869218863655196,0.4677626944779574
7058,2.7534157039782063,2.3210468469236125,0.4323688570545938
7059,2.718768873285372,2.242776453046362,0.47599242023901
7060,2.6822306698440626,2.2396168440735975,0.44261382577046504
7061,2.7771868662326478,2.3147163220867677,0.46247054414588007
7062,2.8016002501153254,2.325861650952584,0.4757385991627414
7063,2.8254455675408687,2.3814411543601253,0.44400441318074346
7064,2.835360786196248,2.3692035246937397,0.46615726150250847
7065,2.8475939106841324,2.3856929915657163,0.461900919118416
7066,2.810400463244306,2.3475695645772623,0.46283089866704374
7067,2.8045955314095035,2.338559833223132,0.4660356981863716
7068,2.8586191898208306,2.3987338587299427,0.4598853310908879
7069,2.7381295072975758,2.3026922005873134,0.4354373067102624
7070,2.749055601829531,2.275194126444342,0.47386147538518886
7071,2.728802133875415,2.2540131874950915,0.47478894638032365
7072,2.749140208323353,2.309569583984701,0.4395706243386521
7073,2.788760175745981,2.3253327013760643,0.4634274743699165
7074,2.7520035276018877,2.2719497553782064,0.4800537722236813
7075,2.8160516335720045,2.3516488418133887,0.46440279175861576
7076,2.749890346722243,2.2815287875527797,0.4683615591694634
7077,2.8643798974414056,2.4200922866999868,0.44428761074141887
7078,2.8550293697068074,2.3842868750928052,0.4707424946140022
7079,2.8078360280510006,2.342092427036803,0.46574360101419776
7080,2.8109711202972005,2.345490098969683,0.46548102132751756
7081,2.828620036614666,2.36109515577159,0.46752488084307586
7082,2.7130668974765526,2.2563536571295506,0.456713240347002
7083,2.877351447814682,2.4217663481206535,0.4555850996940287
7084,2.7231348948919822,2.2603380426163313,0.4627968522756509
7085,2.83130037147163,2.3740667720380633,0.4572335994335668
7086,2.686894774648679,2.221568062742245,0.46532671190643393
7087,2.777146476637234,2.306395780726393,0.47075069591084073
7088,2.7812587007133596,2.3227078391079403,0.45855086160541925
7089,2.8521607836841203,2.3853847305807236,0.46677605310339665
7090,2.767735499553181,2.2892833821912393,0.4784521173619418
7091,2.6895370217919607,2.2266637720315905,0.46287324976037025
7092,2.804876305763269,2.3555117811624795,0.44936452460078957
7093,2.792784599531038,2.333054207745558,0.45973039178548003
7094,2.8133517320721366,2.3485587052505617,0.464793026821575
7095,2.8574390741648745,2.3694195587789877,0.48801951538588684
7096,2.934534905850762,2.4872326716912636,0.44730223415949855
7097,2.8171930267942127,2.3559761815781926,0.46121684521602013
7098,2.6883384948469775,2.216194339713743,0.4721441551332344
7099,2.7891866621116823,2.3126576118483593,0.47652905026332304
7100,2.7185774585321716,2.265560071983158,0.4530173865490137
7101,2.8199476660376326,2.345298152532724,0.4746495135049087
7102,2.7951977808893536,2.323988925816712,0.47120885507264143
7103,2.8891801101274712,2.4515481620028705,0.4376319481246007
7104,2.8802314235191377,2.4046554932182143,0.4755759303009235
7105,2.7946381366761215,2.338242862761897,0.4563952739142243
7106,2.855423191600877,2.3920927383665767,0.46333045323430033
7107,2.733185343807112,2.2763006761086655,0.4568846676984464
7108,2.7931493410333395,2.319633083101988,0.47351625793135144
7109,2.6880992264574344,2.206284539654663,0.4818146868027715
7110,2.7892447518996226,2.350330507353259,0.43891424454636363
7111,2.8396021786990677,2.3686726634343795,0.4709295152646882
7112,2.8123775561852837,2.35673150009787,0.4556460560874136
7113,2.840442348306604,2.407596178651264,0.43284616965534006
7114,2.8010094254676203,2.344684675341077,0.4563247501265435
7115,2.8326616576344956,2.3745455497967383,0.45811610783775736
7116,2.8390795681204626,2.3864027588202004,0.4526768093002622
7117,2.812333945991649,2.363019354623018,0.44931459136863117
7118,2.7626728481197014,2.3015587288653343,0.46111411925436707
7119,2.7980891375653565,2.3580585916252317,0.4400305459401248
7120,2.7690306988288875,2.308943589443257,0.46008710938563047
7121,2.7680394595539775,2.3037833373001013,0.46425612225387614
7122,2.862983876468479,2.4119891453716207,0.4509947310968583
7123,2.8759853995586107,2.430497943974621,0.4454874555839896
7124,2.8036316608487035,2.361192183293597,0.4424394775551064
7125,2.803539472108987,2.3158417017303394,0.48769777037864737
7126,2.8369163676786444,2.383107057274108,0.4538093104045364
7127,2.8857360881374565,2.4525336890704286,0.43320239906702795
7128,2.7440907313329794,2.278822638547014,0.4652680927859656
7129,2.680513431777249,2.212178006162238,0.46833542561501096
7130,2.850883802154512,2.407145203222292,0.44373859893222
7131,2.7409143028738865,2.2793245140153466,0.46158978885853985
7132,2.779791290759489,2.3282571598893216,0.45153413087016725
7133,2.935117531119364,2.481287216473455,0.45383031464590884
7134,2.840399436094011,2.389099063100591,0.45130037299341996
7135,2.866793769106083,2.409555456802465,0.45723831230361833
7136,2.7273454298451547,2.2765296173276246,0.4508158125175301
7137,2.868685194840414,2.409469903760927,0.4592152910794871
7138,2.7905410017751624,2.331553700956198,0.45898730081896444
7139,2.864881583337258,2.427719303750577,0.4371622795866812
7140,2.7721458075974827,2.3074240423505734,0.46472176524690934
7141,2.7920974116664756,2.330451531882683,0.4616458797837928
7142,2.8598540568849975,2.416342287344892,0.4435117695401054
7143,2.8093151619516075,2.354882124854201,0.45443303709740634
7144,2.8891910169041393,2.4207584911837503,0.46843252572038896
7145,2.8544964403915847,2.3837024959313418,0.4707939444602429
7146,2.792302180341149,2.337632018157104,0.454670162184045
7147,2.7390445043824228,2.2683300478966446,0.47071445648577814
7148,2.727148451691658,2.26362907902807,0.4635193726635878
7149,2.8662649990253053,2.3963429468523363,0.469922052172969
7150,2.732947131009804,2.2586809800939163,0.47426615091588786
7151,2.7608043756118033,2.3005804282750124,0.46022394733679084
7152,2.6587590427418215,2.1989552090267397,0.4598038337150818
7153,2.7779191473730434,2.303807575647039,0.4741115717260045
7154,2.924495896562589,2.4377834867567216,0.4867124098058673
7155,2.7784384891497336,2.3303582756698136,0.44808021347992
7156,2.779803271117258,2.307093454085398,0.47270981703186
7157,2.7406962815446945,2.2770705622957137,0.46362571924898077
7158,2.816093193983036,2.351271355559631,0.46482183842340463
7159,2.8230269293681474,2.361051880899811,0.46197504846833626
7160,2.7977138184552905,2.3190329879738507,0.47868083048143983
7161,2.9237938193845445,2.4564167173638602,0.4673771020206843
7162,2.7181112920712027,2.2683280737046845,0.44978321836651824
7163,2.8302940784379027,2.3772193189172945,0.45307475952060816
7164,2.8167374176500655,2.354485510087527,0.46225190756253864
7165,2.8237780765041878,2.3712423923155765,0.45253568418861123
7166,2.7714909843440307,2.3330526235657603,0.4384383607782705
7167,2.8737176363180903,2.4234147067146106,0.45030292960347973
7168,2.81971050772931,2.347605909131881,0.4721045985974288
7169,2.722637244422198,2.236696029860093,0.48594121456210493
7170,2.8014910605668595,2.340960248990105,0.4605308115767546
7171,2.8072163992366446,2.3532669037148475,0.4539494955217971
7172,2.7515915195070693,2.3018238583723645,0.4497676611347048
7173,2.8423286691739027,2.3658687975147417,0.47645987165916104
7174,2.7589282470991483,2.299089464960476,0.45983878213867246
7175,2.7744589440522724,2.30829594720925,0.46616299684302254
7176,2.8094995492263553,2.3446323903465576,0.4648671588797977
7177,2.884362234821012,2.4261233843209107,0.45823885050010116
7178,2.818784978238701,2.343393113195774,0.4753918650429272
7179,2.8184251149534987,2.3412030799033903,0.4772220350501084
7180,2.8029811974476386,2.328820542175189,0.47416065527244955
7181,2.7058300111889224,2.2311081939803517,0.47472181720857076
7182,2.7327230262840234,2.278446390406484,0.45427663587753964
7183,2.7545629871323163,2.267871268202385,0.4866917189299311
7184,2.889265959470544,2.4275348893002073,0.46173107017033654
7185,2.833496444676014,2.365230920835123,0.4682655238408908
7186,2.7483588983349665,2.2690673962438432,0.47929150209112326
7187,2.768694094208727,2.297066607638812,0.4716274865699148
7188,2.784918888001734,2.3066753680184124,0.4782435199833217
7189,2.860147523272181,2.3883356328462164,0.4718118904259647
7190,2.780417034018812,2.3043912044456962,0.4760258295731159
7191,2.7799054917995547,2.306971609676501,0.47293388212305354
7192,2.7590909756602557,2.3026556256234296,0.4564353500368261
7193,2.8833475375312325,2.4333149065232593,0.4500326310079732
7194,2.879967506618326,2.439303144328294,0.44066436229003214
7195,2.8569115393210196,2.3801875442185727,0.4767239951024469
7196,2.774852548913778,2.314096575046047,0.46075597386773115
7197,2.874758776242863,2.419412442262772,0.4553463339800907
7198,2.6812438024954566,2.2307168404709885,0.45052696202446807
7199,2.783540410477864,2.335390058125388,0.44815035235247613
7200,2.8217640509726385,2.3933212212971235,0.42844282967551495
7201,2.7520409574327696,2.287951755621689,0.4640892018110807
7202,2.785937498996164,2.3435910242152955,0.4423464747808685
7203,2.824899786883581,2.3642768103201677,0.4606229765634131
7204,2.807988955129495,2.3339001233950047,0.47408883173449023
7205,2.763794336313143,2.282864371105514,0.4809299652076291
7206,2.8186083142975082,2.3580972396882753,0.4605110746092329
7207,2.84365875606656,2.387472316032259,0.4561864400343012
7208,2.823539055483868,2.348616741333594,0.4749223141502741
7209,2.798468237659403,2.33074908423901,0.46771915342039305
7210,2.894905713629053,2.4004607220861525,0.49444499154290034
7211,2.8147603973064954,2.3401388220374812,0.47462157526901416
7212,2.964033766010622,2.516692033411059,0.447341732599563
7213,2.80768182398345,2.34349031477398,0.46419150920947017
7214,2.6933538325535147,2.223754393211373,0.4695994393421419
7215,2.81858329390967,2.3304063987805654,0.4881768951291048
7216,2.862118178036012,2.3855284904317564,0.47658968760425546
7217,2.797009633775196,2.3453999966323575,0.4516096371428384
7218,2.825662768362972,2.3719930366606374,0.4536697317023344
7219,2.7379816333075047,2.277444458891485,0.4605371744160198
7220,2.835481095235394,2.367798109419263,0.4676829858161309
7221,2.8832056390585827,2.422345957847519,0.4608596812110637
7222,2.7607362285226107,2.3029122457002362,0.45782398282237446
7223,2.785932125579032,2.315483769391987,0.47044835618704495
7224,2.8293328106410764,2.3851800123868894,0.4441527982541871
7225,2.826083979773699,2.3547828333064036,0.4713011464672956
7226,2.7769684381553787,2.313376472078313,0.46359196607706554
7227,2.8633078482803622,2.400320741088016,0.46298710719234615
7228,2.7940766757269495,2.3601536350337575,0.433923040693192
7229,2.8848208046693853,2.44449375290445,0.44032705176493536
7230,2.7541782592223156,2.321008353255153,0.43316990596716254
7231,2.735927924217499,2.256850031177405,0.47907789304009407
7232,2.7982440248175195,2.3229835464140107,0.4752604784035088
7233,2.8036425691211453,2.327062763001681,0.47657980611946416
7234,2.812495460434067,2.3529997735726864,0.45949568686138065
7235,2.790103613979752,2.327499425757834,0.4626041882219183
7236,2.7134211321365647,2.2399261352738953,0.4734949968626694
7237,2.7375856448386435,2.2715042614769003,0.4660813833617432
7238,2.8595097510726215,2.429512403386691,0.42999734768593045
7239,2.8392756910842194,2.387877730122717,0.4513979609615024
7240,2.8090228815719827,2.354187478939703,0.4548354026322796
7241,2.8214828219129644,2.3639117752815446,0.4575710466314198
7242,2.832380538813775,2.347636085415459,0.48474445339831584
7243,2.837341507151276,2.361335937635912,0.476005569515364
7244,2.8408848990654607,2.3768301358978037,0.46405476316765704
7245,2.7052044936558253,2.2416816070520538,0.4635228866037715
7246,2.777875139223364,2.3237743970808724,0.4541007421424914
7247,2.825409845149227,2.345834269764045,0.47957557538518225
7248,2.914670084134439,2.5131600089140522,0.40151007522038684
7249,2.7167940778657864,2.2393725270611915,0.4774215508045949
7250,2.7477000314270703,2.2893519614624154,0.45834806996465494
7251,2.626383213044686,2.156077565204447,0.470305647840239
7252,2.916815069979905,2.467427812813194,0.44938725716671124
7253,2.901445828376997,2.4225784963247317,0.4788673320522654
7254,2.7635600980835946,2.2917868057091186,0.47177329237447596
7255,2.842410554256738,2.3771243636012254,0.4652861906555126
7256,2.8582738498203906,2.3899415695167088,0.4683322803036818
7257,2.788955419800216,2.3220629766279623,0.46689244317225365
7258,2.751997359108121,2.2687461760587024,0.4832511830494184
7259,2.7234066040812275,2.2598430016465705,0.463563602434657
7260,2.803309724797989,2.356332395396159,0.44697732940182977
7261,2.850421587432788,2.415739444651713,0.434682142781075
7262,2.760559878931812,2.2968159870247127,0.4637438919070993
7263,2.792945302867003,2.3343111686666393,0.4586341342003637
7264,2.7857917998620443,2.305902180978441,0.4798896188836035
7265,2.824978125526348,2.352800483257035,0.47217764226931314
7266,2.945544387750049,2.5153010892604937,0.4302432984895552
7267,2.861104268823963,2.3932152040095027,0.46788906481446046
7268,2.7780018773983386,2.3221435544239557,0.4558583229743829
7269,2.8458888005414673,2.384282889668041,0.4616059108734265
7270,2.8621503778797783,2.38268928035301,0.47946109752676813
7271,2.821449221760505,2.344188330197548,0.47726089156295703
7272,2.812883343928604,2.3661377659919913,0.44674557793661274
7273,2.699611566013341,2.2325809698145562,0.46703059619878484
7274,2.6297171514622195,2.1617466954221647,0.4679704560400548
7275,2.852840952692137,2.375252585644958,0.4775883670471792
7276,2.7489395228063453,2.2867026041746445,0.4622369186317008
7277,2.886757003740332,2.444371390401547,0.4423856133387849
7278,2.7156076532858866,2.252275517489978,0.4633321357959086
7279,2.7424172016269464,2.291351701274027,0.45106550035291937
7280,2.8336268859038567,2.37915912454446,0.4544677613593966
7281,2.7901030694438194,2.304843483292102,0.4852595861517175
7282,2.8794771156332484,2.4015183070155,0.4779588086177484
7283,2.784722942788472,2.3297627899957236,0.4549601527927485
7284,2.750112480898205,2.2906643755870024,0.4594481053112025
7285,2.8170852492111895,2.3424477005766113,0.4746375486345782
7286,2.7405681552573697,2.277289229889249,0.46327892536812065
7287,2.8032785228212225,2.3515219028550676,0.4517566199661549
7288,2.751343660142311,2.3003749863014247,0.45096867384088624
7289,2.7495090670990168,2.281363310678171,0.46814575642084577
7290,2.7975740394142004,2.3401065422135465,0.4574674972006538
7291,2.7828428799963367,2.314382905467491,0.4684599745288458
7292,2.7776030106583716,2.3299305291569294,0.4476724815014421
7293,2.7979353972959315,2.3292702321105088,0.4686651651854228
7294,2.739330913554422,2.264574357108015,0.47475655644640735
7295,2.792777740405082,2.3399531155388815,0.4528246248662007
7296,2.748158047173898,2.2651873111358283,0.48297073603806995
7297,2.604857479159134,2.142526930085859,0.462330549073275
7298,2.943079017588819,2.491900683031636,0.4511783345571829
7299,2.7955493379606136,2.3217438031103517,0.4738055348502619
7300,2.8024620198127477,2.341204225193934,0.46125779461881367
7301,2.8411213691523645,2.379607848328307,0.4615135208240573
7302,2.8880420847043684,2.440144399517922,0.44789768518644646
7303,2.7636107071833904,2.284739643894243,0.4788710632891475
7304,2.709607466498974,2.255557747254517,0.45404971924445725
7305,2.710994040246528,2.2454484451996386,0.4655455950468892
7306,2.6697474885751133,2.2162403709954708,0.45350711757964257
7307,2.8033545655953755,2.335971913447781,0.46738265214759434
7308,2.7889696701671363,2.3452290127418087,0.44374065742532753
7309,2.823600303403602,2.3579271578863756,0.4656731455172265
7310,2.838392495309175,2.3770408850226508,0.46135161028652405
7311,2.9126368041164366,2.4688325750971676,0.44380422901926897
7312,2.739291170213453,2.2582337590900114,0.48105741112344136
7313,2.834841661484821,2.37146215844565,0.46337950303917097
7314,2.7351241869959426,2.277516986222564,0.4576072007733787
7315,2.761004956023105,2.322526581135582,0.4384783748875227
7316,2.838108110022189,2.3613999036532447,0.4767082063689445
7317,2.8096140338160867,2.3303669393287763,0.4792470944873104
7318,2.8903221581142335,2.414901750279622,0.4754204078346116
7319,2.803451280207188,2.330317856929861,0.4731334232773272
7320,2.7617552498146845,2.3035307566242187,0.45822449319046576
7321,2.7671846198796395,2.2817236273775374,0.48546099250210206
7322,2.870889748845374,2.441447853814897,0.429441895030477
7323,2.908689401485212,2.460970322602951,0.4477190788822609
7324,2.845936537976786,2.380004376279349,0.4659321616974368
7325,2.8736000550452845,2.435664504039277,0.43793555100600745
7326,2.8549074626901594,2.3938269865315673,0.46108047615859205
7327,2.834788213507025,2.3636629789697174,0.4711252345373076
7328,2.7397152611812756,2.2791951764284955,0.46052008475278017
7329,2.729168580044165,2.3172003380560615,0.41196824198810367
7330,2.8500728887084676,2.3734215371257026,0.47665135158276506
7331,2.807945714500908,2.353071202212173,0.45487451228873477
7332,2.8837690377438205,2.4368617110385538,0.4469073267052668
7333,2.875106699890408,2.442913538464324,0.4321931614260839
7334,2.724796581590232,2.2490590464144145,0.4757375351758175
7335,2.866625272175098,2.422470406676936,0.4441548654981622
7336,2.7789982077609445,2.3220758683562495,0.45692233940469507
7337,2.7856636754608117,2.3085356621897617,0.47712801327105003
7338,2.826151407429761,2.3746833102366445,0.4514680971931164
7339,2.894069026713809,2.440940892316109,0.45312813439770006
7340,2.6884608666070076,2.2269298985865875,0.46153096802042004
7341,2.6882102461624737,2.2312234444768935,0.45698680168558026
7342,2.889147513015013,2.433838077534028,0.45530943548098524
7343,2.8460055155357233,2.3859784788707947,0.4600270366649286
7344,2.8404595944495123,2.3608716541163832,0.4795879403331291
7345,2.7248951085469475,2.2759951932026343,0.44889991534431317
7346,2.841178095963934,2.385383266444197,0.45579482951973693
7347,2.8528534198289663,2.40730699989649,0.4455464199324761
7348,2.753801930888227,2.284627567703373,0.46917436318485395
7349,2.733213978649339,2.2571425952428714,0.4760713834064676
7350,2.881398990322265,2.435291246712002,0.4461077436102632
7351,2.886524622357784,2.462006170276422,0.4245184520813621
7352,2.7688750447181842,2.299427427528916,0.4694476171892683
7353,2.7724938655374776,2.325326515669243,0.4471673498682347
7354,2.8501201023297313,2.4090286669446965,0.4410914353850348
7355,2.709940010427912,2.247669531165083,0.4622704792628287
7356,2.863853070045547,2.396305736185622,0.46754733385992475
7357,2.8440299294052265,2.3804832668411575,0.46354666256406896
7358,2.6843857310908352,2.1995657915929883,0.48481993949784696
7359,2.854346796653787,2.3906210283912963,0.4637257682624907
7360,2.878666022398845,2.424120593631501,0.45454542876734383
7361,2.7903759526215817,2.3234258665419314,0.4669500860796503
7362,2.7840663966418218,2.3211365612669286,0.4629298353748932
7363,2.6943734126069767,2.2194590805185244,0.47491433208845235
7364,2.7058491748880176,2.2281052694763845,0.47774390541163303
7365,2.748567330172642,2.2716112740790484,0.4769560560935937
7366,2.8748767846662866,2.4149499965484282,0.45992678811785837
7367,2.9154804202231883,2.4302754766083803,0.48520494361480804
7368,2.794036251579519,2.3530860595582515,0.44095019202126773
7369,2.801832316488079,2.3986224786183343,0.4032098378697446
7370,2.730958723016282,2.2665977214639694,0.46436100155231275
7371,2.887432537147064,2.4319527492356663,0.45547978791139787
7372,2.8958368928543874,2.4538624777595746,0.44197441509481283
7373,2.735385928889287,2.28949321419763,0.44589271469165714
7374,2.8165148199339227,2.3367063405847097,0.479808479349213
7375,2.8129786578280056,2.3620299006347856,0.45094875719322003
7376,2.7857850066841916,2.3201468808992085,0.4656381257849831
7377,2.794276885285651,2.3239942556537696,0.4702826296318814
7378,2.826390941072634,2.382649825081556,0.4437411159910778
7379,2.700879116545559,2.2160330393344974,0.48484607721106165
7380,2.7444577063896807,2.2675779926855704,0.4768797137041103
7381,2.7402818539941602,2.268895342445074,0.47138651154908606
7382,2.780471536468914,2.3112081623204057,0.4692633741485084
7383,2.7053565474551013,2.282098781160911,0.4232577662941903
7384,2.7911553716798623,2.3069741524514478,0.4841812192284145
7385,2.861561847479918,2.4049637863497173,0.4565980611302005
7386,2.75573469329146,2.2828969037870124,0.47283778950444777
7387,2.926111833123948,2.511544612955003,0.4145672201689452
7388,2.8320577807083924,2.3582567494873654,0.473801031221027
7389,2.790044610237285,2.3364410275263126,0.45360358271097256
7390,2.8685214330400073,2.40043387689392,0.4680875561460871
7391,2.784318559838364,2.3141749823713487,0.4701435774670153
7392,2.802283721701135,2.3482326159282203,0.45405110577291463
7393,2.80582916750197,2.3415297711896677,0.46429939631230255
7394,2.8448686235741647,2.3675654702680546,0.47730315330611006
7395,2.77626964589086,2.3053396929016317,0.47092995298922835
7396,2.8174525147298453,2.3462457709496616,0.4712067437801837
7397,2.868806577516137,2.4041285037796727,0.4646780737364642
7398,2.927078239052355,2.5016736325140525,0.4254046065383026
7399,2.7607779364357983,2.2874012031185815,0.47337673331721675
7400,2.8190036397707168,2.3555457184488757,0.46345792132184105
7401,2.827722582841961,2.3763371858133353,0.4513853970286257
7402,2.924394762738056,2.44514096630354,0.47925379643451604
7403,2.7795699372433305,2.318977303153151,0.4605926340901796
7404,2.6414479319212,2.180235884208967,0.461212047712233
7405,2.819619107872456,2.3661729819504305,0.4534461259220257
7406,2.7759152383003065,2.326878761713722,0.4490364765865844
7407,2.850459219701921,2.384481345633795,0.46597787406812596
7408,2.6499916201919977,2.174199223888006,0.4757923963039916
7409,2.7498564302991735,2.2715940152101783,0.47826241508899514
7410,2.801555763562094,2.3527292089460117,0.44882655461608234
7411,2.866904803060335,2.406691722146153,0.460213080914182
7412,2.714602705421555,2.239647202851916,0.47495550256963925
7413,2.832466736877602,2.3649192417937224,0.4675474950838798
7414,2.790802021477429,2.3418398747945144,0.44896214668291456
7415,2.8306906262002784,2.3699607321773373,0.4607298940229412
7416,2.851063947856268,2.375445652093814,0.47561829576245396
7417,2.768675471531588,2.3208641756628805,0.4478112958687075
7418,2.730278344458161,2.2526569723595435,0.4776213720986173
7419,2.930555645958252,2.499811175803518,0.4307444701547336
7420,2.8452020338106725,2.395038685596995,0.4501633482136773
7421,2.7938306000167348,2.3452762138421948,0.44855438617454
7422,2.7701760890714953,2.315814994971119,0.4543610941003764
7423,2.772812061496484,2.308942727658539,0.46386933383794515
7424,2.738226571603439,2.298913986343293,0.4393125852601458
7425,2.6631627897994252,2.1972259298762493,0.4659368599231759
7426,2.8589941717535194,2.3950812154009395,0.4639129563525799
7427,2.8193377863027322,2.359990953974819,0.4593468323279133
7428,2.801872311017112,2.322131932557183,0.4797403784599288
7429,2.8629358634026847,2.410239419988984,0.45269644341370086
7430,2.771683017779822,2.3133165744740554,0.4583664433057666
7431,2.7092740484117175,2.2296873914395627,0.47958665697215475
7432,2.7472384214362005,2.2865042116360472,0.4607342098001532
7433,2.7493455591354756,2.275097227377057,0.47424833175841874
7434,2.8430111126014443,2.3729000309988653,0.4701110816025791
7435,2.8329919690024803,2.363759206448712,0.46923276255376845
7436,2.830003848787514,2.375431868171965,0.45457198061554926
7437,2.77900931616988,2.3188861407061125,0.46012317546376735
7438,2.814792270936337,2.3483781607652734,0.4664141101710637
7439,2.8871327349133384,2.430414757667094,0.45671797724624463
7440,2.7818338831566756,2.30217802894846,0.47965585420821544
7441,2.788063390415649,2.3176601030228885,0.4704032873927604
7442,2.741425978280248,2.269832646831667,0.47159333144858095
7443,2.8268124283678864,2.347971800548171,0.47884062781971526
7444,2.856058573159943,2.381745518430091,0.4743130547298522
7445,2.7260836037539113,2.2839721873884096,0.4421114163655018
7446,2.874308945712454,2.3933497718629644,0.48095917384948983
7447,2.7890296380103146,2.334235962876408,0.45479367513390656
7448,2.758216172128864,2.2976447997212084,0.46057137240765567
7449,2.9040038614728743,2.450270942273236,0.4537329191996382
7450,2.8593752787862012,2.3963440748426157,0.46303120394358555
7451,2.8774319418492205,2.399586277054586,0.4778456647946343
7452,2.9102251457624666,2.474381617110209,0.43584352865225773
7453,2.824185941957473,2.3577451765793085,0.46644076537816437
7454,2.792390467883806,2.3286904110514195,0.4637000568323866
7455,2.945365685639573,2.5025455178031004,0.4428201678364725
7456,2.8170164690429242,2.3689418243148994,0.44807464472802483
7457,2.7656096115329616,2.2976062636391013,0.46800334789386033
7458,2.764277087178949,2.2881873213660855,0.47608976581286333
7459,2.8222460701230045,2.346412664755316,0.4758334053676885
7460,2.7558637859444333,2.2998673625124013,0.45599642343203195
7461,2.842636629066357,2.3908602265779657,0.45177640248839124
7462,2.766844120873143,2.280480659286287,0.4863634615868557
7463,2.7692206995089554,2.311872838215228,0.4573478612937274
7464,2.8207905448575117,2.3497178194081667,0.471072725449345
7465,2.7652543754564616,2.283673507987221,0.48158086746924056
7466,2.9093035536480087,2.4482009091942167,0.461102644453792
7467,2.8261654340520566,2.3630402940818205,0.4631251399702361
7468,2.8209315564691377,2.3517555786691386,0.4691759777999991
7469,2.8235373309947307,2.3952952395569405,0.42824209143779024
7470,2.934324263948377,2.5117054323134362,0.42261883163494085
7471,2.8586666407605947,2.3720606958135937,0.48660594494700105
7472,2.8062187363613877,2.351003025542968,0.4552157108184196
7473,2.653508462050951,2.1860660447853077,0.46744241726564306
7474,2.8202101386637377,2.3546536509133387,0.46555648775039904
7475,2.8063066429860597,2.3505909924764032,0.45571565050965646
7476,2.8389684422659722,2.3832123936674745,0.4557560485984977
7477,2.816939347941721,2.3577997429267983,0.45913960501492257
7478,2.784426523116275,2.3488600739280696,0.4355664491882054
7479,2.7478104583960907,2.2823754170787347,0.465435041317356
7480,2.869919877945356,2.392360877708607,0.4775590002367487
7481,2.8495002393752076,2.3884120504753006,0.461088188899907
7482,2.7528460716563474,2.296330362412117,0.45651570924423046
7483,2.863473747733685,2.4036932392623482,0.4597805084713369
7484,2.788497837048115,2.3613657107682906,0.4271321262798242
7485,2.8030600657395572,2.3137615585954827,0.4892985071440745
7486,2.779019723520962,2.306565142982298,0.4724545805386642
7487,2.7369431376702233,2.283365321222001,0.4535778164482225
7488,2.8369318131929293,2.3620758904692045,0.4748559227237248
7489,2.833110589944482,2.3771558223412925,0.45595476760318965
7490,2.7548201652122737,2.2775062372883834,0.47731392792389027
7491,2.822109796876494,2.3554707888570774,0.4666390080194165
7492,2.90296622041168,2.5104886453779494,0.3924775750337308
7493,2.9148521326598873,2.459576404580775,0.45527572807911243
7494,2.9336565617127794,2.4967555633863623,0.43690099832641716
7495,2.7260846955403806,2.2459174584766446,0.480167237063736
7496,2.8462497119808368,2.3789975214468075,0.4672521905340292
7497,2.8459882443303646,2.3988711207796745,0.4471171235506901
7498,2.7822460353723004,2.3199257819293266,0.4623202534429738
7499,2.6808220057276007,2.2006002483348306,0.48022175739277007
7500,2.8502372239126093,2.3761140257289286,0.47412319818368065
7501,2.833088996150591,2.3603885715542114,0.4727004245963795
7502,2.835852968532255,2.3788086839970655,0.4570442845351894
7503,2.763522903655491,2.284163298471998,0.47935960518349274
7504,2.8880517195653472,2.4392599581324865,0.4487917614328607
7505,2.831388626392985,2.373795659412447,0.45759296698053786
7506,2.845661759559994,2.3875548109327114,0.4581069486272824
7507,2.7670058748445547,2.318612007620644,0.4483938672239107
7508,2.809286331638458,2.3335634498259132,0.47572288181254496
7509,2.855013161498383,2.39348688559522,0.4615262759031631
7510,2.711808201691822,2.2661909153759248,0.44561728631589714
7511,2.808058900542669,2.3218635507945766,0.4861953497480922
7512,2.8189413261252,2.3627130315302383,0.4562282945949616
7513,2.804141711930471,2.3235324361703,0.480609275760171
7514,2.899696902160093,2.4585879980320886,0.4411089041280043
7515,2.7767048748801337,2.312588573486145,0.46411630139398863
7516,2.8884119187047728,2.4229687618832583,0.4654431568215145
7517,2.7294100660441396,2.256289546310737,0.47312051973340274
7518,2.940123934879896,2.453115402330265,0.48700853254963095
7519,2.824035942297518,2.3788219190443693,0.44521402325314874
7520,2.7881063189890045,2.3160473296679083,0.47205898932109625
7521,2.7582337447019065,2.295770310001539,0.4624634347003673
7522,2.6472273775826705,2.2019803537420177,0.44524702384065273
7523,2.744837271348312,2.2691051597203455,0.47573211162796625
7524,2.7958837872893185,2.3207420579631948,0.47514172932612375
7525,2.8058497048758784,2.3379121578891735,0.46793754698670487
7526,2.7589050177201067,2.2966032861263947,0.4623017315937119
7527,2.6904353853089527,2.217786054283138,0.47264933102581486
7528,2.845605818495081,2.393058010431199,0.45254780806388206
7529,2.821486190742129,2.348619814759323,0.472866375982806
7530,2.7786337207286804,2.3043725952519827,0.47426112547669774
7531,2.8182766961776022,2.3402972515208633,0.4779794446567389
7532,2.759427365670151,2.289836278104785,0.46959108756536594
7533,2.869839201766917,2.411200451593885,0.45863875017303224
7534,2.8431557825473885,2.3912043065162845,0.4519514760311041
7535,2.7512280781797775,2.2728340185598883,0.47839405961988923
7536,2.823427515962678,2.3477011712367677,0.47572634472591036
7537,2.8024216639097834,2.330085165803546,0.47233649810623746
7538,2.7296684375491584,2.2563359023965934,0.473332535152565
7539,2.8397951189913817,2.3629266745259634,0.4768684444654183
7540,2.7153001150082705,2.246285719733115,0.4690143952751553
7541,2.7905142902731632,2.3264888288682823,0.4640254614048809
7542,2.76352217926821,2.2995002027565454,0.46402197651166466
7543,2.8529623533969954,2.4068415138220485,0.44612083957494697
7544,2.739960445169241,2.291018754692922,0.4489416904763188
7545,2.7754136643385006,2.3102653190285,0.4651483453100007
7546,2.832127853624462,2.37962666214287,0.4525011914815922
7547,2.701318873396038,2.2310143056936673,0.4703045677023705
7548,2.8846437679660357,2.4295056474851684,0.4551381204808673
7549,2.8339420518077816,2.404095375562655,0.4298466762451265
7550,2.8118556390382383,2.3620610241156417,0.44979461492259665
7551,2.814517214206635,2.3455338443994194,0.46898336980721567
7552,2.823367038038788,2.3484194517794093,0.4749475862593786
7553,2.848948979926261,2.3729918820620326,0.47595709786422846
7554,2.901748497551154,2.455996434090131,0.44575206346102325
7555,2.6848485975791117,2.2356382309476133,0.4492103666314984
7556,2.6871471659383364,2.2189826570637314,0.4681645088746049
7557,2.7753696473603076,2.315834563009458,0.45953508435084967
7558,2.689188528981999,2.2333074559279007,0.4558810730540981
7559,2.8696817344295984,2.413206829066937,0.45647490536266133
7560,2.780914825860628,2.312585929855154,0.4683288960054739
7561,2.8748645789048473,2.4277877475620624,0.44707683134278486
7562,2.7936405663636124,2.3276140789773003,0.466026487386312
7563,2.749480899965272,2.27225072412662,0.4772301758386517
7564,2.7270080393392373,2.2691660307397266,0.45784200859951074
7565,2.849224163073778,2.355027455898367,0.4941967071754112
7566,2.8677902772066832,2.4124953488655096,0.4552949283411736
7567,2.7509224307451543,2.297873263592303,0.45304916715285115
7568,2.8643767031794516,2.4082597660801186,0.456116937099333
7569,2.70222677878437,2.2359820578177656,0.4662447209666043
7570,2.6829465929423657,2.201603163718669,0.4813434292236969
7571,2.9261314334555535,2.480645009710073,0.4454864237454803
7572,2.8281677742747555,2.3670253265560333,0.46114244771872226
7573,2.7879160637417666,2.317922643658291,0.46999342008347567
7574,2.846663571530229,2.376799196715985,0.4698643748142439
7575,2.7879403039318746,2.3212848920670064,0.46665541186486825
7576,2.762847783311004,2.3140598144403577,0.4487879688706462
7577,2.668973218067616,2.2115206402592182,0.45745257780839754
7578,2.7735283305091967,2.334004569703974,0.4395237608052227
7579,2.9013241877415616,2.4423597445378844,0.45896444320367724
7580,2.63669500617883,2.189023505649018,0.44767150052981197
7581,2.783143559516946,2.2970324776963897,0.4861110818205563
7582,2.8661413755875538,2.430786203040149,0.43535517254740475
7583,2.9104692720986995,2.449891244657708,0.46057802744099163
7584,2.9122521592834323,2.454456171935499,0.45779598734793314
7585,2.7904772977794052,2.3480905370355463,0.44238676074385896
7586,2.818513536346185,2.343984564394054,0.47452897195213106
7587,2.7178846619171333,2.2667867661848424,0.45109789573229087
7588,2.9100164550028,2.444110466512763,0.46590598849003717
7589,2.691733829691105,2.2185828654907476,0.4731509642003573
7590,2.8426562563435396,2.379948837005615,0.46270741933792436
7591,2.706990212409742,2.2358276002739794,0.4711626121357626
7592,2.8075746458705684,2.332651435197603,0.4749232106729653
7593,2.8047712155679743,2.3593058470658934,0.44546536850208085
7594,2.6960279005179553,2.230484422502868,0.46554347801508733
7595,2.7079164175094905,2.2421157193187455,0.465800698190745
7596,2.7388397065401446,2.2898914099870704,0.4489482965530742
7597,2.766746426867604,2.324644209013434,0.44210221785417003
7598,2.8514839303076047,2.385017283318046,0.46646664698955886
7599,2.7912103189633193,2.3105025720577568,0.4807077469055625
7600,2.7860924876951105,2.3204358685752404,0.4656566191198701
7601,2.7834634792484207,2.31452137984084,0.4689420994075806
7602,2.842310531569112,2.4134368294609443,0.4288737021081679
7603,2.8891298104090417,2.433820364732267,0.4553094456767748
7604,2.8555883306852485,2.4216521779702394,0.4339361527150092
7605,2.807306342019404,2.3558660380264453,0.45144030399295865
7606,2.8022634855875577,2.3453912828873595,0.4568722027001981
7607,2.8369610069197484,2.3743815639212533,0.46257944299849507
7608,2.714366214288568,2.2369057879933507,0.4774604262952171
7609,2.742925126639489,2.29612789731235,0.44679722932713917
7610,2.781421495454695,2.308746843589334,0.47267465186536084
7611,2.804238706038035,2.3088448669133377,0.49539383912469726
7612,2.9206542775617534,2.4595285685082255,0.4611257090535279
7613,2.8014495036383567,2.3246303650380984,0.47681913860025826
7614,2.7177308835650704,2.262319799814523,0.4554110837505476
7615,2.7898354387271302,2.331823375685662,0.45801206304146813
7616,2.7819691733987004,2.3163967633172478,0.46557241008145267
7617,2.827145597911802,2.3742716208376446,0.45287397707415744
7618,2.82820978994455,2.3507790581332433,0.4774307318113067
7619,2.8276645515317567,2.3581048881297684,0.4695596634019883
7620,2.76685361602901,2.303771342396785,0.4630822736322249
7621,2.7696440471729327,2.3122907396754893,0.4573533074974434
7622,2.789800509351696,2.3137037251843333,0.4760967841673627
7623,2.7208160626088502,2.2360360269086272,0.484780035700223
7624,2.751101453706383,2.291620780363566,0.4594806733428167
7625,2.7683832381655806,2.302921479434973,0.4654617587306076
7626,2.8495460951340967,2.3924676338713033,0.4570784612627934
7627,2.850096270424608,2.4017233909637157,0.4483728794608921
7628,2.899962210676251,2.4288924788775637,0.4710697317986874
7629,2.6652463611159143,2.1951765999719153,0.470069761143999
7630,2.7202839628030384,2.254464027565271,0.46581993523776744
7631,2.718154086874553,2.2398603132058024,0.4782937736687507
7632,2.840742093683687,2.364849213208788,0.4758928804748992
7633,2.732994884682682,2.2703840597468843,0.46261082493579764
7634,2.7820373517498354,2.3016893157723866,0.4803480359774488
7635,2.7871705826314765,2.323108883019694,0.46406169961178234
7636,2.8290215868884165,2.3584065214461742,0.4706150654422423
7637,2.8099075130567406,2.3321533560027734,0.4777541570539672
7638,2.7499679965196475,2.27163819930176,0.4783297972178877
7639,2.828294768963482,2.381693968006067,0.4466008009574147
7640,2.8065762864493773,2.3390677829376005,0.46750850351177675
7641,2.8043543510893407,2.325935646392124,0.4784187046972166
7642,2.7498768021617988,2.295645889974607,0.4542309121871919
7643,2.853955039883527,2.3766153587457644,0.4773396811377628
7644,2.911086025318956,2.4712302540468865,0.43985577127206943
7645,2.8074375231080264,2.3489740181933296,0.4584635049146968
7646,2.889934514793107,2.4337354309277934,0.4561990838653136
7647,2.8159856483529597,2.375746079104586,0.4402395692483738
7648,2.8306161634413622,2.37377176471662,0.45684439872474236
7649,2.7420059937852206,2.2686482887599286,0.47335770502529195
7650,2.7662977190036875,2.2944315929245995,0.47186612607908796
7651,2.8681445234385574,2.407638503858215,0.4605060195803423
7652,2.8131094584226313,2.363084068253575,0.4500253901690563
7653,2.761144897234769,2.2980360291793054,0.4631088680554636
7654,2.7562164203019823,2.2882131422681558,0.4680032780338266
7655,2.860957988071088,2.3914454279209894,0.4695125601500987
7656,2.738598603042861,2.2709880254751273,0.4676105775677337
7657,2.8200382858219726,2.342407138964934,0.47763114685703867
7658,2.8316408959781176,2.3779085851627033,0.4537323108154143
7659,2.8407805674771693,2.378240966544359,0.4625396009328102
7660,2.588066344320053,2.112246615628634,0.47581972869141875
7661,2.676801272675059,2.2126880418041406,0.4641132308709186
7662,2.8085643092890233,2.344036066061287,0.4645282432277362
7663,2.813463146625137,2.3454737733543944,0.4679893732707425
7664,2.729548113917177,2.2765229876095807,0.45302512630759617
7665,2.736401048100838,2.303585190260529,0.43281585784030874
7666,2.79380425927096,2.3156759019428588,0.4781283573281012
7667,2.806082836989726,2.344469018488561,0.4616138185011649
7668,2.7337169654725013,2.300385457288197,0.4333315081843043
7669,2.7824719185642577,2.3147034258286974,0.4677684927355603
7670,2.813274460160399,2.365185780348793,0.44808867981160594
7671,2.742751452790497,2.2733690653625263,0.46938238742797056
7672,2.8267561363983185,2.3517232643529127,0.4750328720454058
7673,2.765380347808187,2.288485649135064,0.47689469867312306
7674,2.812194962264739,2.3550737392153085,0.45712122304943037
7675,2.8374226761833174,2.351123741939818,0.48629893424349957
7676,2.8861199989108535,2.4639662933702318,0.4221537055406217
7677,2.6443571419974403,2.2113218642765755,0.4330352777208648
7678,2.82121891173845,2.345652747861589,0.4755661638768611
7679,2.74283917300978,2.2571437896341937,0.48569538337558615
7680,2.7696226815108926,2.2928052137506914,0.4768174677602013
7681,2.813105107308331,2.356057239881573,0.45704786742675774
7682,2.7392970857743197,2.263912343235882,0.4753847425384379
7683,2.756741004649115,2.2913561053345814,0.46538489931453375
7684,2.7559215502509242,2.279950153645485,0.4759713966054391
7685,2.864850569478718,2.407446037508346,0.4574045319703721
7686,2.7646779374566153,2.280189399017426,0.4844885384391895
7687,2.9060777609051054,2.4335865286486724,0.47249123225643297
7688,2.7761754998107344,2.30160378519572,0.47457171461501435
7689,2.7207332866297667,2.24468702482744,0.4760462618023267
7690,2.734228779658534,2.263195385251742,0.4710333944067919
7691,2.7914580430186815,2.3286528795218113,0.4628051634968702
7692,2.703150578720021,2.229157499376931,0.47399307934309
7693,2.9131780121392956,2.441616017893212,0.4715619942460836
7694,2.8355904468493294,2.361607046900448,0.47398339994888117
7695,2.8300892049504927,2.3508657244795876,0.479223480470905
7696,2.8062756174688275,2.329798484813818,0.4764771326550097
7697,2.853355794346119,2.4158638430171115,0.43749195132900764
7698,2.90372179546162,2.4460406881346697,0.45768110732695044
7699,2.7432770102291175,2.284328534689537,0.4589484755395805
7700,2.7699194944821377,2.2943052460563624,0.47561424842577527
7701,2.717757834813892,2.2422972181098717,0.4754606167040203
7702,2.792824615350939,2.3367314811549993,0.4560931341959398
7703,2.7693023484695005,2.3113262048871257,0.4579761435823748
7704,2.8282595074784997,2.3584608655479373,0.4697986419305624
7705,2.874215934053165,2.4063336349181506,0.46788229913501445
7706,2.840695357690498,2.372228316384839,0.46846704130565886
7707,2.840705562482302,2.389334316036979,0.4513712464453228
7708,2.8039361721796534,2.351465285955947,0.45247088622370635
7709,2.84914636174088,2.3739551479015693,0.47519121383931084
7710,2.8177250552506767,2.352485024349153,0.46524003090152366
7711,2.8910279473987117,2.4421270026890025,0.4489009447097092
7712,2.8886361927967648,2.4269825750178735,0.46165361777889125
7713,2.9023728056760736,2.4248573219975182,0.47751548367855534
7714,2.841398125568509,2.37930224975199,0.462095875816519
7715,2.7044108337809627,2.2395083501919615,0.4649024835890012
7716,2.868526803928465,2.4114159076138315,0.4571108963146333
7717,2.720802393463846,2.2442035400942704,0.4765988533695755
7718,2.768789221879313,2.3187612962034243,0.4500279256758888
7719,2.8630785404289107,2.3879337769538735,0.4751447634750372
7720,2.828463952822476,2.3775544858985427,0.4509094669239335
7721,2.863891933641853,2.3889933774169783,0.47489855622487465
7722,2.893030094152224,2.454939725849602,0.4380903683026216
7723,2.8083195694472054,2.338228342011657,0.4700912274355482
7724,2.7899065197882504,2.320109341880658,0.46979717790759246
7725,2.91879302818219,2.476089222667996,0.44270380551419386
7726,2.8513383332621607,2.401023908459544,0.45031442480261674
7727,2.86362986788551,2.3891218618869137,0.47450800599859644
7728,2.8234004415913954,2.3646720744064913,0.45872836718490406
7729,2.74655329221001,2.289123079542473,0.4574302126675369
7730,2.8763765608891587,2.442906936391751,0.43346962449740767
7731,2.650162406913485,2.2076285160732265,0.4425338908402585
7732,2.7849655195987864,2.3201236502566043,0.4648418693421821
7733,2.822490990837681,2.3786791032778054,0.44381188755987555
7734,2.9461746538613443,2.4887313944023246,0.45744325945901965
7735,2.7324550368461447,2.246866540281588,0.4855884965645565
7736,2.9086747457811843,2.4585286623334337,0.45014608344775064
7737,2.844474808730111,2.3775505676370168,0.46692424109309405
7738,2.91369911753498,2.4817162580877077,0.4319828594472721
7739,2.768648496843852,2.3008745378752637,0.4677739589685883
7740,2.8663624813223736,2.3942690929272987,0.47209338839507486
7741,2.819458820753845,2.3485772487901206,0.47088157196372427
7742,2.8402863570077135,2.367982787860013,0.47230356914770066
7743,2.855418747849128,2.389198147829795,0.4662206000193332
7744,2.78121320036701,2.337055968416799,0.44415723195021073
7745,2.7938723468397044,2.3255697311423504,0.468302615697354
7746,2.83788267011189,2.367169902276674,0.4707127678352161
7747,2.8089070784640366,2.3369349957726064,0.4719720826914302
7748,2.8704724090370415,2.3823583828010193,0.4881140262360222
7749,2.866533270814621,2.4054800076589413,0.4610532631556796
7750,2.7850551281688523,2.3130062741037345,0.47204885406511776
7751,2.721178346002166,2.2590912130598975,0.46208713294226866
7752,2.8149474791547777,2.3497814123557563,0.4651660667990214
7753,2.8214875985832455,2.356415280867644,0.46507231771560154
7754,2.6946372440410835,2.2321571154770106,0.46248012856407295
7755,2.84013712760346,2.3994848800271265,0.4406522475763337
7756,2.829388254713632,2.3641916060794093,0.46519664863422294
7757,2.840145745982863,2.3650027584735387,0.4751429875093245
7758,2.8263375257630687,2.360429356545362,0.4659081692177067
7759,2.721725583846201,2.254149235231699,0.4675763486145019
7760,2.77993360945633,2.3357290782357025,0.44420453122062753
7761,2.766137940736246,2.3230576443228683,0.44308029641337754
7762,2.7570963759162255,2.2899925123227503,0.4671038635934752
7763,2.735973442054623,2.280012234324649,0.45596120772997395
7764,2.8349164676877376,2.378376440810972,0.45654002687676565
7765,2.7463039102281197,2.270885313411983,0.47541859681613685
7766,2.773808162225915,2.304527126428297,0.46928103579761826
7767,2.836814927206052,2.364350945947563,0.472463981258489
7768,2.762256450472973,2.3007350220011107,0.4615214284718623
7769,2.77766248275473,2.334236129187518,0.4434263535672116
7770,2.8459244246729294,2.3736570954686105,0.4722673292043189
7771,2.7314352975200915,2.2744979032511767,0.4569373942689148
7772,2.791055105506185,2.3420965147129884,0.4489585907931968
7773,2.7141157936257043,2.240497176249213,0.47361861737649136
7774,2.869537324367213,2.3981962000851658,0.4713411242820471
7775,2.8204232803511067,2.372590038158797,0.44783324219230947
7776,2.718628680114527,2.2348772565030695,0.48375142361145773
7777,2.790706320120682,2.322215945587703,0.4684903745329789
7778,2.801599681773265,2.3459248110146738,0.45567487075859114
7779,2.8209360360711906,2.3474323736625893,0.4735036624086013
7780,2.856229313524567,2.3769246871192107,0.4793046264053564
7781,2.840599627868031,2.3879455142291306,0.4526541136389004
7782,2.7857224006642607,2.3204524449844404,0.4652699556798203
7783,2.784372982231631,2.3102064719486277,0.4741665102830033
7784,2.8487740518117968,2.3916342586288586,0.4571397931829382
7785,2.849999618255361,2.397371467248347,0.45262815100701426
7786,2.862754766228408,2.3899389141238436,0.47281585210456445
7787,2.7343697718045368,2.2626959959768005,0.4716737758277363
7788,2.7276073150225297,2.2489827435453145,0.47862457147721527
7789,2.8269203738115904,2.357856240566918,0.46906413324467255
7790,2.825295595566228,2.345429307753391,0.479866287812837
7791,2.7928452310504905,2.324748960287741,0.4680962707627496
7792,2.8970510645059115,2.452425478987107,0.4446255855188044
7793,2.8708134284698823,2.418480532985118,0.4523328954847643
7794,2.8478426500686544,2.3951424752697927,0.4527001747988617
7795,2.8054588066250594,2.335511171648616,0.4699476349764433
7796,2.8443495226700932,2.3671928872404635,0.4771566354296297
7797,2.7597389589229486,2.2930671004327894,0.46667185849015924
7798,2.8272199313442976,2.3639720985308412,0.4632478328134564
7799,2.891481687289918,2.431961069847381,0.459520617442537
7800,2.919659848073275,2.4384107863979807,0.48124906167529424
7801,2.82851181224583,2.3642606330667233,0.46425117917910663
7802,2.7586590787862484,2.2860438164190273,0.47261526236722107
7803,2.90588355155124,2.452698757224495,0.4531847943267451
7804,2.7636062222819957,2.3118754007026014,0.45173082157939426
7805,2.759928785568207,2.2900277262785647,0.4699010592896422
7806,2.7479125745459063,2.278019309128054,0.4698932654178525
7807,2.8908057032579273,2.4340639756543867,0.4567417276035406
7808,2.775428140851125,2.3343533922837327,0.4410747485673925
7809,2.7337344497686265,2.2686329977162023,0.46510145205242415
7810,2.770328335495225,2.2953705794110144,0.47495775608421065
7811,2.853016935419741,2.385609686051014,0.46740724936872713
7812,2.7957755464596317,2.3285408985575797,0.46723464790205194
7813,2.8263390392255934,2.3593411292338144,0.4669979099917789
7814,2.893084685584146,2.436088309815308,0.456996375768838
7815,2.7943104601615976,2.348466126319676,0.44584433384192135
7816,2.813368910966893,2.3400396336458877,0.4733292773210054
7817,2.75718271556872,2.2755765304107443,0.4816061851579758
7818,2.8282294799321464,2.385481242360697,0.44274823757144954
7819,2.808874873300418,2.3348762696764247,0.4739986036239934
7820,2.9429282865063726,2.4731841754109922,0.4697441110953804
7821,2.764845445256252,2.297490413429142,0.46735503182711025
7822,2.7933441973874107,2.3239608712971243,0.46938332609028643
7823,2.7155603512056765,2.241225590239349,0.47433476096632754
7824,2.9083656381356864,2.47536578158693,0.4329998565487565
7825,2.8041240356358577,2.3380819122311345,0.4660421234047232
7826,2.757997139580568,2.2935311273027783,0.4644660122777897
7827,2.877657014388378,2.4068381838211446,0.4708188305672336
7828,2.68910638019176,2.2241835074380054,0.46492287275375466
7829,2.7963614345237873,2.356698609257412,0.43966282526637546
7830,2.758087198981244,2.288643856356477,0.4694433426247673
7831,2.7301306627832584,2.2609460227086533,0.46918464007460514
7832,2.6859018193966495,2.212266741198742,0.4736350781979075
7833,2.844467134933353,2.356231978865726,0.4882351560676268
7834,2.7829242162381984,2.296663683730911,0.4862605325072873
7835,2.7062558044523124,2.2350313234074246,0.4712244810448878
7836,2.8064041622619427,2.331582029103539,0.4748221331584035
7837,2.8981217866486064,2.4084707164343424,0.489651070214264
7838,2.8116323722662435,2.3399360455218243,0.4716963267444192
7839,2.857413404861148,2.3721005561931214,0.4853128486680265
7840,2.831540237641065,2.3765168291307255,0.4550234085103395
7841,2.750211245925142,2.2860498783845147,0.46416136754062753
7842,2.8262220527067745,2.3607377294577874,0.46548432324898714
7843,2.908869673890478,2.4515182629321597,0.4573514109583181
7844,2.7754624742228153,2.311544642601916,0.46391783162089917
7845,2.9558028940795986,2.5271187609313532,0.4286841331482454
7846,2.7020064703436444,2.228595426914242,0.4734110434294023
7847,2.894180992797062,2.4446375613130638,0.4495434314839981
7848,2.7641924724554263,2.3004711934161275,0.46372127903929883
7849,2.802937808245615,2.3494652691519935,0.4534725390936214
7850,2.6773083137089824,2.1937853520243373,0.48352296168464504
7851,2.8311243407113977,2.3609817707870633,0.47014256992433445
7852,2.8819431033092093,2.4301108690514717,0.45183223425773766
7853,2.903262243739922,2.4499105292571075,0.4533517144828143
7854,2.799956202921095,2.332602048054242,0.46735415486685294
7855,2.7865465039566115,2.343290495422943,0.4432560085336683
7856,2.7450429112149135,2.2723177572546556,0.47272515396025794
7857,2.7683464394661734,2.292418080045074,0.47592835942109923
7858,2.7810980913394068,2.3230726900079355,0.4580254013314713
7859,2.723852980870324,2.268286893423758,0.4555660874465661
7860,2.7643741881595174,2.2827126868670162,0.4816615012925012
7861,2.87940980242589,2.448884414647918,0.4305253877779722
7862,2.811461223029236,2.348264621892881,0.46319660113635486
7863,2.711135171861174,2.2494647642124503,0.46167040764872347
7864,2.711864151242744,2.2462182849492494,0.4656458662934946
7865,2.794974165583319,2.3354397789779804,0.4595343866053385
7866,2.7317839314134322,2.2586256202395814,0.4731583111738509
7867,2.8650728879017575,2.383502761644188,0.48157012625756934
7868,2.7593615541065146,2.3218919155144304,0.4374696385920842
7869,2.8779637751487672,2.428915037002298,0.4490487381464692
7870,2.907251735692191,2.527910609604688,0.37934112608750326
7871,2.761619155593797,2.294438966157163,0.46718018943663386
7872,2.856989736180188,2.3938678790551644,0.4631218571250235
7873,2.8336381045815835,2.401232589139745,0.4324055154418387
7874,2.9050384684293697,2.4302637606778514,0.4747747077515183
7875,2.7956334542344696,2.3058150837149207,0.4898183705195489
7876,2.849932551821035,2.3961327514950845,0.45379980032595046
7877,2.7917248144918245,2.3358268609145787,0.45589795357724583
7878,2.858587614734076,2.385277461708352,0.4733101530257242
7879,2.812200488444029,2.3530032260230547,0.45919726242097436
7880,2.88801532856421,2.4284580527129873,0.4595572758512225
7881,2.870603518598907,2.4013035938322047,0.46929992476670224
7882,2.851522033823153,2.4301387377405193,0.4213832960826336
7883,2.7619044870862997,2.288317670758573,0.4735868163277268
7884,2.860038498147543,2.388850991908558,0.471187506238985
7885,2.9030255084691956,2.445992916085152,0.4570325923840435
7886,2.8576077811107368,2.382432969358533,0.47517481175220366
7887,2.844823648756498,2.3913138594251953,0.4535097893313029
7888,2.8253195222862373,2.349076156415648,0.47624336587058913
7889,2.8536853004018625,2.3921209772226315,0.461564323179231
7890,2.7251013493618785,2.2411448865178936,0.48395646284398497
7891,2.8572935868288702,2.409406296650779,0.44788729017809104
7892,2.829515320746028,2.358541824967186,0.4709734957788423
7893,2.816872687207185,2.354520576953001,0.4623521102541841
7894,2.7363915826416862,2.30519128518973,0.4312002974519564
7895,2.8754760122437655,2.4143281285327958,0.4611478837109697
7896,2.8539471714957085,2.395477261820829,0.45846990967487944
7897,2.8044258932595945,2.336914487663405,0.46751140559618953
7898,2.789010268910747,2.333770043763999,0.4552402251467482
7899,2.7471274677668593,2.2820225648281225,0.46510490293873685
7900,2.760050452381242,2.288765232281792,0.47128522009944973
7901,2.922577519449112,2.463289796698557,0.4592877227505552
7902,2.8119705481635515,2.3545293262176763,0.4574412219458752
7903,2.7803057287978192,2.3190064500885277,0.46129927870929155
7904,2.8233742385023257,2.3622749590763985,0.4610992794259272
7905,2.863352079500741,2.418969362454669,0.4443827170460719
7906,2.887982713116379,2.40492925316082,0.48305345995555893
7907,2.8912055096338882,2.4277260612373737,0.46347944839651456
7908,2.8850282670041536,2.409825536098891,0.47520273090526244
7909,2.776779540475956,2.299846655889659,0.4769328845862968
7910,2.708032659633808,2.2567924733754388,0.45124018625836904
7911,2.818435483421859,2.3625524203730643,0.45588306304879467
7912,2.869622836694407,2.4297742748470257,0.4398485618473815
7913,2.7853484125085184,2.3045285291117534,0.48081988339676496
7914,2.740007311163197,2.26534182740608,0.4746654837571169
7915,2.865627442593212,2.4189315848042043,0.44669585778900744
7916,2.808668498355205,2.343128909194362,0.4655395891608429
7917,2.815461626289804,2.335949796490134,0.4795118297996699
7918,2.8558273219958137,2.402461149545923,0.45336617244989075
7919,2.865238637023813,2.4429141088850037,0.4223245281388093
7920,2.797951115817411,2.340557686226723,0.45739342959068807
7921,2.8756681756249693,2.4047243841554473,0.47094379146952203
7922,2.8883030603392488,2.439315796986714,0.4489872633525347
7923,2.762841870097642,2.309581399190138,0.4532604709075039
7924,2.7947824234995147,2.318977950506155,0.4758044729933597
7925,2.880633560705232,2.426308976784506,0.45432458392072617
7926,2.8453256911827607,2.385320268723394,0.4600054224593668
7927,2.875597297449786,2.4322708826606383,0.4433264147891478
7928,2.8342585889870837,2.3601817841779122,0.47407680480917147
7929,2.842439876499878,2.371743384926006,0.47069649157387206
7930,2.721402077464975,2.2696716452791907,0.45173043218578446
7931,2.8045374891490114,2.341230747735853,0.4633067414131582
7932,2.6855071664233976,2.21379856553345,0.4717086008899476
7933,2.920420168112203,2.4540664590949177,0.4663537090172851
7934,2.813211540153459,2.330595832043382,0.48261570811007726
7935,2.7778115859732724,2.3089866345293166,0.46882495144395575
7936,2.8113997766118106,2.369484876008721,0.4419149006030896
7937,2.8237963929067855,2.3598457733887757,0.46395061951800987
7938,2.8631684652763556,2.399026808923959,0.46414165635239657
7939,2.7946038388641257,2.311887020611634,0.48271681825249146
7940,2.8582251479779917,2.3919226456269134,0.4663025023510783
7941,2.7926471719927037,2.375611071404283,0.41703610058842067
7942,2.731576754882355,2.2646856154476294,0.4668911394347255
7943,2.700889837634266,2.225654617942582,0.47523521969168403
7944,2.795387930502175,2.327566666034816,0.46782126446735894
7945,2.704401926161526,2.2374051923303764,0.4669967338311496
7946,2.813970048733512,2.3443160257654934,0.46965402296801884
7947,2.769670663944199,2.295336411246417,0.4743342526977816
7948,2.7487940786904996,2.2713189579257036,0.47747512076479603
7949,2.8255013183846858,2.3583175751760077,0.46718374320867806
7950,2.9506436359629786,2.557797105232626,0.3928465307303526
7951,2.85248726869896,2.421388323649868,0.43109894504909185
7952,2.7499221779247103,2.283438477470947,0.4664837004537632
7953,2.905840865247167,2.442998175048525,0.462842690198642
7954,2.8589021134454504,2.3804925907946206,0.4784095226508298
7955,2.715630040417168,2.2693243765747724,0.44630566384239545
7956,2.7582483259914383,2.2886160773680286,0.4696322486234097
7957,2.752983153029841,2.279873159407859,0.47310999362198203
7958,2.7090631126095324,2.2384502276507723,0.4706128849587601
7959,2.7916271077054855,2.319163980594632,0.4724631271108537
7960,2.8151047034073993,2.3533187043006993,0.46178599910669993
7961,2.811605578998924,2.3641727779156896,0.44743280108323447
7962,2.8113486777899865,2.339513289620852,0.4718353881691346
7963,2.747937205079209,2.321250699819099,0.42668650526010987
7964,2.88261154910215,2.420143053745051,0.4624684953570988
7965,2.8286443525880616,2.3528507765537245,0.47579357603433703
7966,2.902688405779113,2.4600593294784594,0.4426290763006535
7967,2.860335408613485,2.3935832416758243,0.46675216693766064
7968,2.810505007625225,2.348751416975255,0.4617535906499701
7969,2.919295780871228,2.468691394938062,0.4506043859331661
7970,2.804734072917381,2.321970822493881,0.4827632504235
7971,2.880477405474535,2.4513508436680933,0.4291265618064415
7972,2.8887839142611216,2.4297642239105346,0.459019690350587
7973,2.90832288006808,2.4504371935440177,0.45788568652406214
7974,2.851120707894278,2.4108174627778682,0.44030324511640995
7975,2.84240736869671,2.3691873260940355,0.4732200426026747
7976,2.7091418683987976,2.2379229610451206,0.471218907353677
7977,2.860570157392224,2.3922091643772774,0.4683609930149468
7978,2.866145260559401,2.3978426321977957,0.4683026283616054
7979,2.8297217687292644,2.3595154832725154,0.47020628545674903
7980,2.773901294955931,2.297779638343795,0.47612165661213623
7981,2.8803067438966803,2.4072987288677314,0.47300801502894885
7982,2.707682801721837,2.239713721042395,0.4679690806794419
7983,2.8318445699952703,2.361021369960337,0.4708232000349333
7984,2.825670809272474,2.376426816969017,0.44924399230345724
7985,2.736502116027633,2.263044851371523,0.47345726465611015
7986,2.765423377091322,2.2898251665625,0.4755982105288221
7987,2.8356479043303056,2.3758611922055857,0.4597867121247199
7988,2.866389360010223,2.446086832195662,0.4203025278145609
7989,2.855954086233467,2.3989694421042653,0.4569846441292018
7990,2.9045401773887822,2.4390164085795583,0.46552376880922397
7991,2.8757281985751333,2.4058957536388266,0.4698324449363067
7992,2.814613831820335,2.3571818377647604,0.45743199405557444
7993,2.8057218555983043,2.356141965928451,0.4495798896698533
7994,2.7929763328233186,2.316225452624533,0.4767508801987854
7995,2.8257332432666398,2.3576706473998623,0.46806259586677745
7996,2.874097655315012,2.3945861711243275,0.47951148419068446
7997,2.7332638832683362,2.2729351083561378,0.4603287749121985
7998,2.9044398723391436,2.4638698494808455,0.44057002285829805
7999,2.914091189413185,2.45576836158264,0.45832282783054534
8000,2.699553454051602,2.2394305531765806,0.4601229008750214
8001,2.805969502935866,2.3321612177899573,0.47380828514590867
8002,2.8179842176791383,2.349304307917285,0.46867990976185325
8003,2.7733622085392025,2.327790697622251,0.4455715109169516
8004,2.769479057280634,2.306326595145395,0.463152462135239
8005,2.725017477633748,2.2488841797674253,0.47613329786632264
8006,2.7650832165419708,2.29623068626012,0.4688525302818509
8007,2.752920415705095,2.2823501006285407,0.4705703150765541
8008,2.915569754770232,2.489367379851668,0.42620237491856416
8009,2.858074973863408,2.409968637533939,0.44810633632946884
8010,2.753804563616979,2.283003441785698,0.47080112183128087
8011,2.836931003406828,2.405611629677036,0.43131937372979223
8012,2.8342446150326777,2.3498807611563186,0.48436385387635905
8013,2.79645239335841,2.3345289469844226,0.4619234463739872
8014,2.8093758121989434,2.3479326026797094,0.461443209519234
8015,2.665165708805298,2.1928907457308084,0.4722749630744896
8016,2.790969424705211,2.3201999041156616,0.47076952058954946
8017,2.8127390173255304,2.367032579502134,0.4457064378233966
8018,2.95072953679188,2.530414071506283,0.42031546528559716
8019,2.769039980910582,2.306616504927464,0.46242347598311806
8020,2.797964816856533,2.3314414880422993,0.46652332881423364
8021,2.8009852018712613,2.3173039694725834,0.4836812323986779
8022,2.9130232746598743,2.4528125001368273,0.46021077452304704
8023,2.6679963152585144,2.1980337594870263,0.46996255577148816
8024,2.726631782818304,2.2628596275066184,0.4637721553116858
8025,2.7838937101494268,2.344883889343816,0.4390098208056106
8026,2.9030975257075133,2.423592394186084,0.4795051315214294
8027,2.83278895756545,2.3665767892909213,0.4662121682745286
8028,2.7579072224308936,2.29573484316891,0.4621723792619834
8029,2.789404726029399,2.3155029704609222,0.4739017555684768
8030,2.7557062833636228,2.3064409236342964,0.44926535972932635
8031,2.7577193933852784,2.2942075660866186,0.4635118272986598
8032,2.7815581116192147,2.310185610028242,0.4713725015909729
8033,2.7625443940569236,2.2901900106094764,0.4723543834474473
8034,2.7866086844220255,2.3145957881455153,0.4720128962765102
8035,2.6848331693799756,2.2309957183917195,0.4538374509882561
8036,2.7641778916026536,2.3132445411391713,0.45093335046348226
8037,2.796883037922742,2.3271372592535298,0.4697457786692123
8038,2.737882448437478,2.265394088706551,0.47248835973092707
8039,2.8071242806890147,2.350264141827757,0.45686013886125787
8040,2.8324146060073607,2.3857468469058,0.44666775910156087
8041,2.840017895065674,2.401697212560963,0.438320682504711
8042,2.8009825163928483,2.354522777401099,0.4464597389917495
8043,2.8158848173892435,2.3517734534487515,0.4641113639404919
8044,2.787255790819404,2.310258522848547,0.4769972679708574
8045,2.8105529481350597,2.356083639650537,0.4544693084845228
8046,2.8325779752529496,2.3670344212051417,0.4655435540478079
8047,2.8003517381782173,2.353940342025109,0.44641139615310843
8048,2.714528804573735,2.233565585246768,0.48096321932696684
8049,2.7782491601141484,2.3123722367203796,0.46587692339376874
8050,2.867083719924929,2.4187244193253337,0.4483593005995954
8051,2.7974575167436697,2.3163154849377134,0.48114203180595627
8052,2.8763509888833294,2.4249610520484914,0.45138993683483797
8053,2.7101949887730017,2.2738690426601806,0.43632594611282105
8054,2.784694509354457,2.3095030469508178,0.4751914624036391
8055,2.7963243987517936,2.3356637964096363,0.46066060234215733
8056,2.6081103571589725,2.132914155566192,0.47519620159278064
8057,2.781225466477575,2.316526052013101,0.4646994144644738
8058,2.8193641647302137,2.3427685378524727,0.47659562687774093
8059,2.8038552138537614,2.376688969238742,0.4271662446150195
8060,2.796627173490525,2.3269678389799853,0.46965933451053976
8061,2.823753727339381,2.3438106993190377,0.4799430280203434
8062,2.8244367814556752,2.362231315051483,0.46220546640419213
8063,2.8200880121026084,2.3661809688356614,0.453907043266947
8064,2.8905066618426836,2.4484208233989846,0.442085838443699
8065,2.7546910175487613,2.299822196692845,0.4548688208559164
8066,2.760901129908591,2.2920298054661843,0.46887132444240676
8067,2.8071011080053556,2.3610925232555147,0.44600858474984095
8068,2.828394084329039,2.3658092747418444,0.4625848095871947
8069,2.8301073391646097,2.3559645994122955,0.47414273975231414
8070,2.8314279913054925,2.368883515520493,0.4625444757849997
8071,2.818680864632873,2.385249816858193,0.4334310477746799
8072,2.8688712659028353,2.3987114820060853,0.47015978389674995
8073,2.822964458081969,2.3614137170557776,0.4615507410261914
8074,2.841605169779738,2.371355479911822,0.47024968986791604
8075,2.8501099157572485,2.3941402290601497,0.4559696866970988
8076,2.911622317912942,2.4479238465312383,0.46369847138170384
8077,2.855844629118061,2.38642260965267,0.46942201946539086
8078,2.8206467308515415,2.3556451851973845,0.46500154565415697
8079,2.710835005481132,2.2460453150724415,0.46478969040869034
8080,2.7965075161431705,2.342664114121405,0.45384340202176565
8081,2.8316211638125903,2.3795336604557997,0.4520875033567906
8082,2.821240429869147,2.363226995185673,0.4580134346834739
8083,2.8010652250528647,2.3184704956301827,0.482594729422682
8084,2.890793537960327,2.441453189573309,0.44934034838701775
8085,2.7613102185953204,2.2895051718773534,0.4718050467179671
8086,2.8546756746353785,2.4009314205273373,0.4537442541080412
8087,2.8359396125807113,2.374960528720028,0.4609790838606833
8088,2.734314941516007,2.267387387211149,0.46692755430485766
8089,2.7658268563318664,2.2905473506883323,0.47527950564353416
8090,2.836880668356511,2.380687014063851,0.4561936542926599
8091,2.7720575408327877,2.296493184441218,0.47556435639156946
8092,2.762605455482932,2.313858964133046,0.448746491349886
8093,2.7220320556399455,2.2578817125815496,0.464150343058396
8094,2.7462960401005545,2.281932692024316,0.4643633480762386
8095,2.7515881055332154,2.29825345586182,0.45333464967139525
8096,2.7931718395997303,2.3387031646053216,0.4544686749944087
8097,2.7283296184048265,2.274900118898094,0.4534294995067323
8098,2.8878636015360937,2.436891826362931,0.45097177517316256
8099,2.8580637618931486,2.3919060530322147,0.4661577088609339
8100,2.836776839333297,2.384787836691832,0.451989002641465
8101,2.733847497770256,2.262876589441657,0.4709709083285989
8102,2.7256238854695987,2.262676452466419,0.46294743300317975
8103,2.894638690905669,2.4173498171985472,0.4772888737071219
8104,2.8108956150949704,2.3415644611378688,0.4693311539571017
8105,2.8675914683644166,2.4120578157076626,0.45553365265675394
8106,2.8347371265006207,2.355633027790248,0.47910409871037274
8107,2.6845660631287904,2.221980537985185,0.4625855251436053
8108,2.825393509009361,2.3405992562562616,0.4847942527530993
8109,2.7520330728496925,2.289509734532647,0.4625233383170455
8110,2.743282984746233,2.275273794316504,0.4680091904297292
8111,2.896221811208437,2.4215565179854863,0.4746652932229507
8112,2.78564706626137,2.325269882366858,0.4603771838945123
8113,2.8403843687287416,2.383611908663756,0.4567724600649856
8114,2.7133560685811844,2.2507692416806493,0.4625868269005351
8115,2.876959162256785,2.422899202278529,0.454059959978256
8116,2.868727896057159,2.4050645673948616,0.4636633286622973
8117,2.887051781497416,2.4468650994688006,0.44018668202861555
8118,2.873433378689437,2.404524439664157,0.4689089390252801
8119,2.7782731323193786,2.321881955455907,0.4563911768634714
8120,2.7463455073802154,2.2858406793338206,0.4605048280463948
8121,2.8640266931551515,2.4155019014412744,0.44852479171387705
8122,2.872071661806314,2.388031310076032,0.4840403517302816
8123,2.861584732495618,2.4050567056591485,0.45652802683646954
8124,2.707553531019936,2.2303347785631127,0.4772187524568232
8125,2.74249009174335,2.2741174178461963,0.46837267389715365
8126,2.723593211112732,2.248269015367201,0.475324195745531
8127,2.826319021017259,2.3700526796591896,0.4562663413580692
8128,2.8340760813562182,2.401976088089035,0.4320999932671832
8129,2.831607853711388,2.3749301010641166,0.4566777526472712
8130,2.8944590934097634,2.42209761533212,0.4723614780776435
8131,2.751283809658172,2.3139402762911803,0.4373435333669917
8132,2.88046999305504,2.415647366801032,0.46482262625400805
8133,2.83990627900064,2.359017760586798,0.48088851841384184
8134,2.939985440421885,2.485439726858811,0.45454571356307394
8135,2.7870528370078738,2.311810911457792,0.47524192555008193
8136,2.7637672405993494,2.2813163943211268,0.48245084627822266
8137,2.8562751421369064,2.393097018673888,0.46317812346301857
8138,2.810202122221566,2.366665518600914,0.44353660362065206
8139,2.72103936521057,2.2894484111667173,0.4315909540438527
8140,2.8402521469366393,2.3691988947036067,0.4710532522330326
8141,2.8079509433824517,2.330388566223812,0.4775623771586397
8142,2.8436261867184975,2.366962758024691,0.4766634286938065
8143,2.821597560606431,2.3632936672641853,0.45830389334224586
8144,2.7515395860379845,2.2870116075411544,0.46452797849683014
8145,2.8754633497385984,2.4787448014341233,0.39671854830447506
8146,2.822204608687529,2.378083381570248,0.44412122711728097
8147,2.895546500573721,2.484542343456455,0.411004157117266
8148,2.8811649433698343,2.420229544249218,0.4609353991206162
8149,2.8958260586909197,2.4340526334096375,0.4617734252812822
8150,2.834734062805337,2.373379989062714,0.46135407374262316
8151,2.8490339229948702,2.3653650590342146,0.48366886396065567
8152,2.831749379618218,2.3765596100919053,0.45518976952631274
8153,2.763285893991087,2.3493848228639367,0.41390107112715047
8154,2.8577573663598184,2.3657833838443834,0.491973982515435
8155,2.7780131583588803,2.3285254614456394,0.44948769691324086
8156,2.8238938914611693,2.376705430814906,0.4471884606462635
8157,2.880313814346877,2.410121788869149,0.4701920254777283
8158,2.8684278295388914,2.408988197930054,0.4594396316088374
8159,2.7931068127029577,2.3241954104000753,0.4689114023028824
8160,2.7866040146030566,2.3180135131022013,0.46859050150085535
8161,2.846891609504251,2.388162429869447,0.45872917963480386
8162,2.739076208926726,2.254626217206501,0.4844499917202252
8163,2.8146911134704107,2.38113401083701,0.43355710263340086
8164,2.7697606827942707,2.2996889751248775,0.4700717076693932
8165,2.8361440330006387,2.3758624028553412,0.46028163014529744
8166,2.7862012214668965,2.329739424366095,0.45646179710080137
8167,2.7474752678542527,2.2847741050555497,0.462701162798703
8168,2.751362907201436,2.2806383111625865,0.47072459603884953
8169,2.6430316961939044,2.186459514088473,0.4565721821054316
8170,2.8577841049883985,2.411310139879488,0.4464739651089107
8171,2.847452733408914,2.3961549299612543,0.4512978034476598
8172,2.7703363780495516,2.2960257299221367,0.47431064812741486
8173,2.8813702541482122,2.4242265990291223,0.45714365511908994
8174,2.9110598509673333,2.459765100958133,0.4512947500092004
8175,2.81382346760994,2.3481243202350197,0.46569914737492013
8176,2.7646208623370043,2.3050662050085124,0.4595546573284919
8177,2.9360551796716035,2.4733260463643965,0.462729133307207
8178,2.8544136526508455,2.393521575057305,0.46089207759354034
8179,2.7069843690663404,2.2411039955949286,0.46588037347141187
8180,2.8920384200058233,2.404323383387774,0.48771503661804916
8181,2.8053470441645394,2.340435262653078,0.4649117815114612
8182,2.793595750606693,2.3196528761531288,0.4739428744535643
8183,2.776882221470375,2.3096865730523106,0.4671956484180644
8184,2.8856597129484336,2.4385610273612213,0.44709868558721233
8185,2.7863642742208983,2.306926978998192,0.4794372952227062
8186,2.731277887736552,2.2541227816164735,0.4771551061200783
8187,2.7776960190601363,2.3132836785078084,0.46441234055232794
8188,2.8777183021886983,2.4254894294095486,0.4522288727791497
8189,2.80448295473903,2.339992340641,0.4644906140980303
8190,2.7063182568027835,2.2358495665717824,0.47046869023100113
8191,2.732764423619447,2.3110063954749216,0.42175802814452545
8192,2.812851957701675,2.351120536948559,0.46173142075311624
8193,2.745794425951976,2.2717156663121627,0.4740787596398133
8194,2.8169784434094742,2.3438963600461102,0.473082083363364
8195,2.7960156891734678,2.316778286519365,0.47923740265410286
8196,2.7469213699037653,2.266963869215006,0.47995750068875953
8197,2.7380590846544575,2.269063139857947,0.4689959447965104
8198,2.7976845892449855,2.314466685981601,0.4832179032633843
8199,2.709723899504355,2.2251672301322905,0.48455666937206443
8200,2.7903595638863474,2.325604777361043,0.46475478652530455
8201,2.8459162940042924,2.371074149173635,0.47484214483065745
8202,2.7681737385721625,2.290169398475313,0.47800434009684967
8203,2.789371929472731,2.3053838116024594,0.4839881178702714
8204,2.6598418826832826,2.200220740549075,0.4596211421342078
8205,2.8618189185825376,2.415494726569504,0.44632419201303364
8206,2.8468750422598013,2.380325428791897,0.46654961346790413
8207,2.8106645049696026,2.3343483357872836,0.476316169182319
8208,2.8896551825237227,2.4734899233646708,0.4161652591590519
8209,2.836981531254983,2.3865171395945177,0.45046439166046515
8210,2.724530498007322,2.262085428889766,0.46244506911755634
8211,2.777137256074177,2.3435032510828915,0.4336340049912857
8212,2.820977693738358,2.3576853765283086,0.4632923172100494
8213,2.679963948074949,2.207316426826663,0.47264752124828613
8214,2.753945760434741,2.2802822607802335,0.47366349965450727
8215,2.8701481570064438,2.408834083834315,0.4613140731721286
8216,2.7517690677423308,2.2850977051871246,0.46667136255520614
8217,2.779681448016481,2.312550749598986,0.467130698417495
8218,2.7571935982824964,2.3021879333605724,0.45500566492192407
8219,2.766785903720783,2.294224695515002,0.4725612082057813
8220,2.7904104977562767,2.3201906167245907,0.470219881031686
8221,2.84366906718513,2.377908488452527,0.4657605787326031
8222,2.704099341072712,2.232146286991739,0.4719530540809731
8223,2.788036121993136,2.3217367437547702,0.46629937823836576
8224,2.773274147079579,2.3136690562055184,0.45960509087406054
8225,2.7454464476049,2.2795041001561516,0.4659423474487485
8226,2.743153671887523,2.2829914208860216,0.4601622510015013
8227,2.844853833012127,2.362825566959671,0.48202826605245574
8228,2.7929340574769936,2.320141021556496,0.4727930359204975
8229,2.7576419662507226,2.3148520536773205,0.44278991257340206
8230,2.679659138699203,2.213964107554022,0.46569503114518085
8231,2.8702961307721964,2.398650861007191,0.47164526976500554
8232,2.7663817293854014,2.2934055271506626,0.4729762022347388
8233,2.782658405750053,2.340546976905835,0.44211142884421806
8234,2.7735085198893827,2.3068042325403004,0.4667042873490823
8235,2.7640259386819155,2.2925958110817324,0.4714301276001831
8236,2.7661040304800935,2.2889858620949894,0.477118168385104
8237,2.928121680469817,2.519737745089872,0.4083839353799448
8238,2.8821749184027485,2.4036164186461564,0.47855849975659215
8239,2.805721206079418,2.34191673411607,0.46380447196334806
8240,2.8692754077185856,2.394327823328163,0.4749475843904225
8241,2.7671130120539016,2.306179533067489,0.46093347898641257
8242,2.872254075421848,2.428400891557077,0.44385318386477124
8243,2.8415843007011214,2.365475922406567,0.4761083782945543
8244,2.7687609207800654,2.300140029930405,0.4686208908496603
8245,2.7634191861231003,2.315462118000837,0.44795706812226355
8246,2.8181392018841165,2.363924592188253,0.45421460969586347
8247,2.794446400429665,2.3128051763843955,0.48164122404526966
8248,2.8132024731585563,2.343640637755347,0.4695618354032094
8249,2.836480280096763,2.3698251059043374,0.46665517419242564
8250,2.8126536248640206,2.3840009437950633,0.42865268106895726
8251,2.8919951778605806,2.448367109726817,0.44362806813376343
8252,2.855355773774505,2.379384818673232,0.47597095510127296
8253,2.723436425172541,2.2679411795923734,0.45549524558016774
8254,2.806005990957799,2.3332070939998513,0.4727988969579475
8255,2.8276239731386825,2.3610838056598484,0.4665401674788341
8256,2.7178162500296206,2.2704514540537306,0.44736479597588996
8257,2.8109264619411767,2.3277848888533423,0.48314157308783434
8258,2.8620200496655595,2.414203061059859,0.4478169886057004
8259,2.8215620072412273,2.3614494100086345,0.4601125972325928
8260,2.9264894091655798,2.5379350347024516,0.3885543744631281
8261,2.7133505726994067,2.2414430985692997,0.47190747413010703
8262,2.801667575234485,2.3255639200882263,0.47610365514625874
8263,2.719560855089131,2.2452174078953813,0.47434344719374977
8264,2.86914742995062,2.4129931796767266,0.45615425027389334
8265,2.784200701940581,2.3208122592899274,0.4633884426506536
8266,2.693992476292028,2.23276065102435,0.46123182526767836
8267,2.806058686816736,2.322152590001196,0.4839060968155402
8268,2.7795653850007205,2.3375519413202315,0.442013443680489
8269,2.757112631810476,2.2757591500331524,0.48135348177732373
8270,2.76303926590948,2.2923291659491074,0.4707100999603724
8271,2.8267480015020197,2.3630055888820687,0.46374241261995097
8272,2.774765824659188,2.313445266883617,0.4613205577755708
8273,2.7587382532909825,2.2915638213140115,0.46717443197697106
8274,2.813449893933439,2.3262468573102586,0.48720303662318054
8275,2.873106733484222,2.425257739023556,0.4478489944606663
8276,2.801141767118843,2.3400062518468387,0.46113551527200425
8277,2.8832461993732834,2.4189857600169726,0.4642604393563108
8278,2.7755535603003705,2.313414912442457,0.4621386478579135
8279,2.861795631832416,2.395424668058348,0.46637096377406806
8280,2.842676965287146,2.3797856768107954,0.46289128847635075
8281,2.8824231366735793,2.4236604433698057,0.4587626933037736
8282,2.894777183829204,2.4153010064652647,0.4794761773639391
8283,2.794321126940309,2.3614526322105878,0.4328684947297212
8284,2.8272445444710406,2.389223974251931,0.43802057021910956
8285,2.88116039201884,2.4274494089713707,0.45371098304746926
8286,2.8466275912479513,2.3641899423462935,0.48243764890165775
8287,2.735216941776463,2.254661932668167,0.48055500910829574
8288,2.8252755306281734,2.4108034459720264,0.41447208465614693
8289,2.8264089323576376,2.3590930324144326,0.467315899943205
8290,2.9508713119229606,2.4991281822558555,0.45174312966710506
8291,2.7645139859143484,2.284123086889795,0.48039089902455334
8292,2.893501813338177,2.461755753214525,0.4317460601236518
8293,2.875314251162047,2.405049937583288,0.4702643135787592
8294,2.7066927648396373,2.262984171212535,0.44370859362710213
8295,2.822684158248606,2.363481069870966,0.4592030883776399
8296,2.8711194852913478,2.396508348240512,0.4746111370508359
8297,2.76767105186209,2.305911542376326,0.46175950948576405
8298,2.6516396548449084,2.197032137839562,0.4546075170053463
8299,2.8431381735876924,2.4252732554586256,0.4178649181290668
8300,2.774512318832941,2.3127011189417215,0.46181119989121955
8301,2.769651234545526,2.306639994698507,0.4630112398470194
8302,2.820049774266746,2.364673512850871,0.45537626141587495
8303,2.899640273136058,2.4206981399088225,0.47894213322723544
8304,2.7952861587284787,2.305241306400348,0.4900448523281309
8305,2.897153207959502,2.4337179151292627,0.4634352928302392
8306,2.8473155052693753,2.372097349722454,0.4752181555469215
8307,2.8107811325720604,2.3374601685497547,0.4733209640223057
8308,2.7412928617855195,2.2824557935473595,0.45883706823815995
8309,2.7201094105267103,2.2535700927324753,0.46653931779423496
8310,2.86811821317533,2.408741754391531,0.45937645878379874
8311,2.9200816794493463,2.4640485219300206,0.4560331575193257
8312,2.857568350682048,2.4754134982284586,0.3821548524535894
8313,2.749431261008328,2.3040299080468176,0.4454013529615102
8314,2.76330001108574,2.285128196665032,0.4781718144207079
8315,2.8540251602855773,2.420137879112395,0.4338872811731824
8316,2.818741630993505,2.369246970656382,0.44949466033712326
8317,2.761901102889842,2.292006486390083,0.46989461649975883
8318,2.8141578489205523,2.3499179181241825,0.4642399307963698
8319,2.778873024886105,2.3260052007254286,0.4528678241606765
8320,2.840241065308994,2.3991463234888264,0.4410947418201676
8321,2.788381861326614,2.3487598740739455,0.4396219872526683
8322,2.809728917680441,2.37114573681761,0.4385831808628313
8323,2.855568185551668,2.385914731269325,0.46965345428234295
8324,2.8400806108053827,2.38140906873588,0.45867154206950245
8325,2.6964094612017147,2.2284729119349604,0.4679365492667542
8326,2.8280285534822704,2.3750420393272718,0.4529865141549987
8327,2.7886609698312625,2.3237780162392996,0.46488295359196297
8328,2.749861182182178,2.3043690671594086,0.4454921150227693
8329,2.901106175277605,2.422542264507046,0.4785639107705588
8330,2.8339046452242704,2.37975514403037,0.4541495011939003
8331,2.8355431768948343,2.3793152333268215,0.4562279435680128
8332,2.8727657409159053,2.4180739553175155,0.45469178559838985
8333,2.9139610561918605,2.4453113255544765,0.468649730637384
8334,2.8271782318462413,2.383168303377002,0.44400992846923915
8335,2.9213683202151337,2.4516362924272816,0.46973202778785206
8336,2.837683330687479,2.377765215660927,0.4599181150265519
8337,2.8027978306460426,2.3447110720414837,0.45808675860455894
8338,2.716494596832837,2.259749554152248,0.456745042680589
8339,2.772808805211069,2.291975062207265,0.4808337430038039
8340,2.842840747067921,2.3830416472634255,0.4597990998044956
8341,2.7184372440837556,2.2367812329281023,0.4816560111556534
8342,2.8751466971297948,2.4162881173640867,0.4588585797657081
8343,2.8002855886176388,2.351327366734712,0.4489582218829269
8344,2.766472261692778,2.3045777153398626,0.4618945463529154
8345,2.7624947132224533,2.2892196772080307,0.47327503601442267
8346,2.844083108594794,2.3649370273537924,0.47914608124100155
8347,2.851655250877264,2.391553330579845,0.46010192029741903
8348,2.8710796999057617,2.415858348555821,0.4552213513499406
8349,2.677751004193916,2.2133098624338876,0.4644411417600285
8350,2.759037162711031,2.285090273811016,0.47394688890001513
8351,2.755387152241377,2.284989458468725,0.47039769377265195
8352,2.8627574744141286,2.391857567815436,0.47089990659869274
8353,2.8761013038764114,2.4385652867528687,0.43753601712354273
8354,2.808007247189408,2.3354990499535613,0.4725081972358467
8355,2.7247792312582435,2.262345312202045,0.4624339190561986
8356,2.945202394961058,2.520412756897207,0.42478963806385117
8357,2.8108323197626075,2.344594873621078,0.4662374461415295
8358,2.757350045089194,2.3047303697738397,0.4526196753153542
8359,2.832970146348884,2.365407647667779,0.46756249868110533
8360,2.934545141051227,2.491957718194983,0.4425874228562443
8361,2.8468202867634806,2.3763035616021155,0.4705167251613651
8362,2.820607012772329,2.3505919296646023,0.47001508310772655
8363,2.854221323017081,2.4050195259892826,0.4492017970277984
8364,2.8269727647659457,2.3471209878771333,0.4798517768888124
8365,2.856198514992577,2.3860524285346636,0.47014608645791345
8366,2.825406403715605,2.375665893107894,0.44974051060771103
8367,2.7625016313112125,2.3173801722650937,0.4451214590461188
8368,2.808255973982597,2.334246437938773,0.4740095360438241
8369,2.7776493026356883,2.3029378416858983,0.47471146094979
8370,2.866176902457471,2.3979713678517527,0.4682055346057181
8371,2.688130939499907,2.2129922460126306,0.47513869348727633
8372,2.7798206815130957,2.353140698468985,0.4266799830441106
8373,2.79817803431371,2.3348764012712957,0.46330163304241445
8374,2.8456424498156356,2.372761226290931,0.47288122352470463
8375,2.8628843737540124,2.4079967041163495,0.4548876696376629
8376,2.715705933646259,2.2830745096474985,0.4326314239987603
8377,2.7817945099402883,2.319723412606902,0.46207109733338614
8378,2.8317267948533567,2.3938875928512466,0.43783920200211
8379,2.8539040892334193,2.3914670616014164,0.4624370276320029
8380,2.7759256103073593,2.307336654369649,0.4685889559377103
8381,2.8376192468440493,2.367557729873314,0.4700615169707354
8382,2.9048006550749936,2.4882367741182443,0.41656388095674934
8383,2.9309012491326545,2.473464561980008,0.4574366871526463
8384,2.7359930117111926,2.258544466558961,0.4774485451522317
8385,2.828261830012977,2.3676663824480326,0.4605954475649443
8386,2.8430192100431753,2.372079796006546,0.4709394140366294
8387,2.7391706087018184,2.2721311588398385,0.46703944986197987
8388,2.8050458363922313,2.3245464374738494,0.4804993989183819
8389,2.820853606006752,2.3458260977185623,0.4750275082881896
8390,2.9075746573115167,2.460844267662348,0.44673038964916856
8391,2.8242782534200384,2.354519848262438,0.4697584051576005
8392,2.8045862907519052,2.340926446264401,0.4636598444875042
8393,2.771609860032304,2.3058712264725783,0.46573863355972556
8394,2.859540307352541,2.4258364861624675,0.43370382119007367
8395,2.775492280266855,2.3221053012018857,0.45338697906496916
8396,2.7771289616643724,2.299717398172855,0.4774115634915175
8397,2.8300899366548924,2.3961494155362253,0.4339405211186671
8398,2.7971550183861287,2.336641648593008,0.46051336979312074
8399,2.858798947280936,2.4017213465233347,0.4570776007576014
8400,2.8739615363072804,2.3870001698255816,0.48696136648169874
8401,2.740915463636377,2.290524268327916,0.45039119530846117
8402,2.8182202459330457,2.361617508968965,0.4566027369640806
8403,2.7938460678992545,2.3247089304246193,0.46913713747463515
8404,2.7690078149148336,2.3150259711672967,0.4539818437475369
8405,2.8546109609139303,2.414449574401388,0.4401613865125422
8406,2.8243144754109366,2.352094550598318,0.47221992481261843
8407,2.758175103326994,2.2890268918610506,0.46914821146594354
8408,2.8959977056181985,2.428591327498208,0.4674063781199904
8409,2.870768230301633,2.418340287015029,0.4524279432866041
8410,2.786970956779051,2.3543459966785085,0.4326249601005423
8411,2.752079820452802,2.2935319149584648,0.4585479054943371
8412,2.70822839143166,2.247689062388691,0.4605393290429691
8413,2.8901858872402606,2.4231301488557575,0.4670557383845031
8414,2.728471529545753,2.253114342276019,0.47535718726973375
8415,2.811665172274867,2.335993890139868,0.4756712821349991
8416,2.7367673298920745,2.267364603662377,0.46940272622969736
8417,2.6592919740588976,2.1774309988806477,0.4818609751782499
8418,2.7652462604753367,2.3052886555355534,0.4599576049397833
8419,2.7223469307446644,2.2528636043239167,0.46948332642074764
8420,2.685058462798602,2.1993636972382897,0.4856947655603121
8421,2.7393480525762977,2.2607866744086897,0.4785613781676079
8422,2.6488340540000928,2.172831516860009,0.4760025371400838
8423,2.8393117766985605,2.379211977363155,0.46009979933540546
8424,2.7675441504227476,2.2953616206917906,0.472182529730957
8425,2.8124787166095344,2.3383781379100927,0.47410057869944167
8426,2.798553143287921,2.3394555850180057,0.4590975582699155
8427,2.845173168399295,2.383155557845872,0.46201761055342283
8428,2.8146490079493787,2.3374568990016615,0.47719210894771713
8429,2.758946662132052,2.3093865465332555,0.4495601155987967
8430,2.8193822099144388,2.3594325794215263,0.4599496304929125
8431,2.789052529978746,2.3292331466516036,0.45981938332714245
8432,2.821811191177598,2.3610948361403903,0.46071635503720776
8433,2.9006856204372164,2.457094901768822,0.4435907186683945
8434,2.8125892886827173,2.335003340939163,0.47758594774355423
8435,2.864388303113265,2.4033341751502,0.4610541279630649
8436,2.828160880998606,2.3589512289271197,0.46920965207148635
8437,2.754576091388189,2.2855321831364486,0.4690439082517406
8438,2.821587437080045,2.368506253820891,0.45308118325915414
8439,2.7315189258986607,2.2571076667917054,0.47441125910695536
8440,2.7889776699885207,2.3361364065572325,0.45284126343128817
8441,2.6699288996803276,2.197468363511039,0.47246053616928885
8442,2.75336373764528,2.3082471168068044,0.4451166208384758
8443,2.856970823819737,2.404279688691929,0.4526911351278078
8444,2.7742469713695574,2.350287485650741,0.42395948571881625
8445,2.757535740751757,2.2782238853328787,0.47931185541887844
8446,2.8319072239764305,2.3846983830431365,0.44720884093329394
8447,2.867176300670701,2.3959726224144973,0.4712036782562037
8448,2.8639398535620466,2.3939805674031183,0.46995928615892835
8449,2.884308061186915,2.3962752222313557,0.48803283895555927
8450,2.8138511926001306,2.3435578117475915,0.47029338085253913
8451,2.8526427748287104,2.3878060856023087,0.46483668922640176
8452,2.8567641548689022,2.404781909685687,0.45198224518321517
8453,2.7811550995241454,2.340813476226235,0.44034162329791027
8454,2.8802649589880254,2.4009405598601803,0.4793243991278451
8455,2.8169173939978482,2.3629832526793235,0.4539341413185247
8456,2.7469564000173854,2.2741512352360083,0.47280516478137713
8457,2.798396206691537,2.3376902443810437,0.46070596231049343
8458,2.791593753685513,2.3279574949657738,0.4636362587197391
8459,2.884132681022335,2.4274932715496647,0.45663940947267045
8460,2.8851256643039793,2.418759978716619,0.46636568558736036
8461,2.8864168976345606,2.4134414697980366,0.4729754278365239
8462,2.829290601110607,2.3916499974827388,0.43764060362786816
8463,2.819135421637937,2.3568100126498055,0.4623254089881317
8464,2.9352550052497204,2.4828696769735488,0.4523853282761716
8465,2.9057450646563656,2.4479743689933278,0.45777069566303785
8466,2.777048748653506,2.3140173015283816,0.46303144712512445
8467,2.771367218723141,2.29504346108163,0.47632375764151114
8468,2.8515935566783535,2.378608904401996,0.47298465227635766
8469,2.825052055702442,2.362803644530732,0.4622484111717102
8470,2.68747027058464,2.2390858927649493,0.44838437781969054
8471,2.7057703299028897,2.247823770692399,0.45794655921049054
8472,2.7621692590974836,2.299495160698703,0.4626740983987805
8473,2.7798909823218816,2.3195693482974677,0.46032163402441384
8474,2.8052072717912853,2.3267108117204063,0.478496460070879
8475,2.8701230784341485,2.409068084084088,0.46105499435006037
8476,2.859644283769951,2.39415861044033,0.4654856733296211
8477,2.8253628306084217,2.3435676026931773,0.48179522791524443
8478,2.8608811033401578,2.400028523328082,0.46085258001207574
8479,2.8728824011487513,2.413826394573184,0.4590560065755671
8480,2.7891677640948203,2.317653033085015,0.4715147310098051
8481,2.8070120107328393,2.3533423826955575,0.45366962803728184
8482,2.881130440879682,2.4083193392976385,0.4728111015820433
8483,2.768277939886436,2.3290882575827196,0.43918968230371647
8484,2.770248580611356,2.3070728671880154,0.4631757134233405
8485,2.708323652434221,2.2382371595895294,0.4700864928446915
8486,2.813168307471605,2.3511647255613664,0.4620035819102388
8487,2.7358144467350916,2.2512115800496693,0.4846028666854223
8488,2.7408516788601625,2.2768721422422566,0.4639795366179058
8489,2.823955502361904,2.382751179151333,0.4412043232105707
8490,2.7366733152312914,2.2762299738097975,0.4604433414214939
8491,2.8090618054779672,2.3470346693903514,0.4620271360876158
8492,2.7112624200380426,2.2588139780711427,0.45244844196689993
8493,2.8109797598650728,2.343627516820087,0.4673522430449859
8494,2.783649067820688,2.3075479309680875,0.4761011368526007
8495,2.903195967475367,2.4307232504849603,0.4724727169904068
8496,2.616924537782195,2.1794673476736612,0.43745719010853357
8497,2.9173788597814667,2.5039815192432253,0.4133973405382414
8498,2.750262076063681,2.275346343846966,0.474915732216715
8499,2.7118000386680348,2.2478646416695254,0.4639353969985094
8500,2.8179128542725667,2.339572338295796,0.47834051597677085
8501,2.7802118191483105,2.3152011873088627,0.4650106318394478
8502,2.650197943585363,2.189577529510816,0.4606204140745471
8503,2.8217021879665833,2.3668099082923884,0.454892279674195
8504,2.779191226126224,2.3060210562824026,0.4731701698438213
8505,2.7898660951245646,2.328067746864539,0.46179834826002564
8506,2.7933415334910867,2.3264254436079796,0.46691608988310707
8507,2.7696449805006838,2.310632634227173,0.45901234627351073
8508,2.7827611328802004,2.3347885021132866,0.44797263076691385
8509,2.8725767065209906,2.4216672155303187,0.4509094909906719
8510,2.712747961780516,2.2300200446392724,0.4827279171412435
8511,2.755614017832037,2.2967863952182794,0.45882762261375776
8512,2.826547508736722,2.3601815449544326,0.46636596378228923
8513,2.8228725571510203,2.3349932541186704,0.48787930303234983
8514,2.8506992783595417,2.391673504403638,0.4590257739559038
8515,2.730798495731626,2.278726668754145,0.45207182697748083
8516,2.7236126875104283,2.2564747820651947,0.4671379054452336
8517,2.8541371838891907,2.387002392865789,0.4671347910234016
8518,2.781048963210256,2.3177510573371225,0.4632979058731337
8519,2.7991263803454984,2.3392596238979824,0.45986675644751607
8520,2.851763026723651,2.3825584922758516,0.4692045344477993
8521,2.693880183902727,2.2240323505197335,0.4698478333829934
8522,2.8753142574989488,2.413801988674358,0.46151226882459095
8523,2.712728310408913,2.235479797341453,0.47724851306745997
8524,2.8184032145539155,2.3527316516833707,0.4656715628705448
8525,2.7424523007136674,2.296091445877657,0.4463608548360103
8526,2.7503147387979454,2.2968731260555484,0.453441612742397
8527,2.815638987991221,2.3582585634869884,0.4573804245042328
8528,2.8248022044637975,2.373110063037362,0.45169214142643543
8529,2.6640028522467207,2.212114372441579,0.4518884798051417
8530,2.785890691234089,2.315871037327777,0.47001965390631195
8531,2.6707196065443535,2.209298021552661,0.4614215849916925
8532,2.730619142141243,2.257249775111946,0.4733693670292971
8533,2.794460924836629,2.34853241915035,0.44592850568627895
8534,2.8936107099979247,2.447608487482886,0.44600222251503885
8535,2.969915069166771,2.5237929710591747,0.4461220981075962
8536,2.8193681038057608,2.3839472039648792,0.4354208998408815
8537,2.7417815931531138,2.259823952530171,0.48195764062294266
8538,2.738533242942389,2.2670784923754557,0.47145475056693353
8539,2.7990149112905125,2.320659885689103,0.4783550256014095
8540,2.8786223489374767,2.4180345056815495,0.46058784325592717
8541,2.8262025324832374,2.361439910220971,0.4647626222622665
8542,2.7239933855007537,2.265700643411403,0.45829274208935056
8543,2.887149221427935,2.4248864685503,0.46226275287763485
8544,2.7337050645262364,2.2707587308586565,0.46294633366757987
8545,2.898599172887957,2.4620786370396424,0.43652053584831485
8546,2.840277651370592,2.398054758116072,0.44222289325452024
8547,2.7852699374600856,2.315870907720581,0.46939902973950476
8548,2.754073648850131,2.2886888521173145,0.4653847967328164
8549,2.8146290801906653,2.369203441017272,0.44542563917339306
8550,2.9023731592178033,2.4527367428014553,0.449636416416348
8551,2.838397311696265,2.379527206888068,0.4588701048081969
8552,2.761933809150621,2.2804995249059763,0.48143428424464485
8553,2.893176003990639,2.4403100543124063,0.45286594967823257
8554,2.7061743695004816,2.2403283353274817,0.46584603417299997
8555,2.833372185580068,2.3631970073081447,0.47017517827192323
8556,2.767080977418924,2.2787425195306503,0.4883384578882737
8557,2.9179294932639794,2.4895198624371657,0.4284096308268137
8558,2.8279378447203616,2.3738806465337183,0.45405719818664325
8559,2.807972870375663,2.3465369606183692,0.46143590975729376
8560,2.7992877181785594,2.3295729003248873,0.4697148178536721
8561,2.7620166144829517,2.2798393015151857,0.482177312967766
8562,2.8361300826086295,2.3638148260911476,0.47231525651748196
8563,2.765487277712882,2.3033420304957923,0.4621452472170895
8564,2.7681170107285205,2.3080882160973446,0.46002879463117585
8565,2.8266170390459515,2.3800048359914268,0.44661220305452476
8566,2.8135723476592434,2.3587741451401714,0.454798202519072
8567,2.8093125309289007,2.3418548768395606,0.46745765408934004
8568,2.861365682958356,2.3956198012990195,0.4657458816593363
8569,2.8442474070193073,2.3761899581314543,0.46805744888785306
8570,2.901224768404153,2.461095035718886,0.44012973268526734
8571,2.8078146291689037,2.3562148490890005,0.4515997800799032
8572,2.6964098436141954,2.2387334983841742,0.4576763452300212
8573,2.8258388302561777,2.3561744958428776,0.4696643344133
8574,2.8459462762791152,2.382437012822129,0.4635092634569862
8575,2.777318000833569,2.3072813579858473,0.4700366428477216
8576,2.8333685847879866,2.375007405298533,0.45836117948945354
8577,2.8323377116535915,2.373552370036673,0.45878534161691853
8578,2.8448162302389233,2.378157086307629,0.4666591439312944
8579,2.7881244074087976,2.328437025984548,0.4596873814242497
8580,2.801096465260961,2.3206509255854684,0.48044553967549275
8581,2.817166954485608,2.3398775234992852,0.4772894309863229
8582,2.8263202849100972,2.3585103363131656,0.4678099485969316
8583,2.8183007024109883,2.363673829838126,0.45462687257286216
8584,2.8461685723156376,2.3872847622515363,0.4588838100641013
8585,2.7465810804773003,2.2852374831932605,0.46134359728403984
8586,2.770323186200651,2.3012077435487073,0.46911544265194394
8587,2.7458007411213248,2.2846248317660915,0.4611759093552332
8588,2.77363846429064,2.309311359343861,0.4643271049467792
8589,2.8432230457118237,2.3793287478550567,0.46389429785676706
8590,2.865716927619089,2.373204141464386,0.4925127861547032
8591,2.8945697679884344,2.4175144237442803,0.4770553442441541
8592,2.7502386763108952,2.2891150624484116,0.4611236138624837
8593,2.6603844925916236,2.1769597888305476,0.48342470376107594
8594,2.7585706090975575,2.28568872869695,0.47288188040060763
8595,2.8061564223529505,2.337919189911126,0.4682372324418247
8596,2.8966107133000767,2.4332379067854504,0.4633728065146263
8597,2.8419901834498402,2.3855049710996097,0.45648521235023054
8598,2.8712836139709137,2.4002491252039118,0.47103448876700194
8599,2.729925414907011,2.2525015554328918,0.47742385947411936
8600,2.7191403220361385,2.244016111549556,0.4751242104865825
8601,2.8477753712342255,2.3776800052441907,0.4700953659900349
8602,2.864045383820633,2.404587435880867,0.4594579479397658
8603,2.6986238650548158,2.2324491246894964,0.46617474036531936
8604,2.795748694958987,2.3411793817055084,0.4545693132534785
8605,2.742142368115575,2.265272247345545,0.4768701207700303
8606,2.7412737050833718,2.285855496735909,0.4554182083474627
8607,2.7748429703097104,2.302760842643973,0.4720821276657374
8608,2.848449349732082,2.3720901816471303,0.4763591680849517
8609,2.803198750440453,2.4103498752762627,0.3928488751641903
8610,2.9292043874051075,2.4619728161358205,0.46723157126928694
8611,2.7885068993425497,2.332927131830944,0.45557976751160556
8612,2.6949043301437596,2.239279103428937,0.4556252267148224
8613,2.773825192225559,2.319865747830334,0.45395944439522484
8614,2.844989349602414,2.3910410523099364,0.45394829729247776
8615,2.8164410290725255,2.3511374364028876,0.46530359266963783
8616,2.9545453194089015,2.4916629902475913,0.4628823291613102
8617,2.758756901403376,2.2864917599403167,0.4722651414630592
8618,2.862818303336562,2.4067163169554115,0.4561019863811504
8619,2.836743490133176,2.3781216328958186,0.4586218572373575
8620,2.792653367476509,2.330231215960283,0.4624221515162259
8621,2.9231680370197157,2.4765591803147275,0.4466088567049882
8622,2.7451188689572845,2.2708392339554573,0.47427963500182724
8623,2.7973929324180657,2.370536703267037,0.4268562291510287
8624,2.72972505429179,2.266547100873448,0.463177953418342
8625,2.729018953505112,2.2687129937752544,0.46030595972985777
8626,2.8504166442336154,2.386780492290612,0.4636361519430032
8627,2.919736732850268,2.505415831255607,0.41432090159466073
8628,2.8670275925679785,2.3951509679821084,0.4718766245858701
8629,2.8942034185828174,2.429605988067467,0.4645974305153504
8630,2.81906305088762,2.3612757844978414,0.45778726638977885
8631,2.809357772150597,2.3524147039504633,0.45694306820013386
8632,2.902485463719672,2.4688048474395057,0.4336806162801663
8633,2.8161843087816054,2.3558232641671704,0.46036104461443506
8634,2.6876069053586433,2.231059776126878,0.4565471292317653
8635,2.8883241872730365,2.417565031092704,0.47075915618033237
8636,2.8337830703560667,2.3840039346670365,0.44977913568903016
8637,2.808358904223958,2.3426315613660016,0.46572734285795647
8638,2.828675105488905,2.378804227401816,0.44987087808708903
8639,2.7469076581963683,2.2776561135197326,0.46925154467663566
8640,2.881080288147679,2.4294222929171583,0.45165799523052064
8641,2.8690598059646257,2.419402855376511,0.44965695058811495
8642,2.7019516398054773,2.230495836184016,0.4714558036214611
8643,2.7246984278474526,2.260630176605617,0.4640682512418355
8644,2.8123957705913627,2.3522933937238046,0.46010237686755806
8645,2.7052155146573758,2.2293887624514652,0.47582675220591053
8646,2.691981708823575,2.2270554372554896,0.4649262715680855
8647,2.7256036545159543,2.240169649956911,0.4854340045590435
8648,2.854663658807664,2.3751627179671275,0.4795009408405364
8649,2.803601498211173,2.3367268487902932,0.46687464942088
8650,2.6924056671710277,2.252082456320243,0.44032321085078463
8651,2.815914299272515,2.348567520497036,0.4673467787754788
8652,2.896839973795049,2.437427859583182,0.459412114211867
8653,2.737673221858098,2.267720122609331,0.46995309924876727
8654,2.724136419830904,2.249537713094825,0.47459870673607885
8655,2.763229706892639,2.2949973108349644,0.46823239605767464
8656,2.847395866879047,2.372440636084025,0.4749552307950218
8657,2.7534208417224058,2.2758168983231366,0.47760394339926915
8658,2.829408648376392,2.3516425922239366,0.4777660561524555
8659,2.7824308143526544,2.302440433245678,0.47999038110697656
8660,2.837871110222843,2.360198112701928,0.4776729975209153
8661,2.7801631049429685,2.3226159324548137,0.4575471724881548
8662,2.92128193661107,2.5070088071617063,0.4142731294493638
8663,2.8193587916806844,2.344980269938123,0.47437852174256134
8664,2.8195725599977703,2.341191296277624,0.47838126372014633
8665,2.831145837681229,2.3596968377125394,0.4714489999686897
8666,2.7355212766699637,2.2924182961851294,0.4431029804848343
8667,2.8218875777354384,2.353174043511122,0.4687135342243165
8668,2.9109122706315906,2.4681928948823573,0.44271937574923337
8669,2.815189598957325,2.350801578598005,0.4643880203593196
8670,2.787232409377009,2.3418991182172197,0.44533329115978937
8671,2.729113861698146,2.2956283189730295,0.4334855427251165
8672,2.9303247885008816,2.494478718723532,0.4358460697773494
8673,2.849353987460172,2.3772316530753947,0.47212233438477735
8674,2.843529868630792,2.380445771735188,0.4630840968956038
8675,2.805529213852889,2.347925096545539,0.45760411730734996
8676,2.858979851812535,2.3866751565858837,0.4723046952266512
8677,2.857851225685989,2.375703395160403,0.48214783052558596
8678,2.8743655115355886,2.4302335999742497,0.4441319115613389
8679,2.8377379101768487,2.3733302657962168,0.464407644380632
8680,2.7014761733529835,2.2272252568727335,0.47425091648025
8681,2.809095107552657,2.35683329898065,0.45226180857200715
8682,2.796152283689118,2.343486464164994,0.4526658195241242
8683,2.7670939917274895,2.2878856124534765,0.47920837927401294
8684,2.7610658012947566,2.316382490775373,0.4446833105193835
8685,2.8246924104540154,2.3376521232091014,0.487040287244914
8686,2.814154993478506,2.3461888639547968,0.4679661295237092
8687,2.817124348339255,2.3445696651037964,0.4725546832354586
8688,2.884548513158391,2.405244837139842,0.47930367601854895
8689,2.747158354345901,2.295321720444245,0.45183663390165574
8690,2.7765416347714864,2.3067487657631034,0.469792869008383
8691,2.8791669254722687,2.435451135358262,0.44371579011400675
8692,2.768372750745235,2.3065196612576866,0.46185308948754855
8693,2.779200673893615,2.3358636551808494,0.44333701871276565
8694,2.8379108472650962,2.3646409066602714,0.47326994060482486
8695,2.796415477311462,2.315655583793017,0.48075989351844495
8696,2.839802609686941,2.3762557837183036,0.4635468259686375
8697,2.8112320852805,2.345160796825258,0.4660712884552418
8698,2.825489803405307,2.3589916246986995,0.46649817870660737
8699,2.7920820253362644,2.343024179616242,0.4490578457200223
8700,2.7127185268121647,2.250548299249815,0.4621702275623498
8701,2.8050351675606637,2.329629659914716,0.4754055076459478
8702,2.8681521885495513,2.38274428399679,0.4854079045527615
8703,2.8037652732139926,2.3350844854205404,0.46868078779345224
8704,2.8510546728134756,2.397032104025209,0.4540225687882664
8705,2.8335066595227865,2.380184309021742,0.45332235050104464
8706,2.941021277878468,2.516267867378522,0.42475341049994597
8707,2.7846065819630255,2.3164571358308073,0.4681494461322182
8708,2.769547645662585,2.290999057147243,0.47854858851534177
8709,2.821455645844178,2.335946212964842,0.4855094328793359
8710,2.8418522734784952,2.3738852887222412,0.467966984756254
8711,2.7789597861886794,2.307214202676493,0.47174558351218643
8712,2.764586631872754,2.2958384543418098,0.46874817753094433
8713,2.9440382961099303,2.4990474186633924,0.44499087744653787
8714,2.7891755653556167,2.3333649693033007,0.455810596052316
8715,2.853978304778164,2.3952801226271134,0.45869818215105074
8716,2.9286820069522705,2.436296687370824,0.4923853195814467
8717,2.78003995660298,2.3286874636831736,0.4513524929198063
8718,2.7425222445371458,2.2678318841803624,0.47469036035678336
8719,2.802339490382509,2.332766352726712,0.469573137655797
8720,2.8974868179659197,2.444716232832936,0.4527705851329835
8721,2.8613579048541253,2.420386688688065,0.4409712161660604
8722,2.832385289403722,2.385643246430608,0.44674204297311393
8723,2.883963026152274,2.4185967713580725,0.4653662547942017
8724,2.6779981624978264,2.2186672636447424,0.459330898853084
8725,2.810171182458517,2.3251197183833305,0.4850514640751866
8726,2.8340313155925436,2.388352972398315,0.4456783431942286
8727,2.7912949242703915,2.31505688656923,0.4762380377011617
8728,2.834555313512036,2.3492045557727006,0.4853507577393352
8729,2.798749267598388,2.324604510823426,0.4741447567749617
8730,2.836587494422996,2.363860177276901,0.47272731714609506
8731,2.823968980014071,2.380810450456825,0.443158529557246
8732,2.9390566962647786,2.4611128493777317,0.47794384688704694
8733,2.8492100053996157,2.392540454329423,0.4566695510701928
8734,2.729790538511616,2.266016452075503,0.4637740864361133
8735,2.7090095216444636,2.234539856471362,0.4744696651731015
8736,2.699589945165577,2.220344983405884,0.4792449617596928
8737,2.7915457322603743,2.3339465793408554,0.4575991529195189
8738,2.803748875256722,2.340249514429715,0.46349936082700705
8739,2.7925324729657706,2.3554102382693443,0.4371222346964263
8740,2.7834382907539466,2.3026618464599347,0.4807764442940119
8741,2.8670285498477073,2.395197420410815,0.4718311294368922
8742,2.8921193734368162,2.4340788780051543,0.4580404954316619
8743,2.8289611011270672,2.375094123780793,0.45386697734627424
8744,2.7549129801232946,2.288238812429521,0.46667416769377335
8745,2.7645600218438973,2.3180737744483593,0.446486247395538
8746,2.854505220736515,2.372745862088722,0.48175935864779307
8747,2.7613137728678168,2.28960129554543,0.47171247732238664
8748,2.755400773234067,2.296098547588627,0.45930222564543977
8749,2.762010949780754,2.2871857445548716,0.47482520522588256
8750,2.698966243843744,2.2356591337651577,0.46330711007858616
8751,2.822443421984891,2.354292769381753,0.4681506526031378
8752,2.87391417040921,2.418881677165192,0.45503249324401773
8753,2.83669528588401,2.4033444410486093,0.43335084483540065
8754,2.87461359357218,2.395661557324561,0.47895203624761873
8755,2.8133085221371026,2.3438691496094237,0.46943937252767887
8756,2.834464707227654,2.366010963068434,0.4684537441592198
8757,2.7618571609001186,2.295848909471113,0.4660082514290056
8758,2.785548504599171,2.3036033636092643,0.4819451409899065
8759,2.8994936866613723,2.4704460778632145,0.42904760879815784
8760,2.7842300802488356,2.36009049804708,0.4241395822017555
8761,2.854814406686201,2.4111957244158053,0.4436186822703956
8762,2.87287403921823,2.4342711467460725,0.43860289247215745
8763,2.8300656982173438,2.382656509887343,0.4474091883300009
8764,2.7959475883485316,2.320537720768489,0.47540986758004244
8765,2.820593971575614,2.366427487798143,0.4541664837774708
8766,2.8211636398166045,2.3372597052999753,0.48390393451662916
8767,2.731154277907766,2.2599410322361386,0.4712132456716276
8768,2.9043285589634995,2.4502338978617852,0.45409466110171426
8769,2.8951983270470767,2.42651723750828,0.4686810895387965
8770,2.8714193463449478,2.398453826281206,0.4729655200637417
8771,2.8980698528449684,2.415766767188234,0.4823030856567345
8772,2.6553945102490717,2.2006500680555483,0.4547444421935234
8773,2.930515822147275,2.488508216123938,0.4420076060233371
8774,2.7934424499659496,2.3270444613310013,0.4663979886349483
8775,2.7708868132585542,2.300815919501778,0.47007089375677635
8776,2.7553798230909177,2.295228607209514,0.4601512158814036
8777,2.8008635604199843,2.380035397277905,0.42082816314207916
8778,2.890851968944762,2.4170346094921817,0.4738173594525801
8779,2.8813231927476695,2.4187943103957057,0.46252888235196377
8780,2.826503381117787,2.3577937445311288,0.4687096365866581
8781,2.8519175085639503,2.3720391492931836,0.4798783592707667
8782,2.7535671007144926,2.2763004306133046,0.47726667010118806
8783,2.8579924670775747,2.372514619748962,0.48547784732861254
8784,2.812825971984786,2.352426236839026,0.46039973514576005
8785,2.773106514726375,2.3189452538167035,0.4541612609096717
8786,2.904929554652255,2.4259523015610016,0.4789772530912533
8787,2.79052868851196,2.309202055115908,0.4813266333960522
8788,2.838152050112868,2.398707766745581,0.4394442833672869
8789,2.8000517264899596,2.3366925793222406,0.463359147167719
8790,2.8100183361631133,2.3251692653862586,0.4848490707768547
8791,2.962216349884231,2.5238249966146364,0.43839135326959466
8792,2.8292350402864437,2.36891221429354,0.46032282599290353
8793,2.738910642578532,2.2594501714055086,0.47946047117302326
8794,2.7865225475328828,2.35287619401569,0.43364635351719283
8795,2.7923800208321152,2.339089021509994,0.453290999322121
8796,2.8414086928273847,2.4054930483589936,0.43591564446839115
8797,2.8227664927711116,2.345237497199029,0.4775289955720825
8798,2.7920040955652996,2.337008064354818,0.4549960312104817
8799,2.7891564812034435,2.331652217653983,0.4575042635494606
8800,2.8262583601080475,2.3688873323509463,0.45737102775710126
8801,2.8679903857115043,2.42793004940516,0.44006033630634445
8802,2.8846063624701257,2.4380413002764976,0.4465650621936281
8803,2.853846402321235,2.391076842482611,0.46276955983862367
8804,2.692535266981551,2.222286278674834,0.47024898830671713
8805,2.8171932095254753,2.338446476797947,0.4787467327275281
8806,2.717496810710624,2.2634525397875844,0.4540442709230397
8807,2.818963196751374,2.3749195477136253,0.4440436490377486
8808,2.7102414982960665,2.240177068262229,0.4700644300338377
8809,2.8392477513431333,2.387482862757956,0.45176488858517727
8810,2.7583350402206777,2.2823922452844436,0.47594279493623404
8811,2.8870159609528656,2.469075613058669,0.41794034789419676
8812,2.827919828684499,2.382966417732876,0.4449534109516229
8813,2.87696844061795,2.42491845807528,0.45204998254267004
8814,2.745317263308698,2.2779194212672174,0.4673978420414806
8815,2.761394786439159,2.316650924272718,0.4447438621664408
8816,2.7484721302252813,2.276832451977938,0.4716396782473433
8817,2.853076695816609,2.400142107167635,0.45293458864897396
8818,2.8266432423620897,2.359931749791936,0.46671149257015365
8819,2.885837891908717,2.442345484232093,0.443492407676624
8820,2.775529564520827,2.3232016905722745,0.45232787394855256
8821,2.816213522087526,2.346141960380879,0.4700715617066469
8822,2.8545985519521686,2.374998700142619,0.47959985180954945
8823,2.76524910685799,2.298861657636628,0.466387449221362
8824,2.842671066353355,2.389916851720727,0.45275421463262777
8825,2.7139233493358543,2.2481523836661017,0.4657709656697526
8826,2.801401521187926,2.3525987299883044,0.4488027911996215
8827,2.951336222053616,2.5399473890967603,0.4113888329568556
8828,2.8614503313409947,2.3938099992338686,0.4676403321071261
8829,2.7752173381497056,2.31685697444657,0.4583603637031355
8830,2.7674821616099274,2.3137720331607756,0.4537101284491518
8831,2.8043804315292697,2.3666704414810504,0.4377099900482193
8832,2.7033285267643206,2.242365313360122,0.46096321340419877
8833,2.7516414733598804,2.293982042993684,0.4576594303661965
8834,2.8212149336580703,2.3619306099745567,0.4592843236835136
8835,2.9001222130933697,2.446565462097418,0.4535567509959515
8836,2.7057058527493654,2.251781602234737,0.45392425051462837
8837,2.845807950924366,2.3812489955340195,0.46455895539034664
8838,2.8553670303539422,2.390425198901636,0.46494183145230616
8839,2.862122828822974,2.401861112553454,0.46026171626952017
8840,2.723615233569275,2.238554015967214,0.4850612176020612
8841,2.7688865918333394,2.3105796934894824,0.45830689834385696
8842,2.917838317220629,2.4490027699297308,0.46883554729089827
8843,2.8279785209841135,2.3517572314841164,0.4762212894999971
8844,2.785732067777926,2.3382151396843454,0.44751692809358046
8845,2.74385221503357,2.2671344117398893,0.47671780329368074
8846,2.7719353748443853,2.3105094980070904,0.46142587683729497
8847,2.922343809291197,2.485323172948272,0.437020636342925
8848,2.8031540942241886,2.366254736977583,0.43689935724660556
8849,2.778965393443597,2.3167197582274373,0.4622456352161599
8850,2.861204867443209,2.398222314742826,0.462982552700383
8851,2.7316371907734474,2.255341654797742,0.4762955359757055
8852,2.72895343052414,2.279937354155299,0.4490160763688409
8853,2.7410772189600756,2.2782015312228343,0.4628756877372413
8854,2.9755622777740482,2.50505444718949,0.47050783058455803
8855,2.8536148326550967,2.4068389164304858,0.446775916224611
8856,2.723492522793024,2.272417845167132,0.4510746776258916
8857,2.753302424695279,2.2891394542353356,0.4641629704599435
8858,2.897100233670513,2.4398861672157346,0.4572140664547786
8859,2.7506604028592467,2.2861983107670945,0.4644620920921523
8860,2.8029657356304556,2.3727362993039995,0.43022943632645605
8861,2.8096098097960773,2.3605553124373646,0.4490544973587127
8862,2.8308043648147483,2.3504369970798593,0.480367367734889
8863,2.7852201755425128,2.3384140773174846,0.44680609822502815
8864,2.83586454352299,2.375968527512935,0.45989601601005514
8865,2.8551171495692214,2.3899406113297412,0.46517653823948013
8866,2.9565994153401407,2.51246349900216,0.4441359163379808
8867,2.800737072526439,2.3505880368002394,0.45014903572619946
8868,2.742747623018166,2.2779076515068746,0.4648399715112914
8869,2.8661198473896814,2.4486001430993647,0.4175197042903167
8870,2.7544022073011063,2.303880284203993,0.45052192309711314
8871,2.8927526598404714,2.428732853979743,0.46401980586072833
8872,2.742086989700509,2.269624714682815,0.4724622750176941
8873,2.7790692498487317,2.354979349830893,0.42408990001783886
8874,2.797563913628051,2.339352063783414,0.4582118498446368
8875,2.8828115778079137,2.449596408890381,0.43321516891753253
8876,2.769285303192905,2.3172749890246362,0.45201031416826876
8877,2.7782113759306313,2.3147952262465097,0.4634161496841216
8878,2.7419650664451622,2.283294673044433,0.45867039340072946
8879,2.866690037454702,2.400669626855909,0.46602041059879307
8880,2.8308470036709252,2.3723633107611573,0.458483692909768
8881,2.872414642830002,2.4353848250166177,0.43702981781338446
8882,2.8033421071288727,2.3420847552565545,0.4612573518723182
8883,2.8028075061820203,2.350482241035474,0.45232526514654614
8884,2.877065201620602,2.4415571925894497,0.4355080090311523
8885,2.846381343154997,2.380903753340419,0.465477589814578
8886,2.9125981180556613,2.4551651005960937,0.45743301745956755
8887,2.7239420735160604,2.2518999678190177,0.47204210569704275
8888,2.746417728900505,2.2609207944384373,0.48549693446206765
8889,2.7913742316779806,2.3228388215228954,0.46853541015508515
8890,2.730849162198171,2.265566274446201,0.4652828877519699
8891,2.7109791228454325,2.269681089997655,0.4412980328477776
8892,2.8334073771422936,2.357230151015164,0.47617722612712976
8893,2.8976378537005636,2.4541013164079484,0.4435365372926152
8894,2.732523623944092,2.2528223376529852,0.47970128629110675
8895,2.8520776205745277,2.3981968857003473,0.45388073487418046
8896,2.7698594109623063,2.30877825983294,0.46108115112936643
8897,2.845177249484129,2.3733471419652967,0.47183010751883225
8898,2.8408659930373927,2.3774093314243063,0.4634566616130864
8899,2.8946610724678177,2.4134131270520838,0.4812479454157339
8900,2.7449125985808176,2.27670120254562,0.4682113960351977
8901,2.8092955597389526,2.3352310941857852,0.4740644655531674
8902,2.8762828451580877,2.441018974289499,0.43526387086858875
8903,2.8495701778687774,2.3912137446899173,0.4583564331788601
8904,2.8115807739849012,2.360856836405842,0.45072393757905926
8905,2.9250821415126964,2.4432034329425525,0.4818787085701439
8906,2.8047809263639336,2.328498925245131,0.4762820011188027
8907,2.757950841330849,2.297020425432388,0.4609304158984613
8908,2.924104761725497,2.4665740584702696,0.4575307032552276
8909,2.7225254973754156,2.2666876518160275,0.4558378455593881
8910,2.8909175239716527,2.400940619757907,0.4899769042137456
8911,2.9024766752026467,2.4656614235969414,0.43681525160570533
8912,2.8936234792540216,2.443432399315794,0.4501910799382278
8913,2.7879435923400635,2.3210285449791126,0.4669150473609509
8914,2.7859999831566995,2.3105832526509356,0.47541673050576394
8915,2.7986627325263185,2.332324773466273,0.4663379590600454
8916,2.7178941132543986,2.246122265232837,0.47177184802156136
8917,2.876062232517292,2.4149313977584583,0.4611308347588339
8918,2.8768599101980334,2.4161183174727277,0.4607415927253058
8919,2.8239332050351513,2.365276362647594,0.45865684238755744
8920,2.695404570413643,2.222315689038869,0.4730888813747738
8921,2.7024164477285644,2.2390973886638657,0.4633190590646987
8922,2.6380175887521946,2.1703086972283683,0.46770889152382633
8923,2.8087093954783198,2.334021916416216,0.4746874790621036
8924,2.8129872747429756,2.335657270137736,0.47733000460523956
8925,2.8014844698701173,2.3334312594458226,0.4680532104242947
8926,2.7430931560601115,2.288203204627063,0.45488995143304845
8927,2.831544057917282,2.3839263616157473,0.4476176963015348
8928,2.7282684993393858,2.262954845264178,0.46531365407520786
8929,2.793006177520048,2.3134988319975007,0.47950734552254737
8930,2.774975654378899,2.3057540280197903,0.4692216263591087
8931,2.7463576747315313,2.2682817481830275,0.4780759265485037
8932,2.9104117057538907,2.4447226535358206,0.4656890522180701
8933,2.7788006923447113,2.298585279537794,0.4802154128069174
8934,2.8220563970169716,2.3600672756784955,0.46198912133847614
8935,2.909953651742406,2.4386217946719277,0.4713318570704783
8936,2.8536257297347354,2.3869364670731166,0.4666892626616188
8937,2.7165827465746326,2.2509878674946107,0.46559487908002195
8938,2.8961922316865816,2.428799684945255,0.4673925467413267
8939,2.790860190249162,2.334251874501379,0.45660831574778316
8940,2.7713284539568597,2.304454617087189,0.46687383686967054
8941,2.7590613746006456,2.2824997917968304,0.4765615828038152
8942,2.83726760281489,2.364730760014689,0.47253684280020103
8943,2.8109331586697897,2.3576006017227824,0.45333255694700725
8944,2.901940827504193,2.4347238426025637,0.4672169849016292
8945,2.9008386517223235,2.443318333384188,0.45752031833813556
8946,2.792576144719606,2.335242651571862,0.4573334931477442
8947,2.820104599257636,2.364570617104708,0.4555339821529283
8948,2.878406211423656,2.406750529277823,0.47165568214583287
8949,2.7320514159956963,2.2596353607221125,0.4724160552735839
8950,2.7401597540251177,2.274331857523916,0.4658278965012017
8951,2.858615619233822,2.3983867948875788,0.4602288243462431
8952,2.8923296097950923,2.466063731332195,0.42626587846289743
8953,2.8401888211240456,2.3769563904649047,0.4632324306591409
8954,2.8423160903947253,2.3742813873539133,0.4680347030408121
8955,2.778767839350544,2.3162489530751933,0.46251888627535065
8956,2.762903404491126,2.2733242997046452,0.4895791047864808
8957,2.7908643425949036,2.3257416158136226,0.46512272678128097
8958,2.8048136630551017,2.3288575021994937,0.475956160855608
8959,2.686264790654809,2.225585789576521,0.46067900107828796
8960,2.7773062142145815,2.323404635684816,0.45390157852976554
8961,2.806049491792201,2.378354636014468,0.4276948557777329
8962,2.7905401686068783,2.3384374907877103,0.4521026778191679
8963,2.8145185258774084,2.390561759309146,0.4239567665682622
8964,2.776879358783683,2.309127387341678,0.46775197144200487
8965,2.813297321556371,2.34865594888244,0.4646413726739307
8966,2.949332094178748,2.520719552779145,0.42861254139960314
8967,2.8095211681716377,2.331435521246962,0.4780856469246757
8968,2.7387121993073884,2.2685973037997473,0.4701148955076411
8969,2.6734761587460487,2.1987911144904366,0.4746850442556121
8970,2.7714484620996203,2.3059893036211125,0.4654591584785077
8971,2.765737179594683,2.293586405566959,0.47215077402772376
8972,2.864504949688517,2.406492092648415,0.4580128570401021
8973,2.8401392683707662,2.3812882093346865,0.4588510590360797
8974,2.78195209538141,2.3009937295664544,0.48095836581495544
8975,2.8120840501938655,2.3396433833705808,0.4724406668232848
8976,2.730108168986018,2.2876814177359694,0.4424267512500486
8977,2.8394698092939965,2.355462518602636,0.4840072906913604
8978,2.6139437331724813,2.1528985038378834,0.4610452293345979
8979,2.8088265598938764,2.332209660392667,0.47661689950120945
8980,2.7662835362454876,2.28175949398965,0.48452404225583745
8981,2.700378992078906,2.241467463280344,0.4589115287985619
8982,2.7465985544018428,2.2827004041192893,0.46389815028255343
8983,2.8284069346974476,2.372738588863544,0.4556683458339035
8984,2.7752387307861426,2.323456132926916,0.4517825978592267
8985,2.7838860402656733,2.3321705507371315,0.4517154895285418
8986,2.8804272536931546,2.431241560166965,0.44918569352618976
8987,2.8177259403714965,2.347512757659486,0.4702131827120106
8988,2.933896307417881,2.4808940589761552,0.453002248441726
8989,2.8147172554415687,2.354070960702607,0.4606462947389618
8990,2.76773195809947,2.3108357586387984,0.4568961994606715
8991,2.7068348236018718,2.2274670246401307,0.4793677989617411
8992,2.856379658767996,2.40957272828684,0.44680693048115616
8993,2.7659833257265576,2.3210092186870006,0.444974107039557
8994,2.7808800183683355,2.3270256917810253,0.4538543265873103
8995,2.851942989800248,2.416461270545594,0.4354817192546543
8996,2.809674022113318,2.3337024220367453,0.4759716000765728
8997,2.7869772638332333,2.310072687889212,0.47690457594402114
8998,2.838646155041472,2.3775676980652594,0.4610784569762125
8999,2.8506683981675742,2.388634879234462,0.4620335189331124
9000,2.7245730438933,2.2507740488457006,0.47379899504759937
9001,2.7576672722304685,2.303851472119076,0.45381580011139233
9002,2.880376237319085,2.423520522473346,0.45685571484573906
9003,2.828166080424396,2.3666645969587066,0.4615014834656894
9004,2.9052298837256,2.440750196667429,0.4644796870581711
9005,2.7845968005854482,2.3045181272455824,0.48007867333986587
9006,2.8932303452632557,2.4362787599703686,0.45695158529288715
9007,2.815159133654603,2.3392574272015154,0.4759017064530875
9008,2.8137682519402003,2.3488227140094895,0.4649455379307108
9009,2.793322678068541,2.3256639171390923,0.4676587609294489
9010,2.89549419974512,2.4606971665177038,0.43479703322741603
9011,2.637940008017121,2.184788993065185,0.4531510149519362
9012,2.92826383103668,2.4597756634961634,0.4684881675405168
9013,2.8779825447629914,2.4458546253202935,0.4321279194426979
9014,2.7588380356461646,2.292872651806535,0.4659653838396296
9015,2.770321328777985,2.3208864557590116,0.4494348730189732
9016,2.7627900057216452,2.347282366904046,0.4155076388175991
9017,2.625817003279227,2.1668710079440405,0.45894599533518665
9018,2.7385811777581583,2.27128839466976,0.46729278308839817
9019,2.8958470666847265,2.440116446738297,0.45573061994642927
9020,2.8487082599218008,2.3866444603449275,0.46206379957687327
9021,2.8136723237133423,2.357200537327122,0.4564717863862202
9022,2.778184528208248,2.3361950993609586,0.4419894288472892
9023,2.8789878019968493,2.448723213056119,0.43026458894073016
9024,2.9017210684895063,2.415139632424384,0.4865814360651224
9025,2.7384024642100098,2.3173114293486297,0.4210910348613801
9026,2.865256780078368,2.399878213602839,0.465378566475529
9027,2.7764553748473575,2.318123219473422,0.45833215537393546
9028,2.792799616189624,2.3299149848334286,0.4628846313561952
9029,2.8780204317764264,2.406377262477278,0.4716431692991483
9030,2.85408977276103,2.391925786488176,0.46216398627285393
9031,2.8826158154669783,2.431642338769006,0.4509734766979725
9032,2.8106041481727306,2.3288096315140585,0.4817945166586721
9033,2.7336108248777506,2.2975523825625066,0.43605844231524404
9034,2.789967793439716,2.3292894491677543,0.46067834427196175
9035,2.83412216195786,2.382785850042092,0.45133631191576784
9036,2.812666711808581,2.354659263239546,0.4580074485690351
9037,2.763255746774727,2.2952449427844295,0.4680108039902975
9038,2.6957554618160584,2.212177695960934,0.4835777658551246
9039,2.845217946198756,2.4252184973405075,0.4199994488582486
9040,2.643065656645802,2.173600241413913,0.46946541523188934
9041,2.778846192132209,2.342577218339041,0.436268973793168
9042,2.8944264522248275,2.416718612457862,0.4777078397669654
9043,2.8643293286053697,2.4052306017080967,0.45909872689727305
9044,2.890204840088977,2.4353507130064287,0.45485412708254813
9045,2.862560823640179,2.411113342933739,0.4514474807064399
9046,2.785825479426389,2.322974427288152,0.46285105213823696
9047,2.8226524748721906,2.344040159860204,0.47861231501198676
9048,2.766352596512178,2.2898079346058724,0.4765446619063054
9049,2.8611566594016744,2.3876448221909374,0.473511837210737
9050,2.8845694715427337,2.4336770680424524,0.45089240350028126
9051,2.6904110345836387,2.2328624226486165,0.4575486119350223
9052,2.8071502718718357,2.3448053129213315,0.4623449589505042
9053,2.7532885455621283,2.290805046243154,0.46248349931897437
9054,2.7561065596105156,2.2871726084833384,0.4689339511271773
9055,2.757494211068969,2.29916448944468,0.45832972162428876
9056,2.747117819640094,2.270135410899666,0.47698240874042774
9057,2.877046171546136,2.4286624548008997,0.44838371674523625
9058,2.7862787736073247,2.3055365028164103,0.48074227079091436
9059,2.670838527382267,2.1984166240381247,0.47242190334414236
9060,2.8984161166320375,2.4468826071065384,0.4515335095254991
9061,2.825110410725257,2.3946439946261164,0.4304664160991405
9062,2.7314035413243785,2.2765968602449163,0.4548066810794622
9063,2.671955786120936,2.2303804362085033,0.44157534991243264
9064,2.8664462157052317,2.3934885908635857,0.47295762484164605
9065,2.7667234513675565,2.318756316376708,0.4479671349908485
9066,2.6784571339253263,2.2114404179250204,0.4670167160003058
9067,2.777381396185727,2.339333698135889,0.438047698049838
9068,2.906606804540769,2.4988970306988287,0.4077097738419404
9069,2.9077694287235123,2.4645484949122367,0.4432209338112756
9070,2.800199773563485,2.3362769432670984,0.4639228302963865
9071,2.848541984480482,2.4083524704272574,0.4401895140532246
9072,2.8227330031667806,2.353079035267593,0.46965396789918756
9073,2.82958477974472,2.3803505245012935,0.44923425524342653
9074,2.7345791159752153,2.2619145696785137,0.4726645462967016
9075,2.710209686664351,2.226411156007298,0.48379853065705314
9076,2.732297336275219,2.2773541912576714,0.45494314501754785
9077,2.8264997438175006,2.3473659881675073,0.4791337556499933
9078,2.8448827508205237,2.3744491181604297,0.47043363266009397
9079,2.824811847591921,2.3507107650078773,0.4741010825840437
9080,2.7708210255320385,2.3108604577886003,0.4599605677434382
9081,2.8006417140834006,2.346390182830661,0.45425153125273976
9082,2.7426390792114805,2.2657248781734354,0.47691420103804516
9083,2.7940568832239507,2.3277216738605113,0.4663352093634394
9084,2.8206917969048466,2.3789415065219406,0.44175029038290603
9085,2.8934334826131733,2.450283168253301,0.4431503143598725
9086,2.754969082686582,2.278505706933703,0.4764633757528789
9087,2.7829818805196784,2.3090916732009776,0.4738902073187008
9088,2.7227940745744412,2.29430217795397,0.4284918966204714
9089,2.781716702199194,2.33493908970376,0.44677761249543435
9090,2.7480817613894772,2.2678234293462847,0.48025833204319257
9091,2.904721889698138,2.426621019951616,0.47810086974652233
9092,2.8707604117330168,2.4251673424137024,0.4455930693193144
9093,2.907967687938248,2.4458551717064365,0.4621125162318114
9094,2.73992689019892,2.2771743926474883,0.46275249755143166
9095,2.781690359966486,2.322565335045964,0.4591250249205223
9096,2.7093344814873204,2.2335757592655354,0.47575872222178495
9097,2.807183187504091,2.365721341473166,0.4414618460309252
9098,2.8756518939119484,2.4272867730971828,0.44836512081476565
9099,2.8404861104625283,2.3907032406522406,0.4497828698102877
9100,2.8964893381561243,2.441744400851986,0.4547449373041381
9101,2.6627039107068535,2.1972851432652414,0.46541876744161215
9102,2.8015633245028004,2.348417738644419,0.4531455858583815
9103,2.94167752435617,2.48866439719648,0.4530131271596898
9104,2.829430817466348,2.3622231931116597,0.4672076243546881
9105,2.8724942159128846,2.4383216117001947,0.4341726042126899
9106,2.7479072882771356,2.274496219159672,0.4734110691174638
9107,2.7761145968591836,2.3195503274887184,0.45656426937046524
9108,2.788534884672816,2.3279080594121893,0.4606268252606269
9109,2.8474100896481866,2.3844904037194916,0.46291968592869503
9110,2.9035652157583254,2.4507296664231326,0.45283554933519277
9111,2.753119759400381,2.291407285372971,0.4617124740274101
9112,2.8184368944806826,2.3512996934730497,0.4671372010076329
9113,2.6231559363032204,2.142741830397108,0.48041410590611244
9114,2.8447774409838336,2.376928450444373,0.4678489905394607
9115,2.8357534312794725,2.379114787357564,0.45663864392190856
9116,2.909828054112797,2.446458312368253,0.46336974174454415
9117,2.7100451848835583,2.2470171934143486,0.4630279914692097
9118,2.8781532663614344,2.422234036552189,0.4559192298092456
9119,2.758195748405867,2.289883708073905,0.46831204033196183
9120,2.952729720253778,2.4994974771923,0.4532322430614779
9121,2.769597586413795,2.307763869993595,0.4618337164202
9122,2.790251343112941,2.334297201090996,0.45595414202194506
9123,2.8854332361392014,2.424302164984049,0.4611310711551524
9124,2.7797451701280096,2.328861045065877,0.4508841250621325
9125,2.6786378073917976,2.1929064650477907,0.48573134234400683
9126,2.8786534046994166,2.4331287153359322,0.4455246893634843
9127,2.7568675797506454,2.292895272803778,0.46397230694686753
9128,2.7326111234571355,2.270333178537391,0.4622779449197445
9129,2.8683332180935404,2.4157126750059397,0.4526205430876007
9130,2.914494625447844,2.434399505342699,0.4800951201051449
9131,2.8326542673509416,2.3522264628257337,0.48042780452520795
9132,2.8530990476931892,2.3888308069336275,0.46426824075956175
9133,2.6914749236428515,2.2270517911744054,0.464423132468446
9134,2.8199530191468427,2.3501786220800187,0.469774397066824
9135,2.861433396377473,2.3994695188163804,0.4619638775610926
9136,2.7513277201962323,2.2773510896739233,0.473976630522309
9137,2.797365613077206,2.3157576608803123,0.4816079521968937
9138,2.745883252854295,2.2897068945964656,0.4561763582578293
9139,2.8879704397800388,2.4341495824511177,0.4538208573289211
9140,2.8862825690144245,2.438485064191772,0.44779750482265257
9141,2.8691619493307,2.4112029381873517,0.45795901114334825
9142,2.8089589841205176,2.337798728615645,0.4711602555048726
9143,2.793884966060582,2.329070761376135,0.46481420468444723
9144,2.8152309190681977,2.378268016002481,0.4369629030657167
9145,2.8394425573143214,2.3985995523977683,0.44084300491655304
9146,2.7410562310309854,2.2824611920314966,0.45859503899948884
9147,2.635036601629126,2.179584763036275,0.4554518385928512
9148,2.94466658011748,2.5150754650778793,0.4295911150396008
9149,2.7704821711938266,2.3089843247924824,0.46149784640134417
9150,2.708320728224667,2.243493228524714,0.4648274996999531
9151,2.762260216198043,2.305597659894135,0.45666255630390795
9152,2.746273098087974,2.2828505043220626,0.46342259376591155
9153,2.7175268777950583,2.257858140116591,0.4596687376784674
9154,2.775310086996846,2.31199063204757,0.46331945494927584
9155,2.8506374958209864,2.385180435501552,0.46545706031943457
9156,2.8547463455914985,2.407298154193661,0.44744819139783765
9157,2.8229678562671907,2.3626443447897256,0.4603235114774651
9158,2.816128487194708,2.359423832097672,0.45670465509703595
9159,2.783285414590675,2.303175291433855,0.4801101231568201
9160,2.837621123633804,2.3662271615495616,0.47139396208424245
9161,2.7900747694825245,2.340687572727867,0.44938719675465766
9162,2.7887037922532163,2.3322320846634423,0.45647170758977396
9163,2.833544644830991,2.3598418579107845,0.4737027869202066
9164,2.7547664228262714,2.281665114368688,0.47310130845758325
9165,2.7874200935257663,2.337199488560833,0.4502206049649331
9166,2.7212483442997324,2.2643011352824054,0.456947209017327
9167,2.8026501172511082,2.3169400775783258,0.4857100396727825
9168,2.8444519085099076,2.3954992396603485,0.4489526688495591
9169,2.8977401875334285,2.4499196876765397,0.4478204998568889
9170,2.7755611346689095,2.300020138541505,0.47554099612740464
9171,2.851098260092298,2.3811378218180983,0.46996043827419953
9172,2.8423565385282017,2.380346279056137,0.46201025947206453
9173,2.793950557355868,2.325409579700462,0.4685409776554059
9174,2.929995520673544,2.523761335735561,0.40623418493798313
9175,2.8213094597758306,2.3472630321492343,0.4740464276265963
9176,2.81056019968343,2.3540485758336303,0.4565116238497997
9177,2.7892824045433278,2.342655070355552,0.44662733418777556
9178,2.6788376524974913,2.207673463311876,0.4711641891856151
9179,2.762967188964264,2.3038531463387337,0.45911404262553024
9180,2.8750012104115665,2.4309241903653676,0.444077020046199
9181,2.804794181658137,2.355540170326143,0.4492540113319943
9182,2.7524546182007477,2.2845431936132408,0.4679114245875069
9183,2.827947046346166,2.344495028968942,0.4834520173772239
9184,2.8303246509230133,2.353263797062664,0.47706085386034935
9185,2.814102943205945,2.3746293925923414,0.4394735506136036
9186,2.6602103757868014,2.2065674212072413,0.45364295457956016
9187,2.7567127434751773,2.280719044934718,0.47599369854045914
9188,2.7077904159877413,2.2490424797809787,0.4587479362067626
9189,2.7921648215225026,2.341573242026411,0.45059157949609174
9190,2.8024112873932707,2.3446417513930706,0.4577695360002001
9191,2.8792264686450957,2.43526191744538,0.4439645511997159
9192,2.8651927492734672,2.4073384997472393,0.4578542495262279
9193,2.80337647374555,2.333309320712679,0.47006715303287105
9194,2.8199606028127593,2.3492904687291083,0.470670134083651
9195,2.7534188487211915,2.3008144941123647,0.45260435460882675
9196,2.8441510886720933,2.3663464505988947,0.4778046380731986
9197,2.87457104658379,2.388697235365038,0.48587381121875195
9198,2.8710406333232408,2.423870458452993,0.4471701748702479
9199,2.768218276170021,2.287216649494312,0.4810016266757091
9200,2.857834442862559,2.3913985553159396,0.46643588754661947
9201,2.827023881284924,2.365352985716737,0.4616708955681874
9202,2.8236878567225467,2.353715954004042,0.46997190271850453
9203,2.8098020946123223,2.3532659604649386,0.4565361341473837
9204,2.8785619387988524,2.423856261075878,0.4547056777229743
9205,2.614844603231932,2.1489306895505567,0.46591391368137547
9206,2.7615997683150586,2.300284593218649,0.46131517509640974
9207,2.8529583038553135,2.382219215299151,0.4707390885561624
9208,2.766264708490762,2.3147969781961173,0.4514677302946448
9209,2.7402121081678783,2.2663781959997436,0.47383391216813475
9210,2.8398073603332707,2.376786252367823,0.4630211079654476
9211,2.905086418417429,2.4506631535636925,0.4544232648537365
9212,2.854348933172032,2.381420116830074,0.47292881634195805
9213,2.869941999768674,2.459866176858771,0.41007582290990285
9214,2.7774195666576698,2.307762645477827,0.4696569211798427
9215,2.7709886374003974,2.3225584244574082,0.4484302129429891
9216,2.7427185945758334,2.266585452807283,0.4761331417685506
9217,2.7248208125412527,2.2480444313016457,0.4767763812396071
9218,2.8817710873095184,2.4211644534495464,0.4606066338599719
9219,2.751594700763683,2.2964608872877705,0.4551338134759124
9220,2.6963816382435426,2.2316135557974,0.46476808244614265
9221,2.78656607398781,2.3465695254595595,0.43999654852825065
9222,2.788715456092893,2.311718822385611,0.47699663370728196
9223,2.8265479669853955,2.36777140923559,0.4587765577498053
9224,2.811709179493909,2.350673972537785,0.4610352069561241
9225,2.8236732947475667,2.3476634133515866,0.4760098813959801
9226,2.832647581063745,2.367289423571424,0.4653581574923207
9227,2.707887801130366,2.237212587932817,0.4706752131975489
9228,2.8298471902758418,2.356074139092999,0.47377305118284285
9229,2.8173052614011334,2.3628664131160533,0.4544388482850801
9230,2.650911457204462,2.178810238693436,0.47210121851102604
9231,2.8352137066563023,2.3569101841542195,0.47830352250208286
9232,2.8862827223986365,2.442863476179857,0.4434192462187796
9233,2.767080916580292,2.3213380696967088,0.44574284688358334
9234,2.8654179917705918,2.4029894299199865,0.4624285618506052
9235,2.7806886476982946,2.307409207809356,0.4732794398889384
9236,2.7584648688135935,2.3031530464388053,0.4553118223747883
9237,2.888774555697025,2.4259210071690034,0.46285354852802163
9238,2.8584249508954302,2.3723000485999677,0.48612490229546257
9239,2.651645464917269,2.1875603193,0.46408514561726877
9240,2.8952341915258932,2.4476607317074426,0.44757345981845065
9241,2.7227556151941505,2.2666192982951054,0.4561363168990451
9242,2.8548209961288475,2.3872969371843054,0.4675240589445422
9243,2.803541040985873,2.3545348921070923,0.44900614887878065
9244,2.858672456270144,2.4051687526271643,0.45350370364297987
9245,2.894578291396152,2.4608836356419777,0.43369465575417454
9246,2.832885415491737,2.3648232402789766,0.4680621752127605
9247,2.801909826388662,2.3283953924388703,0.47351443394979187
9248,2.7181337096016214,2.258711203916062,0.4594225056855592
9249,2.868580098831729,2.4059582776560076,0.4626218211757216
9250,2.8662430544171627,2.406505612651235,0.45973744176592746
9251,2.766834725820846,2.311037977083191,0.45579674873765486
9252,2.8143781533733288,2.3470933176709368,0.467284835702392
9253,2.898682252909913,2.4618860369216686,0.43679621598824436
9254,2.8046742087336822,2.3270613450223436,0.4776128637113386
9255,2.8113545940573297,2.327624987175845,0.4837296068814845
9256,2.8189025823676745,2.3445056141226313,0.4743969682450433
9257,2.821971477807647,2.3386965727143503,0.4832749050932965
9258,2.797051478049254,2.350789811299628,0.446261666749626
9259,2.8647810837736736,2.424628220850959,0.4401528629227145
9260,2.7958116946014777,2.3229439166795456,0.47286777792193213
9261,2.788139675451468,2.335521576900918,0.4526180985505497
9262,2.7979556506110272,2.3265435063745796,0.4714121442364476
9263,2.8347119631928015,2.358361241766146,0.47635072142665535
9264,2.729168788799773,2.270296193528143,0.45887259527163016
9265,2.780402282324565,2.306416971525225,0.4739853107993399
9266,2.766073374342909,2.288884353577177,0.47718902076573233
9267,2.948346486681073,2.503962545335151,0.4443839413459223
9268,2.7260872353319474,2.2691223202762365,0.4569649150557109
9269,2.8316397040475203,2.3714699502388195,0.46016975380870084
9270,2.9004153999111093,2.441068279567648,0.45934712034346115
9271,2.7541092667461635,2.2881354441118598,0.46597382263430376
9272,2.8208895262843683,2.3812673195912653,0.43962220669310303
9273,2.8190524358618316,2.330316784347414,0.48873565151441767
9274,2.8520954617368326,2.395651990928523,0.4564434708083094
9275,2.7762457962740426,2.2951813983173466,0.481064397956696
9276,2.8301624191065664,2.3852870745549684,0.44487534455159805
9277,2.814071886266143,2.3406717822484957,0.4734001040176472
9278,2.764446353693723,2.288307615699426,0.47613873799429696
9279,2.665267770045495,2.2015212239517132,0.46374654609378174
9280,2.8715736991347818,2.4208080966489196,0.45076560248586217
9281,2.783494663609853,2.3077305503563306,0.4757641132535224
9282,2.886744257632341,2.4478398616365755,0.4389043959957655
9283,2.809814387969615,2.3557625070395702,0.45405188093004467
9284,2.7569384982690064,2.2839843805116176,0.4729541177573888
9285,2.855112599872296,2.3822149976126172,0.4728976022596787
9286,2.7583630134203814,2.290270998520595,0.46809201489978625
9287,2.7194236051998173,2.2549687696537974,0.46445483554601985
9288,2.872877824189415,2.3890892549023786,0.4837885692870363
9289,2.8754115981268478,2.4204195827482256,0.4549920153786222
9290,2.7491313816330134,2.308797908671562,0.4403334729614512
9291,2.7996976628775188,2.3403678618578403,0.45932980101967846
9292,2.695462315787456,2.2298777502918763,0.4655845654955799
9293,2.806825693691542,2.340747426068385,0.46607826762315696
9294,2.9162107956976797,2.478470406551469,0.4377403891462106
9295,2.854757322551579,2.4096460832785866,0.44511123927299234
9296,2.8770938743368526,2.4153826118387607,0.4617112624980919
9297,2.684280047127368,2.207021844846333,0.477258202281035
9298,2.8069996599960825,2.336025296310668,0.4709743636854147
9299,2.7683582228840926,2.327029955586353,0.44132826729773944
9300,2.887849334096372,2.4831981291127825,0.40465120498358953
9301,2.8457106870767026,2.385585984929021,0.46012470214768175
9302,2.825157022000043,2.367353147053479,0.4578038749465638
9303,2.8839346091950686,2.4384327931090257,0.4455018160860429
9304,2.823407236580278,2.3554121574513815,0.4679950791288965
9305,2.805288539000003,2.3368603370998926,0.46842820190011025
9306,2.8426356766333845,2.391614383559104,0.4510212930742803
9307,2.8468393293895233,2.384272655935914,0.46256667345360913
9308,2.7788222983043376,2.3102329717259513,0.46858932657838626
9309,2.7451439533288644,2.279161709187923,0.4659822441409416
9310,2.7203806346922383,2.2430098013821578,0.47737083331008057
9311,2.823657138630274,2.356921108706662,0.46673602992361163
9312,2.8279794255001143,2.346916711550507,0.4810627139496071
9313,2.842024660057413,2.3848633286452707,0.4571613314121423
9314,2.7793821733436324,2.3353149705116736,0.4440672028319588
9315,2.7874663299522493,2.308069151945095,0.4793971780071544
9316,2.846686253957631,2.3746647894074204,0.47202146455021055
9317,2.7467525343612134,2.2777632258138802,0.4689893085473331
9318,2.7844698075055483,2.337922852167538,0.44654695533801014
9319,2.7474236792639957,2.273568863891249,0.4738548153727469
9320,2.817562091866515,2.346804706119963,0.4707573857465519
9321,2.7350372657291504,2.25900517892668,0.47603208680247056
9322,2.992834573734985,2.5264679367389293,0.46636663699605574
9323,2.6640533725532216,2.2204998350335847,0.4435535375196369
9324,2.7250226374595266,2.252746668336688,0.47227596912283865
9325,2.884596301986147,2.43892939480486,0.4456669071812871
9326,2.894002578234241,2.431238722430047,0.462763855804194
9327,2.7990224337569556,2.366133694401852,0.4328887393551035
9328,2.7860078592688904,2.338668214216685,0.44733964505220536
9329,2.8162199693505436,2.3957716971504475,0.4204482722000962
9330,2.8397606936470456,2.392596737103209,0.4471639565438368
9331,2.857729834087667,2.4351503605205673,0.4225794735670996
9332,2.731504751221056,2.276690208646546,0.45481454257451004
9333,2.8254973778926966,2.3469629667377228,0.47853441115497386
9334,2.8487605845418194,2.4002479748940653,0.4485126096477541
9335,2.6887099404974992,2.2271309600014657,0.4615789804960335
9336,2.6159989667847694,2.160291821571903,0.4557071452128665
9337,2.878164547679704,2.3960186712195735,0.48214587646013074
9338,2.770818876795109,2.3186131747516607,0.45220570204344845
9339,2.7848962974228253,2.312326000531998,0.4725702968908272
9340,2.8639519516487986,2.404485480174182,0.4594664714746166
9341,2.77253582645748,2.3469034913062674,0.4256323351512128
9342,2.858980414578583,2.4056760031318207,0.45330441144676215
9343,2.806627132276555,2.3280250510016995,0.47860208127485526
9344,2.7877547671468252,2.3037210483786335,0.4840337187681918
9345,2.826185252678905,2.3584554766047603,0.4677297760741448
9346,2.7370393979345975,2.2709742738781142,0.46606512405648326
9347,2.821144474660736,2.3649062364346998,0.45623823822603615
9348,2.8146824922018454,2.330177423997375,0.4845050682044705
9349,2.7900281421830555,2.377454550798453,0.4125735913846027
9350,2.7941503684598117,2.337498917052464,0.45665145140734786
9351,2.888405443030253,2.407226365082356,0.48117907794789705
9352,2.7097272179491716,2.248091587903247,0.46163563004592456
9353,2.8280949985366317,2.3658859587073087,0.46220903982932304
9354,2.8066379907364243,2.384241416118285,0.4223965746181393
9355,2.771354692240001,2.2945276326936925,0.47682705954630844
9356,2.830314749587202,2.3576739485407945,0.4726408010464076
9357,2.8194035017768564,2.3569417237052908,0.46246177807156563
9358,2.8411030665860286,2.397621498728105,0.4434815678579236
9359,2.780587760022944,2.311916902473193,0.4686708575497507
9360,2.6605847466355166,2.1930769351852475,0.4675078114502691
9361,2.8059886737589577,2.3461255059594865,0.4598631677994711
9362,2.8028095947005567,2.334763250448157,0.46804634425239966
9363,2.8631605576686168,2.3998033038380955,0.4633572538305213
9364,2.7928893982661855,2.3207876282798803,0.47210176998630526
9365,2.8307668549626706,2.360440372404834,0.4703264825578364
9366,2.8444318981493444,2.375184151167046,0.46924774698229843
9367,2.892863425341132,2.4491236169609327,0.4437398083801991
9368,2.7449367766632604,2.2706161276699834,0.47432064899327697
9369,2.8462891656557487,2.4064536996445596,0.43983546601118917
9370,2.7781438385892945,2.3097799741911813,0.46836386439811317
9371,2.8168330576232394,2.373319341546232,0.4435137160770073
9372,2.798270474273189,2.3159293696228342,0.48234110465035496
9373,2.785631735481274,2.3219693321337203,0.4636624033475538
9374,2.854405036782294,2.4016477217157326,0.45275731506656136
9375,2.7409240024423154,2.266927580858034,0.47399642158428135
9376,2.872271848918195,2.416832101832284,0.45543974708591106
9377,2.874957991261542,2.4174689747140543,0.45748901654748764
9378,2.7682130664154374,2.305088095747814,0.46312497066762326
9379,2.829071660426894,2.3797875542022213,0.44928410622467263
9380,2.7182832137068353,2.2495770591300275,0.46870615457680787
9381,2.657238213703931,2.1813109504930788,0.4759272632108522
9382,2.845377279225693,2.394815089330139,0.45056218989555363
9383,2.7573301143608795,2.29050667816259,0.4668234361982897
9384,2.7250332491769553,2.2872897683750426,0.4377434808019127
9385,2.7415942231948383,2.2813518462212694,0.46024237697356885
9386,2.7425013610969744,2.274190813594138,0.4683105475028362
9387,2.7662610786253223,2.2881632600500006,0.47809781857532174
9388,2.8472401943397627,2.3734991069960416,0.4737410873437211
9389,2.7832874427843266,2.302568291525194,0.48071915125913245
9390,2.742377615964355,2.2787435162399645,0.4636340997243904
9391,2.8700861540273626,2.408173394546418,0.4619127594809447
9392,2.7535436207081974,2.325431304220725,0.4281123164874723
9393,2.804295734660884,2.355449322805821,0.448846411855063
9394,2.8438470136978133,2.4086239443749267,0.4352230693228867
9395,2.779244803961665,2.2980331895424886,0.4812116144191765
9396,2.817171886325729,2.352467546327264,0.4647043399984647
9397,2.794905949804394,2.314573760537022,0.4803321892673722
9398,2.6295599988406932,2.1596888309839666,0.46987116785672667
9399,2.8251734852283072,2.3357526430043465,0.48942084222396076
9400,2.8055132860850236,2.3370661349571016,0.468447151127922
9401,2.8289988194804634,2.355236021736352,0.47376279774411145
9402,2.8131352317933893,2.33345512779454,0.4796801039988492
9403,2.881318092879623,2.4561157019088777,0.4252023909707452
9404,2.7336312694024714,2.2610548135535447,0.4725764558489267
9405,2.6827176904605254,2.2060275942740524,0.47669009618647307
9406,2.902693215994367,2.46803287903683,0.43466033695753703
9407,2.75958589632052,2.2830128527277442,0.47657304359277575
9408,2.837996760578938,2.3883366356928897,0.44966012488604834
9409,2.849727594175136,2.361795921436944,0.48793167273819193
9410,2.900222823706267,2.4310635839646966,0.4691592397415705
9411,2.903260413679746,2.4405522612352697,0.4627081524444763
9412,2.8351610009309756,2.3673510075680735,0.4678099933629021
9413,2.9199679581087135,2.455960885748866,0.4640070723598475
9414,2.7740688499418664,2.30750621055644,0.4665626393854265
9415,2.798025384905127,2.345258145961699,0.45276723894342785
9416,2.8606029415511833,2.379156495441304,0.4814464461098793
9417,2.7858648257366534,2.3373538842552577,0.4485109414813957
9418,2.873165974615332,2.4242621539424967,0.4489038206728355
9419,2.777063545919939,2.3049115774745794,0.47215196844535967
9420,2.7302210940974105,2.248779956500072,0.48144113759733864
9421,2.7721485493787434,2.3168220989722124,0.4553264504065311
9422,2.831249690206454,2.3522584736185292,0.47899121658792465
9423,2.885563481623161,2.4105968764570433,0.47496660516611744
9424,2.771564971297889,2.2995572477700374,0.4720077235278515
9425,2.803380323808697,2.333636695262785,0.469743628545912
9426,2.8027617705585945,2.321934240397192,0.48082753016140245
9427,2.8194671180800626,2.3779042513464494,0.4415628667336131
9428,2.848830982694261,2.4054975851819447,0.4433333975123164
9429,2.8245357986802606,2.3413103701133346,0.48322542856692596
9430,2.8550462416302316,2.4012179508661653,0.4538282907640663
9431,2.838911941001272,2.3754377250471936,0.46347421595407834
9432,2.864878680790491,2.397273036011568,0.46760564477892297
9433,2.776974562586008,2.2981063493618934,0.47886821322411466
9434,2.855487389243088,2.3895744598971316,0.4659129293459565
9435,2.843591357347401,2.398150017533893,0.4454413398135082
9436,2.85074742412166,2.3867762924636007,0.4639711316580595
9437,2.8829972253418434,2.425490629322902,0.4575065960189413
9438,2.817757651509595,2.3496898614294457,0.4680677900801493
9439,2.7665800426971363,2.2914167882537475,0.4751632544433888
9440,2.7363389173271524,2.297943434826495,0.4383954825006575
9441,2.8146083188731725,2.337589107357824,0.47701921151534865
9442,2.8296842100636015,2.366074667171486,0.46360954289211564
9443,2.764426758447296,2.28379634169528,0.4806304167520161
9444,2.897044073135771,2.4457306791504645,0.45131339398530645
9445,2.7872883292540083,2.3203070060457005,0.46698132320830776
9446,2.783111849779751,2.3229661695335713,0.46014568024617963
9447,2.7628633214027505,2.2842476539579715,0.478615667444779
9448,2.7071926423070423,2.232960427995934,0.4742322143111082
9449,2.827698859475941,2.372790860834288,0.4549079986416529
9450,2.852866490018663,2.3883413103130273,0.4645251797056358
9451,2.858185339394825,2.406194262538208,0.4519910768566171
9452,2.944120980327513,2.4995459764254364,0.4445750039020764
9453,2.840629911228644,2.3789631177043526,0.4616667935242913
9454,2.8105205628433114,2.3407931489080878,0.46972741393522366
9455,2.8831689135001373,2.448823285844361,0.4343456276557762
9456,2.7163057562459434,2.2370309440505705,0.47927481219537293
9457,2.709230645088599,2.2639205154653954,0.4453101296232034
9458,2.7978844126215443,2.330218492018111,0.46766592060343326
9459,2.7288930402536145,2.2466185544131925,0.482274485840422
9460,2.658355385476854,2.1888234591153766,0.4695319263614772
9461,2.782580754977865,2.324074151798828,0.4585066031790368
9462,2.874196701979994,2.4141780509079145,0.4600186510720796
9463,2.726036027463628,2.245601272462967,0.4804347550006609
9464,2.8061637816835243,2.3452684396484296,0.46089534203509475
9465,2.7938233142755586,2.3256161724146276,0.46820714186093104
9466,2.748385308036344,2.276186427531005,0.472198880505339
9467,2.8257575540751776,2.3412286622091116,0.48452889186606596
9468,2.7871416937644518,2.30979351538196,0.47734817838249155
9469,2.8756820395635745,2.414566339169583,0.46111570039399163
9470,2.7828227071717784,2.311849127124943,0.4709735800468353
9471,2.7771092158225783,2.312355816777612,0.4647533990449664
9472,2.770543963223034,2.2994421726140106,0.4711017906090236
9473,2.8521480068191107,2.3831932423198947,0.468954764499216
9474,2.8190709644090424,2.3642320209312735,0.4548389434777689
9475,2.7660270573568795,2.298643576227234,0.46738348112964534
9476,2.772701121324944,2.339427921889852,0.4332731994350918
9477,2.7755565304729513,2.296228262361385,0.47932826811156604
9478,2.837287244195664,2.3765820243320706,0.4607052198635935
9479,2.8501984980637136,2.377868336065338,0.4723301619983755
9480,2.761776682712152,2.278315364537046,0.48346131817510596
9481,2.775978630785568,2.3066546677452364,0.46932396304033164
9482,2.729408418182021,2.2515409485600517,0.47786746962196913
9483,2.81340438177615,2.328899787010046,0.4845045947661042
9484,2.7873641666853923,2.311465834277439,0.47589833240795354
9485,2.840420016377728,2.3747258798566437,0.46569413652108427
9486,2.8950034417240826,2.4483190256078515,0.4466844161162311
9487,2.840857775308727,2.361644428337739,0.47921334697098805
9488,2.6932999663600223,2.251385872079882,0.4419140942801403
9489,2.7907521096333174,2.3425310442460896,0.44822106538722783
9490,2.844064084669325,2.371821414230671,0.472242670438654
9491,2.8064539733805827,2.353732342856759,0.45272163052382375
9492,2.6883871989846924,2.2298039589743928,0.4585832400102996
9493,2.755210589486773,2.3072774383472283,0.4479331511395448
9494,2.8366536682163,2.3638055298014313,0.47284813841486883
9495,2.795620959118572,2.334065026023612,0.4615559330949601
9496,2.9098209231727727,2.458748293449649,0.4510726297231238
9497,2.77861705537892,2.302728880688262,0.4758881746906578
9498,2.8110113942947015,2.33976846945233,0.4712429248423713
9499,2.8291244941308538,2.3544105278521035,0.4747139662787503
9500,2.7101933024779314,2.23849324732895,0.4717000551489816
9501,2.6636971432964964,2.218255577246674,0.4454415660498223
9502,2.8157372516984904,2.349780973531341,0.4659562781671496
9503,2.8309969319372223,2.357294566155316,0.4737023657819064
9504,2.9131367762875016,2.4429437575431754,0.4701930187443262
9505,2.821572666799708,2.367426233835776,0.454146432963932
9506,2.7904496384164763,2.3376645097054056,0.4527851287110707
9507,2.809624257923601,2.3413065190095597,0.4683177389140414
9508,2.8021630097470798,2.339229587889313,0.462933421857767
9509,2.875813270604551,2.4417869796780765,0.4340262909264747
9510,2.9378687177482803,2.492867639766052,0.4450010779822282
9511,2.835334191559188,2.368255319847952,0.46707887171123597
9512,2.7446567914651343,2.2759033182502204,0.4687534732149139
9513,2.8251892883291534,2.3705033436293754,0.45468594469977797
9514,2.844922451291396,2.3681678965223236,0.4767545547690726
9515,2.7726184757719405,2.3006364718428403,0.4719820039291003
9516,2.721568827189909,2.257118817343608,0.4644500098463009
9517,2.8441395461119408,2.3806210088853303,0.4635185372266104
9518,2.86096848386885,2.36786319481742,0.49310528905143025
9519,2.801400852998324,2.334707215024685,0.46669363797363905
9520,2.8710840439760226,2.4039984504470158,0.4670855935290068
9521,2.7607951153369865,2.2955166508468925,0.465278464490094
9522,2.871808760624483,2.4046369772926934,0.46717178333178966
9523,2.8751254954146575,2.41872619376496,0.45639930164969744
9524,2.734333176592413,2.3194587249333636,0.41487445165904946
9525,2.8137669728795562,2.3414548193179954,0.47231215356156087
9526,2.818548077480765,2.3660079601136212,0.45254011736714395
9527,2.7319990026389953,2.283546278442017,0.44845272419697846
9528,2.615220039517603,2.141416655565408,0.4738033839521947
9529,2.846413646822206,2.3959030218644313,0.45051062495777483
9530,2.680413905331343,2.213184494196345,0.4672294111349977
9531,2.8739901210795393,2.3959618182105267,0.47802830286901266
9532,2.8280328890943003,2.3538048264374294,0.4742280626568709
9533,2.771661790785392,2.303210444255759,0.4684513465296334
9534,2.6877380285698522,2.2323617282287094,0.45537630034114285
9535,2.8042344449803065,2.3513005355062098,0.45293390947409673
9536,2.85971278907597,2.3976935396074794,0.4620192494684905
9537,2.836971656092998,2.364865621856776,0.472106034236222
9538,2.8372078799446725,2.373825816067854,0.4633820638768187
9539,2.8449888725941506,2.3947930720396307,0.4501958005545199
9540,2.8190570129315264,2.3655993267325393,0.4534576861989872
9541,2.8413642370871033,2.388419553484568,0.4529446836025355
9542,2.8285276437152995,2.366927475019353,0.46160016869594633
9543,2.8137776065594324,2.352620814892383,0.4611567916670496
9544,2.854985778323172,2.410987844416106,0.4439979339070659
9545,2.8091430044866983,2.345717758198615,0.46342524628808324
9546,2.8100170411593943,2.344866115738596,0.46515092542079817
9547,2.8813625248530434,2.409212972420408,0.47214955243263557
9548,2.7609999100942457,2.3012134584781676,0.4597864516160781
9549,2.8249114009189364,2.353976635292827,0.47093476562610936
9550,2.823110813590631,2.35839983488329,0.4647109787073411
9551,2.7689983351883347,2.291882856563942,0.4771154786243925
9552,2.801878583998759,2.343145622939652,0.4587329610591069
9553,2.8128378540921477,2.3412665354743436,0.4715713186178041
9554,2.7779288567509837,2.3018308459580346,0.4760980107929491
9555,2.721704990023482,2.2465052393433305,0.47519975068015174
9556,2.895035123197511,2.4326826350502433,0.4623524881472676
9557,2.7254015640368885,2.270119395018063,0.45528216901882557
9558,2.867318719184941,2.403556855343045,0.4637618638418961
9559,2.8729847436915983,2.415765543212639,0.4572192004789595
9560,2.7996902651340085,2.335976484280625,0.46371378085338355
9561,2.872830420505575,2.4253026190612395,0.44752780144433535
9562,2.786472121185014,2.3238652649863822,0.4626068561986316
9563,2.82387591184778,2.3833289049578448,0.4405470068899353
9564,2.831823775145427,2.3799601658518523,0.4518636092935746
9565,2.8995793772018352,2.472334223397798,0.42724515380403716
9566,2.80837123815761,2.3269234386362574,0.4814477995213524
9567,2.8164446288205713,2.351753520654833,0.46469110816573833
9568,2.7603973758315314,2.3021802247924033,0.4582171510391282
9569,2.7979960170701546,2.334205204703921,0.46379081236623376
9570,2.8774469078838023,2.4248425659719532,0.45260434191184906
9571,2.766299840146171,2.3105009528627,0.45579888728347084
9572,2.835266389491593,2.371572552604954,0.46369383688663923
9573,2.6874374434609125,2.2105397843833927,0.4768976590775198
9574,2.6549513201667203,2.203615233545935,0.45133608662078517
9575,2.8413904653374153,2.3851295291353813,0.456260936202034
9576,2.785725954767543,2.316745209496465,0.4689807452710779
9577,2.8054165493979735,2.334455073153749,0.47096147624422446
9578,2.830475639806498,2.358739294240546,0.4717363455659518
9579,2.764249384362864,2.287052365190327,0.4771970191725372
9580,2.7744679445053144,2.303207345048013,0.4712605994573016
9581,2.7934811742860273,2.3186610074442493,0.47482016684177797
9582,2.8818867157458294,2.4285698846987476,0.45331683104708187
9583,2.7901803594963432,2.3285361667666162,0.461644192729727
9584,2.836071570910502,2.380733634532034,0.4553379363784682
9585,2.8952583281893842,2.4211668636245087,0.4740914645648755
9586,2.816768233807133,2.3516099614074433,0.46515827239968965
9587,2.6907374039450214,2.217973645786166,0.4727637581588553
9588,2.8037224918861274,2.3358978117293394,0.467824680156788
9589,2.8017257032971177,2.336363010796217,0.46536269250090045
9590,2.789601798694633,2.3334766191335974,0.4561251795610355
9591,2.7146739312895103,2.254512964823489,0.4601609664660211
9592,2.734625363435869,2.2716294172852534,0.46299594615061546
9593,2.7862742972848555,2.319508684417717,0.46676561286713847
9594,2.908468918855213,2.457209626242882,0.45125929261233066
9595,2.7121868898071892,2.265136475681472,0.4470504141257172
9596,2.7689239971162567,2.310311075621902,0.4586129214943546
9597,2.806288825001852,2.3659756407942796,0.4403131842075725
9598,2.7606210452250624,2.296179334743034,0.4644417104820282
9599,2.8797768168122877,2.4427986573975686,0.43697815941471907
9600,2.7557140810529006,2.276676781764818,0.4790372992880827
9601,2.8485611968355937,2.4011580852233703,0.44740311161222346
9602,2.7203485836712016,2.271676624983175,0.4486719586880268
9603,2.83372613090712,2.3596743522874184,0.4740517786197018
9604,2.769110199631386,2.302197434031495,0.46691276559989126
9605,2.8728534156112917,2.457706900911144,0.41514651470014785
9606,2.902426718666419,2.4490002306440966,0.45342648802232244
9607,2.6941079829742,2.2277964705429905,0.4663115124312096
9608,2.800560394338097,2.3242435265759345,0.4763168677621623
9609,2.8561297251524786,2.4023970191184425,0.45373270603403615
9610,2.8622820745174966,2.4610676673421867,0.4012144071753099
9611,2.7150240589794716,2.268408789357846,0.44661526962162545
9612,2.930887251603385,2.5178637475580374,0.4130235040453476
9613,2.8190733012042157,2.3772082210703585,0.4418650801338573
9614,2.6497042261784602,2.182598693241653,0.46710553293680723
9615,2.9351199144868,2.498015402660203,0.4371045118265968
9616,2.824186877197247,2.358437059565299,0.4657498176319481
9617,2.789856972112054,2.326683948574167,0.46317302353788703
9618,2.781635527535569,2.30975828221264,0.4718772453229292
9619,2.8014083349036367,2.3341326535717033,0.4672756813319334
9620,2.787080460170281,2.3135840665474667,0.47349639362281426
9621,2.714427551512615,2.263740184542379,0.4506873669702358
9622,2.7631526686285093,2.302915603649371,0.4602370649791383
9623,2.8062012971845527,2.3334501137959935,0.47275118338855915
9624,2.902550711993379,2.451857202590039,0.4506935094033402
9625,2.712414433193858,2.2540672585691235,0.4583471746247345
9626,2.8161695497782633,2.3566222135451818,0.4595473362330815
9627,2.7111211194490052,2.235108336613124,0.47601278283588133
9628,2.7499254156123816,2.2848937459887257,0.46503166962365583
9629,2.7876662461637567,2.3271862256136626,0.46048002055009407
9630,2.7863241766581264,2.333048868551132,0.45327530810699423
9631,2.795174597501238,2.3349823820247684,0.4601922154764697
9632,2.9569690949823424,2.5085132824872165,0.4484558124951259
9633,2.73483577146924,2.2745975512289984,0.4602382202402415
9634,2.7236482740152135,2.2670409187354594,0.45660735527975405
9635,2.7688440800525838,2.3010863594628055,0.46775772058977827
9636,2.734852336200631,2.2882963831040297,0.44655595309660123
9637,2.865077453805677,2.409014793547036,0.45606266025864084
9638,2.7805882103755457,2.337026064127249,0.4435621462482966
9639,2.831354328637533,2.385092112583359,0.44626221605417404
9640,2.7590162475282525,2.2890164381614633,0.4699998093667892
9641,2.771885621157233,2.319409419458972,0.4524762016982611
9642,2.784065914737246,2.3129814774852884,0.4710844372519576
9643,2.7225594157400557,2.2641450912301426,0.45841432450991304
9644,2.861334631117548,2.408887719402595,0.452446911714953
9645,2.8207329605801426,2.347242860888363,0.4734900996917797
9646,2.745697966934541,2.2714485464663063,0.4742494204682348
9647,2.8657095453285315,2.4127218595444964,0.45298768578403514
9648,2.7903118079162934,2.3093392601557587,0.48097254776053466
9649,2.788485748522738,2.3364095720647593,0.4520761764579788
9650,2.7264031922278043,2.2980135247445235,0.4283896674832808
9651,2.886332830153852,2.4254756598010827,0.4608571703527691
9652,2.8795996286679215,2.4254852506658624,0.4541143780020591
9653,2.7467511015606485,2.274544983479321,0.4722061180813273
9654,2.8684166281845767,2.4102840063389652,0.45813262184561143
9655,2.8642901812932684,2.438011402948402,0.42627877834486627
9656,2.9053385552704416,2.4442975538390495,0.46104100143139215
9657,2.8426483990474227,2.3693821427660056,0.47326625628141716
9658,2.7192466210178656,2.242860096609622,0.4763865244082437
9659,2.789254893766675,2.3312989335335597,0.45795596023311536
9660,2.6254229775853335,2.15063050236648,0.4747924752188535
9661,2.798674239129278,2.325756627036355,0.4729176120929228
9662,2.7775147663567665,2.316603985118827,0.4609107812379394
9663,2.843822124386108,2.3855315881784587,0.45829053620764926
9664,2.8064324803451757,2.3517314673303837,0.45470101301479193
9665,2.813763641427009,2.3525230237903716,0.4612406176366375
9666,2.782284224309431,2.323438338005001,0.4588458863044296
9667,2.76413808912606,2.2888610477550966,0.47527704137096327
9668,2.830844629721104,2.376171194753819,0.45467343496728496
9669,2.7740195201037996,2.309395127713515,0.4646243923902844
9670,2.887423653899577,2.4360053072585606,0.4514183466410162
9671,2.811835072490295,2.358050942240845,0.4537841302494501
9672,2.754542554836971,2.268488596048401,0.48605395878856994
9673,2.795985253204766,2.339739589195404,0.4562456640093622
9674,2.8280353080750897,2.347183408198153,0.4808518998769369
9675,2.8731413052554777,2.411417894024097,0.4617234112313806
9676,2.7768189044596734,2.306391107381278,0.4704277970783952
9677,2.8689526048021445,2.391410720892508,0.4775418839096366
9678,2.8302999424952513,2.3454260073285997,0.48487393516665156
9679,2.7921593231857944,2.306597880744952,0.4855614424408423
9680,2.7825633692834257,2.3126650167756195,0.4698983525078062
9681,2.763876637740843,2.2883515580728098,0.47552507966803326
9682,2.7134548997874437,2.235775173774158,0.4776797260132857
9683,2.811903031546485,2.343453805937561,0.4684492256089241
9684,2.8206183262816484,2.3610845286264177,0.4595337976552307
9685,2.839461905955784,2.3727148236693556,0.4667470822864286
9686,2.849812486895619,2.4250698056644433,0.42474268123117564
9687,2.7961247368606577,2.310460602426437,0.4856641344342205
9688,2.8313734518264204,2.354760265946572,0.47661318587984836
9689,2.7651640199549528,2.31849154299432,0.4466724769606327
9690,2.76490747285379,2.309587802554325,0.4553196702994651
9691,2.859349474437134,2.424269935243576,0.4350795391935578
9692,2.7848062022688382,2.3175725137123533,0.46723368855648495
9693,2.7796125365698923,2.3223239900182313,0.45728854655166096
9694,2.8713262340175416,2.4258880253719544,0.44543820864558725
9695,2.764206401194032,2.3025616985333497,0.46164470266068225
9696,2.747238380412922,2.296090231913819,0.4511481484991031
9697,2.713474978299382,2.2494766879064296,0.4639982903929525
9698,2.7866977028908297,2.308146373948398,0.4785513289424319
9699,2.8170859938459922,2.372719522417097,0.44436647142889507
9700,2.846113451141309,2.3779238340924196,0.4681896170488895
9701,2.859021326194469,2.382685331751962,0.4763359944425072
9702,2.8928220875758948,2.3957670034314376,0.4970550841444572
9703,2.7710271561237674,2.307386213123039,0.46364094300072844
9704,2.857509264440551,2.380970719757794,0.47653854468275725
9705,2.7642764677001064,2.306201998319344,0.4580744693807626
9706,2.757752146248418,2.3068926757749497,0.4508594704734681
9707,2.8208026368472483,2.3485550928477767,0.47224754399947155
9708,2.805803260009608,2.3304251149470705,0.4753781450625376
9709,2.873349263110001,2.433260020837179,0.4400892422728222
9710,2.798088625936063,2.3552181812470523,0.4428704446890106
9711,2.8757305336563483,2.4348749832932906,0.4408555503630578
9712,2.832817378960118,2.358648717925057,0.47416866103506106
9713,2.8531602829100926,2.376746699086629,0.47641358382346377
9714,2.7861491886043694,2.31651202789292,0.46963716071144956
9715,2.918766524572672,2.4520246683104436,0.4667418562622285
9716,2.820048030833944,2.353589283157748,0.46645874767619633
9717,2.9054105678154034,2.4326291265009856,0.4727814413144178
9718,2.819682384834978,2.3680620660498533,0.45162031878512465
9719,2.6495481147636224,2.1720792676544853,0.47746884710913706
9720,2.850966156125347,2.389753184071504,0.46121297205384293
9721,2.683866875306103,2.2139032676423476,0.4699636076637552
9722,2.7174739275562936,2.239196691341656,0.47827723621463747
9723,2.7393869210491424,2.2740090960258477,0.4653778250232947
9724,2.7737991181832755,2.318067683402782,0.4557314347804935
9725,2.7535118459996313,2.2750040502588775,0.47850779574075375
9726,2.879279274859674,2.4361795696784765,0.44309970518119757
9727,2.860343592125886,2.4010233118050945,0.4593202803207914
9728,2.80629520694809,2.3322958800977234,0.47399932685036683
9729,2.8576971516945204,2.3858686919222354,0.47182845977228505
9730,2.8108841044137742,2.3544593415483512,0.456424762865423
9731,2.744872432282508,2.267077079679041,0.47779535260346684
9732,2.724890562480287,2.2535271573718423,0.47136340510844477
9733,2.7815433668929144,2.305935719447267,0.47560764744564743
9734,2.866618737409804,2.4062921023844024,0.46032663502540183
9735,2.806749650173074,2.3600497726076353,0.4466998775654387
9736,2.7062222482684453,2.225164749751267,0.48105749851717805
9737,2.8900384226094293,2.442833520366301,0.44720490224312837
9738,2.744831302314699,2.2851597085581936,0.45967159375650546
9739,2.908403995453896,2.4465260110134532,0.4618779844404428
9740,2.7990853922416132,2.326403431176829,0.47268196106478433
9741,2.855695004656884,2.3901885219241388,0.4655064827327453
9742,2.8250278566739384,2.3401954432831884,0.48483241339075
9743,2.7638078020381363,2.3142008520285686,0.44960695000956763
9744,2.8874980512859283,2.436418989924613,0.45107906136131515
9745,2.8582079867101093,2.3830663584792804,0.47514162823082895
9746,2.8596687978323816,2.370087805632989,0.48958099219939255
9747,2.822474308807018,2.3431191851248623,0.4793551236821556
9748,2.8472066363840534,2.3937993031435014,0.45340733324055194
9749,2.8683849827040575,2.39255261140539,0.4758323712986674
9750,2.832456980538423,2.3457684935504703,0.48668848698795264
9751,2.913646359206475,2.4759595334137776,0.4376868257926976
9752,2.8089984406916404,2.3462764813251242,0.46272195936651617
9753,2.9073731459673025,2.499876843541071,0.40749630242623125
9754,2.787434459498971,2.318731819464148,0.46870264003482287
9755,2.893122223150946,2.445463919507534,0.4476583036434123
9756,2.792939552443914,2.3294142201664654,0.4635253322774484
9757,2.724555976898855,2.252098912345151,0.47245706455370406
9758,2.6686722896941877,2.19902234337333,0.46964994632085766
9759,2.881262757405339,2.428369993314389,0.4528927640909499
9760,2.753354561015568,2.27780612229038,0.47554843872518804
9761,2.8113036085486796,2.3883603069068218,0.4229433016418578
9762,2.9115623398440813,2.459349902128585,0.45221243771549613
9763,2.8568882261566695,2.4194133858271374,0.4374748403295321
9764,2.8270028824164903,2.3404436644356195,0.4865592179808709
9765,2.7400970448265416,2.278304505961512,0.46179253886502947
9766,2.7587207319222773,2.29575812317077,0.4629626087515071
9767,2.86293777799102,2.3945460808502412,0.4683916971407789
9768,2.753950359575615,2.2856441835552506,0.4683061760203646
9769,2.8584568040547174,2.375846364218807,0.48261043983591057
9770,2.8133681223299924,2.350872723887606,0.4624953984423863
9771,2.7471562537089773,2.2840078254434473,0.46314842826553004
9772,2.7109376385207145,2.2391820098237396,0.47175562869697485
9773,2.7912953973986383,2.3277858943754346,0.4635095030232037
9774,2.7706245444454747,2.2947371454116485,0.47588739903382615
9775,2.9061564647566964,2.4548044730867455,0.4513519916699509
9776,2.8052916227046873,2.3370004811475336,0.4682911415571538
9777,2.8221804129994594,2.341277185280876,0.4809032277185836
9778,2.8603805135819598,2.406494033234554,0.45388648034740564
9779,2.825777046738093,2.354424527155486,0.47135251958260715
9780,2.873950130960039,2.399961600659619,0.4739885303004199
9781,2.7379729875204406,2.265520185330524,0.4724528021899168
9782,2.796944945203438,2.3264254643728757,0.4705194808305624
9783,2.812764595568501,2.341573582465729,0.4711910131027719
9784,2.8219537754566804,2.3692291571236654,0.4527246183330149
9785,2.8601289943819217,2.3939147258916846,0.46621426849023706
9786,2.8838640070759443,2.4269064447948736,0.45695756228107065
9787,2.922389849700244,2.464823139398144,0.4575667103020997
9788,2.7930007890828654,2.330440291102598,0.46256049798026755
9789,2.8297465569570717,2.3543188597261016,0.4754276972309701
9790,2.8101214348184143,2.3573399439505396,0.45278149086787467
9791,2.8012567578975336,2.326939623767038,0.4743171341304957
9792,2.806952838247307,2.3463071972986804,0.4606456409486266
9793,2.8391163554860723,2.3465422427978764,0.49257411268819595
9794,2.803743872186558,2.3487520783486002,0.45499179383795774
9795,2.8200849822750538,2.352392298995123,0.46769268327993085
9796,2.8045857676821035,2.34969062496009,0.45489514272201337
9797,2.7828526683190873,2.3064774851428056,0.4763751831762817
9798,2.783756329205614,2.314834393951126,0.46892193525448844
9799,2.7534378733001144,2.2791840828068772,0.4742537904932371
9800,2.8850301041041124,2.413686201609164,0.4713439024949486
9801,2.777842168507029,2.3183628535801972,0.4594793149268317
9802,2.8683334479867395,2.403710962708574,0.4646224852781655
9803,2.8333135857841247,2.366461775172649,0.46685181061147585
9804,2.803909858780065,2.342937642889877,0.4609722158901879
9805,2.7690527580265347,2.3145630833085375,0.45448967471799717
9806,2.8385635228918478,2.3656589592290946,0.47290456366275313
9807,2.86741427148316,2.415012133668254,0.4524021378149059
9808,2.8252295966112033,2.3706955875852618,0.45453400902594154
9809,2.872044294612569,2.4421595054614302,0.4298847891511386
9810,2.7965013131290153,2.316358611262745,0.4801427018662703
9811,2.822762206106221,2.3437884541215372,0.4789737519846837
9812,2.8258587946990734,2.356622048518958,0.46923674618011546
9813,2.780747987166035,2.3075930057662344,0.4731549813998006
9814,2.6827934627535126,2.209227557271635,0.4735659054818777
9815,2.8545773763937397,2.400988877468207,0.45358849892553277
9816,2.76322595973171,2.290808701042556,0.47241725868915374
9817,2.7026291539273215,2.244757065800004,0.4578720881273175
9818,2.830345785776106,2.357236361940836,0.47310942383527
9819,2.8277818498479554,2.4100166681964135,0.417765181651542
9820,2.847789526820856,2.4033531956977474,0.44443633112310854
9821,2.760110311579446,2.2964519747733743,0.4636583368060716
9822,2.728299679932424,2.2490485845338655,0.4792510953985585
9823,2.878358595518396,2.4266486128949154,0.4517099826234805
9824,2.7369469223474763,2.2796984772470785,0.45724844510039775
9825,2.7195035916061547,2.248119535205884,0.4713840564002707
9826,2.7965024743345466,2.316578695111389,0.47992377922315743
9827,2.76706508885963,2.30340097517517,0.46366411368446014
9828,2.827733224301108,2.3487555280801677,0.47897769622094044
9829,2.8496275477767536,2.386092229196215,0.46353531858053865
9830,2.7020210280584425,2.2313456511722864,0.470675376886156
9831,2.812823250805074,2.3484914940262125,0.4643317567788614
9832,2.9075560846282387,2.4583103674165603,0.4492457172116784
9833,2.8648523099935947,2.4057085609188245,0.4591437490747703
9834,2.674073244384198,2.2164833122337533,0.45758993215044486
9835,2.8654130048901028,2.4096838125289146,0.45572919236118814
9836,2.822953400841558,2.342158440491818,0.4807949603497401
9837,2.7919127232976884,2.320782855402469,0.47112986789521916
9838,2.822375860645706,2.3537441436513995,0.4686317169943064
9839,2.804142480096687,2.3217439427201847,0.4823985373765023
9840,2.694562070596377,2.226069336491962,0.46849273410441494
9841,2.8847429523529597,2.4297333046169585,0.4550096477360013
9842,2.864017716283717,2.4042639202688676,0.4597537960148492
9843,2.7198800332938506,2.2621502795744592,0.4577297537193914
9844,2.760720948012097,2.2919540400352982,0.46876690797679865
9845,2.771372960804176,2.30097701354134,0.47039594726283607
9846,2.8062818706793378,2.362718473185817,0.4435633974935209
9847,2.7584873244667487,2.292327490011371,0.4661598344553779
9848,2.859428962977314,2.412773646747022,0.446655316230292
9849,2.8600182194221824,2.4029404629881426,0.4570777564340398
9850,2.8538774990831177,2.406616191032168,0.44726130805094977
9851,2.8177975084180176,2.352764516726394,0.4650329916916234
9852,2.8181184944213284,2.3486943808897207,0.46942411353160773
9853,2.8903347842646756,2.4194682094826536,0.470866574782022
9854,2.7081355820887265,2.2677288352330827,0.44040674685564385
9855,2.8004947505396056,2.3535525484323645,0.4469422021072411
9856,2.8245833249931267,2.3715127304141856,0.45307059457894105
9857,2.861957835085995,2.4080258094552742,0.45393202563072066
9858,2.9288126473424008,2.4681446066422663,0.46066804070013445
9859,2.8155645869717514,2.3540717335273684,0.46149285344438296
9860,2.7226741392243645,2.264365649200116,0.45830849002424845
9861,2.7683628042405584,2.301062753763211,0.46730005047734746
9862,2.7275245506751875,2.2589044289217894,0.46862012175339807
9863,2.70498658147119,2.278634935518438,0.4263516459527521
9864,2.768889586295637,2.287035916265191,0.4818536700304459
9865,2.8613777762653725,2.4164126076343693,0.4449651686310032
9866,2.845994803902287,2.389243819957984,0.4567509839443029
9867,2.731366534063351,2.2752892923067907,0.45607724175656017
9868,2.817939692045876,2.3601497882002156,0.45778990384566054
9869,2.8391961268193446,2.372509681277262,0.4666864455420825
9870,2.777439418396893,2.298466560416833,0.47897285798006006
9871,2.7676066165128783,2.2754245539989117,0.49218206251396657
9872,2.898174364931857,2.420992646183603,0.4771817187482541
9873,2.7199580848234706,2.248268746881178,0.4716893379422924
9874,2.9027222786825706,2.4366375054010243,0.4660847732815463
9875,2.850467164709851,2.414539505873103,0.4359276588367482
9876,2.8239610412041705,2.355566993354358,0.46839404784981253
9877,2.801983589895284,2.3761679806421707,0.42581560925311335
9878,2.8118794942836187,2.3403984914521976,0.47148100283142114
9879,2.7841684011828245,2.3160278022074725,0.468140598975352
9880,2.8308625232604334,2.393358636584805,0.43750388667562845
9881,2.811013303860138,2.338209735578461,0.47280356828167713
9882,2.6456793896900095,2.194160480455079,0.45151890923493054
9883,2.9054375806626482,2.425657299661288,0.4797802810013603
9884,2.7766933210351015,2.311039676720723,0.4656536443143784
9885,2.73831552071765,2.260734387809094,0.47758113290855597
9886,2.7383509969221738,2.2937821193939256,0.44456887752824814
9887,2.646432446787639,2.178096883626373,0.4683355631612658
9888,2.8745194168179746,2.429992706233125,0.4445267105848498
9889,2.806334432242888,2.331536871388871,0.4747975608540167
9890,2.83087857842581,2.3847267589444696,0.44615181948134053
9891,2.7936561430437896,2.3390094015723,0.4546467414714894
9892,2.65360539838515,2.1883759015638207,0.4652294968213293
9893,2.889651148223984,2.452555011817152,0.437096136406832
9894,2.8867218688136003,2.4165320776010737,0.4701897912125266
9895,2.6481027501570935,2.1862305461148424,0.46187220404225116
9896,2.8413167134747312,2.3720863082754513,0.46923040519927994
9897,2.820956038466519,2.371874793168532,0.4490812452979873
9898,2.804475307904148,2.354810466238322,0.4496648416658262
9899,2.7205928998415745,2.2914486492258748,0.4291442506156997
9900,2.9161052490503065,2.467933656456033,0.4481715925942735
9901,2.8363285332205153,2.3707738103029765,0.46555472291753874
9902,2.822040077213735,2.3536083240847088,0.4684317531290261
9903,2.821692054838595,2.341477935717412,0.4802141191211833
9904,2.7485325945562624,2.289488580910791,0.4590440136454714
9905,2.83164722150054,2.3749983914063018,0.4566488300942382
9906,2.850877689074924,2.3828791186984035,0.4679985703765204
9907,2.8878598469019923,2.422791456111444,0.4650683907905484
9908,2.703186381356512,2.2399006100719605,0.4632857712845513
9909,2.8481419816473608,2.376506984251326,0.471634997396035
9910,2.815052103329559,2.3341976319083244,0.4808544714212344
9911,2.8266361419169836,2.350102834566938,0.47653330735004573
9912,2.8074390120727273,2.3432340666944445,0.46420494537828283
9913,2.7561108893072834,2.315113811285326,0.44099707802195764
9914,2.745105473997085,2.2628054371992703,0.4823000367978145
9915,2.9712256310329015,2.5179297356178036,0.45329589541509785
9916,2.7496232441554675,2.2851531960055076,0.46447004814995996
9917,2.8530980518591784,2.382347227775527,0.4707508240836513
9918,2.8253565396917217,2.3489923190605944,0.4763642206311274
9919,2.7270040701382814,2.2662680854543273,0.46073598468395405
9920,2.7585707853454298,2.346549802700652,0.4120209826447776
9921,2.8335338373691004,2.3591266926272443,0.4744071447418561
9922,2.840047325855879,2.384245227267596,0.45580209858828313
9923,2.733635882508083,2.258838859017742,0.4747970234903409
9924,2.8249818137658202,2.357982787918843,0.4669990258469774
9925,2.839025414627708,2.368582221296193,0.4704431933315152
9926,2.8484923353859495,2.373777889227847,0.47471444615810254
9927,2.7385014720259475,2.273950215130142,0.4645512568958057
9928,2.7056990008946675,2.242204776308738,0.4634942245859297
9929,2.8330048993312174,2.3602627037009345,0.47274219563028286
9930,2.795292966240997,2.3514211248308703,0.4438718414101266
9931,2.741824426379427,2.2796289367881655,0.46219548959126167
9932,2.852266174911393,2.370945943686481,0.4813202312249123
9933,2.807658823998517,2.3367810166770364,0.47087780732148055
9934,2.7850906197917733,2.3444563857583867,0.44063423403338664
9935,2.7973245977957477,2.338058629558085,0.45926596823766275
9936,2.7235317089363487,2.249840533237372,0.4736911756989768
9937,2.8634627987306587,2.391352074662017,0.47211072406864174
9938,2.768730387163209,2.3313715813752656,0.4373588057879436
9939,2.894704657817399,2.4424495066991687,0.45225515111823045
9940,2.8227487296138074,2.3398257708062205,0.48292295880758696
9941,2.7560443976832087,2.2758941984430536,0.4801501992401551
9942,2.844834693434743,2.3804772319842886,0.4643574614504544
9943,2.9427830355801845,2.502269102579279,0.4405139330009056
9944,2.7837156805611736,2.332815206019891,0.45090047454128257
9945,2.777822562089268,2.315399427039698,0.46242313504957
9946,2.8771122887285117,2.4389098488719605,0.43820243985655116
9947,2.770132389765061,2.3068321621218377,0.4633002276432232
9948,2.759369395282871,2.305948105090412,0.453421290192459
9949,2.835377042451058,2.3653881242134682,0.4699889182375898
9950,2.850060342103404,2.3757270022651946,0.47433333983820924
9951,2.748579124155394,2.282958491341221,0.465620632814173
9952,2.8438218090738245,2.375035994016455,0.4687858150573696
9953,2.798763002775796,2.319972973811726,0.4787900289640703
9954,2.708450240169477,2.2382169309045716,0.4702333092649056
9955,2.769552928011616,2.307340996273967,0.4622119317376492
9956,2.90045768134995,2.4736984922663696,0.42675918908358046
9957,2.846013417000891,2.407312594588371,0.43870082241251973
9958,2.908179443053809,2.4267653116577974,0.4814141313960114
9959,2.8223639379264145,2.3415565816052544,0.4808073563211601
9960,2.609365156984533,2.1531145074462983,0.4562506495382346
9961,2.7192214271202126,2.2635103326336417,0.455711094486571
9962,2.8532852239732627,2.4099920945858297,0.4432931293874329
9963,2.820779245130709,2.344133666855407,0.47664557827530185
9964,2.8313412254059203,2.367694789213489,0.4636464361924313
9965,2.7651563206761294,2.2981739952376565,0.46698232543847285
9966,2.8333750273174516,2.355819843034018,0.4775551842834336
9967,2.7863382206130303,2.3478515036056384,0.43848671700739184
9968,2.833671439864455,2.3478139779917218,0.48585746187273315
9969,2.783420156579368,2.332862257591415,0.4505578989879533
9970,2.8236617927853738,2.3853206258618274,0.4383411669235464
9971,2.79985870394415,2.3130334784444466,0.4868252254997034
9972,2.871627094047421,2.40242216314965,0.46920493089777127
9973,2.8779474344242386,2.428952069343356,0.44899536508088245
9974,2.8859473092481975,2.4459851476970322,0.4399621615511653
9975,2.8921712038235596,2.4302625788751255,0.4619086249484341
9976,2.8454247511753015,2.395302358432847,0.45012239274245447
9977,2.8685349339260227,2.3979277030300623,0.47060723089596035
9978,2.805645417470327,2.333770180823229,0.47187523664709774
9979,2.758587245213186,2.303065863520877,0.45552138169230894
9980,2.8804048745318185,2.4421219920849944,0.4382828824468241
9981,2.8546712451138188,2.370017576610616,0.4846536685032028
9982,2.813998873281584,2.3635858982633646,0.45041297501821953
9983,2.8788061159000273,2.425325882729779,0.4534802331702483
9984,2.7773371789503436,2.2981746964213405,0.47916248252900306
9985,2.80158858378882,2.330473140538223,0.4711154432505973
9986,2.9163424194957717,2.4865495092593113,0.4297929102364604
9987,2.732716161211108,2.2778892953523493,0.45482686585875864
9988,2.7806997727056806,2.328161463666137,0.4525383090395434
9989,2.7692255237054795,2.2910769192769216,0.4781486044285579
9990,2.8427469491801793,2.3612236059165688,0.48152334326361057
9991,2.7432722171298995,2.285016715831947,0.45825550129795234
9992,2.8000402773974384,2.338617910420125,0.46142236697731365
9993,2.845284494412751,2.3697177424422464,0.4755667519705047
9994,2.730215275313004,2.27752339977035,0.45269187554265367
9995,2.869091846392225,2.410685071065422,0.45840677532680285
9996,2.824834366964548,2.357219330389221,0.4676150365753271
9997,2.7626460424811627,2.2887299329559374,0.47391610952522534
9998,2.852652641607115,2.4273009873610674,0.4253516542460476
9999,2.8048537568379066,2.371025830304107,0.4338279265337994
10000,2.69177234697301,2.2289257426324847,0.4628466043405255
