source_id,language,mechanism_seed,unit_id,first_test_line,last_test_line,line_count,token_count,boundary_pair_count,boundary_pair_entropy_bits,effective_boundary_pairs,effective_final_glyphs,effective_initial_glyphs,distinct_final_glyphs,distinct_initial_glyphs,distinct_boundary_pairs,possible_boundary_pairs_from_observed_marginals,observed_pair_support_fraction,top5_boundary_pair_probability_mass,boundary_pair_simpson_concentration,boundary_pair_effective_simpson_pairs,space_free_events,space_free_hmm_bits_per_event,space_free_trigram_bits_per_event,space_free_delta_bits_per_event,token_aware_events,token_aware_hmm_bits_per_event,token_aware_trigram_bits_per_event,token_aware_delta_bits_per_event,boundary_boost_bits_per_event
french_gutenberg_les_miserables_t1_17489,French,40814041438,u01,1,42,42,406,364,7.556719546866096,188.277859581021,15.625469915656653,19.678967045536325,16,25,216,400,0.54,0.07417582417582418,0.006158676488346788,162.37254901960864,2242,3.986706211568252,3.463317199905766,0.523389011662486,2606,3.467185801035482,2.937297914904388,0.5298878861310943,0.006498874468608307
french_gutenberg_les_miserables_t1_17489,French,40814041438,u02,43,81,39,406,367,7.446451427615715,174.42359804779701,15.854215952778386,17.455253866143753,16,26,207,416,0.49759615384615385,0.08446866485013624,0.006897370980555178,144.98277717976376,2311,4.050178747602763,3.540652528873067,0.5095262187296958,2678,3.5330288662596523,3.0143079522638896,0.5187209139957627,0.009194695266066866
french_gutenberg_les_miserables_t1_17489,French,40814041438,u03,82,120,39,389,350,7.344563220738514,162.53011194811629,15.501410581264743,16.728699165381485,16,25,192,400,0.48,0.08,0.007265306122449006,137.64044943820176,2184,4.053265795388228,3.5554228857615264,0.4978429096267014,2534,3.524016587519867,3.0241784034414985,0.49983818407836855,0.0019952744516671395
french_gutenberg_les_miserables_t1_17489,French,40814041438,u04,121,159,39,404,365,7.436257141576511,173.1954406521399,15.836813425080496,17.658844345435064,16,24,204,384,0.53125,0.07397260273972603,0.00679301932820411,147.20994475138244,2319,4.016868788794257,3.572385139441608,0.44448364935264895,2684,3.51098282312937,3.057432967066919,0.4535498560624509,0.00906620670980196
french_gutenberg_les_miserables_t1_17489,French,40814041438,u05,160,195,36,400,364,7.398140496281225,168.67945980406344,15.83518098286739,17.66346579786056,16,25,197,400,0.4925,0.06868131868131869,0.006853037072817273,145.92070484581538,2208,3.919839164813807,3.411268787453493,0.5085703773603143,2572,3.4016576661921154,2.8870582827848814,0.514599383407234,0.006029006046919694
french_gutenberg_les_miserables_t1_17489,French,40814041438,u06,196,235,40,401,361,7.387434885958799,167.43239582392175,15.689229120933954,18.357687088198634,16,26,198,416,0.47596153846153844,0.07479224376731303,0.007051818202745488,141.80739934711724,2352,3.942922199697909,3.5423552814054826,0.4005669182924265,2713,3.4745673574609115,3.0250851966357257,0.4494821608251858,0.04891524253275925
french_gutenberg_les_miserables_t1_17489,French,40814041438,u07,236,274,39,398,359,7.465983888961995,176.80115495621493,15.798155676162178,17.90895289774149,16,25,205,400,0.5125,0.07242339832869081,0.006571953973044874,152.16174734356616,2292,3.9935621370495777,3.418647356808902,0.5749147802406758,2651,3.4667953851235214,2.923199510898416,0.5435958742251055,-0.0313189060155703
french_gutenberg_les_miserables_t1_17489,French,40814041438,u08,275,312,38,404,366,7.445663585908901,174.32837302326723,15.830451589064747,17.616360683441645,16,24,206,384,0.5364583333333334,0.0819672131147541,0.006838066230702643,146.24017467248856,2354,4.044792233245814,3.544334986723661,0.5004572465221528,2720,3.52575526781462,3.032545304977691,0.4932099628369291,-0.00724728368522376
french_gutenberg_les_miserables_t1_17489,French,40814041438,u09,313,353,41,405,364,7.409332897163497,169.99316111383706,15.886530538582242,18.368599678328447,16,25,201,400,0.5025,0.07692307692307693,0.006943605844704721,144.01739130434834,2437,4.026675878219082,3.4680533862997964,0.5586224919192859,2801,3.545572474091047,2.9688731199148117,0.5766993541762351,0.018076862256949155
french_gutenberg_les_miserables_t1_17489,French,40814041438,u10,354,389,36,395,359,7.511981974148561,182.52901118720143,15.853473623683554,18.729888945513345,16,25,214,400,0.535,0.07242339832869081,0.006478844825847067,154.34850299401273,2198,3.9446329931378905,3.4119269626645266,0.532706030473364,2557,3.439401062834896,2.89820216371279,0.5411988991221062,0.008492868648742213
french_gutenberg_les_miserables_t1_17489,French,40814041438,u11,390,426,37,400,363,7.436925137712369,173.2756521107149,15.775880804118488,17.864088168879558,16,25,203,400,0.5075,0.0743801652892562,0.006777011284900126,147.55767077267558,2462,3.998071918031235,3.4407856437239897,0.5572862743072453,2825,3.5209623467964217,2.9711803052623247,0.549782041534097,-0.007504232773148267
french_gutenberg_les_miserables_t1_17489,French,40814041438,u12,427,462,36,404,368,7.356421816518403,163.87157489188178,15.875106647457569,16.9922917528257,16,27,197,432,0.45601851851851855,0.08423913043478262,0.007325141776937632,136.51612903225782,2410,3.981941302586041,3.4356536478735875,0.5462876547124536,2778,3.4781887175934645,2.95122324131355,0.5269654762799143,-0.01932217843253925
french_gutenberg_les_miserables_t1_17489,French,40814041438,u13,463,500,38,393,355,7.341531369705413,162.18891047678082,15.759676543790773,17.25254401324701,16,25,191,400,0.4775,0.08450704225352113,0.007308073794881972,136.83496199782837,2377,3.9700825229536743,3.433956835213384,0.5361256877402902,2732,3.5046414180107277,2.952145019074474,0.5524963989362539,0.016370711195963672
french_gutenberg_les_miserables_t1_17489,French,40814041438,u14,501,536,36,403,367,7.502984976244768,181.39425776262638,15.738997771009608,18.649566552459678,16,24,210,384,0.546875,0.0653950953678474,0.006362806168283944,157.16336056009408,2359,4.024714889769389,3.4971806357849022,0.527534253984487,2726,3.5283714325616584,2.9842326060913633,0.5441388264702951,0.016604572485808156
french_gutenberg_les_miserables_t1_17489,French,40814041438,u15,537,573,37,394,357,7.390882024765667,167.83293285444176,15.671955717826398,17.766000452976144,16,26,199,416,0.47836538461538464,0.08123249299719888,0.007085187015982889,141.13953488372042,2350,4.005824990482134,3.5952921739775223,0.4105328165046118,2707,3.5149270458674593,3.0704181495376726,0.44450889632978674,0.03397607982517492
french_gutenberg_les_miserables_t1_17489,French,40814041439,u01,1,42,42,406,364,7.574895156796714,190.66485882331327,15.702593049215984,19.678967045536325,16,25,219,400,0.5475,0.06593406593406594,0.0060379181258301785,165.62000000000097,2242,3.980225144089683,3.4565218529591633,0.5237032911305199,2606,3.4270454059009894,2.9406818056052657,0.4863636002957237,-0.03733969083479627
french_gutenberg_les_miserables_t1_17489,French,40814041439,u02,43,81,39,406,367,7.3443153419062766,162.50218898979378,15.74161381694821,17.455253866143753,16,26,198,416,0.47596153846153844,0.0871934604904632,0.007535878950768037,132.6985221674882,2311,4.023463787515113,3.5471012836844764,0.4763625038306367,2678,3.492425490909332,3.0071637343582407,0.4852617565510915,0.008899252720454776
french_gutenberg_les_miserables_t1_17489,French,40814041439,u03,82,120,39,389,350,7.320165666078681,159.80465973078506,15.689154555868727,16.728699165381485,16,25,188,400,0.47,0.07714285714285714,0.007379591836734717,135.5088495575217,2184,4.063796482326142,3.5551805600371487,0.508615922288993,2534,3.4891416095811345,3.0334903353901908,0.45565127419094376,-0.05296464809804924
french_gutenberg_les_miserables_t1_17489,French,40814041439,u04,121,159,39,404,365,7.404520678766993,169.42708069798618,15.741114295230318,17.658844345435064,16,24,201,384,0.5234375,0.07397260273972603,0.006988177894539257,143.09881847475947,2319,4.009071066212213,3.5812610983116357,0.42780996790057735,2684,3.4886134692482558,3.0615646282222526,0.42704884102600316,-0.0007611268745741917
french_gutenberg_les_miserables_t1_17489,French,40814041439,u05,160,195,36,400,364,7.414712446669086,170.62821821102884,15.777683742259189,17.66346579786056,16,25,207,400,0.5175,0.09890109890109891,0.007456828885400292,134.10526315789514,2208,3.9265473610893458,3.406212802470554,0.5203345586187917,2572,3.366054790842634,2.8915994865157244,0.47445530432690974,-0.045879254291882
french_gutenberg_les_miserables_t1_17489,French,40814041439,u06,196,235,40,401,361,7.392626860975217,168.03603754849703,15.782884431991848,18.357687088198634,16,26,200,416,0.4807692307692308,0.08033240997229918,0.007128551806692663,140.28094725511386,2352,3.9954427380968647,3.5248635520486076,0.4705791860482571,2713,3.4393064603404175,3.0219278309409288,0.4173786293994888,-0.05320055664876833
french_gutenberg_les_miserables_t1_17489,French,40814041439,u07,236,274,39,398,359,7.513005015762094,182.6584917725038,15.75175107604677,17.90895289774149,16,25,209,400,0.5225,0.06406685236768803,0.0062460719578525635,160.10062111801318,2292,3.97907984925293,3.427768202675037,0.5513116465778927,2651,3.4567464750957924,2.928565779853546,0.5281806952422463,-0.023130951335646355
french_gutenberg_les_miserables_t1_17489,French,40814041439,u08,275,312,38,404,366,7.397778469749052,168.63713708383713,15.643625307717688,17.616360683441645,16,24,200,384,0.5208333333333334,0.07650273224043716,0.007032159813670184,142.20382165605048,2354,4.004253517043119,3.5593987129222326,0.4448548041208862,2720,3.4981915937638557,3.0329022049886376,0.4652893887752181,0.0204345846543319
french_gutenberg_les_miserables_t1_17489,French,40814041439,u09,313,353,41,405,364,7.438330580025982,173.4445357523223,15.81790760886297,18.368599678328447,16,25,203,400,0.5075,0.07142857142857142,0.006732278710300667,148.5381165919287,2437,4.034691097964028,3.4573761862428873,0.5773149117211402,2801,3.5090262933282026,2.965570751521873,0.5434555418063294,-0.033859369914810866
french_gutenberg_les_miserables_t1_17489,French,40814041439,u10,354,389,36,395,359,7.483047111856344,178.90465451361848,15.767638456475813,18.729888945513345,16,25,205,400,0.5125,0.06963788300835655,0.006401253869848902,156.21939393939462,2198,3.9590329802715383,3.416299129916965,0.5427338503545731,2557,3.422003013933182,2.8956611553205702,0.5263418586126116,-0.016391991741961487
french_gutenberg_les_miserables_t1_17489,French,40814041439,u11,390,426,37,400,363,7.456705250471507,175.66771377620816,15.811683370951798,17.864088168879558,16,25,203,400,0.5075,0.0743801652892562,0.0065796962866835505,151.98269896193688,2462,3.9838147873933893,3.4598862437119466,0.5239285436814427,2825,3.4836547080094364,2.969430660598187,0.5142240474112496,-0.009704496270193097
french_gutenberg_les_miserables_t1_17489,French,40814041439,u12,427,462,36,404,368,7.317046205117118,159.4594961118888,15.368094520034784,16.9922917528257,16,27,193,432,0.44675925925925924,0.08695652173913045,0.007561436672967875,132.2499999999998,2410,3.9817372044257073,3.4532611081631366,0.5284760962625707,2778,3.4576601525497677,2.95644537476396,0.5012147777858078,-0.02726131847676294
french_gutenberg_les_miserables_t1_17489,French,40814041439,u13,463,500,38,393,355,7.382858227347827,166.90209195309066,15.819184969762619,17.25254401324701,16,25,194,400,0.485,0.07605633802816901,0.0069748065859948395,143.37315130830495,2377,3.9848765032886853,3.433575491314854,0.5513010119738313,2732,3.465182615808645,2.9551224758488437,0.5100601399598013,-0.04124087201403004
french_gutenberg_les_miserables_t1_17489,French,40814041439,u14,501,536,36,403,367,7.482663145437138,178.85704622688496,15.761733600937466,18.649566552459678,16,24,212,384,0.5520833333333334,0.08174386920980925,0.006734031732361186,148.4994487320845,2359,4.033896416306091,3.4988319590539105,0.5350644572521808,2726,3.494602410160182,2.99230426411594,0.5022981460442417,-0.03276631120793905
french_gutenberg_les_miserables_t1_17489,French,40814041439,u15,537,573,37,394,357,7.324793430806461,160.31809169851095,15.568994716475462,17.766000452976144,16,26,188,416,0.4519230769230769,0.07843137254901962,0.007273497634347884,137.48543689320337,2350,3.9898694882160255,3.5885456159824782,0.40132387223354726,2707,3.4673451292711954,3.0644056532073787,0.40293947606381675,0.0016156038302694853
french_gutenberg_les_miserables_t1_17489,French,40814041440,u01,1,42,42,406,364,7.530975564676784,184.94795839317828,15.57933360789056,19.678967045536325,16,25,212,400,0.53,0.06593406593406594,0.006219055669605093,160.79611650485506,2242,3.985005462769965,3.4532001796495835,0.5318052831203817,2606,3.4461905753968143,2.9375239959166883,0.508666579480126,-0.02313870364025572
french_gutenberg_les_miserables_t1_17489,French,40814041440,u02,43,81,39,406,367,7.351734136350375,163.33997891402217,15.834761904980464,17.455253866143753,16,26,196,416,0.47115384615384615,0.07901907356948229,0.007342841657447872,136.1870576339742,2311,4.035633322254537,3.524458349854805,0.5111749723997314,2678,3.524830691711574,3.00421310714217,0.5206175845694041,0.009442612169672682
french_gutenberg_les_miserables_t1_17489,French,40814041440,u03,82,120,39,389,350,7.368176542185629,165.2122145130418,15.630428139131809,16.728699165381485,16,25,195,400,0.4875,0.08285714285714287,0.007200000000000025,138.8888888888884,2184,4.065466137791063,3.557558067118233,0.5079080706728298,2534,3.518148304973561,3.027154375662223,0.4909939293113381,-0.01691414136149172
french_gutenberg_les_miserables_t1_17489,French,40814041440,u04,121,159,39,404,365,7.45097168819818,174.9709601417637,15.689400105679523,17.658844345435064,16,24,205,384,0.5338541666666666,0.07123287671232877,0.006672921748920942,149.8593925759293,2319,4.022059713038182,3.5579972525633385,0.46406246047484334,2684,3.494722961497567,3.04470242093962,0.4500205405579467,-0.014041919916896628
french_gutenberg_les_miserables_t1_17489,French,40814041440,u05,160,195,36,400,364,7.358190254265845,164.0725698060814,15.866344499747193,17.66346579786056,16,25,192,400,0.48,0.07692307692307693,0.00709455379785049,140.95319148936193,2208,3.915131166954575,3.4137567991179023,0.5013743678366729,2572,3.3834169878317395,2.889514184291565,0.4939028035401747,-0.007471564296498201
french_gutenberg_les_miserables_t1_17489,French,40814041440,u06,196,235,40,401,361,7.468856438147523,177.15353431902798,15.70853441170893,18.357687088198634,16,26,205,416,0.49278846153846156,0.08033240997229918,0.006591416579062435,151.7124563445875,2352,3.9511335345141934,3.545442204909939,0.40569132960425414,2713,3.476742166809314,3.0301776517804866,0.44656451502882755,0.04087318542457341
french_gutenberg_les_miserables_t1_17489,French,40814041440,u07,236,274,39,398,359,7.461914652557928,176.30317582551652,15.802758337370575,17.90895289774149,16,25,208,400,0.52,0.07799442896935933,0.0067581722674404775,147.9690011481063,2292,4.016829457628688,3.411203278445844,0.6056261791828441,2651,3.4610055975085667,2.918005258102636,0.5430003394059306,-0.0626258397769135
french_gutenberg_les_miserables_t1_17489,French,40814041440,u08,275,312,38,404,366,7.365607875457206,164.91832180646463,15.775045474920777,17.616360683441645,16,24,192,384,0.5,0.07377049180327869,0.007017229538057292,142.506382978723,2354,4.050149360356094,3.5589300132077013,0.4912193471483923,2720,3.5068273294597443,3.0300733213457147,0.47675400811402957,-0.014465339034362756
french_gutenberg_les_miserables_t1_17489,French,40814041440,u09,313,353,41,405,364,7.436026801283957,173.16779052319092,15.750320521222061,18.368599678328447,16,25,204,400,0.51,0.08241758241758243,0.006868131868131846,145.60000000000045,2437,4.02136148028267,3.446948299241193,0.5744131810414772,2801,3.539724792754099,2.9664187596787386,0.5733060330753603,-0.0011071479661168837
french_gutenberg_les_miserables_t1_17489,French,40814041440,u10,354,389,36,395,359,7.5068776315274945,181.88435355815483,15.818572645834204,18.729888945513345,16,25,211,400,0.5275,0.06963788300835655,0.006385735678649265,156.59902794653783,2198,3.9634954410223253,3.4353961163081843,0.528099324714141,2557,3.423054884244664,2.9065698880693325,0.5164849961753317,-0.011614328538809282
french_gutenberg_les_miserables_t1_17489,French,40814041440,u11,390,426,37,400,363,7.466828038462436,176.90463509199947,15.73830590307135,17.864088168879558,16,25,205,400,0.5125,0.07162534435261708,0.006549340133111771,152.68713789107676,2462,3.987055354409909,3.455991582146817,0.5310637722630922,2825,3.5209666239631865,2.9699702419634435,0.550996381999743,0.019932609736650786
french_gutenberg_les_miserables_t1_17489,French,40814041440,u12,427,462,36,404,368,7.413830309874089,170.5239193691579,15.832117316037648,16.9922917528257,16,27,205,432,0.47453703703703703,0.0815217391304348,0.0071183837429111725,140.4813278008295,2410,3.9731015129837615,3.4524229440589593,0.5206785689248021,2778,3.493093880320939,2.9575956665853766,0.5354982137355622,0.014819644810760035
french_gutenberg_les_miserables_t1_17489,French,40814041440,u13,463,500,38,393,355,7.387209520046891,167.40624295970613,15.456977329207554,17.25254401324701,16,25,193,400,0.4825,0.07042253521126761,0.006831977782186075,146.3704994192799,2377,3.9857157993183674,3.4160695077187255,0.5696462915996419,2732,3.4824333170150634,2.948284212200865,0.5341491048141984,-0.035497186785443446
french_gutenberg_les_miserables_t1_17489,French,40814041440,u14,501,536,36,403,367,7.503091515801462,181.40765378663394,15.738792761740116,18.649566552459678,16,24,213,384,0.5546875,0.07084468664850135,0.006496447371351752,153.93028571428638,2359,4.008387847830636,3.5082416639411287,0.5001461838895072,2726,3.5212445244577295,2.9870233747261863,0.5342211497315432,0.034074965842036065
french_gutenberg_les_miserables_t1_17489,French,40814041440,u15,537,573,37,394,357,7.42104492664384,171.37880967935504,15.738268953231783,17.766000452976144,16,26,201,416,0.4831730769230769,0.07563025210084033,0.006865491294557068,145.65599999999938,2350,3.9963761135394553,3.591065035963107,0.4053110775763482,2707,3.5248851764301943,3.0655042810932747,0.4593808953369196,0.054069817760571404
french_gutenberg_les_miserables_t1_17489,French,40814041441,u01,1,42,42,406,364,7.513649997406296,182.74017065108677,15.863867984868536,19.678967045536325,16,25,211,400,0.5275,0.07142857142857142,0.00637000362275085,156.98578199052196,2242,4.015094541839199,3.4632948362553693,0.5517997055838295,2606,3.443518343540283,2.9373890603490174,0.5061292831912656,-0.045670422392563914
french_gutenberg_les_miserables_t1_17489,French,40814041441,u02,43,81,39,406,367,7.422647255657946,171.56925726735466,15.732827313345714,17.455253866143753,16,26,204,416,0.49038461538461536,0.07901907356948229,0.006941918048244446,144.05240641711288,2311,4.067557426809664,3.5393290286150507,0.5282283981946132,2678,3.5000385777513454,3.0096691108425304,0.490369466908815,-0.0378589312857982
french_gutenberg_les_miserables_t1_17489,French,40814041441,u03,82,120,39,389,350,7.401280979008865,169.0470440138339,15.912189759442075,16.728699165381485,16,25,195,400,0.4875,0.06571428571428571,0.006759183673469412,147.9468599033811,2184,4.09109542209027,3.571244604480522,0.5198508176097483,2534,3.5001863282572927,3.0251517253728415,0.4750346028844512,-0.044816214725297066
french_gutenberg_les_miserables_t1_17489,French,40814041441,u04,121,159,39,404,365,7.421747391349992,171.46227629951218,15.71313545921638,17.658844345435064,16,24,205,384,0.5338541666666666,0.07671232876712328,0.007018202289360047,142.48663101604396,2319,4.039238397985578,3.5619103507880645,0.4773280471975134,2684,3.5045359464780144,3.0516683995397837,0.4528675469382306,-0.024460500259282814
french_gutenberg_les_miserables_t1_17489,French,40814041441,u05,160,195,36,400,364,7.450046685813043,174.85881122856557,15.785936464145067,17.66346579786056,16,25,205,400,0.5125,0.07142857142857142,0.0067020891196715145,149.20720720720772,2208,3.9440367640105025,3.4114576964166603,0.5325790675938422,2572,3.4114540075852355,2.8933372634109182,0.5181167441743173,-0.014462323419524914
french_gutenberg_les_miserables_t1_17489,French,40814041441,u06,196,235,40,401,361,7.462557920526009,176.38180330384995,15.707981334580602,18.357687088198634,16,26,208,416,0.5,0.0775623268698061,0.0067602305077462165,147.9239500567546,2352,4.003623600784626,3.5389443062813566,0.46467929450326917,2713,3.4762597501777,3.023290499364419,0.4529692508132812,-0.011710043689987959
french_gutenberg_les_miserables_t1_17489,French,40814041441,u07,236,274,39,398,359,7.411020443926424,170.19212156315237,15.57346535637829,17.90895289774149,16,25,205,400,0.5125,0.07799442896935933,0.0071461270474313205,139.9359391965261,2292,4.013399480763908,3.422764131623766,0.5906353491401424,2651,3.4520285545790292,2.9246427897267737,0.5273857648522555,-0.06324958428788685
french_gutenberg_les_miserables_t1_17489,French,40814041441,u08,275,312,38,404,366,7.457607405725091,175.7775977831719,15.776492276465806,17.616360683441645,16,24,209,384,0.5442708333333334,0.0819672131147541,0.006882857057541307,145.28850325379557,2354,4.043285466055934,3.5349314263784914,0.5083540396774429,2720,3.5148566570032864,3.027100734745531,0.48775592225775544,-0.020598117419687423
french_gutenberg_les_miserables_t1_17489,French,40814041441,u09,313,353,41,405,364,7.4080860044683785,169.8463028704911,15.643608067132467,18.368599678328447,16,25,203,400,0.5075,0.09340659340659341,0.007215312160367091,138.5941422594145,2437,4.065084504847177,3.456320918575409,0.6087635862717682,2801,3.542250486971497,2.961483800473213,0.5807666864982841,-0.027996899773484074
french_gutenberg_les_miserables_t1_17489,French,40814041441,u10,354,389,36,395,359,7.445370823735643,174.29300063071298,15.730667854948578,18.729888945513345,16,25,205,400,0.5125,0.0807799442896936,0.0068047268410393776,146.95667046750353,2198,3.980469145826513,3.4288347358369724,0.5516344099895405,2557,3.4399858785131303,2.897556047110435,0.5424298314026954,-0.009204578586845091
french_gutenberg_les_miserables_t1_17489,French,40814041441,u11,390,426,37,400,363,7.4177914845787445,170.99276634251194,15.792511267460055,17.864088168879558,16,25,204,400,0.51,0.08539944903581267,0.007050216667046159,141.83961248654384,2462,4.023826119438271,3.4562208528555156,0.5676052665827558,2825,3.521803760222794,2.976523810491006,0.5452799497317877,-0.022325316850968058
french_gutenberg_les_miserables_t1_17489,French,40814041441,u12,427,462,36,404,368,7.394607600446809,168.2669000590817,15.756113289937796,16.9922917528257,16,27,201,432,0.4652777777777778,0.08695652173913045,0.007177457466918733,139.32510288065808,2410,3.9971605118935174,3.451363987357477,0.5457965245360406,2778,3.458678992274716,2.9536412082453536,0.5050377840293625,-0.04075874050667805
french_gutenberg_les_miserables_t1_17489,French,40814041441,u13,463,500,38,393,355,7.399858041161461,168.88039420604008,15.385288101975247,17.25254401324701,16,25,197,400,0.4925,0.07605633802816901,0.006879587383455669,145.35755478662043,2377,4.0222621019901466,3.425665208965891,0.5965968930242553,2732,3.513945704564992,2.9537773430416823,0.5601683615233095,-0.03642853150094583
french_gutenberg_les_miserables_t1_17489,French,40814041441,u14,501,536,36,403,367,7.459186518693961,175.97010184087262,15.779756282338123,18.649566552459678,16,24,207,384,0.5390625,0.07084468664850135,0.006659786619545739,150.1549609810486,2359,4.06181272562815,3.494601374235261,0.5672113513928894,2726,3.5100557081134847,2.9887508224572503,0.5213048856562343,-0.04590646573665502
french_gutenberg_les_miserables_t1_17489,French,40814041441,u15,537,573,37,394,357,7.374933863663305,165.98785356999144,15.68419160852421,17.766000452976144,16,26,199,416,0.47836538461538464,0.08683473389355742,0.007304882737408715,136.89473684210478,2350,4.047155390307053,3.5678807042344194,0.479274686072634,2707,3.5066353297419806,3.0581969453060847,0.4484383844358959,-0.030836301636738117
french_gutenberg_les_miserables_t1_17489,French,40814041442,u01,1,42,42,406,364,7.609245413565997,195.259023859515,15.819866453724293,19.678967045536325,16,25,221,400,0.5525,0.06043956043956045,0.005811496196111544,172.07272727272837,2242,3.991016686038379,3.4697011681563192,0.5213155178820599,2606,3.4467117837739947,2.9377566850541608,0.5089550987198339,-0.012360419162225966
french_gutenberg_les_miserables_t1_17489,French,40814041442,u02,43,81,39,406,367,7.400323942892501,168.93494098952897,15.655402472212355,17.455253866143753,16,26,204,416,0.49038461538461536,0.08174386920980928,0.007194351431816973,138.9979360165124,2311,4.063757307336264,3.551479719937258,0.512277587399006,2678,3.505425260775859,3.012834689122815,0.4925905716530439,-0.0196870157459621
french_gutenberg_les_miserables_t1_17489,French,40814041442,u03,82,120,39,389,350,7.2657242834715605,153.88665144212067,15.56695251169445,16.728699165381485,16,25,182,400,0.455,0.07714285714285715,0.007591836734693899,131.7204301075265,2184,4.059018320786332,3.556665271330176,0.5023530494561559,2534,3.488072392843849,3.0230354344495822,0.4650369583942666,-0.03731609106188927
french_gutenberg_les_miserables_t1_17489,French,40814041442,u04,121,159,39,404,365,7.430829529173316,172.5450802941772,15.808941127738796,17.658844345435064,16,24,200,384,0.5208333333333334,0.0821917808219178,0.006762994933383317,147.8634850166494,2319,4.030675489653642,3.5608515356018784,0.46982395405176325,2684,3.497657902562447,3.0505455874700775,0.44711231509236926,-0.022711638959393987
french_gutenberg_les_miserables_t1_17489,French,40814041442,u05,160,195,36,400,364,7.419702230984424,171.21938406915027,15.655810972834503,17.66346579786056,16,25,200,400,0.5,0.07142857142857142,0.006777563096244396,147.54565701559062,2208,3.9213758502034946,3.4190829707586086,0.502292879444886,2572,3.4025420513651783,2.8999896753797185,0.5025523759854598,0.00025949654057377813
french_gutenberg_les_miserables_t1_17489,French,40814041442,u06,196,235,40,401,361,7.373226937156719,165.79158095900195,15.736312862856366,18.357687088198634,16,26,197,416,0.4735576923076923,0.08587257617728533,0.007205285410639841,138.78700745473986,2352,3.9690899226067833,3.5414455013421406,0.42764442126464264,2713,3.476102335132385,3.027005121787133,0.44909721334525177,0.02145279208060913
french_gutenberg_les_miserables_t1_17489,French,40814041442,u07,236,274,39,398,359,7.381008297244231,166.6882149212483,15.740083053740102,17.90895289774149,16,25,198,400,0.495,0.0807799442896936,0.00713060885623169,140.24047878128457,2292,3.9909430776405683,3.4261375843113573,0.564805493329211,2651,3.43653254008452,2.925777298538223,0.5107552415462968,-0.05405025178291423
french_gutenberg_les_miserables_t1_17489,French,40814041442,u08,275,312,38,404,366,7.441696595216667,173.84967926497103,15.751974008757582,17.616360683441645,16,24,208,384,0.5416666666666666,0.09016393442622951,0.007062020364895961,141.60253699788532,2354,4.035817509167251,3.545257503721082,0.4905600054461692,2720,3.5204533634402098,3.026713149655722,0.49374021378448774,0.0031802083383185575
french_gutenberg_les_miserables_t1_17489,French,40814041442,u09,313,353,41,405,364,7.414890830092904,170.6493170064781,15.731870779428476,18.368599678328447,16,25,199,400,0.4975,0.07692307692307693,0.006853037072817278,145.9207048458153,2437,4.013337172009111,3.4544059808776817,0.5589311911314292,2801,3.5284781946202064,2.9656040965780104,0.562874098042196,0.003942906910766819
french_gutenberg_les_miserables_t1_17489,French,40814041442,u10,354,389,36,395,359,7.464412137104551,176.6086428744878,15.646463743997794,18.729888945513345,16,25,207,400,0.5175,0.07799442896935933,0.0067116176938415775,148.99537572254397,2198,3.961642602870534,3.411539262371313,0.5501033404992208,2557,3.411776923505747,2.895263730762731,0.516513192743016,-0.033590147756204836
french_gutenberg_les_miserables_t1_17489,French,40814041442,u11,390,426,37,400,363,7.398900308449454,168.76832020636627,15.631742432079045,17.864088168879558,16,25,198,400,0.495,0.07988980716253444,0.006974326283116698,143.38302502720282,2462,3.997959399283134,3.4558813320468653,0.5420780672362686,2825,3.5215792301740514,2.974557221195688,0.5470220089783635,0.004943941742094893
french_gutenberg_les_miserables_t1_17489,French,40814041442,u12,427,462,36,404,368,7.370509716097303,165.47961731293645,15.817207763011998,16.9922917528257,16,27,200,432,0.46296296296296297,0.08695652173913045,0.007354678638941415,135.96787148594348,2410,3.993116519587543,3.43372576453947,0.559390755048073,2778,3.4786163179251988,2.945852451665869,0.5327638662593297,-0.026626888788743308
french_gutenberg_les_miserables_t1_17489,French,40814041442,u13,463,500,38,393,355,7.37418128238598,165.9012886543847,15.670534177026758,17.25254401324701,16,25,197,400,0.4925,0.07323943661971831,0.007133505256893481,140.1835372636261,2377,3.9848224755643376,3.43715102479702,0.5476714507673175,2732,3.4791824215123017,2.9536216668392723,0.5255607546730294,-0.022110696094288063
french_gutenberg_les_miserables_t1_17489,French,40814041442,u14,501,536,36,403,367,7.454730191654725,175.42738808418608,15.691889389394404,18.649566552459678,16,24,207,384,0.5390625,0.07356948228882834,0.0067191827097980985,148.82762430939292,2359,4.041874498341122,3.492499576940636,0.5493749214004859,2726,3.5267054749045057,2.983048965934967,0.5436565089695389,-0.005718412430947062
french_gutenberg_les_miserables_t1_17489,French,40814041442,u15,537,573,37,394,357,7.434047037466555,172.9303209293473,15.66655222976455,17.766000452976144,16,26,205,416,0.49278846153846156,0.08403361344537814,0.0069596466037395634,143.68545659526436,2350,4.006835357158152,3.5769741779472732,0.4298611792108784,2707,3.505341406912416,3.0653558872771023,0.4399855196353135,0.010124340424435108
german_gutenberg_simplicissimus_55171,German,40814041438,u01,1,42,42,408,366,7.4201821061977435,171.2763452442399,15.584476832588427,17.360740389881677,16,23,202,368,0.5489130434782609,0.07650273224043716,0.006882857057541306,145.2885032537956,2551,3.7615451627305108,3.337073232431294,0.4244719302992168,2917,3.335896680429462,2.8699591779822473,0.46593750244721477,0.04146557214799795
german_gutenberg_simplicissimus_55171,German,40814041438,u02,43,80,38,398,360,7.356653818966377,163.89792950081545,15.663416800544514,16.74716167525186,16,23,191,368,0.5190217391304348,0.07777777777777778,0.007114197530864222,140.56399132320993,2459,3.717031414519816,3.303218919841881,0.4138124946779347,2819,3.2806292553752225,2.849465726807676,0.43116352856754636,0.017351033889611678
german_gutenberg_simplicissimus_55171,German,40814041438,u03,81,121,41,396,355,7.3835586500956785,166.98314193308082,15.849640486537824,16.554891592206257,16,23,196,368,0.532608695652174,0.07605633802816902,0.007038286054354298,142.08004509582855,2436,3.784730854499031,3.34849996542552,0.43623088907351093,2791,3.3564325651394586,2.8794692595472084,0.4769633055922502,0.04073241651873927
german_gutenberg_simplicissimus_55171,German,40814041438,u04,122,159,38,408,370,7.420453952668998,171.30862182088515,15.797721110924913,17.00697721374311,16,23,204,368,0.5543478260869565,0.08378378378378379,0.0069831994156319,143.2008368200826,2435,3.7600609384149304,3.327411287049108,0.43264965136582223,2805,3.3201223029139473,2.8512319144680247,0.46889038844592257,0.03624073708010034
german_gutenberg_simplicissimus_55171,German,40814041438,u05,160,198,39,392,353,7.323175084690277,160.13835537951948,15.824896807739604,17.098635089403736,16,24,188,384,0.4895833333333333,0.0764872521246459,0.00729481819130239,137.08360836083614,2370,3.7641411461756995,3.3181754166782818,0.44596572949741775,2723,3.33575188312496,2.840754843990347,0.494997039134613,0.049031309637195264
german_gutenberg_simplicissimus_55171,German,40814041438,u06,199,239,41,408,367,7.482927781697224,178.88985731989607,15.670914919683735,17.07966848842627,16,23,207,368,0.5625,0.07356948228882834,0.006481598348788664,154.28293241695368,2525,3.778179149134225,3.2959740197461533,0.4822051293880718,2892,3.358261656882056,2.836851596761102,0.5214100601209539,0.039204930732882115
german_gutenberg_simplicissimus_55171,German,40814041438,u07,240,278,39,394,355,7.275587962566773,154.9423764825655,15.612696335130854,16.29482706738975,16,23,187,368,0.5081521739130435,0.09014084507042253,0.007784169807577876,128.46585117227295,2426,3.8107288426217774,3.3743149626362725,0.43641387998550485,2781,3.3691755308506273,2.9203540058568525,0.4488215249937748,0.012407645008269963
german_gutenberg_simplicissimus_55171,German,40814041438,u08,279,318,40,403,363,7.423647399231838,171.6882383253496,15.787987336395787,17.462466853309852,16,23,200,368,0.5434782608695652,0.07988980716253444,0.0068225455152577975,146.5728587319236,2486,3.7749013284494137,3.3486488031223405,0.42625252532707325,2849,3.360141907125221,2.873439061489858,0.48670284563536326,0.060450320308290006
german_gutenberg_simplicissimus_55171,German,40814041438,u09,319,355,37,403,366,7.386664602183671,167.34302417540889,15.714071227839185,15.851356568849441,16,22,196,352,0.5568181818181818,0.07650273224043716,0.00697243871121863,143.42184154175547,2387,3.735148174138877,3.235827359301028,0.49932081483784874,2753,3.2698267514834995,2.770956032497159,0.4988707189863404,-0.0004500958515083475
german_gutenberg_simplicissimus_55171,German,40814041438,u10,356,394,39,392,353,7.446469825406058,174.42582237737332,15.6734138988301,16.84096605597165,16,23,201,368,0.5461956521739131,0.0708215297450425,0.0066046593745235065,151.40826245443506,2384,3.7497348247870304,3.3254634884368883,0.424271336350142,2737,3.33440351732118,2.8606834748854513,0.47372004243572885,0.049448706085586824
german_gutenberg_simplicissimus_55171,German,40814041438,u11,395,434,40,405,365,7.4618234689726775,176.29203317430583,15.514165273982417,18.00326353054176,16,24,204,384,0.53125,0.07397260273972603,0.006567836367048169,152.25714285714417,2453,3.750176832935127,3.298019754541075,0.45215707839405184,2818,3.3031603782911865,2.8307898333479047,0.4723705449432818,0.020213466549229953
german_gutenberg_simplicissimus_55171,German,40814041438,u12,435,473,39,396,357,7.276697179227735,155.0615497982385,15.761830288786538,15.350203246225037,16,22,186,352,0.5284090909090909,0.08123249299719888,0.007697196525669117,129.91743119266013,2272,3.782363882268303,3.3442319702408128,0.43813191202749024,2629,3.3043553288868996,2.854849940096977,0.44950538878992274,0.0113734767624325
german_gutenberg_simplicissimus_55171,German,40814041438,u13,474,511,38,400,362,7.367120153709821,165.091285007868,15.719210767172541,17.474758105572008,16,23,193,368,0.5244565217391305,0.08839779005524862,0.00714263911358019,140.00427350427316,2342,3.8468865125411393,3.383891347056641,0.46299516548449837,2704,3.3476453977790155,2.8808399740110455,0.46680542376796996,0.0038102582834715903
german_gutenberg_simplicissimus_55171,German,40814041438,u14,512,550,39,401,362,7.448933829263865,174.7239818050245,15.772316721591372,16.864332185807616,16,25,205,400,0.5125,0.07734806629834254,0.006761087878880397,147.9051918735887,2479,3.8664663197838114,3.456200508054651,0.4102658117291602,2841,3.4030124878038905,2.9793495759887683,0.4236629118151223,0.013397100085962066
german_gutenberg_simplicissimus_55171,German,40814041438,u15,551,589,39,397,358,7.322243658751756,160.03500098024375,15.590794399145016,17.152888788238556,16,23,190,368,0.5163043478260869,0.09217877094972067,0.007506007927343095,133.22661122661117,2464,3.787864053011974,3.3909835244410393,0.3968805285709345,2822,3.35530504290717,2.9224737323731484,0.43283131053402135,0.035950781963086875
german_gutenberg_simplicissimus_55171,German,40814041439,u01,1,42,42,408,366,7.41902010229227,171.13844801223016,15.861393480047692,17.360740389881677,16,23,197,368,0.5353260869565217,0.06830601092896174,0.006688763474573759,149.50446428571388,2551,3.811736974068615,3.3246741296065623,0.4870628444620526,2917,3.288921337583471,2.8675268734834076,0.42139446410006354,-0.06566838036198908
german_gutenberg_simplicissimus_55171,German,40814041439,u02,43,80,38,398,360,7.479341432852595,178.44571309196428,15.76479577015595,16.74716167525186,16,23,209,368,0.5679347826086957,0.07222222222222222,0.0066049382716049715,151.40186915887773,2459,3.733969037912466,3.3105581530836994,0.42341088482876676,2819,3.205114170864519,2.8466056602213246,0.35850851064319444,-0.06490237418557232
german_gutenberg_simplicissimus_55171,German,40814041439,u03,81,121,41,396,355,7.407683323100807,169.79890241821585,15.677764385456344,16.554891592206257,16,23,198,368,0.5380434782608695,0.07887323943661971,0.006895457250545527,145.0230149597238,2436,3.7938028080043713,3.3633023836109737,0.43050042439339764,2791,3.2942007843967684,2.8812609269527347,0.4129398574440337,-0.01756056694936392
german_gutenberg_simplicissimus_55171,German,40814041439,u04,122,159,38,408,370,7.419625110599724,171.21023164852707,15.558951065629667,17.00697721374311,16,23,200,368,0.5434782608695652,0.07297297297297298,0.006778670562454397,147.52155172413683,2435,3.787543727091621,3.3216836927712237,0.46586003432039735,2805,3.2681228597764953,2.8430769651694137,0.42504589460708164,-0.04081413971331571
german_gutenberg_simplicissimus_55171,German,40814041439,u05,160,198,39,392,353,7.384520973879969,167.09456219150286,15.764908851027043,17.098635089403736,16,24,194,384,0.5052083333333334,0.0679886685552408,0.006909613270309524,144.72590011614412,2370,3.7961108908853456,3.321548702253132,0.47456218863221356,2723,3.2713778746610016,2.841385725615723,0.4299921490452787,-0.04457003958693484
german_gutenberg_simplicissimus_55171,German,40814041439,u06,199,239,41,408,367,7.432545697240348,172.75045464013047,15.752744892375077,17.07966848842627,16,23,201,368,0.5461956521739131,0.0762942779291553,0.0067488807549242824,148.17271727172772,2525,3.8171660756380748,3.2965959375681657,0.520570138069909,2892,3.305802183289804,2.8381896523599957,0.4676125309298085,-0.05295760714010056
german_gutenberg_simplicissimus_55171,German,40814041439,u07,240,278,39,394,355,7.325074713255422,160.34935198603512,15.786827331770322,16.29482706738975,16,23,191,368,0.5190217391304348,0.09295774647887323,0.0075302519341400595,132.79768177028436,2426,3.8166865732740733,3.4014620301992147,0.4152245430748587,2781,3.329124117046866,2.9265230131404176,0.40260110390644854,-0.012623439168410133
german_gutenberg_simplicissimus_55171,German,40814041439,u08,279,318,40,403,363,7.3901280025402665,167.74523816277966,15.530849752824947,17.462466853309852,16,23,198,368,0.5380434782608695,0.08264462809917356,0.007050216667046154,141.83961248654396,2486,3.7851025478279916,3.342572637657077,0.4425299101709146,2849,3.2974949741185484,2.8709146745772367,0.4265802995413117,-0.015949610629602873
german_gutenberg_simplicissimus_55171,German,40814041439,u09,319,355,37,403,366,7.395301923109169,168.34790098918756,15.752268056911067,15.851356568849441,16,22,197,352,0.5596590909090909,0.07650273224043716,0.0069425781599928545,144.03870967741892,2387,3.7463331432054936,3.248213908157294,0.49811923504819955,2753,3.214032097532972,2.775343256114991,0.43868884141798103,-0.059430393630218514
german_gutenberg_simplicissimus_55171,German,40814041439,u10,356,394,39,392,353,7.395577286890026,168.38003622047376,15.8339392150031,16.84096605597165,16,23,193,368,0.5244565217391305,0.0708215297450425,0.0067651614249372,147.81613285883756,2384,3.7700934845906184,3.3321759014302454,0.437917583160373,2737,3.268014030940518,2.859749544949574,0.40826448599094434,-0.029653097169428655
german_gutenberg_simplicissimus_55171,German,40814041439,u11,395,434,40,405,365,7.468408751147769,177.09856980612508,15.767564135352135,18.00326353054176,16,24,206,384,0.5364583333333334,0.07123287671232877,0.006552824169637774,152.60595647193716,2453,3.777933320965114,3.3213350049675365,0.4565983159975775,2818,3.2604373605226113,2.8407323736024916,0.4197049869201197,-0.03689332907745779
german_gutenberg_simplicissimus_55171,German,40814041439,u12,435,473,39,396,357,7.326692897524553,160.52930711490978,15.679449670385331,15.350203246225037,16,22,189,352,0.5369318181818182,0.0784313725490196,0.007320575288939134,136.6012861736329,2272,3.8132501337697464,3.329637411865607,0.4836127219041395,2629,3.2532999564344047,2.8520327676797086,0.40126718875469614,-0.08234553314944337
german_gutenberg_simplicissimus_55171,German,40814041439,u13,474,511,38,400,362,7.38861558903287,167.56947875199882,15.740284782673786,17.474758105572008,16,23,196,368,0.532608695652174,0.07458563535911603,0.00697475657031228,143.3741794310718,2342,3.8571807252688117,3.3851713776067123,0.47200934766209945,2704,3.297333475398224,2.8835237917989525,0.4138096835992715,-0.05819966406282795
german_gutenberg_simplicissimus_55171,German,40814041439,u14,512,550,39,401,362,7.337410519725943,161.7263022843025,15.634901217076909,16.864332185807616,16,25,193,400,0.4825,0.09116022099447514,0.007447880101340027,134.26639344262261,2479,3.8399604877100213,3.4501072452192942,0.38985324249072706,2841,3.3480512558560465,2.973820893416659,0.3742303624393877,-0.015622880051339383
german_gutenberg_simplicissimus_55171,German,40814041439,u15,551,589,39,397,358,7.384326235537182,167.07200889980717,15.738808469587273,17.152888788238556,16,23,197,368,0.5353260869565217,0.08100558659217877,0.007069067756936437,141.4613686534214,2464,3.793503619142422,3.3842773855328967,0.40922623360952537,2822,3.296552099849893,2.9293671927040617,0.3671849071458313,-0.04204132646369407
german_gutenberg_simplicissimus_55171,German,40814041440,u01,1,42,42,408,366,7.44865152014333,174.6897948518292,15.767767941334139,17.360740389881677,16,23,198,368,0.5380434782608695,0.07377049180327869,0.00652453044283199,153.2677345537754,2551,3.7444552877229027,3.324463750499308,0.4199915372235945,2917,3.297018540796653,2.8719908353839076,0.42502770541274515,0.005036168189150647
german_gutenberg_simplicissimus_55171,German,40814041440,u02,43,80,38,398,360,7.412880415966894,170.4116805978735,15.859579931649222,16.74716167525186,16,23,201,368,0.5461956521739131,0.075,0.006913580246913608,144.64285714285654,2459,3.6923021889482497,3.3106923715553753,0.38160981739287436,2819,3.217380708800876,2.8503273013435746,0.36705340745730153,-0.014556409935572834
german_gutenberg_simplicissimus_55171,German,40814041440,u03,81,121,41,396,355,7.357724625935992,164.019624098697,15.731955075868614,16.554891592206257,16,23,192,368,0.5217391304347826,0.07887323943661971,0.007133505256893475,140.18353726362622,2436,3.761999180954866,3.344285070184571,0.41771411077029486,2791,3.3088241722136296,2.872020814383327,0.43680335783030255,0.019089247060007697
german_gutenberg_simplicissimus_55171,German,40814041440,u04,122,159,38,408,370,7.487577821586395,179.46737853937023,15.831526037807814,17.00697721374311,16,23,212,368,0.5760869565217391,0.07837837837837838,0.006647187728268866,150.43956043955916,2435,3.7671654039761693,3.3333928130886354,0.43377259088753384,2805,3.2729564626475187,2.8526440289928714,0.4203124336546473,-0.013460157232886516
german_gutenberg_simplicissimus_55171,German,40814041440,u05,160,198,39,392,353,7.397781182324776,168.63745415807756,15.725666420088734,17.098635089403736,16,24,197,384,0.5130208333333334,0.07932011331444759,0.006957763885433633,143.724336793541,2370,3.7479422912023086,3.320602132193139,0.42734015900916944,2723,3.2689973985105576,2.840193276013651,0.4288041224969068,0.001463963487737363
german_gutenberg_simplicissimus_55171,German,40814041440,u06,199,239,41,408,367,7.442293518856846,173.9216254851825,15.648788785331517,17.07966848842627,16,23,206,368,0.5597826086956522,0.07084468664850135,0.006793427822613548,147.20109289617548,2525,3.7794431603569163,3.318798053369944,0.46064510698697214,2892,3.3192371564632412,2.844471936396139,0.4747652200671024,0.014120113080130281
german_gutenberg_simplicissimus_55171,German,40814041440,u07,240,278,39,394,355,7.437697469669974,173.36843828344877,15.8099460663231,16.29482706738975,16,23,205,368,0.5570652173913043,0.08732394366197183,0.006974806585994844,143.37315130830487,2426,3.791142999206385,3.3908076010865416,0.4003353981198434,2781,3.3264223340830306,2.9203163438575985,0.40610599022543203,0.005770592105588612
german_gutenberg_simplicissimus_55171,German,40814041440,u08,279,318,40,403,363,7.369299569099032,165.3408695580978,15.73127694097499,17.462466853309852,16,23,198,368,0.5380434782608695,0.09366391184573003,0.007414490509907525,134.8710337768673,2486,3.75826796861634,3.337096344791081,0.4211716238252592,2849,3.292982468294574,2.8707883116068857,0.42219415668768834,0.0010225328624291485
german_gutenberg_simplicissimus_55171,German,40814041440,u09,319,355,37,403,366,7.299927274317022,157.5785412363674,15.858212618983492,15.851356568849441,16,22,184,352,0.5227272727272727,0.07377049180327869,0.0073009047747021605,136.96932515337386,2387,3.7089676315161473,3.262428093130177,0.4465395383859705,2753,3.226787780154659,2.777917151477973,0.44887062867668615,0.002331090290715654
german_gutenberg_simplicissimus_55171,German,40814041440,u10,356,394,39,392,353,7.34585598665123,162.67581672256696,15.788662697572905,16.84096605597165,16,23,189,368,0.5135869565217391,0.0821529745042493,0.0071343161408886965,140.1676040494939,2384,3.741227100415114,3.3315954866034145,0.4096316138116993,2737,3.2813159996695047,2.8675153573289403,0.41380064234056446,0.004169028528865137
german_gutenberg_simplicissimus_55171,German,40814041440,u11,395,434,40,405,365,7.550529760602666,187.47179647486385,15.83090849908141,18.00326353054176,16,24,214,384,0.5572916666666666,0.06575342465753424,0.0061024582473259,163.86838868388824,2453,3.732194753577901,3.3025274595138265,0.42966729406407467,2818,3.264781731486908,2.8343108847164302,0.43047084677047787,0.0008035527064031989
german_gutenberg_simplicissimus_55171,German,40814041440,u12,435,473,39,396,357,7.298644526464766,157.4384952152547,15.652923985658632,15.350203246225037,16,22,186,352,0.5284090909090909,0.0784313725490196,0.007461808252712875,134.015772870662,2272,3.763558562989032,3.329606307814684,0.433952255174348,2629,3.2733760873320703,2.851637525726608,0.4217385616054625,-0.012213693568885464
german_gutenberg_simplicissimus_55171,German,40814041440,u13,474,511,38,400,362,7.368422097143073,165.24033697126106,15.625990819383187,17.474758105572008,16,23,196,368,0.532608695652174,0.0856353591160221,0.007234211409908143,138.23206751054812,2342,3.7894286681497222,3.372159892844299,0.4172687753054234,2704,3.291265694866165,2.8830503433290757,0.40821535153708943,-0.009053423768333957
german_gutenberg_simplicissimus_55171,German,40814041440,u14,512,550,39,401,362,7.372708793450992,165.73204762910973,15.721542016079345,16.864332185807616,16,25,197,400,0.4925,0.08839779005524862,0.007234211409908143,138.23206751054812,2479,3.842631040768697,3.4708757435585365,0.37175529721016076,2841,3.351067795308056,2.9861008524169597,0.3649669428910962,-0.006788354319064549
german_gutenberg_simplicissimus_55171,German,40814041440,u15,551,589,39,397,358,7.390191781543077,167.75265404777278,15.660585862039914,17.152888788238556,16,23,196,368,0.532608695652174,0.08100558659217877,0.0069754377204207215,143.36017897091702,2464,3.7659063166015643,3.3961858188234406,0.36972049777812366,2822,3.3107867393888384,2.9281816056301113,0.38260513375872707,0.01288463598060341
german_gutenberg_simplicissimus_55171,German,40814041441,u01,1,42,42,408,366,7.386399242873701,167.31224709186247,15.851697076396828,17.360740389881677,16,23,198,368,0.5380434782608695,0.0819672131147541,0.007106811191734622,140.710084033613,2551,3.754972085621839,3.3167977199403467,0.43817436568149226,2917,3.3255247058186166,2.863941115721251,0.4615835900973657,0.023409224415873453
german_gutenberg_simplicissimus_55171,German,40814041441,u02,43,80,38,398,360,7.348407697650236,162.9637978780144,15.776235447605186,16.74716167525186,16,23,187,368,0.5081521739130435,0.06666666666666667,0.006944444444444466,143.99999999999955,2459,3.6930890479069114,3.3098302061785625,0.3832588417283489,2819,3.261921243044545,2.851660144594318,0.41026109845022685,0.02700225672187795
german_gutenberg_simplicissimus_55171,German,40814041441,u03,81,121,41,396,355,7.40761055817415,169.79033852026618,15.74680957446857,16.554891592206257,16,23,198,368,0.5380434782608695,0.07605633802816901,0.006879587383455665,145.35755478662048,2436,3.7673643550468325,3.354534171119863,0.4128301839269697,2791,3.329187820832444,2.8752712265199456,0.4539165943124983,0.04108641038552863
german_gutenberg_simplicissimus_55171,German,40814041441,u04,122,159,38,408,370,7.469145878158195,177.1890792285882,15.621552237483426,17.00697721374311,16,23,208,368,0.5652173913043478,0.08108108108108109,0.0066764061358656505,149.78118161925477,2435,3.7548370080780966,3.316224994416376,0.43861201366172065,2805,3.2923156483205473,2.845772477918045,0.44654317040250247,0.00793115674078182
german_gutenberg_simplicissimus_55171,German,40814041441,u05,160,198,39,392,353,7.3623327047554366,164.54435294760125,15.91530371843443,17.098635089403736,16,24,192,384,0.5,0.0793201133144476,0.007086165525764588,141.1200453001133,2370,3.772206917040653,3.3309656034698873,0.44124131357076557,2723,3.3124965068276984,2.844371191893638,0.4681253149340603,0.02688400136329472
german_gutenberg_simplicissimus_55171,German,40814041441,u06,199,239,41,408,367,7.484307175230401,179.060979774148,15.786446196986942,17.07966848842627,16,23,207,368,0.5625,0.06267029972752043,0.006407353235973214,156.07068366164611,2525,3.7806562161612,3.29805180172112,0.4826044144400803,2892,3.3312925099274864,2.8425885446971195,0.48870396523036685,0.0060995507902865675
german_gutenberg_simplicissimus_55171,German,40814041441,u07,240,278,39,394,355,7.340602935697636,162.08456877356818,15.567528597371465,16.29482706738975,16,23,195,368,0.529891304347826,0.09577464788732394,0.007561991668319791,132.2402938090239,2426,3.7844469021277245,3.390052733106496,0.3943941690212287,2781,3.346645818561794,2.9251986348005325,0.42144718376126145,0.027053014740032744
german_gutenberg_simplicissimus_55171,German,40814041441,u08,279,318,40,403,363,7.438364297318026,173.44858937989997,15.850313269343635,17.462466853309852,16,23,203,368,0.5516304347826086,0.08539944903581267,0.006837723592043689,146.247502774694,2486,3.774820383242292,3.333093817329835,0.4417265659124574,2849,3.317375786208319,2.8721382817981422,0.44523750441017684,0.0035109384977194402
german_gutenberg_simplicissimus_55171,German,40814041441,u09,319,355,37,403,366,7.387122364476126,167.39612997980703,15.862729266709989,15.851356568849441,16,22,198,352,0.5625,0.07650273224043716,0.007047090089283071,141.9025423728809,2387,3.7167338034840327,3.2595317105307773,0.4572020929532554,2753,3.2505575211392994,2.779393323807238,0.4711641973320613,0.01396210437880585
german_gutenberg_simplicissimus_55171,German,40814041441,u10,356,394,39,392,353,7.336215761557492,161.5924251801238,15.656061229023518,16.84096605597165,16,23,189,368,0.5135869565217391,0.0708215297450425,0.007134316140888696,140.1676040494939,2384,3.75780857273625,3.3322196431207054,0.4255889296155444,2737,3.2895349438938024,2.8699033668845595,0.4196315770092429,-0.00595735260630148
german_gutenberg_simplicissimus_55171,German,40814041441,u11,395,434,40,405,365,7.50548508701251,181.70887651534147,15.715850262098028,18.00326353054176,16,24,213,384,0.5546875,0.08767123287671233,0.006687933946331332,149.5230078563426,2453,3.738526072848378,3.3230723815184313,0.4154536913299465,2818,3.282227199672987,2.8366893306676304,0.4455378690053564,0.03008417767540994
german_gutenberg_simplicissimus_55171,German,40814041441,u12,435,473,39,396,357,7.2530775615651875,152.54357030842658,15.780761094335881,15.350203246225037,16,22,183,352,0.5198863636363636,0.08963585434173668,0.007869814592503695,127.06779661016907,2272,3.7572627241621923,3.328083182712803,0.4291795414493893,2629,3.2995079221503087,2.848956813486806,0.45055110866350256,0.021371567214113263
german_gutenberg_simplicissimus_55171,German,40814041441,u13,474,511,38,400,362,7.38522832100801,167.17650801860506,15.75955654771636,17.474758105572008,16,23,198,368,0.5380434782608695,0.08011049723756905,0.007081590916028226,141.2112068965513,2342,3.8172310093186086,3.386552044262154,0.43067896505645464,2704,3.3467695617332915,2.880054742126992,0.46671481960629935,0.036035854549844704
german_gutenberg_simplicissimus_55171,German,40814041441,u14,512,550,39,401,362,7.441252284923734,173.79614660105767,15.861087156925725,16.864332185807616,16,25,204,400,0.51,0.07734806629834254,0.006776349928268389,147.5720720720716,2479,3.8550353947722655,3.4570324996182014,0.3980028951540642,2841,3.3735099489271745,2.9835494740449637,0.38996047488221075,-0.008042420271853423
german_gutenberg_simplicissimus_55171,German,40814041441,u15,551,589,39,397,358,7.421622012196607,171.44737581097388,15.814738162848911,17.152888788238556,16,23,199,368,0.5407608695652174,0.07262569832402234,0.006772572641303341,147.6543778801841,2464,3.7664493704385813,3.3719358713496024,0.3945134990889789,2822,3.3129122734453373,2.91772283045304,0.3951894429922973,0.0006759439033183767
german_gutenberg_simplicissimus_55171,German,40814041442,u01,1,42,42,408,366,7.451965516199764,175.091533750571,15.523638236899219,17.360740389881677,16,23,207,368,0.5625,0.07650273224043716,0.006778345128251093,147.52863436123292,2551,3.757871813206299,3.328219295235063,0.42965251797123605,2917,3.342001358168173,2.872789938959754,0.46921141920841913,0.039558901237183086
german_gutenberg_simplicissimus_55171,German,40814041442,u02,43,80,38,398,360,7.3439561273193,162.46173283757523,15.803652574730975,16.74716167525186,16,23,196,368,0.532608695652174,0.08888888888888888,0.007469135802469159,133.88429752066074,2459,3.6904933090304057,3.319251516444847,0.3712417925855589,2819,3.2630200605523907,2.849453687468281,0.4135663730841097,0.04232458049855081
german_gutenberg_simplicissimus_55171,German,40814041442,u03,81,121,41,396,355,7.386920479391202,167.37270686091156,15.641994886050641,16.554891592206257,16,23,196,368,0.532608695652174,0.07887323943661971,0.007006546320174571,142.72366930917323,2436,3.7721662028720826,3.352167845686256,0.4199983571858268,2791,3.3419619035256027,2.88061155331009,0.46135035021551296,0.041351993029686174
german_gutenberg_simplicissimus_55171,German,40814041442,u04,122,159,38,408,370,7.40846716200045,169.891181897875,15.829589559859372,17.00697721374311,16,23,201,368,0.5461956521739131,0.08108108108108109,0.006983199415631901,143.2008368200826,2435,3.769928983938902,3.330696647949259,0.4392323359896433,2805,3.322983271247647,2.8500982457619237,0.4728850254857231,0.0336526894960798
german_gutenberg_simplicissimus_55171,German,40814041442,u05,160,198,39,392,353,7.48448402339216,179.08293073756883,15.757334309097075,17.098635089403736,16,24,203,384,0.5286458333333334,0.06232294617563739,0.006299705478737487,158.73757961783448,2370,3.7533987653581344,3.3260994842990232,0.4272992810591112,2723,3.312576918426338,2.8414192328063224,0.4711576856200157,0.04385840456090451
german_gutenberg_simplicissimus_55171,German,40814041442,u06,199,239,41,408,367,7.4173309590238,170.93819211213233,15.800999732415393,17.07966848842627,16,23,201,368,0.5461956521739131,0.07356948228882834,0.006867672935428999,145.60972972973028,2525,3.793758445050003,3.2919058699351718,0.5018525751148313,2892,3.3543370296422825,2.836412694082425,0.5179243355598575,0.01607176044502623
german_gutenberg_simplicissimus_55171,German,40814041442,u07,240,278,39,394,355,7.34126952352518,162.15947619459564,15.708684610121423,16.29482706738975,16,23,194,368,0.5271739130434783,0.07323943661971831,0.0073556833961515656,135.94929881337632,2426,3.7983227639794,3.3952117560770225,0.4031110079023774,2781,3.3402273614788487,2.926174051315354,0.4140533101634949,0.010942302261117476
german_gutenberg_simplicissimus_55171,German,40814041442,u08,279,318,40,403,363,7.438160347122029,173.42407111894667,15.74504344374241,17.462466853309852,16,23,201,368,0.5461956521739131,0.07713498622589532,0.006716298977756561,148.8915254237281,2486,3.79036946548967,3.32893637859871,0.4614330868909602,2849,3.327640329721116,2.873505715844612,0.4541346138765041,-0.007298473014456075
german_gutenberg_simplicissimus_55171,German,40814041442,u09,319,355,37,403,366,7.344085889272543,162.4763459742972,15.907129961573716,15.851356568849441,16,22,190,352,0.5397727272727273,0.07377049180327869,0.007136671742960395,140.1213389121335,2387,3.7149412026204875,3.2494410819608284,0.4655001206596592,2753,3.2877485917890734,2.777084098186695,0.5106644936023783,0.04516437294271913
german_gutenberg_simplicissimus_55171,German,40814041442,u10,356,394,39,392,353,7.435348108468798,173.08634566358617,15.78757839177623,16.84096605597165,16,23,198,368,0.5380434782608695,0.0708215297450425,0.006604659374523506,151.4082624544351,2384,3.738642734390341,3.3369251991847273,0.4017175352056137,2737,3.318938986264855,2.867797497563195,0.4511414887016598,0.049423953496046114
german_gutenberg_simplicissimus_55171,German,40814041442,u11,395,434,40,405,365,7.418475703232199,171.07388132871512,15.763691826977462,18.00326353054176,16,24,199,384,0.5182291666666666,0.07397260273972603,0.00679301932820411,147.20994475138244,2453,3.7659712043005196,3.3267996138739875,0.4391715904265321,2818,3.309967350624767,2.837174992778525,0.4727923578462421,0.033620767419709985
german_gutenberg_simplicissimus_55171,German,40814041442,u12,435,473,39,396,357,7.322047072287282,160.01319555999262,15.683728812073749,15.350203246225037,16,22,186,352,0.5284090909090909,0.08123249299719888,0.007273497634347886,137.48543689320334,2272,3.7829956755215517,3.3279093678683638,0.4550863076531879,2629,3.2992243472035976,2.8446778930276966,0.454546454175901,-0.0005398534772869112
german_gutenberg_simplicissimus_55171,German,40814041442,u13,474,511,38,400,362,7.40360477976324,169.31955357491404,15.83308941032584,17.474758105572008,16,23,203,368,0.5516304347826086,0.09116022099447513,0.0072189493605201525,138.5243128964055,2342,3.824217810402807,3.374088702023453,0.45012910837935394,2704,3.3446689929357016,2.8731624015802257,0.4715065913554759,0.021377482976121964
german_gutenberg_simplicissimus_55171,German,40814041442,u14,512,550,39,401,362,7.394267847776235,168.22727810437365,15.801948389502305,16.864332185807616,16,25,202,400,0.505,0.09668508287292815,0.007432618051952037,134.54209445585178,2479,3.8502661305288655,3.4587071504795244,0.3915589800493411,2841,3.381511017772315,2.974429430842163,0.40708158693015184,0.015522606880810752
german_gutenberg_simplicissimus_55171,German,40814041442,u15,551,589,39,397,358,7.410339609913624,170.11182375599395,15.704563298657495,17.152888788238556,16,23,198,368,0.5380434782608695,0.07541899441340782,0.006850597671733104,145.97266514806353,2464,3.787100364756953,3.381229053263769,0.405871311493184,2822,3.3366089922756648,2.9172925213680165,0.41931647090764823,0.013445159414464225
italian_gutenberg_i_promessi_sposi_45334,Italian,40814041438,u01,1,81,81,402,321,7.30297144849079,157.91139257536645,15.745537738437068,16.0839186335349,16,22,185,352,0.5255681818181818,0.08099688473520249,0.007443638939839472,134.34289439374203,2386,4.225567684501314,3.799962057116537,0.42560562738477703,2707,3.7322876086281727,3.3127489494099853,0.41953865921818734,-0.006066968166589692
italian_gutenberg_i_promessi_sposi_45334,Italian,40814041438,u02,82,120,39,406,367,7.428976094885833,172.32355348341974,15.661705757590813,16.671368747234588,16,21,204,336,0.6071428571428571,0.08719346049046323,0.006956767070807536,143.74493062966974,2554,3.993116512854365,3.724611684664672,0.2685048281896929,2921,3.517047214520108,3.2262517743159593,0.2907954402041488,0.022290612014455924
italian_gutenberg_i_promessi_sposi_45334,Italian,40814041438,u03,121,157,37,392,355,7.349010305006977,163.03188135586248,15.690003479730093,15.919185532370893,16,21,197,336,0.5863095238095238,0.08732394366197183,0.0074826423328704745,133.6426299045597,2386,3.9691675412578222,3.5395824228570283,0.42958511840079394,2741,3.4545428133405185,3.0448229318740614,0.4097198814664571,-0.01986523693433684
italian_gutenberg_i_promessi_sposi_45334,Italian,40814041438,u04,158,196,39,409,370,7.377663522936667,166.30220911803346,15.715166466292539,15.872683393750624,16,20,197,320,0.615625,0.08648648648648649,0.0072023374726077945,138.84381338742293,2441,3.9167607205629595,3.536997700857943,0.37976301970501636,2811,3.4028348236231336,3.037552614915713,0.3652822087074208,-0.014480810997595572
italian_gutenberg_i_promessi_sposi_45334,Italian,40814041438,u05,197,230,34,400,366,7.416093290525655,170.79160944139008,15.729952104207884,15.757305975565506,16,20,200,320,0.625,0.07377049180327869,0.006823135955089753,146.56017505470413,2251,3.845899594564778,3.5215378329470877,0.32436176161769037,2617,3.321464766833569,3.0023762555121203,0.31908851132144855,-0.005273250296241816
italian_gutenberg_i_promessi_sposi_45334,Italian,40814041438,u06,231,266,36,400,364,7.361610892996166,164.46204841417813,15.627647150711685,16.109582366786483,16,19,192,304,0.631578947368421,0.07417582417582418,0.007034174616592187,142.1630901287556,2321,3.8923421266826215,3.526170448355486,0.3661716783271354,2685,3.35432954316054,3.010779320940092,0.34355022222044784,-0.022621456106687532
italian_gutenberg_i_promessi_sposi_45334,Italian,40814041438,u07,267,302,36,398,362,7.322413748988232,160.0538698299048,15.856506890887392,15.125512746907997,16,19,185,304,0.6085526315789473,0.07458563535911603,0.007142639113580188,140.0042735042732,2374,3.891001385450873,3.531292532785245,0.35970885266562824,2736,3.3880644780897358,3.047551055440115,0.3405134226496207,-0.019195430016007542
italian_gutenberg_i_promessi_sposi_45334,Italian,40814041438,u08,303,342,40,399,359,7.281708184453852,155.6010714606482,15.526769917416718,16.097060402555712,16,21,190,336,0.5654761904761905,0.09192200557103064,0.007891000225013753,126.7266470009836,2446,3.9451176699181287,3.578972078417624,0.3661455915005045,2805,3.4560277341723276,3.0888154373932575,0.3672122967790701,0.0010667052785655606
italian_gutenberg_i_promessi_sposi_45334,Italian,40814041438,u09,343,380,38,396,358,7.275477389417831,154.9305016168055,15.797397603385248,15.509342708948083,16,22,180,352,0.5113636363636364,0.0782122905027933,0.007443587902999281,134.34381551362685,2383,3.87484526088322,3.5554762669616378,0.31936899392158224,2741,3.388995691501012,3.0577445296716195,0.3312511618293925,0.01188216790781027
italian_gutenberg_i_promessi_sposi_45334,Italian,40814041438,u10,381,419,39,408,369,7.352691843370168,163.44844520364032,15.815061375478262,15.350675743801666,16,20,190,320,0.59375,0.0813008130081301,0.00705782125571935,141.6867845993753,2469,3.965625915761956,3.6141626541269325,0.3514632616350237,2838,3.460625167574362,3.1256052315085596,0.33501993606580216,-0.016443325569221567
italian_gutenberg_i_promessi_sposi_45334,Italian,40814041438,u11,420,455,36,394,358,7.398392052407734,168.70887423324604,15.598327644786194,16.276488968030012,16,20,197,320,0.615625,0.0782122905027933,0.006928622702162863,144.32882882882865,2302,3.9429474486722196,3.5889739648410495,0.3539734838311701,2660,3.408603114843842,3.061625449532377,0.3469776653114649,-0.00699581851970521
italian_gutenberg_i_promessi_sposi_45334,Italian,40814041438,u12,456,495,40,396,356,7.3442426856343825,162.4940053434979,15.805832910225778,16.47879014173445,16,21,192,336,0.5714285714285714,0.08146067415730338,0.00729074611791442,137.16017316017286,2316,3.971222885312108,3.5338781063341713,0.4373447789779368,2672,3.4274634968295192,3.030718833192753,0.3967446636367664,-0.04060011534117036
italian_gutenberg_i_promessi_sposi_45334,Italian,40814041438,u13,496,533,38,405,367,7.331859390756089,161.10521566174535,15.809082548081768,15.882684069231177,16,20,188,320,0.5875,0.07356948228882834,0.0071795024092538885,139.2854188210966,2498,3.9372249621656867,3.5755392041757,0.3616857579899868,2865,3.4315021195954816,3.0858660181019024,0.34563610149357915,-0.01604965649640766
italian_gutenberg_i_promessi_sposi_45334,Italian,40814041438,u14,534,571,38,398,360,7.35877601301371,164.13919958818533,15.8594776996493,15.975461818597159,16,19,192,304,0.631578947368421,0.07222222222222222,0.007067901234567924,141.4847161572048,2486,3.9259986877561914,3.5380950527737847,0.38790363498240676,2846,3.4247127659062677,3.052168566504722,0.37254419940154593,-0.015359435580860836
italian_gutenberg_i_promessi_sposi_45334,Italian,40814041438,u15,572,608,37,394,357,7.307877184259382,158.44926796440433,15.726162380289798,15.941563772854638,16,20,184,320,0.575,0.07563025210084033,0.007242112531287048,138.08125677139716,2377,3.8890546614210195,3.4783343210365234,0.4107203403844961,2734,3.370285253751835,2.99752840540652,0.3727568483453152,-0.037963492039180924
italian_gutenberg_i_promessi_sposi_45334,Italian,40814041439,u01,1,81,81,402,321,7.33212486418017,161.13486370744465,15.653747800908071,16.0839186335349,16,22,186,352,0.5284090909090909,0.0778816199376947,0.007191312196116101,139.0566801619435,2386,4.199698349546788,3.8054797893800574,0.3942185601667303,2707,3.7375330225237304,3.327267097242152,0.41026592528157835,0.016047365114848056
italian_gutenberg_i_promessi_sposi_45334,Italian,40814041439,u02,82,120,39,406,367,7.3995131276043455,168.84002380660326,15.711512993223163,16.671368747234588,16,21,195,336,0.5803571428571429,0.0653950953678474,0.0067488807549242824,148.17271727172772,2554,3.97657180912229,3.729732289537123,0.24683951958516692,2921,3.475097540398805,3.227813217426708,0.24728432297209713,0.0004448033869302037
italian_gutenberg_i_promessi_sposi_45334,Italian,40814041439,u03,121,157,37,392,355,7.367056423194486,165.0839923230056,15.84718813122306,15.919185532370893,16,21,194,336,0.5773809523809523,0.07323943661971831,0.007085895655623889,141.12541993281064,2386,3.9380153133634734,3.5213206733875597,0.4166946399759137,2741,3.4423649108034087,3.037639800020127,0.40472511078328166,-0.011969529192632056
italian_gutenberg_i_promessi_sposi_45334,Italian,40814041439,u04,158,196,39,409,370,7.374298354023598,165.91475173775103,15.680881673497208,15.872683393750624,16,20,195,320,0.609375,0.07837837837837838,0.007056245434623863,141.7184265010342,2441,3.8716962367830177,3.5340230311577803,0.3376732056252374,2811,3.4020314238193947,3.040739782292922,0.36129164152647286,0.02361843590123547
italian_gutenberg_i_promessi_sposi_45334,Italian,40814041439,u05,197,230,34,400,366,7.308911915378802,158.56295186354245,15.837058879932512,15.757305975565506,16,20,188,320,0.5875,0.07650273224043716,0.007450207530831038,134.22444889779524,2251,3.812230250522111,3.518921335337061,0.2933089151850501,2617,3.3350129877550976,3.003428050500812,0.3315849372542856,0.03827602206923553
italian_gutenberg_i_promessi_sposi_45334,Italian,40814041439,u06,231,266,36,400,364,7.403564035981877,169.3147718149011,15.65611191253947,16.109582366786483,16,19,197,304,0.6480263157894737,0.07417582417582418,0.006853037072817278,145.9207048458153,2321,3.8521771468572936,3.510450478495533,0.3417266683617606,2685,3.3645729764501837,3.010346424414377,0.35422655203580655,0.012499883674045975
italian_gutenberg_i_promessi_sposi_45334,Italian,40814041439,u07,267,302,36,398,362,7.329460683928765,160.83757552594358,15.74647140524855,15.125512746907997,16,19,191,304,0.6282894736842105,0.08287292817679558,0.007356307805012077,135.93775933609922,2374,3.8691420820788545,3.546407186820963,0.32273489525789145,2736,3.384093118773214,3.0481134151604334,0.3359797036127805,0.01324480835488906
italian_gutenberg_i_promessi_sposi_45334,Italian,40814041439,u08,303,342,40,399,359,7.3556136690656615,163.77980545551912,15.62926963759693,16.097060402555712,16,21,194,336,0.5773809523809523,0.0807799442896936,0.007223718003429492,138.43286788399624,2446,3.919311304782201,3.5835726008298794,0.3357387039523214,2805,3.4240642283795517,3.0931287812761727,0.33093544710337897,-0.00480325684894245
italian_gutenberg_i_promessi_sposi_45334,Italian,40814041439,u09,343,380,38,396,358,7.27101824973601,154.45237549631003,15.699443236688154,15.509342708948083,16,22,183,352,0.5198863636363636,0.08100558659217877,0.0076152429699447586,131.3155737704918,2383,3.868227363224779,3.5261735284435,0.3420538347812787,2741,3.379517308392221,3.045895880748411,0.3336214276438101,-0.008432407137468623
italian_gutenberg_i_promessi_sposi_45334,Italian,40814041439,u10,381,419,39,408,369,7.346741803189268,162.77573054554136,15.82940777809932,15.350675743801666,16,20,191,320,0.596875,0.0813008130081301,0.00721939468717182,138.51576805696817,2469,3.959850648531831,3.616973594098483,0.34287705443334815,2838,3.456723377865791,3.125086119683972,0.3316372581818188,-0.011239796251529377
italian_gutenberg_i_promessi_sposi_45334,Italian,40814041439,u11,420,455,36,394,358,7.291002465888532,156.6067369405939,15.708259882444684,16.276488968030012,16,20,183,320,0.571875,0.0893854748603352,0.007521612933429041,132.9502074688797,2302,3.9062693669300477,3.577368328765585,0.3289010381644628,2660,3.416659295780774,3.066818664161381,0.34984063161939316,0.02093959345493035
italian_gutenberg_i_promessi_sposi_45334,Italian,40814041439,u12,456,495,40,396,356,7.396897372106861,168.53417671038864,15.748033098675952,16.47879014173445,16,21,193,336,0.5744047619047619,0.06741573033707865,0.006738416866557262,148.40281030444945,2316,3.9320443043720066,3.530193875458182,0.4018504289138245,2672,3.4386143428771234,3.028801863998571,0.40981247887855243,0.007962049964727935
italian_gutenberg_i_promessi_sposi_45334,Italian,40814041439,u13,496,533,38,405,367,7.375614217704708,166.06614949267717,15.78827253165612,15.882684069231177,16,20,193,320,0.603125,0.07356948228882834,0.006941918048244449,144.05240641711282,2498,3.930076796735718,3.5552727228357726,0.3748040738999454,2865,3.418399529780373,3.0831460319590858,0.3352534978212871,-0.039550576078658306
italian_gutenberg_i_promessi_sposi_45334,Italian,40814041439,u14,534,571,38,398,360,7.411867838254116,170.29211650162932,15.670558244352389,15.975461818597159,16,19,194,304,0.6381578947368421,0.06944444444444445,0.006651234567901262,150.34802784222674,2486,3.897710742137628,3.5214152670112817,0.3762954751263461,2846,3.429533946925806,3.0526222640289356,0.3769116828968704,0.0006162077705242908
italian_gutenberg_i_promessi_sposi_45334,Italian,40814041439,u15,572,608,37,394,357,7.4148909014966025,170.64932545247137,15.884825659860248,15.941563772854638,16,20,196,320,0.6125,0.07282913165266107,0.006724258330783325,148.71528588097948,2377,3.8586489021352266,3.4657429472513885,0.39290595488383806,2734,3.3827785818802383,2.998091037177945,0.3846875447022935,-0.008218410181544566
italian_gutenberg_i_promessi_sposi_45334,Italian,40814041440,u01,1,81,81,402,321,7.224809549736143,149.5837399534106,15.628558590062832,16.0839186335349,16,22,177,352,0.5028409090909091,0.09345794392523364,0.0079677021768034,125.50669914738137,2386,4.23093701155509,3.8035054325727686,0.42743157898232154,2707,3.7340704165152343,3.326215920923429,0.4078544955918053,-0.019577083390516226
italian_gutenberg_i_promessi_sposi_45334,Italian,40814041440,u02,82,120,39,406,367,7.350352789784275,163.18365957433684,15.541683885139475,16.671368747234588,16,21,192,336,0.5714285714285714,0.08174386920980925,0.007194351431816977,138.9979360165123,2554,3.975159039844006,3.734264210936827,0.24089482890717884,2921,3.4995469062848623,3.230893848785829,0.2686530574990331,0.027758228591854284
italian_gutenberg_i_promessi_sposi_45334,Italian,40814041440,u03,121,157,37,392,355,7.326402328812712,160.4969786631696,15.757590347345625,15.919185532370893,16,21,191,336,0.5684523809523809,0.08169014084507041,0.007403292997421154,135.0750267952839,2386,3.9244269100246254,3.5345669110124014,0.389859999012224,2741,3.43795870703217,3.044542081866299,0.3934166251658713,0.0035566261536472688
italian_gutenberg_i_promessi_sposi_45334,Italian,40814041440,u04,158,196,39,409,370,7.414665102589942,170.6226188964888,15.80188881029259,15.872683393750624,16,20,200,320,0.625,0.07567567567567568,0.006866325785244757,145.6382978723393,2441,3.88240811323056,3.5475640697197925,0.33484404351076735,2811,3.4019152827689805,3.050171004877221,0.35174427789175944,0.016900234380992085
italian_gutenberg_i_promessi_sposi_45334,Italian,40814041440,u05,197,230,34,400,366,7.2979640736407525,157.3642562350165,15.585439635064416,15.757305975565506,16,20,184,320,0.575,0.07377049180327869,0.007330765325927936,136.41140529531532,2251,3.826279223692976,3.5297441791975226,0.29653504449545354,2617,3.311198484941773,3.004735342192788,0.306463142748985,0.00992809825353147
italian_gutenberg_i_promessi_sposi_45334,Italian,40814041440,u06,231,266,36,400,364,7.406984674712198,169.71669446251138,15.773805201159943,16.109582366786483,16,19,199,304,0.6546052631578947,0.07692307692307693,0.006913416254075578,144.64628820960735,2321,3.8594862162220887,3.510894185179186,0.3485920310429025,2685,3.3502057018932723,3.009947445475508,0.3402582564177643,-0.00833377462513818
italian_gutenberg_i_promessi_sposi_45334,Italian,40814041440,u07,267,302,36,398,362,7.302266470341765,157.83424745247788,15.713378805243686,15.125512746907997,16,19,188,304,0.618421052631579,0.07734806629834254,0.007478404200116011,133.71836734693844,2374,3.865181541207512,3.5391381691102572,0.32604337209725465,2736,3.3704097969556495,3.0459554991736177,0.3244542977820317,-0.001589074315222927
italian_gutenberg_i_promessi_sposi_45334,Italian,40814041440,u08,303,342,40,399,359,7.3581754644376485,164.07088782020614,15.732412888084433,16.097060402555712,16,21,190,336,0.5654761904761905,0.07799442896935933,0.00706853609143316,141.47200878155917,2446,3.9139173745351497,3.5824344564204735,0.3314829181146761,2805,3.4447493488086094,3.0932998864994072,0.35144946230920215,0.019966544194526037
italian_gutenberg_i_promessi_sposi_45334,Italian,40814041440,u09,343,380,38,396,358,7.289535541588219,156.4475810089044,15.809836982449761,15.509342708948083,16,22,187,352,0.53125,0.08379888268156424,0.007615242969944764,131.3155737704917,2383,3.8617175983618024,3.55635079642284,0.3053668019389626,2741,3.368811641421357,3.0466725809323068,0.32213906048905017,0.01677225855008757
italian_gutenberg_i_promessi_sposi_45334,Italian,40814041440,u10,381,419,39,408,369,7.304463922106447,158.0748370508804,15.574181734484414,15.350675743801666,16,20,190,320,0.59375,0.0840108401084011,0.007571918537613581,132.0669253152276,2469,3.947589153566045,3.611831495123013,0.3357576584430322,2838,3.4477153323751684,3.128938362905095,0.3187769694700733,-0.0169806889729589
italian_gutenberg_i_promessi_sposi_45334,Italian,40814041440,u11,420,455,36,394,358,7.370215230090719,165.44584270565716,15.610394247528026,16.276488968030012,16,20,194,320,0.60625,0.07262569832402234,0.007037857744764533,142.08869179600862,2302,3.9339906650525713,3.5861882573737955,0.3478024076787758,2660,3.4084526169163145,3.074063809923309,0.33438880699300544,-0.013413600685770355
italian_gutenberg_i_promessi_sposi_45334,Italian,40814041440,u12,456,495,40,396,356,7.3988354505784715,168.76073321979746,15.605829723262858,16.47879014173445,16,21,194,336,0.5773809523809523,0.07303370786516854,0.006785759373816448,147.36744186046488,2316,3.95590476205609,3.543803306477164,0.41210145557892597,2672,3.439351849411701,3.032954170170037,0.4063976792416639,-0.005703776337262045
italian_gutenberg_i_promessi_sposi_45334,Italian,40814041440,u13,496,533,38,405,367,7.422147110072,171.50978888908207,15.703449307981675,15.882684069231177,16,20,198,320,0.61875,0.07901907356948229,0.0067488807549242824,148.17271727172772,2498,3.934651491617142,3.5727116346115078,0.361939857005634,2865,3.4414198158229636,3.0885181815756,0.35290163424736365,-0.009038222758270376
italian_gutenberg_i_promessi_sposi_45334,Italian,40814041440,u14,534,571,38,398,360,7.360040710491025,164.2831506240718,15.60490056564203,15.975461818597159,16,19,194,304,0.6381578947368421,0.08055555555555555,0.007191358024691383,139.05579399141584,2486,3.911598366931964,3.5405202102914997,0.3710781566404644,2846,3.428162788829548,3.0541865170237306,0.3739762718058173,0.002898115165352877
italian_gutenberg_i_promessi_sposi_45334,Italian,40814041440,u15,572,608,37,394,357,7.328463022022452,160.72639052235917,15.547525236001086,15.941563772854638,16,20,190,320,0.59375,0.07843137254901962,0.007336267840469548,136.30909090909043,2377,3.8599484311285437,3.470674204172011,0.3892742269565326,2734,3.375599075026296,2.994714549286869,0.3808845257394271,-0.008389701217105472
italian_gutenberg_i_promessi_sposi_45334,Italian,40814041441,u01,1,81,81,402,321,7.298187627452505,157.38864261195764,15.619587002476424,16.0839186335349,16,22,179,352,0.5085227272727273,0.07476635514018691,0.007191312196116098,139.05668016194352,2386,4.21561853199479,3.813358801885046,0.4022597301097437,2707,3.7252121016016733,3.3268815216260155,0.3983305799756578,-0.003929150134085901
italian_gutenberg_i_promessi_sposi_45334,Italian,40814041441,u02,82,120,39,406,367,7.273856784549542,154.7565631551706,15.821705526218173,16.671368747234588,16,21,182,336,0.5416666666666666,0.07901907356948229,0.007521029928204955,132.9605133267526,2554,3.9875187572378725,3.7296846822099745,0.257834075027898,2921,3.4854260947283913,3.226466118027927,0.25895997670046444,0.0011259016725664317
italian_gutenberg_i_promessi_sposi_45334,Italian,40814041441,u03,121,157,37,392,355,7.331689784991824,161.086276962736,15.575586944982517,15.919185532370893,16,21,187,336,0.5565476190476191,0.07323943661971831,0.007133505256893476,140.1835372636262,2386,3.955675931166695,3.528431485905413,0.427244445261282,2741,3.434544446460929,3.040217751629954,0.39432669483097493,-0.03291775043030709
italian_gutenberg_i_promessi_sposi_45334,Italian,40814041441,u04,158,196,39,409,370,7.38461262832301,167.10517804938615,15.899545944366707,15.872683393750624,16,20,194,320,0.60625,0.07297297297297298,0.006910153396639933,144.7145877378425,2441,3.9197008700498492,3.526564384341539,0.39313648570831017,2811,3.400125296089842,3.0455994125833077,0.35452588350653436,-0.03861060220177581
italian_gutenberg_i_promessi_sposi_45334,Italian,40814041441,u05,197,230,34,400,366,7.350578715212808,163.20921606689367,15.758280908563595,15.757305975565506,16,20,188,320,0.5875,0.07103825136612023,0.00695750843560574,143.72961373390518,2251,3.8362616151306104,3.525003462823888,0.3112581523067224,2617,3.322534808306791,3.010611942107947,0.3119228661988438,0.0006647138921214157
italian_gutenberg_i_promessi_sposi_45334,Italian,40814041441,u06,231,266,36,400,364,7.384457941359944,167.0872618536228,15.728360624222743,16.109582366786483,16,19,195,304,0.6414473684210527,0.07142857142857142,0.006943605844704731,144.01739130434814,2321,3.886350521256487,3.5245144444778536,0.3618360767786335,2685,3.335580962499527,3.011858597262574,0.32372236523695275,-0.03811371154168075
italian_gutenberg_i_promessi_sposi_45334,Italian,40814041441,u07,267,302,36,398,362,7.300777577933574,157.67144312708763,15.860683667465578,15.125512746907997,16,19,186,304,0.6118421052631579,0.08839779005524862,0.007478404200116009,133.71836734693846,2374,3.8731636950514203,3.547633155493459,0.3255305395579615,2736,3.382569359921057,3.047041090955971,0.33552826896508625,0.009997729407124734
italian_gutenberg_i_promessi_sposi_45334,Italian,40814041441,u08,303,342,40,399,359,7.336725872265868,161.64957142291,15.619174919840903,16.097060402555712,16,21,188,336,0.5595238095238095,0.07520891364902507,0.007115090665032058,140.5463467829885,2446,3.92918640111772,3.5883797465879397,0.3408066545297803,2805,3.4235377739811432,3.089844066171635,0.33369370780950813,-0.007112946720272184
italian_gutenberg_i_promessi_sposi_45334,Italian,40814041441,u09,343,380,38,396,358,7.289958805744743,156.49348701554305,15.813877680408112,15.509342708948083,16,22,187,352,0.53125,0.08659217877094971,0.007662057988202619,130.51323828920565,2383,3.8684939647586893,3.5505106898372123,0.31798327492147704,2741,3.3700682323148734,3.0540204941336726,0.3160477381812008,-0.0019355367402762447
italian_gutenberg_i_promessi_sposi_45334,Italian,40814041441,u10,381,419,39,408,369,7.2632892624860945,153.62713632369858,15.817090682827956,15.350675743801666,16,20,183,320,0.571875,0.0867208672086721,0.00773349196906605,129.307692307692,2469,3.9546505492734725,3.6304369942016574,0.32421355507181504,2838,3.442262385036449,3.133068076503606,0.309194308532843,-0.01501924653897202
italian_gutenberg_i_promessi_sposi_45334,Italian,40814041441,u11,420,455,36,394,358,7.389803609790515,167.7075245640737,15.665615994974525,16.276488968030012,16,20,193,320,0.603125,0.0782122905027933,0.0068505976717331005,145.9726651480636,2302,3.9493682319715235,3.5825724035927737,0.3667958283787498,2660,3.4051177938736212,3.0714863680392566,0.33363142583436467,-0.03316440254438513
italian_gutenberg_i_promessi_sposi_45334,Italian,40814041441,u12,456,495,40,396,356,7.383431115029698,166.96838118035768,15.786957471184817,16.47879014173445,16,21,194,336,0.5773809523809523,0.07584269662921347,0.006927786895594004,144.3462414578585,2316,3.9848859044996416,3.5257682484632653,0.45911765603637633,2672,3.436470310228093,3.0326600258059138,0.40381028442217914,-0.05530737161419719
italian_gutenberg_i_promessi_sposi_45334,Italian,40814041441,u13,496,533,38,405,367,7.378321897431384,166.3781185211307,15.71299493438347,15.882684069231177,16,20,198,320,0.61875,0.08446866485013624,0.007179502409253885,139.28541882109667,2498,3.9274742909924742,3.575966901207392,0.3515073897850822,2865,3.4361861444373223,3.0810279863218333,0.355158158115489,0.003650768330406784
italian_gutenberg_i_promessi_sposi_45334,Italian,40814041441,u14,534,571,38,398,360,7.4666164658778555,176.87869376309354,15.74363387338933,15.975461818597159,16,19,201,304,0.6611842105263158,0.07222222222222222,0.006419753086419783,155.76923076923003,2486,3.9172490659544397,3.551874174547343,0.36537489140709667,2846,3.4131602494226727,3.056852708594588,0.3563075408280847,-0.009067350579011979
italian_gutenberg_i_promessi_sposi_45334,Italian,40814041441,u15,572,608,37,394,357,7.3315614730320275,161.07195073565342,15.79048055102705,15.941563772854638,16,20,191,320,0.596875,0.07282913165266107,0.007273497634347879,137.48543689320346,2377,3.881862200153842,3.4631714851437323,0.41869071501010957,2734,3.3678710345703404,2.9931609801994843,0.37471005437085614,-0.04398066063925343
italian_gutenberg_i_promessi_sposi_45334,Italian,40814041442,u01,1,81,81,402,321,7.289727230303421,156.46836934417317,15.688790035183391,16.0839186335349,16,22,181,352,0.5142045454545454,0.08099688473520249,0.007404819440805108,135.0471821756227,2386,4.248814450410315,3.7760084667729066,0.4728059836374081,2707,3.7214060070759625,3.30654006594777,0.41486594112819253,-0.057940042509215584
italian_gutenberg_i_promessi_sposi_45334,Italian,40814041442,u02,82,120,39,406,367,7.401183912487414,169.0356706770804,15.822618320215376,16.671368747234588,16,21,202,336,0.6011904761904762,0.07901907356948229,0.007060710228749165,141.62881177707732,2554,3.9979476979861723,3.7419091453056046,0.25603855268056774,2921,3.4952328561722585,3.23435774600555,0.2608751101667086,0.004836557486140869
italian_gutenberg_i_promessi_sposi_45334,Italian,40814041442,u03,121,157,37,392,355,7.281103895017572,155.53590980730542,15.730849461346676,15.919185532370893,16,21,184,336,0.5476190476190477,0.08450704225352113,0.007561991668319787,132.24029380902397,2386,3.9665885273723287,3.53354262155399,0.4330459058183389,2741,3.4522231451235013,3.038922141534024,0.4133010035894773,-0.019744902228861605
italian_gutenberg_i_promessi_sposi_45334,Italian,40814041442,u04,158,196,39,409,370,7.353461851470767,163.53570565432992,15.644229035900835,15.872683393750624,16,20,194,320,0.60625,0.08378378378378379,0.007275383491599759,137.4497991967862,2441,3.942907809508053,3.5288272077166183,0.4140806017914347,2811,3.4220171525929155,3.0452728103118107,0.37674434228110476,-0.03733625951032993
italian_gutenberg_i_promessi_sposi_45334,Italian,40814041442,u05,197,230,34,400,366,7.365098415151531,164.86009432034405,15.703471509579028,15.757305975565506,16,20,196,320,0.6125,0.07650273224043716,0.007196392845411948,138.95850622406596,2251,3.861976455110011,3.5354001154982724,0.3265763396117385,2617,3.329208593124146,3.00535295209314,0.32385564103100606,-0.002720698580732428
italian_gutenberg_i_promessi_sposi_45334,Italian,40814041442,u06,231,266,36,400,364,7.3617528245838715,164.47822890085718,15.694082814875866,16.109582366786483,16,19,196,304,0.6447368421052632,0.0879120879120879,0.007366260113512846,135.754098360656,2321,3.9025354270103954,3.5201581059277407,0.38237732108265465,2685,3.3511688543159934,3.0129517484018837,0.3382171059141097,-0.04416021516854496
italian_gutenberg_i_promessi_sposi_45334,Italian,40814041442,u07,267,302,36,398,362,7.345842264570539,162.6742694516577,15.657164280219463,15.125512746907997,16,19,193,304,0.6348684210526315,0.07458563535911603,0.007249473459296135,137.94105263157854,2374,3.893284490594172,3.536573170739459,0.3567113198547127,2736,3.382276928958694,3.0461645003690863,0.33611242858960777,-0.020598891265104946
italian_gutenberg_i_promessi_sposi_45334,Italian,40814041442,u08,303,342,40,399,359,7.409330138467174,169.99283605618675,15.801339626265232,16.097060402555712,16,21,198,336,0.5892857142857143,0.0807799442896936,0.006913354179436818,144.6475869809209,2446,3.948682566862376,3.5839285770244986,0.3647539898378773,2805,3.431855597184872,3.094780368995984,0.3370752281888878,-0.027678761648989525
italian_gutenberg_i_promessi_sposi_45334,Italian,40814041442,u09,343,380,38,396,358,7.323575939554349,160.18285623079927,15.838184550487059,15.509342708948083,16,22,191,352,0.5426136363636364,0.09217877094972067,0.007552822945600953,132.40082644628092,2383,3.867995046349957,3.523148712010015,0.34484633433994194,2741,3.369571543176948,3.0474169744566026,0.3221545687203453,-0.022691765619596627
italian_gutenberg_i_promessi_sposi_45334,Italian,40814041442,u10,381,419,39,408,369,7.330752278718021,160.9816322989849,15.831982070419704,15.350675743801666,16,20,188,320,0.5875,0.07317073170731708,0.007160640712098195,139.65230769230737,2469,3.9700211147043056,3.607569529607713,0.3624515850965926,2838,3.4433380902308546,3.1347215629720497,0.30861652725880484,-0.05383505783778775
italian_gutenberg_i_promessi_sposi_45334,Italian,40814041442,u11,420,455,36,394,358,7.287299938482943,156.20533726532383,15.574550725665583,16.276488968030012,16,20,188,320,0.5875,0.08938547486033518,0.007802503042976191,128.16399999999993,2302,3.944647230912601,3.5718901548521216,0.37275707606047925,2660,3.425175921655349,3.0621876621646544,0.36298825949069435,-0.0097688165697849
italian_gutenberg_i_promessi_sposi_45334,Italian,40814041442,u12,456,495,40,396,356,7.451980631866519,175.09336826102927,15.809326779977358,16.47879014173445,16,21,202,336,0.6011904761904762,0.0702247191011236,0.006580608509026655,151.96163069544326,2316,3.9545591784559475,3.5333412541961167,0.42121792425983084,2672,3.471807273119797,3.0290630847836733,0.44274418833612383,0.02152626407629299
italian_gutenberg_i_promessi_sposi_45334,Italian,40814041442,u13,496,533,38,405,367,7.325846744934982,160.43518295181644,15.661672503393195,15.882684069231177,16,20,187,320,0.584375,0.0762942779291553,0.007194351431816977,138.9979360165123,2498,3.9373444724384896,3.5677756880550113,0.3695687843834783,2865,3.4349544876851033,3.0878337334139894,0.3471207542711139,-0.022448030112364403
italian_gutenberg_i_promessi_sposi_45334,Italian,40814041442,u14,534,571,38,398,360,7.382773261905515,166.8922627847011,15.653064076292928,15.975461818597159,16,19,196,304,0.6447368421052632,0.08333333333333334,0.007067901234567926,141.48471615720473,2486,3.925691402803022,3.5350091718346976,0.39068223096832444,2846,3.425886715485754,3.05248623455565,0.3734004809301039,-0.017281750038220522
italian_gutenberg_i_promessi_sposi_45334,Italian,40814041442,u15,572,608,37,394,357,7.345576984454022,162.644359955463,15.759708791870375,15.941563772854638,16,20,194,320,0.60625,0.0784313725490196,0.00732057528893913,136.60128617363299,2377,3.8824463574562875,3.4561722966019945,0.426274060854293,2734,3.3847268127942094,2.9961430600015153,0.3885837527926941,-0.0376903080615989
latin_gutenberg_aeneidos_227,Latin,40814041438,u01,1,64,64,405,341,7.310681486293068,158.75756023967296,15.8099339403413,16.397760282554987,16,20,182,320,0.56875,0.07624633431085044,0.007163681082894015,139.59303721488612,2796,3.812620571953193,3.5151692116781392,0.2974513602750539,3137,3.4338252292216986,3.1082540218745676,0.3255712073471311,0.028119847072077153
latin_gutenberg_aeneidos_227,Latin,40814041438,u02,65,128,64,395,331,7.405496196985829,169.54168225337543,15.779945742536354,17.690418767540113,16,20,197,320,0.615625,0.08157099697885196,0.006945902282746604,143.9697766097239,2670,3.8682487290274774,3.5877139058862175,0.2805348231412599,3001,3.463882899749198,3.178676754943808,0.28520614480538997,0.00467132166413009
latin_gutenberg_aeneidos_227,Latin,40814041438,u03,129,194,66,404,338,7.362384900656415,164.55030617810093,15.850021007522876,16.699108081763498,16,20,188,320,0.5875,0.07396449704142012,0.00693253037358636,144.24747474747474,2834,3.8100304802543947,3.502161938063998,0.3078685421903966,3172,3.4414739477535585,3.1007839496282013,0.3406899981253573,0.032821455934960664
latin_gutenberg_aeneidos_227,Latin,40814041438,u04,195,257,63,400,337,7.307331229363887,158.3893178120784,15.729859374185187,16.692238257148365,16,22,186,352,0.5284090909090909,0.08011869436201781,0.007387579357042856,135.3623361144219,2732,3.8580392289785075,3.576977807265356,0.2810614217131513,3069,3.4755957452942265,3.158166353425147,0.3174293918690796,0.0363679701559283
latin_gutenberg_aeneidos_227,Latin,40814041438,u05,258,319,62,396,334,7.3629845621558525,164.6187163344999,15.65948087399443,16.176296649034242,16,19,191,304,0.6282894736842105,0.07485029940119761,0.00702786044677113,142.29081632653057,2685,3.8145098028885642,3.560990275283322,0.25351952760524243,3019,3.431069455514035,3.1394168529379214,0.2916526025761135,0.03813307497087104
latin_gutenberg_aeneidos_227,Latin,40814041438,u06,320,380,61,403,342,7.463002789996042,176.4362007866186,15.607193170075963,17.679547741942105,16,22,206,352,0.5852272727272727,0.07602339181286549,0.006702917136896779,149.18877551020506,2644,3.8700610273763467,3.56602974011873,0.3040312872576165,2986,3.454936396309418,3.1233205810314413,0.3316158152779769,0.027584528020360377
latin_gutenberg_aeneidos_227,Latin,40814041438,u07,381,439,59,398,339,7.431714905517325,172.65100303875352,15.58317694917456,16.776178358269668,16,20,193,320,0.603125,0.061946902654867256,0.006430504433480368,155.50879566982465,2586,3.874964737368832,3.56459655989239,0.31036817747644196,2925,3.4675241285054863,3.1293549259089293,0.33816920259655703,0.027801025120115064
latin_gutenberg_aeneidos_227,Latin,40814041438,u08,440,499,60,399,339,7.362440736032481,164.55667474925522,15.567894757104476,16.634635922442737,16,20,189,320,0.590625,0.06784660766961652,0.006917795703135176,144.55471698113251,2631,3.874021970694523,3.5059074157024646,0.36811455499205836,2970,3.4567337609062614,3.088653032772751,0.36808072813351034,-3.382685854802503e-05
latin_gutenberg_aeneidos_227,Latin,40814041438,u09,500,561,62,400,338,7.340358736638494,162.05713570669323,15.669756598430832,16.905061006721738,16,20,187,320,0.584375,0.07396449704142012,0.007090087882076956,141.041975308642,2694,3.8200894864603123,3.515121682045799,0.3049678044145132,3032,3.4269843323610005,3.1011131137633785,0.325871218597622,0.020903414183108815
latin_gutenberg_aeneidos_227,Latin,40814041438,u10,562,625,64,403,339,7.266181342387202,153.93541185693377,15.686275852242035,15.968800605117856,16,20,182,320,0.56875,0.09144542772861357,0.007735748905770031,129.26996625421856,2741,3.7900579681553928,3.503981518650393,0.2860764495049999,3080,3.407941294038376,3.0903417961357316,0.3175994979026444,0.031523048397644526
latin_gutenberg_aeneidos_227,Latin,40814041438,u11,626,686,61,402,341,7.3904276722165605,167.7800850159864,15.744414488228557,16.589169696666374,16,21,194,336,0.5773809523809523,0.07624633431085046,0.006905685365622919,144.80821917808242,2664,3.8365128680898413,3.5335392315773957,0.3029736365124456,3005,3.444039996548464,3.1077522168539398,0.33628777969452406,0.03331414318207848
latin_gutenberg_aeneidos_227,Latin,40814041438,u12,687,747,61,400,339,7.427261291935245,172.11884952218674,15.69194104855394,17.041120862794326,16,20,198,320,0.61875,0.07374631268436578,0.006708956587568826,149.05447470817177,2698,3.822539245148932,3.494278086289235,0.3282611588596973,3037,3.4322754795166683,3.0782975379413786,0.3539779415752897,0.025716782715592412
latin_gutenberg_aeneidos_227,Latin,40814041438,u13,748,810,63,399,336,7.388886284410994,167.60092305443806,15.646670096487396,16.666409602050965,16,20,191,320,0.596875,0.07142857142857142,0.006802721088435335,147.00000000000085,2677,3.8563926361081777,3.546773221738811,0.3096194143693669,3013,3.4666886444608713,3.1360925832201505,0.33059606124072083,0.02097664687135392
latin_gutenberg_aeneidos_227,Latin,40814041438,u14,811,871,61,399,338,7.373256415569745,165.79496859290387,15.70034460342614,17.431884758820736,16,21,191,336,0.5684523809523809,0.07100591715976332,0.006932530373586356,144.2474747474748,2670,3.8395249132106923,3.5355688982415363,0.30395601496915603,3008,3.4237675635952622,3.1128876407257935,0.31087992286946875,0.00692390790031272
latin_gutenberg_aeneidos_227,Latin,40814041438,u15,872,935,64,397,333,7.331191919787953,161.03069666800624,15.597634265185878,16.586114620630262,16,20,186,320,0.58125,0.08108108108108107,0.007205403601799967,138.78473091364265,2758,3.8282100555087846,3.5863481302763307,0.24186192523245387,3091,3.4510392367177145,3.179044901148789,0.2719943355689254,0.030132410336471516
latin_gutenberg_aeneidos_227,Latin,40814041439,u01,1,64,64,405,341,7.366742106574905,165.04802977449398,15.801213481215566,16.397760282554987,16,20,191,320,0.596875,0.07917888563049853,0.007043283081500835,141.97924297924322,2796,3.783466215300481,3.5167252606403543,0.2667409546601269,3137,3.4270827260018994,3.109912253086188,0.31717047291571143,0.050429518255584505
latin_gutenberg_aeneidos_227,Latin,40814041439,u02,65,128,64,395,331,7.341613275451915,162.1981186465658,15.429887950506908,17.690418767540113,16,20,189,320,0.590625,0.08459214501510574,0.007256231688283244,137.8125786163521,2670,3.8677186529482332,3.592075513875675,0.27564313907255844,3001,3.470228115376486,3.176980947519455,0.293247167857031,0.017604028784472536
latin_gutenberg_aeneidos_227,Latin,40814041439,u03,129,194,66,404,338,7.407976348982497,169.83339378675979,15.697121690413098,16.699108081763498,16,20,192,320,0.6,0.0650887573964497,0.00661741535660516,151.11640211640213,2834,3.8209909280045515,3.503416475172822,0.31757445283172947,3172,3.409572473971988,3.0987413430782995,0.31083113089368863,-0.006743321938040836
latin_gutenberg_aeneidos_227,Latin,40814041439,u04,195,257,63,400,337,7.284866717621666,155.9421064818418,15.781685418425443,16.692238257148365,16,22,183,352,0.5198863636363636,0.0771513353115727,0.007475631554385444,133.76796230859827,2732,3.8657402671176384,3.5745912391106716,0.29114902800696685,3069,3.4523550058642973,3.161098822515696,0.29125618334860137,0.00010715534163452389
latin_gutenberg_aeneidos_227,Latin,40814041439,u05,258,319,62,396,334,7.335227244650465,161.48174196056036,15.594574485258056,16.176296649034242,16,19,184,304,0.6052631578947368,0.0688622754491018,0.0070099322313456934,142.65473145780047,2685,3.8171843548754714,3.5679074916016758,0.2492768632737956,3019,3.4080857795598187,3.143727577632499,0.26435820192731985,0.015081338653524234
latin_gutenberg_aeneidos_227,Latin,40814041439,u06,320,380,61,403,342,7.426951345338848,172.0818757197433,15.873485621914622,17.679547741942105,16,22,196,352,0.5568181818181818,0.07602339181286549,0.006668718580075885,149.95384615384697,2644,3.860267519435461,3.5620299025206195,0.29823761691484174,2986,3.4440752336192832,3.119663551254207,0.32441168236507645,0.026174065450234707
latin_gutenberg_aeneidos_227,Latin,40814041439,u07,381,439,59,398,339,7.3877040366720665,167.46363510276393,15.643204933004798,16.776178358269668,16,20,190,320,0.59375,0.058997050147492625,0.006691553327938303,149.4421326397924,2586,3.8942555968297463,3.5681587921962734,0.3260968046334729,2925,3.4583149111518643,3.1277131577475847,0.33060175340427955,0.004504948770806649
latin_gutenberg_aeneidos_227,Latin,40814041439,u08,440,499,60,399,339,7.354800351177665,163.68750077459597,15.682595773126131,16.634635922442737,16,20,190,320,0.59375,0.07079646017699115,0.007039618520548875,142.0531520395555,2631,3.860479191306359,3.5057832955445973,0.35469589576176164,2970,3.451162483327158,3.079920856224605,0.37124162710255293,0.016545731340791292
latin_gutenberg_aeneidos_227,Latin,40814041439,u09,500,561,62,400,338,7.402059189219179,169.13825499010494,15.645030802383998,16.905061006721738,16,20,193,320,0.603125,0.07100591715976332,0.006739960085431181,148.3688311688312,2694,3.81873369802451,3.522686192524297,0.29604750550021297,3032,3.411420164031393,3.1057406384422452,0.3056795255891478,0.009632020088934823
latin_gutenberg_aeneidos_227,Latin,40814041439,u10,562,625,64,403,339,7.2493391419608075,152.14879966752036,15.6733693012063,15.968800605117856,16,20,176,320,0.55,0.07964601769911504,0.00756171630946475,132.24510932105892,2741,3.7889694459867704,3.4921033999834723,0.29686604600329813,3080,3.395558553002639,3.0911424192062578,0.3044161337963813,0.007550087793083193
latin_gutenberg_aeneidos_227,Latin,40814041439,u11,626,686,61,402,341,7.362068710553108,164.51424625155303,15.773449324894543,16.589169696666374,16,21,189,336,0.5625,0.07624633431085044,0.006991683938046613,143.02706027060302,2664,3.8494095509717985,3.5431789838672603,0.3062305671045382,3005,3.41212529556812,3.1164989295759518,0.29562636599216807,-0.010604201112370149
latin_gutenberg_aeneidos_227,Latin,40814041439,u12,687,747,61,400,339,7.390046182747201,167.73572507019819,15.646967871184856,17.041120862794326,16,20,194,320,0.60625,0.07669616519174041,0.006935198962765704,144.191969887077,2698,3.8164374020385194,3.504124464605139,0.3123129374333806,3037,3.41424444592076,3.0820020775714316,0.3322423683493283,0.019929430915947677
latin_gutenberg_aeneidos_227,Latin,40814041439,u13,748,810,63,399,336,7.384336592514683,167.0732082989866,15.629320873656603,16.666409602050965,16,20,193,320,0.603125,0.08333333333333333,0.007068452380952338,141.47368421052718,2677,3.8560446293825903,3.5497978444753877,0.3062467849072026,3013,3.454039865716451,3.1338457223260234,0.3201941433904274,0.013947358483224814
latin_gutenberg_aeneidos_227,Latin,40814041439,u14,811,871,61,399,338,7.399453909570551,168.83309360392394,15.600458584052674,17.431884758820736,16,21,192,336,0.5714285714285714,0.06213017751479289,0.006687440915934315,149.53403141361258,2670,3.8249152861315894,3.532543385227073,0.2923719009045165,3008,3.4256798892888094,3.1143704800187555,0.3113094092700539,0.018937508365537425
latin_gutenberg_aeneidos_227,Latin,40814041439,u15,872,935,64,397,333,7.355690078827756,163.78847998965327,15.576582028304244,16.586114620630262,16,20,187,320,0.584375,0.07207207207207207,0.006970934898862795,143.4527813712814,2758,3.8303704812695125,3.5798181272224285,0.250552354047084,3091,3.431732980514051,3.171070029545446,0.26066295096860514,0.010110596921521164
latin_gutenberg_aeneidos_227,Latin,40814041440,u01,1,64,64,405,341,7.296737534673829,157.23052640108892,15.580476673500392,16.397760282554987,16,20,188,320,0.5875,0.09090909090909091,0.007696872231920947,129.922905027933,2796,3.8105864066920545,3.5185993038942254,0.29198710279782913,3137,3.4037368161060986,3.109199589197528,0.29453722690857065,0.002550124110741514
latin_gutenberg_aeneidos_227,Latin,40814041440,u02,65,128,64,395,331,7.397903107614298,168.65170667763215,15.71208299886329,17.690418767540113,16,20,193,320,0.603125,0.0634441087613293,0.006745100902693481,148.25575101488488,2670,3.8581527013769206,3.5941850096924686,0.263967691684452,3001,3.444315811306423,3.1741216729894255,0.27019413831699746,0.006226446632545457
latin_gutenberg_aeneidos_227,Latin,40814041440,u03,129,194,66,404,338,7.364438516187065,164.7847033850843,15.679161310088123,16.699108081763498,16,20,188,320,0.5875,0.0650887573964497,0.006880011204089492,145.34860050890586,2834,3.7980203174467575,3.4923730386740046,0.3056472787727529,3172,3.409915044689788,3.097191626408054,0.3127234182817342,0.007076139508981338
latin_gutenberg_aeneidos_227,Latin,40814041440,u04,195,257,63,400,337,7.369703781318352,165.38720101510515,15.731532298892699,16.692238257148365,16,22,191,352,0.5426136363636364,0.0712166172106825,0.006947318370329929,143.94043092522185,2732,3.841720721242627,3.554233671027313,0.2874870502153142,3069,3.4504640655284327,3.1530660301736537,0.29739803535477893,0.009910985139464756
latin_gutenberg_aeneidos_227,Latin,40814041440,u05,258,319,62,396,334,7.380195957251224,166.5943840112986,15.624861193908695,16.176296649034242,16,19,193,304,0.6348684210526315,0.08083832335329341,0.0070457886621965666,141.92875318066154,2685,3.8240268749149644,3.573469159731325,0.25055771518363956,3019,3.4041749925779645,3.1445394042964963,0.25963558828146827,0.009077873097828704
latin_gutenberg_aeneidos_227,Latin,40814041440,u06,320,380,61,403,342,7.447890700481332,174.5976947280775,15.826060423778229,17.679547741942105,16,22,200,352,0.5681818181818182,0.07309941520467836,0.006600321466434079,151.50777202072624,2644,3.8714113140558477,3.5538822086027424,0.3175291054531053,2986,3.4433184456569688,3.1196142600947594,0.32370418556220937,0.006175080109104059
latin_gutenberg_aeneidos_227,Latin,40814041440,u07,381,439,59,398,339,7.3624407360324815,164.5566747492553,15.703637816125624,16.776178358269668,16,20,188,320,0.5875,0.07374631268436578,0.0069177957031351794,144.55471698113246,2586,3.856927553269936,3.5664610221785162,0.2904665310914196,2925,3.44673219677384,3.1266520266157096,0.3200801701581302,0.02961363906671055
latin_gutenberg_aeneidos_227,Latin,40814041440,u08,440,499,60,399,339,7.374343195925814,165.91990878652996,15.543419621580982,16.634635922442737,16,20,190,320,0.59375,0.06489675516224189,0.0068307794049825305,146.39617834394954,2631,3.8510085933304774,3.505289823915939,0.3457187694145385,2970,3.4318543371553147,3.0835967846190946,0.34825755253622015,0.0025387831216816537
latin_gutenberg_aeneidos_227,Latin,40814041440,u09,500,561,62,400,338,7.368981730841769,165.30444753959952,15.74183202566561,16.905061006721738,16,20,187,320,0.584375,0.07100591715976332,0.006827492034592628,146.4666666666666,2694,3.8088639460403915,3.5245465668303466,0.28431737921004485,3032,3.3989770569927287,3.103180413602659,0.29579664339006984,0.011479264180024984
latin_gutenberg_aeneidos_227,Latin,40814041440,u10,562,625,64,403,339,7.3620699483656,164.51438740257302,15.627979438797317,15.968800605117856,16,20,192,320,0.6,0.08259587020648967,0.0071614413379625765,139.63669501822648,2741,3.7868500331131756,3.5063999008256914,0.28045013228748417,3080,3.374327874764876,3.0899894378176525,0.2843384369472237,0.00388830465973955
latin_gutenberg_aeneidos_227,Latin,40814041440,u11,626,686,61,402,341,7.421762040822092,171.46401737750472,15.847664625277146,16.589169696666374,16,21,200,336,0.5952380952380952,0.07624633431085044,0.0068712859366534375,145.53316645807288,2664,3.8311156725958413,3.538161418185746,0.29295425441009515,3005,3.4010319140400487,3.1171389886829983,0.28389292535705035,-0.009061329053044798
latin_gutenberg_aeneidos_227,Latin,40814041440,u12,687,747,61,400,339,7.404929314185599,169.4750767817522,15.827261835945162,17.041120862794326,16,20,193,320,0.603125,0.07079646017699115,0.00672635984719936,148.66882276843512,2698,3.800382933845992,3.49204314670226,0.3083397871437321,3037,3.4028440532139217,3.074725993908065,0.3281180593058566,0.019778272162124466
latin_gutenberg_aeneidos_227,Latin,40814041440,u13,748,810,63,399,336,7.407732528564032,169.80469378499424,15.736103545633195,16.666409602050965,16,20,196,320,0.6125,0.07738095238095238,0.006820436507936466,146.6181818181827,2677,3.852491445791464,3.542956290517075,0.3095351552743888,3013,3.4245965810254915,3.1278023993736266,0.2967941816518649,-0.01274097362252391
latin_gutenberg_aeneidos_227,Latin,40814041440,u14,811,871,61,399,338,7.412635244161773,170.38272327265824,15.647928145569228,17.431884758820736,16,21,202,336,0.6011904761904762,0.08284023668639054,0.007072581492244658,141.39108910891113,2670,3.8304881077899546,3.544314298370556,0.28617380941939885,3008,3.419133334982313,3.117341918098158,0.3017914168841549,0.015617607464756045
latin_gutenberg_aeneidos_227,Latin,40814041440,u15,872,935,64,397,333,7.439969152600343,173.64164110483344,15.824553133152671,16.586114620630262,16,20,202,320,0.63125,0.07807807807807807,0.0067905743581418865,147.26294820717217,2758,3.816496442943941,3.5758741607283926,0.24062228221554838,3091,3.423834975551328,3.182993456807193,0.24084151874413484,0.00021923652858646392
latin_gutenberg_aeneidos_227,Latin,40814041441,u01,1,64,64,405,341,7.350121397001353,163.15748876755,15.665277234925723,16.397760282554987,16,20,188,320,0.5875,0.07331378299120235,0.007026083367016095,142.32680538555715,2796,3.785749173975599,3.524388133684851,0.261361040290748,3137,3.402783031904923,3.109815777579775,0.29296725432514803,0.031606214034400004
latin_gutenberg_aeneidos_227,Latin,40814041441,u02,65,128,64,395,331,7.433671594252027,172.88532384649324,15.735074350872164,17.690418767540113,16,20,198,320,0.61875,0.06948640483383686,0.0066538275481238815,150.28943758573376,2670,3.8696620795123957,3.5841618276007137,0.28550025191168205,3001,3.431527841503678,3.173117325071828,0.25841051643184976,-0.02708973547983229
latin_gutenberg_aeneidos_227,Latin,40814041441,u03,129,194,66,404,338,7.4049599288385535,169.4786731590625,15.869565121553785,16.699108081763498,16,20,193,320,0.603125,0.07100591715976332,0.006704947305766603,149.1436031331593,2834,3.796925224639982,3.4962732100636793,0.30065201457630275,3172,3.3958040122345574,3.0933045017914123,0.30249951044314516,0.001847495866842408
latin_gutenberg_aeneidos_227,Latin,40814041441,u04,195,257,63,400,337,7.377093172996905,166.23647678665756,15.693757641860161,16.692238257148365,16,22,192,352,0.5454545454545454,0.0712166172106825,0.006912097491392894,144.67388535031856,2732,3.8565348729563604,3.5879738510107804,0.26856102194558007,3069,3.446626827533667,3.1633227906145454,0.28330403691912176,0.01474301497354169
latin_gutenberg_aeneidos_227,Latin,40814041441,u05,258,319,62,396,334,7.326901738509365,160.55254662448132,15.692973729974563,16.176296649034242,16,19,185,304,0.6085526315789473,0.06287425149700598,0.007099573308472876,140.85353535353534,2685,3.805689579262204,3.554450085799775,0.25123949346242913,3019,3.404222546649062,3.143592617923255,0.2606299287258067,0.009390435263377572
latin_gutenberg_aeneidos_227,Latin,40814041441,u06,320,380,61,403,342,7.3358365515998685,161.54995646543648,15.72222586737695,17.679547741942105,16,22,189,352,0.5369318181818182,0.0847953216374269,0.007284292602852124,137.28169014084574,2644,3.8421500912126936,3.557391097968448,0.2847589932442456,2986,3.432123201837779,3.122178554935624,0.3099446469021552,0.02518565365790959
latin_gutenberg_aeneidos_227,Latin,40814041441,u07,381,439,59,398,339,7.408857660792097,169.9371731009439,15.647416038298259,16.776178358269668,16,20,192,320,0.6,0.06784660766961652,0.006604537029785659,151.41106719367636,2586,3.8906147229630736,3.583464100949897,0.30715062201317656,2925,3.4238222190192364,3.131142914842709,0.29267930417652765,-0.0144713178366489
latin_gutenberg_aeneidos_227,Latin,40814041441,u08,440,499,60,399,339,7.407411569359431,169.766921202462,15.675534705134803,16.634635922442737,16,20,194,320,0.60625,0.07964601769911504,0.0067611663664604174,147.90347490347534,2631,3.856347679579011,3.5154429801924336,0.3409046993865772,2970,3.4151935097594652,3.0858258469944713,0.32936766276499396,-0.01153703662158323
latin_gutenberg_aeneidos_227,Latin,40814041441,u09,500,561,62,400,338,7.419694987984542,171.21852447039214,15.525868400253064,16.905061006721738,16,20,197,320,0.615625,0.07100591715976332,0.0067049473057666,149.1436031331594,2694,3.802501872053684,3.5213139713305894,0.2811879007230944,3032,3.3921779501801534,3.100098634124223,0.2920793160559305,0.010891415332836107
latin_gutenberg_aeneidos_227,Latin,40814041441,u10,562,625,64,403,339,7.283441564790221,155.7881365887456,15.687991743173473,15.968800605117856,16,20,181,320,0.565625,0.07374631268436578,0.007387683713159456,135.3604240282689,2741,3.7969083093682823,3.5000437613137425,0.29686454805453977,3080,3.382987876123522,3.0911146045792037,0.2918732715443184,-0.004991276510221354
latin_gutenberg_aeneidos_227,Latin,40814041441,u11,626,686,61,402,341,7.385783071262093,167.2408036878543,15.69813192634787,16.589169696666374,16,21,194,336,0.5773809523809523,0.08211143695014664,0.006974484223561877,143.37977805178815,2664,3.8391462262176153,3.541677385835618,0.29746884038199717,3005,3.403459202727522,3.1134311993901846,0.29002800333733747,-0.007440837044659698
latin_gutenberg_aeneidos_227,Latin,40814041441,u12,687,747,61,400,339,7.370682587122365,165.49944710663857,15.618077550808316,17.041120862794326,16,20,190,320,0.59375,0.07374631268436578,0.0069351989627657075,144.1919698870769,2698,3.8082357249023064,3.4891729852424107,0.31906273965989573,3037,3.3938890351966404,3.077317408400351,0.31657162679628925,-0.0024911128636064817
latin_gutenberg_aeneidos_227,Latin,40814041441,u13,748,810,63,399,336,7.366169831849267,164.98257305465484,15.673432247619814,16.666409602050965,16,20,190,320,0.59375,0.08630952380952381,0.007033021541950074,142.18639798488746,2677,3.8533494306746205,3.556595053183902,0.29675437749071865,3013,3.4449239476580744,3.1371838817168807,0.30774006594119374,0.010985688450475095
latin_gutenberg_aeneidos_227,Latin,40814041441,u14,811,871,61,399,338,7.378934096051182,166.44873501717996,15.62491467875165,17.431884758820736,16,21,192,336,0.5714285714285714,0.07692307692307693,0.006950036763418646,143.8841309823678,2670,3.8289528427900006,3.5316907324689186,0.29726211032108196,3008,3.407919966866346,3.113865795459764,0.29405417140658185,-0.003207938914500108
latin_gutenberg_aeneidos_227,Latin,40814041441,u15,872,935,64,397,333,7.2985469786369706,157.42785037099597,15.727460797686064,16.586114620630262,16,20,184,320,0.575,0.08108108108108107,0.007439872304737141,134.4109090909096,2758,3.826482254375582,3.562526782975724,0.263955471399858,3091,3.4252759943702005,3.1658532125350827,0.2594227818351178,-0.004532689564740178
latin_gutenberg_aeneidos_227,Latin,40814041442,u01,1,64,64,405,341,7.340414522913066,162.0634022692068,15.793561075137077,16.397760282554987,16,20,186,320,0.58125,0.07331378299120235,0.007043283081500835,141.97924297924322,2796,3.8063738074330704,3.5245971877503575,0.28177661968271295,3137,3.412072731045494,3.110025985252517,0.30204674579297697,0.02027012611026402
latin_gutenberg_aeneidos_227,Latin,40814041442,u02,65,128,64,395,331,7.350744072948324,163.22792373020312,15.526329232689081,17.690418767540113,16,20,188,320,0.5875,0.06646525679758308,0.007000666295488361,142.84354628422417,2670,3.861977589715405,3.593989515269781,0.2679880744456238,3001,3.450833427900923,3.177563458111466,0.27326996978945717,0.005281895343833387
latin_gutenberg_aeneidos_227,Latin,40814041442,u03,129,194,66,404,338,7.3910843195607585,167.8564680495226,15.72151243581092,16.699108081763498,16,20,194,320,0.60625,0.07692307692307693,0.006897517593921778,144.97969543147215,2834,3.7927941132950447,3.4917994384418862,0.30099467485315845,3172,3.4197340756165016,3.1034037308469125,0.3163303447695891,0.01533566991643065
latin_gutenberg_aeneidos_227,Latin,40814041442,u04,195,257,63,400,337,7.319097004129941,159.68632985570818,15.651770676167896,16.692238257148365,16,22,188,352,0.5340909090909091,0.0771513353115727,0.0073699689175743405,135.68578255675024,2732,3.840626986406211,3.5791112031291137,0.2615157832770971,3069,3.4424065416594583,3.1623590523199394,0.28004748933951884,0.018531706062421716
latin_gutenberg_aeneidos_227,Latin,40814041442,u05,258,319,62,396,334,7.30528712488999,158.16506040003156,15.742532699503737,16.176296649034242,16,19,179,304,0.5888157894736842,0.0688622754491018,0.007099573308472876,140.85353535353534,2685,3.8200177498790118,3.5563336084311548,0.263684141447857,3019,3.419141846868405,3.1442086294438063,0.27493321742459864,0.01124907597674163
latin_gutenberg_aeneidos_227,Latin,40814041442,u06,320,380,61,403,342,7.432629645075267,172.76050697147488,15.559381521377084,17.679547741942105,16,22,202,352,0.5738636363636364,0.07894736842105263,0.0068226120857699385,146.57142857142946,2644,3.8564855944156426,3.553160220857956,0.30332537355768663,2986,3.4401445591955166,3.1202122104966414,0.3199323486988752,0.016606975141188585
latin_gutenberg_aeneidos_227,Latin,40814041442,u07,381,439,59,398,339,7.383441961633552,166.96963650226806,15.296215477295403,16.776178358269668,16,20,193,320,0.603125,0.07079646017699115,0.006900392443504644,144.9192938209337,2586,3.8696232560557404,3.565017830860084,0.3046054251956565,2925,3.445826828637337,3.1305686070236702,0.31525822161366657,0.010652796418010091
latin_gutenberg_aeneidos_227,Latin,40814041442,u08,440,499,60,399,339,7.342953706838423,162.3488895831127,15.727796985472063,16.634635922442737,16,20,190,320,0.59375,0.08259587020648967,0.007248457636115221,137.96038415366192,2631,3.8664162495693644,3.5027846603069985,0.36363158926236583,2970,3.442071064385221,3.0839384131423584,0.35813265124286264,-0.005498938019503186
latin_gutenberg_aeneidos_227,Latin,40814041442,u09,500,561,62,400,338,7.3322081818983635,161.14416974680864,15.674420557696097,16.905061006721738,16,20,186,320,0.58125,0.06804733727810651,0.007090087882076956,141.041975308642,2694,3.8045842547481254,3.5176448255149695,0.28693942923315596,3032,3.408782627468573,3.1058460718176444,0.3029365556509287,0.015997126417772733
latin_gutenberg_aeneidos_227,Latin,40814041442,u10,562,625,64,403,339,7.246749641788016,151.87595200626222,15.564495613186294,15.968800605117856,16,20,177,320,0.553125,0.07964601769911504,0.007613926088356333,131.338285714286,2741,3.795919170897341,3.5059757843239057,0.28994338657343555,3080,3.397749010127665,3.089379558144011,0.30836945198365395,0.018426065410218406
latin_gutenberg_aeneidos_227,Latin,40814041442,u11,626,686,61,402,341,7.387921065259751,167.48882901347656,15.763900312365163,16.589169696666374,16,21,192,336,0.5714285714285714,0.07331378299120235,0.0068368865076839595,146.2654088050317,2664,3.841629917389034,3.542727201445837,0.29890271594319673,3005,3.421105543156039,3.114488254494461,0.3066172886615779,0.007714572718381163
latin_gutenberg_aeneidos_227,Latin,40814041442,u12,687,747,61,400,339,7.483442358476892,178.95367467739334,15.742812521553422,17.041120862794326,16,20,206,320,0.64375,0.06784660766961652,0.0064479076931108865,155.08906882591174,2698,3.8100499455817776,3.4909235606010576,0.31912638498072,3037,3.413836623276232,3.0780259897888156,0.33581063348741624,0.016684248506696253
latin_gutenberg_aeneidos_227,Latin,40814041442,u13,748,810,63,399,336,7.373813953963219,165.85905346292282,15.847555289802894,16.666409602050965,16,20,190,320,0.59375,0.06845238095238095,0.006891298185941002,145.11053984575923,2677,3.860320079681742,3.5593350115853575,0.30098506809638437,3013,3.4488859784149346,3.1332213496741255,0.31566462874080914,0.014679560644424772
latin_gutenberg_aeneidos_227,Latin,40814041442,u14,811,871,61,399,338,7.413226164103253,170.45252539184173,15.806333159508506,17.431884758820736,16,21,195,336,0.5803571428571429,0.07100591715976332,0.006722453695598892,148.75520833333337,2670,3.8463000574395667,3.532650372271415,0.31364968516815184,3008,3.4396721222876367,3.1164332232064815,0.3232388990811552,0.00958921391300338
latin_gutenberg_aeneidos_227,Latin,40814041442,u15,872,935,64,397,333,7.322424098350887,160.05501800151256,15.575439433752347,16.586114620630262,16,20,184,320,0.575,0.06906906906906907,0.007115223331439518,140.54372623574204,2758,3.8244179226317967,3.5936865939479357,0.23073132868386104,3091,3.4441793918455392,3.1691658605853537,0.2750135312601856,0.044282202576324536
