replicate,copy_edit_bits_per_event,matched_trigram_bits_per_event,delta_copy_minus_trigram_bits_per_event
1,3.441101586711786,2.34646119659849,1.094640390113296
2,3.4938797006330837,2.3837095182872208,1.110170182345863
3,3.498908239265734,2.373257791498846,1.1256504477668878
4,3.482679387746395,2.328992101217106,1.1536872865292889
5,3.422689486555014,2.2482616782929306,1.1744278082620836
6,3.47652807672,2.3100170365971437,1.1665110401228564
7,3.520628734084444,2.4862322057536126,1.0343965283308316
8,3.45900968687328,2.2759624371053158,1.1830472497679643
9,3.477429670433788,2.343187228689678,1.1342424417441097
10,3.4116908201119043,2.257881712581549,1.1538091075303551
11,3.521109271159398,2.499991496458315,1.0211177747010831
12,3.511980090095631,2.3536294249776146,1.1583506651180162
13,3.503191760510286,2.3446195142540285,1.1585722462562575
14,3.533733974304269,2.3753010842319813,1.1584328900722878
15,3.5295620732842345,2.5000857087536206,1.029476364530614
16,3.404067580290387,2.1803961763113677,1.223671403979019
17,3.5157642656000587,2.3906607151196777,1.125103550480381
18,3.475961496952061,2.3387400027081395,1.1372214942439216
19,3.4154859988156723,2.269790448730927,1.1456955500847452
20,3.5177953954278833,2.4591250947122387,1.0586703007156446
21,3.4611827352660334,2.3426883068570397,1.1184944284089937
22,3.4657412671020977,2.345351465661799,1.1203898014402989
23,3.453895424839204,2.2929342719989996,1.1609611528402044
24,3.4454517845798835,2.335588759212561,1.1098630253673227
25,3.5208626127555473,2.3930514729322416,1.1278111398233057
26,3.4665024807800835,2.4035334318887345,1.062969048891349
27,3.439623974836958,2.25874783883131,1.1808761360056481
28,3.518727557442305,2.3817919940972865,1.1369355633450184
29,3.4780486044113554,2.3478703386135082,1.1301782657978472
30,3.4707677617718016,2.351833627102567,1.1189341346692347
31,3.496940468416928,2.449520830498789,1.0474196379181389
32,3.454566774387776,2.3047723124610187,1.1497944619267573
33,3.468977408613545,2.337615162371336,1.131362246242209
34,3.450524822351479,2.311245948940541,1.1392788734109383
35,3.504251860421938,2.379305301007034,1.1249465594149042
36,3.3648858045246612,2.169086646955562,1.1957991575690992
37,3.503056796736068,2.402180975048674,1.1008758216873944
38,3.4132338110521623,2.207282693246007,1.2059511178061553
39,3.5276034202843887,2.4437976482082524,1.0838057720761363
40,3.4388013782875526,2.290340311149017,1.1484610671385358
41,3.498551671791512,2.36483746669026,1.1337142051012523
42,3.502786592581715,2.4347957906842765,1.0679908018974387
43,3.440795249483514,2.2606613139474483,1.1801339355360656
44,3.488051541578917,2.365285349742132,1.122766191836785
45,3.402186994292455,2.2253618719778796,1.1768251223145754
46,3.496652897036335,2.387567087372881,1.109085809663454
47,3.4241182556125453,2.3028950181225305,1.1212232374900148
48,3.4317553417069133,2.281091827111867,1.1506635145950463
49,3.412703511776809,2.225506979371696,1.187196532405113
50,3.4811817628635913,2.3456190577872804,1.1355627050763109
51,3.4482900249219517,2.2787174325192017,1.16957259240275
52,3.4507457090208944,2.281321793869923,1.1694239151509715
53,3.5219915333764984,2.434148945919557,1.0878425874569415
54,3.4916943061152166,2.3925154364999655,1.0991788696152511
55,3.4837245613301113,2.364852206475574,1.1188723548545374
56,3.4838539453070667,2.303029678034811,1.1808242672722558
57,3.5183493141727924,2.425206996148757,1.0931423180240354
58,3.4642594795881405,2.3175121361196447,1.1467473434684958
59,3.5379635060779555,2.51806846988976,1.0198950361881955
60,3.4223411436725475,2.2782660356119266,1.1440751080606208
61,3.4670518590469674,2.3619014567228094,1.105150402324158
62,3.5225109997703616,2.4798837141968644,1.0426272855734973
63,3.5064459292826244,2.3993479621269924,1.107097967155632
64,3.4358354078719455,2.2734275643325956,1.16240784353935
65,3.501226419944841,2.412199011417534,1.0890274085273073
66,3.4161904969183414,2.2741865737950295,1.142003923123312
67,3.4906308478697405,2.3175592936311618,1.1730715542385788
68,3.4471255485540317,2.2614905001291703,1.1856350484248614
69,3.4863518123720647,2.372528605896255,1.1138232064758098
70,3.509443972333449,2.435269139089701,1.074174833243748
71,3.5109600434016404,2.395145922438277,1.1158141209633632
72,3.4583783914548567,2.3335240343085064,1.1248543571463503
73,3.480554694288234,2.3813348829648855,1.0992198113233487
74,3.5052742695319554,2.441665239936177,1.0636090295957783
75,3.4442974805318416,2.35832230206371,1.0859751784681317
76,3.48427984798017,2.318242485845543,1.166037362134627
77,3.4479205127358785,2.270642336348056,1.1772781763878224
78,3.4798591053848926,2.335861535985424,1.1439975693994686
79,3.527498318290446,2.4364994186815037,1.0909988996089424
80,3.4307784276435167,2.3242083404527563,1.1065700871907604
81,3.4673258783998944,2.371570294051555,1.0957555843483395
82,3.476305591853805,2.320761368024531,1.1555442238292741
83,3.473020963982657,2.3481798380767294,1.1248411259059274
84,3.4669578056467634,2.291758071402483,1.1751997342442801
85,3.4890430478338113,2.349101689748707,1.139941358085104
86,3.449734158502223,2.3394026319394876,1.1103315265627356
87,3.479184231755442,2.323005327704663,1.1561789040507788
88,3.4835525230016837,2.3348273380587385,1.1487251849429452
89,3.4420432676659924,2.3311457933190223,1.1108974743469702
90,3.500792857583556,2.381886277871708,1.1189065797118478
91,3.4355379289899886,2.2564735538459746,1.179064375144014
92,3.45773084791401,2.3055209642396877,1.1522098836743222
93,3.48652214740022,2.3579310623271574,1.1285910850730625
94,3.500679460043568,2.405832848764079,1.0948466112794888
95,3.5077782799584702,2.428530041204835,1.0792482387536353
96,3.481699523504065,2.411973302969008,1.069726220535057
97,3.4444390706202634,2.284550417858444,1.1598886527618193
98,3.4940568149554934,2.3339206039829903,1.160136210972503
99,3.4888771080077885,2.3430581955852814,1.145818912422507
100,3.5164527204247276,2.4686617266866637,1.0477909937380638
101,3.3945766382462326,2.221704609411535,1.1728720288346977
102,3.3646332732589217,2.183237553510199,1.1813957197487226
103,3.41645111227171,2.293488134833188,1.122962977438522
104,3.5350617810105516,2.4671898759506097,1.067871905059942
105,3.4955584505091255,2.3636135164666237,1.1319449340425018
106,3.5183984920451294,2.4201228885333896,1.0982756035117398
107,3.4234701478394465,2.267180461436579,1.1562896864028676
108,3.426050140934503,2.2796235505279268,1.1464265904065765
109,3.522988952322528,2.423709529542404,1.0992794227801244
110,3.462528772011321,2.3390629137578225,1.1234658582534984
111,3.4107649722472684,2.2970559398123567,1.1137090324349117
112,3.4160515440299157,2.263102941692403,1.1529486023375126
113,3.522416100430049,2.455913109667464,1.0665029907625851
114,3.4359991447922593,2.2851253052375573,1.150873839554702
115,3.464529755607397,2.3544234211315653,1.1101063344758315
116,3.4883986541376766,2.366449466283409,1.1219491878542676
117,3.500523008972384,2.3946674576549234,1.1058555513174606
118,3.4744769430681317,2.3447165081656816,1.1297604349024502
119,3.5104584540408954,2.458146048162513,1.0523124058783826
120,3.4447304424297527,2.266584823749133,1.1781456186806198
121,3.5079410192625953,2.3866411128240683,1.121299906438527
122,3.421240721097653,2.2923871868767898,1.1288535342208634
123,3.4713935996976946,2.3264785306726266,1.144915069025068
124,3.4796821604828905,2.329114063813269,1.1505680966696215
125,3.4559825163009394,2.283459219619798,1.1725232966811414
126,3.4986523410838273,2.348342041175066,1.150310299908761
127,3.4186807587295567,2.252627649187755,1.1660531095418016
128,3.4152483603910344,2.2307889525728792,1.1844594078181552
129,3.4684042063034086,2.2933130074261743,1.1750911988772343
130,3.4645835822387316,2.3262704476294727,1.138313134609259
131,3.4388121954511854,2.2812862738552115,1.157525921595974
132,3.499913278847673,2.42287256771328,1.077040711134393
133,3.512731473215383,2.3959217552621164,1.1168097179532666
134,3.519365853605925,2.433244757024626,1.0861210965812993
135,3.492539917425993,2.4199389587462403,1.0726009586797525
136,3.4931149053630257,2.3643056145629804,1.1288092908000453
137,3.473387243024965,2.310845723946065,1.1625415190789
138,3.489339557344065,2.3787703847772392,1.1105691725668256
139,3.529229187674514,2.432277162233751,1.0969520254407632
140,3.459041473429898,2.4786560869065055,0.9803853865233925
141,3.4808091345872083,2.353040856245799,1.1277682783414091
142,3.419870388040077,2.257721608712621,1.162148779327456
143,3.4894748355084566,2.3427786966366924,1.1466961388717642
144,3.4768807070199457,2.2916993322599475,1.1851813747599982
145,3.5123801481298327,2.4127818791868414,1.0995982689429913
146,3.4315285141128906,2.2812427173635967,1.1502857967492939
147,3.513179196303817,2.4151903271400585,1.0979888691637583
148,3.5074971258944054,2.389534807542623,1.1179623183517826
149,3.377881737139653,2.238867007755256,1.1390147293843969
150,3.497841327320436,2.36164382263635,1.1361975046840858
151,3.5045551891536553,2.3531538836171975,1.1514013055364578
152,3.515341946713158,2.39135314270495,1.1239888040082078
153,3.4789133479510737,2.3901618603848096,1.088751487566264
154,3.491753288403043,2.3249343233467585,1.1668189650562844
155,3.4183221052298416,2.2665483139194285,1.1517737913104131
156,3.4738491804731795,2.302547577460343,1.1713016030128363
157,3.452818805076114,2.336122578951196,1.116696226124918
158,3.5155593460082453,2.4273724389200124,1.0881869070882328
159,3.4836109434337628,2.3326209940062594,1.1509899494275033
160,3.4579328203571915,2.2755003705247234,1.182432449832468
161,3.3729652101706042,2.2075693637171327,1.1653958464534715
162,3.5176966633545232,2.4176297267612528,1.1000669365932705
163,3.467841527101233,2.3215430049701524,1.1462985221310804
164,3.4413547130389306,2.3075313926970185,1.1338233203419121
165,3.422108227582333,2.2929945357723676,1.1291136918099656
166,3.4825298776747666,2.379854748511837,1.1026751291629298
167,3.4489036354466127,2.30336448591242,1.145539149534193
168,3.440209323206436,2.2594995903306776,1.1807097328757585
169,3.461951029515883,2.3195810415965092,1.1423699879193738
170,3.4996413045580512,2.418551720550253,1.081089584007798
171,3.476912455072337,2.3838962233577274,1.0930162317146097
172,3.4645881151010136,2.2858226850387577,1.1787654300622559
173,3.489303592398267,2.38810707932419,1.1011965130740768
174,3.491248653637365,2.396733823683297,1.094514829954068
175,3.423691805904154,2.2499335783858667,1.1737582275182872
176,3.4616792007406016,2.3202427311737766,1.141436469566825
177,3.469001418545591,2.339321666501238,1.129679752044353
178,3.474625982347068,2.361743151587707,1.1128828307593612
179,3.381785144757085,2.175136072301451,1.206649072455634
180,3.4991330040384794,2.38160097704279,1.1175320269956894
181,3.5355919759861845,2.4091528490985694,1.126439126887615
182,3.507488646592013,2.42784213225823,1.079646514333783
183,3.533148149081305,2.4663155854923415,1.0668325635889633
184,3.478387533451647,2.393798084129004,1.084589449322643
185,3.483351082707744,2.394477271898054,1.08887381080969
186,3.3927212856970614,2.246781960866885,1.1459393248301764
187,3.4419041323119113,2.312187394741237,1.1297167375706745
188,3.5005032120097326,2.456372653006836,1.0441305590028964
189,3.4873333837469382,2.4179694594534844,1.0693639242934538
190,3.4646198452979373,2.340322716703352,1.1242971285945855
191,3.5127738429428135,2.4530945806706668,1.0596792622721467
192,3.465443627950563,2.404132382525456,1.0613112454251072
193,3.4944814433900775,2.36280228952565,1.1316791538644275
194,3.4761787373205144,2.3806202120582123,1.0955585252623021
195,3.445802094558304,2.384369255336262,1.061432839222042
196,3.5068285289858356,2.363519861297299,1.1433086676885367
197,3.5165873593678385,2.3825845452615537,1.1340028141062848
198,3.5160348429124655,2.4408927946976164,1.075142048214849
199,3.48664078524697,2.327286756276256,1.1593540289707143
200,3.5137398814199265,2.3799415455299187,1.133798335890008
201,3.4491173559105723,2.2551322370584534,1.1939851188521189
202,3.44350150143086,2.263817192182023,1.1796843092488367
203,3.5372658513924566,2.506346448678383,1.0309194027140736
204,3.4660979023031064,2.3255255398998056,1.1405723624033008
205,3.4594028360794926,2.2890725748332694,1.1703302612462232
206,3.4386988560194416,2.25105909582921,1.1876397601902315
207,3.424076062750836,2.2330667194541314,1.1910093432967046
208,3.45860785233928,2.276240722313167,1.1823671300261127
209,3.5167887007068903,2.399097876222122,1.1176908244847685
210,3.4201053453684622,2.2511083182720246,1.1689970270964376
211,3.4892831078141726,2.3840059180885316,1.105277189725641
212,3.489157157298099,2.3258941788098797,1.1632629784882194
213,3.4415421745681094,2.2573656036715857,1.1841765708965237
214,3.4674386166453033,2.360327329043471,1.1071112876018323
215,3.4805196761093367,2.3710257451975476,1.109493930911789
216,3.4927601515390903,2.392746181652137,1.100013969886953
217,3.4458006092305116,2.2687531409962447,1.1770474682342669
218,3.486747341015427,2.326749841522965,1.1599974994924618
219,3.3360054827372543,2.1402733037215005,1.1957321790157538
220,3.4593824004864264,2.3531284090795968,1.1062539914068297
221,3.4102128635352225,2.2811754840566794,1.129037379478543
222,3.360548108685485,2.1513414072796393,1.2092067014058459
223,3.425514639880606,2.2410987030806977,1.1844159367999083
224,3.4808292293013547,2.324130644289509,1.1566985850118456
225,3.4664462365463566,2.2857750126951366,1.18067122385122
226,3.495417776008648,2.3511918779597223,1.1442258980489255
227,3.3896674195285925,2.2306553555991995,1.159012063929393
228,3.457771230153781,2.343216191257319,1.1145550388964622
229,3.4481037529386436,2.3354835153732685,1.112620237565375
230,3.4873343884193124,2.343391764566091,1.1439426238532215
231,3.522591909601798,2.39112440385897,1.1314675057428283
232,3.415187965818866,2.341227784503854,1.0739601813150124
233,3.409003551225878,2.2201117961672154,1.1888917550586626
234,3.4647385052450868,2.362914942371658,1.1018235628734288
235,3.499395016483543,2.4145254981665065,1.0848695183170363
236,3.5258711184589586,2.3919332690009165,1.133937849458042
237,3.4714655040896365,2.325040967302261,1.1464245367873755
238,3.5013660561312747,2.3401283031396853,1.1612377529915894
239,3.4589227453492692,2.3196609733662683,1.139261771983001
240,3.428844416019824,2.284474426432576,1.1443699895872483
241,3.4479131939781116,2.292628381917514,1.1552848120605974
242,3.427352618143892,2.28323649561496,1.1441161225289322
243,3.4605489032214383,2.3213983768849524,1.1391505263364858
244,3.4868063896501966,2.3235332653182765,1.16327312433192
245,3.4896793661974663,2.334874192913167,1.1548051732842994
246,3.515167868227276,2.4550597542054806,1.0601081140217952
247,3.5201677822976825,2.405924208792212,1.1142435735054703
248,3.512638895464524,2.3882584541228993,1.1243804413416245
249,3.472106540259899,2.340072868740745,1.1320336715191543
250,3.510879738426451,2.375594227886367,1.135285510540084
251,3.5138676443524917,2.423307787423883,1.0905598569286088
252,3.526208355304489,2.4197821242486763,1.1064262310558126
253,3.4120989124486547,2.2716284084959533,1.1404705039527014
254,3.5072481723839593,2.3713984169284896,1.1358497554554696
255,3.483629257427674,2.3663251799776983,1.1173040774499756
256,3.500647826961564,2.3688459821827283,1.1318018447788356
257,3.383959961794462,2.1886715397455294,1.1952884220489324
258,3.426497837963243,2.2724655943023597,1.1540322436608834
259,3.4775816908927375,2.340461424838968,1.1371202660537696
260,3.4932911336548673,2.3804769187180406,1.1128142149368268
261,3.448880871936549,2.343171852240869,1.1057090196956803
262,3.45049560355461,2.324582716333003,1.1259128872216069
263,3.4437434154319133,2.2721189037101874,1.1716245117217259
264,3.447627201389421,2.315279348308413,1.1323478530810078
265,3.5327057064413854,2.376194662879933,1.1565110435614523
266,3.4553990359525235,2.300998029598731,1.1544010063537926
267,3.4671515319870396,2.2934079265083076,1.173743605478732
268,3.487025392347015,2.3667478750448803,1.1202775173021347
269,3.4549703185439062,2.285407766442732,1.169562552101174
270,3.529995956872031,2.5162637019027794,1.0137322549692516
271,3.404804527668564,2.219806591650856,1.1849979360177079
272,3.525197137114863,2.4344523857989584,1.0907447513159045
273,3.4936379203748733,2.3424439647122126,1.1511939556626607
274,3.512680115018291,2.376867805752908,1.1358123092653831
275,3.4974271413356015,2.33179145750198,1.1656356838336217
276,3.5086964998020536,2.3609231194084264,1.1477733803936272
277,3.4045483020959066,2.2723562706434257,1.132192031452481
278,3.5099379722948645,2.3913693955289563,1.1185685767659082
279,3.5364021654862423,2.4447797398067217,1.0916224256795206
280,3.5113818671066452,2.383564387024478,1.1278174800821672
281,3.4884512476758855,2.3805629289178087,1.1078883187580768
282,3.498225620575395,2.375985552408695,1.1222400681667004
283,3.383169295345771,2.210050913996706,1.1731183813490649
284,3.4663170780944976,2.330818859472889,1.1354982186216085
285,3.428815280694743,2.304889606927028,1.1239256737677152
286,3.511525581881166,2.421929490620605,1.0895960912605611
287,3.44430331233767,2.3038506139475103,1.1404526983901597
288,3.439611475638452,2.3064364444118524,1.1331750312265996
289,3.5178547691994346,2.4199406942113173,1.0979140749881173
290,3.5140338584005906,2.3743150864814275,1.139718771919163
291,3.510836463418393,2.44962055732929,1.0612159060891027
292,3.4701568056018353,2.356083537825413,1.1140732677764222
293,3.49580215555982,2.3682402727700276,1.1275618827897924
294,3.4856224371758673,2.3324924487060197,1.1531299884698476
295,3.5084575438197434,2.439975281241362,1.0684822625783812
296,3.4553858025423656,2.331920948947432,1.1234648535949336
297,3.4843958110235627,2.3498153469421403,1.1345804640814223
298,3.51305857665491,2.3824950505314964,1.1305635261234137
299,3.457657843110477,2.294355712933709,1.1633021301767683
300,3.4752147994542426,2.3732229881340743,1.1019918113201683
301,3.512846591854987,2.343913126788309,1.168933465066678
302,3.4675775174632038,2.41636131350678,1.051216203956424
303,3.4687687056579444,2.387708641853431,1.0810600638045136
304,3.4005034227072852,2.271986224296559,1.128517198410726
305,3.4125915250188883,2.2242434822300745,1.1883480427888138
306,3.4960066217357078,2.3637300313288665,1.1322765904068413
307,3.514602357834629,2.3670836881695583,1.1475186696650708
308,3.453274164422317,2.3504648933204266,1.1028092711018904
309,3.4468733016776296,2.2531358518344433,1.1937374498431863
310,3.4396407554039876,2.2922943860070912,1.1473463693968964
311,3.5102884223589523,2.405425083123904,1.1048633392350484
312,3.456172199907186,2.366925276237467,1.089246923669719
313,3.422662526713973,2.2406572703407797,1.1820052563731935
314,3.4598192744644565,2.3327600482394235,1.127059226225033
315,3.4447936195952202,2.3550113968444224,1.0897822227507978
316,3.4728573274402086,2.3409580756648816,1.131899251775327
317,3.5154694016711345,2.3987140918806347,1.1167553097904999
318,3.4056957380792614,2.2060597691486845,1.199635968930577
319,3.427194916430751,2.2762658109836003,1.1509291054471507
320,3.4116071806152135,2.3051708680615888,1.1064363125536247
321,3.5206838663257725,2.4471796452730357,1.0735042210527368
322,3.4679279071009583,2.3583600631253487,1.1095678439756096
323,3.488507839234665,2.4003654244211177,1.0881424148135475
324,3.4156524341104566,2.248313703231915,1.1673387308785417
325,3.514550915581179,2.39278362713472,1.1217672884464593
326,3.502335019425522,2.395073010366809,1.1072620090587129
327,3.4573984665341144,2.3213603282229913,1.136038138311123
328,3.5160208607036036,2.347465472726926,1.1685553879766775
329,3.4693307136898692,2.3418850900118837,1.1274456236779855
330,3.4667318248163195,2.352767673047443,1.1139641517688763
331,3.511930172896819,2.361494792813751,1.150435380083068
332,3.4917733710283247,2.3537713207726583,1.1380020502556665
333,3.417305148909794,2.3000875624538546,1.1172175864559395
334,3.452486844087065,2.3397097928017776,1.1127770512852875
335,3.4528637343153643,2.3314620749543793,1.121401659360985
336,3.429313494167197,2.2598990641736116,1.1694144299935854
337,3.470808584650483,2.3381818000481096,1.1326267846023734
338,3.4913796068828806,2.4290344019828005,1.06234520490008
339,3.5206092593953167,2.398121399673369,1.1224878597219479
340,3.5031357179431413,2.3551794648978315,1.1479562530453098
341,3.4508146019757495,2.357330745631144,1.0934838563446054
342,3.4305615101787863,2.2928602964769524,1.1377012137018339
343,3.4513593542269883,2.3580139468076426,1.0933454074193456
344,3.537920464857846,2.461426956299918,1.0764935085579284
345,3.5320951537369605,2.4014778172505733,1.1306173364863872
346,3.445142171041399,2.2506025219789936,1.1945396490624054
347,3.516340021161882,2.398968942661518,1.1173710785003639
348,3.529284460766984,2.4250081511476616,1.1042763096193227
349,3.5013444355851444,2.4663844212895385,1.034960014295606
350,3.418021508945064,2.318775127052428,1.0992463818926357
351,3.4663672464494804,2.323544696734556,1.1428225497149245
352,3.5217604871228545,2.4368120184897815,1.084948468633073
353,3.435720113734196,2.2550199731201204,1.1807001406140758
354,3.4674017651582476,2.284316565984482,1.1830851991737656
355,3.456637478288847,2.371553511124505,1.085083967164342
356,3.482544331677319,2.3617766657686268,1.120767665908692
357,3.44193749428049,2.3181020966912924,1.1238353975891977
358,3.494652199287787,2.3437985333820652,1.1508536659057218
359,3.4946238494158806,2.392468437731442,1.1021554116844388
360,3.5057888413616736,2.3497807428082025,1.156008098553471
361,3.5111393823858528,2.379891486819597,1.131247895566256
362,3.4970022707280917,2.364013587445302,1.1329886832827896
363,3.46579327121105,2.3233982758092417,1.1423949954018084
364,3.459238974278926,2.2622767493287395,1.1969622249501866
365,3.380089595932976,2.2186279686641464,1.1614616272688298
366,3.4739296100119623,2.3664463310931425,1.1074832789188198
367,3.4655448664885573,2.318681429313724,1.1468634371748334
368,3.5010882036281137,2.4020037585378455,1.0990844450902681
369,3.4315188050280208,2.2303894974871277,1.201129307540893
370,3.511833662275798,2.439357645570569,1.0724760167052287
371,3.3553305400840476,2.1901286533725823,1.1652018867114653
372,3.469979932524284,2.3231989288672272,1.1467810036570567
373,3.5310922927953485,2.449431815186976,1.0816604776083727
374,3.5441725538809408,2.4976973200431902,1.0464752338377505
375,3.4812458875888166,2.3213363728129797,1.159909514775837
376,3.4006187244287838,2.2491522384579743,1.1514664859708095
377,3.5090304872763043,2.4201725714034765,1.0888579158728278
378,3.5084892766526132,2.38445472398669,1.1240345526659232
379,3.409060179893757,2.229971930480144,1.179088249413613
380,3.538832335843846,2.440045432503305,1.0987869033405406
381,3.4100379620182943,2.249543165013102,1.1604947970051924
382,3.531457297541633,2.495505818632409,1.0359514789092241
383,3.5046312850386685,2.43233957077282,1.0722917142658486
384,3.433485357254238,2.2539768651180756,1.1795084921361623
385,3.4611045344335727,2.328569681517471,1.132534852916102
386,3.4693323220974075,2.2996995576479797,1.1696327644494278
387,3.4607618365208896,2.322816766338283,1.1379450701826066
388,3.4788206741537553,2.3450151993759354,1.13380547477782
389,3.476528137691323,2.405701810208027,1.0708263274832959
390,3.523100296629318,2.4074854432378947,1.1156148533914232
391,3.4371548461623087,2.292548122042485,1.1446067241198237
392,3.455636397607426,2.2745759578112583,1.1810604397961675
393,3.4396435120963558,2.295683491628172,1.143960020468184
394,3.520860894519967,2.383147568501273,1.137713326018694
395,3.5239681327535624,2.418368531954185,1.1055996007993771
396,3.502566609518722,2.393270715118274,1.1092958944004478
397,3.5384355541957713,2.488891948369359,1.0495436058264125
398,3.3858598016891657,2.1900724262880797,1.195787375401086
399,3.406553763853628,2.265158705623956,1.141395058229672
400,3.4779954090925376,2.349386215402997,1.1286091936895404
401,3.462975771280999,2.345928139395149,1.1170476318858502
402,3.477384682217085,2.381225461726095,1.09615922049099
403,3.3720191788856217,2.2206973962762797,1.151321782609342
404,3.4702442202388775,2.3335936558309744,1.136650564407903
405,3.494566672401844,2.3377982284075975,1.1567684439942463
406,3.437859787007954,2.2702193917661977,1.1676403952417562
407,3.4500248754065397,2.307705469627951,1.1423194057785886
408,3.440371988205125,2.303567245725287,1.1368047424798382
409,3.5270681322777553,2.4148860552195477,1.1121820770582076
410,3.466916662190173,2.326650979148108,1.140265683042065
411,3.5144536722686897,2.4313527682750893,1.0831009039936004
412,3.4398481396207794,2.293116121354897,1.1467320182658822
413,3.5000958801492414,2.347075500346197,1.1530203798030443
414,3.4486979639523683,2.2591101378669762,1.189587826085392
415,3.3831775794186596,2.261146225422357,1.1220313539963027
416,3.4345845896558034,2.375615573388953,1.0589690162668504
417,3.4957097074850476,2.4535992627789716,1.042110444706076
418,3.5103053093360224,2.3597052645786705,1.150600044757352
419,3.543871670088756,2.5249836066761344,1.0188880634126214
420,3.5232527738582498,2.4099661367342238,1.113286637124026
421,3.5258282582567135,2.400484672352421,1.1253435859042926
422,3.440027247262847,2.2626694653857924,1.1773577818770544
423,3.4164246759375954,2.230526747307945,1.1858979286296503
424,3.40863522710216,2.321002569888435,1.087632657213725
425,3.425479455059179,2.2462878323400575,1.1791916227191215
426,3.4655940792846383,2.33854803218957,1.1270460470950683
427,3.452807424252302,2.35555484831721,1.0972525759350922
428,3.4702190313311103,2.3736026941416415,1.0966163371894688
429,3.4991200818644637,2.3854684618684225,1.1136516199960411
430,3.4707657541711687,2.3898015395888357,1.080964214582333
431,3.444809889357569,2.303948522341677,1.140861367015892
432,3.4814177738379493,2.3749525719756686,1.1064652018622807
433,3.5143263914676646,2.468762618713606,1.0455637727540585
434,3.4559368423068997,2.327079993292626,1.1288568490142739
435,3.4384562549034414,2.2253504742416585,1.2131057806617829
436,3.4341207609827786,2.275731082332664,1.1583896786501144
437,3.473727939426693,2.3517040198945223,1.1220239195321708
438,3.491541424568095,2.327778966671974,1.1637624578961212
439,3.510670505662911,2.384673622506804,1.1259968831561067
440,3.430291060802062,2.273029255751356,1.1572618050507062
441,3.423786841243143,2.226454337736797,1.1973325035063458
442,3.447149805330914,2.302810493276583,1.1443393120543308
443,3.452328913401574,2.2876035865574966,1.1647253268440774
444,3.4304877737399453,2.2757162711855736,1.1547715025543717
445,3.504712366540863,2.420915231065916,1.083797135474947
446,3.457367989510404,2.372255611593709,1.085112377916695
447,3.4783115449237334,2.3674715560615485,1.110839988862185
448,3.5289036541161365,2.405762335860677,1.1231413182554597
449,3.5163515840446076,2.409811560353959,1.1065400236906484
450,3.460158139027738,2.2904538167169064,1.1697043223108317
451,3.5083178929109797,2.4031473015363742,1.1051705913746055
452,3.5047058420084807,2.4263568725908473,1.0783489694176334
453,3.4600880608481535,2.323029029275883,1.1370590315722704
454,3.461890191797367,2.3267437075207296,1.1351464842766372
455,3.442716847340586,2.2492342119825968,1.1934826353579893
456,3.385732491208578,2.199711773939312,1.1860207172692663
457,3.4368136257100503,2.277049027159273,1.1597645985507774
458,3.4566579668196384,2.3553976899799904,1.101260276839648
459,3.509975728035249,2.4345265636421445,1.0754491643931043
460,3.4866614635938777,2.351353547444496,1.1353079161493818
461,3.4687010047290436,2.304740042681984,1.1639609620470597
462,3.4191722241914766,2.254658713886675,1.1645135103048014
463,3.4433108006420077,2.30147090189188,1.1418398987501277
464,3.472060732434266,2.300826477818378,1.171234254615888
465,3.517251895414106,2.4068043585622867,1.1104475368518192
466,3.459535869743398,2.3263930965786876,1.1331427731647103
467,3.4957540147483903,2.3095105740849258,1.1862434406634645
468,3.4833135919091536,2.315454631613544,1.1678589602956095
469,3.5142607437355045,2.426556058462574,1.0877046852729304
470,3.4970850907684,2.337838031625474,1.1592470591429263
471,3.485541362701715,2.325293046658405,1.16024831604331
472,3.5378285755576813,2.4255058172082453,1.112322758349436
473,3.5279963902575333,2.4649641925024617,1.0630321977550716
474,3.4506525680940165,2.342303355947912,1.1083492121461047
475,3.440943794503474,2.2395676889444562,1.2013761055590177
476,3.4224579675515256,2.2630110630396842,1.1594469045118414
477,3.4830855773984353,2.2922535615481845,1.1908320158502508
478,3.41142584279092,2.2609320812652562,1.1504937615256638
479,3.491937455758707,2.379261964097261,1.1126754916614456
480,3.475171727607767,2.3770143532517825,1.0981573743559845
481,3.5415754928484793,2.5089321714465744,1.0326433214019048
482,3.476156506847482,2.371767989771564,1.1043885170759178
483,3.422514224108295,2.2973649271434575,1.1251492969648376
484,3.4422682229027455,2.2866127880164724,1.155655434886273
485,3.3864103623321755,2.2264063092872437,1.1600040530449318
486,3.3910399105197606,2.235180333314884,1.1558595772048768
487,3.4699087173299055,2.295140740889313,1.1747679764405925
488,3.397582822049646,2.250927648791185,1.146655173258461
489,3.517989076382702,2.426997055688794,1.0909920206939079
490,3.5307273720356047,2.4336287434217203,1.0970986286138844
491,3.436657297039469,2.291260914099577,1.1453963829398917
492,3.5067685730543485,2.3709592220098146,1.135809351044534
493,3.502733850889649,2.363240818803362,1.1394930320862873
494,3.493884171660102,2.4022317288005404,1.0916524428595618
495,3.47733271510541,2.302665906863447,1.174666808241963
496,3.468616940463328,2.318129194659278,1.15048774580405
497,3.4630802451069798,2.3645079622120257,1.098572282894954
498,3.4870186052037266,2.374573525945752,1.1124450792579745
499,3.515348762710977,2.373515943462143,1.141832819248834
500,3.437941734922296,2.2791182503019103,1.1588234846203855
501,3.4789428394998225,2.3257012867775884,1.1532415527222342
502,3.4883261912499206,2.355586968896893,1.1327392223530275
503,3.5099012332738257,2.3523456875098296,1.157555545763996
504,3.4479117037514704,2.2817541296858663,1.166157574065604
505,3.4913121783245478,2.373966059475825,1.1173461188487228
506,3.448591670930691,2.2869973384907354,1.1615943324399556
507,3.477380993896887,2.3528016636445126,1.1245793302523746
508,3.465886395441938,2.3111355826214743,1.1547508128204638
509,3.496940934251226,2.342545917867159,1.154395016384067
510,3.488481477728402,2.3566250719864117,1.1318564057419902
511,3.525637104884473,2.424937984313919,1.1006991205705536
512,3.413658590481884,2.223754921601717,1.189903668880167
513,3.46406169533456,2.355003025269489,1.109058670065071
514,3.4973397693929265,2.3427233078108474,1.154616461582079
515,3.43004698984191,2.2763062945325894,1.1537406953093208
516,3.4882170888221897,2.340983676804986,1.1472334120172039
517,3.534165152813043,2.439992278408802,1.094172874404241
518,3.4726179690860746,2.373602412801586,1.0990155562844888
519,3.447613327677218,2.351421873233327,1.0961914544438907
520,3.4714886206249034,2.3568836104377433,1.11460501018716
521,3.5205525555350934,2.4155274960173827,1.1050250595177107
522,3.5227353231331655,2.376190216474213,1.1465451066589525
523,3.4274757495346284,2.219264134741233,1.2082116147933952
524,3.527928714769816,2.451826536921572,1.0761021778482438
525,3.4132051013468896,2.251409589915305,1.1617955114315848
526,3.402111840722576,2.2378100202418127,1.1643018204807634
527,3.498105234392123,2.365373291327918,1.1327319430642047
528,3.471600356170453,2.3335467563700427,1.1380535998004104
529,3.4497064742881265,2.3004308802074296,1.149275594080697
530,3.5258546164910425,2.486538489146117,1.0393161273449256
531,3.4751644208162396,2.3171654240538304,1.1579989967624091
532,3.469862075450047,2.3014300314810807,1.1684320439689664
533,3.4995862913313194,2.3696598972343037,1.1299263940970157
534,3.441070066213954,2.264439871022706,1.1766301951912483
535,3.4847706428001173,2.3531760324295323,1.131594610370585
536,3.48210164187117,2.334276010173784,1.147825631697386
537,3.4452883936349705,2.2707340079853906,1.17455438564958
538,3.471086010548291,2.3470171749662656,1.1240688355820252
539,3.3969098965174465,2.237514357247793,1.1593955392696533
540,3.4834205023555316,2.4122745699010517,1.0711459324544799
541,3.440127308485359,2.2698548616694922,1.1702724468158667
542,3.4516856626895813,2.3435318332816895,1.1081538294078919
543,3.4170771166813574,2.2359861860920387,1.1810909305893187
544,3.4966154399669653,2.4050603352481854,1.09155510471878
545,3.4982177768252285,2.4140757857750264,1.0841419910502021
546,3.444033087613355,2.3162707209973226,1.1277623666160324
547,3.4831782926530703,2.342342041612136,1.1408362510409344
548,3.4293844526837507,2.320854163163486,1.1085302895202647
549,3.4890565875435775,2.323637548863175,1.1654190386804024
550,3.4425958228000226,2.2803644337023687,1.1622313890976539
551,3.4581812661114033,2.33557086047842,1.122610405632983
552,3.40967488984046,2.2135287448534715,1.1961461449869883
553,3.4457897793297447,2.3379967593205198,1.107793020009225
554,3.5316538831021007,2.462724668425757,1.0689292146763436
555,3.5211300202189055,2.3842095219905493,1.1369204982283563
556,3.436625134182437,2.3198326289454703,1.1167925052369667
557,3.4419498216105566,2.284090777161359,1.1578590444491974
558,3.4584374610644826,2.2718986686178515,1.186538792446631
559,3.4371048130292543,2.2654882549428184,1.171616558086436
560,3.464009380753748,2.309023680614823,1.154985700138925
561,3.4157426066098227,2.3111156135557493,1.1046269930540733
562,3.5029073557725208,2.377446742541268,1.1254606132312528
563,3.532905182205278,2.445120219626264,1.087784962579014
564,3.5130752345246092,2.371854512245229,1.1412207222793804
565,3.5059031107954106,2.414944400250297,1.0909587105451135
566,3.4638757489843384,2.341651939855105,1.1222238091292334
567,3.516847547224612,2.396954614320072,1.11989293290454
568,3.524343950577773,2.42193765970529,1.1024062908724828
569,3.5290701899126744,2.4365415374821433,1.092528652430531
570,3.4380959060850835,2.3321030162331673,1.1059928898519162
571,3.4061391543944497,2.3013857730088527,1.104753381385597
572,3.4773884793493273,2.3363379148930004,1.141050564456327
573,3.464747006377176,2.3164310484630084,1.1483159579141677
574,3.3623105035297383,2.186601477434004,1.1757090260957344
575,3.478752805223056,2.338193685669581,1.1405591195534748
576,3.4652970581906257,2.2823129296965954,1.1829841284940303
577,3.4599621556779208,2.340297057352848,1.1196650983250729
578,3.4395210004994623,2.312405047340733,1.1271159531587291
579,3.388133717980806,2.2103073616134927,1.1778263563673135
580,3.500034685546219,2.3799969848981095,1.1200377006481097
581,3.4109088400319916,2.271231115982142,1.1396777240498497
582,3.5178636468575544,2.4680261445382166,1.0498375023193378
583,3.456533878436281,2.2892355729703433,1.1672983054659376
584,3.4787972393746007,2.3190012775757056,1.159795961798895
585,3.4885349666846364,2.403565505858962,1.0849694608256746
586,3.43081736777822,2.264296821552549,1.1665205462256711
587,3.5264978712081176,2.4062932256961242,1.1202046455119934
588,3.4521369407183373,2.301393644887323,1.1507432958310142
589,3.47499485832806,2.3936581358627493,1.0813367224653105
590,3.4556497968609827,2.2931061532001813,1.1625436436608014
591,3.4489908693331373,2.2760239146916885,1.1729669546414487
592,3.5250160626057148,2.48286815069373,1.042147911911985
593,3.532614429227391,2.5146950595744926,1.0179193696528985
594,3.468401273449214,2.355403341980853,1.1129979314683611
595,3.451780819423419,2.3134936042670837,1.1382872151563355
596,3.3845111173505695,2.2386881425290444,1.1458229748215252
597,3.504357197687452,2.3917585413968427,1.1125986562906092
598,3.5067674141381717,2.3725871908554477,1.134180223282724
599,3.46794097499381,2.322414107555473,1.145526867438337
600,3.4289261763058825,2.251358911503745,1.1775672648021374
601,3.5088824722281893,2.4288469673884516,1.0800355048397376
602,3.4988506393967134,2.407038391936865,1.0918122474598482
603,3.498378952811476,2.374568996080173,1.1238099567313031
604,3.4686969796508755,2.3884373904258234,1.0802595892250522
605,3.5168838613317606,2.349477206764318,1.1674066545674426
606,3.517076420055121,2.438762969425757,1.0783134506293641
607,3.4952225065222704,2.355462644497161,1.1397598620251093
608,3.4878659258603437,2.3732314056945425,1.1146345201658012
609,3.469379898927607,2.372025174692347,1.09735472423526
610,3.4342103390479077,2.2983448865281964,1.1358654525197114
611,3.510735590943447,2.395007330809006,1.115728260134441
612,3.515012047804577,2.3400139965540077,1.1749980512505696
613,3.509903933579799,2.4044364699462255,1.1054674636335733
614,3.452046154905372,2.319855650239364,1.1321905046660077
615,3.4760296283350165,2.365912250595958,1.1101173777390585
616,3.447161622149125,2.2613263839483144,1.1858352382008106
617,3.463253487424723,2.344733134788827,1.1185203526358962
618,3.499617125328065,2.386966346789161,1.112650778538904
619,3.481114255913036,2.293064532607531,1.1880497233055047
620,3.454892628709155,2.3141973106008846,1.1406953181082704
621,3.4022209576894302,2.2320104268055885,1.1702105308838417
622,3.457791050328898,2.2981613262805545,1.1596297240483437
623,3.518403708628204,2.463081483151586,1.0553222254766177
624,3.394957437713003,2.2190040986226243,1.1759533390903787
625,3.473577947319942,2.3208530494478907,1.1527248978720515
626,3.4798171424470437,2.295791774930404,1.1840253675166394
627,3.46356080081875,2.308395705908127,1.1551650949106231
628,3.461626427016726,2.2951464821310745,1.1664799448856513
629,3.471285059196354,2.3634396633902814,1.1078453958060726
630,3.390195892497016,2.232835121023781,1.1573607714732352
631,3.4514789400424415,2.2801492238443637,1.1713297161980778
632,3.483968503737383,2.313071252376353,1.1708972513610298
633,3.4823513945813995,2.3534442715448156,1.128907123036584
634,3.5101879177744646,2.373100339907951,1.1370875778665135
635,3.359008396252418,2.177494786528061,1.181513609724357
636,3.4851321981309447,2.3361305444580434,1.1490016536729013
637,3.466899896437552,2.3277763085448635,1.1391235878926884
638,3.4822807237021944,2.357404685670341,1.1248760380318537
639,3.5243290848026465,2.4943300101821455,1.029999074620501
640,3.4895802858400877,2.396989665084476,1.0925906207556118
641,3.4046142060907765,2.262788907411575,1.1418252986792017
642,3.389504143519572,2.2261226994908454,1.1633814440287265
643,3.4479523946463635,2.322642285045451,1.1253101096009126
644,3.4794149329374786,2.3432047731165038,1.1362101598209748
645,3.4254732095970337,2.305156075261192,1.1203171343358416
646,3.5076190874023556,2.37010405332446,1.1375150340778957
647,3.5321488275754946,2.450086377065571,1.0820624505099237
648,3.498621903089079,2.408938290560263,1.089683612528816
649,3.4781535153560803,2.355699584650952,1.1224539307051282
650,3.4932008741025893,2.3736027673056457,1.1195981067969436
651,3.4843631998621567,2.3155395017142286,1.168823698147928
652,3.514012904849025,2.4438186524910943,1.0701942523579309
653,3.5129038103821286,2.423707049741837,1.0891967606402915
654,3.457392532474568,2.2896714060744956,1.1677211264000724
655,3.497793809775513,2.3654929650622436,1.1323008447132694
656,3.44112526618089,2.3237997507742603,1.11732551540663
657,3.5232289805085486,2.416330843391654,1.1068981371168944
658,3.4797423088098043,2.3520766195705143,1.12766568923929
659,3.475350812558241,2.367311993964384,1.1080388185938568
660,3.5014437897572677,2.3860314270337586,1.115412362723509
661,3.4468743839869624,2.263705803413738,1.1831685805732244
662,3.5086801487757238,2.408458820090094,1.1002213286856297
663,3.4999860899865474,2.334368362942581,1.1656177270439665
664,3.4902793085127444,2.3290900296706947,1.1611892788420497
665,3.5262764009975416,2.4158404021831927,1.1104359988143488
666,3.5132380344185004,2.4116908827060817,1.1015471517124187
667,3.4800391961339585,2.3321218974351625,1.147917298698796
668,3.465160894032162,2.309053487083501,1.156107406948661
669,3.5302716424971403,2.370667315263607,1.1596043272335335
670,3.4773385667756163,2.302064331617282,1.175274235158334
671,3.483849818691429,2.364335932236302,1.119513886455127
672,3.4445826050592965,2.2832872566639506,1.1612953483953459
673,3.380009996425189,2.2687661628250697,1.1112438336001191
674,3.4719730116262584,2.302211517570138,1.1697614940561203
675,3.459609264313413,2.3020019369360667,1.1576073273773462
676,3.5226397952465525,2.4978671375348216,1.0247726577117309
677,3.482408388629139,2.312587495467848,1.1698208931612912
678,3.4641589470470513,2.3215617030021547,1.1425972440448966
679,3.5046650680529936,2.3797732311621576,1.124891836890836
680,3.488471155940804,2.4193548918301064,1.0691162641106975
681,3.482968516764126,2.441275763871514,1.041692752892612
682,3.5151759001160383,2.369409879209671,1.1457660209063674
683,3.5082841310237156,2.3736845741347836,1.134599556888932
684,3.533813912869135,2.4295246697376056,1.1042892431315292
685,3.5350490352568613,2.453940218420558,1.0811088168363034
686,3.4385187845805527,2.2708732762569714,1.1676455083235813
687,3.476999941170754,2.3474862337341005,1.1295137074366535
688,3.4484711451590413,2.3117193756663466,1.1367517694926947
689,3.463213306590426,2.3670096858100442,1.0962036207803818
690,3.4147909542011963,2.249594461020056,1.1651964931811403
691,3.480325361994059,2.3707800117441757,1.109545350249883
692,3.5158258285741835,2.451276180475651,1.0645496480985326
693,3.5313947211573384,2.424071010844366,1.1073237103129725
694,3.377037316014546,2.2073422787755606,1.1696950372389856
695,3.4697071035461815,2.2951616443168876,1.1745454592292939
696,3.3970853466968443,2.192610694144949,1.2044746525518955
697,3.487063601184235,2.344924034215462,1.142139566968773
698,3.5268484858701665,2.5330669307749782,0.9937815550951883
699,3.4889418614817775,2.386126505737352,1.1028153557444256
700,3.4632780293398198,2.376995175432105,1.086282853907715
701,3.542121372902091,2.511965126947751,1.0301562459543399
702,3.454556287695403,2.2922916907640163,1.1622645969313865
703,3.4022430267213095,2.2896478767772503,1.1125951499440592
704,3.4630727852868013,2.299784732256562,1.1632880530302394
705,3.458920027632749,2.359965955069712,1.098954072563037
706,3.4406530220473694,2.331263997075283,1.1093890249720864
707,3.480426566128523,2.328048211464727,1.1523783546637962
708,3.5034238606175676,2.368894901146794,1.1345289594707735
709,3.453770910121226,2.2813155357162764,1.1724553744049495
710,3.4769677783021335,2.340575013918253,1.1363927643838805
711,3.4830539501276143,2.4412598904221943,1.04179405970542
712,3.402448995397856,2.2377493020354406,1.1646996933624152
713,3.505335053509426,2.373438534898304,1.1318965186111218
714,3.409167677427407,2.2636807223857067,1.1454869550417004
715,3.4574797412280636,2.3859837186948196,1.071496022533244
716,3.5023237938026752,2.4011027644724465,1.1012210293302287
717,3.45821713166733,2.3623266090945463,1.0958905225727835
718,3.431711135023147,2.229112961582795,1.202598173440352
719,3.389951296161135,2.2370087468926534,1.1529425492684817
720,3.4704047430617195,2.3457177581986146,1.124686984863105
721,3.474290731389744,2.330021416542484,1.1442693148472602
722,3.505881664911005,2.413487740144012,1.0923939247669932
723,3.443096478176483,2.315085646947932,1.128010831228551
724,3.521772651511215,2.4665728082180105,1.0551998432932046
725,3.450020671443459,2.328093878029209,1.12192679341425
726,3.4312355965812684,2.3019880797593437,1.1292475168219247
727,3.47025774850085,2.3584380435270504,1.1118197049737994
728,3.43629056164453,2.3073626868759134,1.1289278747686167
729,3.47266059864126,2.367134844540622,1.105525754100638
730,3.4781370315950317,2.3440841413631976,1.134052890231834
731,3.447859173223006,2.318818001701871,1.129041171521135
732,3.43664781925705,2.355213304129385,1.0814345151276652
733,3.4997302632536966,2.4648297126254755,1.0349005506282212
734,3.51889772624323,2.3702287665414965,1.1486689597017334
735,3.526155352504731,2.4579256743111895,1.0682296781935414
736,3.402379622396872,2.247687853998457,1.1546917683984153
737,3.423302028439574,2.241218181887552,1.1820838465520218
738,3.4821959214492204,2.316782731966194,1.1654131894830262
739,3.466685381257709,2.3096967000897894,1.1569886811679195
740,3.488402513667774,2.3587446365871454,1.1296578770806285
741,3.4801991915178188,2.3759738326110567,1.104225358906762
742,3.471746547817242,2.3429108647112313,1.1288356831060105
743,3.4325530210019823,2.2620341787191887,1.1705188422827937
744,3.4530919882542914,2.330856219021198,1.1222357692330935
745,3.463775522173592,2.349186123310416,1.1145893988631759
746,3.405408510577534,2.2853740859562355,1.1200344246212985
747,3.498035093829658,2.391422439029772,1.106612654799886
748,3.416972184989006,2.274067805196947,1.1429043797920588
749,3.5214728034016933,2.4401008399958024,1.081371963405891
750,3.430250127920929,2.2745566768945435,1.1556934510263854
751,3.5308283458692764,2.42445767475567,1.1063706711136065
752,3.4719149654675725,2.3355343903559054,1.1363805751116671
753,3.4592357610567506,2.386032757964954,1.0732030030917965
754,3.3936305577024757,2.200649035634756,1.1929815220677198
755,3.52453406444705,2.427191567934567,1.097342496512483
756,3.522499893586499,2.4093544459456395,1.1131454476408593
757,3.4886575033326315,2.299764886494302,1.1888926168383294
758,3.493572213703396,2.3719355875780703,1.1216366261253259
759,3.441049686723002,2.283332418669436,1.157717268053566
760,3.4574375172548226,2.3366084137385106,1.120829103516312
761,3.5015086904678765,2.341786565630828,1.1597221248370486
762,3.3827021828330825,2.199019961379328,1.1836822214537546
763,3.4115548139836482,2.273524949398375,1.138029864585273
764,3.4212229841474344,2.3107050430699463,1.1105179410774881
765,3.5171491937910067,2.3799699636699247,1.137179230121082
766,3.5174623634569233,2.508110271264716,1.0093520921922075
767,3.51477613624735,2.3667136097539987,1.1480625264933515
768,3.4576971004078962,2.295583989980957,1.1621131104269393
769,3.4082523225538517,2.2315669914030956,1.1766853311507561
770,3.4155558756475153,2.2722145183544207,1.1433413572930946
771,3.498797701582622,2.346954923603849,1.1518427779787728
772,3.4996959369164644,2.4464989642256745,1.05319697269079
773,3.5132496092054386,2.4041136635032445,1.109135945702194
774,3.4748627311155023,2.321050542004436,1.1538121891110662
775,3.5174130161887542,2.3893701145546116,1.1280429016341427
776,3.418193993905906,2.2214117206968162,1.1967822732090898
777,3.477232287190657,2.360150197564923,1.1170820896257339
778,3.4130296362187043,2.3060272338923817,1.1070024023263225
779,3.442861412404942,2.2532535157075158,1.1896078966974262
780,3.5227530904279325,2.3951928235693165,1.127560266858616
781,3.3907693153480545,2.254643974200409,1.1361253411476455
782,3.4752330446824686,2.313584398359131,1.1616486463233375
783,3.502390631143758,2.4024122658105926,1.0999783653331652
784,3.4335532610834094,2.267621777854886,1.1659314832285235
785,3.437813325405605,2.2698457687191764,1.1679675566864285
786,3.467966179943059,2.295895346694816,1.1720708332482426
787,3.5092332034426756,2.3889174600981313,1.1203157433445443
788,3.501226166836132,2.4315901628396484,1.0696360039964836
789,3.4643852194688716,2.3025055897174096,1.161879629751462
790,3.432908876483247,2.291128539063681,1.1417803374195663
791,3.450160848691575,2.3137434395015983,1.1364174091899768
792,3.389047075825639,2.207895475210356,1.1811516006152827
793,3.4385962213425363,2.264379583693694,1.174216637648842
794,3.456664757941747,2.2991925746663324,1.1574721832754147
795,3.5054361807824024,2.367343869436743,1.1380923113456594
796,3.499490807112107,2.3735912224255156,1.1258995846865916
797,3.468104729107593,2.3344137907462654,1.1336909383613274
798,3.4874545376002257,2.3095167010092204,1.1779378365910054
799,3.4739378760815156,2.3730067174043032,1.1009311586772124
800,3.4849934265577,2.370331131479975,1.114662295077725
801,3.5061502752670517,2.4275929385984405,1.0785573366686112
802,3.45491531714994,2.3740185370566516,1.0808967800932883
803,3.5131920893496873,2.3816632312044974,1.1315288581451899
804,3.4004499305284344,2.2418164534269254,1.158633477101509
805,3.471812883841945,2.3524027330801416,1.1194101507618033
806,3.47640008599613,2.3316176605477423,1.1447824254483878
807,3.4778744758762614,2.3565220963854205,1.1213523794908409
808,3.485025997351801,2.3169514357667595,1.1680745615850414
809,3.4746199918708376,2.522906691799487,0.9517133000713507
810,3.3677632204531314,2.16348723074314,1.2042759897099913
811,3.513490797049012,2.4009439742365406,1.1125468228124715
812,3.4792698983284462,2.329170756686217,1.150099141642229
813,3.5183178547553324,2.4121197490621684,1.106198105693164
814,3.4904629342178874,2.3764143675158462,1.1140485667020412
815,3.498618698345625,2.4049524825250503,1.0936662158205745
816,3.4603587207479336,2.325425023903454,1.1349336968444796
817,3.439078443126573,2.267941544904485,1.171136898222088
818,3.5071687474901907,2.341382858576564,1.1657858889136268
819,3.470512332800467,2.3921755935605167,1.0783367392399503
820,3.4932350155793963,2.367303429773851,1.1259315858055454
821,3.443434220371036,2.3309637307880258,1.1124704895830102
822,3.466417570888587,2.3414257504139027,1.1249918204746843
823,3.4927673706392675,2.3501252770659216,1.142642093573346
824,3.491198415860942,2.34645523864797,1.144743177212972
825,3.476974700348115,2.3432016474793973,1.1337730528687175
826,3.4961645883082073,2.443342785204323,1.0528218031038845
827,3.416004654294615,2.24319110628806,1.172813548006555
828,3.5000200424969106,2.339980013117843,1.1600400293790676
829,3.463442071807392,2.32305112913953,1.140390942667862
830,3.3667327782674765,2.1911074514480275,1.175625326819449
831,3.4608061876233176,2.299853152644249,1.1609530349790687
832,3.4948162171883155,2.3467141868923984,1.148102030295917
833,3.5056177823633643,2.3671605073957194,1.138457274967645
834,3.540550412818794,2.5079900113932343,1.0325604014255596
835,3.53320475615164,2.4451321761604614,1.0880725799911786
836,3.425745886434175,2.2762168175194435,1.1495290689147315
837,3.477530694088774,2.340626928599324,1.1369037654894498
838,3.4684900427045875,2.33944197067488,1.1290480720297076
839,3.4824240685479384,2.373944699040815,1.1084793695071236
840,3.4729431524880483,2.299347807585434,1.1735953449026142
841,3.34565478577146,2.146872382917332,1.1987824028541278
842,3.513392335107038,2.3627177969597954,1.1506745381472427
843,3.3917493253525812,2.1994580694343746,1.1922912559182066
844,3.4810452947561528,2.3424404916036075,1.1386048031525453
845,3.4080008123026935,2.238454910550753,1.1695459017519405
846,3.491165640853756,2.3979534309429993,1.0932122099107566
847,3.469587185771914,2.3474329732298242,1.1221542125420898
848,3.4976098566199516,2.414039185030996,1.0835706715889555
849,3.467345192519433,2.356669783130724,1.1106754093887092
850,3.5156742630796844,2.421521971201175,1.0941522918785096
851,3.418081941414034,2.311691815104836,1.1063901263091984
852,3.4670899745613317,2.3209327374012716,1.1461572371600601
853,3.4509310285080135,2.318594070291163,1.1323369582168503
854,3.4431684347280833,2.265054833128873,1.1781136015992102
855,3.4548198778867296,2.2960640038792377,1.158755874007492
856,3.4618348789260356,2.3264892436917846,1.135345635234251
857,3.4287631834613888,2.2621251403127816,1.1666380431486072
858,3.473262070110416,2.3334089697000757,1.1398531004103405
859,3.507261655224344,2.3454723489876064,1.1617893062367375
860,3.4673675824552976,2.3125497882932895,1.1548177941620081
861,3.4901068303529295,2.4093962764658223,1.0807105538871071
862,3.5045046799086124,2.4638151930780614,1.040689486830551
863,3.4901410203917282,2.3785398795431436,1.1116011408485846
864,3.523949219271819,2.4151588442390257,1.1087903750327932
865,3.4693854977627296,2.3213183895483303,1.1480671082143994
866,3.478523803736985,2.302819637281258,1.175704166455727
867,3.5063055060399875,2.3628164508848064,1.143489055155181
868,3.49332141176839,2.4059943133692747,1.0873270983991152
869,3.487973871204299,2.3395014966386407,1.1484723745656584
870,3.5379693906698892,2.4886913750779946,1.0492780155918946
871,3.401630742075656,2.246912099914014,1.154718642161642
872,3.4650332387718104,2.3317352344466573,1.133298004325153
873,3.437702546959184,2.312006125643736,1.125696421315448
874,3.4549442316086756,2.2899372789307035,1.165006952677972
875,3.4350444054893696,2.276012538419584,1.1590318670697854
876,3.567312903677133,2.532534367390725,1.034778536286408
877,3.35520729898234,2.20865783053161,1.14654946845073
878,3.510092756034212,2.4061709458642175,1.1039218101699944
879,3.442456293706242,2.316733935076857,1.125722358629385
880,3.479272151192393,2.382305090435129,1.0969670607572644
881,3.433628791520588,2.335118727917993,1.0985100636025948
882,3.492974068581259,2.4210376680810155,1.0719364005002436
883,3.4279201198038862,2.271861146396104,1.1560589734077822
884,3.4882488763663737,2.329626939832732,1.1586219365336419
885,3.475195171065795,2.333559930467644,1.1416352405981511
886,3.4441916464726066,2.2967690802768073,1.1474225661957993
887,3.4472773412092046,2.2790966712212186,1.168180669987986
888,3.47030201026858,2.349048637846286,1.1212533724222942
889,3.4763753031245748,2.413324293496101,1.0630510096284738
890,3.3961768074166354,2.2636658414048694,1.132510966011766
891,3.502951439184131,2.4078101925832045,1.0951412466009267
892,3.5168279434386926,2.3992126591460394,1.1176152842926532
893,3.5002695932144703,2.39056666550192,1.1097029277125503
894,3.3950308868555794,2.224483094163852,1.1705477926917274
895,3.5228438175580714,2.377778612171003,1.1450652053870685
896,3.4566665544106594,2.3419141094507476,1.1147524449599118
897,3.499489531098216,2.43910981201542,1.0603797190827962
898,3.532405730705794,2.4141471612386565,1.1182585694671374
899,3.4912717952505177,2.3111910417061483,1.1800807535443694
900,3.4769228725029686,2.3478870401578815,1.129035832345087
901,3.465690569636468,2.308056838827524,1.1576337308089442
902,3.529353369162777,2.4304137310123193,1.098939638150458
903,3.458339500771122,2.3749096098694804,1.0834298909016415
904,3.514442560555483,2.4974391015031867,1.0170034590522965
905,3.411115131890713,2.229131030969112,1.1819841009216012
906,3.424624237712683,2.2775399423716345,1.1470842953410485
907,3.4524997362432703,2.3582568140207094,1.094242922222561
908,3.4810107175702343,2.333198119708821,1.1478125978614133
909,3.4628884201522814,2.302723568338438,1.1601648518138434
910,3.4687638815937056,2.279822362342036,1.1889415192516695
911,3.5224657921341085,2.4086122397470167,1.1138535523870918
912,3.4453885719994206,2.3831537224193866,1.062234849580034
913,3.3777675262694937,2.252549613976275,1.1252179122932189
914,3.5090089525267,2.3705241254528695,1.1384848270738304
915,3.4178551982507264,2.2546927484233197,1.1631624498274067
916,3.4596961843474006,2.3650589620159224,1.0946372223314782
917,3.4988419940016557,2.482862621408158,1.0159793725934976
918,3.5280208318088255,2.543010403619017,0.9850104281898084
919,3.4179538746236897,2.2408487198652125,1.1771051547584772
920,3.4099490612532732,2.208106677510292,1.201842383742981
921,3.454485835043876,2.25973883571722,1.194746999326656
922,3.4224460218776374,2.293314316353315,1.1291317055243222
923,3.486176720762412,2.3411425717718246,1.1450341489905873
924,3.5054378781054827,2.429330384617296,1.0761074934881867
925,3.4547452485376557,2.3207353143858676,1.1340099341517882
926,3.4628879080473887,2.3617297273213596,1.1011581807260291
927,3.490830783360205,2.4401166653188375,1.0507141180413675
928,3.4505127114341096,2.3243245825186323,1.1261881289154774
929,3.465052774776311,2.3530602160854617,1.1119925586908495
930,3.46741191122993,2.3427554974338345,1.1246564137960955
931,3.4437930026676615,2.339772279145308,1.1040207235223534
932,3.4611072583171167,2.267853145920282,1.1932541123968345
933,3.409405294441842,2.2768473992163947,1.1325578952254474
934,3.5019497710896585,2.4352602668999324,1.0666895041897262
935,3.472442799287069,2.329348984439094,1.1430938148479748
936,3.378755569188804,2.212185353516873,1.166570215671931
937,3.5324580587611316,2.4298344743053053,1.1026235844558263
938,3.4765377063633363,2.3285269674718396,1.1480107388914966
939,3.3753344310719586,2.196842578553804,1.1784918525181545
940,3.492531273269743,2.4030669626180448,1.0894643106516981
941,3.5458183550303337,2.451101655024408,1.0947167000059257
942,3.5606775031474625,2.5290776041436294,1.031599899003833
943,3.440495724442189,2.275893418336004,1.1646023061061852
944,3.5193908900596798,2.4065837634134337,1.112807126646246
945,3.49369713818952,2.350303152468873,1.143393985720647
946,3.5097117697615516,2.365059027195425,1.1446527425661266
947,3.518950643318564,2.3901745009348567,1.1287761423837073
948,3.4195320548732897,2.2722733170997222,1.1472587377735675
949,3.5204803154618145,2.4104907042123824,1.109989611249432
950,3.4478927970247795,2.2821221394005726,1.1657706576242068
951,3.538511915397155,2.4478081084099155,1.0907038069872397
952,3.5200156876367914,2.4541770337653155,1.065838653871476
953,3.476190940254241,2.3101942008779095,1.1659967393763315
954,3.491019694232325,2.421028861622847,1.069990832609478
955,3.5232245587560427,2.3799053596812536,1.143319199074789
956,3.3939580357282364,2.2209263668495294,1.173031668878707
957,3.448456054281276,2.2634743670799042,1.1849816872013719
958,3.5135030587216214,2.4281367729867886,1.0853662857348327
959,3.463230404679289,2.275913371590352,1.187317033088937
960,3.4795582617031324,2.316150277564682,1.1634079841384506
961,3.4503983195696035,2.3397625999798732,1.1106357195897303
962,3.5002206082954106,2.3298285569695714,1.1703920513258392
963,3.4276708299954763,2.236387963167972,1.1912828668275042
964,3.49129364105024,2.315158489775961,1.1761351512742793
965,3.525633685144307,2.37114972617847,1.1544839589658369
966,3.4764621635270156,2.3062051275723503,1.1702570359546653
967,3.483130427713465,2.335205177122632,1.1479252505908333
968,3.493119366014473,2.291939380706098,1.201179985308375
969,3.5079213537376734,2.3659080597285023,1.1420132940091712
970,3.498379057720986,2.372817415606427,1.1255616421145591
971,3.459711704393639,2.3506035041302544,1.1091082002633845
972,3.5210439420499258,2.4636238113737328,1.057420130676193
973,3.435781169271084,2.28585527362186,1.1499258956492238
974,3.4680568500497473,2.331175021486022,1.1368818285637254
975,3.519149314997734,2.388680811443565,1.130468503554169
976,3.4587131583771957,2.285365533516905,1.1733476248602908
977,3.466231913151149,2.332090896171341,1.1341410169798078
978,3.4453909819743718,2.2826328292562654,1.1627581527181063
979,3.4441310153121694,2.2820593119090664,1.162071703403103
980,3.5109507832693856,2.39566008055395,1.1152907027154355
981,3.543215525763585,2.4495991216071595,1.0936164041564256
982,3.4298217754688007,2.2608402836237875,1.1689814918450132
983,3.50063240116712,2.3414779339334597,1.1591544672336602
984,3.544639555669591,2.462484089018748,1.082155466650843
985,3.458700728194266,2.279298837171446,1.17940189102282
986,3.4088805141248892,2.2699008747503076,1.1389796393745817
987,3.478277186697107,2.34682280941118,1.1314543772859271
988,3.4667488063875047,2.28906863232102,1.1776801740664848
989,3.5219750470473175,2.4020382099844193,1.1199368370628981
990,3.5017091464564514,2.38988199598248,1.1118271504739714
991,3.506590913005008,2.373573616936243,1.1330172960687652
992,3.5306484251176005,2.4455206228818835,1.085127802235717
993,3.479344401432783,2.339558772961198,1.1397856284715848
994,3.430617160187032,2.2769343910889637,1.1536827690980682
995,3.4514872306419893,2.27909674754235,1.1723904830996394
996,3.429995478911093,2.2545962630528336,1.1753992158582593
997,3.4336064373259205,2.2692807582962606,1.1643256790296599
998,3.421877295622243,2.2443848263654744,1.1774924692567685
999,3.4418498979492553,2.29782777947118,1.1440221184780754
1000,3.516186331164377,2.3900031589793196,1.1261831721850575
1001,3.436263750957634,2.261875070972586,1.1743886799850483
1002,3.512066868227637,2.433436984829161,1.078629883398476
1003,3.4729294070669927,2.3400953594984615,1.1328340475685312
1004,3.502120965317009,2.357746990615234,1.1443739747017752
1005,3.460310953182397,2.2889836937935724,1.1713272593888244
1006,3.442617874904379,2.278369841685248,1.1642480332191312
1007,3.4775393420071725,2.330446760751914,1.1470925812552584
1008,3.441225026072841,2.3252062465864896,1.1160187794863514
1009,3.4494048437491287,2.3299523293958058,1.119452514353323
1010,3.367129645162838,2.2134013670313,1.1537282781315379
1011,3.4638618574189595,2.3156701797568755,1.148191677662084
1012,3.500875421977547,2.3750574980732533,1.1258179239042936
1013,3.4760648957197144,2.3777970466607243,1.09826784905899
1014,3.4476789089993276,2.284338298716125,1.1633406102832025
1015,3.4252502879073283,2.3323966870398096,1.0928536008675187
1016,3.4790810372318477,2.3194269420843705,1.1596540951474772
1017,3.4349532727852687,2.276497293499863,1.1584559792854057
1018,3.4926459697528305,2.4390226911900372,1.0536232785627933
1019,3.496024682622999,2.3948888624805225,1.1011358201424764
1020,3.501111727668493,2.4406683057101595,1.0604434219583334
1021,3.505489329849271,2.3939424321705403,1.1115468976787306
1022,3.4483041231652103,2.289930616110855,1.1583735070543555
1023,3.489511332792095,2.3525645996179567,1.1369467331741383
1024,3.429487360582015,2.2632839313279223,1.1662034292540926
1025,3.529983769757539,2.464455687900652,1.065528081856887
1026,3.483779165267821,2.3611397329231028,1.1226394323447182
1027,3.476782917517661,2.2840327263550813,1.1927501911625797
1028,3.446279246027787,2.306353602005257,1.1399256440225303
1029,3.4596793020468315,2.393008496731056,1.0666708053157756
1030,3.448967978450332,2.3216699460353483,1.1272980324149837
1031,3.43850133467321,2.2792118344872496,1.1592895001859604
1032,3.533919854268471,2.4581415510942892,1.0757783031741819
1033,3.4684195874413333,2.3081279957124297,1.1602915917289036
1034,3.433631283319938,2.2966571817008603,1.1369741016190775
1035,3.49055603695614,2.361764391117156,1.1287916458389842
1036,3.4559958474904167,2.353581528691783,1.1024143187986337
1037,3.5213873809742893,2.459067452063125,1.0623199289111644
1038,3.50225493480045,2.326600117678076,1.175654817122374
1039,3.4525402950822603,2.285324726191924,1.1672155688903363
1040,3.5178313501635805,2.5143600111657944,1.003471338997786
1041,3.492846899697835,2.3471784333952685,1.1456684663025665
1042,3.411410949750046,2.209610418626845,1.2018005311232014
1043,3.4607441051530343,2.309091463173514,1.15165264197952
1044,3.475767529052182,2.303073191409473,1.1726943376427088
1045,3.516975723490801,2.4368508172617216,1.0801249062290794
1046,3.4006981757252785,2.2130847942789296,1.187613381446349
1047,3.535431543885523,2.430979648930998,1.1044518949545248
1048,3.4527870837487162,2.284800908399481,1.167986175349235
1049,3.471855904720418,2.3126109462422177,1.1592449584782
1050,3.507466277086824,2.381801969822698,1.1256643072641261
1051,3.4643343300784557,2.327583836648183,1.1367504934302728
1052,3.5297290262901404,2.489273108244715,1.0404559180454256
1053,3.4966017699085388,2.3615833984377157,1.135018371470823
1054,3.4227597140927117,2.2676308838180352,1.1551288302746765
1055,3.4152255863739494,2.2661303147793834,1.149095271594566
1056,3.400929989338131,2.227441655530957,1.1734883338071742
1057,3.4714034092433987,2.2991156479366333,1.1722877613067655
1058,3.426707071021325,2.330963920306249,1.095743150715076
1059,3.4585062035667997,2.3235694647782204,1.1349367387885794
1060,3.450183973135048,2.2930281238842776,1.1571558492507705
1061,3.478859806572962,2.365311409423533,1.113548397149429
1062,3.3959950535706733,2.232795955193556,1.1631990983771172
1063,3.4667882662682805,2.3448540833027725,1.121934182965508
1064,3.525293160233166,2.378385147293322,1.1469080129398437
1065,3.456733289201748,2.3168963492996113,1.1398369399021369
1066,3.472923093136374,2.35386005785603,1.1190630352803441
1067,3.4720713045086877,2.317395186711209,1.1546761177974787
1068,3.46225985258229,2.3179310453376907,1.1443288072445994
1069,3.479458914429915,2.3196048709154287,1.1598540435144864
1070,3.5038497427177027,2.3644495879021488,1.139400154815554
1071,3.4714768138138434,2.2997480038501985,1.171728809963645
1072,3.4774270183807725,2.401483411057723,1.0759436073230497
1073,3.4807170138063093,2.386204001389081,1.0945130124172282
1074,3.4781727536707696,2.3190720011887245,1.1591007524820451
1075,3.5060090023989003,2.3402647150067537,1.1657442873921466
1076,3.5017132456279003,2.4527815473474686,1.0489316982804318
1077,3.48575382910048,2.3495346435274547,1.1362191855730255
1078,3.4953590099419123,2.3354335706729237,1.1599254392689886
1079,3.456943196637476,2.313319730044768,1.1436234665927079
1080,3.5084380276458678,2.4237938571624786,1.0846441704833891
1081,3.5082165889881933,2.4004084585183527,1.1078081304698406
1082,3.5225985170943717,2.470019904361484,1.0525786127328876
1083,3.460946249187962,2.3338543556200455,1.1270918935679166
1084,3.4952520910778473,2.4260697234786166,1.0691823675992307
1085,3.4849788350981807,2.3602436263910187,1.124735208707162
1086,3.463894619776032,2.3708113258952173,1.0930832938808148
1087,3.549398163258503,2.453690217616271,1.095707945642232
1088,3.447588963490312,2.2807562431609143,1.1668327203293978
1089,3.4576758946339483,2.2862308760571484,1.1714450185768
1090,3.5187524089924347,2.3879110504912098,1.130841358501225
1091,3.4155773403555743,2.2685166825137206,1.1470606578418536
1092,3.499142721375388,2.3789745659383947,1.120168155436993
1093,3.484491964338555,2.3715918340269706,1.1129001303115844
1094,3.458237285748621,2.32008275813178,1.138154527616841
1095,3.4311984118987615,2.315126009352913,1.1160724025458486
1096,3.5130491532314316,2.3579664214224336,1.155082731808998
1097,3.5217161412013187,2.446087590278576,1.0756285509227426
1098,3.503647853587068,2.3668875385766213,1.1367603150104468
1099,3.521256889043275,2.423458794234234,1.0977980948090411
1100,3.4293288140957663,2.267716663037386,1.1616121510583803
1101,3.471435435764399,2.3118034416952407,1.1596319940691582
1102,3.4678720795092723,2.4133870547530667,1.0544850247562056
1103,3.4928285387767994,2.342706562428519,1.1501219763482804
1104,3.426725392686838,2.2505740908328504,1.1761513018539875
1105,3.454158716325055,2.2721816508538866,1.1819770654711683
1106,3.460945164253372,2.3058582811897277,1.1550868830636443
1107,3.471893600711162,2.298223302646253,1.1736702980649087
1108,3.4271088048501492,2.254543468758404,1.1725653360917452
1109,3.4326085805198656,2.2559456085719796,1.176662971947886
1110,3.4923779467320957,2.3904922841783973,1.1018856625536984
1111,3.4926115243191984,2.3470831371286995,1.1455283871904989
1112,3.456580360562608,2.321846747352672,1.134733613209936
1113,3.493567405829684,2.3711387630763774,1.1224286427533068
1114,3.46106831740632,2.3361014461969094,1.1249668712094105
1115,3.5014866465982166,2.42480730774467,1.0766793388535465
1116,3.4778564574631274,2.304695053191413,1.1731614042717142
1117,3.4178002161773273,2.265611342189968,1.1521888739873591
1118,3.488373734373706,2.454262412720629,1.0341113216530768
1119,3.432585172157484,2.2513658295283006,1.1812193426291833
1120,3.4648928913599892,2.327061985465467,1.1378309058945222
1121,3.4859370002351713,2.4052469923862545,1.0806900078489168
1122,3.462273151454873,2.322533927158854,1.1397392242960187
1123,3.430773644133882,2.2941134410739394,1.1366602030599426
1124,3.460008189332933,2.3208923718664822,1.1391158174664509
1125,3.511710467445596,2.4671652301652127,1.0445452372803832
1126,3.4787629583546935,2.323129474063842,1.1556334842908513
1127,3.4527392053614587,2.3259664025338913,1.1267728028275674
1128,3.5003310056061525,2.3769694844901643,1.1233615211159882
1129,3.4659606168106936,2.3379854708946466,1.127975145916047
1130,3.441553999450211,2.270950270186451,1.1706037292637599
1131,3.4941096053565905,2.479379294009442,1.0147303113471486
1132,3.5329926181761864,2.446217856890105,1.0867747612860814
1133,3.474047155742126,2.327468886590362,1.1465782691517639
1134,3.4507897896350372,2.319481893306184,1.1313078963288534
1135,3.497981811960626,2.322309954617532,1.1756718573430942
1136,3.5388315501596175,2.4670011793022693,1.0718303708573482
1137,3.4847679514981844,2.314800505153557,1.1699674463446272
1138,3.4753371967849795,2.3667766938537125,1.108560502931267
1139,3.502698819382347,2.44815196785811,1.054546851524237
1140,3.4889509670877143,2.297307774872327,1.1916431922153872
1141,3.4485602028009796,2.3342466698011264,1.1143135329998533
1142,3.4789923973910915,2.3554756426421677,1.1235167547489238
1143,3.4663603872486712,2.2978843395594417,1.1684760476892295
1144,3.4409983352530804,2.309380944310087,1.1316173909429934
1145,3.5101212115755125,2.3599378923965793,1.1501833191789332
1146,3.4769779962552803,2.319743503637752,1.1572344926175284
1147,3.5134473053784863,2.359830168626713,1.1536171367517731
1148,3.4694915344678074,2.3284074822892125,1.141084052178595
1149,3.4333968757886453,2.262528627634413,1.1708682481542323
1150,3.4932953113374023,2.3508427842631026,1.1424525270742998
1151,3.416778558867369,2.3183746330896486,1.0984039257777205
1152,3.463307181961655,2.4142173251140067,1.0490898568476483
1153,3.483385964699781,2.3594905172257885,1.1238954474739926
1154,3.509281975466081,2.3496810567484947,1.1596009187175862
1155,3.467568831022363,2.310189928340807,1.1573789026815557
1156,3.4957194413993165,2.3658646538184303,1.1298547875808862
1157,3.466319879682554,2.287938759319084,1.1783811203634698
1158,3.537775725548129,2.4634453781089274,1.0743303474392016
1159,3.442726027008828,2.3086180063381825,1.1341080206706455
1160,3.5176631262394307,2.407548973966274,1.1101141522731566
1161,3.4733372863198295,2.3910370400781673,1.0823002462416622
1162,3.497242546873789,2.3560495653295317,1.1411929815442572
1163,3.476133198156706,2.309480111132293,1.1666530870244132
1164,3.4919429788783747,2.3884192306769574,1.1035237482014173
1165,3.5104499657340495,2.3653525516634253,1.1450974140706243
1166,3.4692271767981957,2.3001744174751906,1.1690527593230051
1167,3.4801810693496553,2.3328746431471328,1.1473064262025225
1168,3.448577858023844,2.3058253218667293,1.142752536157115
1169,3.4414827536563823,2.2649309826330817,1.1765517710233007
1170,3.454024289912672,2.32115983801773,1.132864451894942
1171,3.3955690453902925,2.2400721477494825,1.15549689764081
1172,3.4984069111358,2.395173192602729,1.1032337185330707
1173,3.528579506359258,2.4275574170238223,1.1010220893354359
1174,3.5477884980571446,2.5128355351298524,1.0349529629272922
1175,3.376430221551666,2.2208444599043884,1.1555857616472776
1176,3.484754044936362,2.3439198867712325,1.1408341581651293
1177,3.5266065784268728,2.4292070056278994,1.0973995727989734
1178,3.4496570566076836,2.3015125333863398,1.1481445232213439
1179,3.4843235092162033,2.352897406454615,1.1314261027615884
1180,3.4474840919229908,2.3038746210087115,1.1436094709142792
1181,3.490939325940573,2.3605904624322314,1.1303488635083419
1182,3.466332026047163,2.3351862508169776,1.1311457752301854
1183,3.509948706429258,2.351471106626997,1.1584775998022607
1184,3.5148134859342526,2.4187387296548426,1.09607475627941
1185,3.4882243823100216,2.3095205416798086,1.178703840630213
1186,3.5107674703031355,2.4160747691005997,1.0946927012025358
1187,3.475891518644369,2.3093189128706144,1.1665726057737547
1188,3.5118783346915556,2.3890981952155808,1.1227801394759749
1189,3.413361378533583,2.283820250859026,1.1295411276745568
1190,3.5263344904971956,2.4597533138222025,1.066581176674993
1191,3.492645356934495,2.328012793242231,1.1646325636922636
1192,3.5081262298029743,2.37497763354629,1.1331485962566843
1193,3.4773963545494304,2.3394550105255325,1.137941344023898
1194,3.4980204982415275,2.364681909925421,1.1333385883161067
1195,3.4210451443556904,2.280854655883743,1.1401904884719474
1196,3.447603870741896,2.3067031005764824,1.1409007701654135
1197,3.450313550959173,2.3094720710006307,1.1408414799585422
1198,3.5224627532735195,2.3683612451576197,1.1541015081158998
1199,3.4308179847530558,2.243876209646166,1.1869417751068898
1200,3.514146020886293,2.4035949529779557,1.1105510679083372
1201,3.5185831886287304,2.459528180482521,1.0590550081462093
1202,3.4752455359299343,2.3290757701789655,1.1461697657509688
1203,3.4720243571630056,2.358814041574665,1.1132103155883408
1204,3.495987023134815,2.3336011796191123,1.1623858435157026
1205,3.4561851144276106,2.272638224779204,1.1835468896484067
1206,3.3985598031946442,2.280359290883162,1.1182005123114824
1207,3.487859531521684,2.3482580775214426,1.1396014540002413
1208,3.4883841276779264,2.3850398878777996,1.1033442398001267
1209,3.4338190022015955,2.2631272287470057,1.1706917734545899
1210,3.4361570168408315,2.2551743609217545,1.180982655919077
1211,3.438115010672884,2.2826857789693293,1.1554292317035548
1212,3.5132593994631534,2.483252600726118,1.0300067987370354
1213,3.435197461585864,2.281782262763683,1.1534151988221808
1214,3.5107737232401526,2.384349879501483,1.1264238437386696
1215,3.478295896055237,2.3472745616453383,1.1310213344098985
1216,3.450476911997924,2.255853493670596,1.1946234183273279
1217,3.5098513081208313,2.4060796434074296,1.1037716647134017
1218,3.513579710833518,2.39929810381738,1.1142816070161379
1219,3.5086138743308934,2.3737814495867555,1.134832424744138
1220,3.46454067779929,2.3016695382776367,1.1628711395216533
1221,3.4501245392187307,2.3697859073019076,1.0803386319168231
1222,3.458900674527774,2.2837468845635676,1.1751537899642064
1223,3.418051133217745,2.28016643508775,1.1378846981299948
1224,3.399122998538788,2.2140836298223308,1.185039368716457
1225,3.4741573826693375,2.3293247258420133,1.1448326568273242
1226,3.5104632625658385,2.3584679679503866,1.151995294615452
1227,3.5109544633312373,2.4328329418764643,1.078121521454773
1228,3.448571826577753,2.3119018051293017,1.1366700214484515
1229,3.523288755407261,2.451596374647749,1.071692380759512
1230,3.4227685520216484,2.2695739847002936,1.1531945673213548
1231,3.354552614396183,2.152030258421186,1.2025223559749967
1232,3.3933768860322067,2.24083565092009,1.1525412351121167
1233,3.4706931828324805,2.3158034196344826,1.154889763197998
1234,3.526703927417516,2.469062810498725,1.057641116918791
1235,3.509051664990988,2.407615353843984,1.1014363111470038
1236,3.445008593429922,2.2870319524486593,1.1579766409812629
1237,3.516520617485824,2.4584078225699977,1.0581127949158264
1238,3.5289658232452417,2.459151864728309,1.0698139585169328
1239,3.405370895077019,2.222309727547237,1.183061167529782
1240,3.5020413623641966,2.3248030890461036,1.177238273318093
1241,3.4815146517646944,2.4399459990744314,1.041568652690263
1242,3.520879473451683,2.4021665447483396,1.1187129287033435
1243,3.4764617250006884,2.296675120456426,1.1797866045442622
1244,3.3966149665132335,2.242599344016175,1.1540156224970586
1245,3.4260519591528555,2.2435807941840444,1.182471164968811
1246,3.431653509432105,2.282367081126273,1.1492864283058317
1247,3.4540842846972426,2.322437929863299,1.1316463548339435
1248,3.4871098939810614,2.3416859057679473,1.145423988213114
1249,3.4455861471493217,2.3572982993751763,1.0882878477741453
1250,3.4479256247042627,2.2722466205445375,1.1756790041597251
1251,3.437193461183938,2.301801793658486,1.135391667525452
1252,3.494897312434563,2.3638341996298156,1.1310631128047475
1253,3.518898680117464,2.389396790643505,1.1295018894739592
1254,3.4746240328274585,2.3231229325205955,1.151501100306863
1255,3.475867795078399,2.334212654740997,1.1416551403374022
1256,3.4674277183202293,2.371351800407071,1.0960759179131583
1257,3.4725324531542543,2.3676956359793455,1.1048368171749088
1258,3.4772812524552545,2.366448224588584,1.1108330278666707
1259,3.4122982883892607,2.3063809950467395,1.1059172933425212
1260,3.4778717163288726,2.3418242332016805,1.136047483127192
1261,3.461079455302109,2.3274034240605697,1.1336760312415395
1262,3.4942537974234424,2.3994090683064124,1.09484472911703
1263,3.3782124578691772,2.2039271895392583,1.174285268329919
1264,3.4800655179726943,2.3790604862369564,1.1010050317357378
1265,3.4643886726280475,2.332921047514739,1.1314676251133085
1266,3.431208307995751,2.2410838560073434,1.1901244519884076
1267,3.4466901592076464,2.3044894955730513,1.1422006636345952
1268,3.41786669123977,2.246917246949386,1.1709494442903838
1269,3.442100225033791,2.3223994136009725,1.1197008114328186
1270,3.4307532021996208,2.2470680825455798,1.183685119654041
1271,3.437095151726361,2.337241248998551,1.0998539027278103
1272,3.531723080501593,2.452117512665559,1.0796055678360337
1273,3.400143036185963,2.1847216693210885,1.2154213668648746
1274,3.4980887499189808,2.420600987251757,1.0774877626672237
1275,3.424052480321333,2.2986907787753714,1.1253617015459616
1276,3.4633665564211173,2.3234486854782657,1.1399178709428517
1277,3.4681232921822094,2.341845811533413,1.1262774806487963
1278,3.5228457228250454,2.4075651072727333,1.115280615552312
1279,3.405618088021304,2.230307575635197,1.175310512386107
1280,3.510675200830058,2.380485716344032,1.130189484486026
1281,3.466138758563132,2.320195654571021,1.1459431039921109
1282,3.5100852589397937,2.379278114482038,1.1308071444577559
1283,3.5207471032443602,2.3715176450481743,1.149229458196186
1284,3.454359379523074,2.387088303443311,1.0672710760797632
1285,3.4244002955324606,2.2429376431685704,1.1814626523638903
1286,3.364737113983436,2.1972850856740638,1.1674520283093721
1287,3.520098878231497,2.3902012112396944,1.1298976669918024
1288,3.4645595149218,2.288210498467472,1.1763490164543278
1289,3.4408410949649957,2.306943971153284,1.1338971238117117
1290,3.4543804320762383,2.269909562809879,1.1844708692663595
1291,3.424419395253382,2.328168979564541,1.096250415688841
1292,3.462431828274855,2.3185221992325427,1.1439096290423123
1293,3.500633360676696,2.3478370671188773,1.1527962935578189
1294,3.446988342979443,2.293812595964065,1.1531757470153776
1295,3.4854327872260975,2.377363404256145,1.1080693829699526
1296,3.411582245031065,2.2220896268664045,1.1894926181646603
1297,3.426026280334233,2.2686548598566807,1.1573714204775523
1298,3.4628933832794284,2.3250794069693437,1.1378139763100847
1299,3.49365627474951,2.389862376816996,1.1037938979325137
1300,3.493891411223998,2.381911054035955,1.1119803571880431
1301,3.5193528953226565,2.445164132794022,1.0741887625286344
1302,3.4727579899003502,2.303854135989659,1.1689038539106913
1303,3.457998607441712,2.2955804253011043,1.1624181821406077
1304,3.4553994052646932,2.2820948794670857,1.1733045257976076
1305,3.4738195882976703,2.3217804720866475,1.1520391162110228
1306,3.437517831433691,2.299509553264347,1.1380082781693441
1307,3.514956694079487,2.363222121661866,1.1517345724176211
1308,3.4575639961373885,2.3165464720007045,1.141017524136684
1309,3.5100558217882414,2.426439217747948,1.0836166040402935
1310,3.5139635643217773,2.410569318405935,1.1033942459158421
1311,3.3603819484648056,2.188373972704179,1.1720079757606268
1312,3.5188411964189807,2.382892142463961,1.1359490539550197
1313,3.436979583003692,2.2941377525442563,1.1428418304594357
1314,3.500904698174063,2.318855835628519,1.1820488625455439
1315,3.4882346643960562,2.38775629642529,1.1004783679707661
1316,3.4457208418078045,2.3083237963831835,1.137397045424621
1317,3.4522199889460468,2.322192282888577,1.13002770605747
1318,3.468638775523194,2.3826533049588083,1.0859854705643857
1319,3.456023967516774,2.288220122384855,1.1678038451319188
1320,3.4882188047548754,2.340357129055432,1.1478616756994433
1321,3.4972585520070334,2.371209948054974,1.1260486039520594
1322,3.479274052287116,2.3819960416196286,1.0972780106674875
1323,3.503847173249613,2.3559054411895812,1.1479417320600316
1324,3.465716761223246,2.3099466784853457,1.1557700827379
1325,3.4802046815089653,2.34188842500922,1.1383162564997455
1326,3.4960251942718035,2.370097882109723,1.1259273121620805
1327,3.452059265843891,2.3584531208805215,1.0936061449633696
1328,3.478074070787552,2.3583471770251507,1.1197268937624014
1329,3.47712547362814,2.374808141408538,1.1023173322196018
1330,3.4780314368466385,2.4018930397509637,1.0761383970956748
1331,3.514774242263658,2.3796977561287127,1.1350764861349454
1332,3.5156678630095075,2.5386661241332216,0.9770017388762859
1333,3.4448680666527856,2.313080658140198,1.1317874085125874
1334,3.5008901525968934,2.31901036008013,1.1818797925167632
1335,3.5226035667895927,2.378469643314766,1.144133923474827
1336,3.4895981239423715,2.35569965275462,1.1338984711877513
1337,3.5213518349371924,2.459423212266847,1.0619286226703455
1338,3.5157035399185323,2.3643479208627793,1.151355619055753
1339,3.435662852817786,2.2771151335846693,1.1585477192331166
1340,3.4095898430982303,2.2656158781450926,1.1439739649531377
1341,3.4712667166477247,2.3534931684612426,1.1177735481864821
1342,3.5018073330587516,2.38727620944105,1.1145311236177018
1343,3.461623723611037,2.3023222710658895,1.1593014525451477
1344,3.486159604153589,2.3239305071465837,1.1622290970070055
1345,3.4447084184905883,2.3059847567007514,1.1387236617898369
1346,3.43731450078602,2.268133675942373,1.169180824843647
1347,3.507639582880959,2.4093729207018972,1.0982666621790615
1348,3.494981030027074,2.3456709738742543,1.1493100561528196
1349,3.5325269826884793,2.4115118903462798,1.1210150923421995
1350,3.4457387661925694,2.329649060965098,1.1160897052274712
1351,3.4867662819631247,2.3157656916747293,1.1710005902883953
1352,3.448345137569422,2.327941114623016,1.1204040229464058
1353,3.473664935191423,2.3637310263749955,1.1099339088164273
1354,3.486994453007359,2.3299192017479102,1.1570752512594487
1355,3.4172706995766298,2.212282374690159,1.2049883248864708
1356,3.4767995277474584,2.3534511449923112,1.1233483827551471
1357,3.5216865418334593,2.4405048058147236,1.0811817360187357
1358,3.498137846636958,2.4118449985581183,1.0862928480788399
1359,3.509068580459522,2.387428075565887,1.1216405048936346
1360,3.5054992520474513,2.405937819810913,1.0995614322365381
1361,3.5152201849855818,2.3809547660203974,1.1342654189651844
1362,3.485789920118142,2.3516171048261008,1.1341728152920414
1363,3.5149420090159493,2.378572927194942,1.1363690818210075
1364,3.43406886230197,2.2981758063705775,1.1358930559313927
1365,3.496075879279552,2.3382284610422897,1.1578474182372624
1366,3.4176066357421444,2.2743921944516265,1.1432144412905179
1367,3.4210665666950577,2.2898711080191134,1.1311954586759443
1368,3.4697339152962883,2.385205564002305,1.0845283512939834
1369,3.377285503385283,2.236412314093657,1.140873189291626
1370,3.4754846364479612,2.4522495068981955,1.0232351295497657
1371,3.458827024565162,2.3731084751970144,1.0857185493681474
1372,3.4531256116517395,2.3495690116002064,1.103556600051533
1373,3.5300616673766747,2.4123970007435056,1.117664666633169
1374,3.44769552020451,2.2615893540577825,1.1861061661467276
1375,3.4765820477293143,2.4130452345378104,1.063536813191504
1376,3.4584790889114303,2.357430401618019,1.101048687293411
1377,3.449995296208162,2.3052737049571457,1.1447215912510162
1378,3.450418296777314,2.3270878285260768,1.123330468251237
1379,3.45939384879843,2.3155358164612205,1.1438580323372096
1380,3.5079937113294553,2.415213335212222,1.0927803761172332
1381,3.3792164359521704,2.213955587310895,1.1652608486412754
1382,3.479087033278354,2.312906405024943,1.1661806282534113
1383,3.4882799481074733,2.3983221792137424,1.089957768893731
1384,3.4972079523442,2.369356185777169,1.127851766567031
1385,3.5205121337898277,2.4364114250565474,1.0841007087332803
1386,3.469983670696394,2.3020310992458213,1.1679525714505727
1387,3.5352552242051822,2.4794704968657837,1.0557847273393985
1388,3.4825684162812376,2.3211068683705003,1.1614615479107373
1389,3.480734759815703,2.3339881230716593,1.1467466367440435
1390,3.4178834390212547,2.2548374281585497,1.163046010862705
1391,3.4174239629525056,2.227384028792978,1.1900399341595276
1392,3.481210196350095,2.4210856386095485,1.0601245577405467
1393,3.51680187232149,2.3765564011184703,1.14024547120302
1394,3.5325605170665315,2.4672571215477204,1.0653033955188111
1395,3.5225175784302123,2.4219059557513916,1.1006116226788207
1396,3.5032543006398025,2.3754963787923535,1.127757921847449
1397,3.392876858300503,2.2515321042795535,1.1413447540209494
1398,3.511574156646223,2.3853067095459113,1.1262674471003118
1399,3.4336497374940103,2.2480468882711637,1.1856028492228465
1400,3.4133646021340147,2.2355804471974157,1.177784154936599
1401,3.4479139439627358,2.332782360341632,1.1151315836211038
1402,3.4679061572958507,2.3113109625021315,1.1565951947937192
1403,3.52563203265384,2.432970452787518,1.0926615798663222
1404,3.4861322150476717,2.2986962838210596,1.187435931226612
1405,3.4394277556063537,2.2605557477466642,1.1788720078596895
1406,3.36141069652834,2.170044058158153,1.1913666383701873
1407,3.4514325059288784,2.264724331207743,1.1867081747211352
1408,3.4680950759157096,2.2995796627057454,1.1685154132099642
1409,3.5431379455369125,2.4794060898066346,1.063731855730278
1410,3.519812516723288,2.3944828879441316,1.1253296287791565
1411,3.491143174648469,2.348976323357988,1.1421668512904812
1412,3.4848130999463156,2.4009145128517413,1.0838985870945743
1413,3.5071521296839356,2.3940374817761447,1.113114647907791
1414,3.424828140882855,2.274801610062654,1.1500265308202011
1415,3.454802603225567,2.396079807946413,1.058722795279154
1416,3.5051633867414815,2.4387796349710955,1.066383751770386
1417,3.4341089503968147,2.234708295216315,1.1994006551804999
1418,3.4556726446051864,2.343486332353947,1.1121863122512394
1419,3.519087229661116,2.38666135394836,1.132425875712756
1420,3.4687558346886656,2.3164588976572635,1.152296937031402
1421,3.4626735599883087,2.333478980292206,1.1291945796961027
1422,3.50624950736488,2.417779821767203,1.0884696855976768
1423,3.5135566746936093,2.3513559986661416,1.1622006760274677
1424,3.477856595430982,2.379117400124245,1.0987391953067367
1425,3.4749713506973654,2.345251066574264,1.1297202841231013
1426,3.425380651612864,2.2467608408534954,1.1786198107593688
1427,3.5168548513799127,2.434952963444372,1.0819018879355409
1428,3.4573112994798687,2.284172417846221,1.1731388816336477
1429,3.5238632215899472,2.4534706840411524,1.0703925375487948
1430,3.4530611699998435,2.2786034008713383,1.1744577691285052
1431,3.449350058991605,2.2821773026933636,1.1671727562982412
1432,3.5260532479825293,2.4191928024784035,1.1068604455041258
1433,3.5278570410863757,2.3852786724135417,1.142578368672834
1434,3.475083013136445,2.3452005416998234,1.1298824714366216
1435,3.429149077943187,2.2666976324144383,1.1624514455287485
1436,3.521305710124516,2.3824090769364212,1.1388966331880948
1437,3.4886015874529153,2.3675442974327323,1.121057290020183
1438,3.5002520384823828,2.45653586228948,1.0437161761929028
1439,3.5162995658847684,2.3447237841964492,1.1715757816883192
1440,3.4649081070533354,2.31782888345988,1.1470792235934555
1441,3.4978073843738993,2.4206195553568195,1.0771878290170798
1442,3.4684036039380386,2.3612153877785564,1.1071882161594822
1443,3.5224633890020924,2.433962760824531,1.0885006281775613
1444,3.4750914852164043,2.341030773350529,1.1340607118658754
1445,3.457923076105653,2.2947867748342303,1.1631363012714226
1446,3.4457549476061504,2.271010042823847,1.1747449047823033
1447,3.5209987131605147,2.3801907496019368,1.140807963558578
1448,3.4624203727131313,2.3320058589845716,1.1304145137285597
1449,3.5040793189103248,2.4586208571272143,1.0454584617831104
1450,3.5096912320963014,2.377694725107591,1.1319965069887106
1451,3.461791745749727,2.2942699177226453,1.1675218280270818
1452,3.453502943558435,2.2743266903654695,1.1791762531929653
1453,3.440934558678037,2.298736642122976,1.142197916555061
1454,3.4698274155353444,2.35917306500075,1.1106543505345945
1455,3.5079205974595244,2.381289030998958,1.1266315664605666
1456,3.4732799359436086,2.285617355378401,1.1876625805652075
1457,3.5019214325785035,2.352521530655942,1.1493999019225614
1458,3.514718809631629,2.471586172270798,1.0431326373608312
1459,3.4559569565737065,2.3269264669176595,1.129030489656047
1460,3.4589785932669708,2.3306617472104127,1.128316846056558
1461,3.527558082506563,2.400072711596966,1.1274853709095969
1462,3.4260545239578915,2.2534236566913837,1.1726308672665078
1463,3.539555432187908,2.4558954719867474,1.0836599602011607
1464,3.4122899164265537,2.225210357504189,1.1870795589223646
1465,3.5186721319192826,2.4203249132692672,1.0983472186500154
1466,3.4739286565969008,2.336440548400721,1.1374881081961798
1467,3.4780600401442734,2.382875929043732,1.0951841111005414
1468,3.4694596771376998,2.293083801461766,1.1763758756759337
1469,3.475851452604189,2.3351847319013816,1.1406667207028072
1470,3.4295003651136846,2.305425976765689,1.1240743883479958
1471,3.4941309450450606,2.385397691564031,1.1087332534810295
1472,3.4057098065525793,2.2895137676877124,1.1161960388648668
1473,3.44293862954174,2.326049309750063,1.1168893197916767
1474,3.511095639643812,2.366095626492133,1.1450000131516793
1475,3.5278336928155194,2.4331160708769834,1.094717621938536
1476,3.4055391074933943,2.240766718695437,1.164772388797957
1477,3.526062658116134,2.4267294141096656,1.0993332440064685
1478,3.4790183125767418,2.3228130655977215,1.1562052469790203
1479,3.4867252721584414,2.39501555698255,1.0917097151758912
1480,3.52490740348393,2.4541097675619024,1.0707976359220277
1481,3.4546013299730878,2.268164379270307,1.186436950702781
1482,3.497883857219522,2.3353974935901163,1.1624863636294056
1483,3.514169127027893,2.4012905294552733,1.1128785975726196
1484,3.506272272709363,2.401496392154936,1.1047758805544272
1485,3.482002756870138,2.3566688477179456,1.1253339091521926
1486,3.470573604243282,2.2981480147603053,1.1724255894829767
1487,3.450102439384839,2.3066704366274102,1.1434320027574287
1488,3.5119501275341904,2.3888231403228457,1.1231269872113447
1489,3.4408549882376644,2.265859194653146,1.1749957935845186
1490,3.486358061469894,2.3576561499819313,1.1287019114879628
1491,3.4927872531172617,2.391612214337481,1.1011750387797807
1492,3.4797686663452914,2.3126126687848694,1.167155997560422
1493,3.428830696301854,2.249272368691109,1.1795583276107449
1494,3.4128988777138525,2.2876074735093908,1.1252914042044617
1495,3.49020746155987,2.376975528725736,1.1132319328341342
1496,3.5078393834212727,2.3634775548336,1.1443618285876727
1497,3.455545704885835,2.3003939110525233,1.1551517938333116
1498,3.3691755769584995,2.1763785325456744,1.192797044412825
1499,3.4947271355575973,2.4914593564863607,1.0032677790712365
1500,3.5312609815087628,2.483218053838396,1.0480429276703669
1501,3.4032769737156316,2.337788735884598,1.0654882378310337
1502,3.4885220093645053,2.3488198048602413,1.139702204504264
1503,3.4636693901152045,2.371468795989298,1.0922005941259063
1504,3.4808725897581745,2.326021923836374,1.1548506659218005
1505,3.502738094234391,2.4183796149811054,1.0843584792532854
1506,3.3809075867067206,2.2259072953106323,1.1550002913960884
1507,3.4446898271887205,2.2778242578141654,1.166865569374555
1508,3.5074089623386544,2.3885547049501628,1.1188542573884916
1509,3.505875459364135,2.3811314663010714,1.1247439930630634
1510,3.492837269478836,2.3550765221593264,1.1377607473195095
1511,3.516405316135211,2.3932982159308147,1.1231071002043964
1512,3.512933608900001,2.455611993588465,1.057321615311536
1513,3.4867532477011154,2.3857701267511575,1.1009831209499579
1514,3.5126233591012146,2.440648060544348,1.0719752985568665
1515,3.5054770254646113,2.4758486447692074,1.0296283806954039
1516,3.4214202726765253,2.291344205451919,1.1300760672246062
1517,3.4700325899452698,2.30519942747309,1.16483316247218
1518,3.466967304564246,2.318886554338656,1.1480807502255903
1519,3.448177934665785,2.291282977332112,1.156894957333673
1520,3.4723974967028544,2.333686774329927,1.1387107223729274
1521,3.4947793911158587,2.3585027484719028,1.136276642643956
1522,3.5258061967438903,2.4124476533145374,1.113358543429353
1523,3.4791824087082595,2.331752027644869,1.1474303810633906
1524,3.4463171785814835,2.2691509524852203,1.1771662260962632
1525,3.4245069549558345,2.256541858791393,1.1679650961644414
1526,3.4747979063773697,2.3193973568950597,1.15540054948231
1527,3.4646334830414727,2.362670014358225,1.1019634686832478
1528,3.488951607712858,2.359379294471054,1.129572313241804
1529,3.414789136812445,2.2340325804441292,1.1807565563683156
1530,3.4877056145819125,2.291115975004149,1.1965896395777635
1531,3.387506521525828,2.197562096557063,1.1899444249687652
1532,3.4752200039076975,2.303854700618992,1.1713653032887055
1533,3.4795225750367935,2.3595758014561024,1.1199467735806912
1534,3.479261730978524,2.3451581047630503,1.1341036262154738
1535,3.4494549701928676,2.2994915962360376,1.14996337395683
1536,3.3819944294333495,2.251994178972398,1.1300002504609514
1537,3.514902378833553,2.4130407043674422,1.101861674466111
1538,3.458113458197397,2.326095237441513,1.1320182207558838
1539,3.495210789580109,2.3665379244597053,1.1286728651204037
1540,3.503836428674401,2.445925594538674,1.0579108341357268
1541,3.4626167196186195,2.348576870879285,1.1140398487393344
1542,3.4929908449314246,2.369178708539096,1.1238121363923286
1543,3.508561588082513,2.3552660547338946,1.1532955333486186
1544,3.492793521387293,2.335705715004289,1.1570878063830041
1545,3.451741821137113,2.275001134043548,1.1767406870935653
1546,3.4714257640139055,2.3970093766987453,1.0744163873151602
1547,3.4276381473066984,2.326677951062636,1.1009601962440625
1548,3.430009984519848,2.239170385880752,1.190839598639096
1549,3.447413686683678,2.2930291324412173,1.1543845542424607
1550,3.405958697430607,2.3005411431683034,1.1054175542623037
1551,3.5048362496966154,2.3962979844403796,1.1085382652562359
1552,3.4594852089713446,2.322726416995493,1.1367587919758515
1553,3.497497540151421,2.3327400853192253,1.1647574548321957
1554,3.5058208399310455,2.3960062936745516,1.109814546256494
1555,3.509149893966692,2.413425281292189,1.0957246126745033
1556,3.445156960096801,2.350014000972122,1.0951429591246788
1557,3.4686269140837314,2.353794473855876,1.1148324402278553
1558,3.3648141359051524,2.226213450888252,1.1386006850169004
1559,3.446056651526579,2.3291074711809503,1.1169491803456286
1560,3.5224871729197984,2.4616617008325656,1.0608254720872328
1561,3.4762944691529993,2.3600772788150355,1.1162171903379638
1562,3.5186796116453896,2.398626830742574,1.1200527809028156
1563,3.5078304701763323,2.3896778518397475,1.1181526183365849
1564,3.5168994669294777,2.414542723926674,1.1023567430028036
1565,3.4560314852923035,2.294400935589871,1.1616305497024326
1566,3.5204112215767855,2.393701982519168,1.1267092390576177
1567,3.411662052065135,2.220641498658671,1.1910205534064642
1568,3.4775370628205713,2.3286261100147776,1.1489109528057937
1569,3.521843671671641,2.4194847096408187,1.1023589620308223
1570,3.4451607945590874,2.256296610094449,1.1888641844646384
1571,3.5086839467616078,2.3673622676104378,1.14132167915117
1572,3.473215825543471,2.3438678207601678,1.1293480047833033
1573,3.471562021142701,2.361823576980306,1.109738444162395
1574,3.500243418859909,2.375108791395196,1.1251346274647132
1575,3.5137989807625662,2.3803233288114964,1.1334756519510698
1576,3.4738189413147786,2.3922645251005585,1.08155441621422
1577,3.463244191164693,2.3592470378979917,1.1039971532667012
1578,3.4660528726557325,2.3243693762097366,1.1416834964459959
1579,3.5015537939156305,2.3622524285582602,1.1393013653573703
1580,3.4717531356607063,2.2805502911936655,1.1912028444670408
1581,3.354113664582461,2.182334564437949,1.1717791001445121
1582,3.528302471887948,2.420264947102749,1.1080375247851988
1583,3.497527223861418,2.4019445710323652,1.0955826528290529
1584,3.4683409742356197,2.3191002979198174,1.1492406763158023
1585,3.5125085151474558,2.359103187327224,1.1534053278202316
1586,3.424708506791889,2.2608826243509053,1.163825882440984
1587,3.527082272704087,2.4232453891401193,1.1038368835639676
1588,3.4614876489488835,2.3147290978835517,1.1467585510653318
1589,3.4950638724990495,2.3662190620704937,1.1288448104285558
1590,3.517558028887116,2.4614495281256765,1.0561085007614395
1591,3.445214531408543,2.2376455772117425,1.2075689541968004
1592,3.489031105584716,2.3811569688596412,1.1078741367250746
1593,3.477029797211809,2.3666120468884198,1.1104177503233892
1594,3.5225454213514333,2.43873416005587,1.0838112612955633
1595,3.438839800745949,2.2818956325608966,1.1569441681850523
1596,3.534312977915564,2.416869607797068,1.117443370118496
1597,3.450364936821926,2.271989100809926,1.1783758360119996
1598,3.460914310350745,2.3477542664851483,1.1131600438655966
1599,3.5116489716148305,2.406424214935956,1.1052247566788744
1600,3.5145273220361424,2.4051598169282746,1.1093675051078677
1601,3.479322879029315,2.3346498276662833,1.1446730513630317
1602,3.4834267172168594,2.343128133430583,1.1402985837862762
1603,3.5103980688028464,2.369611165712939,1.1407869030899076
1604,3.5125471452682744,2.378159217168761,1.1343879280995135
1605,3.446811428110425,2.2677162334115444,1.1790951946988808
1606,3.520052982140117,2.3818164340576318,1.1382365480824852
1607,3.51727615972479,2.432609879199297,1.084666280525493
1608,3.397749086484202,2.207067915870314,1.190681170613888
1609,3.4523093513891334,2.2684729750342014,1.183836376354932
1610,3.510117143646605,2.4120192476757922,1.0980978959708128
1611,3.47203565137573,2.398921127669545,1.073114523706185
1612,3.4874174339728268,2.3572381632727,1.1301792707001268
1613,3.491341847570433,2.3455874519351507,1.1457543956352825
1614,3.455910712596643,2.3028969824621273,1.1530137301345156
1615,3.402463682313804,2.3362700798852853,1.0661936024285188
1616,3.5000165505384864,2.4017292582563097,1.0982872922821767
1617,3.502226253536943,2.394201510056999,1.1080247434799437
1618,3.4907284980991298,2.3540797127103907,1.136648785388739
1619,3.5080310157415204,2.4134857858172096,1.0945452299243108
1620,3.4830358863403768,2.343407189631091,1.139628696709286
1621,3.515630943140512,2.4489721541464142,1.066658788994098
1622,3.532439640257771,2.462429267274514,1.070010372983257
1623,3.4555053877717814,2.3217726419481726,1.1337327458236088
1624,3.5068563732829543,2.442348477665751,1.0645078956172034
1625,3.466170488175833,2.285174733858253,1.1809957543175802
1626,3.519235647622401,2.437009252586327,1.082226395036074
1627,3.535630134766972,2.4693988504152053,1.0662312843517667
1628,3.5178000678046106,2.3955731125424875,1.1222269552621231
1629,3.473674186828964,2.31851175465152,1.1551624321774439
1630,3.436979212728256,2.3138261314633555,1.1231530812649004
1631,3.5323146478145473,2.447829949909433,1.0844846979051144
1632,3.5169580878167657,2.4274921040090263,1.0894659838077394
1633,3.499795854315994,2.3634050921366496,1.1363907621793445
1634,3.4298480111957286,2.283507515724328,1.1463404954714007
1635,3.539567300372762,2.508513282487217,1.0310540178855452
1636,3.5019053274539407,2.345573396706485,1.1563319307474558
1637,3.4497923876049117,2.280613703456578,1.1691786841483336
1638,3.4740477427207583,2.3229827831980714,1.151064959522687
1639,3.51599026335473,2.4681840798794807,1.0478061834752492
1640,3.445675893975926,2.2767484672810077,1.1689274266949186
1641,3.5150495837801183,2.442955107356952,1.0720944764231661
1642,3.438861352097379,2.2600629217314903,1.1787984303658887
1643,3.5175994933613386,2.4258224021588677,1.091777091202471
1644,3.420783114325925,2.2510907448596518,1.169692369466273
1645,3.482040682972051,2.338636309715717,1.1434043732563341
1646,3.5149111949396152,2.405133097779685,1.1097780971599303
1647,3.542863809280082,2.4818914404153336,1.0609723688647485
1648,3.4466180153898724,2.3229549320291247,1.1236630833607477
1649,3.384306552524594,2.2374592402775706,1.1468473122470235
1650,3.4955075026396125,2.4069311150845434,1.0885763875550691
1651,3.4862023284401755,2.3482566277095493,1.1379457007306262
1652,3.5162631418911015,2.4228677574878663,1.0933953844032351
1653,3.466681868676264,2.264711755563146,1.2019701131131182
1654,3.462423338656476,2.3710046234528757,1.0914187152036003
1655,3.46298585812507,2.3638952629105097,1.0990905952145602
1656,3.5117885830258806,2.513015138232961,0.9987734447929197
1657,3.51491856209679,2.3893974210867968,1.1255211410099935
1658,3.460177214818289,2.3370039859859335,1.1231732288323557
1659,3.4696360843157845,2.3168024381162464,1.152833646199538
1660,3.5031644653450362,2.370371345988475,1.132793119356561
1661,3.423523376239723,2.329610219972181,1.0939131562675417
1662,3.4665929844250822,2.361592912817585,1.1050000716074972
1663,3.511214150851798,2.3937666758214053,1.1174474750303927
1664,3.5311622070613558,2.4581715563964903,1.0729906506648654
1665,3.5106377789736403,2.4007615095853128,1.1098762693883275
1666,3.507863292808336,2.4233870327355405,1.0844762600727957
1667,3.4890828806929726,2.3291339549245436,1.159948925768429
1668,3.4609947488445014,2.3388117942771234,1.122182954567378
1669,3.5256692045488673,2.4249468644523304,1.100722340096537
1670,3.4704648130597247,2.3771933488190067,1.093271464240718
1671,3.4533409187051385,2.281171400829228,1.1721695178759104
1672,3.5002698353879804,2.433849855610555,1.0664199797774256
1673,3.492955965083543,2.38777078829601,1.1051851767875331
1674,3.5121463200143577,2.4136905570922385,1.0984557629221192
1675,3.491089127952691,2.3406695966241076,1.1504195313285837
1676,3.4565127280746117,2.3018986646535025,1.1546140634211093
1677,3.407421098536481,2.239575667964749,1.1678454305717318
1678,3.5080755458203563,2.38625704976454,1.1218184960558162
1679,3.467719444000852,2.31445701804118,1.1532624259596718
1680,3.483272713913186,2.3494020613022895,1.1338706526108964
1681,3.4934309923473688,2.370577874881036,1.1228531174663328
1682,3.5241286329436314,2.405590309721763,1.1185383232218684
1683,3.4632838573819478,2.3152384203926317,1.148045436989316
1684,3.4843373872224306,2.3550902543081595,1.129247132914271
1685,3.486820673643145,2.3500954024149987,1.1367252712281464
1686,3.517456704248843,2.378344053697752,1.1391126505510911
1687,3.513930020990491,2.382570174516116,1.1313598464743748
1688,3.42018750457236,2.304512041585005,1.115675462987355
1689,3.501713548097346,2.4143446365262884,1.0873689115710574
1690,3.477128677884214,2.3038145691972733,1.1733141086869407
1691,3.502139564661598,2.362178669176741,1.1399608954848572
1692,3.5181493652606433,2.4338775903181675,1.0842717749424757
1693,3.4800553137339723,2.325859262367528,1.1541960513664442
1694,3.512413334961059,2.3999302935134796,1.1124830414475793
1695,3.4147791268286025,2.2568437070981284,1.157935419730474
1696,3.4596157330746595,2.328501486915358,1.1311142461593016
1697,3.4615113858787683,2.301588706274407,1.1599226796043611
1698,3.4543170360107847,2.2873419495686567,1.166975086442128
1699,3.4665307070481304,2.3198075771205673,1.146723129927563
1700,3.424752798076691,2.272122826874503,1.1526299712021881
1701,3.4380829656459495,2.2407766281085717,1.1973063375373778
1702,3.5279063182709973,2.466927806305531,1.0609785119654664
1703,3.446418936807168,2.3615143587529035,1.0849045780542643
1704,3.4954144100263633,2.342558652676682,1.1528557573496814
1705,3.475025459253218,2.3536520535610412,1.121373405692177
1706,3.425654045433081,2.2433902805262798,1.1822637649068013
1707,3.5139623136499254,2.369406464816836,1.1445558488330896
1708,3.3935577765247498,2.2746525740052665,1.1189052025194832
1709,3.410363399101421,2.2154256737774647,1.1949377253239564
1710,3.4582718335616662,2.3217715524245284,1.1365002811371379
1711,3.499639985134268,2.38621443711516,1.1134255480191082
1712,3.435678158857567,2.2332511312954972,1.2024270275620697
1713,3.4697112259323672,2.3113200501087294,1.1583911758236378
1714,3.4592721421184915,2.284910122308935,1.1743620198095566
1715,3.4827850202687776,2.3568448750099784,1.1259401452587992
1716,3.532046764080983,2.4053790118423723,1.1266677522386108
1717,3.5233479753809482,2.393604939563654,1.1297430358172944
1718,3.487534196704585,2.3736545537743354,1.1138796429302498
1719,3.35479947384868,2.2032096221418804,1.1515898517067997
1720,3.440297820386006,2.3049916607874517,1.1353061595985543
1721,3.5011588907647577,2.3756160203447427,1.125542870420015
1722,3.481517214755048,2.3569993434173133,1.1245178713377348
1723,3.4670405018959167,2.3140437167967782,1.1529967850991385
1724,3.4951809322993546,2.372051282639515,1.1231296496598397
1725,3.504254129724872,2.4038086194155923,1.1004455103092798
1726,3.4607575255445067,2.3334634871261772,1.1272940384183294
1727,3.4683332452181577,2.332413450461386,1.1359197947567719
1728,3.4255849691064904,2.2914942618570446,1.1340907072494457
1729,3.484002135237507,2.3752436816234823,1.1087584536140245
1730,3.4292746798218423,2.290630676351677,1.1386440034701653
1731,3.3894622317850582,2.2253236317645504,1.1641386000205078
1732,3.511682830800213,2.5029528026447703,1.0087300281554428
1733,3.5216798771949644,2.4446441944514796,1.0770356827434848
1734,3.4937213062981445,2.354579031320499,1.1391422749776456
1735,3.5149339807394036,2.477645406820586,1.0372885739188176
1736,3.47560123332426,2.349954483129198,1.1256467501950622
1737,3.515343684094941,2.367383598269178,1.1479600858257628
1738,3.4762158133223826,2.3569141727076492,1.1193016406147334
1739,3.4468148335687925,2.293900302869365,1.1529145306994275
1740,3.4436279142130717,2.2953666978828426,1.148261216330229
1741,3.483333496125724,2.3475091769296554,1.1358243191960686
1742,3.4934678659593907,2.3742078881928514,1.1192599777665393
1743,3.42371166774047,2.243141749587367,1.180569918153103
1744,3.4962563571812697,2.3562947573659585,1.1399615998153112
1745,3.5174869244644644,2.440180904870919,1.0773060195935455
1746,3.4956847199221284,2.3844575360197653,1.111227183902363
1747,3.42134026344723,2.2649342209053223,1.1564060425419078
1748,3.4208126979607556,2.27802412615173,1.1427885718090254
1749,3.423954003332866,2.226304731970742,1.197649271362124
1750,3.4838017780167294,2.351094994193018,1.1327067838237115
1751,3.45291354838341,2.398920973891299,1.0539925744921108
1752,3.50218412280428,2.3517562120713893,1.1504279107328905
1753,3.5431982485705418,2.5050390397042235,1.0381592088663183
1754,3.5140962975133045,2.402120960433293,1.1119753370800116
1755,3.514304640260399,2.409080946226175,1.105223694034224
1756,3.506419544883575,2.391862463179362,1.1145570817042127
1757,3.4635863908198163,2.3648809567005795,1.0987054341192368
1758,3.4446594373959463,2.255869805559557,1.1887896318363893
1759,3.480346066549963,2.4037297720154,1.076616294534563
1760,3.530406326687941,2.48194199682169,1.0484643298662508
1761,3.4811019900949303,2.348827233599456,1.132274756495474
1762,3.515655090739951,2.3969828483982503,1.1186722423417006
1763,3.514765367755522,2.373897508929815,1.140867858825707
1764,3.4280057257730157,2.240131850849966,1.1878738749230497
1765,3.4471440261247883,2.3285771665313884,1.1185668595934
1766,3.534124656840914,2.477736907241599,1.056387749599315
1767,3.4603663158738,2.294736783515718,1.165629532358082
1768,3.5215702618442557,2.4042177331952743,1.1173525286489814
1769,3.5094418377177097,2.4687542711844177,1.040687566533292
1770,3.4213211536551333,2.2924122865178402,1.128908867137293
1771,3.4829878511369006,2.3718229709045366,1.111164880232364
1772,3.43930093539383,2.2967661939525494,1.1425347414412808
1773,3.5002882983618093,2.344589204657622,1.1556990937041873
1774,3.4589519578538916,2.3116547681349746,1.147297189718917
1775,3.439523606250392,2.254467613822435,1.185055992427957
1776,3.438160808679552,2.324018892787781,1.114141915891771
1777,3.4631441143794395,2.409541664263467,1.0536024501159726
1778,3.5095477276650544,2.476218108420245,1.0333296192448094
1779,3.482565354698131,2.385118600929908,1.097446753768223
1780,3.499502065153387,2.3647262534040117,1.1347758117493751
1781,3.417807666699541,2.2433735967376,1.1744340699619413
1782,3.514485690371987,2.3853603548628555,1.1291253355091317
1783,3.4328818111727686,2.3441887483668804,1.0886930628058882
1784,3.4196270427191036,2.2490195888598055,1.170607453859298
1785,3.3778340427302704,2.2065333652013894,1.171300677528881
1786,3.515211063586972,2.362050782426116,1.1531602811608561
1787,3.4414496372084282,2.3106837912768325,1.1307658459315957
1788,3.4883174682279585,2.3708328128905207,1.1174846553374378
1789,3.5177765112130257,2.412557875358114,1.1052186358549116
1790,3.5175825774140255,2.4476331323026397,1.0699494451113858
1791,3.42420147526388,2.253339362884272,1.170862112379608
1792,3.532035652458915,2.3975362405348615,1.1344994119240535
1793,3.481970202702308,2.3265527971337376,1.1554174055685702
1794,3.528250872889189,2.443060933932371,1.0851899389568178
1795,3.4718527738980294,2.3702963745198153,1.101556399378214
1796,3.518375219827508,2.4078248713965236,1.1105503484309844
1797,3.5169883213383337,2.428516200275391,1.0884721210629427
1798,3.511793177464494,2.362201924428942,1.149591253035552
1799,3.4463671795792767,2.299767329046207,1.14659985053307
1800,3.4774441268197953,2.3992314013628477,1.0782127254569476
1801,3.3791040996980013,2.214656494171867,1.1644476055261341
1802,3.47451747666393,2.318877420062418,1.1556400566015124
1803,3.4688049938339836,2.3595918749326232,1.1092131189013603
1804,3.4909522142061133,2.4021877921013086,1.0887644221048047
1805,3.497088679981759,2.36115566473412,1.1359330152476392
1806,3.468587083450883,2.337532048282031,1.1310550351688518
1807,3.5219885445149197,2.414837442772381,1.1071511017425388
1808,3.418043060037227,2.2377958369291333,1.1802472231080938
1809,3.459897982299227,2.286997081723542,1.172900900575685
1810,3.4506674473520915,2.322677038743013,1.1279904086090786
1811,3.4690579140782014,2.2794680286578948,1.1895898854203066
1812,3.4601161669184357,2.3378418794601146,1.1222742874583211
1813,3.4722205445582066,2.31815835277707,1.1540621917811364
1814,3.5034264128405637,2.440240325738209,1.0631860871023546
1815,3.4409640821787133,2.288576519487767,1.1523875626909463
1816,3.429078130385388,2.2711672238789515,1.1579109065064364
1817,3.5257759523438543,2.4266386208810458,1.0991373314628086
1818,3.4682500909854292,2.34265967038152,1.1255904206039093
1819,3.4432399025592937,2.2845424982633658,1.158697404295928
1820,3.455153556565295,2.3001416462298656,1.1550119103354293
1821,3.485683824095019,2.368723522545315,1.116960301549704
1822,3.5190419290076305,2.4192410153132866,1.0998009136943439
1823,3.4944505792620046,2.3851790338355334,1.1092715454264712
1824,3.501378541173581,2.403139646305989,1.0982388948675919
1825,3.4481572189629053,2.2789991480103713,1.169158070952534
1826,3.4011339673363707,2.263459020424693,1.1376749469116776
1827,3.4986542272367362,2.371750694683694,1.126903532553042
1828,3.5098041483445908,2.376784523139346,1.133019625205245
1829,3.4654256349429855,2.4197207867013657,1.0457048482416198
1830,3.5108258174061913,2.466237520542881,1.0445882968633105
1831,3.4546214153473356,2.3111858578256417,1.143435557521694
1832,3.4727153158284243,2.337012124743975,1.1357031910844495
1833,3.4538439602015476,2.2781382569648665,1.175705703236681
1834,3.445249393825228,2.2857732293642434,1.1594761644609846
1835,3.488504320904674,2.3448540847409136,1.1436502361637606
1836,3.4155930789822286,2.267834841621695,1.1477582373605335
1837,3.515182668814349,2.450529640123035,1.064653028691314
1838,3.5268922437967354,2.4583462886403473,1.068545955156388
1839,3.474164188621356,2.3956610762731723,1.0785031123481836
1840,3.489825726660685,2.394029582802527,1.0957961438581583
1841,3.4218531925660827,2.2882089313917695,1.1336442611743132
1842,3.4790578112758728,2.3137270686599747,1.165330742615898
1843,3.4993786799161053,2.34144279227243,1.1579358876436752
1844,3.4698080074519373,2.3822011112960064,1.0876068961559309
1845,3.4270408966067323,2.246261576239387,1.1807793203673453
1846,3.4981567368480295,2.326690622711255,1.1714661141367744
1847,3.4409076429228977,2.3398754182745654,1.1010322246483324
1848,3.5117351302966253,2.403229074490213,1.1085060558064121
1849,3.480074416170526,2.3543282951603994,1.1257461210101267
1850,3.520009929475421,2.3776320405114766,1.1423778889639444
1851,3.500436036156562,2.3735708805481672,1.1268651556083946
1852,3.4844904092976394,2.36871769687902,1.1157727124186194
1853,3.5165022530384635,2.391322253965236,1.1251799990732274
1854,3.482560955979926,2.3912106655678453,1.0913502904120809
1855,3.4195167720117814,2.287836003620816,1.1316807683909653
1856,3.4323847770811,2.3072911538562835,1.1250936232248163
1857,3.4202884292402147,2.3213327269595974,1.0989557022806173
1858,3.4996844127917957,2.3762934900210553,1.1233909227707404
1859,3.5027320217214672,2.340148174053719,1.1625838476677481
1860,3.480683854078002,2.3520710676485637,1.1286127864294384
1861,3.425429036318273,2.2473386857098907,1.1780903506083824
1862,3.5320423319246483,2.457634604764628,1.0744077271600205
1863,3.468501582811139,2.318354516072553,1.1501470667385862
1864,3.4182385101419537,2.2447079971496637,1.17353051299229
1865,3.4140897752682022,2.2527370009254875,1.1613527743427148
1866,3.3904677175930122,2.2176379769454098,1.1728297406476025
1867,3.4876652610095435,2.367308817497064,1.1203564435124798
1868,3.465413745058243,2.3193886767460126,1.1460250683122304
1869,3.52357265728532,2.46696526027897,1.05660739700635
1870,3.498065012161013,2.3851024289196023,1.1129625832414107
1871,3.4642422811068165,2.3012635465804734,1.1629787345263431
1872,3.531315821232619,2.4138217217435045,1.1174940994891145
1873,3.4339921651147933,2.234363536105033,1.1996286290097604
1874,3.5076188746605155,2.3975868688028545,1.110032005857661
1875,3.4531707996580114,2.3857361298307795,1.067434669827232
1876,3.4589053627077813,2.3172311560104415,1.1416742066973398
1877,3.490993349853007,2.379807075548937,1.1111862743040701
1878,3.4864212070850567,2.351980949637475,1.1344402574475816
1879,3.4780200559246577,2.373287859125735,1.1047321967989228
1880,3.493885191525097,2.3463925042077456,1.1474926873173512
1881,3.4701470004888977,2.3061554252650454,1.1639915752238523
1882,3.4656894463569303,2.4020231134219454,1.063666332934985
1883,3.378926967821162,2.2421428864388893,1.136784081382273
1884,3.470627449309907,2.3702643306685447,1.1003631186413623
1885,3.4759754534213867,2.361200532751023,1.1147749206703637
1886,3.481622169003729,2.365578275089453,1.1160438939142758
1887,3.509525042329429,2.368827953034511,1.140697089294918
1888,3.5296738995920474,2.4041916151673948,1.1254822844246526
1889,3.506765122607315,2.372463664392506,1.134301458214809
1890,3.521108715752358,2.4114854583849428,1.1096232573674154
1891,3.4668232050549475,2.339115453010115,1.1277077520448326
1892,3.4167974306506204,2.239929158267784,1.1768682723828365
1893,3.4613983820517924,2.3273110997001565,1.134087282351636
1894,3.4510256716709238,2.284068126456838,1.166957545214086
1895,3.432066118506635,2.2645229964976563,1.1675431220089787
1896,3.53102310985366,2.4406133947186985,1.0904097151349617
1897,3.4479360830080252,2.3509932765134827,1.0969428064945426
1898,3.4909813307919584,2.3539107254364433,1.137070605355515
1899,3.4431965442797363,2.321800994571067,1.1213955497086694
1900,3.5342063199212843,2.4911638307391204,1.043042489182164
1901,3.458378869976602,2.362445574195709,1.0959332957808932
1902,3.451468820043339,2.3069419311368504,1.1445268889064888
1903,3.441245435503966,2.264549629826133,1.176695805677833
1904,3.51796979817313,2.4124629644721796,1.1055068337009506
1905,3.479202206895642,2.330870974647141,1.1483312322485006
1906,3.523549566641558,2.3752978714685513,1.1482516951730068
1907,3.4866679553807347,2.3753627024430126,1.111305252937722
1908,3.463223989023421,2.260350404654706,1.202873584368715
1909,3.4528623801032037,2.300345896084955,1.1525164840182485
1910,3.4922190423908095,2.3721163878400398,1.1201026545507697
1911,3.4716629776466985,2.3671867374723132,1.1044762401743853
1912,3.4840754110005783,2.391688646678465,1.0923867643221135
1913,3.4078167066423144,2.2867408583015734,1.121075848340741
1914,3.468013827640634,2.341013479387835,1.1270003482527988
1915,3.433501227727572,2.2891043260303365,1.1443969016972355
1916,3.4368527674212697,2.243879272456821,1.1929734949644488
1917,3.472167521478524,2.323583259233473,1.148584262245051
1918,3.465039065405119,2.2716943161837384,1.1933447492213807
1919,3.4720607476870007,2.3468342361549626,1.1252265115320381
1920,3.4132006905625816,2.3035764388869175,1.109624251675664
1921,3.480340213957272,2.336446780110165,1.143893433847107
1922,3.471225989671141,2.3525526096712395,1.1186733799999016
1923,3.437168929470709,2.305788288833041,1.1313806406376679
1924,3.4478060431332924,2.26327462695992,1.1845314161733724
1925,3.4512150249486777,2.268059885947402,1.1831551390012756
1926,3.491267026673392,2.393090402615142,1.09817662405825
1927,3.4439383494470435,2.278069178181042,1.1658691712660016
1928,3.518968339520247,2.4208445693488705,1.0981237701713766
1929,3.507948941939371,2.343403623270182,1.1645453186691888
1930,3.540298674698326,2.4735553476106653,1.0667433270876607
1931,3.510589412128824,2.386746878128613,1.123842534000211
1932,3.5113440390049018,2.332941807219807,1.1784022317850948
1933,3.514000919631862,2.3918908777545544,1.1221100418773076
1934,3.4715440174949728,2.3319100249574913,1.1396339925374814
1935,3.522085695984905,2.4482409944647694,1.0738447015201356
1936,3.4269379144602117,2.3189385299920553,1.1079993844681564
1937,3.4295584437154942,2.2738024086368047,1.1557560350786895
1938,3.4105799782786517,2.2437374952181544,1.1668424830604973
1939,3.5466179327011713,2.461299513654867,1.0853184190463043
1940,3.467940738348103,2.360041196900178,1.107899541447925
1941,3.445525143718294,2.291834666478454,1.1536904772398402
1942,3.397610922100575,2.221445976304391,1.176164945796184
1943,3.4835317442083005,2.326743058682347,1.1567886855259535
1944,3.513922033410247,2.418217891665699,1.095704141744548
1945,3.5264723392913035,2.4911528183001397,1.0353195209911639
1946,3.490834796105975,2.3543989229875932,1.1364358731183817
1947,3.464403334360157,2.3810090795681362,1.0833942547920206
1948,3.4401906270637106,2.321032563035203,1.1191580640285075
1949,3.5232188327339293,2.4165673959913145,1.1066514367426148
1950,3.474324556485462,2.3116321715546566,1.1626923849308053
1951,3.4049836302855403,2.2175607716378134,1.187422858647727
1952,3.502810952489164,2.337742940909667,1.1650680115794971
1953,3.457344037560943,2.311510165970432,1.1458338715905114
1954,3.5148272367871347,2.4191524962139495,1.0956747405731853
1955,3.426796085182832,2.2675767630063848,1.159219322176447
1956,3.380240975626961,2.2333234792245023,1.1469174964024589
1957,3.463484045847597,2.3210987436040047,1.1423853022435924
1958,3.4860702823638716,2.3478355361956766,1.138234746168195
1959,3.4782013435466155,2.3010458030855974,1.1771555404610181
1960,3.48439884124865,2.378416569550113,1.105982271698537
1961,3.420815187433986,2.3361869842432292,1.0846282031907566
1962,3.3660438159387285,2.232223499878364,1.1338203160603646
1963,3.4838738081477327,2.354413664191592,1.1294601439561407
1964,3.3838519424066678,2.264241044019651,1.1196108983870166
1965,3.5285120329548483,2.49129892577722,1.0372131071776285
1966,3.472209625875437,2.324869747975183,1.147339877900254
1967,3.39490043631316,2.2174136630438572,1.1774867732693028
1968,3.5004456632396974,2.3812533212865836,1.1191923419531138
1969,3.506420673583829,2.3833236802835986,1.1230969933002304
1970,3.4189372665075703,2.258307746594101,1.1606295199134693
1971,3.4016363165771346,2.2895979964487143,1.1120383201284203
1972,3.5180360494969216,2.383378357468262,1.1346576920286595
1973,3.460003215897935,2.3743207772889923,1.0856824386089428
1974,3.401677759857856,2.219724871627811,1.181952888230045
1975,3.4662078665924434,2.306101769121226,1.1601060974712172
1976,3.4753251837153565,2.3190080298380282,1.1563171538773283
1977,3.4821345068929808,2.3364001731955213,1.1457343336974595
1978,3.4901134721319145,2.436211604094453,1.0539018680374617
1979,3.37881231826307,2.2219521686800046,1.1568601495830655
1980,3.494185471873947,2.4345005921830083,1.0596848796909386
1981,3.476568943533726,2.3477541366147987,1.1288148069189274
1982,3.4887565044623647,2.3085078822196845,1.1802486222426802
1983,3.3882983185047655,2.2366402080860737,1.1516581104186918
1984,3.4410127533901034,2.2994991893912458,1.1415135639988576
1985,3.419020866751484,2.263411021570344,1.1556098451811403
1986,3.4743018871651543,2.342401241549862,1.1319006456152922
1987,3.439241799853771,2.306855411268074,1.1323863885856973
1988,3.4588419777540276,2.3078875369089507,1.150954440845077
1989,3.4143993238780377,2.202957102932762,1.2114422209452758
1990,3.454535722817291,2.3505924655369244,1.1039432572803665
1991,3.4242639193157807,2.241786549835508,1.1824773694802726
1992,3.434119387781149,2.244866601528062,1.1892527862530868
1993,3.4464953397884694,2.300052523897095,1.1464428158913744
1994,3.4823631704637386,2.3628335659934794,1.1195296044702592
1995,3.521336630805192,2.3934384104114126,1.1278982203937793
1996,3.467516140993668,2.3360910635610392,1.1314250774326289
1997,3.508630050362593,2.415717181235704,1.0929128691268888
1998,3.507973388289229,2.3935457252043686,1.1144276630848604
1999,3.44522830326647,2.2936605125777136,1.1515677906887563
2000,3.489225829061293,2.3554929414442847,1.1337328876170085
2001,3.455244570259828,2.320080561909768,1.1351640083500598
2002,3.5172084841742772,2.3829163872862704,1.1342920968880068
2003,3.505098558040953,2.370024027121389,1.1350745309195638
2004,3.445800051786275,2.3148045139600724,1.1309955378262027
2005,3.481978721853331,2.3155089895795657,1.1664697322737654
2006,3.4514430352911747,2.2804770580577807,1.170965977233394
2007,3.4459309784562304,2.3785545039567753,1.0673764744994552
2008,3.5238452528353887,2.44914099932054,1.0747042535148488
2009,3.4795450476171235,2.367027454122943,1.1125175934941804
2010,3.490567069995168,2.4122189811177837,1.0783480888773842
2011,3.4452985673411916,2.284955479021221,1.1603430883199706
2012,3.5277122051976946,2.4472339754972627,1.0804782297004318
2013,3.5297972516291583,2.433389084890831,1.0964081667383274
2014,3.4015251881570414,2.259316496792532,1.1422086913645093
2015,3.4738278905772737,2.3301918562423345,1.1436360343349392
2016,3.481335962327086,2.330078189037938,1.151257773289148
2017,3.50361077479689,2.465105088653341,1.0385056861435489
2018,3.416300904089765,2.2367419107225746,1.1795589933671904
2019,3.4965761919449005,2.5023142767835433,0.9942619151613572
2020,3.508441760807266,2.4106951344280168,1.0977466263792492
2021,3.480846396456236,2.3319574291215086,1.1488889673347273
2022,3.52177233872302,2.465800341282378,1.055971997440642
2023,3.5083951184544824,2.3592069395767203,1.149188178877762
2024,3.527242307194707,2.4777857515065755,1.0494565556881317
2025,3.453177912413389,2.276569295721094,1.1766086166922949
2026,3.514114471119829,2.401206300179391,1.1129081709404383
2027,3.4928116134456126,2.3971573378560556,1.095654275589557
2028,3.401860828408831,2.2691016778675595,1.1327591505412715
2029,3.452637411820409,2.271684570176798,1.1809528416436113
2030,3.5123558116826876,2.3788904689993666,1.133465342683321
2031,3.5076651952677516,2.3958978746404265,1.111767320627325
2032,3.4863178605016074,2.3500098378812857,1.1363080226203217
2033,3.3977278855439104,2.2149056100018005,1.1828222755421098
2034,3.4830674325989244,2.3451115113226613,1.137955921276263
2035,3.453117191165527,2.248532927545857,1.2045842636196702
2036,3.5070031670958897,2.369955045804045,1.1370481212918446
2037,3.483155951639057,2.343053536556079,1.140102415082978
2038,3.4576426735756804,2.289029828959158,1.1686128446165225
2039,3.484091964980698,2.372394561222559,1.1116974037581389
2040,3.425626938556122,2.2326003670471644,1.1930265715089576
2041,3.433865253549462,2.325229566293885,1.108635687255577
2042,3.39324752901009,2.2019383858379626,1.1913091431721274
2043,3.468992975343955,2.2914208071144513,1.1775721682295037
2044,3.4510008366063434,2.261943091012446,1.1890577455938973
2045,3.3927507351593444,2.240668565350828,1.1520821698085166
2046,3.4877169274272433,2.31445548451112,1.1732614429161234
2047,3.420945936541118,2.2777415432874415,1.1432043932536766
2048,3.39889580747643,2.1794444078368205,1.2194513996396097
2049,3.438494968027979,2.2752941542585705,1.1632008137694085
2050,3.510980246806689,2.337988168081854,1.172992078724835
2051,3.455474085598985,2.2823276098700123,1.1731464757289727
2052,3.4831343934422545,2.339226943113527,1.1439074503287276
2053,3.4488306199715724,2.251522236870015,1.1973083831015572
2054,3.4804318813852446,2.368319011967829,1.1121128694174156
2055,3.368185553188847,2.1919375287453837,1.1762480244434634
2056,3.4736252726172383,2.369089139506299,1.1045361331109391
2057,3.4727158711171726,2.355105168136681,1.1176107029804916
2058,3.4913433081715195,2.3745777878299035,1.116765520341616
2059,3.41695981522079,2.2752813277965163,1.1416784874242736
2060,3.428276641581555,2.2826040165295773,1.1456726250519775
2061,3.5245097130987366,2.436397354278516,1.0881123588202208
2062,3.510095800756572,2.365502450123421,1.144593350633151
2063,3.4751453166284203,2.3013524062345896,1.1737929103938307
2064,3.434827185258669,2.324473804045148,1.1103533812135211
2065,3.49147895528741,2.4340939743456405,1.0573849809417695
2066,3.5142119041747377,2.425457958289931,1.0887539458848066
2067,3.424298023900764,2.2593202854898755,1.1649777384108884
2068,3.4714028686603244,2.3330921208858677,1.1383107477744567
2069,3.5087487477154498,2.4037655602658186,1.1049831874496312
2070,3.491540336349358,2.392641746237175,1.0988985901121828
2071,3.4592552101397507,2.287262101734027,1.1719931084057236
2072,3.489996049699842,2.310084076131718,1.179911973568124
2073,3.4208896130314677,2.2326110443885403,1.1882785686429274
2074,3.5123283739462017,2.44879925787151,1.0635291160746916
2075,3.4518838203751003,2.3718394275234127,1.0800443928516876
2076,3.460115525012321,2.270289700909759,1.1898258241025617
2077,3.4433939615308664,2.2783466599406115,1.165047301590255
2078,3.490295684317385,2.387844351655238,1.102451332662147
2079,3.43066269104569,2.2799059493955576,1.1507567416501323
2080,3.4863960443819724,2.319835189419342,1.1665608549626305
2081,3.4875613766170805,2.438708179327538,1.0488531972895427
2082,3.4996679377663367,2.3669413387393283,1.1327265990270083
2083,3.4701678452747453,2.2945209507133972,1.175646894561348
2084,3.502065945337794,2.450632366548237,1.051433578789557
2085,3.464511030516845,2.327818832222982,1.1366921982938631
2086,3.490294519008091,2.406537301689533,1.0837572173185581
2087,3.4446173886238114,2.3326851044474295,1.111932284176382
2088,3.4487869323625913,2.349598796593698,1.0991881357688933
2089,3.428315948976616,2.235506697006293,1.1928092519703228
2090,3.471119635250451,2.321565154425513,1.1495544808249383
2091,3.4423434428253903,2.3169944395188358,1.1253490033065545
2092,3.4809672757229637,2.3883742005253623,1.0925930751976014
2093,3.485395057768332,2.4015959308927646,1.0837991268755673
2094,3.5102758324298655,2.38766902374112,1.1226068086887455
2095,3.5115575665588357,2.3698304489463986,1.141727117612437
2096,3.4740692791041443,2.3157255763391293,1.158343702765015
2097,3.354212544172762,2.1601859253940248,1.1940266187787372
2098,3.314012909030468,2.1029783767795927,1.2110345322508755
2099,3.420972031810075,2.2924757737232877,1.1284962580867872
2100,3.452769208730194,2.2985816886247536,1.1541875201054403
2101,3.490254656725474,2.36257683880007,1.1276778179254041
2102,3.3995537335737236,2.25118748317612,1.1483662503976038
2103,3.48850237848661,2.394368209898311,1.0941341685882993
2104,3.4460130134608775,2.2714698664517203,1.1745431470091572
2105,3.464211782898321,2.3325847665676918,1.1316270163306292
2106,3.48212469537199,2.3805163766481723,1.1016083187238177
2107,3.4612553033243847,2.374053897355073,1.0872014059693118
2108,3.5287267669121576,2.4005317673345736,1.128194999577584
2109,3.4256049132416404,2.2881413014799294,1.137463611761711
2110,3.448909706098882,2.2991260220586547,1.1497836840402273
2111,3.465754142940941,2.3257655939219792,1.1399885490189616
2112,3.4868262346583125,2.346614578017908,1.1402116566404046
2113,3.4006986478495143,2.233320202055936,1.1673784457935783
2114,3.3606846039702294,2.1811334915620386,1.1795511124081908
2115,3.4460104635346074,2.286839648466191,1.1591708150684163
2116,3.5177381398402194,2.3780253452537132,1.1397127945865062
2117,3.4935383489865193,2.339013410827912,1.1545249381586071
2118,3.3995286598227765,2.2205124246752597,1.1790162351475169
2119,3.470184687501024,2.291566129732322,1.1786185577687016
2120,3.4171015568421863,2.2903130109791214,1.1267885458630649
2121,3.504033311827334,2.4070075260219825,1.0970257858053514
2122,3.472268507776536,2.3357407874297724,1.1365277203467636
2123,3.4458926834995625,2.2814782479369873,1.1644144355625752
2124,3.499695654443145,2.32064980677472,1.1790458476684251
2125,3.5234416212966995,2.399674526002672,1.1237670952940273
2126,3.526200547003382,2.4238500201137927,1.1023505268895892
2127,3.5305432244834285,2.3999538474342703,1.1305893770491582
2128,3.494693547836274,2.332842903087106,1.161850644749168
2129,3.4745381420133885,2.344504877970677,1.1300332640427113
2130,3.523685723988912,2.4499105400717,1.073775183917212
2131,3.4404831504745865,2.2598889975186545,1.180594152955932
2132,3.475624497377055,2.3519880691429487,1.1236364282341063
2133,3.507868762888906,2.387404322258991,1.120464440629915
2134,3.4760560999978805,2.3223953147191554,1.153660785278725
2135,3.4521203104087013,2.329879831812326,1.122240478596375
2136,3.4925815168238032,2.3466907019153056,1.1458908149084976
2137,3.461409627572905,2.3026770406724157,1.1587325869004892
2138,3.4462717360475987,2.3328501775730635,1.1134215584745353
2139,3.4662070816961483,2.3599246573286363,1.106282424367512
2140,3.4683150756531718,2.384775393314842,1.0835396823383299
2141,3.499094200765669,2.41951635112356,1.0795778496421091
2142,3.4915503329396387,2.361143703031251,1.1304066299083875
2143,3.3413570630637492,2.1624230524232204,1.1789340106405288
2144,3.5363085279423596,2.4289046815654665,1.1074038463768932
2145,3.5057179437917156,2.379998838621618,1.1257191051700977
2146,3.47511665338258,2.363886138099819,1.1112305152827608
2147,3.4779899706048534,2.296027408062815,1.1819625625420382
2148,3.4280785354758216,2.2439505136054914,1.1841280218703303
2149,3.4201717220708874,2.2559811483228778,1.1641905737480096
2150,3.5058349502739965,2.3740886043014315,1.131746345972565
2151,3.490559332315014,2.3670642811668334,1.1234950511481805
2152,3.403559238390647,2.2729145567535562,1.1306446816370905
2153,3.444372949013898,2.3419277202717588,1.1024452287421393
2154,3.488607436028413,2.3853590141450685,1.1032484218833445
2155,3.482634657908829,2.395478907972807,1.0871557499360223
2156,3.5209288999836397,2.5091061714436043,1.0118227285400354
2157,3.4710165429047466,2.3300779110171863,1.1409386318875603
2158,3.49504841007273,2.3708794812721337,1.1241689288005965
2159,3.4195078643217727,2.258050571371837,1.1614572929499358
2160,3.4512389270682062,2.2984186763456234,1.1528202507225829
2161,3.4406242521708434,2.345938726603662,1.0946855255671815
2162,3.5124587928690607,2.398572477719712,1.1138863151493488
2163,3.4942963996169376,2.3211754882443953,1.1731209113725423
2164,3.4505318817097903,2.296718805307296,1.153813076402494
2165,3.4101222051774283,2.204823731834464,1.2052984733429644
2166,3.511262544759332,2.410642445154957,1.1006200996043751
2167,3.4725984387313975,2.3607522075400396,1.111846231191358
2168,3.4517373760463994,2.305613623348319,1.1461237526980805
2169,3.485296854487758,2.382120416785632,1.103176437702126
2170,3.47555546171574,2.353410809371271,1.1221446523444687
2171,3.435088122954903,2.3112233264897113,1.1238647964651918
2172,3.479984667286662,2.3722838021200476,1.1077008651666143
2173,3.474637650838355,2.4632198601073836,1.0114177907309716
2174,3.3614899702940866,2.1685989023727057,1.1928910679213809
2175,3.4016822794039316,2.218129696502176,1.1835525829017555
2176,3.4992953679659506,2.3354675130726714,1.1638278548932792
2177,3.4297731448266786,2.237652893722768,1.1921202511039106
2178,3.456710830917866,2.36316618187517,1.0935446490426957
2179,3.4177412005708216,2.248164591955664,1.1695766086151576
2180,3.510557896840165,2.4051512858975235,1.1054066109426417
2181,3.518252303983871,2.3871161471190785,1.1311361568647924
2182,3.445567802330021,2.325181609860977,1.1203861924690441
2183,3.4398062928395756,2.282605185533202,1.1572011073063737
2184,3.38873329538858,2.174719003792601,1.214014291595979
2185,3.3728431491463744,2.1792114190534893,1.1936317300928851
2186,3.471194845916079,2.306385198655326,1.164809647260753
2187,3.52186286511132,2.406747166105032,1.1151156990062878
2188,3.4573547743834827,2.3036924780365484,1.1536622963469343
2189,3.523626020172302,2.487701884505005,1.035924135667297
2190,3.509336463295023,2.4083734399919523,1.1009630233030707
2191,3.466568926241495,2.354044096650761,1.112524829590734
2192,3.5224612192468885,2.45004220393657,1.0724190153103184
2193,3.4603707041831733,2.3395924167137725,1.1207782874694008
2194,3.5007814549461966,2.4164848148820233,1.0842966400641734
2195,3.4895942547298078,2.3487953845204617,1.1407988702093461
2196,3.4719554857415336,2.3649517078102944,1.1070037779312392
2197,3.484231512891736,2.3575625037354158,1.1266690091563203
2198,3.4863045817884646,2.3661593827501664,1.1201451990382982
2199,3.448555004950241,2.2791442515533764,1.1694107533968645
2200,3.5242180819520876,2.468593862521299,1.0556242194307885
2201,3.465957255961172,2.294241240400841,1.1717160155603312
2202,3.5062371103626995,2.369038358351077,1.1371987520116225
2203,3.493992505108354,2.3145042347004106,1.1794882704079432
2204,3.4825894210473876,2.323915333218447,1.1586740878289405
2205,3.4150390342990904,2.2564674111778964,1.158571623121194
2206,3.443429346684516,2.30481357679674,1.138615769887776
2207,3.523472990373263,2.4804557372413503,1.0430172531319126
2208,3.483667542417753,2.361404904199654,1.122262638218099
2209,3.52198222429877,2.43186729298916,1.0901149313096101
2210,3.5072549984697026,2.38921993676476,1.1180350617049424
2211,3.460452704793726,2.2911045638683403,1.1693481409253859
2212,3.5096508313135777,2.4512498326905723,1.0584009986230054
2213,3.4826325729572605,2.3165804919424033,1.1660520810148571
2214,3.463055412843711,2.39436490308579,1.068690509757921
2215,3.4695999532284953,2.334212028726816,1.1353879245016794
2216,3.4940286042505795,2.356221728329644,1.1378068759209357
2217,3.4584902916086993,2.3362493607014483,1.122240930907251
2218,3.48796234772308,2.382465879083702,1.105496468639378
2219,3.462873443826115,2.3928874096112054,1.0699860342149097
2220,3.513319137633518,2.4774935600758305,1.0358255775576874
2221,3.4736065511395084,2.317496155178371,1.1561103959611376
2222,3.419824486592347,2.2732507547491103,1.1465737318432367
2223,3.536965685931576,2.4191724185647403,1.1177932673668356
2224,3.490234403057563,2.3460279568385505,1.1442064462190125
2225,3.4937795724349585,2.3517799646519735,1.141999607782985
2226,3.4855024053135026,2.303906147281967,1.1815962580315356
2227,3.519443033742661,2.4214542770577605,1.0979887566849005
2228,3.4325480486674804,2.3056454738327847,1.1269025748346957
2229,3.3950940826403,2.245282420285923,1.1498116623543773
2230,3.45259937985544,2.294092627028187,1.158506752827253
2231,3.504216120532758,2.409208312092591,1.095007808440167
2232,3.440944684883685,2.276809224838763,1.164135460044922
2233,3.4993591221051967,2.4460427805126193,1.0533163415925775
2234,3.4796658594345864,2.3448530487627854,1.134812810671801
2235,3.4450986647003394,2.330376581576191,1.1147220831241484
2236,3.54449454884253,2.4368495751324932,1.1076449737100367
2237,3.450803043842884,2.3220428733871694,1.1287601704557146
2238,3.430863168647521,2.263247422539159,1.1676157461083618
2239,3.4478728456507866,2.2855830831541253,1.1622897624966613
2240,3.4766085410832033,2.3492567470206356,1.1273517940625677
2241,3.4465357197834616,2.2895632185663213,1.1569725012171403
2242,3.510515504888074,2.369101651340929,1.141413853547145
2243,3.516343615348689,2.4415923113600217,1.0747513039886671
2244,3.4771496490272193,2.312684595235787,1.1644650537914325
2245,3.4359685327171516,2.2920264627814975,1.1439420699356542
2246,3.3727446075540937,2.208838862995236,1.1639057445588579
2247,3.478910727726113,2.353920776177672,1.1249899515484412
2248,3.507460700830382,2.352130956496885,1.155329744333497
2249,3.455880341112899,2.3222681823189735,1.1336121587939254
2250,3.5017422625426287,2.3495855464178867,1.152156716124742
2251,3.4210673681957524,2.2464902454986917,1.1745771226970607
2252,3.4797556909513276,2.34414007495002,1.1356156160013078
2253,3.4309714263403284,2.3210589111463293,1.109912515193999
2254,3.476539537045193,2.3098217794941323,1.1667177575510608
2255,3.5112874039535766,2.432111205533846,1.0791761984197308
2256,3.4743293397722383,2.3436754227984116,1.1306539169738268
2257,3.4807637610055693,2.357035611691241,1.1237281493143283
2258,3.518864199152876,2.374660316677906,1.14420388247497
2259,3.418734530596044,2.2392496803007043,1.17948485029534
2260,3.456243534575344,2.309214862024108,1.1470286725512362
2261,3.4575733499220442,2.319008998719449,1.1385643512025951
2262,3.4330095327123344,2.2710331081140254,1.161976424598309
2263,3.5258235837342244,2.4450047488664772,1.0808188348677472
2264,3.4408276018612254,2.2513189462101444,1.189508655651081
2265,3.522399414444027,2.410993961273241,1.1114054531707862
2266,3.4703476670972466,2.3909687027050635,1.0793789643921832
2267,3.49686443770236,2.3828843125408348,1.1139801251615253
2268,3.4753144960911233,2.3265643836930527,1.1487501123980706
2269,3.390671186195377,2.2083193800968313,1.1823518060985458
2270,3.4897333206409424,2.3471512724522765,1.142582048188666
2271,3.5081313228814635,2.378528446237121,1.1296028766443427
2272,3.454123886453298,2.31964281187616,1.1344810745771379
2273,3.5197165022444463,2.416763722337268,1.102952779907178
2274,3.429502233235107,2.262391399666725,1.167110833568382
2275,3.4434700029630068,2.282998921679965,1.1604710812830419
2276,3.5081865791198448,2.381417481088443,1.1267690980314016
2277,3.48547102555902,2.3316238361781503,1.15384718938087
2278,3.4748440623154853,2.3195680479641743,1.155276014351311
2279,3.504159555600347,2.4134914450897345,1.0906681105106126
2280,3.5258208276307474,2.481823544860104,1.0439972827706434
2281,3.4736230672445476,2.292957055151329,1.1806660120932184
2282,3.5109166505172817,2.4660095075010267,1.044907143016255
2283,3.466320748599052,2.4113250059291027,1.0549957426699494
2284,3.3812961620742694,2.196239367784037,1.1850567942902326
2285,3.4642573373363814,2.3964124800100692,1.0678448573263122
2286,3.396605866344347,2.303000011071052,1.093605855273295
2287,3.518598766536228,2.4000523816566326,1.1185463848795956
2288,3.4326741295444094,2.3104742848991724,1.122199844645237
2289,3.483736809865869,2.3502335918207486,1.1335032180451203
2290,3.449870929248874,2.3163175207909923,1.1335534084578818
2291,3.3932812966913954,2.2380089775782874,1.155272319113108
2292,3.511305525554971,2.4053088131024345,1.1059967124525367
2293,3.5002012407264456,2.3614529677660885,1.138748272960357
2294,3.4712907872205676,2.364494409595068,1.1067963776254994
2295,3.487077468692153,2.3339094091827617,1.1531680595093912
2296,3.46434650646003,2.301677500144234,1.162669006315796
2297,3.481106993836382,2.3859368109319368,1.0951701829044453
2298,3.4969826635664143,2.4018390072100027,1.0951436563564116
2299,3.441681029551823,2.311943563523894,1.1297374660279291
2300,3.5059030061183476,2.4485263602263903,1.0573766458919573
2301,3.4897663216171453,2.382661599196946,1.1071047224201993
2302,3.5298295931269528,2.4034200690275704,1.1264095240993823
2303,3.503615222451712,2.337393506323426,1.1662217161282862
2304,3.4963743173451993,2.358614083962424,1.1377602333827754
2305,3.5047620821180856,2.347366556433848,1.1573955256842376
2306,3.4734275925064937,2.3221354980940907,1.151292094412403
2307,3.396863528294098,2.2499449055816507,1.1469186227124473
2308,3.506992709794829,2.3610601219552176,1.1459325878396114
2309,3.4660249246452417,2.3209789491119452,1.1450459755332965
2310,3.4229993813527524,2.307802459516269,1.1151969218364832
2311,3.4586585987000134,2.364270193688694,1.0943884050113195
2312,3.4771529714841756,2.342051347117818,1.1351016243663574
2313,3.4928454117472465,2.3265820882226693,1.1662633235245772
2314,3.5054305020983016,2.3342096109584825,1.1712208911398192
2315,3.418725467759892,2.2428259343041557,1.1758995334557363
2316,3.513903412979227,2.388756626110662,1.125146786868565
2317,3.532863293701807,2.420611298532417,1.11225199516939
2318,3.525308705829203,2.4640642579596794,1.0612444478695235
2319,3.4340178461013777,2.279365561474107,1.1546522846272707
2320,3.4791391561824105,2.351487792002343,1.1276513641800676
2321,3.4702185085300656,2.3431895786305,1.1270289298995655
2322,3.4816449329359695,2.3251365026399475,1.156508430296022
2323,3.5100097938410673,2.41716983366625,1.092839960174817
2324,3.4942098867726266,2.3383449364803472,1.1558649502922793
2325,3.5232669654657,2.428690346382024,1.0945766190836759
2326,3.5039857634609772,2.3969843034582565,1.1070014600027207
2327,3.437083425749594,2.2398843033404354,1.1971991224091587
2328,3.4555115774248097,2.290863151749623,1.1646484256751868
2329,3.5263985210410738,2.409460997523359,1.1169375235177146
2330,3.404773706181775,2.2047435162048075,1.2000301899769674
2331,3.4480614056132723,2.277320701363932,1.1707407042493405
2332,3.424863243513468,2.236938142898347,1.187925100615121
2333,3.489016653591746,2.346969605389118,1.142047048202628
2334,3.3988026274821976,2.2647966291038326,1.134005998378365
2335,3.421832806383848,2.278459278472593,1.1433735279112547
2336,3.4958843503606856,2.3652118917158345,1.130672458644851
2337,3.4946199647515934,2.348150086567949,1.1464698781836442
2338,3.389982607897164,2.2219221537316876,1.1680604541654764
2339,3.524891543975575,2.4973502216273427,1.0275413223482324
2340,3.4094589438406846,2.239492153990088,1.1699667898505965
2341,3.427877819517364,2.283768951086147,1.1441088684312168
2342,3.505166968815615,2.383223624984769,1.121943343830846
2343,3.463940138481757,2.375406865681421,1.088533272800336
2344,3.3962218075670023,2.2522884324790793,1.143933375087923
2345,3.464304345012392,2.363277198536989,1.1010271464754027
2346,3.5167455405863444,2.411174211651937,1.1055713289344076
2347,3.4376324067351547,2.2925466005173716,1.145085806217783
2348,3.507752476619765,2.3961862736395885,1.1115662029801765
2349,3.533737450424397,2.5234762435709315,1.0102612068534653
2350,3.3947879081006627,2.274754608936377,1.1200332991642856
2351,3.52749765371966,2.413508959510376,1.1139886942092843
2352,3.4201765010088554,2.320766712861136,1.0994097881477196
2353,3.486126718014018,2.405154007252467,1.080972710761551
2354,3.451317771972796,2.2599061039449744,1.1914116680278215
2355,3.4726681529696246,2.326894906295939,1.1457732466736856
2356,3.442432706714381,2.2512951106200405,1.1911375960943404
2357,3.5253438400601698,2.40542679604051,1.11991704401966
2358,3.4314440256306664,2.251360843546426,1.1800831820842403
2359,3.5210140164884995,2.412618627411099,1.1083953890774008
2360,3.419166745674743,2.288990911179345,1.130175834495398
2361,3.4141490661101,2.3010842412884545,1.1130648248216457
2362,3.426279668032428,2.331831431964177,1.094448236068251
2363,3.442981162616959,2.302498711356763,1.1404824512601959
2364,3.41788467412334,2.270782013813119,1.147102660310221
2365,3.4616384662008133,2.316937151839561,1.144701314361252
2366,3.421445588908906,2.267196098094532,1.1542494908143741
2367,3.464626707402102,2.308955003300471,1.1556717041016311
2368,3.4575986753898444,2.3009600242966854,1.156638651093159
2369,3.5048548236323676,2.4342456567074615,1.070609166924906
2370,3.51887363959071,2.4174826462840846,1.1013909933066253
2371,3.440532045291327,2.3025072691352806,1.1380247761560462
2372,3.485215434958537,2.3384142573743776,1.1468011775841593
2373,3.479537142660376,2.3727961996525635,1.1067409430078126
2374,3.4331611128203066,2.38615911132307,1.0470020014972365
2375,3.4328161798893064,2.2761777776323493,1.1566384022569571
2376,3.5457664311148784,2.4728409965045297,1.0729254346103487
2377,3.5244912338840435,2.402323785932151,1.1221674479518926
2378,3.45424028940167,2.339739303722287,1.114500985679383
2379,3.4047255526232214,2.2136268373268124,1.191098715296409
2380,3.4561623285156218,2.3233694705499413,1.1327928579656805
2381,3.4900893015361287,2.453763743982657,1.0363255575534716
2382,3.5353587252998966,2.475872000263143,1.0594867250367535
2383,3.4946679433463483,2.3685346247551946,1.1261333185911537
2384,3.494060747491048,2.443159833432373,1.050900914058675
2385,3.493951580799102,2.4298633977548625,1.0640881830442397
2386,3.3817436425486704,2.1842198581177508,1.1975237844309197
2387,3.4444985529207086,2.301593037332923,1.1429055155877856
2388,3.4471300038535033,2.2919802701169854,1.155149733736518
2389,3.530246431774071,2.4848405544782235,1.0454058772958477
2390,3.474603558256676,2.37860000227595,1.096003555980726
2391,3.416101005602324,2.314483625859766,1.1016173797425584
2392,3.44614656973545,2.294632925128538,1.1515136446069123
2393,3.4485401631419372,2.2834225189293846,1.1651176442125526
2394,3.4628893168523036,2.2958148186635174,1.1670744981887862
2395,3.5139239992594917,2.407745400181758,1.1061785990777335
2396,3.4699858840546463,2.356601606562365,1.113384277492281
2397,3.3910722372713353,2.2435400662621734,1.147532171009162
2398,3.426013730272207,2.2281031562554436,1.1979105740167633
2399,3.4715402792788725,2.346684188244807,1.1248560910340655
2400,3.500288944914841,2.347843285167196,1.1524456597476447
2401,3.454310209572208,2.276200159292242,1.1781100502799662
2402,3.466904644341312,2.337277713079687,1.1296269312616247
2403,3.494685651585487,2.3846067194464298,1.1100789321390572
2404,3.5183086812957574,2.398969485083342,1.1193391962124153
2405,3.518057768445353,2.4229870834517055,1.0950706849936473
2406,3.4787839649499976,2.3468132504007144,1.1319707145492832
2407,3.4015486826467702,2.282467249746237,1.1190814329005332
2408,3.511082347829057,2.3799515931235367,1.1311307547055205
2409,3.4912785348506756,2.3266105151739476,1.164668019676728
2410,3.520451769533296,2.5324485445762495,0.9880032249570467
2411,3.4642734410438623,2.3224189538095024,1.14185448723436
2412,3.4807307822438633,2.3288231146635354,1.151907667580328
2413,3.5140799462801104,2.377418442391571,1.1366615038885395
2414,3.5050439896967225,2.367022399430055,1.1380215902666673
2415,3.5267453789006042,2.450624331426047,1.0761210474745573
2416,3.4773871888722923,2.3148309329422694,1.1625562559300229
2417,3.4862872573551016,2.328665427887581,1.1576218294675207
2418,3.453758286149762,2.3133719410436155,1.1403863451061467
2419,3.4703495981153174,2.3579624794553253,1.112387118659992
2420,3.4287219313073813,2.2535833731628325,1.1751385581445488
2421,3.4944255157472552,2.3683449465877393,1.126080569159516
2422,3.4390459235284947,2.323648188628621,1.1153977348998736
2423,3.5055305617148025,2.3269081919762966,1.1786223697385059
2424,3.4755237698915824,2.3389923266946537,1.1365314431969287
2425,3.4806676708729367,2.3353737575935156,1.145293913279421
2426,3.535240388988596,2.451371626742474,1.083868762246122
2427,3.5153968151056136,2.3799142572424525,1.135482557863161
2428,3.477364504195647,2.3242066659733536,1.1531578382222936
2429,3.4925951432889377,2.3335861466074044,1.1590089966815333
2430,3.4304366069728975,2.297576036488077,1.1328605704848207
2431,3.4752157373568697,2.334442988962774,1.1407727483940957
2432,3.392294419700426,2.2204913465029903,1.1718030731974358
2433,3.510066451064917,2.422833710963599,1.0872327401013182
2434,3.4919024888984502,2.382987012631386,1.108915476267064
2435,3.4513528533028532,2.30649807457953,1.1448547787233232
2436,3.5320773119926026,2.4528892247818446,1.079188087210758
2437,3.4456546121614595,2.2705288688168794,1.17512574334458
2438,3.4589271211863655,2.336570495945068,1.1223566252412973
2439,3.4467676818378132,2.3018699142782726,1.1448977675595406
2440,3.5264709439263546,2.469338408340729,1.0571325355856258
2441,3.4469931869129176,2.378858725388503,1.0681344615244144
2442,3.488606728465084,2.338695751234126,1.1499109772309581
2443,3.4406525603236284,2.3388730700468785,1.10177949027675
2444,3.5008566996680344,2.481553559197104,1.0193031404709303
2445,3.4770236571308706,2.3447790338075527,1.1322446233233179
2446,3.4838118676769705,2.405312023947111,1.0784998437298596
2447,3.444379391226138,2.304605225026228,1.13977416619991
2448,3.514126736571319,2.4263822717778947,1.0877444647934245
2449,3.466898963608316,2.2857409569540628,1.181158006654253
2450,3.486564893861518,2.3255976327673546,1.1609672610941635
2451,3.441294068068622,2.304908982658809,1.1363850854098128
2452,3.4697789230168143,2.3286553766863913,1.141123546330423
2453,3.5156813434920453,2.498608584181718,1.0170727593103273
2454,3.4724782986757825,2.3566993863099714,1.115778912365811
2455,3.4838888453312324,2.3686892854521115,1.115199559879121
2456,3.375779270292761,2.2024975775496562,1.173281692743105
2457,3.423701222068149,2.284163824679426,1.139537397388723
2458,3.4159833454929327,2.267705534052099,1.1482778114408339
2459,3.4983922780073478,2.374010427244176,1.1243818507631715
2460,3.527263700800637,2.4393046670799796,1.0879590337206575
2461,3.4302824193555037,2.2899485330926717,1.140333886262832
2462,3.392039588895869,2.2407042707660385,1.1513353181298305
2463,3.436308555862572,2.354009109282114,1.0822994465804578
2464,3.4709783279394064,2.3822061028678254,1.088772225071581
2465,3.541906546556442,2.5136568201045617,1.0282497264518802
2466,3.4631463430079514,2.2716630370689064,1.191483305939045
2467,3.5132268893362655,2.423510762631691,1.0897161267045745
2468,3.4258284514346458,2.2733685595271114,1.1524598919075344
2469,3.4701450516041215,2.2945490836404434,1.175595967963678
2470,3.4380014396007565,2.306495407009088,1.1315060325916684
2471,3.4776565501751024,2.3617573683610384,1.115899181814064
2472,3.521966858610961,2.4191437979229096,1.1028230606880514
2473,3.421835351634031,2.242383833758915,1.179451517875116
2474,3.4384035805816184,2.2338331193424463,1.204570461239172
2475,3.436395879164699,2.3304799036750374,1.1059159754896615
2476,3.4818195503472067,2.3911561743730503,1.0906633759741564
2477,3.490687916548081,2.34349802311264,1.1471898934354408
2478,3.48267929922346,2.3480589906077975,1.1346203086156623
2479,3.493044982188881,2.349329765955578,1.143715216233303
2480,3.414318623744007,2.2405177077912484,1.1738009159527585
2481,3.4315243369275996,2.253841041873334,1.1776832950542655
2482,3.4645786580935822,2.3485424510264923,1.11603620706709
2483,3.4159330845891747,2.224486449460534,1.1914466351286408
2484,3.433756627676893,2.3172087671880224,1.1165478604888706
2485,3.423899182930933,2.284965454705232,1.1389337282257013
2486,3.463207209562917,2.324363594265808,1.1388436152971089
2487,3.4669447598372503,2.3186703316024304,1.1482744282348198
2488,3.457540660181312,2.314123994079639,1.1434166661016731
2489,3.486743551793017,2.3357231585102056,1.1510203932828116
2490,3.365943327229298,2.2085477865892926,1.1573955406400054
2491,3.508785751240955,2.4624929777978792,1.0462927734430756
2492,3.4206165514794873,2.3013241557109314,1.1192923957685559
2493,3.4870489925845147,2.4656625080984016,1.0213864844861131
2494,3.519112084730314,2.4107342758572203,1.1083778088730938
2495,3.491065838190499,2.3960377187923645,1.0950281193981346
2496,3.5131798101007448,2.361954124990441,1.1512256851103038
2497,3.5097746357519717,2.380413108430909,1.1293615273210627
2498,3.480445986018488,2.2941813520310474,1.1862646339874408
2499,3.447323389656495,2.2703363479019005,1.1769870417545945
2500,3.4637938883880346,2.3044763162197075,1.159317572168327
2501,3.5153442039902987,2.380180057927593,1.1351641460627055
2502,3.4628997335965543,2.325897302353982,1.1370024312425722
2503,3.431800007192959,2.2690014117210495,1.1627985954719096
2504,3.448147743666781,2.268126290298143,1.1800214533686382
2505,3.5178913888705985,2.348924654584379,1.1689667342862196
2506,3.509392314568643,2.3679724250185616,1.1414198895500816
2507,3.4736058316685137,2.343785175415807,1.1298206562527064
2508,3.5075284472247152,2.429385100340768,1.0781433468839472
2509,3.4119492278687042,2.2444211473168316,1.1675280805518726
2510,3.4832209526593743,2.33156429733009,1.1516566553292842
2511,3.4742375331482327,2.369050970997787,1.1051865621504455
2512,3.522671655164914,2.4317709414662585,1.0909007136986557
2513,3.4466113571144246,2.3176073620531437,1.129003995061281
2514,3.453614237167491,2.301741445828744,1.151872791338747
2515,3.4776961962677313,2.359747936684108,1.1179482595836232
2516,3.507221209158554,2.4018868469079,1.105334362250654
2517,3.447146782296972,2.3446158406784,1.1025309416185722
2518,3.473157837499193,2.337519027576786,1.135638809922407
2519,3.4592945308035477,2.3128965471056215,1.1463979836979261
2520,3.469991019731831,2.33697649572201,1.133014524009821
2521,3.523294677408691,2.3887005655123983,1.1345941118962926
2522,3.4690024824659873,2.3294207203645003,1.139581762101487
2523,3.459202666807607,2.3125338403091393,1.1466688264984675
2524,3.395985933871597,2.246547795297974,1.1494381385736228
2525,3.469438996227239,2.2900281668893863,1.179410829337853
2526,3.4226202340645964,2.26983639108653,1.1527838429780664
2527,3.47292348738525,2.3118487275763893,1.1610747598088609
2528,3.4947629364874326,2.4054945299495607,1.089268406537872
2529,3.403766797648167,2.211511246074981,1.192255551573186
2530,3.383936079100371,2.203992466816857,1.1799436122835139
2531,3.507381512566957,2.4258748474962757,1.0815066650706813
2532,3.4207025757834475,2.2721472843906643,1.1485552913927832
2533,3.4897445841300554,2.3813466728045287,1.1083979113255267
2534,3.444175420183504,2.306684538163963,1.137490882019541
2535,3.5154499589099886,2.4363167868092965,1.079133172100692
2536,3.4641348590751293,2.3167902284913278,1.1473446305838015
2537,3.4822746615747944,2.359476995098282,1.1227976664765125
2538,3.4016389029638097,2.2692745685692755,1.1323643343945342
2539,3.4057665213591797,2.269917270752287,1.1358492506068925
2540,3.499308686313894,2.3607911662186565,1.1385175200952373
2541,3.496562243078947,2.3664377546969884,1.1301244883819588
2542,3.4758095494989454,2.3191244547911745,1.156685094707771
2543,3.5262713954173486,2.378279342215409,1.1479920532019396
2544,3.4554006055119726,2.3044725756907316,1.150928029821241
2545,3.4638826256445046,2.3871185229487746,1.07676410269573
2546,3.479472867269683,2.334411752106446,1.1450611151632373
2547,3.444453787964623,2.31109376079003,1.133360027174593
2548,3.374779832430953,2.2200213005637055,1.1547585318672473
2549,3.3957605728793383,2.2151663526654284,1.18059422021391
2550,3.4498368251840614,2.2813856639720327,1.1684511612120287
2551,3.5204647635832447,2.5189862669705367,1.001478496612708
2552,3.4434200488669644,2.2522062250623085,1.191213823804656
2553,3.5103121499182355,2.3654428939374315,1.144869255980804
2554,3.4827095267852792,2.351830241401523,1.1308792853837564
2555,3.449551011871766,2.322419756865116,1.12713125500665
2556,3.4304382840434577,2.3080230710307066,1.1224152130127512
2557,3.52702559107465,2.4235329172230817,1.1034926738515685
2558,3.438539081804156,2.2761878796134094,1.1623512021907465
2559,3.5089493639015825,2.393927991870593,1.1150213720309896
2560,3.5166399474549395,2.360622256544751,1.1560176909101885
2561,3.4887589962514993,2.3332154319271106,1.1555435643243888
2562,3.470286791867942,2.4027256658438283,1.0675611260241138
2563,3.4501906886467446,2.2776474842055188,1.1725432044412258
2564,3.527072902912516,2.5118380259112474,1.0152348770012685
2565,3.4745428097201128,2.298944918858648,1.1755978908614648
2566,3.469495760595838,2.3308078405566515,1.1386879200391866
2567,3.461750076771698,2.312283452143573,1.149466624628125
2568,3.5176520731766163,2.431296539304899,1.0863555338717172
2569,3.446028364925104,2.2584943528145285,1.1875340121105755
2570,3.4782488749788487,2.339957025370292,1.1382918496085566
2571,3.4342865718205866,2.268176035039926,1.1661105367806606
2572,3.4433724774698584,2.26716230841082,1.1762101690590385
2573,3.478193139954133,2.3667093168983575,1.1114838230557753
2574,3.4532257191869493,2.2774006338517516,1.1758250853351977
2575,3.4724994513171756,2.326761330222538,1.1457381210946376
2576,3.482421840991223,2.3725555194535537,1.1098663215376692
2577,3.423703429639096,2.252639131079492,1.171064298559604
2578,3.4946246104011713,2.4072922619385513,1.08733234846262
2579,3.51469252856371,2.389049035892763,1.1256434926709469
2580,3.508817274345716,2.3837327707682396,1.1250845035774764
2581,3.5229859210617964,2.445281099781935,1.0777048212798612
2582,3.415546271172866,2.226706389245599,1.188839881927267
2583,3.469696161053413,2.3210274304926113,1.1486687305608019
2584,3.451806662709791,2.2849037478307186,1.1669029148790724
2585,3.5030634679480883,2.4402466945766323,1.062816773371456
2586,3.4844859785733484,2.3580453982325658,1.1264405803407826
2587,3.4538212242258104,2.3321788339099534,1.121642390315857
2588,3.456651259181278,2.344081970246116,1.1125692889351622
2589,3.5416308498187443,2.46908217370681,1.0725486761119343
2590,3.4706208392455538,2.3072644374108475,1.1633564018347062
2591,3.3985203360493927,2.2182602978957684,1.1802600381536243
2592,3.462571143408368,2.28762627859793,1.174944864810438
2593,3.460894282271103,2.284832022445642,1.176062259825461
2594,3.514778807487161,2.364134367883464,1.1506444396036968
2595,3.396153989813299,2.2545306166813472,1.1416233731319516
2596,3.4812151757986443,2.356585546980373,1.1246296288182713
2597,3.473844822982451,2.3272409039967528,1.146603918985698
2598,3.5031687700494065,2.36539873026202,1.1377700397873864
2599,3.5057399296329166,2.4002895716426838,1.1054503579902328
2600,3.4444391378375285,2.293040362305043,1.1513987755324857
2601,3.4802325216604246,2.3638919594544903,1.1163405622059344
2602,3.501760891952673,2.4391830156040673,1.0625778763486058
2603,3.3811143056114776,2.212990657415012,1.1681236481964654
2604,3.466779175162549,2.3083803479324847,1.1583988272300645
2605,3.47051576992793,2.352881817241498,1.117633952686432
2606,3.47191504362478,2.3503397369979497,1.1215753066268301
2607,3.4404079125159788,2.277163028915268,1.163244883600711
2608,3.512256928980967,2.40879251538572,1.1034644135952472
2609,3.4698887437560426,2.324917390313657,1.1449713534423855
2610,3.5112757799837215,2.453717651796874,1.0575581281868476
2611,3.439580722693547,2.3118119232039662,1.1277687994895809
2612,3.439478807782549,2.305204667130832,1.134274140651717
2613,3.473965300200226,2.275872230660818,1.198093069539408
2614,3.510957824475033,2.39119194454189,1.119765879933143
2615,3.4422934716777585,2.299792912866087,1.1425005588116717
2616,3.480428364300052,2.37817075152311,1.1022576127769423
2617,3.464396133821493,2.310732577482811,1.1536635563386817
2618,3.455469819412128,2.3241525814991686,1.1313172379129592
2619,3.4624979601968233,2.350374435742901,1.1121235244539225
2620,3.5139783208254616,2.394973581600602,1.1190047392248594
2621,3.5109188978742023,2.3781144042305042,1.132804493643698
2622,3.4775779202830885,2.3371358410110497,1.1404420792720389
2623,3.466905674962006,2.3858863220112667,1.0810193529507393
2624,3.509466458164155,2.446465594769718,1.063000863394437
2625,3.4522972760300394,2.3048662905957276,1.1474309854343119
2626,3.483025680892371,2.3564753463419312,1.1265503345504397
2627,3.46523022185095,2.3367877056762807,1.1284425161746694
2628,3.525171391996929,2.381636631217742,1.143534760779187
2629,3.431718789896086,2.294604592961642,1.1371141969344438
2630,3.4588096556995223,2.293732066028337,1.1650775896711854
2631,3.484000050443861,2.335296930566516,1.1487031198773452
2632,3.4927591901281443,2.33548142966984,1.1572777604583044
2633,3.3973753829996856,2.274657965215217,1.1227174177844685
2634,3.4607565054735274,2.348691760247448,1.1120647452260792
2635,3.471339424741697,2.360094774516162,1.1112446502255349
2636,3.463060217318083,2.3286077595762458,1.1344524577418373
2637,3.4984904284213267,2.3792015183830895,1.1192889100382373
2638,3.511006120553275,2.3728343653936856,1.1381717551595893
2639,3.4924169742335716,2.3516486004484682,1.1407683737851033
2640,3.509687903668152,2.3727996720722615,1.1368882315958904
2641,3.4110705108296346,2.2683594678699195,1.1427110429597152
2642,3.5157483218680925,2.373848871133352,1.1418994507347406
2643,3.4845805931932112,2.3487235960924058,1.1358569971008055
2644,3.460508404114208,2.3803579039178326,1.0801505001963752
2645,3.513478886450561,2.4900190088868897,1.0234598775636714
2646,3.520584370610182,2.4400538624684174,1.0805305081417647
2647,3.493583369175994,2.3428280373816426,1.1507553317943513
2648,3.4879016963743537,2.3271690698884355,1.1607326264859181
2649,3.458331164453645,2.316883335411967,1.1414478290416783
2650,3.502597598824329,2.4788677562081047,1.0237298426162242
2651,3.471873562016962,2.3349311755507776,1.1369423864661843
2652,3.4435016238162213,2.294969052720838,1.1485325710953833
2653,3.442761333663306,2.280188983784404,1.1625723498789018
2654,3.5301066525715856,2.4014377289188054,1.1286689236527803
2655,3.5190241197712346,2.4240222664330533,1.0950018533381813
2656,3.4449886507675136,2.2694213999618364,1.1755672508056771
2657,3.4320117265109915,2.2889417988003213,1.1430699277106702
2658,3.5121226763612725,2.4138381825979995,1.098284493763273
2659,3.50214494430525,2.343526502591661,1.158618441713589
2660,3.528768603590782,2.4242099415363914,1.1045586620543908
2661,3.456526341755463,2.3293291282137694,1.1271972135416934
2662,3.4793357267563247,2.307239255184909,1.172096471571416
2663,3.438503563969792,2.2916940018905394,1.1468095620792527
2664,3.40674499314392,2.228021335931325,1.1787236572125952
2665,3.517146406371588,2.4448649444728328,1.072281461898755
2666,3.375268626882374,2.2176556936027914,1.1576129332795828
2667,3.447072180898849,2.2921001425737493,1.1549720383250999
2668,3.464083770934783,2.3260427999278024,1.1380409710069808
2669,3.4345489664101008,2.3481152272348975,1.0864337391752033
2670,3.5087207027617344,2.395946543797686,1.1127741589640485
2671,3.52534806117074,2.3758490109881447,1.1494990501825955
2672,3.445637357252455,2.3140775546365173,1.1315598026159375
2673,3.4723707886059794,2.3516026130110643,1.120768175594915
2674,3.4192401897857727,2.2228375394955444,1.1964026502902283
2675,3.481437238051865,2.3678236982325265,1.1136135398193385
2676,3.4506934204128488,2.2815433066264994,1.1691501137863494
2677,3.4491688175640856,2.3075880801164432,1.1415807374476423
2678,3.5254344131640893,2.4148386030954967,1.1105958100685926
2679,3.5280051158197647,2.454979625530744,1.0730254902890208
2680,3.4740660198726636,2.39626266764477,1.0778033522278938
2681,3.527369671617726,2.3611496180821754,1.1662200535355507
2682,3.4689122118613147,2.3052697695777202,1.1636424422835945
2683,3.5330535620625962,2.4248000290698926,1.1082535329927037
2684,3.522345185918163,2.3722254368198987,1.1501197490982644
2685,3.486847163237523,2.364189456284838,1.122657706952685
2686,3.467983041049727,2.346398628701763,1.1215844123479641
2687,3.473380342785131,2.3357800737928684,1.1376002689922626
2688,3.4751853016352405,2.3718963318964876,1.103288969738753
2689,3.471848764320828,2.3041235578864145,1.1677252064344135
2690,3.49558423244438,2.395283220745043,1.100301011699337
2691,3.4761103603591454,2.3602635517148176,1.1158468086443278
2692,3.5261484491034154,2.464224385780314,1.0619240633231013
2693,3.5258931283905905,2.3948584629129934,1.1310346654775971
2694,3.4810933207915418,2.334321850541323,1.146771470250219
2695,3.455381901657934,2.323554362747393,1.131827538910541
2696,3.5086715518911777,2.4098477762102117,1.098823775680966
2697,3.5296062162085806,2.493291337308777,1.0363148788998036
2698,3.476081733229427,2.3442747907030257,1.1318069425264015
2699,3.4558284524590728,2.2868551451062866,1.1689733073527862
2700,3.439758589807771,2.3275998169943897,1.1121587728133813
2701,3.5359946850111745,2.465908845477558,1.0700858395336166
2702,3.4580692900125336,2.2844083293351325,1.173660960677401
2703,3.5142194966080016,2.41939512391095,1.0948243726970515
2704,3.406541494261928,2.202132158619718,1.20440933564221
2705,3.5258964663528563,2.4076831381298733,1.118213328222983
2706,3.477903755690755,2.3798426235606644,1.0980611321300904
2707,3.517187312948848,2.3684723249950768,1.1487149879537712
2708,3.410899623338225,2.2491452331080795,1.1617543902301457
2709,3.5085050734594088,2.395026673388393,1.1134784000710156
2710,3.4281618702173917,2.2485703128801107,1.179591557337281
2711,3.5218923463025535,2.4252290020132348,1.0966633442893188
2712,3.46089057560736,2.3047306020731195,1.1561599735342405
2713,3.4751937381620515,2.350849929812463,1.1243438083495882
2714,3.459142049578291,2.2977522425902404,1.1613898069880508
2715,3.5152860892101434,2.3827236314754145,1.1325624577347289
2716,3.4842243863139655,2.427747946456614,1.0564764398573514
2717,3.4505940886545536,2.3315318774381755,1.1190622112163782
2718,3.44613938695698,2.2353231963433275,1.2108161906136523
2719,3.486392581483527,2.3735786105007377,1.1128139709827893
2720,3.5155913356848205,2.4065610064751746,1.109030329209646
2721,3.5366591936871234,2.474845897425659,1.0618132962614646
2722,3.4420689813013583,2.3044606742908145,1.1376083070105438
2723,3.514094412210337,2.3575941116922663,1.1565003005180707
2724,3.4655663417266953,2.3300279251509863,1.135538416575709
2725,3.43982069274839,2.3329466916218338,1.106874001126556
2726,3.4371171474446207,2.2741195721287117,1.162997575315909
2727,3.5135143805934295,2.466796629588816,1.0467177510046133
2728,3.481482789111771,2.361439060480583,1.1200437286311877
2729,3.4200355707156707,2.2915309720506496,1.128504598665021
2730,3.4593895509099597,2.360725310970586,1.0986642399393736
2731,3.4829291604983275,2.3708933096102487,1.1120358508880788
2732,3.512672572976647,2.4343815857197053,1.0782909872569415
2733,3.479159682793981,2.3571760703917466,1.1219836124022344
2734,3.3759306080894347,2.179270553174636,1.1966600549147985
2735,3.54374279936717,2.510384057628826,1.0333587417383443
2736,3.422923420593384,2.291558857588793,1.131364563004591
2737,3.4185213017839637,2.264971139421969,1.1535501623619946
2738,3.5113793175931303,2.453248934373262,1.058130383219868
2739,3.473062148878652,2.3148441166651432,1.158218032213509
2740,3.4168513912928566,2.261300194788746,1.1555511965041108
2741,3.414652878461463,2.2537964730239493,1.1608564054375137
2742,3.445192740715108,2.2835855234187954,1.1616072172963126
2743,3.5264712390254256,2.4083973674108536,1.118073871614572
2744,3.4727047153180144,2.3600052771164846,1.1126994382015298
2745,3.515578773475707,2.3713621964948715,1.1442165769808357
2746,3.5303842369417184,2.423427231296817,1.1069570056449014
2747,3.484758215723314,2.3396082553475366,1.1451499603757775
2748,3.440900251518617,2.2844389597630324,1.1564612917555848
2749,3.4979103374013016,2.3839039481757736,1.114006389225528
2750,3.4502738492411975,2.2912995607148665,1.158974288526331
2751,3.45018344100847,2.3871235193476443,1.0630599216608259
2752,3.52940458227329,2.4135210232778777,1.1158835589954124
2753,3.4340707521830582,2.3313147474449285,1.1027560047381297
2754,3.4531381046552947,2.321227666538159,1.1319104381171359
2755,3.4732418143643087,2.3374681641145396,1.135773650249769
2756,3.472576846529918,2.4077517809049236,1.0648250656249942
2757,3.517456348803716,2.388734133452513,1.1287222153512029
2758,3.513776552634111,2.4526500937467253,1.0611264588873857
2759,3.4933091469479023,2.372575981639925,1.1207331653079775
2760,3.5386558803443102,2.4476674076364864,1.0909884727078238
2761,3.525923102112354,2.393672894442248,1.132250207670106
2762,3.400924701327272,2.2645611650603525,1.1363635362669195
2763,3.4828319117962514,2.3931875041431683,1.0896444076530831
2764,3.5095910512268946,2.4224487589792396,1.087142292247655
2765,3.5078204835429743,2.3911877006564928,1.1166327828864815
2766,3.480945482996676,2.3774153395898097,1.1035301434068665
2767,3.5039347574036572,2.3767941150797123,1.127140642323945
2768,3.4605709357358028,2.3828851109530502,1.0776858247827525
2769,3.4965933344798903,2.350738181041391,1.1458551534384993
2770,3.496729927799295,2.4636950839819547,1.0330348438173402
2771,3.4586916312458755,2.292394145370757,1.1662974858751185
2772,3.4984135973720454,2.3278449917797497,1.1705686055922957
2773,3.520567991260665,2.4336128020934127,1.0869551891672522
2774,3.536137733111488,2.4268477580485914,1.1092899750628966
2775,3.4616191638309557,2.299183820239655,1.1624353435913006
2776,3.458368176269186,2.3270189789604534,1.1313491973087326
2777,3.5005034315373624,2.3867169739564056,1.1137864575809568
2778,3.507683611527419,2.44658900844602,1.0610946030813992
2779,3.494872840945168,2.350303523638261,1.1445693173069071
2780,3.5157594099394758,2.395710611048574,1.1200487988909016
2781,3.513477013045215,2.3967168988868357,1.1167601141583794
2782,3.37686483203011,2.1691198954134254,1.2077449366166846
2783,3.480880329757934,2.3838775149880895,1.0970028147698443
2784,3.4607505154345866,2.319837607734225,1.1409129077003617
2785,3.4683667888193717,2.3023257693690002,1.1660410194503714
2786,3.451222494425946,2.371522675837791,1.0796998185881548
2787,3.5297679117147394,2.3982363764281276,1.1315315352866118
2788,3.4851440197987826,2.3439437702009505,1.1412002495978322
2789,3.4754027891073243,2.3056992205578513,1.169703568549473
2790,3.496625492521651,2.4524616150021474,1.0441638775195035
2791,3.435586821210766,2.30563074692732,1.129956074283446
2792,3.449688690456369,2.2837622981378316,1.1659263923185375
2793,3.4742950173675937,2.3143378288679117,1.159957188499682
2794,3.4372628516348414,2.3098892964081132,1.127373555226728
2795,3.4899495693211158,2.339975073556963,1.1499744957641527
2796,3.520925278342315,2.4237254187142394,1.0971998596280756
2797,3.511526952736283,2.362548513777799,1.1489784389584843
2798,3.485662478041157,2.323940786001314,1.1617216920398428
2799,3.525627901587355,2.436094044772257,1.0895338568150978
2800,3.493360657270257,2.325553237023482,1.167807420246775
2801,3.4491940270598866,2.3145426339133772,1.1346513931465094
2802,3.4816655711698803,2.368315451517276,1.1133501196526043
2803,3.448526316623805,2.3783825396132805,1.0701437770105247
2804,3.501438282347176,2.319924754545596,1.18151352780158
2805,3.5064645300838855,2.3529980517078215,1.153466478376064
2806,3.4251499886297725,2.233320236042379,1.1918297525873935
2807,3.4572045193466985,2.3966548596151758,1.0605496597315227
2808,3.464840291227485,2.3278149339218155,1.1370253573056694
2809,3.5106783891483064,2.395262060652774,1.1154163284955323
2810,3.4794847482066067,2.3405071211963846,1.138977627010222
2811,3.4596719232062227,2.346376960527581,1.113294962678642
2812,3.5234920558162464,2.430161805290435,1.0933302505258116
2813,3.4477837617149816,2.411930861933262,1.0358528997817196
2814,3.4016217471381682,2.20760210665881,1.1940196404793584
2815,3.5402224345897437,2.454851354300446,1.0853710802892977
2816,3.4220125677722195,2.28518494146264,1.1368276263095796
2817,3.423998697229397,2.265894680940496,1.1581040162889011
2818,3.5119678400367262,2.3649977790955483,1.146970060941178
2819,3.394686379597734,2.1739939099915815,1.2206924696061523
2820,3.4411839822925154,2.273118282903912,1.1680656993886034
2821,3.4438014007035878,2.236006942431691,1.2077944582718967
2822,3.525836238971196,2.3864525400081535,1.1393836989630426
2823,3.4937225325479107,2.345162581096969,1.1485599514509417
2824,3.454890048239946,2.2860952130613716,1.1687948351785744
2825,3.448397749759464,2.3198145734134834,1.1285831763459804
2826,3.5246251670841673,2.41700498538907,1.1076201816950975
2827,3.4828854566002883,2.3588526765846707,1.1240327800156176
2828,3.4427635069741895,2.258871787634807,1.1838917193393828
2829,3.4088424668974358,2.296816867501175,1.1120255993962607
2830,3.4887744013422965,2.528665075521773,0.9601093258205236
2831,3.514747359678719,2.3734677039255354,1.1412796557531837
2832,3.4847434415330576,2.356923019216795,1.1278204223162627
2833,3.5273522536194513,2.44364731557082,1.0837049380486312
2834,3.4109549306587987,2.225512523793056,1.1854424068657425
2835,3.5115941696917186,2.410559627265086,1.1010345424266323
2836,3.471487743883115,2.298159834826857,1.1733279090562578
2837,3.469416230919705,2.3057975664639567,1.1636186644557482
2838,3.4219717496562714,2.2720676457168767,1.1499041039393947
2839,3.5388262911010866,2.4497331789206,1.0890931121804868
2840,3.4984958354934546,2.4407553063614382,1.0577405291320163
2841,3.437162652618079,2.2665783137440783,1.1705843388740007
2842,3.432801245200023,2.2870328202202117,1.1457684249798112
2843,3.499952961790659,2.382153290837868,1.1177996709527909
2844,3.447459754804384,2.284331242150565,1.1631285126538193
2845,3.4618226896582565,2.3261085401516715,1.135714149506585
2846,3.514418734317383,2.4343551963132195,1.0800635380041634
2847,3.5390051939055227,2.4263734403258646,1.1126317535796582
2848,3.39106047520817,2.2639678089718758,1.1270926662362943
2849,3.4676819768437213,2.3690526020218483,1.098629374821873
2850,3.471039454981517,2.318694927955995,1.1523445270255221
2851,3.4611909283781013,2.309342016868616,1.1518489115094854
2852,3.4624906289269375,2.3039128959821342,1.1585777329448033
2853,3.4843103179570662,2.3361830811193345,1.1481272368377318
2854,3.454225606351657,2.398327776170112,1.0558978301815451
2855,3.440134863703872,2.3139724908498893,1.1261623728539827
2856,3.545044335414623,2.5129395803910777,1.0321047550235454
2857,3.4110803332491124,2.2570180537466427,1.1540622795024698
2858,3.5120100000559495,2.4364616940992656,1.075548305956684
2859,3.4243698923269834,2.2338937948143345,1.190476097512649
2860,3.472032940533842,2.3219709323286026,1.1500620082052393
2861,3.483887230764869,2.414173079733367,1.0697141510315022
2862,3.464547088044318,2.303479242053257,1.1610678459910613
2863,3.484467163702619,2.3354064774121692,1.1490606862904498
2864,3.387676550863569,2.1929351481449366,1.1947414027186323
2865,3.5053963697539667,2.409186535205941,1.0962098345480258
2866,3.4733445926226976,2.3108150844685396,1.162529508154158
2867,3.4581739423539566,2.3668854053218538,1.0912885370321028
2868,3.503336829422695,2.3589320797483504,1.1444047496743446
2869,3.4937742270664627,2.3666922281186245,1.1270819989478382
2870,3.4593295738452086,2.3645204208848942,1.0948091529603143
2871,3.526459648065467,2.3977141721275514,1.1287454759379156
2872,3.4267407808833137,2.268385987655532,1.1583547932277818
2873,3.4761233475741125,2.314296038931699,1.1618273086424136
2874,3.454053836664163,2.2964404591915906,1.1576133774725723
2875,3.476896655173102,2.366909998042859,1.1099866571302428
2876,3.4322604858660446,2.255028151966908,1.1772323338991364
2877,3.46854660979168,2.3915869304980903,1.0769596792935898
2878,3.5060490363208046,2.3294356088128483,1.1766134275079563
2879,3.5114705068630307,2.4123371253282775,1.0991333815347533
2880,3.4306831598975647,2.2446633650550876,1.186019794842477
2881,3.481761111426321,2.3409063217849493,1.1408547896413719
2882,3.438421016576549,2.308825198220323,1.129595818356226
2883,3.4450065767810254,2.2550797436405983,1.1899268331404271
2884,3.5235984477571427,2.430110640214685,1.093487807542458
2885,3.4609492367294457,2.2788310736885817,1.182118163040864
2886,3.495363815539174,2.3888813278534253,1.1064824876857489
2887,3.5064167963468846,2.365122434896439,1.1412943614504458
2888,3.4820894841378496,2.3614414280161986,1.120648056121651
2889,3.4693626280541587,2.2898198272898216,1.1795428007643372
2890,3.452548755888642,2.2951935440940914,1.1573552117945507
2891,3.449840138843851,2.3311214323189917,1.1187187065248594
2892,3.43441830525217,2.3150365113767353,1.119381793875435
2893,3.5002378156362433,2.370417185580273,1.12982063005597
2894,3.37555015943398,2.185337214080571,1.1902129453534087
2895,3.4623212894540045,2.329311600623766,1.1330096888302386
2896,3.5035676693306037,2.379283457085636,1.1242842122449677
2897,3.512611606604267,2.3996461196279606,1.1129654869763064
2898,3.5351813312967386,2.4387889169251604,1.0963924143715782
2899,3.4457393271295307,2.252589441933379,1.1931498851961515
2900,3.506518710838948,2.388975319362831,1.1175433914761168
2901,3.5034768877323987,2.36280033505138,1.1406765526810188
2902,3.532793947022128,2.4062649559717624,1.1265289910503657
2903,3.4246364782092678,2.2642543953094507,1.160382082899817
2904,3.4956555986749516,2.3963665808783836,1.099289017796568
2905,3.463370496997837,2.3636871003943005,1.0996833966035364
2906,3.4648358058541544,2.2956988809885104,1.169136924865644
2907,3.5224972263394374,2.405803778567801,1.1166934477716364
2908,3.4994391519272012,2.393886107654998,1.1055530442722032
2909,3.5363994235808027,2.471357093801785,1.065042329779018
2910,3.5045053465683704,2.366623986193544,1.1378813603748266
2911,3.5070334283824725,2.4005693786493834,1.106464049733089
2912,3.464081640697446,2.301322630594107,1.162759010103339
2913,3.5024395203739203,2.426918671086971,1.0755208492869492
2914,3.487636150349387,2.3353741298294834,1.1522620205199035
2915,3.4809289811308344,2.373424437496568,1.1075045436342665
2916,3.4946311980309184,2.354643579788608,1.1399876182423103
2917,3.3774698172668702,2.2406898940635886,1.1367799232032816
2918,3.5393782265515146,2.4572356803651534,1.0821425461863612
2919,3.502277359344429,2.4522002232384965,1.0500771361059327
2920,3.420862028315518,2.329483172993735,1.091378855321783
2921,3.45340910416014,2.3550879662562796,1.0983211379038602
2922,3.4264537934742942,2.2739207146949156,1.1525330787793786
2923,3.506257212309549,2.40450765283366,1.1017495594758886
2924,3.446332171085092,2.267734081379669,1.1785980897054227
2925,3.4782745105672563,2.3802355291539357,1.0980389814133207
2926,3.511593624859477,2.3586550283327066,1.1529385965267704
2927,3.51021199654835,2.3457938136819716,1.1644181828663784
2928,3.4507665317051366,2.333785404628695,1.1169811270764414
2929,3.501233712766238,2.381620555537612,1.1196131572286259
2930,3.5067363189533696,2.452622381737798,1.0541139372155715
2931,3.470548392482025,2.3265465894682755,1.1440018030137495
2932,3.460582788771183,2.280415372967412,1.180167415803771
2933,3.4749442712155627,2.3022408051297547,1.172703466085808
2934,3.406054418903793,2.2318948011245623,1.1741596177792308
2935,3.4689698786486844,2.31794592965258,1.1510239489961043
2936,3.5261124109351143,2.4239696976291403,1.102142713305974
2937,3.439897306141575,2.313176272565298,1.1267210335762772
2938,3.4661483350636737,2.356896514613004,1.1092518204506696
2939,3.4395099571449674,2.3243967999794153,1.1151131571655521
2940,3.4851564207095893,2.3696657400091032,1.115490680700486
2941,3.495493652931287,2.359096514166083,1.1363971387652039
2942,3.5282568005772106,2.4491148512671175,1.079141949310093
2943,3.3818283512191587,2.1877853762935455,1.1940429749256132
2944,3.496390196114986,2.327209551069737,1.169180645045249
2945,3.5037793459561377,2.4876281618250435,1.0161511841310942
2946,3.4735777888150814,2.342710507500142,1.1308672813149392
2947,3.479397369924436,2.343777520722162,1.135619849202274
2948,3.498317521031578,2.3340477264761685,1.1642697945554095
2949,3.5218922201537732,2.391120701490786,1.1307715186629874
2950,3.469961985978153,2.2942247822985333,1.1757372036796196
2951,3.4587324885076827,2.3253734940347965,1.1333589944728861
2952,3.5226100288951554,2.457764241848301,1.0648457870468544
2953,3.446935829446894,2.3839339873253445,1.0630018421215497
2954,3.521187430096335,2.367799921331001,1.1533875087653338
2955,3.492984943561997,2.396157748675703,1.096827194886294
2956,3.4276798532439847,2.2974141778874393,1.1302656753565454
2957,3.4987143172525283,2.342031523966102,1.1566827932864263
2958,3.517280442163116,2.546873670380528,0.9704067717825877
2959,3.483441149649034,2.3857788306058194,1.0976623190432147
2960,3.502101570597154,2.3340108240569726,1.1680907465401815
2961,3.487714205268102,2.3590972641778123,1.1286169410902898
2962,3.4722137581172405,2.354295069840307,1.1179186882769336
2963,3.4706736656398185,2.347458101865283,1.1232155637745356
2964,3.408744185714263,2.2771354622221867,1.1316087234920764
2965,3.483195682309412,2.2916381112110864,1.1915575710983255
2966,3.4437097657948272,2.2421566936814323,1.201553072113395
2967,3.4713389839645243,2.344320174027838,1.1270188099366862
2968,3.448693146353481,2.4145498457897228,1.0341433005637581
2969,3.4944531960477185,2.3403213429952063,1.1541318530525122
2970,3.45457532927361,2.301627584637415,1.152947744636195
2971,3.534644409342374,2.4590469062070657,1.0755975031353082
2972,3.399078789987897,2.2193764590113316,1.1797023309765655
2973,3.4682717714556337,2.365030098537981,1.1032416729176528
2974,3.5323429969858813,2.471398527392463,1.0609444695934185
2975,3.4314340280719793,2.3024916173563263,1.128942410715653
2976,3.4768243000777863,2.268266622267435,1.2085576778103513
2977,3.3678510314901504,2.1998839046831424,1.167967126807008
2978,3.4729774401667095,2.3727585810657903,1.1002188591009192
2979,3.42738182570167,2.246890215717604,1.1804916099840663
2980,3.5146076717570938,2.452971265539331,1.0616364062177626
2981,3.456137655394271,2.323318012967726,1.1328196424265449
2982,3.5055502650444894,2.4847258846851,1.0208243803593895
2983,3.4745879632110386,2.3626811167969364,1.1119068464141022
2984,3.5067217941439344,2.41726994572599,1.0894518484179443
2985,3.511156972008399,2.478531546429152,1.0326254255792469
2986,3.4839145500715585,2.380102022762515,1.1038125273090436
2987,3.5147724528238347,2.370683222576029,1.1440892302478058
2988,3.483453252183211,2.40831978179456,1.0751334703886513
2989,3.477328081213701,2.349527839096587,1.127800242117114
2990,3.4930757427250017,2.46697469765638,1.0261010450686219
2991,3.4297968061564545,2.2827700542175156,1.147026751938939
2992,3.4586571419770875,2.329052059939013,1.1296050820380743
2993,3.505524309074672,2.380739273667962,1.1247850354067102
2994,3.4578341419132275,2.2980303645665283,1.1598037773466991
2995,3.460026075146481,2.2972691534797254,1.1627569216667557
2996,3.4338039971190333,2.257652481897988,1.1761515152210453
2997,3.4485226454447817,2.321726998074815,1.1267956473699665
2998,3.4333287612960404,2.2886473875032993,1.144681373792741
2999,3.530240938040734,2.4411004397456866,1.0891404982950474
3000,3.413960082002968,2.24683653482756,1.1671235471754078
3001,3.434273167805144,2.321792664564889,1.112480503240255
3002,3.5223556078191183,2.3914616232322867,1.1308939845868315
3003,3.5167199400644513,2.4183690306345618,1.0983509094298896
3004,3.478399595137721,2.35103306399285,1.127366531144871
3005,3.463159905115271,2.261227178786511,1.20193272632876
3006,3.48242256878796,2.33127824421316,1.1511443245747999
3007,3.4653694846969283,2.3345108902428353,1.130858594454093
3008,3.482637966255046,2.3024683459654427,1.1801696202896035
3009,3.439950923343667,2.2885558959839774,1.1513950273596896
3010,3.5156046261382414,2.4370297298038848,1.0785748963343567
3011,3.3946041560765923,2.2183833334601046,1.1762208226164876
3012,3.5111349377666325,2.3998819739660804,1.1112529638005522
3013,3.5007284388902056,2.3879073066925325,1.112821132197673
3014,3.523885635950379,2.4118716587887756,1.1120139771616033
3015,3.496754350173266,2.3898439589394163,1.1069103912338498
3016,3.485830974211859,2.376208298837375,1.1096226753744842
3017,3.4225866357525794,2.2604445571426908,1.1621420786098886
3018,3.418292610211665,2.2775863398385248,1.14070627037314
3019,3.442109015192286,2.2932613931653414,1.1488476220269446
3020,3.4739891435494106,2.2988583791650337,1.175130764384377
3021,3.472207934728816,2.3405984505974646,1.1316094841313515
3022,3.541392379481713,2.4605410684304125,1.0808513110513003
3023,3.4817751208378604,2.291108514616956,1.1906666062209044
3024,3.412333153798725,2.2389507200187375,1.1733824337799876
3025,3.452169482705527,2.331536955715076,1.1206325269904513
3026,3.4609492766660623,2.3044195665668457,1.1565297100992167
3027,3.4880125611590884,2.3669350891954553,1.1210774719636332
3028,3.4878005263801968,2.3583078718163883,1.1294926545638084
3029,3.533883308615817,2.443029563370357,1.0908537452454596
3030,3.5326810100420762,2.458615943171902,1.0740650668701743
3031,3.3832752259347503,2.2028172991758828,1.1804579267588675
3032,3.477666616664511,2.298635583387793,1.179031033276718
3033,3.4777869196793967,2.3167326148479983,1.1610543048313984
3034,3.4206038264584118,2.2192652035045337,1.201338622953878
3035,3.5115634526794706,2.4148942675539087,1.0966691851255619
3036,3.543364618646347,2.5370030127526073,1.0063616058937397
3037,3.520574351099821,2.462401284893856,1.0581730662059652
3038,3.481416722639081,2.313999648323248,1.167417074315833
3039,3.456071279994423,2.357297405798945,1.0987738741954778
3040,3.4924028562164846,2.4113299380817725,1.081072918134712
3041,3.4528661240448697,2.320459814798579,1.1324063092462908
3042,3.444068981425377,2.308987968631928,1.135081012793449
3043,3.504279711981053,2.378933601870932,1.125346110110121
3044,3.469164125806914,2.3922840816282136,1.0768800441787003
3045,3.47201101351014,2.341046182393568,1.1309648311165716
3046,3.4423280643990024,2.2810929431366005,1.161235121262402
3047,3.4744321832541267,2.3585050826887906,1.1159271005653362
3048,3.4659457211967357,2.358164223727058,1.1077814974696776
3049,3.46282416541949,2.330572560047571,1.132251605371919
3050,3.461490136303501,2.3092058635556025,1.1522842727478984
3051,3.3969969242529605,2.2300611106140953,1.1669358136388652
3052,3.456446587032721,2.3007240587562836,1.1557225282764372
3053,3.4653518506297813,2.3216745543846433,1.143677296245138
3054,3.510971501498445,2.4755746211913254,1.0353968803071196
3055,3.4942330321070774,2.3587527723535744,1.135480259753503
3056,3.5188977136059503,2.481015689053145,1.0378820245528053
3057,3.435432168199465,2.29663315699215,1.1387990112073152
3058,3.4576309577972237,2.300664289078511,1.1569666687187126
3059,3.4318003160667176,2.297878007240864,1.1339223088258534
3060,3.4391641718321897,2.2771611018023292,1.1620030700298605
3061,3.411390099494275,2.2651002355109844,1.1462898639832906
3062,3.527609726517308,2.403456095683444,1.124153630833864
3063,3.472309640629066,2.402800980603928,1.069508660025138
3064,3.334437599131608,2.131983281189652,1.2024543179419562
3065,3.4745925091182825,2.3654181051772523,1.1091744039410303
3066,3.4811540563266252,2.3252128410158397,1.1559412153107855
3067,3.4685744117015833,2.296150287679218,1.1724241240223652
3068,3.4776940425399374,2.3476100285611596,1.1300840139787778
3069,3.4319308978136545,2.269739242857595,1.1621916549560596
3070,3.4495729748141897,2.3387849780326424,1.1107879967815473
3071,3.5092030257320634,2.424886819470594,1.0843162062614695
3072,3.4361495823152595,2.2599439692147603,1.1762056131004992
3073,3.472687810291157,2.392654221760953,1.080033588530204
3074,3.348198799606142,2.1169421689588575,1.2312566306472847
3075,3.4990301695896835,2.3767176416653277,1.1223125279243558
3076,3.4458649110644592,2.2991119859984996,1.1467529250659596
3077,3.483798169695698,2.4384042755684607,1.0453938941272374
3078,3.4761387327524873,2.322361230960644,1.1537775017918435
3079,3.477884348623571,2.343777613038521,1.1341067355850498
3080,3.456050848414642,2.2826443265737613,1.1734065218408807
3081,3.525878999276457,2.447056731621909,1.078822267654548
3082,3.470230846569207,2.3390677938795426,1.1311630526896645
3083,3.5236866305686836,2.444886164607468,1.0788004659612156
3084,3.478914235206097,2.3357426090506346,1.1431716261554623
3085,3.5275292859709007,2.376789587195511,1.1507396987753897
3086,3.48341857398611,2.323162256233847,1.1602563177522631
3087,3.516550559198111,2.3780834957871266,1.1384670634109844
3088,3.4580910867429173,2.294833495766532,1.1632575909763854
3089,3.415916046805045,2.2777973816757493,1.1381186651292956
3090,3.472362904097165,2.3297928253028988,1.1425700787942663
3091,3.4898232995893284,2.3530078060114166,1.1368154935779118
3092,3.3993924653569523,2.21170216225,1.1876903031069523
3093,3.454478738291453,2.3236693288062935,1.1308094094851593
3094,3.476504397286899,2.301505635306709,1.17499876198019
3095,3.463906040565676,2.281438998870129,1.182467041695547
3096,3.4742788201989825,2.3253509044894747,1.1489279157095078
3097,3.547615842248446,2.4162357000090253,1.1313801422394207
3098,3.525361943672876,2.361340935758571,1.1640210079143052
3099,3.5019784833479957,2.3961151856079637,1.105863297740032
3100,3.435721918733223,2.255298308990416,1.1804236097428067
3101,3.349458908278149,2.132408781521928,1.217050126756221
3102,3.499782760210526,2.3735798360597866,1.1262029241507392
3103,3.4783074102543257,2.3283751748649824,1.1499322353893433
3104,3.46394597887359,2.2956784542073096,1.1682675246662804
3105,3.51438401159569,2.4135854888921786,1.1007985227035113
3106,3.481915993027535,2.3219823782315734,1.1599336147959618
3107,3.463721049445866,2.2968114918886564,1.1669095575572097
3108,3.370150264035178,2.169318738799074,1.200831525236104
3109,3.3836310050291063,2.188201450812247,1.1954295542168594
3110,3.5123179621521183,2.4308369032712442,1.081481058880874
3111,3.453174499107932,2.2859355315165986,1.1672389675913335
3112,3.4570001409972777,2.347763282353807,1.1092368586434707
3113,3.481238180114313,2.3115092991674193,1.1697288809468938
3114,3.4653757193969863,2.3639524654694304,1.101423253927556
3115,3.5041854643226396,2.3650645469730196,1.13912091734962
3116,3.446222745305842,2.3899126259438788,1.0563101193619633
3117,3.535866320636827,2.4598247373525783,1.0760415832842485
3118,3.495448899753282,2.365466932133034,1.1299819676202483
3119,3.4897268390616856,2.308311672854759,1.1814151662069268
3120,3.5215565306436805,2.444314952517596,1.0772415781260847
3121,3.508846934515488,2.457723817938032,1.0511231165774557
3122,3.4271517339384805,2.2794410538782075,1.147710680060273
3123,3.4493352961260397,2.3477080588638093,1.1016272372622304
3124,3.5239608368202036,2.3796165881874902,1.1443442486327133
3125,3.480359888496895,2.375607963453503,1.1047519250433924
3126,3.4583432303426314,2.328432721586446,1.1299105087561854
3127,3.432394420290983,2.2398738768386446,1.1925205434523383
3128,3.478712304667851,2.357439735930921,1.1212725687369303
3129,3.4738901645723432,2.331457837111578,1.142432327460765
3130,3.470795589237513,2.3293383146106503,1.1414572746268625
3131,3.464269833965912,2.334072998294241,1.1301968356716712
3132,3.4678842978367665,2.3681791163835793,1.0997051814531873
3133,3.4757535844579843,2.374359019556858,1.1013945649011263
3134,3.4695917505483354,2.314570363134777,1.1550213874135582
3135,3.533010412018851,2.505597747877451,1.0274126641414
3136,3.4399126024249176,2.2888138924410786,1.151098709983839
3137,3.457138452737885,2.32594918518364,1.131189267554245
3138,3.3925812190445623,2.2602824476564884,1.1322987713880739
3139,3.4987254999985056,2.3879072771737984,1.1108182228247072
3140,3.4381237824767874,2.3027336383386285,1.1353901441381589
3141,3.4365133679894067,2.3483748061556264,1.0881385618337802
3142,3.455980369202161,2.306332128225393,1.1496482409767683
3143,3.4341233184599873,2.240274862453666,1.1938484560063212
3144,3.4836503882100205,2.3405330989082462,1.1431172893017743
3145,3.5014442590132746,2.3758970225587572,1.1255472364545174
3146,3.4956215991349824,2.36421161915215,1.1314099799828323
3147,3.446570682969683,2.329886877768517,1.1166838052011658
3148,3.473852752990736,2.3246807834315306,1.1491719695592053
3149,3.5230741096312346,2.4268136909617977,1.096260418669437
3150,3.5287574720796067,2.382907668151166,1.1458498039284408
3151,3.4497813155289707,2.266108844467544,1.1836724710614268
3152,3.485556463033267,2.3570583565637455,1.1284981064695216
3153,3.421587332977425,2.2648838303071748,1.1567035026702501
3154,3.5200423058493127,2.4350442982684593,1.0849980075808534
3155,3.4768768294559664,2.3167842862140495,1.160092543241917
3156,3.535461921181233,2.4360299045548617,1.0994320166263711
3157,3.4653116095918093,2.280931331673425,1.1843802779183843
3158,3.5311334288033285,2.398314529045273,1.1328188997580555
3159,3.4390066427482244,2.341021935251141,1.0979847074970834
3160,3.507066871431854,2.4784280914159806,1.0286387800158732
3161,3.438803628389408,2.3237534668326463,1.1150501615567618
3162,3.481818398483112,2.3896650765474714,1.0921533219356405
3163,3.504696014195453,2.3747527412835914,1.1299432729118615
3164,3.3951045795854333,2.242788181345659,1.1523163982397744
3165,3.4773188370832093,2.3291402445399636,1.1481785925432457
3166,3.4958499296187577,2.4393609321252776,1.0564889974934801
3167,3.507913300013272,2.4476602749079226,1.0602530251053492
3168,3.456116375774305,2.2846358567481277,1.1714805190261774
3169,3.5235180474067764,2.522409484205593,1.0011085632011834
3170,3.4153888818656353,2.24151006922634,1.1738788126392952
3171,3.4729098825586853,2.3936409166148547,1.0792689659438306
3172,3.52064964472032,2.441348743349585,1.0793009013707349
3173,3.5091590743510244,2.419777123656326,1.0893819506946985
3174,3.4841494241715525,2.3440368521704262,1.1401125720011263
3175,3.4857674797370084,2.324486606780724,1.1612808729562842
3176,3.5067833458414053,2.4067112713348764,1.1000720745065289
3177,3.4914523150775096,2.3447652103344487,1.146687104743061
3178,3.530624127052437,2.416924206629961,1.113699920422476
3179,3.4821520760807427,2.345369159435777,1.136782916644966
3180,3.528186438435489,2.40470168537002,1.123484753065469
3181,3.4255391242084388,2.229653203832625,1.1958859203758139
3182,3.5168465557373647,2.376764989420428,1.1400815663169368
3183,3.3986668956541126,2.2246380415969127,1.1740288540572
3184,3.5062337326546613,2.366300588059181,1.1399331445954801
3185,3.4727046499179424,2.364677445081916,1.1080272048360262
3186,3.5142975275628285,2.4110384273829677,1.1032591001798608
3187,3.3812095296940137,2.174112320207307,1.2070972094867067
3188,3.4613634854918405,2.3325475933575697,1.1288158921342708
3189,3.4583040927060704,2.349557556826175,1.1087465358798956
3190,3.4062501853461122,2.2430019647942068,1.1632482205519055
3191,3.4405406484915995,2.2966079158139125,1.143932732677687
3192,3.5001985702650042,2.384495593895007,1.115702976369997
3193,3.496843798193445,2.396495857407985,1.10034794078546
3194,3.4881011704549874,2.3309745467659946,1.1571266236889928
3195,3.3947420316071857,2.20167107531149,1.1930709562956956
3196,3.4098281621915723,2.248560553509946,1.161267608681626
3197,3.4673727806919983,2.3704043950694524,1.0969683856225458
3198,3.462566642921035,2.2831311413715034,1.1794355015495315
3199,3.4232773623642827,2.2964809165583473,1.1267964458059354
3200,3.4406477729498235,2.3017587225351113,1.1388890504147122
3201,3.5200862794169994,2.3910849322051897,1.1290013472118097
3202,3.5169897509661596,2.422751380079552,1.0942383708866075
3203,3.468902166483424,2.334509472681476,1.134392693801948
3204,3.520832422387868,2.4669997908053394,1.0538326315825288
3205,3.4706769487875464,2.2990349724660963,1.17164197632145
3206,3.4868236490595157,2.3688653146441654,1.1179583344153503
3207,3.498732819611821,2.395315613730826,1.1034172058809952
3208,3.4523180562013307,2.255022762181757,1.1972952940195736
3209,3.4777111606367668,2.30645263338923,1.1712585272475367
3210,3.5089364048248544,2.4267355163137565,1.0822008885110979
3211,3.514403881926645,2.346661808172813,1.1677420737538324
3212,3.52401429849896,2.4228820388900663,1.1011322596088937
3213,3.4321265688953417,2.338804003743804,1.0933225651515377
3214,3.4655000145099946,2.4203335516655455,1.045166462844449
3215,3.4734421054897346,2.314657423841624,1.1587846816481107
3216,3.540206689933271,2.5118885473459023,1.0283181425873686
3217,3.431083140085596,2.264864557108654,1.166218582976942
3218,3.4551171877083133,2.264962467648715,1.1901547200595983
3219,3.5274877069880106,2.4260603895372657,1.101427317450745
3220,3.4963414257579672,2.3985927944125143,1.097748631345453
3221,3.5184826358103156,2.3682309256509546,1.150251710159361
3222,3.4085147868574004,2.245399195268895,1.1631155915885052
3223,3.5235048847537858,2.3903894245837076,1.1331154601700781
3224,3.5201597313869537,2.384266916724683,1.1358928146622707
3225,3.5211014160899574,2.367723478206681,1.1533779378832762
3226,3.458457196334946,2.32620902137037,1.1322481749645763
3227,3.5333438346615167,2.4227174079676193,1.1106264266938974
3228,3.4855562814025616,2.4218804328628165,1.063675848539745
3229,3.5101497882173227,2.4051568626289566,1.1049929255883661
3230,3.4181522306966796,2.229043099435405,1.1891091312612745
3231,3.4160033315326794,2.2663807503199824,1.149622581212697
3232,3.503514940652077,2.3861196928283306,1.1173952478237466
3233,3.4797207297841313,2.4602617433101344,1.019458986473997
3234,3.4237064046124073,2.2753043678940097,1.1484020367183976
3235,3.5270092960628334,2.432016350374337,1.0949929456884964
3236,3.515845722883355,2.4331765507710768,1.0826691721122783
3237,3.5215460051174197,2.4426352218139,1.0789107833035199
3238,3.487346567054366,2.344570324266266,1.1427762427881003
3239,3.5196207795810497,2.428926699023037,1.0906940805580128
3240,3.4608908358351185,2.313586054210041,1.1473047816250777
3241,3.5207569659321964,2.380084899902205,1.1406720660299916
3242,3.5071922302070098,2.3768027026515197,1.13038952755549
3243,3.469057883785731,2.381672651404755,1.087385232380976
3244,3.528623521580067,2.4687105921674575,1.0599129294126097
3245,3.504006014022928,2.3497576778512164,1.1542483361717117
3246,3.4286124003574416,2.2395565554750023,1.1890558448824393
3247,3.4648324276686875,2.3004629091528703,1.1643695185158172
3248,3.439105509303251,2.2727734889768665,1.1663320203263847
3249,3.5433256528579418,2.553719931002234,0.9896057218557077
3250,3.4950940736988456,2.3762394756313623,1.1188545980674833
3251,3.5370079087813675,2.4690134143572475,1.06799449442412
3252,3.4939146344323593,2.3453925584452704,1.1485220759870889
3253,3.4788815649157527,2.343598410454352,1.1352831544614008
3254,3.4682960269101675,2.308576800544877,1.1597192263652905
3255,3.512107834489054,2.349748450807891,1.1623593836811632
3256,3.5079604350802067,2.3854372944277524,1.1225231406524543
3257,3.420954726480233,2.2208140430767234,1.2001406834035095
3258,3.3747116722939223,2.204896387946208,1.1698152843477145
3259,3.4694389305054325,2.3401053332698516,1.129333597235581
3260,3.504792065918944,2.344902754839075,1.1598893110798691
3261,3.4043526287324957,2.2950265350783843,1.1093260936541114
3262,3.41714041074144,2.3130562244252517,1.104084186316188
3263,3.386125639105456,2.2017089610093747,1.1844166780960812
3264,3.5195698033762204,2.434073809187068,1.0854959941891522
3265,3.511613676580799,2.3470266955538306,1.1645869810269684
3266,3.455332145152154,2.3595379332802016,1.0957942118719526
3267,3.4697251205894726,2.3223997072270794,1.1473254133623931
3268,3.4829166417169866,2.310527500484674,1.1723891412323124
3269,3.4155978017412627,2.279664572566901,1.1359332291743618
3270,3.4871707671580756,2.3669597243595852,1.1202110427984904
3271,3.5267104597528167,2.4039693311837094,1.1227411285691073
3272,3.4650064295031573,2.3837965434396695,1.0812098860634878
3273,3.515022696575393,2.4040643771376877,1.1109583194377053
3274,3.4773162416207324,2.3395807290503776,1.1377355125703548
3275,3.4768203647199467,2.303328030726558,1.173492333993389
3276,3.438049317379622,2.28866371297164,1.149385604407982
3277,3.5315429089846027,2.428975397711523,1.1025675112730795
3278,3.4588976773319904,2.291789903789931,1.1671077735420594
3279,3.5194571956134735,2.412935150826425,1.1065220447870483
3280,3.5002397455800973,2.3950694702088167,1.1051702753712807
3281,3.5167502800941137,2.3867431704393702,1.1300071096547435
3282,3.484137097439544,2.3156385240789077,1.1684985733606363
3283,3.510453200531098,2.3473337991918313,1.1631194013392667
3284,3.523196819635957,2.38091020014346,1.1422866194924968
3285,3.4759229321705853,2.3282826237733425,1.1476403083972428
3286,3.4802783681110436,2.3799767831015015,1.1003015850095421
3287,3.4312986846755886,2.297676838625773,1.1336218460498158
3288,3.5111382659229493,2.414420262034075,1.0967180038888742
3289,3.486879563193331,2.356039661530452,1.130839901662879
3290,3.507067672519413,2.403109148716027,1.103958523803386
3291,3.512302960223959,2.4110554994307343,1.1012474607932248
3292,3.486154851602257,2.368638773574321,1.1175160780279363
3293,3.4055652693404257,2.234093130907274,1.1714721384331517
3294,3.516155227262844,2.4569653588831293,1.0591898683797147
3295,3.471163123296047,2.3034046889679947,1.1677584343280523
3296,3.4079552845854777,2.2253718505303035,1.1825834340551742
3297,3.4584173641031577,2.3372474563756125,1.1211699077275452
3298,3.472924371132894,2.3913375945537996,1.0815867765790945
3299,3.5250238151053965,2.4485857034686163,1.0764381116367803
3300,3.524615996248793,2.428067388704584,1.096548607544209
3301,3.510361797528663,2.3792891002736627,1.1310726972550005
3302,3.449199091450133,2.2968587936646485,1.1523402977854844
3303,3.3962731620752113,2.197648014237216,1.1986251478379955
3304,3.399495833813745,2.2953304054105423,1.1041654284032028
3305,3.392433701265168,2.2141199605745947,1.1783137406905735
3306,3.5560824738425123,2.5742766420154313,0.981805831827081
3307,3.492357055228397,2.339623269584368,1.152733785644029
3308,3.5132212153317335,2.376447802705953,1.1367734126257805
3309,3.4362049069003064,2.2472279894877683,1.1889769174125382
3310,3.516233089311695,2.4424938212675458,1.0737392680441493
3311,3.4519041444535783,2.3797202395711192,1.072183904882459
3312,3.45020368627473,2.3423158608725907,1.1078878254021394
3313,3.447431102625468,2.279068845027123,1.168362257598345
3314,3.4909671435142604,2.3754173694001617,1.1155497741140987
3315,3.497901165638148,2.361394914858879,1.1365062507792687
3316,3.5155899665134784,2.422349078643447,1.0932408878700315
3317,3.4627063874166404,2.3264245632238967,1.1362818241927437
3318,3.4136529888549543,2.2805206939865283,1.133132294868426
3319,3.5311959707909693,2.4302791615006814,1.100916809290288
3320,3.4208005369903227,2.2293805016553336,1.191420035334989
3321,3.4339505771795977,2.3086244123039212,1.1253261648756765
3322,3.3884170468216355,2.202952741954511,1.1854643048671245
3323,3.4348769193618156,2.269270061526157,1.1656068578356584
3324,3.4757655372188743,2.3338014721658227,1.1419640650530516
3325,3.52351838891106,2.4202856492499683,1.1032327396610917
3326,3.4343647873432475,2.2735984372991425,1.160766350044105
3327,3.4770197253675947,2.368206480846312,1.1088132445212828
3328,3.5242774117145435,2.433086808943797,1.0911906027707463
3329,3.3901007579042535,2.17576334777441,1.2143374101298434
3330,3.46615160368005,2.3707046658486255,1.0954469378314244
3331,3.4585339583402077,2.286262901494871,1.1722710568453367
3332,3.4714956925748903,2.3371280212453045,1.1343676713295858
3333,3.466998823890006,2.3138011548874684,1.1531976690025374
3334,3.419941204835699,2.264280176222582,1.155661028613117
3335,3.5204217562963143,2.4801609599011636,1.0402607963951507
3336,3.517635703324612,2.4393167426001683,1.0783189607244439
3337,3.4224629374408804,2.2582713224718267,1.1641916149690537
3338,3.515534901366133,2.4127458417420793,1.1027890596240537
3339,3.4170732139074556,2.230466941987738,1.1866062719197177
3340,3.520224574860882,2.410668980203142,1.1095555946577398
3341,3.528247207248056,2.5034972163040967,1.0247499909439592
3342,3.4804743478967115,2.3432568797597764,1.1372174681369351
3343,3.468198057830566,2.3526651710661466,1.1155328867644192
3344,3.456802355941985,2.345263798626977,1.1115385573150078
3345,3.353682191787506,2.1805876463544216,1.1730945454330843
3346,3.480038813785925,2.337616053702124,1.1424227600838006
3347,3.483793455474401,2.4061305112636213,1.0776629442107795
3348,3.469591290945897,2.315971590002383,1.1536197009435138
3349,3.4726303850240483,2.3510451370859067,1.1215852479381416
3350,3.3764251348428234,2.1758491426345485,1.2005759922082748
3351,3.4844520669964765,2.3662382641664794,1.118213802829997
3352,3.4312891178436438,2.2701912378603697,1.161097879983274
3353,3.4780649403578967,2.3080266801893425,1.1700382601685542
3354,3.491044650420247,2.3800152653379527,1.1110293850822943
3355,3.489178203812258,2.3432960765830604,1.1458821272291977
3356,3.4617585246584004,2.3315585418677074,1.130199982790693
3357,3.463623895245551,2.287555456779186,1.1760684384663653
3358,3.4986661174331295,2.3717095005288975,1.126956616904232
3359,3.4229376889497636,2.2608346874971548,1.1621030014526088
3360,3.465963594203907,2.338432746456275,1.1275308477476318
3361,3.503975130625534,2.3479388269391537,1.1560363036863803
3362,3.4259845187931455,2.2899298234902226,1.136054695302923
3363,3.4418114911213555,2.314376695483963,1.1274347956373925
3364,3.472547429472369,2.361058246579856,1.1114891828925129
3365,3.4673253878032835,2.3100906073718366,1.157234780431447
3366,3.5175516566846623,2.371640494195147,1.145911162489515
3367,3.487606896404198,2.3489887295174174,1.1386181668867805
3368,3.4626630075263742,2.3157391822028743,1.1469238253235
3369,3.480009121198339,2.3200639886367846,1.1599451325615542
3370,3.5022110211818887,2.3762555274189547,1.125955493762934
3371,3.435503352500916,2.297956631721621,1.1375467207792953
3372,3.469434140059359,2.316365917728115,1.1530682223312438
3373,3.521577648562685,2.425761574784189,1.0958160737784959
3374,3.5155164564957286,2.378717749176895,1.1367987073188335
3375,3.527323263223556,2.4286796470210987,1.098643616202457
3376,3.5230664693031217,2.4034288275852576,1.1196376417178642
3377,3.512719209945271,2.3619914352646973,1.1507277746805737
3378,3.484293004940099,2.340835763402211,1.143457241537888
3379,3.3819394090329706,2.1990404854509955,1.1828989235819751
3380,3.524220436776738,2.3828998290008454,1.1413206077758926
3381,3.5161147449129824,2.4360154464096153,1.080099298503367
3382,3.486791200936802,2.360308844683872,1.12648235625293
3383,3.427695792391532,2.2554636036791282,1.1722321887124036
3384,3.521736228947248,2.3880700224134457,1.1336662065338023
3385,3.478595497458665,2.3409954562898987,1.1376000411687661
3386,3.51593576431853,2.4230636996866983,1.0928720646318317
3387,3.5202047625274475,2.428317647815959,1.0918871147114886
3388,3.473693223326367,2.3592522766709934,1.1144409466553737
3389,3.4676339440423742,2.3590625656417363,1.108571378400638
3390,3.4371106751884297,2.279929324319182,1.157181350869248
3391,3.4658749422217356,2.3186491399783313,1.1472258022434043
3392,3.4826359035217935,2.371143613233132,1.1114922902886617
3393,3.48818058851605,2.3394208047196554,1.1487597837963945
3394,3.524704809751484,2.412546092383641,1.1121587173678429
3395,3.4943015506568846,2.328772689145727,1.1655288615111576
3396,3.444464342498416,2.3315357187401267,1.1129286237582892
3397,3.5253040929149604,2.428979719592111,1.0963243733228496
3398,3.5158988209447077,2.443967323840148,1.07193149710456
3399,3.4783354012803636,2.3299955845503666,1.148339816729997
3400,3.513427698685757,2.3527823007847837,1.1606453979009732
3401,3.5116588535845263,2.42745969498055,1.0841991586039765
3402,3.449057569060953,2.293751032340167,1.155306536720786
3403,3.508129026808115,2.4764970470695427,1.0316319797385725
3404,3.414756628191791,2.2299043472490867,1.1848522809427044
3405,3.4966976955233138,2.3283660564925057,1.168331639030808
3406,3.4576112135787067,2.3215178755320967,1.13609333804661
3407,3.476486270460565,2.326719886675007,1.149766383785558
3408,3.432218340941223,2.272006215250454,1.160212125690769
3409,3.4711323518060553,2.3592480494122183,1.111884302393837
3410,3.449537491842067,2.27275707879812,1.176780413043947
3411,3.486560439483877,2.382226987041258,1.1043334524426194
3412,3.5217980374741407,2.4099448838440836,1.111853153630057
3413,3.46518240705188,2.312710987700823,1.1524714193510572
3414,3.4779932959544375,2.3738890039976166,1.104104291956821
3415,3.4462308378934052,2.323576200653683,1.1226546372397221
3416,3.4478575919452092,2.266388495377925,1.1814690965672843
3417,3.451001139995419,2.2684267357191032,1.1825744042763158
3418,3.4851860190554054,2.3549485238500814,1.130237495205324
3419,3.479545107030218,2.403105451252006,1.0764396557782119
3420,3.423103392028282,2.2877356426572555,1.1353677493710266
3421,3.40812142081672,2.297789485894656,1.1103319349220642
3422,3.513674005013422,2.42514527250419,1.088528732509232
3423,3.496458829133824,2.379873061838522,1.1165857672953017
3424,3.439489916030938,2.3164439275749698,1.123045988455968
3425,3.447171954518933,2.254558349946127,1.1926136045728062
3426,3.5175740435117104,2.408007080846276,1.1095669626654345
3427,3.4500932448265287,2.277560401628524,1.1725328431980047
3428,3.447283515280477,2.3351587324371996,1.1121247828432774
3429,3.4860663671150856,2.3632624536661173,1.1228039134489682
3430,3.451666941737578,2.3256508618806104,1.1260160798569676
3431,3.5092929533936417,2.5206462492225366,0.9886467041711051
3432,3.4728951200676224,2.3011836928923026,1.1717114271753197
3433,3.485020387335619,2.345053259314048,1.139967128021571
3434,3.5015863315790208,2.3986303765448667,1.1029559550341541
3435,3.3557882472698,2.1614249286504554,1.1943633186193447
3436,3.4600885416365292,2.360686761725078,1.0994017799114513
3437,3.4426129948876,2.2825627730569993,1.1600502218306006
3438,3.483088655707467,2.35014397613128,1.132944679576187
3439,3.4969177151067385,2.389118549264166,1.1077991658425725
3440,3.4594790727121953,2.3175955613163346,1.1418835113958608
3441,3.5243448944202576,2.419391432497111,1.1049534619231465
3442,3.5070331914823583,2.444957310500362,1.0620758809819963
3443,3.4553951721682634,2.334105147598688,1.1212900245695754
3444,3.391969701167527,2.2219384778523477,1.1700312233151795
3445,3.5105945322612593,2.458697594240844,1.0518969380204153
3446,3.491045924344508,2.403539895606164,1.0875060287383436
3447,3.5017307602651617,2.3274580548419745,1.1742727054231872
3448,3.449427604330842,2.272514124284798,1.1769134800460437
3449,3.3942663351286577,2.214897773162898,1.17936856196576
3450,3.4696068608681294,2.316061807188511,1.1535450536796183
3451,3.5072468554889378,2.4414488128427028,1.065798042646235
3452,3.4056227673672,2.2221734100303885,1.1834493573368117
3453,3.492179254009106,2.455716609693251,1.036462644315855
3454,3.5292983259979525,2.3674832204492096,1.161815105548743
3455,3.4386819147159273,2.3054672628703154,1.1332146518456119
3456,3.4638156560743694,2.302269976215792,1.1615456798585773
3457,3.466123065753878,2.3305990739277296,1.1355239918261484
3458,3.467444725879098,2.3590400742181123,1.1084046516609858
3459,3.5037329733005054,2.4171938962562742,1.0865390770442311
3460,3.4739948300892673,2.278973621423738,1.1950212086655294
3461,3.512954074774151,2.4060545921234793,1.1068994826506717
3462,3.477236318713106,2.3626560322160928,1.1145802864970134
3463,3.4067932014991333,2.287571369032749,1.1192218324663843
3464,3.4216031921281242,2.265771642817477,1.1558315493106472
3465,3.480806389224581,2.3620719529384937,1.1187344362860872
3466,3.458156977102174,2.409314140502414,1.0488428365997602
3467,3.4173857981443456,2.264071000994141,1.1533147971502045
3468,3.387832998477518,2.240084141295465,1.1477488571820529
3469,3.5065959665055555,2.40385624030518,1.1027397262003755
3470,3.4568173412092404,2.3100227800679254,1.146794561141315
3471,3.4707585143952917,2.3527212882496302,1.1180372261456615
3472,3.42218980616591,2.2635012582183265,1.1586885479475835
3473,3.527221012838683,2.429654511406759,1.097566501431924
3474,3.48233231292756,2.322985890173429,1.159346422754131
3475,3.5041793878565213,2.361517546405968,1.1426618414505532
3476,3.488684820648284,2.321530775239975,1.1671540454083091
3477,3.4767603172754287,2.381553040510932,1.0952072767644965
3478,3.4097746900296144,2.2449198091328593,1.1648548808967552
3479,3.4968022985223253,2.329135592078737,1.1676667064435882
3480,3.5090419425021366,2.3763843279328505,1.1326576145692862
3481,3.524671426767676,2.4523918975097065,1.0722795292579694
3482,3.4790851399176095,2.3739598878217145,1.105125252095895
3483,3.4686790697689442,2.2749683929245537,1.1937106768443906
3484,3.4719215015933185,2.4068158076240076,1.0651056939693109
3485,3.481768339764117,2.4110219607656758,1.0707463789984413
3486,3.4505684624776007,2.327924159720089,1.1226443027575117
3487,3.476679645369505,2.349309046278475,1.1273705990910297
3488,3.473649825069898,2.3246273693163535,1.1490224557535447
3489,3.4803103203144383,2.3689988949274765,1.1113114253869618
3490,3.4702380852222987,2.3412925410838996,1.128945544138399
3491,3.516624069444523,2.425769663404495,1.090854406040028
3492,3.5160402383355227,2.3931787713608843,1.1228614669746384
3493,3.393781674252347,2.226092362971741,1.167689311280606
3494,3.455616186550014,2.3302078544953346,1.1254083320546795
3495,3.4750429936734863,2.3571764192579425,1.1178665744155438
3496,3.4945620083550204,2.3029299120831004,1.19163209627192
3497,3.51995438190468,2.4483806629661125,1.0715737189385677
3498,3.4807502830261554,2.3342624350196135,1.146487848006542
3499,3.488355709937267,2.3221952808449777,1.1661604290922893
3500,3.486099431925899,2.311298084146673,1.1748013477792258
3501,3.346286170887983,2.1668143416700585,1.1794718292179245
3502,3.49510270775347,2.362566304761642,1.1325364029918283
3503,3.473116887364664,2.3773061706564,1.095810716708264
3504,3.47742845801178,2.314237364999877,1.163191093011903
3505,3.474980427597676,2.325247449552198,1.1497329780454777
3506,3.483163905909681,2.3819308419908007,1.10123306391888
3507,3.4636511024338477,2.3763556417361613,1.0872954606976863
3508,3.4823821207947634,2.371592836341476,1.1107892844532872
3509,3.4547433054399628,2.302193474212563,1.1525498312273998
3510,3.4464652492336145,2.2759620768005457,1.1705031724330688
3511,3.4844287937339375,2.344757606907991,1.1396711868259466
3512,3.4560008002968807,2.28440367436012,1.1715971259367608
3513,3.479490965488896,2.355842453012217,1.123648512476679
3514,3.523573591929553,2.451824228639684,1.0717493632898694
3515,3.442570847827344,2.252807001795223,1.189763846032121
3516,3.488353726031331,2.3477897118115743,1.1405640142197568
3517,3.455556699964364,2.3091928483410915,1.1463638516232724
3518,3.4466899463199154,2.2744547689357564,1.172235177384159
3519,3.3699248342820844,2.18437839883997,1.1855464354421144
3520,3.531886455349404,2.443763453156378,1.0881230021930262
3521,3.519535329984436,2.4491440552598776,1.0703912747245585
3522,3.4959468332726122,2.4161375721611504,1.0798092611114618
3523,3.48857238257409,2.4516770979901374,1.0368952845839527
3524,3.469191849339893,2.303798346361554,1.1653935029783389
3525,3.456617530494819,2.287745707417798,1.168871823077021
3526,3.463428394656988,2.3982711902816938,1.0651572043752942
3527,3.44524467137359,2.3159935779629817,1.1292510934106081
3528,3.434209101262413,2.3102919835690443,1.1239171176933689
3529,3.5315727676930653,2.456054199595438,1.0755185680976274
3530,3.438638051031135,2.324853777449918,1.1137842735812171
3531,3.4834049117634147,2.3338865299360894,1.1495183818273254
3532,3.4725115590483697,2.311690439297728,1.1608211197506417
3533,3.4680910014140265,2.325758536971266,1.1423324644427604
3534,3.4537059921390485,2.397242561676259,1.0564634304627893
3535,3.482197134706134,2.3429216549742278,1.1392754797319062
3536,3.5165725548205757,2.440999214537283,1.0755733402832925
3537,3.4388344874967522,2.385314835051988,1.053519652444764
3538,3.5162975441690594,2.372144029823173,1.1441535143458865
3539,3.5059928935334224,2.3916648096819864,1.114328083851436
3540,3.49826832856702,2.4116679274779944,1.0866004010890258
3541,3.5447272809653296,2.4236454501214473,1.1210818308438824
3542,3.415137698140432,2.2572368040539628,1.1579008940864695
3543,3.484858037226676,2.3291109147463365,1.1557471224803395
3544,3.4396012705268255,2.2700785191442834,1.1695227513825421
3545,3.442504763085312,2.3516146713619444,1.0908900917233675
3546,3.4931987995962497,2.368604780785632,1.1245940188106176
3547,3.520043190095447,2.4415176292253187,1.0785255608701285
3548,3.4788362398522246,2.348983307888054,1.1298529319641704
3549,3.5159831195049853,2.4419406164355735,1.0740425030694118
3550,3.4594876482106742,2.3461320749718997,1.1133555732387745
3551,3.4548736796725037,2.374926237960628,1.0799474417118757
3552,3.4958113227681182,2.315792574796503,1.1800187479716153
3553,3.515947479547882,2.37453493114171,1.141412548406172
3554,3.5235966502780136,2.436720208542136,1.0868764417358778
3555,3.460673718393721,2.3255401368013446,1.1351335815923762
3556,3.4345164121236347,2.2856903897764536,1.1488260223471811
3557,3.519911338113338,2.4350473041759795,1.0848640339373583
3558,3.4441957528389877,2.2873351220492397,1.156860630789748
3559,3.509200539877793,2.4069239776017537,1.1022765622760393
3560,3.505851161038644,2.3284130390228155,1.1774381220158285
3561,3.492760543769613,2.3097267878278664,1.1830337559417465
3562,3.5264265593411777,2.414552421415612,1.1118741379255654
3563,3.4748275478440926,2.383607611441255,1.0912199364028377
3564,3.4462883628800633,2.321713334849481,1.1245750280305824
3565,3.434783243168347,2.3303434153554825,1.1044398278128646
3566,3.4724247320158064,2.3408299045035483,1.131594827512258
3567,3.448625667257973,2.288683008752812,1.159942658505161
3568,3.4798802663754906,2.377713342079026,1.1021669242964647
3569,3.371030809125176,2.2111838693092483,1.1598469398159277
3570,3.4720932130951674,2.34262902460321,1.1294641884919572
3571,3.4657696316340734,2.311582698070762,1.1541869335633113
3572,3.520870679648946,2.385021824182985,1.135848855465961
3573,3.4263645373549596,2.2710192045862154,1.1553453327687442
3574,3.475099775718609,2.4051080507621303,1.0699917249564788
3575,3.4839845506648603,2.3510903088739803,1.13289424179088
3576,3.4812620220552084,2.4348915788980925,1.046370443157116
3577,3.3994688230051415,2.265445283915713,1.1340235390894287
3578,3.4948959392618173,2.36930947625509,1.1255864630067274
3579,3.432209977151363,2.316158831272924,1.1160511458784388
3580,3.493263259826163,2.3702303407050715,1.1230329191210915
3581,3.4973051940550173,2.397578518166261,1.099726675888756
3582,3.4581691804695267,2.308343595127104,1.1498255853424229
3583,3.4550964696387414,2.3276055914502605,1.127490878188481
3584,3.4520933584622195,2.315079963376986,1.1370133950852335
3585,3.441733267635889,2.2965093767315756,1.1452238909043135
3586,3.476414016589044,2.352561766602628,1.1238522499864159
3587,3.4958368963315425,2.43081668655989,1.0650202097716526
3588,3.526847906220591,2.4162857488321716,1.1105621573884195
3589,3.496410273061181,2.388390202024948,1.1080200710362327
3590,3.4041562370245764,2.2488827640336333,1.155273472990943
3591,3.5158980174492767,2.431056015411281,1.0848420020379956
3592,3.4223955275094453,2.2758728062894544,1.1465227212199909
3593,3.509343267545195,2.4138521156117414,1.0954911519334538
3594,3.4949630483726706,2.340068011517407,1.1548950368552635
3595,3.4527594730046647,2.2959790723930595,1.1567804006116051
3596,3.435419127264367,2.3142673926164368,1.1211517346479303
3597,3.5242112816983564,2.4907408838336833,1.033470397864673
3598,3.5290171703826463,2.402168696435889,1.1268484739467572
3599,3.444206097709785,2.2616023300898274,1.1826037676199577
3600,3.4685768278111517,2.4019223355828667,1.066654492228285
3601,3.491918873555176,2.334947901091961,1.1569709724632147
3602,3.4738716093709576,2.3206432266414367,1.1532283827295209
3603,3.493240445207417,2.380527279255569,1.1127131659518477
3604,3.4761566264899604,2.3556946520630024,1.120461974426958
3605,3.4786941901570145,2.364421185156828,1.1142730050001863
3606,3.445418932359996,2.284577296888669,1.1608416354713271
3607,3.4585166713914433,2.314632807526436,1.1438838638650073
3608,3.432716672782296,2.2600721359684863,1.1726445368138099
3609,3.422184308248346,2.261597040700046,1.1605872675483
3610,3.4515864977745365,2.3112615256866667,1.1403249720878699
3611,3.512547479075978,2.37496535808135,1.1375821209946282
3612,3.4770100423659582,2.29814794681654,1.1788620955494182
3613,3.450074390368731,2.2737062738993976,1.1763681164693334
3614,3.4927122823368335,2.3101468685549658,1.1825654137818677
3615,3.4598558922702902,2.3192576509218608,1.1405982413484295
3616,3.5186334688770544,2.35068760514622,1.1679458637308344
3617,3.482644636249577,2.317852630634547,1.16479200561503
3618,3.4829133059566293,2.34474654296727,1.1381667629893593
3619,3.5089648879643613,2.404219519373542,1.1047453685908195
3620,3.456013458387796,2.3055482560864204,1.1504652023013757
3621,3.427497195210593,2.2406724915699403,1.1868247036406525
3622,3.473502049532737,2.322523667522232,1.1509783820105048
3623,3.500664189837565,2.396213606859051,1.1044505829785143
3624,3.521690033223711,2.410074903515253,1.1116151297084578
3625,3.505304053138703,2.356897305804726,1.148406747333977
3626,3.419489221121587,2.280284015670037,1.13920520545155
3627,3.5006674194758474,2.343684708318735,1.1569827111571125
3628,3.487827270634021,2.3577662823514216,1.1300609882825996
3629,3.4433513858207547,2.271980303092424,1.1713710827283306
3630,3.498508421188586,2.346776153234821,1.151732267953765
3631,3.4225816517518486,2.316184113649364,1.1063975381024846
3632,3.485609280829089,2.40026786271284,1.0853414181162488
3633,3.491189964755193,2.3843594615606754,1.1068305031945176
3634,3.489531593994795,2.3441469165736195,1.1453846774211756
3635,3.4643590808266485,2.310394325746106,1.1539647550805423
3636,3.5268068035448317,2.4027301232857283,1.1240766802591033
3637,3.4701653203718865,2.3214026620496937,1.1487626583221928
3638,3.474806252167238,2.392156984067861,1.082649268099377
3639,3.4896022810904905,2.3335611102658094,1.1560411708246812
3640,3.5168745906653793,2.4178868363152457,1.0989877543501336
3641,3.437831519927989,2.2695783464079518,1.1682531735200374
3642,3.5145390929195224,2.4193436722979267,1.0951954206215957
3643,3.5145861107134664,2.3867242649618525,1.1278618457516139
3644,3.4291543575767856,2.2700343843068564,1.159119973269929
3645,3.453560343261562,2.2905918764867557,1.1629684667748061
3646,3.4717230484880472,2.3176850668345557,1.1540379816534916
3647,3.5118519987820775,2.4083729867954284,1.103479011986649
3648,3.517742781593323,2.4202082342572964,1.0975345473360267
3649,3.5290437786097395,2.4524785089752736,1.0765652696344659
3650,3.4711550982906973,2.3664156922802793,1.104739406010418
3651,3.525621163290106,2.4133087874496457,1.1123123758404603
3652,3.4847049788949165,2.365053311088708,1.1196516678062083
3653,3.3591884270117647,2.1681525313073764,1.1910358957043883
3654,3.4790306733689413,2.3146705233683877,1.1643601500005536
3655,3.466772022560124,2.3782870793394055,1.0884849432207186
3656,3.51332189542729,2.361939024460821,1.151382870966469
3657,3.4259404351567793,2.2418558076288555,1.1840846275279238
3658,3.4875026511103018,2.386537553134275,1.1009650979760268
3659,3.456844209550626,2.3556010296373984,1.1012431799132276
3660,3.4140844595211526,2.2962478442664755,1.117836615254677
3661,3.435295184554126,2.266431842984846,1.1688633415692804
3662,3.481935100985368,2.3607350838810612,1.1212000171043068
3663,3.450396649780626,2.2943191461788923,1.156077503601734
3664,3.520324334013768,2.415909674825665,1.104414659188103
3665,3.4743304025911805,2.341892451846299,1.1324379507448814
3666,3.416117021504631,2.2376687650765112,1.1784482564281196
3667,3.4987860624491565,2.3477969665312184,1.150989095917938
3668,3.414251218602843,2.2576360255435413,1.1566151930593018
3669,3.522632599002332,2.418584998389345,1.104047600612987
3670,3.488601662276329,2.369691779277183,1.1189098829991457
3671,3.4940851692529247,2.4089388193352175,1.0851463499177072
3672,3.4746534410584897,2.3577118242889337,1.116941616769556
3673,3.4956011519586982,2.3605920188125924,1.1350091331461059
3674,3.478388856638321,2.3093848108624146,1.1690040457759063
3675,3.459350948470361,2.3397608807969865,1.1195900676733745
3676,3.461680086359401,2.2973016991240534,1.1643783872353475
3677,3.4980367002596555,2.3437164884779262,1.1543202117817293
3678,3.5347678390174533,2.4930182212764143,1.041749617741039
3679,3.464478711321244,2.309243698595304,1.1552350127259396
3680,3.5243099589443787,2.3757142545583547,1.148595704386024
3681,3.446350190589091,2.2807806832742887,1.1655695073148022
3682,3.5108148616296444,2.4040137912166837,1.1068010704129607
3683,3.5405887176826796,2.472775277910991,1.0678134397716885
3684,3.446902939934614,2.2957293906915446,1.1511735492430692
3685,3.491978260345861,2.329638598528789,1.162339661817072
3686,3.4856650915795018,2.3321836462035987,1.153481445375903
3687,3.426778652358471,2.2663837841155408,1.1603948682429301
3688,3.5358848581943363,2.4661761471060024,1.0697087110883339
3689,3.477342452409153,2.3225030639999433,1.1548393884092096
3690,3.4848299850936026,2.3311174301110684,1.1537125549825342
3691,3.4514165618396566,2.279551637005328,1.1718649248343285
3692,3.4860504998443593,2.340703265600516,1.1453472342438435
3693,3.467035367042434,2.339686038623014,1.1273493284194198
3694,3.4277254968713775,2.2830460067012583,1.1446794901701192
3695,3.4831969120676165,2.330703850878961,1.1524930611886557
3696,3.420082338394347,2.2323368518180637,1.1877454865762833
3697,3.4133546466655114,2.273193147838056,1.1401614988274553
3698,3.5040603751524713,2.3886482610085262,1.115412114143945
3699,3.4574459923941596,2.3101002662657555,1.1473457261284041
3700,3.422679880609059,2.302233667800142,1.120446212808917
3701,3.4716289589617073,2.421676251690589,1.0499527072711183
3702,3.472291102583963,2.345048099941289,1.127243002642674
3703,3.409532941830974,2.2850075976498383,1.1245253441811358
3704,3.4870527376506457,2.3577588536225416,1.1292938840281042
3705,3.4675090836046802,2.342065195954894,1.1254438876497863
3706,3.4657653697500668,2.3459444255082063,1.1198209442418605
3707,3.5136506170768986,2.4136551340578474,1.0999954830190513
3708,3.4393937922224946,2.3227911283218483,1.1166026639006463
3709,3.4686132808159544,2.298547969205311,1.1700653116106436
3710,3.4157324041445096,2.219231810623087,1.1965005935214226
3711,3.4706138263459074,2.3653105413961444,1.105303284949763
3712,3.504601642071606,2.3410151644435255,1.1635864776280807
3713,3.5316235798158715,2.4546511199150696,1.076972459900802
3714,3.402624697702255,2.2321819536337015,1.1704427440685534
3715,3.4496355936690626,2.2939243396120386,1.155711254057024
3716,3.4086889161702048,2.2533550678318233,1.1553338483383815
3717,3.5216715155448632,2.4744967478823576,1.0471747676625056
3718,3.4704739658635746,2.3009081577569175,1.1695658081066571
3719,3.4757194591350853,2.3081922019409093,1.167527257194176
3720,3.498152285607757,2.353339287630234,1.1448129979775232
3721,3.441443634054904,2.3084367556181604,1.1330068784367437
3722,3.4562736157290304,2.2737020602241627,1.1825715555048677
3723,3.4795852726427876,2.3262139953362513,1.1533712773065363
3724,3.4792899318558557,2.3442171933101186,1.135072738545737
3725,3.336651347732397,2.1608400450542833,1.1758113026781136
3726,3.4776104690503282,2.3594285867462506,1.1181818823040777
3727,3.5125991669922336,2.484995665085719,1.0276035019065146
3728,3.4330959128840712,2.2526941754442857,1.1804017374397855
3729,3.4090515230451457,2.2400330756466706,1.169018447398475
3730,3.460917584325542,2.3348520954275482,1.1260654888979937
3731,3.494355501210091,2.3709780745140687,1.1233774266960221
3732,3.4641911214957553,2.3347976470576195,1.1293934744381358
3733,3.4676548654545223,2.4006078478132844,1.0670470176412379
3734,3.434707794931008,2.2583341100649554,1.1763736848660526
3735,3.4906328599742165,2.3107376880515824,1.179895171922634
3736,3.3538956638528985,2.1765494478810736,1.1773462159718249
3737,3.4469856993236623,2.3030186971820346,1.1439670021416277
3738,3.497851440469587,2.447302872121047,1.0505485683485398
3739,3.4779389557139293,2.3424655049612233,1.135473450752706
3740,3.4689413634081565,2.336663512996893,1.1322778504112634
3741,3.4558796635234272,2.322972190367745,1.132907473155682
3742,3.5178896399934065,2.4315066286702898,1.0863830113231168
3743,3.4504113941359416,2.363745577767494,1.0866658163684475
3744,3.4938308941588248,2.343583633588074,1.1502472605707506
3745,3.393814755978341,2.2119091766497356,1.1819055793286055
3746,3.4573208741163843,2.3028793128401075,1.1544415612762768
3747,3.447893755687071,2.271095520422498,1.176798235264573
3748,3.4721136354930286,2.3412705405322876,1.130843094960741
3749,3.453756283705838,2.2731171946703763,1.1806390890354619
3750,3.4277669122385395,2.297096228886155,1.1306706833523843
3751,3.4645279283518784,2.353891171230381,1.1106367571214975
3752,3.44370382449554,2.358425401584976,1.085278422910564
3753,3.466332979700835,2.3290135859306145,1.1373193937702206
3754,3.4756131238959127,2.402717263232582,1.0728958606633308
3755,3.4789686383236575,2.3268877804754218,1.1520808578482358
3756,3.4664078886401337,2.323520378141166,1.1428875104989675
3757,3.5036000160273693,2.4124487284279366,1.0911512875994327
3758,3.445208679796141,2.3284502648366443,1.116758414959497
3759,3.5068842589341647,2.4020657815660518,1.104818477368113
3760,3.511822411653079,2.446878845907059,1.0649435657460202
3761,3.4423667882308884,2.268182689693913,1.1741840985369754
3762,3.5004171000251705,2.3848461500818567,1.1155709499433137
3763,3.488654202263441,2.3947797727959435,1.0938744294674976
3764,3.466609312419577,2.331388068095622,1.1352212443239549
3765,3.457729861985777,2.2743451524816813,1.1833847095040957
3766,3.518027444305573,2.4445576570155345,1.0734697872900383
3767,3.4982823940444026,2.3338906042102767,1.1643917898341258
3768,3.5032472840837148,2.3679368603826636,1.1353104237010512
3769,3.4764982357659377,2.3315633563352476,1.1449348794306902
3770,3.4768538125237196,2.356549608247626,1.1203042042760938
3771,3.460395755599024,2.3236592777166516,1.1367364778823723
3772,3.4622886712434044,2.340773645711715,1.1215150255316892
3773,3.3962336106094275,2.2939197318651474,1.10231387874428
3774,3.4801880508202436,2.3515606752366116,1.128627375583632
3775,3.46104764151885,2.3134493077826637,1.1475983337361861
3776,3.391572753031753,2.230181647807415,1.1613911052243382
3777,3.5125621525494917,2.417129872119548,1.0954322804299435
3778,3.507815786901016,2.4489629272996605,1.0588528596013553
3779,3.5105616607456835,2.3634769327166705,1.147084728029013
3780,3.484517497429928,2.3622118885097425,1.1223056089201853
3781,3.511146849551066,2.439349334828284,1.0717975147227818
3782,3.4544674678507956,2.3152341843067146,1.139233283544081
3783,3.4540507011959476,2.323897457379825,1.1301532438161228
3784,3.4565815395338175,2.366814392462418,1.0897671470713997
3785,3.4939702124071443,2.3708880964353347,1.1230821159718096
3786,3.523000822063716,2.4026479025846337,1.1203529194790822
3787,3.3591411806382685,2.1568199460668893,1.2023212345713792
3788,3.4408924348104266,2.27462827458117,1.1662641602292565
3789,3.446389015296774,2.271319521361633,1.175069493935141
3790,3.5162298521790962,2.4712829033529786,1.0449469488261176
3791,3.4980285844428245,2.3816266064404576,1.1164019780023668
3792,3.484642159658557,2.32483472616451,1.1598074334940471
3793,3.46655781608757,2.3124256356843724,1.1541321804031974
3794,3.4220182613659165,2.235259500681061,1.1867587606848553
3795,3.5137710024529016,2.3694445290259782,1.1443264734269234
3796,3.5186661896002813,2.456079098337365,1.0625870912629165
3797,3.4821027386323036,2.3261838471580067,1.1559188914742968
3798,3.446215089701191,2.308476261750831,1.13773882795036
3799,3.4893606185823187,2.3954448686771683,1.0939157499051504
3800,3.489711145716887,2.3479547988554,1.1417563468614866
3801,3.427460976509268,2.25925974050272,1.168201236006548
3802,3.399729325165229,2.2533715977184894,1.1463577274467398
3803,3.4710952632697767,2.338148103161269,1.1329471601085075
3804,3.4872372350411984,2.3690485013197007,1.1181887337214977
3805,3.369076757995079,2.2047066761256264,1.1643700818694525
3806,3.436340084529879,2.3146487661692996,1.1216913183605794
3807,3.3876712312848056,2.204528464790126,1.1831427664946794
3808,3.4894236917430685,2.3288200620746027,1.1606036296684659
3809,3.533725753540065,2.424072165113772,1.1096535884262928
3810,3.5297588335524903,2.466211670569999,1.0635471629824913
3811,3.5162546935047576,2.3438850941516316,1.172369599353126
3812,3.4887952489574063,2.326370082723289,1.1624251662341174
3813,3.444820635537361,2.290387308798883,1.154433326738478
3814,3.409376863399798,2.2211148129752747,1.1882620504245232
3815,3.4583256183307824,2.310445917528963,1.1478797008018193
3816,3.4737608617974916,2.3532499379714658,1.1205109238260258
3817,3.516757844341794,2.4299093254580355,1.0868485188837584
3818,3.4787509884373224,2.3812568667517833,1.0974941216855392
3819,3.503569512424067,2.388559135289888,1.1150103771341788
3820,3.529270309032536,2.4539910869183887,1.0752792221141472
3821,3.468028184671159,2.334025711222402,1.1340024734487573
3822,3.4595916993918885,2.327363908335574,1.1322277910563145
3823,3.449159367932527,2.306043441295802,1.143115926636725
3824,3.4634406170188186,2.2799304878391395,1.183510129179679
3825,3.4429446786578697,2.2819892182792514,1.1609554603786183
3826,3.5103851678703726,2.4179168808806475,1.092468286989725
3827,3.4665864730269202,2.3177520568695837,1.1488344161573365
3828,3.49726124599436,2.3687367427772643,1.1285245032170956
3829,3.4349479033605137,2.2933703341202416,1.141577569240272
3830,3.507648890311923,2.3542514297441715,1.1533974605677515
3831,3.4599143687315137,2.4115108105027083,1.0484035582288054
3832,3.4616491275142676,2.313938371359276,1.1477107561549915
3833,3.5132331168060804,2.4074648690639107,1.1057682477421698
3834,3.461902960060592,2.320548055420463,1.1413549046401292
3835,3.5182166811629783,2.4788957943647474,1.0393208867982309
3836,3.4614921533574914,2.302994468297139,1.1584976850603526
3837,3.4450391284501043,2.3340717669687225,1.1109673614813818
3838,3.5237461358779876,2.3913558840399722,1.1323902518380153
3839,3.52748382080146,2.449045740907978,1.0784380798934818
3840,3.5001740406501294,2.3560789632910013,1.144095077359128
3841,3.450509070520103,2.2691686065570433,1.1813404639630596
3842,3.4584973946824427,2.2626698188464434,1.1958275758359993
3843,3.490748541229931,2.344688356772746,1.146060184457185
3844,3.4531526677568034,2.276581717139448,1.1765709506173554
3845,3.478438210572325,2.341572042289634,1.1368661682826913
3846,3.503836922358787,2.4037876753561824,1.1000492470026044
3847,3.4227237053300366,2.326102341679466,1.0966213636505704
3848,3.5364625396780704,2.4527578352927426,1.0837047043853278
3849,3.4492241087026994,2.299852315174064,1.1493717935286352
3850,3.396102073578757,2.213090185517707,1.1830118880610496
3851,3.5048642813457347,2.397827118762964,1.1070371625827709
3852,3.465345178141712,2.291285863699337,1.174059314442375
3853,3.48943495018405,2.5572922391815087,0.9321427110025411
3854,3.5111745054939214,2.4031099865736336,1.1080645189202878
3855,3.424607619022196,2.250957739336846,1.17364987968535
3856,3.4774591787350886,2.377936527191239,1.0995226515438494
3857,3.5078383911055404,2.497520283345612,1.0103181077599284
3858,3.531402958638023,2.458863780382056,1.0725391782559672
3859,3.4611148533433718,2.3392445676053772,1.1218702857379945
3860,3.515802941642818,2.3380870424435187,1.177715899199299
3861,3.5061105229931613,2.398865677321765,1.1072448456713961
3862,3.52977156303245,2.437228262270241,1.0925433007622094
3863,3.524485960331151,2.4120490386718045,1.1124369216593464
3864,3.4780742919212804,2.414751790589827,1.0633225013314536
3865,3.5287713395784013,2.4611735611926124,1.0675977783857888
3866,3.494234174605224,2.3851653598984472,1.1090688147067769
3867,3.501018875450359,2.3762766649346467,1.1247422105157123
3868,3.508550065858885,2.427041438295446,1.081508627563439
3869,3.4761314911379384,2.3147738845098305,1.161357606628108
3870,3.4460394303927377,2.344672162823408,1.1013672675693296
3871,3.4780466149802165,2.423567227277142,1.0544793877030747
3872,3.506849507417643,2.3753637790435307,1.1314857283741122
3873,3.4454736931551837,2.286493546169566,1.1589801469856176
3874,3.457215867950627,2.2925869915349537,1.1646288764156734
3875,3.477824035730217,2.3046404508613922,1.1731835848688248
3876,3.439622091349642,2.3338803329205047,1.1057417584291374
3877,3.4884569536656356,2.3379545331492704,1.1505024205163652
3878,3.4430349274691134,2.281185832379126,1.1618490950899876
3879,3.514894633726758,2.3588370588424508,1.1560575748843074
3880,3.461555708209153,2.3016298468251235,1.1599258613840293
3881,3.5104850887825947,2.4173846598121065,1.0931004289704882
3882,3.5307454251859323,2.4875882757509604,1.0431571494349718
3883,3.4687599677524803,2.3506449085227747,1.1181150592297056
3884,3.5156949770024273,2.428787144583135,1.0869078324192922
3885,3.425644729547949,2.287657099840807,1.1379876297071418
3886,3.509873870746913,2.4002493007616015,1.1096245699853116
3887,3.537675354650802,2.3985775447102133,1.1390978099405888
3888,3.415024543409863,2.2535648626093763,1.161459680800487
3889,3.403566385514852,2.196460706945112,1.2071056785697403
3890,3.4668268116779553,2.30627639412231,1.1605504175556454
3891,3.4770957669238287,2.376083118296879,1.1010126486269498
3892,3.52159741975921,2.367400499355938,1.154196920403272
3893,3.5122681283164345,2.3527394177768444,1.1595287105395902
3894,3.5249114549923806,2.354587306147664,1.1703241488447165
3895,3.5349952547956827,2.4162611350373826,1.1187341197583
3896,3.441826118485735,2.3119432057597726,1.1298829127259622
3897,3.5207880236711238,2.442273024667826,1.0785149990032976
3898,3.4934854040858982,2.348669390198582,1.1448160138873162
3899,3.4186261921507244,2.2950197479241927,1.1236064442265317
3900,3.5124656974992154,2.4317794375645945,1.080686259934621
3901,3.4604791052181048,2.2697527722302246,1.19072633298788
3902,3.4622348728945185,2.314781949248197,1.1474529236463216
3903,3.4951123421733663,2.391570071226711,1.1035422709466554
3904,3.536229486168931,2.4526179440713936,1.0836115420975374
3905,3.4686655962025914,2.375835928716917,1.0928296674856743
3906,3.4299482769541343,2.2995782553439956,1.1303700216101387
3907,3.4686052975286032,2.3217867340579814,1.1468185634706218
3908,3.4370957379568035,2.3727070123085876,1.0643887256482158
3909,3.5254595432970057,2.4867551977184634,1.0387043455785423
3910,3.5051709921760708,2.4074924682898824,1.0976785238861884
3911,3.4661165152242877,2.3151279706121475,1.1509885446121402
3912,3.4054754064127852,2.2537742522130526,1.1517011541997326
3913,3.4908148435509747,2.3077688424815257,1.183046001069449
3914,3.470009291875228,2.3466377981096294,1.1233714937655987
3915,3.520479576876407,2.403872647886643,1.1166069289897642
3916,3.4222692220112427,2.2454339773053804,1.1768352447058623
3917,3.39334390172135,2.206925769405383,1.1864181323159668
3918,3.443733828961605,2.3107181519221807,1.1330156770394244
3919,3.5102788522276165,2.390261855986097,1.1200169962415196
3920,3.486193505437863,2.368439576365297,1.1177539290725664
3921,3.455991548633817,2.289005735501043,1.166985813132774
3922,3.4695020489654635,2.3925775289843942,1.0769245199810693
3923,3.4198617151213266,2.29124816770286,1.1286135474184666
3924,3.506450701887958,2.3732143588662074,1.1332363430217507
3925,3.5216845929791956,2.413495854776353,1.1081887382028426
3926,3.492009281331927,2.3819571354339586,1.1100521458979684
3927,3.5453315967153576,2.497743502855057,1.0475880938603006
3928,3.5239664535207122,2.3774069154498574,1.1465595380708549
3929,3.416553969303885,2.253448156526849,1.1631058127770362
3930,3.526749168670188,2.4816564614314385,1.0450927072387497
3931,3.3648814260158204,2.2134711021606805,1.1514103238551399
3932,3.5179673154662954,2.3544211035776206,1.1635462118886748
3933,3.3941684584669356,2.2030162311005683,1.1911522273663673
3934,3.438674254750917,2.3150425046862924,1.1236317500646247
3935,3.45896503575503,2.3078214026194033,1.1511436331356268
3936,3.498163969480612,2.427607487103953,1.0705564823766593
3937,3.492612520756307,2.3538034991480554,1.1388090216082514
3938,3.4298236255138024,2.248762394552741,1.1810612309610615
3939,3.5141934515591147,2.3768736137828532,1.1373198377762614
3940,3.399269011592817,2.1954658200532777,1.203803191539539
3941,3.462374237844667,2.321978766170384,1.140395471674283
3942,3.4696297768577753,2.326802081679281,1.1428276951784944
3943,3.468690387871076,2.3288448841978195,1.1398455036732567
3944,3.43987025148799,2.369424374983451,1.070445876504539
3945,3.4776027404536562,2.3296397793335166,1.1479629611201396
3946,3.4317609121405503,2.2830300419014815,1.1487308702390688
3947,3.478640762052267,2.3400721878822335,1.1385685741700335
3948,3.495290860614147,2.343457547389877,1.15183331322427
3949,3.4907295290058196,2.3753835221882778,1.1153460068175418
3950,3.4468141964677783,2.2864350421572026,1.1603791543105757
3951,3.4795740852402894,2.351283663216862,1.1282904220234276
3952,3.485215202777227,2.33770791132796,1.147507291449267
3953,3.426546346649013,2.232906571791607,1.1936397748574064
3954,3.471388614358386,2.3175204858144833,1.1538681285439027
3955,3.521097543702333,2.36689879281746,1.154198750884873
3956,3.3862554558634455,2.303921947882154,1.0823335079812915
3957,3.469511270908624,2.325159056378826,1.1443522145297984
3958,3.4714927433379916,2.359021516466263,1.1124712268717287
3959,3.418653532891978,2.2080249302919777,1.2106286026000004
3960,3.4410842965341204,2.3044585079617255,1.136625788572395
3961,3.427259026404545,2.2849281157324324,1.1423309106721127
3962,3.511117423492433,2.368330025050881,1.142787398441552
3963,3.5073842523111236,2.3757877072652143,1.1315965450459093
3964,3.4688635035640925,2.367547729267288,1.1013157742968045
3965,3.5339456226480763,2.407087503857329,1.1268581187907474
3966,3.4916027049382925,2.3345724474883407,1.1570302574499518
3967,3.408090008337235,2.279072700565779,1.129017307771456
3968,3.4388447354785874,2.289815135330122,1.1490296001484652
3969,3.524404151845869,2.388544645480708,1.1358595063651609
3970,3.406463798375092,2.2223569664457665,1.1841068319293253
3971,3.508023325251673,2.4018000057297852,1.1062233195218876
3972,3.486365453492332,2.3797385191683498,1.106626934323982
3973,3.5006836365622145,2.35143833747434,1.1492452990878745
3974,3.397678980452709,2.2010794334426453,1.1965995470100639
3975,3.4305995424761995,2.293947231097394,1.1366523113788056
3976,3.516908193469974,2.430586883091638,1.0863213103783362
3977,3.4561195769113757,2.3130099372165165,1.1431096396948592
3978,3.4687239397294882,2.362481253732351,1.1062426859971373
3979,3.5205812041848175,2.4497264161120142,1.0708547880728032
3980,3.4585111431912856,2.2712237615875845,1.187287381603701
3981,3.44454077728041,2.361997675864623,1.0825431014157871
3982,3.5000161535060994,2.3979164042121806,1.1020997492939189
3983,3.4955399362704402,2.3360143740064063,1.159525562264034
3984,3.4634592187571602,2.292137089513544,1.1713221292436162
3985,3.496625339265875,2.3639619808089702,1.1326633584569046
3986,3.3192107942570432,2.144356368783504,1.1748544254735394
3987,3.400072489982714,2.2201105891491446,1.1799619008335696
3988,3.53084946540872,2.43228117666169,1.09856828874703
3989,3.4524430500939953,2.2562879585064564,1.196155091587539
3990,3.4968183916017446,2.364308291189117,1.1325101004126275
3991,3.491690937760142,2.385089006591238,1.1066019311689042
3992,3.5143046102748747,2.423486485118413,1.0908181251564617
3993,3.451511896939252,2.281202281756376,1.1703096151828762
3994,3.452835482587289,2.2997067028704388,1.1531287797168503
3995,3.452772406772045,2.3335103194247893,1.1192620873472556
3996,3.4588994938302635,2.298338887189182,1.1605606066410816
3997,3.436253467273267,2.2846015041258245,1.1516519631474424
3998,3.530606296838142,2.435541424279231,1.0950648725589112
3999,3.472905419173502,2.3188782780074098,1.1540271411660923
4000,3.4828430752125814,2.327250559515685,1.1555925156968962
4001,3.470183319149381,2.332016805244457,1.138166513904924
4002,3.5353540362726026,2.4564094095712767,1.0789446267013258
4003,3.497893140450689,2.3446891711739295,1.1532039692767597
4004,3.4063162894331676,2.217050026597053,1.1892662628361146
4005,3.485276664822568,2.3678031537600814,1.1174735110624865
4006,3.4760188623138015,2.3915364811428437,1.0844823811709579
4007,3.513188544963767,2.4094481353642605,1.1037404095995065
4008,3.4091101780017206,2.2011194588650698,1.2079907191366508
4009,3.4794450352212483,2.322804224254147,1.1566408109671014
4010,3.450117863410992,2.3862311164562033,1.0638867469547888
4011,3.4556670539884693,2.3955544341182424,1.0601126198702269
4012,3.4667257179423587,2.323347182282625,1.1433785356597337
4013,3.460705857474682,2.366000108329942,1.0947057491447398
4014,3.352012423733332,2.2030158472855845,1.1489965764477477
4015,3.4426301465342797,2.3885169443404006,1.054113202193879
4016,3.480783195313096,2.3022183925005355,1.1785648028125606
4017,3.491948701655522,2.32048648442501,1.1714622172305118
4018,3.512803426621444,2.3743587044933814,1.1384447221280625
4019,3.5163833716175317,2.4205527916696865,1.0958305799478452
4020,3.477453849110578,2.326983588787652,1.1504702603229258
4021,3.447360758800002,2.3538146249833556,1.0935461338166466
4022,3.4714160617943293,2.361334611149371,1.1100814506449583
4023,3.367204415183731,2.165472847039626,1.2017315681441052
4024,3.451823622229255,2.3610175850150923,1.0908060372141626
4025,3.4493510855678373,2.2701633119872042,1.179187773580633
4026,3.466502336052094,2.3277176160238193,1.1387847200282746
4027,3.4872367621826226,2.3809790772378876,1.106257684944735
4028,3.495629636661139,2.4089366846975264,1.0866929519636126
4029,3.497249672796673,2.3910546946764297,1.1061949781202434
4030,3.3995587390447106,2.2631400439566547,1.136418695088056
4031,3.419730964141701,2.231690629921422,1.188040334220279
4032,3.4549365569190984,2.296417263471764,1.1585192934473345
4033,3.5211224561636265,2.367992255451467,1.1531302007121593
4034,3.4667784215107376,2.2917990902196577,1.17497933129108
4035,3.432580127380083,2.280547798437749,1.152032328942334
4036,3.517451873375035,2.3964821322235443,1.1209697411514905
4037,3.450732165750583,2.3326298866159925,1.1181022791345905
4038,3.5236318417623087,2.448380040942627,1.0752518008196819
4039,3.444309445290122,2.275487267084413,1.1688221782057093
4040,3.4485079692850977,2.2715708275510504,1.1769371417340473
4041,3.516513271363112,2.4424576835203946,1.0740555878427176
4042,3.4923096941498932,2.367519912643292,1.124789781506601
4043,3.445709386928702,2.264673542324362,1.1810358446043399
4044,3.439120985219698,2.304259457599547,1.1348615276201506
4045,3.4709436942187573,2.363159496280627,1.1077841979381304
4046,3.4585360992256837,2.390308704936613,1.0682273942890705
4047,3.49536216274778,2.333087309769152,1.1622748529786282
4048,3.5166508945534,2.3966730311391333,1.1199778634142667
4049,3.478998360412294,2.370142281571149,1.108856078841145
4050,3.4644009631675097,2.4044847969533576,1.059916166214152
4051,3.4030787799898343,2.2536124728216547,1.1494663071681797
4052,3.501306462442937,2.4070531439250225,1.0942533185179144
4053,3.4907984496756,2.4263390055905645,1.0644594440850357
4054,3.5191776368544425,2.3962459476267925,1.12293168922765
4055,3.511663731780756,2.388569300861635,1.1230944309191209
4056,3.5181080986246447,2.3821856011023734,1.1359224975222713
4057,3.5146066053959126,2.4256114470659282,1.0889951583299844
4058,3.4728847491370383,2.357562509985307,1.1153222391517312
4059,3.511743231238824,2.385657742206171,1.1260854890326533
4060,3.492903630761129,2.385843647171248,1.1070599835898811
4061,3.464778936522182,2.3651186156771105,1.0996603208450715
4062,3.525987012166676,2.422409710399538,1.103577301767138
4063,3.435575774153106,2.2852281351272463,1.1503476390258598
4064,3.505361367995778,2.4465061063849762,1.0588552616108018
4065,3.47655450084806,2.32536156354578,1.1511929373022802
4066,3.50672239432149,2.3358666535857666,1.1708557407357234
4067,3.49724062272268,2.3848721917304974,1.1123684309921829
4068,3.40043349072912,2.2412671335430026,1.1591663571861175
4069,3.4014324058046403,2.2114497909117974,1.189982614892843
4070,3.4689897376682746,2.361796489445819,1.1071932482224556
4071,3.420532746673795,2.2686168541623526,1.1519158925114423
4072,3.496636333498915,2.330313591438861,1.166322742060054
4073,3.529688416563601,2.4020810445819087,1.1276073719816924
4074,3.4601610315986755,2.302836014264784,1.1573250173338914
4075,3.5249811555778043,2.4229151012900996,1.1020660542877048
4076,3.4219840928722065,2.293645037594662,1.1283390552775443
4077,3.485803996106873,2.3377019460704394,1.1481020500364338
4078,3.459541146531554,2.3209079813921076,1.1386331651394466
4079,3.4952775672266942,2.31878028250179,1.1764972847249044
4080,3.505640758453538,2.371220654947366,1.134420103506172
4081,3.497497481717554,2.35360696164371,1.1438905200738438
4082,3.5002695689140677,2.4020133507541876,1.09825621815988
4083,3.4630087979139943,2.346257101512671,1.116751696401323
4084,3.533378331542841,2.464726441626738,1.068651889916103
4085,3.4498450564136913,2.2950972694149736,1.1547477869987177
4086,3.4401523091314963,2.329047862658198,1.1111044464732984
4087,3.471645545787063,2.335305470017243,1.1363400757698203
4088,3.5307099617318785,2.4393904963677966,1.0913194653640819
4089,3.4703892696863416,2.312494865861018,1.1578944038253236
4090,3.4477043665973106,2.257890645995422,1.1898137206018884
4091,3.4953636272788846,2.3843191848998626,1.111044442379022
4092,3.4857636117440505,2.3598890880119137,1.1258745237321368
4093,3.4602333899944906,2.3090604486769926,1.151172941317498
4094,3.4162831933523425,2.249363103805156,1.1669200895471867
4095,3.463828224054788,2.345207952359937,1.118620271694851
4096,3.4986911348035545,2.3573667803476064,1.1413243544559482
4097,3.4050963686410123,2.253618601073817,1.1514777675671954
4098,3.4517636742362474,2.326013829785039,1.1257498444512084
4099,3.4890351118451495,2.342901676354937,1.1461334354902126
4100,3.4372153784242765,2.2753989509551227,1.1618164274691538
4101,3.4347866904888082,2.2840730885579954,1.1507136019308128
4102,3.477758677764341,2.3373536609992565,1.1404050167650848
4103,3.4444629157196305,2.254367956600957,1.1900949591186736
4104,3.476767366550769,2.3432856499138364,1.1334817166369326
4105,3.3745034052138108,2.1855908795676746,1.1889125256461361
4106,3.423040168229494,2.2628305712164596,1.1602095970130346
4107,3.4467042708077407,2.2890027623584417,1.157701508449299
4108,3.522186935599137,2.40240182907287,1.1197851065262667
4109,3.4245047987384685,2.2371726786415467,1.1873321200969218
4110,3.4729075004145282,2.4187418470152537,1.0541656533992745
4111,3.511445177068831,2.394863514549479,1.1165816625193519
4112,3.4675368602605667,2.3390841965063403,1.1284526637542265
4113,3.490111836638649,2.3876267411032694,1.1024850955353798
4114,3.3982569794729427,2.2651118375208656,1.133145141952077
4115,3.5135328136851434,2.4198389263401427,1.0936938873450006
4116,3.4780505939877835,2.319139057882148,1.1589115361056357
4117,3.51345555408602,2.381780609025332,1.1316749450606882
4118,3.5453277795221405,2.5174213499361926,1.027906429585948
4119,3.4591327153386127,2.288964567956958,1.1701681473816548
4120,3.476678991501521,2.3512936819537704,1.1253853095477506
4121,3.417077827898612,2.2528722475578706,1.1642055803407412
4122,3.4648587564222275,2.394686595105818,1.0701721613164095
4123,3.413679452405782,2.218189849315425,1.195489603090357
4124,3.4476253008272892,2.3032925313243315,1.1443327695029577
4125,3.4673199476835492,2.3238299129699946,1.1434900347135546
4126,3.519021509176207,2.393488731928703,1.125532777247504
4127,3.4520240053630165,2.378735388001403,1.0732886173616136
4128,3.4295376514859877,2.2493806370529197,1.180157014433068
4129,3.4813894606602265,2.366353139408995,1.1150363212512313
4130,3.4742392974528644,2.3718253939278027,1.1024139035250617
4131,3.450374747716717,2.329248608152883,1.1211261395638341
4132,3.444595198703666,2.3065189419391494,1.1380762567645166
4133,3.427546869445677,2.2848202956849235,1.1427265737607537
4134,3.399463571238783,2.2253409777889472,1.1741225934498356
4135,3.479797214075021,2.2988571235206083,1.1809400905544125
4136,3.4233563219219465,2.3693887056675487,1.0539676162543978
4137,3.497558178406724,2.417349152944973,1.080209025461751
4138,3.4720976284813587,2.313700376902077,1.1583972515792818
4139,3.448925577382771,2.279275103186161,1.1696504741966098
4140,3.4676064751606113,2.3562577141430765,1.1113487610175348
4141,3.4486320470348173,2.3152280427197254,1.133404004315092
4142,3.4047148577948714,2.3295452350267425,1.0751696227681289
4143,3.493822728945026,2.349579922114702,1.144242806830324
4144,3.466397105305886,2.3218435128977535,1.1445535924081325
4145,3.496953285015419,2.4160210527722943,1.0809322322431245
4146,3.450043031198024,2.2944058158762375,1.1556372153217866
4147,3.4028789961347163,2.20654961828925,1.1963293778454664
4148,3.474686406765423,2.2981267089769175,1.1765596977885053
4149,3.5271966406575426,2.445511474869594,1.0816851657879485
4150,3.4562167207002785,2.2629193801554015,1.193297340544877
4151,3.502515121989675,2.370835633122208,1.131679488867467
4152,3.4676940046704363,2.3171208782058113,1.150573126464625
4153,3.4833518112461577,2.335342098892356,1.1480097123538018
4154,3.4750315923655295,2.306692891268083,1.1683387010974466
4155,3.4759169675627253,2.3545031487207084,1.1214138188420169
4156,3.5277483734450934,2.38652667435726,1.1412216990878332
4157,3.456126684995809,2.3124435222866606,1.1436831627091486
4158,3.4181267927738106,2.224998236491019,1.1931285562827916
4159,3.4438929588623535,2.2644134575264987,1.1794795013358548
4160,3.377545171800757,2.188765184494052,1.188779987306705
4161,3.4732561350088202,2.3056415702923188,1.1676145647165015
4162,3.481703909510896,2.37748078285786,1.1042231266530358
4163,3.459332321068756,2.2804962433714975,1.1788360776972584
4164,3.5072714312284026,2.344126822847695,1.1631446083807075
4165,3.4883771438735485,2.410559164365193,1.0778179795083553
4166,3.5247759056455497,2.414518792262624,1.1102571133829255
4167,3.5442379582791723,2.432725566741676,1.1115123915374965
4168,3.4357542957377865,2.2767279523371236,1.159026343400663
4169,3.4055820644024424,2.2327868305252667,1.1727952338771757
4170,3.477731378166008,2.344451795040175,1.1332795831258333
4171,3.482094701646915,2.305154890320611,1.1769398113263039
4172,3.47197051381539,2.369555219357685,1.102415294457705
4173,3.4855916226860315,2.326390140776764,1.1592014819092675
4174,3.5242599763943394,2.4719182477996284,1.052341728594711
4175,3.4557885716757526,2.339902370516453,1.1158862011592996
4176,3.528083178448643,2.3898479643613806,1.1382352140872625
4177,3.3947170334380603,2.2276967724124397,1.1670202610256206
4178,3.402668121658488,2.284714135454242,1.1179539862042458
4179,3.474420764223576,2.349943644760062,1.124477119463514
4180,3.51886484261791,2.466068530834449,1.0527963117834607
4181,3.4789966934213314,2.408136700262957,1.0708599931583747
4182,3.4835611542373055,2.3740108167028104,1.109550337534495
4183,3.4489019299309653,2.3030310210844678,1.1458709088464976
4184,3.5354035530786265,2.3965277305368815,1.138875822541745
4185,3.4534214750147942,2.3056884917880853,1.147732983226709
4186,3.5227215870118003,2.4196965174404683,1.103025069571332
4187,3.5269922016896786,2.51373050365348,1.0132616980361986
4188,3.4980342017005515,2.33718439147862,1.1608498102219316
4189,3.5014014814133825,2.3874176722004505,1.113983809212932
4190,3.4749716547650604,2.3746149150460663,1.1003567397189942
4191,3.5048216544596764,2.44387662249054,1.0609450319691365
4192,3.4498732186028613,2.2619697052131733,1.187903513389688
4193,3.502086122670383,2.3593753046782187,1.1427108179921643
4194,3.4930900430567684,2.377353393464484,1.1157366495922845
4195,3.4802978171985846,2.38929557758613,1.0910022396124543
4196,3.455949568497933,2.2777562935862137,1.1781932749117194
4197,3.498784789544613,2.463326838436294,1.0354579511083188
4198,3.452402545377383,2.323577521848754,1.1288250235286288
4199,3.547108626599158,2.5084298260086504,1.0386788005905077
4200,3.4882540166298206,2.4087390875243786,1.079514929105442
4201,3.4757470702062156,2.31754723186025,1.1581998383459657
4202,3.504761842664017,2.426407928511162,1.078353914152855
4203,3.5199831180138097,2.373757038055767,1.1462260799580428
4204,3.4732055734765357,2.3318993628450344,1.1413062106315013
4205,3.474357150198714,2.3175516844672206,1.1568054657314932
4206,3.4103085014755763,2.2909672302471593,1.119341271228417
4207,3.4795033984948867,2.3338449511372596,1.145658447357627
4208,3.4784264605476554,2.3580371519581296,1.1203893085895258
4209,3.5239881487205382,2.4267611018375455,1.0972270468829928
4210,3.497926713854406,2.3886267306928004,1.1092999831616055
4211,3.5044106012206737,2.349422263473643,1.1549883377470307
4212,3.4723442963526425,2.363637876853214,1.1087064194994287
4213,3.4979703263095017,2.343168000030859,1.1548023262786429
4214,3.4717132477875086,2.3098562399665425,1.161857007820966
4215,3.50817644604499,2.4173021594190622,1.0908742866259278
4216,3.4452823924985148,2.332051842984215,1.1132305495142996
4217,3.4679706806664616,2.36365168378695,1.1043189968795115
4218,3.4781017495042392,2.3779476800370127,1.1001540694672265
4219,3.5019290582392144,2.3893686555373996,1.1125604027018148
4220,3.4818400947990873,2.378418266156938,1.103421828642149
4221,3.4231965233859114,2.2540500629054954,1.169146460480416
4222,3.5270483626067284,2.4137702848516147,1.1132780777551137
4223,3.4749455143763814,2.34897779638962,1.1259677179867613
4224,3.4642079949082,2.362530195242585,1.101677799665615
4225,3.5272014646700605,2.493641443439492,1.0335600212305684
4226,3.4628891242039184,2.329036532113952,1.1338525920899665
4227,3.488754333792646,2.3283313575566544,1.1604229762359917
4228,3.525303737701484,2.3805224472181887,1.1447812904832952
4229,3.5005625974053403,2.340552303731174,1.160010293674166
4230,3.5085239618501096,2.3425560098874887,1.165967951962621
4231,3.424312263682389,2.2682591425774743,1.1560531211049145
4232,3.5178763403709996,2.382507409791618,1.1353689305793817
4233,3.5245787186806834,2.3803583681845577,1.1442203504961257
4234,3.533962209490877,2.5091487937956454,1.0248134156952315
4235,3.4578092204264435,2.2937531753365374,1.164056045089906
4236,3.4087681940564925,2.2845274789593155,1.124240715097177
4237,3.4622262412700384,2.3158555126269413,1.146370728643097
4238,3.4589383406078396,2.2944713077662744,1.1644670328415652
4239,3.4033204469509757,2.2063870074153535,1.1969334395356221
4240,3.4728407956536094,2.30962697713674,1.1632138185168692
4241,3.488585125084045,2.4098050813613723,1.0787800437226727
4242,3.4868613779189768,2.326357874758314,1.1605035031606628
4243,3.481456362599071,2.3465706004822944,1.1348857621167765
4244,3.4419439235737235,2.2913409452718723,1.1506029783018512
4245,3.4865951704193585,2.365721462847477,1.1208737075718815
4246,3.450400002638951,2.372427516996682,1.077972485642269
4247,3.458296988360601,2.3390815689164,1.1192154194442012
4248,3.5202451689673273,2.4399215670086103,1.080323601958717
4249,3.489132584104349,2.376217965869436,1.112914618234913
4250,3.471382431086493,2.3551491029764664,1.1162333281100265
4251,3.473196103750747,2.319843990874221,1.1533521128765258
4252,3.4373289700850673,2.276588051166786,1.1607409189182811
4253,3.5319433979074613,2.4005177904102073,1.131425607497254
4254,3.4856593128339157,2.407380844341767,1.0782784684921487
4255,3.4105912668291065,2.236906564318103,1.1736847025110033
4256,3.456854388370083,2.379863360126741,1.076991028243342
4257,3.477003138194703,2.3221960844314955,1.1548070537632076
4258,3.517597925582476,2.389530732073554,1.128067193508922
4259,3.480712838669457,2.3451635012991505,1.1355493373703065
4260,3.4323182874074427,2.2937282467064493,1.1385900407009935
4261,3.412464162175573,2.297127598288989,1.1153365638865838
4262,3.507719543358122,2.3867384036498476,1.1209811397082743
4263,3.492354412844598,2.394983289657268,1.09737112318733
4264,3.4362896984677103,2.2693057005137516,1.1669839979539587
4265,3.505956879765936,2.3864621547712166,1.1194947249947194
4266,3.499889277528694,2.3499103273197397,1.1499789502089541
4267,3.52301205002728,2.448267706397356,1.074744343629924
4268,3.4976398302980436,2.400040585890184,1.0975992444078595
4269,3.529088411649225,2.5101216807569986,1.0189667308922266
4270,3.4814039876920373,2.3859797861738175,1.0954242015182198
4271,3.4540635311860637,2.3098731424831516,1.1441903887029121
4272,3.504852672146623,2.3469683145951503,1.1578843575514726
4273,3.5144684384298,2.4083134035761944,1.1061550348536056
4274,3.4825329175731206,2.3354750944481903,1.1470578231249302
4275,3.482373827689294,2.3318606819233345,1.1505131457659594
4276,3.532638215732053,2.4534059056736046,1.0792323100584484
4277,3.467241847020063,2.3253819075771363,1.1418599394429267
4278,3.4939266132073454,2.309306946619944,1.1846196665874014
4279,3.4727959719081842,2.286431615850983,1.1863643560572013
4280,3.4798214662263933,2.369773769400352,1.1100476968260415
4281,3.500959280837028,2.368385006664238,1.1325742741727898
4282,3.5141425877875725,2.519172848205735,0.9949697395818373
4283,3.4475501125274417,2.346906567720531,1.1006435448069105
4284,3.4692032839562943,2.3377546439933465,1.1314486399629478
4285,3.4729101391076673,2.370187196305307,1.1027229428023602
4286,3.453830917711207,2.338204389396748,1.115626528314459
4287,3.4854092987980025,2.322179657191271,1.1632296416067316
4288,3.40992444889582,2.2609326883410104,1.1489917605548094
4289,3.449225181528807,2.34425247477165,1.1049727067571569
4290,3.412672125416597,2.2195481208231698,1.193124004593427
4291,3.4633767861772213,2.322065513414643,1.1413112727625783
4292,3.459995530658323,2.3398179160796166,1.1201776145787066
4293,3.461893341716967,2.3161213012117945,1.1457720405051726
4294,3.449081859309196,2.310152960872202,1.138928898436994
4295,3.486908489294334,2.327924202330835,1.158984286963499
4296,3.4253311089269753,2.2726488215232963,1.152682287403679
4297,3.5027548554175216,2.391378055114151,1.1113768003033706
4298,3.4583127365232684,2.3201774219962843,1.1381353145269841
4299,3.5076112715560015,2.384246955907357,1.1233643156486446
4300,3.463855112141468,2.3601787354185273,1.1036763767229405
4301,3.3561580795170167,2.1744171405836217,1.181740938933395
4302,3.4998521795807993,2.3705576646187976,1.1292945149620017
4303,3.3852688464267047,2.208415897709147,1.1768529487175576
4304,3.5073834369747545,2.3719422375157646,1.13544119945899
4305,3.5047353374284587,2.424227983258266,1.0805073541701926
4306,3.469360468545367,2.3178776464758624,1.1514828220695046
4307,3.394268904143025,2.1992007890376266,1.1950681151053986
4308,3.4154547795253056,2.2741681841374692,1.1412865953878364
4309,3.5240258404021114,2.3906420319227744,1.133383808479337
4310,3.369079703232845,2.1977751787751783,1.1713045244576668
4311,3.4989249111191216,2.358029232943654,1.1408956781754678
4312,3.4488785451211443,2.316850565423664,1.1320279796974804
4313,3.4149980510065827,2.25407705325433,1.1609209977522528
4314,3.45262436426214,2.317534194779502,1.135090169482638
4315,3.5304366305333774,2.41105022192476,1.1193864086086176
4316,3.5056041290731126,2.403692159697438,1.1019119693756747
4317,3.477653194346381,2.392713940897567,1.0849392534488138
4318,3.494094689545415,2.345370450147884,1.1487242393975312
4319,3.4705174001713,2.3046615667582664,1.1658558334130338
4320,3.458497348760082,2.3561889087474857,1.1023084400125964
4321,3.492320280386664,2.342080436343137,1.150239844043527
4322,3.4614095600455035,2.315524668057655,1.1458848919878486
4323,3.446635459449841,2.316173454848894,1.1304620046009468
4324,3.4725738925411735,2.312332048243985,1.1602418442971887
4325,3.45462719929123,2.311004038898725,1.143623160392505
4326,3.4916582505955267,2.3148520684162506,1.1768061821792761
4327,3.4728465594218547,2.3174530878289743,1.1553934715928804
4328,3.513505761957738,2.4526218873221612,1.0608838746355769
4329,3.5134324927586036,2.40988932110043,1.1035431716581736
4330,3.5089883253314422,2.435254829686354,1.0737334956450884
4331,3.4548408168794635,2.2934388529475385,1.161401963931925
4332,3.444147877471368,2.338563865982756,1.1055840114886122
4333,3.3906914454773154,2.2319584920728275,1.158732953404488
4334,3.4592868008242923,2.2843489691179775,1.1749378317063148
4335,3.5084968323194166,2.392074079545867,1.1164227527735497
4336,3.4734640628706286,2.3473118010676424,1.1261522618029862
4337,3.488121826818378,2.356032010725969,1.1320898160924089
4338,3.3731688856122277,2.187513614614857,1.185655270997371
4339,3.45309249584555,2.2797614490343734,1.1733310468111764
4340,3.516631844709534,2.383568177591787,1.1330636671177472
4341,3.393040842920083,2.1961661193282644,1.1968747235918187
4342,3.5189116733972354,2.412034970052273,1.1068767033449625
4343,3.396190708806196,2.222017602051906,1.17417310675429
4344,3.5350267850176706,2.49425915797614,1.0407676270415305
4345,3.494934694588716,2.3860430050193937,1.1088916895693224
4346,3.5243545512281758,2.3761671190913285,1.1481874321368473
4347,3.4611708960793077,2.320144922114263,1.1410259739650446
4348,3.4769729414074524,2.354805975781034,1.1221669656264184
4349,3.4576763738679555,2.3304789089085483,1.1271974649594072
4350,3.4216587256730384,2.257873821161991,1.1637849045110475
4351,3.5113105676758964,2.329773554376206,1.1815370132996903
4352,3.4867288346677956,2.319734050492143,1.1669947841756527
4353,3.353373488589556,2.208136575261363,1.1452369133281928
4354,3.4446088886938546,2.2687788710428025,1.175830017651052
4355,3.4891655158311488,2.332618913807354,1.156546602023795
4356,3.3757363314477304,2.23341130579851,1.1423250256492206
4357,3.405056208730454,2.2664174167970232,1.1386387919334306
4358,3.4933859468363164,2.3689627775193154,1.124423169317001
4359,3.483550820971385,2.3466156601872816,1.1369351607841032
4360,3.443980893622297,2.26716449689037,1.176816396731927
4361,3.4842919772680805,2.3652003797734262,1.1190915974946543
4362,3.494918866597396,2.3789660080717554,1.1159528585256404
4363,3.4866095015832292,2.391449319481797,1.095160182101432
4364,3.516115135374073,2.4217345345637344,1.0943806008103385
4365,3.4255144157956714,2.278171811399127,1.1473426043965445
4366,3.4632040565228874,2.3555978704889724,1.107606186033915
4367,3.4461407927165846,2.3521036251721243,1.0940371675444602
4368,3.453672794298514,2.2865703352703486,1.1671024590281656
4369,3.443209616701946,2.315845576451155,1.1273640402507907
4370,3.4607085795204897,2.371604193504968,1.0891043860155216
4371,3.539776197270249,2.4539478064282414,1.0858283908420074
4372,3.407215192774319,2.2760053450502586,1.1312098477240604
4373,3.479385464759971,2.329341622284572,1.150043842475399
4374,3.485092197145748,2.376142318512743,1.108949878633005
4375,3.412720188066383,2.276601994117332,1.1361181939490512
4376,3.48125393202413,2.359962314143993,1.121291617880137
4377,3.539733197969684,2.463434901454467,1.0762982965152172
4378,3.496613332815578,2.4052927299154967,1.0913206029000815
4379,3.483577231159991,2.32992674895967,1.1536504822003213
4380,3.531699047599541,2.4084305030744315,1.1232685445251094
4381,3.4629254930410545,2.3300017329349374,1.132923760106117
4382,3.514338048143206,2.418581857299216,1.0957561908439897
4383,3.433361722756547,2.2713268396691237,1.1620348830874234
4384,3.4527812302448546,2.325069901073921,1.1277113291709338
4385,3.521945909235339,2.478861122731228,1.043084786504111
4386,3.4366703376768215,2.2785170153883403,1.1581533222884812
4387,3.4469501832368343,2.289798661027132,1.1571515222097024
4388,3.405382850439667,2.223117277329449,1.182265573110218
4389,3.445364697586579,2.3196276748497695,1.1257370227368093
4390,3.506357762690077,2.3869487020359976,1.1194090606540792
4391,3.5175718736468986,2.4833900729831537,1.0341818006637449
4392,3.4400566954389915,2.2982899073699774,1.141766788069014
4393,3.4640210825241415,2.29505901099248,1.1689620715316615
4394,3.4491586827584393,2.266915489465105,1.1822431932933344
4395,3.456506047505883,2.333710629400625,1.122795418105258
4396,3.4223372141427024,2.288091411728043,1.1342458024146596
4397,3.438408958002561,2.3238722762396598,1.1145366817629014
4398,3.470251625306381,2.3113334865367743,1.1589181387696068
4399,3.4562923332335873,2.2983221052061538,1.1579702280274335
4400,3.5104114548941183,2.4238253971922608,1.0865860577018576
4401,3.419906045518513,2.208184704868958,1.211721340649555
4402,3.4554476177546003,2.2773870466604786,1.1780605710941217
4403,3.457007614563624,2.299968147617812,1.157039466945812
4404,3.4446751361559413,2.3021011623469887,1.1425739738089526
4405,3.5123721674985844,2.4135930820539064,1.098779085444678
4406,3.500558832797001,2.35165810900739,1.1489007237896112
4407,3.451703851286854,2.2642180932536773,1.1874857580331768
4408,3.51360688957206,2.398488141070385,1.1151187485016747
4409,3.531817210068958,2.3969531967915936,1.1348640132773644
4410,3.5009968723829834,2.354165272465434,1.1468315999175496
4411,3.473844359304091,2.3287927786584897,1.1450515806456014
4412,3.5073372792283712,2.387906295437052,1.1194309837913194
4413,3.523567218075594,2.4114418550379515,1.1121253630376424
4414,3.4750616987484113,2.347519836682579,1.1275418620658324
4415,3.487667418540564,2.371278949080416,1.1163884694601482
4416,3.514952058803315,2.422008388099041,1.0929436707042743
4417,3.4104075198439805,2.3111373835865696,1.0992701362574109
4418,3.382683149683742,2.2172326122628805,1.1654505374208615
4419,3.440065483425882,2.2759630446352617,1.1641024387906205
4420,3.511256842162019,2.4254875928043913,1.0857692493576279
4421,3.475629436936294,2.3624488151937677,1.1131806217425262
4422,3.4230591659340517,2.27305949782194,1.1499996681121116
4423,3.4911030648623957,2.348620814816823,1.142482250045573
4424,3.4713136911206575,2.3521254437430836,1.1191882473775738
4425,3.466907199201533,2.316236001360643,1.15067119784089
4426,3.5351434671390733,2.417185685652714,1.1179577814863593
4427,3.3628842296871593,2.1860419461107083,1.176842283576451
4428,3.461123754925343,2.3429417696800323,1.1181819852453105
4429,3.474572982247772,2.344510241424472,1.1300627408232997
4430,3.4482394414447666,2.2617479179418916,1.186491523502875
4431,3.4169272133579454,2.28881289252019,1.1281143208377555
4432,3.4953929471521645,2.4153565315684586,1.0800364155837059
4433,3.422955073941835,2.2455268386634857,1.1774282352783492
4434,3.4650431021364385,2.3525392364970905,1.112503865639348
4435,3.4823761589865616,2.3224126105563694,1.1599635484301922
4436,3.4478137154110464,2.3009923415320506,1.1468213738789959
4437,3.412223185914052,2.2821686139405912,1.130054571973461
4438,3.462936167840913,2.3442288579792487,1.1187073098616644
4439,3.47902820248959,2.414239197706163,1.0647890047834272
4440,3.4076990655380612,2.220015974606253,1.1876830909318081
4441,3.5295601483593964,2.4015883465404237,1.1279718018189726
4442,3.4912313379777866,2.3514827820349655,1.139748555942821
4443,3.4844085266455975,2.4029754906614347,1.0814330359841628
4444,3.442475236345925,2.2573015106509264,1.1851737256949986
4445,3.4239167264617834,2.3034599125765616,1.1204568138852218
4446,3.5141753411475682,2.4800648992965746,1.0341104418509937
4447,3.506134710810376,2.403129579243853,1.103005131566523
4448,3.4720319895474248,2.279451957107017,1.1925800324404077
4449,3.453376228782428,2.320355410132453,1.133020818649975
4450,3.4269731340698213,2.2941305777361944,1.1328425563336268
4451,3.481044972946581,2.3003031740787576,1.1807417988678233
4452,3.503799853970907,2.3867157517571354,1.1170841022137719
4453,3.4788871433177513,2.3037993909791195,1.1750877523386318
4454,3.4756342378835776,2.3193562761729365,1.1562779617106411
4455,3.538299020569937,2.4140379580792866,1.1242610624906506
4456,3.46812635284232,2.385716474225199,1.082409878617121
4457,3.4573412308862963,2.2832336402618054,1.1741075906244909
4458,3.447377008017384,2.360232283625746,1.0871447243916381
4459,3.476329180671806,2.3571574604217056,1.1191717202501006
4460,3.4429548802278456,2.282996654495536,1.1599582257323098
4461,3.511613210975325,2.3865220037641355,1.1250912072111894
4462,3.4498218945692694,2.2569597142777673,1.192862180291502
4463,3.5190734073558856,2.401114295563169,1.1179591117927168
4464,3.4775370628205704,2.3286261100147776,1.1489109528057928
4465,3.486680982732532,2.367601454033156,1.119079528699376
4466,3.5131955995819313,2.417900316963845,1.0952952826180864
4467,3.478984312887572,2.335237872181408,1.1437464407061637
4468,3.497011911849349,2.336386936762343,1.1606249750870061
4469,3.5164542774338523,2.3951313613447804,1.1213229160890719
4470,3.403973218573422,2.241760952427894,1.162212266145528
4471,3.4650885710518446,2.342149258243131,1.1229393128087137
4472,3.500627714190376,2.40602817111088,1.0945995430794957
4473,3.3339346253715854,2.162059511106842,1.1718751142647434
4474,3.471573008642343,2.3513179930793853,1.1202550155629578
4475,3.4886197658872877,2.389247938564899,1.099371827322389
4476,3.5250045244872448,2.4168624954323334,1.1081420290549113
4477,3.4358368705536164,2.2688960046683997,1.1669408658852167
4478,3.4209644696962123,2.2557912912215774,1.1651731784746349
4479,3.452399817640452,2.296048846332858,1.1563509713075941
4480,3.5050580333008465,2.413279009183242,1.0917790241176046
4481,3.4601394845176734,2.322313308606494,1.1378261759111794
4482,3.4684882731283095,2.3008204159242687,1.1676678572040409
4483,3.5270097094854824,2.4565141594656055,1.070495550019877
4484,3.4534886133683247,2.299706116708623,1.153782496659702
4485,3.522659162093433,2.4512582998766765,1.0714008622167563
4486,3.4781969556030248,2.397895806596273,1.0803011490067518
4487,3.393716203418529,2.2478562721359894,1.1458599312825397
4488,3.473107077524373,2.3558512489925825,1.1172558285317904
4489,3.4251007131931335,2.2902507364315405,1.134849976761593
4490,3.4532089369424366,2.303945151177162,1.1492637857652745
4491,3.5210388504062666,2.342952441163181,1.1780864092430856
4492,3.448701788174508,2.3481523736259193,1.1005494145485888
4493,3.4612098667358646,2.2945633927685605,1.1666464739673041
4494,3.440812019176118,2.336923799543349,1.1038882196327688
4495,3.5351062146246424,2.378496949893286,1.1566092647313564
4496,3.4850579900629364,2.3595739170125034,1.125484073050433
4497,3.3963615482678873,2.229012968223509,1.1673485800443784
4498,3.4706899212886073,2.3479116275132137,1.1227782937753936
4499,3.540856595503003,2.427405415795004,1.1134511797079991
4500,3.4724467134542003,2.3252621185996136,1.1471845948545867
4501,3.5232974604794576,2.3998844858324087,1.123412974647049
4502,3.4502696660376126,2.382075786827755,1.0681938792098578
4503,3.5254076035637536,2.430176086762217,1.0952315168015367
4504,3.508702590160755,2.442757716041114,1.0659448741196411
4505,3.523639041473198,2.401973575205554,1.1216654662676437
4506,3.397521008006711,2.248662504960427,1.148858503046284
4507,3.395945855218906,2.2435529839458797,1.1523928712730265
4508,3.466277823073508,2.3445727640273413,1.1217050590461666
4509,3.433178450809855,2.2852711440753843,1.1479073067344707
4510,3.4858066099633125,2.4013920180610104,1.084414591902302
4511,3.4368240881656895,2.3249438237920548,1.1118802643736347
4512,3.502505862485109,2.3575374938946467,1.1449683685904621
4513,3.468451246397575,2.3958303200278146,1.0726209263697606
4514,3.4858252272952965,2.3126748879497425,1.173150339345554
4515,3.4118212173904663,2.246404897475812,1.1654163199146543
4516,3.526545058572547,2.4427633138826317,1.0837817446899152
4517,3.403814789471074,2.243571239877734,1.16024354959334
4518,3.4706328333672225,2.3190294182261253,1.1516034151410972
4519,3.5194106623866976,2.3715713731747736,1.147839289211924
4520,3.5115552436158377,2.3931886835588503,1.1183665600569874
4521,3.46576692799052,2.3519613899271103,1.1138055380634095
4522,3.426285227358211,2.2628675038455017,1.1634177235127092
4523,3.487465894466889,2.3320731954625824,1.1553926990043064
4524,3.455364892769792,2.3249350835500966,1.1304298092196956
4525,3.511685318638069,2.393317317166472,1.1183680014715973
4526,3.4271254098853032,2.2861760786521783,1.140949331233125
4527,3.378006290359345,2.22037520677913,1.157631083580215
4528,3.5082244607497395,2.392872184065606,1.1153522766841335
4529,3.520501121342858,2.425561748062812,1.0949393732800456
4530,3.4415895980697795,2.2487067406194012,1.1928828574503783
4531,3.455555377664347,2.273591950386134,1.181963427278213
4532,3.5344573851144316,2.4707592420828193,1.0636981430316124
4533,3.4746643047583463,2.3350986677822205,1.1395656369761258
4534,3.4368883565125485,2.3529071166480318,1.0839812398645168
4535,3.5271947455183468,2.453335594001559,1.0738591515167877
4536,3.458520050761486,2.282989817318032,1.175530233443454
4537,3.511547033926565,2.4533652804883577,1.0581817534382072
4538,3.438658456113205,2.226904740833966,1.2117537152792393
4539,3.459865429398842,2.323300617100688,1.136564812298154
4540,3.427333698897484,2.2958078772281834,1.1315258216693005
4541,3.3884772003312023,2.2185843372630427,1.1698928630681595
4542,3.4236346244459344,2.2599211119941045,1.1637135124518299
4543,3.4245827888207194,2.3164525240499345,1.108130264770785
4544,3.519298122063815,2.403808659399361,1.115489462664454
4545,3.400029546024008,2.229150496783736,1.170879049240272
4546,3.473122339719122,2.3150058927151997,1.1581164470039225
4547,3.372543123425975,2.1635163893568348,1.2090267340691403
4548,3.467249101788656,2.333284868275473,1.1339642335131828
4549,3.505088992667223,2.3932589677697305,1.1118300248974924
4550,3.4103538005797716,2.236511625041462,1.1738421755383097
4551,3.4656304483337594,2.332993976757851,1.1326364715759083
4552,3.4574241682308915,2.3227830673802226,1.134641100850669
4553,3.398289072635593,2.256484435071252,1.1418046375643414
4554,3.43663740251413,2.274501279970074,1.162136122544056
4555,3.45062607576678,2.344958224541076,1.105667851225704
4556,3.497950765652139,2.360669336440219,1.13728142921192
4557,3.4567747524909547,2.35123192790652,1.1055428245844348
4558,3.4525499546486125,2.279209050444162,1.1733409042044505
4559,3.514193645422914,2.3662248243403172,1.1479688210825967
4560,3.5353994040934222,2.3935949301005492,1.141804473992873
4561,3.493087665849086,2.3192119068418955,1.1738757590071907
4562,3.488553605615792,2.3976441745915356,1.0909094310242566
4563,3.4902558008481264,2.3225095533184863,1.16774624752964
4564,3.480544542128063,2.35928298897741,1.121261553150653
4565,3.504231101208528,2.3763928840759716,1.1278382171325565
4566,3.4682989973510856,2.337417583416661,1.1308814139344245
4567,3.487421193656784,2.3612335514562814,1.1261876422005024
4568,3.5013049404386822,2.391523631180184,1.1097813092584983
4569,3.5227708748328053,2.4266198690665237,1.0961510057662815
4570,3.512416567359062,2.3966374360488523,1.1157791313102097
4571,3.5058363725008257,2.4025608779517844,1.1032754945490413
4572,3.444649335312533,2.376398503649834,1.068250831662699
4573,3.442215350714017,2.2519497352239504,1.1902656154900666
4574,3.4854863874950555,2.338353173164872,1.1471332143301836
4575,3.483320233951436,2.2954756183830116,1.1878446155684244
4576,3.499398974615582,2.39568465670269,1.1037143179128917
4577,3.5296415348724715,2.453829016795493,1.0758125180769786
4578,3.4761772522734367,2.3461599026270727,1.130017349646364
4579,3.535365034529809,2.4444400854448056,1.0909249490850033
4580,3.489454881828767,2.3456038152771406,1.1438510665516266
4581,3.439448625657794,2.32235901613054,1.117089609527254
4582,3.524891547672109,2.4236099567865246,1.1012815908855846
4583,3.4429056198408574,2.3011568210205535,1.141748798820304
4584,3.5242307056933297,2.4209315031468104,1.1032992025465194
4585,3.4336735888519176,2.3358904778542144,1.0977831109977032
4586,3.4943151571260644,2.4071760394058157,1.0871391177202487
4587,3.3959751076147366,2.246131463520592,1.1498436440941449
4588,3.460436884859479,2.2842247853953843,1.1762120994640948
4589,3.5266334939971893,2.424304560752207,1.1023289332449822
4590,3.488953006289716,2.407684000726153,1.0812690055635628
4591,3.487141836279437,2.348983137009318,1.138158699270119
4592,3.4502311385005973,2.2919207519039944,1.158310386596603
4593,3.5178415609067626,2.3854218567288137,1.132419704177949
4594,3.475483013120182,2.2957319815380597,1.1797510315821222
4595,3.506765615708692,2.3373023863288607,1.1694632293798315
4596,3.4888386451756275,2.3458441638116745,1.142994481363953
4597,3.5278163425690017,2.390231772422956,1.1375845701460459
4598,3.500730422842257,2.4117136294833332,1.0890167933589239
4599,3.4262311422962957,2.2280757295731197,1.198155412723176
4600,3.4499536818181133,2.3067055093981983,1.143248172419915
4601,3.5211090088408254,2.3703747297296336,1.1507342791111919
4602,3.453062335047749,2.322887947806838,1.1301743872409111
4603,3.47546311579093,2.3441353896677346,1.1313277261231955
4604,3.482377725619886,2.3627568800150502,1.1196208456048358
4605,3.434394778105269,2.266474585425954,1.1679201926793148
4606,3.5167264177337954,2.3533822186708093,1.163344199062986
4607,3.492237822787719,2.3764569991130093,1.1157808236747098
4608,3.519238471008917,2.428401152347796,1.0908373186611207
4609,3.436764873982997,2.3091731780326463,1.1275916959503505
4610,3.3816574342363706,2.2315830517023163,1.1500743825340543
4611,3.483174331261215,2.3385798811300984,1.1445944501311165
4612,3.444549501725338,2.3178558152129844,1.1266936865123536
4613,3.5247924602513225,2.4231944597601958,1.1015980004911268
4614,3.495315360479481,2.3451118910427557,1.1502034694367254
4615,3.5167213809793854,2.3518311573525628,1.1648902236268226
4616,3.473433407335534,2.3196761621849933,1.153757245150541
4617,3.434692247891283,2.3337619225147557,1.1009303253765275
4618,3.481728200403074,2.4420115733501255,1.0397166270529485
4619,3.5197081421060163,2.3931978710360595,1.1265102710699568
4620,3.4807724315678286,2.3424033149175445,1.138369116650284
4621,3.389859064395423,2.238599512849888,1.151259551545535
4622,3.4759636724361136,2.3378079064152155,1.138155766020898
4623,3.3628649224273945,2.173123035630333,1.1897418867970617
4624,3.5121584109784574,2.4106061780892407,1.1015522328892167
4625,3.4612194574310196,2.31884055378315,1.1423789036478698
4626,3.4614847680134626,2.3131104760567016,1.148374291956761
4627,3.445741766191366,2.24649250358599,1.1992492626053757
4628,3.4645985323774013,2.297773723079641,1.1668248092977604
4629,3.4672080888017973,2.303383373440445,1.1638247153613523
4630,3.4812088059932638,2.3201177847856966,1.1610910212075671
4631,3.4627019026777406,2.30736035804951,1.1553415446282305
4632,3.5145039785717995,2.3439505846054067,1.1705533939663928
4633,3.467654762809658,2.3286946704126117,1.1389600923970464
4634,3.4202833125996754,2.2028740330298695,1.217409279569806
4635,3.5223243233050616,2.5049016903818964,1.0174226329231653
4636,3.5052894307900093,2.3606996421364457,1.1445897886535636
4637,3.4924247282830065,2.307545178655577,1.1848795496274294
4638,3.481394913720251,2.3578769587374113,1.1235179549828396
4639,3.4543948432658182,2.3655079633216984,1.0888868799441198
4640,3.514360033606458,2.398973289512864,1.1153867440935938
4641,3.483353341720633,2.3519690223818044,1.1313843193388284
4642,3.511034479673974,2.426233992679077,1.0848004869948968
4643,3.4234588967123334,2.2661526147012285,1.1573062820111049
4644,3.426538398152958,2.3024892544194255,1.1240491437335325
4645,3.4821344806044734,2.3905660565932414,1.091568424011232
4646,3.4581141317517354,2.335062185711866,1.1230519460398694
4647,3.5426801292759103,2.540167601610612,1.0025125276652984
4648,3.490313718659161,2.372656814341997,1.117656904317164
4649,3.5208707516511306,2.364823415103564,1.1560473365475668
4650,3.396505144818307,2.2069304225615296,1.1895747222567774
4651,3.450950789564155,2.2804080438791767,1.1705427456849784
4652,3.5276018082858753,2.4311793982322487,1.0964224100536266
4653,3.4619529098650137,2.3388449621942073,1.1231079476708064
4654,3.4383819013279355,2.3465574582465876,1.091824443081348
4655,3.5255253250893106,2.470566876434848,1.0549584486544625
4656,3.4996160058909087,2.3667495246652805,1.1328664812256282
4657,3.5145570891607294,2.4100621675618545,1.1044949215988749
4658,3.5200944441148465,2.4200746296076345,1.100019814507212
4659,3.520733676276855,2.430653663518193,1.090080012758662
4660,3.4949049265206793,2.373190581841353,1.1217143446793263
4661,3.3868178728329164,2.219403902209789,1.1674139706231275
4662,3.432832049872765,2.2765233925241977,1.1563086573485672
4663,3.3990220192777625,2.224478721035305,1.1745432982424573
4664,3.416554204121927,2.2663252176160484,1.1502289865058786
4665,3.523298441850503,2.4143544122211242,1.1089440296293787
4666,3.4953715177972313,2.3418372259713434,1.153534291825888
4667,3.365554104466935,2.1851371640875636,1.1804169403793714
4668,3.536992025617718,2.4467886640268675,1.0902033615908504
4669,3.477694451591861,2.4383831100245317,1.0393113415673292
4670,3.4932835410014125,2.4088911277241207,1.0843924132772917
4671,3.4179668048111815,2.2368150195460967,1.1811517852650848
4672,3.53363935346116,2.5276003249199515,1.0060390285412084
4673,3.484977422761698,2.3324348425710273,1.1525425801906706
4674,3.4210286880070044,2.253930560618672,1.1670981273883325
4675,3.46443486990956,2.3566130027043175,1.1078218672052427
4676,3.4138657677975326,2.2467996995928763,1.1670660682046563
4677,3.516264378757953,2.4163020523020853,1.0999623264558678
4678,3.5171060694387664,2.4113217842477352,1.1057842851910311
4679,3.479960954087077,2.301664542020814,1.178296412066263
4680,3.4934661110532157,2.355592554545314,1.137873556507902
4681,3.4271210772310146,2.3020610084160333,1.1250600688149812
4682,3.4726371004159837,2.344403737666279,1.1282333627497048
4683,3.5235992331364616,2.4049493185051123,1.1186499146313493
4684,3.5158805028899653,2.422682896184878,1.0931976067050875
4685,3.460824862493453,2.3636155673952253,1.0972092950982275
4686,3.4959127904500185,2.369424349662553,1.1264884407874654
4687,3.473766444613531,2.3629309459479,1.1108354986656308
4688,3.4976091982262694,2.3965316893038606,1.1010775089224087
4689,3.4695728494807208,2.323425213700387,1.1461476357803337
4690,3.477882565393807,2.37932649327034,1.098556072123467
4691,3.454970501522395,2.2863461918745718,1.1686243096478233
4692,3.410416525111936,2.2900249492230427,1.1203915758888932
4693,3.458209601838552,2.3094641800568763,1.1487454217816757
4694,3.4538346976892345,2.2968523853946174,1.156982312294617
4695,3.436339398578581,2.273847098111098,1.1624923004674832
4696,3.479387055591397,2.3701781307358574,1.1092089248555395
4697,3.461856961592937,2.311460002599706,1.1503969589932308
4698,3.481329584945004,2.3458849569470512,1.1354446279979529
4699,3.440352358869975,2.310418817486209,1.1299335413837661
4700,3.494085632361533,2.3523815089374542,1.1417041234240788
4701,3.4564165019043793,2.359827082004698,1.0965894198996815
4702,3.5172297936842867,2.441407434907692,1.0758223587765947
4703,3.3836477767142337,2.2155809948108884,1.1680667819033452
4704,3.498420742087566,2.3462329808964655,1.1521877611911004
4705,3.4624558540291335,2.3572006714341582,1.1052551825949752
4706,3.5264347091981514,2.416175642884574,1.1102590663135774
4707,3.462943745072179,2.2870225849126444,1.1759211601595347
4708,3.5016494554453073,2.449887752703087,1.0517617027422204
4709,3.502976553774119,2.3614736567509618,1.141502897023157
4710,3.4441477417530706,2.370616687192169,1.0735310545609016
4711,3.445186763931991,2.3219011062433705,1.1232856576886205
4712,3.4950702028396714,2.398141819495012,1.0969283833446593
4713,3.518838197915387,2.409960956668341,1.108877241247046
4714,3.467163704268202,2.345842049257635,1.1213216550105671
4715,3.3922787449154534,2.2375245357877196,1.1547542091277339
4716,3.504382172624467,2.4531664538571336,1.0512157187673332
4717,3.518221547121782,2.483102821743256,1.0351187253785263
4718,3.4546233120043315,2.373221290782802,1.0814020212215296
4719,3.4311461791330524,2.2918368772185214,1.139309301914531
4720,3.4539519989694463,2.29969765034195,1.154254348627496
4721,3.4847401594441965,2.3895280253222846,1.0952121341219119
4722,3.490546567336403,2.3460303535685227,1.1445162137678802
4723,3.5282834480051535,2.410676239701135,1.1176072083040185
4724,3.449208523412176,2.305038224483073,1.1441702989291027
4725,3.5050315349371224,2.3546790187051885,1.150352516231934
4726,3.4645453971112263,2.3551638032162963,1.10938159389493
4727,3.517568589672989,2.378419233071629,1.1391493566013597
4728,3.5073166159184077,2.3636175145601674,1.1436991013582403
4729,3.4878387218330165,2.383579506987467,1.1042592148455497
4730,3.478776896333981,2.3454516838768176,1.1333252124571636
4731,3.517930294114579,2.4088992634634403,1.1090310306511388
4732,3.496681438990957,2.3954273474960086,1.1012540914949485
4733,3.481370351848705,2.334065990516704,1.1473043613320009
4734,3.377511009697773,2.2547977259848984,1.1227132837128746
4735,3.514905111768562,2.4704354323807243,1.0444696793878379
4736,3.467691930249543,2.3431705012246917,1.1245214290248513
4737,3.5294190180610108,2.4800612036013847,1.049357814459626
4738,3.4583494453478845,2.3711614116714084,1.087188033676476
4739,3.5047751731847514,2.309973514415225,1.1948016587695265
4740,3.39831149241002,2.2604490217478537,1.1378624706621663
4741,3.517666520552926,2.403397443522902,1.1142690770300239
4742,3.4523485289165796,2.309271091089101,1.1430774378274786
4743,3.4918506157923845,2.3428905466891683,1.1489600691032162
4744,3.528077776975461,2.377590197836568,1.1504875791388929
4745,3.465530939878087,2.2903472553280446,1.1751836845500425
4746,3.4542017188212446,2.3350139018197913,1.1191878170014533
4747,3.471652036388024,2.404687007753102,1.0669650286349217
4748,3.4722750073563624,2.338212294103234,1.1340627132531282
4749,3.511899785655004,2.3885984752911193,1.1233013103638845
4750,3.426365121964878,2.28961601944187,1.1367491025230079
4751,3.523578056474499,2.4504936204697048,1.0730844360047942
4752,3.5013206049846555,2.403181790679241,1.0981388143054143
4753,3.448906757172598,2.3188372358357725,1.1300695213368255
4754,3.4838002553217304,2.3372309437297267,1.1465693115920037
4755,3.461970738084005,2.422591811879337,1.0393789262046682
4756,3.5420745178562694,2.4942208696223607,1.0478536482339087
4757,3.510166574966582,2.4028198848073696,1.1073466901592122
4758,3.4537306326294086,2.324578229566023,1.1291524030633857
4759,3.419983422751134,2.2912886988047423,1.1286947239463916
4760,3.4745561028557104,2.3003285754056186,1.1742275274500917
4761,3.4883393667953184,2.3150007702260758,1.1733385965692427
4762,3.4556715208919258,2.2950389613562185,1.1606325595357072
4763,3.481747455891642,2.4036618462291117,1.0780856096625304
4764,3.4963179293339457,2.384888817961247,1.1114291113726988
4765,3.476227390012409,2.353703170431899,1.12252421958051
4766,3.4353431190927775,2.2851334507052092,1.1502096683875682
4767,3.5012326307970216,2.3575454861194354,1.1436871446775863
4768,3.4581456677976936,2.3099386837711906,1.148206984026503
4769,3.3970900764973067,2.236157211452702,1.1609328650446047
4770,3.5280768946206296,2.4851982120759084,1.0428786825447212
4771,3.477818857160543,2.3890068974502454,1.0888119597102976
4772,3.498046237898506,2.3396556289640427,1.1583906089344636
4773,3.5185317515175063,2.4241233502233315,1.0944084012941748
4774,3.5019999279996963,2.3573136048485916,1.1446863231511046
4775,3.4622027848111694,2.359667162342567,1.1025356224686025
4776,3.434007394325839,2.299131360515936,1.134876033809903
4777,3.396322164435419,2.2625374763564907,1.1337846880789284
4778,3.373438520569193,2.1839769502570356,1.1894615703121572
4779,3.5252234690154873,2.4347500248193685,1.0904734441961188
4780,3.5146117607274308,2.468652036751177,1.045959723976254
4781,3.4357532895061573,2.2480465252871498,1.1877067642190076
4782,3.4782727264547013,2.3235063805025695,1.1547663459521318
4783,3.4276101359216335,2.296713836685767,1.1308962992358667
4784,3.482853579637084,2.328683084622847,1.1541704950142373
4785,3.509158055129294,2.3706321350556476,1.1385259200736462
4786,3.510001325498174,2.3922891657423326,1.1177121597558415
4787,3.509050848117607,2.3806617291854386,1.1283891189321684
4788,3.450043815088318,2.3231024429780014,1.1269413721103168
4789,3.514846153041828,2.4027184509225283,1.1121277021192997
4790,3.4831406033250247,2.343012805949694,1.1401277973753308
4791,3.466293675743947,2.395965625588861,1.0703280501550858
4792,3.46919067791607,2.4084960456937923,1.0606946322222779
4793,3.519664668277312,2.3956697607715394,1.1239949075057725
4794,3.464917121008369,2.284045519658759,1.18087160134961
4795,3.4825667843037733,2.3302077639471035,1.1523590203566698
4796,3.4640334755000044,2.322176533880618,1.1418569416193862
4797,3.500580858314332,2.3497942624664403,1.1507865958478916
4798,3.492920576845421,2.35539134564212,1.1375292312033012
4799,3.3993674059653127,2.2744827613117913,1.1248846446535214
4800,3.486601043504512,2.3391771980387777,1.1474238454657342
4801,3.4924480548056103,2.31072811535006,1.1817199394555504
4802,3.500599795440872,2.372426561005107,1.128173234435765
4803,3.4542151017257052,2.2960608359130705,1.1581542658126347
4804,3.527293573736751,2.4288912056773206,1.0984023680594301
4805,3.4913696317081846,2.3611104023427396,1.130259229365445
4806,3.5115696880330645,2.3806200529162553,1.1309496351168091
4807,3.4129499109888086,2.267550617197285,1.1453992937915238
4808,3.4593992555351814,2.3399577290800417,1.1194415264551396
4809,3.4857693983148272,2.3724331295708834,1.1133362687439439
4810,3.4887041955963096,2.3931060250364666,1.095598170559843
4811,3.4887373083431776,2.3479201818001254,1.1408171265430522
4812,3.5102645117575237,2.4108930106474524,1.0993715011100713
4813,3.525747349579243,2.457644256465185,1.068103093114058
4814,3.4695674287572693,2.3264045478915945,1.1431628808656749
4815,3.4388747437508242,2.2836061568006465,1.1552685869501778
4816,3.5185025792045423,2.4070264227076836,1.1114761564968587
4817,3.4918070898513767,2.4100304428939654,1.0817766469574113
4818,3.450128144897569,2.331020626238443,1.119107518659126
4819,3.5095568489861346,2.39824045829018,1.1113163906959547
4820,3.450917157641261,2.251614703726913,1.1993024539143478
4821,3.42654427402557,2.2467301643725435,1.1798141096530266
4822,3.463784392428006,2.2932194461863196,1.1705649462416865
4823,3.4602741856295536,2.2871080453160895,1.1731661403134641
4824,3.5092173788313215,2.376453767488741,1.1327636113425803
4825,3.450296352484611,2.378870585476257,1.0714257670083542
4826,3.5118859471888353,2.4187341051541877,1.0931518420346475
4827,3.5086848237560226,2.4324210077895807,1.076263815966442
4828,3.5189138921514926,2.4268984597105097,1.092015432440983
4829,3.507462655766184,2.3935514311582926,1.1139112246078913
4830,3.476595714200649,2.3200902097931824,1.1565055044074666
4831,3.4837585474705115,2.3867016082622596,1.0970569392082519
4832,3.4833153649798825,2.3862553438473704,1.097060021132512
4833,3.428765648978333,2.2625964455710763,1.1661692034072568
4834,3.449275761130946,2.344552967677131,1.1047227934538149
4835,3.480482129013743,2.386722040890025,1.0937600881237182
4836,3.4841611106808954,2.2942019459601637,1.1899591647207317
4837,3.4458694974248525,2.2842363397384386,1.1616331576864138
4838,3.5019222484016237,2.3458933105128037,1.15602893788882
4839,3.524292152881763,2.466138801085365,1.0581533517963977
4840,3.459506650333212,2.340231479930519,1.1192751704026929
4841,3.527201718937624,2.42474050241181,1.102461216525814
4842,3.4896780751592194,2.3565363899305165,1.1331416852287028
4843,3.470219970841621,2.4000653924466,1.0701545783950208
4844,3.5026062287254867,2.3914091544332106,1.111197074292276
4845,3.5049467627440656,2.3828330618763327,1.1221137008677329
4846,3.5204170858033983,2.454173757732748,1.0662433280706503
4847,3.4482014783113937,2.2773639302002957,1.170837548111098
4848,3.4862295124112572,2.3254766042018375,1.1607529082094197
4849,3.5187997500363966,2.4726728926028203,1.0461268574335763
4850,3.4811581415223,2.376053205069844,1.1051049364524559
4851,3.5045132454118444,2.4110420174379708,1.0934712279738736
4852,3.5090550873286426,2.38575653977479,1.1232985475538526
4853,3.442599426646138,2.2721316327117576,1.1704677939343804
4854,3.5328555317729973,2.442483314124491,1.0903722176485062
4855,3.4672779529688236,2.3461710643474714,1.1211068886213522
4856,3.460641361669558,2.3375610595021836,1.1230803021673745
4857,3.4790248174029035,2.3430996886448225,1.135925128758081
4858,3.487794604132653,2.440829916238297,1.0469646878943557
4859,3.4912935799435307,2.3118068546231934,1.1794867253203374
4860,3.5363205112146714,2.3866037158226097,1.1497167953920617
4861,3.510660271962995,2.413380973715045,1.0972792982479498
4862,3.48147199300204,2.351421565193132,1.130050427808908
4863,3.5135252611038212,2.402376882574448,1.1111483785293732
4864,3.4455938399109796,2.2679984991255697,1.1775953407854098
4865,3.482682090570481,2.406234047463612,1.0764480431068688
4866,3.4053420126006437,2.2400606206328195,1.1652813919678242
4867,3.466956464035162,2.4050368565401294,1.0619196074950326
4868,3.4737243586335493,2.353965695787278,1.1197586628462712
4869,3.4420659508192384,2.3202707006005783,1.1217952502186601
4870,3.4229249693430788,2.254508011740173,1.168416957602906
4871,3.4508441020189964,2.2680652206840684,1.182778881334928
4872,3.430103901971841,2.3018709541974864,1.1282329477743547
4873,3.4319622340560825,2.2604624576166255,1.171499776439457
4874,3.481577478527923,2.3568679055788833,1.12470957294904
4875,3.5210231383745882,2.427649424382477,1.0933737139921114
4876,3.4321413718616283,2.264531403507136,1.1676099683544923
4877,3.4312707693319044,2.297576140868317,1.1336946284635876
4878,3.44682548838549,2.3436907023916147,1.1031347859938752
4879,3.5074283491290705,2.4007355848878826,1.106692764241188
4880,3.5333059412699432,2.4261498435552613,1.107156097714682
4881,3.474351347003549,2.3299323395067337,1.1444190074968152
4882,3.487859911659749,2.406597323277826,1.081262588381923
4883,3.4488075488842864,2.332829188580056,1.1159783603042306
4884,3.4434796324049706,2.3467407788288717,1.096738853576099
4885,3.495301440784743,2.3421167317457714,1.1531847090389715
4886,3.5063899547619353,2.3621777250741145,1.1442122296878208
4887,3.4451253977328085,2.3231801972270287,1.1219452005057797
4888,3.450978229388346,2.378613889064199,1.0723643403241474
4889,3.4025081073532717,2.2391179975679503,1.1633901097853214
4890,3.4359615902030107,2.281849350859803,1.154112239343208
4891,3.5124863898585748,2.3428034878729322,1.1696829019856425
4892,3.517397086608152,2.356070869769264,1.161326216838888
4893,3.5068902611701445,2.3540276904483446,1.1528625707217999
4894,3.399517069732553,2.278355991427801,1.1211610783047519
4895,3.414313678913641,2.2275170715449812,1.1867966073686596
4896,3.47850146884955,2.361477068636789,1.117024400212761
4897,3.5170149621195415,2.4008185602630374,1.116196401856504
4898,3.4772848915027565,2.3973891217435725,1.079895769759184
4899,3.499483283630697,2.3778613384828127,1.1216219451478842
4900,3.5221429519747134,2.4475557020791854,1.074587249895528
4901,3.4501686647936025,2.300065734739103,1.1501029300544996
4902,3.493785541381711,2.33880531555069,1.1549802258310211
4903,3.510070607234658,2.4059442343925874,1.1041263728420705
4904,3.4790279721718447,2.3129648935879037,1.166063078583941
4905,3.3877400791186583,2.2559488111666406,1.1317912679520177
4906,3.510598827156717,2.3726186561621017,1.1379801709946151
4907,3.489426068762166,2.350418087367864,1.1390079813943021
4908,3.5109524785350543,2.4694944021862137,1.0414580763488406
4909,3.502372814062152,2.43394709490968,1.0684257191524722
4910,3.5199417366087684,2.372266944377241,1.1476747922315274
4911,3.448811116212433,2.299948488020897,1.148862628191536
4912,3.4810614466254792,2.33473578941027,1.1463256572152094
4913,3.4383134691535897,2.2860056761048138,1.152307793048776
4914,3.523381554405276,2.4449374550952188,1.0784440993100572
4915,3.375196582933789,2.1892135011355616,1.1859830817982275
4916,3.505733075579537,2.403322677669077,1.10241039791046
4917,3.472096271879807,2.3046501668201365,1.1674461050596707
4918,3.420813475784323,2.2653141422670977,1.1554993335172252
4919,3.455491357681515,2.3051525988047037,1.1503387588768113
4920,3.462456773222076,2.3182464509509857,1.1442103222710904
4921,3.4531605983960256,2.3572123390777637,1.095948259318262
4922,3.461513500667556,2.2947716074540656,1.1667418932134903
4923,3.4812985091200215,2.332192857788595,1.1491056513314266
4924,3.4051962097241457,2.2900212984977597,1.115174911226386
4925,3.5362666004179055,2.4514472690010547,1.0848193314168508
4926,3.4741920206705093,2.350382037409518,1.1238099832609914
4927,3.5075754624254984,2.457699453874244,1.0498760085512546
4928,3.3575415114600005,2.1538263458928357,1.2037151655671647
4929,3.4486545343017903,2.2920387999069756,1.1566157343948147
4930,3.5181449968261886,2.3797418568721045,1.1384031399540842
4931,3.43286414558787,2.2705106167728264,1.1623535288150437
4932,3.446135959359175,2.30100442221414,1.1451315371450352
4933,3.512979422156921,2.412687737405988,1.1002916847509332
4934,3.523122946968047,2.477082220047739,1.046040726920308
4935,3.5323776523974093,2.4324416391266817,1.0999360132707277
4936,3.4134814837853855,2.2356787072913997,1.1778027764939858
4937,3.4697717419064436,2.3607400081988943,1.1090317337075493
4938,3.493656340916464,2.379613823234413,1.114042517682051
4939,3.4884824805860895,2.3867232303882977,1.1017592501977918
4940,3.4634580322739903,2.2858401043535865,1.1776179279204038
4941,3.4990778456025824,2.3279894259508005,1.171088419651782
4942,3.5293023894755247,2.425304332196087,1.1039980572794375
4943,3.4518377214838263,2.3022567606146622,1.149580960869164
4944,3.486424822721954,2.4153257215783457,1.0710991011436084
4945,3.4707152263631693,2.3093721723877954,1.161343053975374
4946,3.4958298682442313,2.406775041236998,1.0890548270072333
4947,3.4689559476483014,2.3040434152863996,1.1649125323619018
4948,3.466498036018263,2.3710091798049917,1.0954888562132714
4949,3.4565592997925503,2.2920194392963396,1.1645398604962107
4950,3.4973324111043556,2.435028460001947,1.0623039511024084
4951,3.3886817572207084,2.215894912916612,1.1727868443040963
4952,3.498221175781309,2.3488923532567756,1.1493288225245335
4953,3.518169167195674,2.3858977984137724,1.1322713687819017
4954,3.3820620002830384,2.230732188735964,1.1513298115470745
4955,3.4613711505209035,2.3144637756859954,1.1469073748349081
4956,3.4291969211932387,2.296370535763578,1.1328263854296607
4957,3.5048813117502484,2.444383065994592,1.0604982457556562
4958,3.464469889612395,2.293982243806222,1.170487645806173
4959,3.489092433630483,2.399656522444988,1.089435911185495
4960,3.4536856561625626,2.2641234821276974,1.1895621740348652
4961,3.4254183947586476,2.249490812737554,1.1759275820210937
4962,3.511961005945072,2.4168159206272155,1.0951450853178564
4963,3.5150717863977885,2.4512891920997752,1.0637825942980133
4964,3.4043491228095513,2.2666561894112984,1.1376929333982528
4965,3.3930333964199604,2.218423754497593,1.1746096419223675
4966,3.487675772969194,2.328898808008843,1.1587769649603508
4967,3.4294039879051743,2.315362388301059,1.1140415996041155
4968,3.536639665237329,2.5243159725503843,1.0123236926869446
4969,3.4656793216197967,2.3317068870676967,1.1339724345521
4970,3.502310936259211,2.4409589968678542,1.0613519393913569
4971,3.4988225983023447,2.4359354543340346,1.06288714396831
4972,3.5042456842359595,2.4073088279796497,1.0969368562563098
4973,3.447289982876854,2.3105554946128066,1.1367344882640475
4974,3.4614717000083624,2.2690428247850476,1.1924288752233148
4975,3.4842949372376744,2.3504152250339856,1.1338797122036888
4976,3.477160784723988,2.347228864957676,1.129931919766312
4977,3.4541610458054195,2.3513192477618876,1.1028417980435319
4978,3.4620783521791547,2.3352452730015516,1.1268330791776031
4979,3.487618205603583,2.4153471306171292,1.0722710749864537
4980,3.4803173282599285,2.369728632516633,1.1105886957432953
4981,3.4355503176286413,2.271322064337657,1.1642282532909842
4982,3.4006312142873054,2.2311580759460194,1.169473138341286
4983,3.5275454846024643,2.3672294066031876,1.1603160779992767
4984,3.4988183248077824,2.3732474376535353,1.1255708871542471
4985,3.507438975538913,2.424579393954951,1.082859581583962
4986,3.5046017304312462,2.3832333099484058,1.1213684204828405
4987,3.4668586341421888,2.289750379521364,1.177108254620825
4988,3.4995610749735366,2.3611796458506076,1.138381429122929
4989,3.4864052902798686,2.3572371451581424,1.1291681451217261
4990,3.4665710996867323,2.3833232341912676,1.0832478654954647
4991,3.5184486605797267,2.394704496651172,1.1237441639285546
4992,3.4239466341929314,2.339758668851821,1.0841879653411106
4993,3.4877262247404834,2.310941230532495,1.1767849942079884
4994,3.528030992101144,2.4858694540281383,1.0421615380730058
4995,3.4381706800800544,2.3221062027341355,1.116064477345919
4996,3.4762395366668155,2.3701645871850996,1.106074949481716
4997,3.4645063527906115,2.348108423478774,1.1163979293118373
4998,3.4639269023051837,2.2982425125490957,1.165684389756088
4999,3.4790568288949384,2.3870269415572967,1.0920298873376417
5000,3.4445283928425594,2.230932597664103,1.2135957951784566
5001,3.5267105064299993,2.4556456609126824,1.0710648455173168
5002,3.4759146534446113,2.3584768620264844,1.1174377914181268
5003,3.4019387047398597,2.2398882822763624,1.1620504224634973
5004,3.519508610307555,2.3978479306446947,1.12166067966286
5005,3.521644006489359,2.42494092282017,1.0967030836691891
5006,3.5144616795187478,2.400189494190369,1.1142721853283786
5007,3.4740359579452305,2.390329305478198,1.0837066524670322
5008,3.4431208681815346,2.3366054797897053,1.1065153883918293
5009,3.5086949508921617,2.386466149674304,1.1222288012178576
5010,3.4772618512450926,2.3047422755017632,1.1725195757433293
5011,3.456470253062996,2.3537912579168414,1.1026789951461544
5012,3.528098718576987,2.495726377699965,1.0323723408770222
5013,3.479445334382986,2.350005826209831,1.1294395081731547
5014,3.4922105252121267,2.378242976909911,1.1139675483022158
5015,3.5025712937233915,2.3899534577061914,1.1126178360172
5016,3.472243993236455,2.362724793115927,1.1095192001205278
5017,3.4252801808424347,2.37666507211752,1.0486151087249147
5018,3.4722325547993984,2.277028251658891,1.1952043031405073
5019,3.480898633395768,2.350233005871216,1.130665627524552
5020,3.5050616281547495,2.4062965540641263,1.0987650740906232
5021,3.45077566640814,2.2665337394242298,1.1842419269839102
5022,3.4737126062221892,2.3685970445688,1.1051155616533892
5023,3.467549895142725,2.3412335106326454,1.1263163845100794
5024,3.5212410550428297,2.4162367863473215,1.1050042686955082
5025,3.4608502777421,2.298504723855721,1.1623455538863792
5026,3.3954492964077385,2.2401796838894983,1.1552696125182402
5027,3.4414076135604987,2.3099575735570497,1.131450040003449
5028,3.4445689690811614,2.2890592794235074,1.155509689657654
5029,3.5212691559974356,2.44710975101675,1.0741594049806857
5030,3.5088035931495263,2.3814976569810664,1.1273059361684599
5031,3.4463104575922543,2.2976889165527044,1.14862154103955
5032,3.4216187287607265,2.2507689065966416,1.1708498221640848
5033,3.5180856447820803,2.4193459388384286,1.0987397059436517
5034,3.5141045383022513,2.3665766795673413,1.14752785873491
5035,3.47656577505679,2.3116038855431453,1.1649618895136449
5036,3.4909371237287172,2.3694988143583378,1.1214383093703795
5037,3.4715929803707053,2.300125885329029,1.1714670950416761
5038,3.508806762349475,2.4192372246546454,1.0895695376948296
5039,3.4318283388603255,2.2787671219008856,1.1530612169594399
5040,3.4786727143278147,2.339459615064155,1.1392130992636598
5041,3.477597757030366,2.3225092405994543,1.155088516430912
5042,3.490402774396348,2.3650021240289094,1.1254006503674385
5043,3.360301158154918,2.1596714669182107,1.2006296912367072
5044,3.4990330999291785,2.38401886907477,1.1150142308544084
5045,3.461360815879551,2.330940156003937,1.1304206598756141
5046,3.4721745487687197,2.3899985447617444,1.0821760040069752
5047,3.476715182236935,2.330359605479741,1.1463555767571938
5048,3.5223190418337484,2.4243470966707754,1.097971945162973
5049,3.5061852476449307,2.3484102091327137,1.157775038512217
5050,3.475843768994693,2.342697965477584,1.1331458035171091
5051,3.533274839491773,2.4414934165957716,1.0917814228960014
5052,3.5100608722084305,2.3852676720670476,1.124793200141383
5053,3.5068500381175705,2.3523333294107824,1.154516708706788
5054,3.4665475165898547,2.2871948844544803,1.1793526321353744
5055,3.5155431963211368,2.4566686791157877,1.058874517205349
5056,3.4441058478270317,2.2679831915011492,1.1761226563258824
5057,3.4910468885114345,2.366086028927956,1.1249608595834784
5058,3.4710051450512873,2.37528151163413,1.0957236334171574
5059,3.3505749087907124,2.170901802603671,1.1796731061870416
5060,3.5137751153102377,2.4738575703630885,1.0399175449471492
5061,3.4951561888562126,2.3889216956050503,1.1062344932511623
5062,3.465956815103039,2.3931930907079586,1.0727637243950805
5063,3.5385520986639163,2.4413783909742084,1.097173707689708
5064,3.4544555372837484,2.2980845042289055,1.156371033054843
5065,3.421585975196321,2.253121120471865,1.1684648547244558
5066,3.5207343479675055,2.461312302595909,1.0594220453715963
5067,3.5025615299060417,2.3771404808718484,1.1254210490341934
5068,3.434312012423173,2.32836504954241,1.105946962880763
5069,3.5107133817998477,2.3666209028816407,1.144092478918207
5070,3.458598092009821,2.3051411367625834,1.1534569552472376
5071,3.391307989122213,2.1981946028093353,1.1931133863128776
5072,3.457224420839013,2.3175184014158874,1.1397060194231257
5073,3.5028720100656763,2.3455949779963237,1.1572770320693526
5074,3.4384768669303156,2.3029917406063025,1.135485126324013
5075,3.4560113040085976,2.3334609488911835,1.122550355117414
5076,3.4689989522682367,2.3547086580884917,1.114290294179745
5077,3.4827497030326358,2.3489730617724662,1.1337766412601695
5078,3.4999315367205273,2.3608042001841,1.1391273365364274
5079,3.366874990114863,2.158421962568346,1.208453027546517
5080,3.442643178045345,2.2955409121651584,1.1471022658801866
5081,3.52404658746699,2.4961353695184436,1.0279112179485463
5082,3.498299275143652,2.3874374399436187,1.1108618352000335
5083,3.4926017062997667,2.352464894891013,1.1401368114087536
5084,3.4823607015836204,2.3455381489906726,1.1368225525929478
5085,3.521381636936055,2.345861127506618,1.175520509429437
5086,3.517124057855719,2.4865501909733623,1.0305738668823565
5087,3.5224967906711893,2.3859843825022495,1.1365124081689397
5088,3.4850231542579033,2.335474167025571,1.1495489872323321
5089,3.422795073128656,2.233003910262512,1.1897911628661437
5090,3.4495480710842767,2.3209142915492875,1.1286337795349892
5091,3.4923894337664394,2.371527211202533,1.1208622225639062
5092,3.535495432012069,2.4667810542868507,1.0687143777252182
5093,3.4335697442508275,2.342679423153467,1.0908903210973606
5094,3.4294255848291955,2.308301677355963,1.1211239074732324
5095,3.5108693625646747,2.4248335206684692,1.0860358418962055
5096,3.486438733186135,2.3057310070145776,1.1807077261715575
5097,3.463872883717844,2.272708277366696,1.191164606351148
5098,3.4683206289587405,2.3347940251942307,1.1335266037645098
5099,3.5189005683553782,2.458548489951599,1.0603520784037794
5100,3.509145033543825,2.456411495617007,1.0527335379268177
5101,3.5123206730913665,2.4453029128918953,1.0670177601994713
5102,3.494042915418391,2.3136456464197654,1.1803972689986257
5103,3.543070079348348,2.4272314865856686,1.1158385927626795
5104,3.4529107544083186,2.28634353544214,1.1665672189661787
5105,3.4735132469677534,2.3867290711676157,1.0867841758001378
5106,3.4719585195004985,2.319152281129926,1.1528062383705726
5107,3.4853948386097993,2.3347333999780697,1.1506614386317295
5108,3.479367024601172,2.2933772636568506,1.1859897609443215
5109,3.4541076949803986,2.3398389553405523,1.1142687396398463
5110,3.4739179524536503,2.3514356997115926,1.1224822527420577
5111,3.513524065852843,2.477392735753659,1.0361313300991841
5112,3.5232837082055917,2.423885447773849,1.0993982604317427
5113,3.453115615822162,2.347390622175623,1.1057249936465392
5114,3.5178206920240984,2.3395996936232484,1.17822099840085
5115,3.4798902587154923,2.3634324885842286,1.1164577701312637
5116,3.4866813276779776,2.36598453150206,1.1206967961759178
5117,3.4714665146778847,2.355034950321967,1.1164315643559175
5118,3.4531054801391834,2.272034056404572,1.1810714237346116
5119,3.5130083244839545,2.485485320930249,1.0275230035537053
5120,3.4905598994933906,2.4335161465408603,1.0570437529525303
5121,3.4594292452019437,2.2804428855473615,1.1789863596545822
5122,3.419221883649212,2.290142758681011,1.129079124968201
5123,3.5086568660378585,2.385671250209219,1.1229856158286395
5124,3.4560801926728226,2.305748419556578,1.1503317731162448
5125,3.441698615527883,2.343294162018456,1.0984044535094268
5126,3.41498429458071,2.280017680010137,1.134966614570573
5127,3.5050213300575797,2.3937316273121443,1.1112897027454354
5128,3.4954818861711545,2.4858850328457947,1.0095968533253599
5129,3.4999502537974494,2.420368119992548,1.0795821338049012
5130,3.4289550835202425,2.310750066691045,1.1182050168291973
5131,3.5156523997539644,2.4052570166105602,1.1103953831434041
5132,3.5120647525492292,2.36219763235373,1.1498671201954993
5133,3.498016414752465,2.311898125770712,1.1861182889817532
5134,3.4665237048448017,2.3077459527931987,1.158777752051603
5135,3.5007267504080506,2.5110627273317707,0.9896640230762799
5136,3.418110591685311,2.2614683630243104,1.1566422286610005
5137,3.4455906496212667,2.394377062221354,1.0512135873999129
5138,3.481672152442968,2.2930612666072667,1.1886108858357014
5139,3.50262912847698,2.3808067232807066,1.1218224051962733
5140,3.3723465585958685,2.195770667063896,1.1765758915319724
5141,3.529659002893288,2.433473302855226,1.096185700038062
5142,3.4376182496130148,2.2736631081813865,1.1639551414316283
5143,3.489095524342441,2.361501027650328,1.127594496692113
5144,3.522630818043239,2.408768522769625,1.1138622952736137
5145,3.472237157152083,2.295472588301441,1.176764568850642
5146,3.476133336629783,2.3373470685006503,1.1387862681291328
5147,3.424724663498182,2.2578096233964566,1.1669150401017254
5148,3.501645340602372,2.4035873696602614,1.0980579709421106
5149,3.492811643668527,2.4121227686180853,1.0806888750504418
5150,3.4810165288030332,2.316592921428286,1.1644236073747471
5151,3.5253669741342164,2.429951843701533,1.0954151304326833
5152,3.4467289722839443,2.31941542022475,1.1273135520591944
5153,3.505790134026082,2.42910542894238,1.0766847050837018
5154,3.470367582515068,2.2989020294674583,1.17146555304761
5155,3.519234588935305,2.376162223210872,1.143072365724433
5156,3.386990937253802,2.243063961117234,1.143926976136568
5157,3.520963574211567,2.423332430103216,1.0976311441083508
5158,3.4320160542999947,2.2915253790700483,1.1404906752299464
5159,3.4531539710745034,2.279963918525726,1.1731900525487773
5160,3.4940106840367733,2.391167173618732,1.1028435104180412
5161,3.524250842903246,2.49155323300467,1.0326976098985763
5162,3.4430945906221413,2.324846267096848,1.1182483235252931
5163,3.447355219259724,2.2985394849895777,1.1488157342701464
5164,3.5201918515936312,2.393045203375092,1.127146648218539
5165,3.5288079140377606,2.417425665695139,1.1113822483426214
5166,3.44567090202394,2.239085971137241,1.2065849308866992
5167,3.466058434679724,2.295697879637876,1.170360555041848
5168,3.4741869711104467,2.3249181053969927,1.149268865713454
5169,3.328351230488535,2.127237911734555,1.20111331875398
5170,3.49411723164087,2.3450234965008487,1.1490937351400214
5171,3.4567465014476975,2.3108392689442043,1.1459072325034931
5172,3.478586335082821,2.314340645233393,1.164245689849428
5173,3.449094861821652,2.2970600097624745,1.1520348520591774
5174,3.4434834933829186,2.3209516731850535,1.1225318201978651
5175,3.4701429244165025,2.2691306722816598,1.2010122521348428
5176,3.4650627122549174,2.3094447524984765,1.1556179597564409
5177,3.5008532048225227,2.393535816424163,1.1073173883983598
5178,3.52164853332414,2.436980488845856,1.084668044478284
5179,3.394939286994994,2.20974925677619,1.1851900302188039
5180,3.4594754163460597,2.335926252609784,1.1235491637362758
5181,3.514380350905863,2.3388687017217697,1.1755116491840933
5182,3.4728484650571145,2.3135898289376433,1.1592586361194712
5183,3.4727898135061417,2.3629852801863467,1.109804533319795
5184,3.488596595735701,2.3476804952012973,1.1409161005344037
5185,3.4931554950822243,2.3638338959733174,1.129321599108907
5186,3.485588823420098,2.422035728819454,1.063553094600644
5187,3.476291316864901,2.3182437696403704,1.1580475472245304
5188,3.504170793871577,2.4091586066776927,1.0950121871938845
5189,3.5224552872198887,2.3983502824418568,1.1241050047780319
5190,3.513403988875089,2.327154752298632,1.1862492365764572
5191,3.5110151575765647,2.4011867131635793,1.1098284444129853
5192,3.469061132595733,2.3206718229236727,1.1483893096720603
5193,3.4765426462592024,2.3201564812484783,1.156386165010724
5194,3.444380591725691,2.2763803063350236,1.1680002853906672
5195,3.464845617936802,2.30578815766259,1.1590574602742123
5196,3.4553742058099517,2.2851020224836973,1.1702721833262544
5197,3.4517476483354512,2.3790386958924374,1.0727089524430138
5198,3.4589063389388683,2.295804848777956,1.1631014901609125
5199,3.491518023282629,2.34528436533294,1.146233657949689
5200,3.4796292081247624,2.3190101737695876,1.1606190343551748
5201,3.457171789180961,2.3342383119476775,1.1229334772332833
5202,3.4153795309216672,2.2852422040809865,1.1301373268406807
5203,3.4823757943291374,2.3413925871128827,1.1409832072162547
5204,3.5171477415953216,2.457561949554879,1.0595857920404428
5205,3.455857815340483,2.2677735164522104,1.1880842988882727
5206,3.422545520263159,2.265877768070222,1.1566677521929374
5207,3.3859370270080897,2.249601789470429,1.1363352375376605
5208,3.506121656330633,2.450927922603329,1.0551937337273043
5209,3.4047379988916266,2.26224993482223,1.1424880640693966
5210,3.456930722582875,2.340720335784312,1.116210386798563
5211,3.4561343862169838,2.306997213884972,1.1491371723320118
5212,3.4736619634781873,2.333415866767877,1.1402460967103103
5213,3.405970107997034,2.177449486570332,1.2285206214267017
5214,3.524378304209897,2.497757407569111,1.026620896640786
5215,3.4559697727690146,2.3232812069424207,1.132688565826594
5216,3.4721207606938824,2.3188903660695357,1.1532303946243467
5217,3.484437073577129,2.3138850416598884,1.1705520319172407
5218,3.525777184030718,2.4094735302841195,1.1163036537465985
5219,3.475316874598755,2.2940504705297418,1.1812664040690133
5220,3.5028108885095657,2.439217575502953,1.0635933130066126
5221,3.5114903089580682,2.38263550657021,1.1288548023878584
5222,3.4370587874516656,2.2866926114078665,1.150366176043799
5223,3.507227578585973,2.3903277033919714,1.1168998751940014
5224,3.487812219167968,2.3859686847915627,1.1018435343764055
5225,3.5376565589707787,2.4311515813682685,1.1065049776025102
5226,3.445608682599749,2.273188284523776,1.1724203980759733
5227,3.4965543956729994,2.3868512993920517,1.1097030962809478
5228,3.507474850876488,2.4060336451811635,1.1014412056953247
5229,3.4963709407176533,2.430497938204466,1.0658730025131873
5230,3.512481878411067,2.4834390366407995,1.0290428417702677
5231,3.4515911129839743,2.327505318677856,1.1240857943061182
5232,3.495093167428944,2.3529226290235106,1.1421705384054333
5233,3.490110737162124,2.325551025724108,1.1645597114380157
5234,3.4865151220454775,2.3491883325666674,1.1373267894788102
5235,3.4916947911054512,2.4112683216647706,1.0804264694406807
5236,3.5041959854287144,2.3944147886963187,1.1097811967323956
5237,3.480368956546486,2.38589280569893,1.094476150847556
5238,3.511606188489345,2.401428601491345,1.1101775869980002
5239,3.485402690193651,2.358090449762167,1.127312240431484
5240,3.4639953373750414,2.297944792539178,1.1660505448358633
5241,3.453952368565779,2.320347479719301,1.1336048888464778
5242,3.506029126963437,2.385102739392232,1.1209263875712048
5243,3.4594459936075577,2.363464975628339,1.0959810179792187
5244,3.4843543434014608,2.4197368673178095,1.0646174760836513
5245,3.494462158939001,2.345692991641357,1.148769167297644
5246,3.476987787486648,2.3681756047631066,1.1088121827235415
5247,3.4768911181753244,2.371800269521005,1.1050908486543194
5248,3.487720311279547,2.3735592211850993,1.1141610900944476
5249,3.4811512106705713,2.3301251821118116,1.1510260285587597
5250,3.4240070574220494,2.2827514983354202,1.1412555590866291
5251,3.532425940356247,2.459630332173807,1.0727956081824401
5252,3.4399808562677565,2.296938732723925,1.1430421235438315
5253,3.4929629521927534,2.3815215051415506,1.1114414470512028
5254,3.4720966671585143,2.3449854447024725,1.1271112224560418
5255,3.4615954793445547,2.2972431466968484,1.1643523326477063
5256,3.5021917780991836,2.489771671049437,1.0124201070497465
5257,3.517904836136676,2.4175041913682795,1.1004006447683965
5258,3.4510139189669555,2.3491223960477434,1.101891522919212
5259,3.4327972239895317,2.255079900267505,1.1777173237220269
5260,3.520011242041067,2.3797385852471042,1.1402726567939627
5261,3.3964749557854192,2.196006418507504,1.2004685372779154
5262,3.4743287983619395,2.3434857190771825,1.130843079284757
5263,3.4239982620011453,2.2591479849087044,1.164850277092441
5264,3.40196752456576,2.2526207809141554,1.1493467436516047
5265,3.4652474305427554,2.302986804039274,1.1622606265034814
5266,3.5157459273285854,2.443663884723617,1.0720820426049684
5267,3.4575760836609453,2.3396152005614277,1.1179608830995176
5268,3.500687763095617,2.35473660063109,1.1459511624645269
5269,3.509939342098393,2.385171909507619,1.1247674325907737
5270,3.4643328329736462,2.2967452829802064,1.1675875499934398
5271,3.4547253965866633,2.3045988965141726,1.1501265000724907
5272,3.488269610826362,2.375406059866982,1.1128635509593803
5273,3.469290509890988,2.3534162625324346,1.1158742473585535
5274,3.4539322077010177,2.2877202165127875,1.1662119911882303
5275,3.401802773609342,2.2360169934246055,1.1657857801847364
5276,3.468652648710502,2.3302879562411825,1.1383646924693194
5277,3.478518910096456,2.4089388718052374,1.0695800382912188
5278,3.4916274915743126,2.3887792514591495,1.1028482401151631
5279,3.513476770081048,2.397390565157683,1.116086204923365
5280,3.3977846232701063,2.2340085394644715,1.1637760838056348
5281,3.439545575676008,2.2526372981276257,1.1869082775483824
5282,3.4347519152969714,2.231981783481477,1.2027701318154946
5283,3.4383234531134845,2.287575586659522,1.1507478664539623
5284,3.506087255237177,2.3517349001997685,1.1543523550374086
5285,3.4768586700185504,2.3308949253317155,1.145963744686835
5286,3.463994300906763,2.3070422366287153,1.1569520642780478
5287,3.496933822218822,2.3666451872641776,1.1302886349546446
5288,3.4217677819649466,2.2737530858696218,1.1480146960953248
5289,3.4710503868423888,2.3455218204755237,1.125528566366865
5290,3.468964477827505,2.347183399124838,1.121781078702667
5291,3.5370403792259877,2.491960677804031,1.0450797014219568
5292,3.4748969442456614,2.3476194752247346,1.1272774690209268
5293,3.403973760814558,2.260903147407464,1.1430706134070943
5294,3.519375739781084,2.3984821960931137,1.1208935436879703
5295,3.4742545955023143,2.3046963998570122,1.169558195645302
5296,3.478787308294133,2.355220487587453,1.1235668207066798
5297,3.4572532980223087,2.2779694899166048,1.179283808105704
5298,3.4776183787957966,2.291722571881347,1.1858958069144494
5299,3.3974035038010304,2.2309078231832267,1.1664956806178037
5300,3.4879747053070886,2.3069001487070544,1.1810745566000342
5301,3.4217557457585728,2.272588954333897,1.1491667914246757
5302,3.469083931666371,2.3293169044880435,1.1397670271783276
5303,3.4388175523679263,2.2791810189686545,1.1596365333992718
5304,3.4670609977694555,2.3414131520652903,1.1256478457041652
5305,3.438590839623769,2.3107417329390656,1.1278491066847036
5306,3.5067117706172053,2.3631878727631945,1.1435238978540108
5307,3.4668729529198092,2.337615890511286,1.1292570624085232
5308,3.464526756739062,2.3212498803939523,1.1432768763451095
5309,3.4839576787206608,2.3865269651236733,1.0974307135969874
5310,3.392068905238715,2.2075239436787126,1.1845449615600026
5311,3.544469540783855,2.4771373419381426,1.0673321988457123
5312,3.4571385842215383,2.3315619593820416,1.1255766248394967
5313,3.4310584742491557,2.3763623169300874,1.0546961573190683
5314,3.481216192560089,2.324919740380119,1.1562964521799701
5315,3.493559273822287,2.3998557925969464,1.0937034812253406
5316,3.503050781169106,2.434440215310797,1.0686105658583087
5317,3.4499416977367683,2.2979146858928083,1.15202701184396
5318,3.493267730087666,2.3839825923444513,1.1092851377432145
5319,3.448696341947187,2.2916941673630777,1.1570021745841093
5320,3.516766137493575,2.4890696884521146,1.0276964490414602
5321,3.4501139856778686,2.370532100662985,1.0795818850148837
5322,3.430596979905154,2.2639345976321237,1.1666623822730302
5323,3.4566796668413557,2.2807114812808638,1.175968185560492
5324,3.486023064649416,2.3783325075968964,1.1076905570525195
5325,3.473605661102395,2.3113413383479102,1.1622643227544849
5326,3.3909617628802806,2.2506446297578195,1.140317133122461
5327,3.514421191187071,2.392932527506946,1.121488663680125
5328,3.4386139302540255,2.3758250463414754,1.06278888391255
5329,3.4345219951934545,2.3018084604078326,1.1327135347856219
5330,3.4834635794291384,2.3224530829014687,1.1610104965276697
5331,3.3624874472386512,2.169374978331727,1.1931124689069241
5332,3.4583596983163987,2.279231527527708,1.1791281707886907
5333,3.5242975125357567,2.5146333522360473,1.0096641602997094
5334,3.4550400395186553,2.2795795125441165,1.1754605269745388
5335,3.4352877922888387,2.275319917388035,1.1599678749008038
5336,3.510803445660812,2.3478157097997197,1.1629877358610923
5337,3.428128918599898,2.300570993651474,1.127557924948424
5338,3.470446008551915,2.3665871867866537,1.1038588217652614
5339,3.4806648163093414,2.30083414827575,1.1798306680335915
5340,3.4897237629997035,2.428782059935958,1.0609417030637456
5341,3.468900470701644,2.317791850779618,1.151108619922026
5342,3.443188607636569,2.2874007844971156,1.1557878231394536
5343,3.409630785407213,2.2631157989480664,1.1465149864591466
5344,3.505696407025853,2.404731023674493,1.10096538335136
5345,3.4354047609113696,2.20677093064851,1.2286338302628597
5346,3.392473277680642,2.2298800328804065,1.1625932448002354
5347,3.383492546933374,2.2112532838892798,1.1722392630440943
5348,3.45434755993637,2.335938838378751,1.118408721557619
5349,3.457274707103825,2.2435408658212,1.2137338412826248
5350,3.4884744235923772,2.374964600262213,1.1135098233301641
5351,3.4790502185859697,2.303485470935033,1.1755647476509368
5352,3.4125314836121894,2.2699845699708336,1.1425469136413557
5353,3.51163588250191,2.389030726574579,1.1226051559273307
5354,3.4416859059285394,2.319498068935615,1.1221878369929246
5355,3.470460030663531,2.317970570863184,1.1524894598003468
5356,3.476582913530809,2.3382902548855693,1.1382926586452395
5357,3.4463210274171265,2.3177278190620547,1.1285932083550718
5358,3.514432288758133,2.42527574972622,1.0891565390319133
5359,3.4865766318734397,2.39916406643586,1.0874125654375795
5360,3.5131649840815,2.4038502469195557,1.1093147371619443
5361,3.508254004472962,2.4245464095322746,1.0837075949406874
5362,3.4570299977611603,2.3313230455051968,1.1257069522559635
5363,3.410837412598747,2.310399337375771,1.1004380752229759
5364,3.500602108964239,2.341467207755881,1.159134901208358
5365,3.4524951826985117,2.274151344218094,1.178343838480418
5366,3.4851876728356825,2.401044452228252,1.0841432206074306
5367,3.492159953317587,2.3143501630946535,1.1778097902229336
5368,3.418370718583523,2.2577832125517894,1.1605875060317334
5369,3.4935827934458015,2.3877200213777288,1.1058627720680727
5370,3.4687686877100306,2.3517796521792773,1.1169890355307532
5371,3.512277387277187,2.4413281919692453,1.0709491953079415
5372,3.4801895640082794,2.3153488203972334,1.164840743611046
5373,3.461465780069358,2.39630437803413,1.065161402035228
5374,3.4944456042091394,2.396999766073796,1.0974458381353434
5375,3.50783726791626,2.3734195496082697,1.1344177183079904
5376,3.4373667215222565,2.2600076509096416,1.177359070612615
5377,3.459805426210991,2.272922123694965,1.1868833025160264
5378,3.4758013206442113,2.380518653907288,1.0952826667369235
5379,3.51012319738579,2.380410359453767,1.129712837932023
5380,3.499298043998773,2.3346222837504946,1.1646757602482785
5381,3.4254152721494164,2.3225241741950424,1.102891097954374
5382,3.4967978849593666,2.429938106235104,1.0668597787242624
5383,3.4377057312303863,2.2566517188514155,1.1810540123789708
5384,3.4912638896885664,2.4063546078048983,1.084909281883668
5385,3.4710724062429987,2.3258583438230316,1.1452140624199671
5386,3.513457439380162,2.4292594354155694,1.0841980039645924
5387,3.476912430652607,2.327266120840419,1.149646309812188
5388,3.4862052879916146,2.333516308997823,1.1526889789937917
5389,3.497121576015883,2.4003869114056173,1.0967346646102656
5390,3.4654017368297234,2.2792024763665153,1.1861992604632081
5391,3.428436952151462,2.2857596534208615,1.1426772987306006
5392,3.4555045730592506,2.340785807796483,1.1147187652627677
5393,3.438120117165386,2.2825542202969484,1.1555658968684375
5394,3.5302874628532774,2.4904456701581834,1.039841792695094
5395,3.4099208627783106,2.291481498237482,1.1184393645408286
5396,3.423869057684699,2.2683511204541147,1.1555179372305844
5397,3.5263370564407714,2.573532435508586,0.9528046209321857
5398,3.4663748930849527,2.325755689174573,1.1406192039103797
5399,3.489076612767627,2.388455163444203,1.100621449323424
5400,3.4432753620742442,2.2987534845904487,1.1445218774837955
5401,3.5366115307141683,2.504734796094589,1.0318767346195794
5402,3.425468972937415,2.2403266366938945,1.1851423362435205
5403,3.464127109257201,2.339824783251442,1.124302326005759
5404,3.4543646364342333,2.2880729962885615,1.1662916401456718
5405,3.460087866383381,2.313370822453535,1.1467170439298462
5406,3.5187014607904263,2.3412163874554675,1.1774850733349589
5407,3.521925552165554,2.3929136015980528,1.1290119505675014
5408,3.4114285274379266,2.256873957470365,1.1545545699675617
5409,3.49510399328799,2.472941452341202,1.022162540946788
5410,3.436370235759349,2.2689037667113063,1.1674664690480427
5411,3.5334788656362974,2.4760586868071703,1.057420178829127
5412,3.4204777203265118,2.271761247331617,1.1487164729948947
5413,3.487132949116745,2.3195117014173916,1.1676212476993535
5414,3.5229765076211335,2.406288712483735,1.1166877951373984
5415,3.4816003619143694,2.3508345506663804,1.130765811247989
5416,3.509378677908755,2.3641342943862558,1.145244383522499
5417,3.3982912736364432,2.2213687642319697,1.1769225094044735
5418,3.4571145397917498,2.304476213922545,1.1526383258692046
5419,3.4961822335336485,2.3598366767041754,1.1363455568294731
5420,3.478752784014839,2.3236598890691735,1.1550928949456654
5421,3.476368208523026,2.33151683971033,1.144851368812696
5422,3.527117880135034,2.457624932384385,1.069492947750649
5423,3.4559702052979073,2.3164686933342864,1.139501511963621
5424,3.465081978619777,2.3312947472948315,1.1337872313249453
5425,3.472819202584255,2.3003441607662314,1.1724750418180236
5426,3.446838370492417,2.2960323920533012,1.1508059784391156
5427,3.5118639927965005,2.4274890576588177,1.0843749351376828
5428,3.4569687167584986,2.300353940199694,1.1566147765588046
5429,3.4423391077404797,2.3164407784822454,1.1258983292582343
5430,3.47493817003493,2.298086859112385,1.1768513109225451
5431,3.526292777220245,2.4715353686099846,1.0547574086102602
5432,3.432041145406562,2.2834797493903123,1.1485613960162495
5433,3.47491728442387,2.319969682330474,1.154947602093396
5434,3.5197158505607886,2.4784354760800285,1.0412803744807602
5435,3.4277294685273647,2.2584936408921954,1.1692358276351693
5436,3.3943041998615753,2.242915326979176,1.151388872882399
5437,3.5370054342500983,2.4404111483085607,1.0965942859415376
5438,3.5192846345511586,2.4086916526264632,1.1105929819246954
5439,3.5372197418914397,2.410251419268906,1.1269683226225338
5440,3.4242619678501263,2.2239578516466136,1.2003041162035126
5441,3.4814797654719007,2.323159827567383,1.1583199379045177
5442,3.4244952833643687,2.347501857294768,1.0769934260696008
5443,3.439632388203483,2.31327114040981,1.1263612477936733
5444,3.507708675185297,2.4398086708114386,1.0679000043738585
5445,3.391230150718885,2.2050827624160445,1.1861473883028406
5446,3.5338720888902055,2.4551163061431844,1.078755782747021
5447,3.4408394915666305,2.2704653664579824,1.1703741251086481
5448,3.5170597772274874,2.3612676356815454,1.155792141545942
5449,3.4744506546439538,2.331786818777058,1.142663835866896
5450,3.5067418077296217,2.3728278925369404,1.1339139151926814
5451,3.467873696047896,2.3733986849853506,1.0944750110625456
5452,3.4739602160091714,2.326754087800336,1.1472061282088353
5453,3.482405737934815,2.3569378515876607,1.1254678863471543
5454,3.4000278772794497,2.202373066992573,1.1976548102868767
5455,3.528524395112013,2.3906590212175263,1.1378653738944866
5456,3.4533302305208164,2.391341439475146,1.0619887910456702
5457,3.51979368494359,2.384424565867165,1.135369119076425
5458,3.3949889623403617,2.249264704204043,1.145724258136319
5459,3.4659252683900355,2.3342567992407455,1.13166846914929
5460,3.4380081389681973,2.341974297763208,1.0960338412049895
5461,3.4962331329508762,2.3963953543843646,1.0998377785665117
5462,3.5253828754162626,2.451487555675173,1.0738953197410894
5463,3.4705729186573766,2.3262079432599867,1.14436497539739
5464,3.521118243496577,2.400179902965644,1.120938340530933
5465,3.507864106747982,2.3484629844769547,1.1594011222710274
5466,3.4671350381416626,2.338615292708673,1.1285197454329894
5467,3.455946852399038,2.325878485140873,1.1300683672581648
5468,3.45281245762165,2.2974920289723344,1.1553204286493157
5469,3.3828615987974957,2.2195777595533404,1.1632838392441553
5470,3.4627118731964743,2.37075314854186,1.0919587246546145
5471,3.4385396855989008,2.3035912499669084,1.1349484356319923
5472,3.462895484366877,2.3110052929563136,1.1518901914105633
5473,3.5228965247360806,2.3816955089341603,1.1412010158019203
5474,3.515549951325611,2.422718053625629,1.0928318976999822
5475,3.5304481038847095,2.497066499136693,1.0333816047480164
5476,3.5223291457132633,2.369961740653718,1.1523674050595454
5477,3.4143095712588027,2.266785373988093,1.1475241972707098
5478,3.516546806611467,2.423869559104524,1.092677247506943
5479,3.5082320322430247,2.342078067274677,1.166153964968348
5480,3.4690052127051514,2.339118583734412,1.1298866289707394
5481,3.4778442804400953,2.3965526255459504,1.081291654894145
5482,3.4483656362327975,2.3523394237484947,1.0960262124843028
5483,3.4400707353173887,2.2926380898593317,1.147432645458057
5484,3.464750446452705,2.326379481007428,1.1383709654452772
5485,3.5166709821475237,2.4505426493482143,1.0661283327993094
5486,3.440108965418449,2.356934217407354,1.083174748011095
5487,3.508739951157703,2.3797572795703994,1.1289826715873037
5488,3.4459179495427983,2.267082451123578,1.1788354984192204
5489,3.4752569576872774,2.343852830458303,1.1314041272289743
5490,3.5228015821524306,2.3671991147461826,1.155602467406248
5491,3.368290332481533,2.1847055832812488,1.1835847492002842
5492,3.467484457566839,2.356255342520028,1.111229115046811
5493,3.4611830339778584,2.33377889234499,1.1274041416328684
5494,3.4718922839169073,2.3137675950319285,1.1581246888849788
5495,3.4683090348453445,2.3126085214696808,1.1557005133756637
5496,3.4647929296013076,2.3651547670442223,1.0996381625570852
5497,3.5056649772150985,2.3593927471649176,1.1462722300501809
5498,3.514808348445379,2.4479600822753755,1.0668482661700036
5499,3.4278826203894495,2.270378312934325,1.1575043074551243
5500,3.526174005125425,2.400147382360244,1.1260266227651812
5501,3.446191166432047,2.25776644061659,1.188424725815457
5502,3.4102299649995858,2.3057211650128853,1.1045087999867005
5503,3.4813598429249515,2.344823020454048,1.1365368224709034
5504,3.5293303529344637,2.4348453392280733,1.0944850137063904
5505,3.5008840315343988,2.465290591068876,1.0355934404655227
5506,3.5042474440219666,2.4654012544218493,1.0388461896001173
5507,3.4796511974923736,2.339245832613575,1.1404053648787986
5508,3.5166691062507365,2.486598594772008,1.0300705114787285
5509,3.4677440962304003,2.3422605999036357,1.1254834963267646
5510,3.4816566884180595,2.3659086005385426,1.115748087879517
5511,3.476896173591432,2.296533174929256,1.1803629986621758
5512,3.5007039124386568,2.374491247882659,1.1262126645559976
5513,3.478656369112973,2.374360036795388,1.1042963323175852
5514,3.4896566635705586,2.305588459943264,1.1840682036272945
5515,3.4130637437609885,2.243739996853311,1.1693237469076774
5516,3.488184799141937,2.3883335728143207,1.0998512263276163
5517,3.46963260724384,2.286459872509295,1.183172734734545
5518,3.477899514482913,2.3348555726208438,1.1430439418620693
5519,3.5264319414509586,2.481499524807664,1.0449324166432947
5520,3.509176947643279,2.3946267798223433,1.1145501678209357
5521,3.495404097434784,2.358263031503039,1.1371410659317451
5522,3.4272932060197134,2.271567447173374,1.1557257588463394
5523,3.515921402966686,2.441715383559602,1.0742060194070837
5524,3.496107788148864,2.3607749420331046,1.1353328461157592
5525,3.465748649144833,2.320785121752828,1.144963527392005
5526,3.510179678803515,2.3750498362017076,1.1351298426018075
5527,3.5001570929263113,2.3900783902486404,1.1100787026776708
5528,3.4822196155803313,2.3783623295718685,1.1038572860084628
5529,3.454513554519381,2.2919432842361784,1.1625702702832026
5530,3.5160595217727035,2.4132984121727525,1.102761109599951
5531,3.460370413818454,2.3010529878498134,1.1593174259686405
5532,3.475495972702509,2.371013776708071,1.1044821959944384
5533,3.4998827261354037,2.4045205170791304,1.0953622090562734
5534,3.48909866540917,2.3836907499949533,1.1054079154142165
5535,3.5142178182724235,2.387526679842786,1.1266911384296376
5536,3.4497913740338904,2.322414282158709,1.1273770918751813
5537,3.4709459460638765,2.3638039674024554,1.1071419786614212
5538,3.4500029207061935,2.3072245506173634,1.14277837008883
5539,3.4320490558106274,2.309952866071554,1.1220961897390733
5540,3.430974525107104,2.2878514356401025,1.1431230894670015
5541,3.4707093163349128,2.3927056516438836,1.0780036646910292
5542,3.4844730546400413,2.342174168906158,1.1422988857338834
5543,3.490433891903196,2.4036727021017565,1.0867611898014395
5544,3.505297872619508,2.4623452226637323,1.0429526499557755
5545,3.3952337671431487,2.239483905182724,1.1557498619604245
5546,3.4328475559933906,2.2481135237688146,1.184734032224576
5547,3.5168386941957506,2.43575263797891,1.0810860562168405
5548,3.4242207042794677,2.3196994093321015,1.1045212949473662
5549,3.5062607150899514,2.4912202836279964,1.015040431461955
5550,3.4119115429456763,2.2535375560160547,1.1583739869296217
5551,3.450903343999904,2.280240360530931,1.170662983468973
5552,3.441609183610721,2.249493288449763,1.192115895160958
5553,3.4173586171070682,2.2738722827200557,1.1434863343870125
5554,3.4550921361989593,2.2932762738124177,1.1618158623865416
5555,3.511483532447621,2.36162638772525,1.1498571447223709
5556,3.4535903441767206,2.3627828723108677,1.090807471865853
5557,3.4874762478603287,2.3608425843643897,1.126633663495939
5558,3.381334241570375,2.2109072173502193,1.1704270242201558
5559,3.4268656175727887,2.23020819035394,1.1966574272188488
5560,3.5317987511473214,2.4788161020436252,1.0529826491036962
5561,3.5327166950783955,2.446396996886755,1.0863196981916405
5562,3.397383855746093,2.2688372697920274,1.1285465859540658
5563,3.497024767708217,2.368040666650838,1.1289841010573793
5564,3.5149987274069883,2.399612345284221,1.1153863821227672
5565,3.4961595525069034,2.4515977773631743,1.044561775143729
5566,3.450677476936527,2.3220896161120907,1.1285878608244362
5567,3.5145361698586783,2.5091771681257704,1.005359001732908
5568,3.475356033989523,2.3466952082482258,1.1286608257412971
5569,3.5056535059432714,2.3467446443399993,1.1589088616032721
5570,3.451141744832949,2.345575083910291,1.105566660922658
5571,3.5225950169627187,2.456185684134699,1.0664093328280195
5572,3.466925177144019,2.341358234382853,1.1255669427611656
5573,3.457102731250143,2.2816654932400255,1.1754372380101175
5574,3.4912921593625477,2.4221182431230766,1.0691739162394711
5575,3.4764463927058817,2.33045409940195,1.145992293303932
5576,3.4216347895715833,2.251998705759934,1.1696360838116493
5577,3.4598413811213833,2.335342621646169,1.1244987594752143
5578,3.4376139227547733,2.2706551852631995,1.1669587374915737
5579,3.3980535743810085,2.245596817408964,1.1524567569720445
5580,3.5121079207732535,2.391385229916959,1.1207226908562946
5581,3.4833873331272427,2.3325040050713692,1.1508833280558735
5582,3.5074089623386544,2.3885547049501628,1.1188542573884916
5583,3.459705646820133,2.3311148367847365,1.1285908100353965
5584,3.5037664715196284,2.3886394762904697,1.1151269952291587
5585,3.4461141592884417,2.2576947223103767,1.188419436978065
5586,3.5023344110290555,2.3726509792468073,1.1296834317822482
5587,3.5091307216633947,2.4095413714116845,1.0995893502517102
5588,3.4297084410348084,2.2641942054804725,1.165514235554336
5589,3.503489180415675,2.3625400974900574,1.1409490829256175
5590,3.4464344526055095,2.268905612935914,1.1775288396695953
5591,3.450916784110071,2.358313271306511,1.09260351280356
5592,3.5396588966273277,2.4567124880863638,1.082946408540964
5593,3.505868448320239,2.3586684382719985,1.1472000100482407
5594,3.5166781829859874,2.4371188567742297,1.0795593262117578
5595,3.503358678393306,2.4404017893839334,1.0629568890093726
5596,3.4455207087509363,2.282318342592533,1.1632023661584032
5597,3.461574992689834,2.33024056916832,1.1313344235215141
5598,3.468496683559117,2.354386347969389,1.1141103355897277
5599,3.401597756577545,2.236301522783869,1.1652962337936756
5600,3.402448728555527,2.1971013436817706,1.2053473848737566
5601,3.4874588458573603,2.360048317538283,1.1274105283190772
5602,3.53338308957109,2.458373194247668,1.0750098953234217
5603,3.525303825493246,2.456029515450409,1.0692743100428368
5604,3.4727888849944692,2.3802023676386836,1.0925865173557856
5605,3.523406121230155,2.4241934083285144,1.0992127129016405
5606,3.5380161602275906,2.4474728381562625,1.090543322071328
5607,3.4169112172650054,2.284696779366491,1.1322144378985142
5608,3.3834840424440658,2.2498490736480976,1.1336349687959681
5609,3.4991127710494707,2.380918490623751,1.1181942804257199
5610,3.4885314745575347,2.2988112258631763,1.1897202486943583
5611,3.4899795613247817,2.4148454814400093,1.0751340798847724
5612,3.4960079645602318,2.4149424904448824,1.0810654741153494
5613,3.460922719377244,2.342019719650163,1.118902999727081
5614,3.524021160996363,2.3919401351230136,1.1320810258733496
5615,3.4696601423908047,2.3480349098195425,1.1216252325712621
5616,3.448961105983297,2.3068975000463623,1.1420636059369347
5617,3.4453053761379646,2.275292259439611,1.1700131166983536
5618,3.4190474569309406,2.239046145039814,1.1800013118911266
5619,3.4710423030272533,2.399642589409838,1.0713997136174154
5620,3.4608869539507414,2.3674339712559047,1.0934529826948367
5621,3.48084504527115,2.3292036333537744,1.1516414119173755
5622,3.527355430457868,2.406937076533321,1.120418353924547
5623,3.5281613523046365,2.4354589271223577,1.0927024251822788
5624,3.5043486990463695,2.3528930262010963,1.1514556728452732
5625,3.390954263319699,2.232850004120244,1.158104259199455
5626,3.4259810842847753,2.3136339475068737,1.1123471367779016
5627,3.4560946309401372,2.2849027885545143,1.171191842385623
5628,3.5294317907371404,2.505625751064576,1.0238060396725643
5629,3.492645056271054,2.345716274322332,1.1469287819487222
5630,3.473481136131139,2.287040749647809,1.18644038648333
5631,3.481917650211833,2.3854053042728407,1.0965123459389923
5632,3.494740360607609,2.3670234801883003,1.1277168804193085
5633,3.470314429046454,2.314577802399028,1.155736626647426
5634,3.4908139758076713,2.369967142264223,1.1208468335434483
5635,3.4772177318594952,2.392085898305931,1.085131833553564
5636,3.4823740673242165,2.362321793969119,1.1200522733550975
5637,3.4300370697242246,2.2675708199111386,1.162466249813086
5638,3.4239443716048004,2.239113736199737,1.1848306354050635
5639,3.380725248915184,2.2049032472963632,1.1758220016188208
5640,3.4648767554464652,2.368090370553221,1.0967863848932442
5641,3.4536402238667283,2.3195546111566854,1.134085612710043
5642,3.4094332014307405,2.2344852761306577,1.1749479253000827
5643,3.5076905329662313,2.3931666404776037,1.1145238924886276
5644,3.398377105632523,2.30078516215212,1.0975919434804031
5645,3.41214002414413,2.1916017557543985,1.2205382683897317
5646,3.4203025133198204,2.2685844111056244,1.151718102214196
5647,3.42690346980963,2.246464695265976,1.1804387745436542
5648,3.478665247809734,2.3082542158574997,1.1704110319522343
5649,3.4343206812540474,2.270295071748965,1.1640256095050825
5650,3.4564520563363117,2.256660145042551,1.1997919112937607
5651,3.492498780057683,2.365157689165693,1.1273410908919903
5652,3.5030500569456926,2.382771197210008,1.1202788597356848
5653,3.454213086214683,2.2655122883098864,1.1887007979047968
5654,3.472828837813948,2.390537897878808,1.08229093993514
5655,3.422683096767354,2.28616268021518,1.1365204165521736
5656,3.370049931456824,2.1813653214043653,1.1886846100524586
5657,3.51471575101225,2.5271203570515137,0.9875953939607363
5658,3.3847434307822755,2.209881506118765,1.1748619246635106
5659,3.444944668332647,2.341727515695863,1.103217152636784
5660,3.531648492075083,2.430310345318822,1.101338146756261
5661,3.407201846147238,2.196219695019874,1.2109821511273644
5662,3.438871275691829,2.297808906147122,1.141062369544707
5663,3.4415339135625165,2.28683666186878,1.1546972516937366
5664,3.512450939797884,2.348174417771518,1.1642765220263658
5665,3.4107663400180965,2.2409892565857152,1.1697770834323813
5666,3.445031961169892,2.3289730296347892,1.1160589315351026
5667,3.527084966943037,2.46814430782836,1.0589406591146773
5668,3.4095490081360538,2.2626280410064274,1.1469209671296263
5669,3.4229081225900906,2.3120712196081192,1.1108369029819714
5670,3.4521709104558727,2.356275876999782,1.0958950334560909
5671,3.472196666867911,2.3267614494759097,1.1454352173920013
5672,3.5108213967727506,2.437563158130632,1.0732582386421186
5673,3.4335512933318535,2.33657439460462,1.0969768987272337
5674,3.481561871233657,2.364900661223345,1.116661210010312
5675,3.491083363492815,2.3569860247529166,1.1340973387398985
5676,3.438480053879713,2.26780627744834,1.1706737764313728
5677,3.4856387480698396,2.412015428614191,1.0736233194556486
5678,3.4340137883846196,2.23277274117032,1.2012410472142996
5679,3.532448280560982,2.436382657162757,1.0960656233982249
5680,3.487691879705851,2.3278505573023898,1.1598413224034614
5681,3.4413939698981815,2.263224295445799,1.1781696744523824
5682,3.4810753994109582,2.3477797872441184,1.1332956121668398
5683,3.514730420523571,2.390088627049544,1.1246417934740274
5684,3.4332255276943493,2.276332630678027,1.1568928970163221
5685,3.5079461130153895,2.483582964169479,1.0243631488459104
5686,3.4568594956938368,2.294474803978933,1.1623846917149039
5687,3.468318794603891,2.35052115631354,1.1177976382903512
5688,3.5231549134061733,2.4303033212017193,1.092851592204454
5689,3.4726908089341477,2.35997249055966,1.1127183183744878
5690,3.5289869337883424,2.4119488513781757,1.1170380824101667
5691,3.4270138266676202,2.288184375609816,1.1388294510578043
5692,3.4658665245342197,2.339814144637128,1.1260523798970916
5693,3.4162097754153637,2.2264297936713926,1.1897799817439711
5694,3.4589917050619987,2.288313388514907,1.1706783165470918
5695,3.5070480386316154,2.3569526706898922,1.1500953679417232
5696,3.4633978873612197,2.343155136191396,1.1202427511698239
5697,3.4513011191464065,2.3041797124338466,1.14712140671256
5698,3.4809584602428374,2.376727177339938,1.1042312829028993
5699,3.5238971116328703,2.4903134091731243,1.033583702459746
5700,3.472102903108715,2.336168286246532,1.1359346168621829
5701,3.442220500124568,2.303574663859387,1.138645836265181
5702,3.476723375565147,2.391851016703362,1.084872358861785
5703,3.505799436230184,2.4433529204168383,1.0624465158133458
5704,3.47521188023406,2.350938355012118,1.124273525221942
5705,3.4621640318213744,2.3373806253424365,1.124783406478938
5706,3.52388538796961,2.3670819012617064,1.1568034867079038
5707,3.4877095392347846,2.3251729465786704,1.1625365926561142
5708,3.4323255197192535,2.2571203458288185,1.175205173890435
5709,3.527727938630437,2.473836575931485,1.053891362698952
5710,3.495907558477698,2.2943821029062925,1.2015254555714057
5711,3.5035943995105616,2.4197935277610867,1.083800871749475
5712,3.4832198599152515,2.444406697943567,1.0388131619716847
5713,3.519316605981915,2.384618500759751,1.134698105222164
5714,3.495932168851897,2.357796895093818,1.138135273758079
5715,3.4367235404427667,2.3491404616840943,1.0875830787586724
5716,3.428516864423308,2.3053671849857476,1.1231496794375606
5717,3.5275023681851203,2.423547539919009,1.1039548282661111
5718,3.4532782552477346,2.288366234588048,1.1649120206596866
5719,3.508703839422271,2.4642581319783776,1.0444457074438933
5720,3.4273897585006674,2.263884614505551,1.1635051439951165
5721,3.3966574247270915,2.2114889323687748,1.1851684923583168
5722,3.4156390763652515,2.26586979803426,1.1497692783309916
5723,3.4428766571090734,2.2626900436560224,1.180186613453051
5724,3.3857770458028353,2.277978215509073,1.1077988302937625
5725,3.5113763627827903,2.443728574641661,1.0676477881411293
5726,3.513533230848389,2.4116702981055784,1.1018629327428107
5727,3.448378558577343,2.284990512245113,1.16338804633223
5728,3.4517515263155967,2.2815808203110053,1.1701707060045914
5729,3.529472980440646,2.4405820177629662,1.08889096267768
5730,3.521517067159183,2.395679726843514,1.1258373403156687
5731,3.475269765768919,2.4049606479168246,1.0703091178520943
5732,3.4735280415686627,2.302302024961237,1.1712260166074255
5733,3.5091069694131947,2.3923246920336725,1.1167822773795222
5734,3.5330125785930613,2.4323934902904116,1.1006190883026497
5735,3.5232695055022987,2.4633199748893437,1.059949530612955
5736,3.456124053225864,2.3038538741056263,1.1522701791202379
5737,3.4588848897359727,2.2921213599327626,1.1667635298032102
5738,3.438349547730485,2.272128852885636,1.1662206948448492
5739,3.527285175664247,2.417383291501611,1.1099018841626362
5740,3.4592471957081194,2.303031601378587,1.1562155943295322
5741,3.5235512723139184,2.4748496875718717,1.0487015847420467
5742,3.4837912739792656,2.341796250011466,1.1419950239677994
5743,3.4647430645052104,2.350970435606155,1.1137726288990555
5744,3.4550627913096226,2.238214120559845,1.2168486707497777
5745,3.475017019829622,2.366509277413138,1.1085077424164842
5746,3.4845931861990747,2.3320171067927653,1.1525760794063094
5747,3.498997815629231,2.419877198446039,1.0791206171831917
5748,3.4980670904188114,2.402332912217661,1.0957341782011505
5749,3.485695166069783,2.3517075322964236,1.1339876337733594
5750,3.401097501296263,2.209583549824827,1.1915139514714364
5751,3.507304296820267,2.382281839718821,1.125022457101446
5752,3.460567992514794,2.291906251625569,1.1686617408892253
5753,3.451842471004578,2.3325591003853146,1.1192833706192635
5754,3.4500292024925803,2.2541532322208413,1.195875970271739
5755,3.482882087338968,2.3464911827140136,1.1363909046249545
5756,3.477099771026133,2.3300752017760074,1.1470245692501257
5757,3.4031649309199357,2.2296757927306485,1.1734891381892871
5758,3.4744116344300076,2.320230062280142,1.1541815721498656
5759,3.415785652323885,2.3195724646120555,1.0962131877118297
5760,3.478901936206612,2.3310244216506173,1.1478775145559945
5761,3.461839225031473,2.3177949221822556,1.1440443028492173
5762,3.485462543311207,2.340541021205088,1.1449215221061193
5763,3.432858302284805,2.253844120341179,1.179014181943626
5764,3.456336990776627,2.291506267117055,1.1648307236595716
5765,3.5304159711749543,2.4726223039259643,1.05779366724899
5766,3.520567747944822,2.399145880290637,1.1214218676541847
5767,3.438380017555385,2.2911830452869695,1.1471969722684157
5768,3.443705033390149,2.274760473969556,1.1689445594205927
5769,3.4373737121435375,2.2711141114199065,1.166259600723631
5770,3.5082580053016224,2.3696313576232133,1.138626647678409
5771,3.4738008941619887,2.350776638842169,1.1230242553198195
5772,3.472647931141865,2.368564202000046,1.104083729141819
5773,3.417349316793094,2.259778818775708,1.1575704980173862
5774,3.515110658033077,2.405081980482377,1.1100286775506998
5775,3.4960914959077685,2.36724651165084,1.1288449842569284
5776,3.506828352746807,2.444924047004349,1.0619043057424578
5777,3.5268314741961824,2.4333573793253076,1.0934740948708748
5778,3.473610554113479,2.3298512485991743,1.1437593055143047
5779,3.4755586580864684,2.3296844611573526,1.1458741969291157
5780,3.4602301410352942,2.295254883891733,1.1649752571435612
5781,3.467457139814356,2.3767936177842697,1.0906635220300864
5782,3.4358440497368092,2.3083890659146378,1.1274549838221715
5783,3.4428657473587045,2.3455678928923653,1.0972978544663392
5784,3.486158622025499,2.313879493982945,1.1722791280425544
5785,3.4824485798322433,2.388094001665777,1.0943545781664663
5786,3.4587111075878942,2.3486440902005965,1.1100670173872977
5787,3.4455816799403545,2.3312058361575776,1.1143758437827769
5788,3.4773121609334696,2.3057853418409056,1.171526819092564
5789,3.4172694378218402,2.2937612382936434,1.1235081995281968
5790,3.4730929029188244,2.3670053197188916,1.1060875831999328
5791,3.4418837717167974,2.321835440564244,1.1200483311525535
5792,3.4775457740662468,2.3405389171102575,1.1370068569559892
5793,3.4091842262291663,2.268541166533438,1.1406430596957282
5794,3.4504591614125766,2.320503336062534,1.1299558253500428
5795,3.422776616663469,2.264602181213776,1.158174435449693
5796,3.496231026046007,2.3886428609011503,1.1075881651448567
5797,3.5241771589240134,2.4276853428536573,1.096491816070356
5798,3.496311004136907,2.3591519555535805,1.1371590485833267
5799,3.51927778317348,2.3574662862017477,1.1618114969717324
5800,3.4996437324169185,2.3205873755000748,1.1790563569168437
5801,3.432919019047713,2.278735669653003,1.1541833493947098
5802,3.5093756510412235,2.3620685995663124,1.147307051474911
5803,3.456187190043258,2.292488028177683,1.163699161865575
5804,3.5196726473054483,2.3958921191043667,1.1237805282010815
5805,3.4807728625634082,2.3474318981694653,1.133340964393943
5806,3.4855686673642756,2.3711440634240195,1.114424603940256
5807,3.423445285631693,2.273464319051566,1.1499809665801268
5808,3.4348622037205874,2.2961409271126523,1.138721276607935
5809,3.4067419527105787,2.236860707551477,1.1698812451591016
5810,3.4893141375026437,2.365063343881222,1.1242507936214219
5811,3.3841759402094285,2.2136064082944973,1.1705695319149312
5812,3.510292459449151,2.4003601387115987,1.1099323207375522
5813,3.495241560586882,2.3722900667571403,1.1229514938297416
5814,3.5124650690213723,2.437444668119153,1.0750204009022193
5815,3.4327725677104186,2.311479222468494,1.1212933452419245
5816,3.5289151838451986,2.435246065502069,1.0936691183431297
5817,3.4709247774500005,2.319997937618464,1.1509268398315364
5818,3.4142482934485905,2.2451889386156747,1.1690593548329158
5819,3.417056555950567,2.304674636655004,1.1123819192955628
5820,3.452898364580251,2.3328515954567863,1.1200467691234648
5821,3.5234727970670483,2.438925219869829,1.0845475771972195
5822,3.455656486865893,2.2746488524569806,1.1810076344089127
5823,3.47420705933118,2.348533575475382,1.1256734838557976
5824,3.5052239330538137,2.416343310438843,1.0888806226149708
5825,3.528011827455463,2.511397525599689,1.0166143018557738
5826,3.470725396921093,2.3096124658357877,1.1611129310853054
5827,3.4428443143237613,2.27811033331923,1.1647339810045314
5828,3.4801011148748366,2.308810769083638,1.1712903457911987
5829,3.3614644901745563,2.2041316118649177,1.1573328783096386
5830,3.4745338109826767,2.309768721311977,1.1647650896706998
5831,3.45319485350441,2.2968347065350345,1.1563601469693756
5832,3.5198860048419536,2.392050967473432,1.1278350373685218
5833,3.491248070359583,2.323539827300972,1.1677082430586112
5834,3.4549542914860605,2.261121820219972,1.1938324712660884
5835,3.4432393321206485,2.351419327290299,1.0918200048303497
5836,3.3696997218086904,2.200587309919175,1.1691124118895155
5837,3.5099198520465555,2.37106336855089,1.1388564834956654
5838,3.4078347600184635,2.2280319390983236,1.1798028209201399
5839,3.4436288595448996,2.3363963069827824,1.1072325525621172
5840,3.4698143719435217,2.339833939677457,1.129980432266065
5841,3.511589332762328,2.3786529782816914,1.1329363544806368
5842,3.4784849417015384,2.3130462050046745,1.165438736696864
5843,3.475750627177723,2.3585166124496237,1.1172340147280995
5844,3.483087285726531,2.3498046289541974,1.1332826567723338
5845,3.4451411910946472,2.2888914630003314,1.1562497280943158
5846,3.5234696290626184,2.4031066462169006,1.1203629828457178
5847,3.5172532245544574,2.3933502436692193,1.123902980885238
5848,3.5188780356960825,2.4486455141205297,1.0702325215755528
5849,3.5170274824645893,2.493114240377563,1.0239132420870263
5850,3.4554568412219258,2.3073066187789424,1.1481502224429834
5851,3.498671352173092,2.388021067401702,1.1106502847713897
5852,3.4959245497448657,2.3944798400000384,1.1014447097448272
5853,3.517573946078647,2.3847709075643153,1.1328030385143317
5854,3.42140779188209,2.2506435062405017,1.1707642856415883
5855,3.506592322264602,2.388340078443843,1.1182522438207592
5856,3.4762255735412575,2.3513329927934343,1.1248925807478232
5857,3.4062004787760327,2.2689638809469987,1.137236597829034
5858,3.4535634979397107,2.352464763036496,1.1010987349032146
5859,3.446032583796343,2.267295572335599,1.1787370114607438
5860,3.51932952377451,2.360482563966228,1.1588469598082818
5861,3.4608343918531608,2.3372333490461834,1.1236010428069774
5862,3.4611542399467154,2.3377060896282003,1.1234481503185152
5863,3.413492612913845,2.315669212561521,1.0978234003523242
5864,3.4824160490053973,2.372504754451809,1.109911294553588
5865,3.419988334156079,2.2819968383789324,1.1379914957771464
5866,3.4261649954157742,2.251345819327729,1.1748191760880453
5867,3.5301798431275304,2.387820424361221,1.1423594187663095
5868,3.517441393087867,2.363902946686294,1.1535384464015728
5869,3.4905045584420082,2.3827152350954544,1.107789323346554
5870,3.5381553229205864,2.452776097539822,1.0853792253807644
5871,3.5240306823142875,2.423921974048377,1.1001087082659105
5872,3.440628053046701,2.388515654047433,1.052112398999268
5873,3.465527549121079,2.311549278536459,1.15397827058462
5874,3.4661635171300613,2.355562163354269,1.1106013537757922
5875,3.473681918965685,2.3687111772288563,1.1049707417368286
5876,3.522260941944152,2.4282540526368956,1.0940068893072565
5877,3.5105050367887904,2.457735297207262,1.0527697395815285
5878,3.4494346746938582,2.3151871840268266,1.1342474906670317
5879,3.5302896080256376,2.4861978541948337,1.0440917538308039
5880,3.47053760682871,2.3522603520310303,1.1182772547976798
5881,3.5203563564599167,2.4074964870954463,1.1128598693644705
5882,3.5291128472596163,2.4105795190139214,1.1185333282456948
5883,3.4846281920372326,2.407951501726568,1.0766766903106646
5884,3.5012340865524223,2.473293133101151,1.0279409534512713
5885,3.43416131779362,2.2500657535439013,1.1840955642497186
5886,3.4626359050716817,2.273986266687403,1.1886496383842786
5887,3.453734777743005,2.333518395014321,1.120216382728684
5888,3.4893419678579893,2.3539221208421686,1.1354198470158208
5889,3.5199004163165633,2.4105465538369497,1.1093538624796135
5890,3.4502168696510136,2.334724954711096,1.1154919149399176
5891,3.4435256942755847,2.26578983185343,1.1777358624221548
5892,3.4756491403207606,2.405519421797647,1.0701297185231136
5893,3.534126785595789,2.379649160376933,1.1544776252188558
5894,3.4622241955020114,2.298763554751791,1.1634606407502206
5895,3.4645980499815465,2.3361230056958675,1.128475044285679
5896,3.4836987425273858,2.3279206348520622,1.1557781076753235
5897,3.4472175833258474,2.2778013024056456,1.1694162809202018
5898,3.5248758004380827,2.3965675821126107,1.128308218325472
5899,3.515004709140227,2.402749118982042,1.1122555901581848
5900,3.4708200553387285,2.347327120260848,1.1234929350778806
5901,3.524148112065035,2.4215731568401817,1.1025749552248532
5902,3.5166077568201186,2.3981549778325064,1.1184527789876122
5903,3.5011497001667347,2.4119742165110867,1.089175483655648
5904,3.508850161709011,2.4254760950805263,1.0833740666284846
5905,3.4710515465988543,2.3443581706511187,1.1266933759477356
5906,3.4708684651172685,2.321329416021552,1.1495390490957167
5907,3.4873893314159576,2.4000069268448474,1.0873824045711102
5908,3.4687214471093823,2.3345048369974135,1.1342166101119688
5909,3.505566310982193,2.3836080181552264,1.1219582928269665
5910,3.473280519338209,2.337349663251341,1.1359308560868677
5911,3.388359677787426,2.213369100569785,1.174990577217641
5912,3.5356824025557576,2.4423867512089275,1.0932956513468302
5913,3.480876970489488,2.3277380166048616,1.1531389538846266
5914,3.483187867977736,2.3311122878772768,1.1520755801004592
5915,3.4384233336460106,2.2455938420741868,1.1928294915718238
5916,3.497831701837306,2.4080915264736484,1.0897401753636577
5917,3.4404820557181384,2.285374082008449,1.1551079737096894
5918,3.468347161046487,2.339184071675721,1.129163089370766
5919,3.5027615834261088,2.3354849746747757,1.167276608751333
5920,3.4796369285743487,2.3331695447734404,1.1464673838009083
5921,3.478013878147551,2.351266302002306,1.1267475761452448
5922,3.510303171003976,2.3872516646819286,1.1230515063220472
5923,3.486327282520307,2.356108576420495,1.1302187060998117
5924,3.5048512020616567,2.427644059060561,1.0772071430010959
5925,3.5314699889378063,2.4469390443250267,1.0845309446127795
5926,3.4618257828878045,2.371002411511539,1.0908233713762656
5927,3.4824067559272494,2.340018695782486,1.1423880601447634
5928,3.4723930957900775,2.343596680830489,1.1287964149595884
5929,3.522953001037561,2.4673228426952085,1.0556301583423524
5930,3.48108926122139,2.321291066610149,1.1597981946112412
5931,3.462595253283262,2.2992168121711036,1.1633784411121582
5932,3.4852493454403612,2.3699275961187634,1.1153217493215979
5933,3.5262274869348333,2.481709428924973,1.0445180580098605
5934,3.5148595783537333,2.3785769010879148,1.1362826772658186
5935,3.483173567142738,2.409418871864919,1.073754695277819
5936,3.451338691821774,2.3162885206064363,1.1350501712153376
5937,3.38718796264017,2.2376329185044597,1.1495550441357105
5938,3.4290920087256533,2.2878713069172263,1.141220701808427
5939,3.494951765969626,2.3651369534033333,1.1298148125662926
5940,3.449125116666374,2.2833734287685905,1.1657516878977834
5941,3.4616755305667812,2.3188158701364774,1.1428596604303038
5942,3.4607230105692977,2.375792118898952,1.0849308916703455
5943,3.462435104804729,2.337866738297867,1.1245683665068622
5944,3.4790742980954357,2.3354596698309917,1.143614628264444
5945,3.5341636748815355,2.4870585624689325,1.047105112412603
5946,3.523820223557238,2.4161101898599218,1.107710033697316
5947,3.5084227588506534,2.417432973087992,1.0909897857626611
5948,3.495251080462766,2.3773854148234252,1.1178656656393406
5949,3.4775354981225077,2.3407976288509578,1.13673786927155
5950,3.511996691476306,2.407857527439462,1.104139164036844
5951,3.4467225243069524,2.3030414007812126,1.1436811235257398
5952,3.4847158202441886,2.3720879945210434,1.1126278257231452
5953,3.494430166132267,2.326834254343556,1.1675959117887111
5954,3.5066189635641547,2.3610179691790365,1.1456009943851182
5955,3.436860054685036,2.265341271182555,1.171518783502481
5956,3.423462135271617,2.2499692468809775,1.1734928883906393
5957,3.5201749076847446,2.390092274448076,1.1300826332366687
5958,3.473459060945096,2.3516307411605033,1.1218283197845929
5959,3.493679833065719,2.4051434103354623,1.0885364227302565
5960,3.4474013960578977,2.360951421943579,1.0864499741143185
5961,3.414077221452048,2.2649215496909116,1.1491556717611364
5962,3.504413393631458,2.3625210440956814,1.1418923495357767
5963,3.4496599395819265,2.2808449245621323,1.1688150150197942
5964,3.418102235979277,2.25287418101575,1.165228054963527
5965,3.443756045611484,2.3050388851005104,1.1387171605109736
5966,3.449131571949925,2.3338720141513125,1.1152595577986126
5967,3.459952282212756,2.3354327396456807,1.1245195425670755
5968,3.4538640792198607,2.295329611848932,1.1585344673709286
5969,3.4701917546898295,2.320131347476138,1.1500604072136915
5970,3.455085800657686,2.2733092055922617,1.1817765950654242
5971,3.4640806422992476,2.339877401467089,1.1242032408321587
5972,3.4317307765882483,2.3014979127357904,1.130232863852458
5973,3.513726748673523,2.410043458973989,1.1036832896995339
5974,3.517016718285163,2.4010712065817383,1.1159455117034245
5975,3.4790788845616474,2.3397287238751763,1.139350160686471
5976,3.473158661266626,2.3677544247449673,1.1054042365216588
5977,3.4691093035382567,2.3537754912740048,1.115333812264252
5978,3.521955313498428,2.3847826570274155,1.1371726564710123
5979,3.513704224604932,2.4367781796556676,1.0769260449492646
5980,3.4673263841805855,2.3319744878383943,1.1353518963421911
5981,3.515471319662548,2.3583400123689224,1.1571313072936258
5982,3.453825893823044,2.309069711292136,1.1447561825309083
5983,3.48759178523732,2.365165295683204,1.1224264895541163
5984,3.469304133406369,2.3058145307732554,1.1634896026331134
5985,3.4523174720278056,2.2992024542019,1.1531150178259058
5986,3.460834409870982,2.3140925456110804,1.1467418642599014
5987,3.4380124561372054,2.2824606005715586,1.1555518555656468
5988,3.5342810572304693,2.44606293960716,1.0882181176233092
5989,3.412294892045128,2.308006933831791,1.1042879582133374
5990,3.455165921062388,2.2912875348605284,1.1638783862018598
5991,3.4553513200012613,2.336025487780847,1.1193258322204143
5992,3.4980918359274336,2.368560424648563,1.1295314112788706
5993,3.50890909144852,2.3924258032767973,1.1164832881717226
5994,3.418725330568479,2.2512150345567186,1.1675102960117605
5995,3.5340786027714866,2.41210685811323,1.1219717446582567
5996,3.527955099087987,2.408232334710281,1.119722764377706
5997,3.4874165674210964,2.3007253965908476,1.1866911708302488
5998,3.482134265589988,2.353406002720423,1.128728262869565
5999,3.4679629816211546,2.2940757706639396,1.173887210957215
6000,3.42201674167559,2.269610837009162,1.152405904666428
6001,3.5221367767695924,2.4303055819608823,1.09183119480871
6002,3.511561370201261,2.3582611641228386,1.1533002060784225
6003,3.478122264529478,2.3704024585518484,1.1077198059776294
6004,3.4125564952330723,2.2793624443495966,1.1331940508834757
6005,3.412933172707971,2.197300691927951,1.2156324807800196
6006,3.4808478670649228,2.337351717553086,1.143496149511837
6007,3.4789439754880527,2.329105838440509,1.149838137047544
6008,3.4649026816853854,2.357429111697377,1.1074735699880085
6009,3.4610760657908894,2.3445519988394516,1.1165240669514378
6010,3.4488708068455827,2.2889640754663945,1.1599067313791882
6011,3.5264905949631653,2.4298780610466975,1.0966125339164678
6012,3.456564545778237,2.31532613148266,1.141238414295577
6013,3.4167502628192246,2.259264546052128,1.1574857167670967
6014,3.5239688967471285,2.41996200136507,1.1040068953820588
6015,3.4628962019688845,2.3436117388434714,1.119284463125413
6016,3.494323097698073,2.3421136171377888,1.152209480560284
6017,3.4841588187246804,2.336435672257656,1.1477231464670243
6018,3.4248136946824714,2.2740700763226163,1.1507436183598552
6019,3.4551387973960277,2.382263846411962,1.0728749509840658
6020,3.444447967139266,2.2746032186422735,1.1698447484969923
6021,3.510550849590258,2.4133863660555512,1.0971644835347067
6022,3.4643248816705348,2.3797952527033406,1.0845296289671942
6023,3.444931481712587,2.2561608818025674,1.1887705999100198
6024,3.427250567794645,2.295259168474388,1.131991399320257
6025,3.464283144331849,2.3468457394156883,1.1174374049161608
6026,3.470144858273586,2.331505268223746,1.13863959004984
6027,3.520809112442011,2.4071972935183026,1.1136118189237085
6028,3.4470803993521253,2.289364675073175,1.1577157242789502
6029,3.441978033254611,2.2587380466190146,1.1832399866355963
6030,3.4734922931931465,2.3302354133592775,1.143256879833869
6031,3.5173607441592054,2.389924243843538,1.1274365003156674
6032,3.504662830118066,2.4535519098161984,1.0511109203018676
6033,3.5050600491160426,2.3822199234294863,1.1228401256865563
6034,3.4274581663643295,2.2351187698841017,1.1923393964802278
6035,3.511614967478788,2.400360942606475,1.1112540248723128
6036,3.4455988905087245,2.2984643287222175,1.147134561786507
6037,3.5052009855862982,2.392077258879388,1.11312372670691
6038,3.4444609151834213,2.2831631308270333,1.161297784356388
6039,3.5112126257090894,2.4099821362469247,1.1012304894621647
6040,3.510812769549194,2.432062315236646,1.0787504543125483
6041,3.46952477977552,2.3381666029825143,1.1313581767930057
6042,3.4548565235780653,2.272589720623496,1.1822668029545693
6043,3.5084922456935494,2.3929064420697794,1.11558580362377
6044,3.4298040050549417,2.234680439385678,1.1951235656692636
6045,3.5146379587962766,2.4023416706306304,1.1122962881656462
6046,3.49701478566065,2.374270672174035,1.1227441134866147
6047,3.484374591176058,2.3680615861344854,1.1163130050415728
6048,3.5022813104010764,2.387760418545584,1.1145208918554923
6049,3.4784697781181446,2.30069938937484,1.1777703887433044
6050,3.388098419180953,2.1904323921475144,1.1976660270334385
6051,3.4961690081028225,2.3579401338654615,1.138228874237361
6052,3.518355598151485,2.459136588738443,1.059219009413042
6053,3.5288092026317286,2.400927759824347,1.1278814428073818
6054,3.3724714249438623,2.16097385912036,1.2114975658235023
6055,3.4766891326242337,2.320927179718463,1.1557619529057708
6056,3.4688878365334013,2.37430147756287,1.0945863589705311
6057,3.4595265030589246,2.37934724847745,1.0801792545814748
6058,3.471729272685038,2.324053562143163,1.1476757105418751
6059,3.49717937113677,2.375353616225746,1.1218257549110238
6060,3.5226151487391233,2.4248157555367507,1.0977993932023726
6061,3.4705708892687253,2.3397463446322098,1.1308245446365155
6062,3.485690391466615,2.3248806842373826,1.1608097072292325
6063,3.4586913139069217,2.286917688810438,1.1717736250964839
6064,3.544939824596649,2.4622634841158337,1.0826763404808153
6065,3.5070194977381997,2.418731729362393,1.0882877683758068
6066,3.5077795952626625,2.367116551298758,1.1406630439639045
6067,3.4742191117867463,2.374271428818882,1.0999476829678643
6068,3.4652389280657765,2.298741255778447,1.1664976722873295
6069,3.5177325463628093,2.449088023541004,1.0686445228218053
6070,3.4578734879663244,2.3562094470466386,1.1016640409196858
6071,3.4654240785425863,2.340444849750738,1.1249792287918483
6072,3.4606503803025936,2.3509817699690116,1.109668610333582
6073,3.40194296525915,2.2259069827649833,1.1760359824941666
6074,3.433521519411187,2.3149983153524327,1.1185232040587545
6075,3.4937432953993413,2.371554422867916,1.1221888725314253
6076,3.464527374720511,2.3355117478434706,1.1290156268770404
6077,3.479601009689718,2.337407177174322,1.142193832515396
6078,3.4686637177687127,2.338569088153749,1.1300946296149639
6079,3.4673401454647816,2.348201623115977,1.1191385223488046
6080,3.4885410495002476,2.340486515859527,1.1480545336407206
6081,3.493426130664327,2.392266421982742,1.101159708681585
6082,3.537868825286263,2.443276117777058,1.094592707509205
6083,3.534097588567184,2.443204771657593,1.0908928169095908
6084,3.4796397392208136,2.370197297013111,1.1094424422077025
6085,3.46242918501544,2.2860553017633594,1.1763738832520807
6086,3.516900155452009,2.392802097581975,1.1240980578700341
6087,3.517223138826037,2.4320017460890253,1.0852213927370116
6088,3.449598555909071,2.3122245469764717,1.1373740089325994
6089,3.4639809022300048,2.298517061560858,1.1654638406691467
6090,3.510602706402515,2.4097149246342306,1.1008877817682845
6091,3.504372795991935,2.3815701374713028,1.1228026585206323
6092,3.513331000987979,2.4542267175267622,1.0591042834612168
6093,3.4527265168949275,2.292852529442999,1.1598739874519284
6094,3.4711985375425685,2.394199620188095,1.0769989173544734
6095,3.470187142638983,2.400484833826376,1.069702308812607
6096,3.378479678630152,2.219780127736769,1.1586995508933833
6097,3.487302543155225,2.3992539595003985,1.0880485836548264
6098,3.530832150484038,2.456483122883266,1.0743490276007717
6099,3.4115933275877883,2.2353533250730435,1.1762400025147448
6100,3.496647337431243,2.3517379553145985,1.1449093821166443
6101,3.418922865907041,2.263306151104601,1.15561671480244
6102,3.4352226833649904,2.244944758098183,1.1902779252668072
6103,3.4490551861313663,2.3279680734666366,1.1210871126647297
6104,3.534033887283248,2.4598305724978573,1.0742033147853909
6105,3.487067316942486,2.376805620404371,1.1102616965381151
6106,3.464092881530809,2.329426737285277,1.1346661442455321
6107,3.5083241025039484,2.4350703808790146,1.0732537216249338
6108,3.4601837831859186,2.328563875880796,1.1316199073051227
6109,3.4539227357791837,2.346229435143474,1.10769330063571
6110,3.39775954822416,2.233737506301914,1.1640220419222462
6111,3.4526900327127996,2.272192741359824,1.1804972913529754
6112,3.5090187493353513,2.4736090155820047,1.0354097337533466
6113,3.429038721540922,2.261686655976465,1.1673520655644571
6114,3.5131920237639296,2.369504902315041,1.1436871214488886
6115,3.4517989452769733,2.321710540147913,1.1300884051290603
6116,3.467661886570905,2.3143168035345316,1.1533450830363732
6117,3.4174128518396287,2.2489005535304365,1.1685122983091922
6118,3.491950784466954,2.331688009704349,1.160262774762605
6119,3.4916299721865154,2.347006095254234,1.1446238769322812
6120,3.432289375021328,2.2814812422674087,1.1508081327539195
6121,3.455349941981481,2.363045081943354,1.0923048600381269
6122,3.4337400469207844,2.3169537498734867,1.1167862970472977
6123,3.437638515999983,2.300253830979011,1.137384685020972
6124,3.3882837783936703,2.2077770417532045,1.1805067366404658
6125,3.454196618872422,2.2943929491713853,1.1598036697010365
6126,3.3982714925320305,2.215142095151665,1.1831293973803656
6127,3.4958099562256955,2.3810285149289725,1.114781441296723
6128,3.522113940105152,2.393281027765199,1.128832912339953
6129,3.4805333430115732,2.342025027535869,1.138508315475704
6130,3.461088957344189,2.3439822200757376,1.1171067372684513
6131,3.5187995649238464,2.3856019418703887,1.1331976230534577
6132,3.4799717345258308,2.3751435830983394,1.1048281514274914
6133,3.462780628636656,2.351589765362044,1.111190863274612
6134,3.5013558134817493,2.42490544130171,1.0764503721800391
6135,3.46888311745874,2.31202153221636,1.15686158524238
6136,3.511606282428218,2.3637046278628646,1.1479016545653535
6137,3.5290814224744858,2.4119149198593295,1.1171665026151563
6138,3.452688227429994,2.3203650611231246,1.1323231663068696
6139,3.513230476153855,2.3539308450863645,1.1592996310674906
6140,3.518599436669244,2.3829865426400416,1.1356128940292023
6141,3.460948713335419,2.3334422599527804,1.1275064533826384
6142,3.512930120062637,2.4601560289657622,1.0527740910968748
6143,3.4400571604328722,2.269817105736267,1.1702400546966052
6144,3.4321298977410253,2.3109519167077237,1.1211779810333016
6145,3.4578210937441627,2.2829712591325575,1.1748498346116052
6146,3.5165945039561337,2.402133253787147,1.1144612501689868
6147,3.529425526377251,2.4306239339951494,1.0988015923821015
6148,3.54406487721861,2.5044656577680913,1.0395992194505186
6149,3.4923473854091136,2.359316627507546,1.1330307579015675
6150,3.5004430947990333,2.432863300789119,1.067579794009914
6151,3.4231697246057853,2.3297795293111947,1.0933901952945906
6152,3.4265121122553373,2.234947350629794,1.1915647616255431
6153,3.4242479530969065,2.281316911876722,1.1429310412201845
6154,3.5183179511763742,2.4195090860319564,1.098808865144418
6155,3.512630045486782,2.4368509836176413,1.0757790618691407
6156,3.5126755819605537,2.3831116084285884,1.1295639735319654
6157,3.466273808692035,2.318887800644379,1.147386008047656
6158,3.4742614560346077,2.2958529428303103,1.1784085132042974
6159,3.5051600075965514,2.408433841954755,1.0967261656417966
6160,3.4440631842160028,2.2672522458332707,1.176810938382732
6161,3.455874583603286,2.308461363068003,1.1474132205352827
6162,3.513326737084864,2.378899124934659,1.1344276121502048
6163,3.515393281756431,2.421685791114934,1.093707490641497
6164,3.4952675472076637,2.3145725094517755,1.1806950377558882
6165,3.478904451532644,2.338872914958978,1.140031536573666
6166,3.428147027435568,2.3259106001006318,1.1022364273349363
6167,3.425085149433734,2.2730485329801136,1.1520366164536204
6168,3.4739639690546666,2.3073089222146903,1.1666550468399763
6169,3.512021961534254,2.3561338387150483,1.1558881228192055
6170,3.4673106059104573,2.325158204986823,1.1421524009236341
6171,3.3996012949680647,2.261007875092039,1.1385934198760257
6172,3.4517131118613937,2.262142655869759,1.189570455991635
6173,3.4374110955402837,2.237784230832128,1.1996268647081556
6174,3.435581738207898,2.252630457161076,1.182951281046822
6175,3.447521236835481,2.286613109227729,1.160908127607752
6176,3.5108122096658643,2.4544847157721104,1.056327493893754
6177,3.4927450724277573,2.4222908502114415,1.0704542222163158
6178,3.451994274494718,2.3443989053169663,1.1075953691777518
6179,3.5094719924190194,2.3757205421366603,1.1337514502823591
6180,3.4909650857651475,2.345075768235765,1.1458893175293827
6181,3.474311849689473,2.373060730113341,1.101251119576132
6182,3.484893974361476,2.402344181247335,1.0825497931141408
6183,3.414398910006538,2.2078388420044406,1.2065600680020974
6184,3.451516941203019,2.2808891101437747,1.1706278310592442
6185,3.452740972583052,2.29606393986387,1.1566770327191818
6186,3.4456650137209204,2.2966731718875697,1.1489918418333507
6187,3.469627413383034,2.3806549641950947,1.0889724491879393
6188,3.4798730506881532,2.35063101923165,1.1292420314565033
6189,3.4281641900406536,2.299647577533034,1.1285166125076196
6190,3.487260622263647,2.3247872906710967,1.1624733315925502
6191,3.4961074613495584,2.361485877397321,1.1346215839522373
6192,3.4787009962276265,2.2982475409646934,1.180453455262933
6193,3.4797764883687865,2.3359374344761736,1.1438390538926129
6194,3.46764249349649,2.3575419566216356,1.1101005368748544
6195,3.4387052907375186,2.289047145564184,1.1496581451733348
6196,3.4788983233833726,2.3387097951122477,1.1401885282711248
6197,3.511644489058102,2.456901709013407,1.0547427800446951
6198,3.505621332923802,2.3630982689335385,1.1425230639902635
6199,3.5150193704009767,2.5444494153762047,0.970569955024772
6200,3.479253052038091,2.384864455557046,1.094388596481045
6201,3.482264909483936,2.382383929819885,1.099880979664051
6202,3.5263352287749608,2.465675401617132,1.0606598271578287
6203,3.434980004802682,2.3528917655189345,1.0820882392837476
6204,3.52933158163904,2.41657383226409,1.1127577493749499
6205,3.455092389678336,2.2912823950703305,1.1638099946080054
6206,3.43148622193855,2.318274856461549,1.1132113654770008
6207,3.481883407095396,2.3062887065841298,1.1755947005112661
6208,3.519192361152653,2.4136591030121863,1.1055332581404667
6209,3.4610933280669043,2.324957440042728,1.1361358880241763
6210,3.3477180094053134,2.159800960792273,1.1879170486130404
6211,3.4231830614637953,2.246408020746516,1.1767750407172795
6212,3.4680240804368196,2.3025361085230505,1.1654879719137692
6213,3.4757653711275207,2.3726322204067456,1.1031331507207751
6214,3.4590339276125324,2.3220269588135136,1.1370069687990187
6215,3.4969447669706013,2.375048258166197,1.1218965088044044
6216,3.5233400986775014,2.4246235165670083,1.0987165821104932
6217,3.4878002369498127,2.3787148697811977,1.109085367168615
6218,3.4800742666017928,2.376598220590881,1.1034760460109116
6219,3.5390670769486787,2.4265037638478186,1.11256331310086
6220,3.525252118374303,2.4014893623974425,1.1237627559768604
6221,3.4950438664219647,2.4023241539442,1.0927197124777646
6222,3.5195824795865316,2.4254079170474245,1.094174562539107
6223,3.417086995875142,2.2676791289876754,1.1494078668874668
6224,3.4411717622306623,2.286013809433642,1.1551579527970204
6225,3.502086780734022,2.3585173061024354,1.1435694746315868
6226,3.4673587124951366,2.4141334993078187,1.0532252131873179
6227,3.4403260815648515,2.252305722718549,1.1880203588463027
6228,3.4491041992078144,2.3130609999816882,1.1360431992261262
6229,3.453547671127083,2.3179641942990714,1.1355834768280118
6230,3.5229439532767866,2.4378250705867925,1.085118882689994
6231,3.434145078645601,2.3714254547665377,1.0627196238790635
6232,3.472824845270867,2.4181926268798377,1.0546322183910295
6233,3.51054604187491,2.4230997357359616,1.0874463061389483
6234,3.5078834019827037,2.3836235443519156,1.124259857630788
6235,3.5013648385306047,2.3787281554308706,1.122636683099734
6236,3.4912401379560047,2.370227590464225,1.1210125474917798
6237,3.470695395890496,2.3878235889001114,1.0828718069903847
6238,3.4303969931065046,2.3253902215126376,1.105006771593867
6239,3.4829618548066863,2.384231874205308,1.0987299806013784
6240,3.5234477677183818,2.435082037552589,1.0883657301657927
6241,3.3951350873643977,2.2178524485312003,1.1772826388331974
6242,3.443071431353662,2.372421445458317,1.0706499858953449
6243,3.5117176938577437,2.3743013168208598,1.137416377036884
6244,3.514787784192038,2.440822946287633,1.0739648379044051
6245,3.4776349815154437,2.307885206329437,1.1697497751860069
6246,3.5187441840606546,2.442357278912366,1.0763869051482886
6247,3.4448641655228234,2.3501907367047195,1.094673428818104
6248,3.4675534448855614,2.364789362558776,1.1027640823267855
6249,3.5255595040803844,2.4638548351239944,1.06170466895639
6250,3.4825337640421328,2.3532959533872853,1.1292378106548475
6251,3.495434310010469,2.311036052781986,1.1843982572284828
6252,3.35818411909268,2.2021550997404944,1.1560290193521858
6253,3.479135855834322,2.3714419195569008,1.1076939362774212
6254,3.5279120361504392,2.4806387120831634,1.0472733240672758
6255,3.495394978950503,2.3778093329895156,1.1175856459609874
6256,3.5219294819087237,2.4521788462561354,1.0697506356525883
6257,3.4460839709304345,2.311117259053672,1.1349667118767623
6258,3.416065922252499,2.266874835900765,1.1491910863517338
6259,3.500556810123228,2.334951813911046,1.1656049962121822
6260,3.474841452758435,2.3541322901146704,1.1207091626437644
6261,3.45091537491286,2.3363182046546647,1.1145971702581954
6262,3.4725681272290108,2.3376052299149674,1.1349628973140433
6263,3.45216636033206,2.269412734820403,1.1827536255116566
6264,3.514386948281673,2.3667915074516914,1.1475954408299818
6265,3.474770006701358,2.3347926129580774,1.1399773937432807
6266,3.3970077864759256,2.2080351943369676,1.188972592138958
6267,3.4775085094452023,2.347937879362426,1.1295706300827764
6268,3.4327276961319186,2.3359166407436747,1.096811055388244
6269,3.5091945997121927,2.358289427643638,1.1509051720685548
6270,3.5147806298750717,2.34848581841578,1.1662948114592915
6271,3.4832278390127627,2.4223256566863824,1.0609021823263802
6272,3.4798381904616327,2.323311381759492,1.1565268087021408
6273,3.479219726913024,2.3262879875618445,1.1529317393511795
6274,3.47947727756589,2.3198115438025875,1.1596657337633025
6275,3.4623604967994224,2.3476082618281158,1.1147522349713066
6276,3.527977821817084,2.427748633867879,1.1002291879492052
6277,3.4710171845072724,2.2895826836881623,1.18143450081911
6278,3.456418128891029,2.32538919212324,1.1310289367677893
6279,3.4688104685068875,2.3105435059402533,1.1582669625666342
6280,3.411888669097499,2.269379719269215,1.1425089498282839
6281,3.4949203260460213,2.461905372615728,1.0330149534302935
6282,3.4936976165428995,2.3496125471253726,1.1440850694175269
6283,3.504529776084709,2.358050145595848,1.1464796304888614
6284,3.5135551428327974,2.366274532602814,1.1472806102299833
6285,3.549820863602179,2.4583265713221234,1.0914942922800557
6286,3.438894025193522,2.2608349357739805,1.1780590894195413
6287,3.478640286808576,2.3334471133723023,1.1451931734362737
6288,3.4991072927563764,2.3759966921920106,1.1231106005643658
6289,3.4352782159009947,2.2563898554293442,1.1788883604716505
6290,3.452521702376398,2.2644995309104266,1.1880221714659713
6291,3.440556624260827,2.3151861607524324,1.1253704635083945
6292,3.4206702650882006,2.2651298764010726,1.155540388687128
6293,3.5138703206720185,2.4332662413202177,1.0806040793518008
6294,3.4905371806592296,2.4008992690821005,1.089637911577129
6295,3.410464360494119,2.233398921580502,1.1770654389136173
6296,3.4599882948395715,2.3465585688374118,1.1134297260021597
6297,3.4646433442338704,2.366461188038833,1.0981821561950373
6298,3.5091168051611326,2.441498551112,1.0676182540491324
6299,3.392979759300042,2.300687571612909,1.092292187687133
6300,3.4763602875850292,2.3949915765220715,1.0813687110629577
6301,3.4147581598879,2.251225728063255,1.1635324318246454
6302,3.4376961238935126,2.2647347975050596,1.172961326388453
6303,3.5215024908452968,2.387797024466727,1.13370546637857
6304,3.4949904822528373,2.3991224387044046,1.0958680435484327
6305,3.49152568288093,2.4022194177491443,1.0893062651317855
6306,3.499991646406073,2.3683260701958933,1.13166557621018
6307,3.416898599299962,2.30707683600136,1.1098217632986018
6308,3.465429792861177,2.3423770075488966,1.1230527853122805
6309,3.4983912805407797,2.3883305924227676,1.1100606881180122
6310,3.5103761674193583,2.400469465260063,1.1099067021592952
6311,3.4926576208219067,2.3593480881377964,1.1333095326841103
6312,3.3929331946190575,2.2355405921043756,1.157392602514682
6313,3.497106449606192,2.337632005352582,1.1594744442536098
6314,3.5007566969899417,2.4352471803273765,1.0655095166625652
6315,3.4750416575618903,2.354514231774038,1.1205274257878521
6316,3.433975634724221,2.2899761680624136,1.1439994666618074
6317,3.4798834352919608,2.3022978569925128,1.177585578299448
6318,3.456171103704301,2.271734314274161,1.1844367894301402
6319,3.432764938777934,2.2899173091413147,1.1428476296366195
6320,3.4471323078395004,2.386725702156056,1.0604066056834442
6321,3.47359518069881,2.347225563485493,1.1263696172133173
6322,3.518967523239538,2.3868365137928054,1.1321310094467325
6323,3.507167718494057,2.3683402640220543,1.1388274544720027
6324,3.4852165482120094,2.4097400895004144,1.075476458711595
6325,3.49988014669259,2.31908996537108,1.1807901813215103
6326,3.433428782276876,2.2333829711798265,1.2000458110970493
6327,3.524647039111629,2.465604975346578,1.0590420637650508
6328,3.5156650776175913,2.4169877453235102,1.098677332294081
6329,3.484027308765903,2.3637134458130915,1.1203138629528113
6330,3.415100678313287,2.26590127625728,1.149199402056007
6331,3.449422430485678,2.2655038129251786,1.1839186175604994
6332,3.474400656337524,2.3312426166870295,1.1431580396504946
6333,3.536672536212891,2.4696439550367537,1.067028581176137
6334,3.4463151249559516,2.2946002423709073,1.1517148825850443
6335,3.4712540087535038,2.3434573976629456,1.1277966110905582
6336,3.449733826189547,2.2957409317308675,1.1539928944586797
6337,3.4671907143785874,2.293095870606114,1.1740948437724734
6338,3.4745106606189022,2.301920581047258,1.1725900795716444
6339,3.5301521735941854,2.4314452550369023,1.098706918557283
6340,3.4570380268328496,2.3280562664155267,1.128981760417323
6341,3.4158257132421013,2.265470660596918,1.1503550526451831
6342,3.4785609418985954,2.3464530496365135,1.132107892262082
6343,3.4649837643494488,2.3052673359217017,1.159716428427747
6344,3.4070328646123653,2.2425920844683707,1.1644407801439947
6345,3.4720491158226037,2.3117633426803157,1.160285773142288
6346,3.3731018917433033,2.177762045209507,1.1953398465337965
6347,3.5359423724858683,2.4321045857815347,1.1038377867043336
6348,3.498640613335892,2.4882071079727273,1.0104335053631646
6349,3.4318685343174344,2.3125428242495247,1.1193257100679097
6350,3.445013795492133,2.3087756663698955,1.1362381291222374
6351,3.5155542652278853,2.408669414655875,1.1068848505720101
6352,3.53302950872514,2.4444606793211623,1.088568829403978
6353,3.4886621333999877,2.302468533978762,1.1861935994212258
6354,3.413944031512156,2.274637821747944,1.1393062097642117
6355,3.455801959264597,2.3030100945682355,1.1527918646963617
6356,3.4710899865316915,2.365999552509218,1.1050904340224736
6357,3.5179838647868222,2.438465252232187,1.0795186125546352
6358,3.431656806449067,2.391627458433427,1.04002934801564
6359,3.5129590642809503,2.3904259038614564,1.122533160419494
6360,3.4881826745726845,2.385341062799865,1.1028416117728197
6361,3.4880486821855983,2.2983822309060495,1.1896664512795487
6362,3.463374150177826,2.3291353484445017,1.1342388017333245
6363,3.406366981298725,2.2516076948747616,1.1547592864239635
6364,3.522050478104771,2.403754691831658,1.118295786273113
6365,3.517303920761181,2.3780934950201433,1.1392104257410378
6366,3.511630649044791,2.361665186893509,1.149965462151282
6367,3.413351135400834,2.283331450472552,1.130019684928282
6368,3.424819184946095,2.214128597084904,1.2106905878611913
6369,3.4335692230750947,2.2258695663498305,1.2076996567252642
6370,3.466188267087689,2.3578596785262658,1.1083285885614234
6371,3.393977790889675,2.238393493491188,1.155584297398487
6372,3.4564760211624566,2.3048022215593047,1.1516737996031519
6373,3.4727413197450923,2.309395424847788,1.1633458948973043
6374,3.477018197901957,2.3183641736617364,1.1586540242402208
6375,3.5023990637913403,2.4158960087483545,1.0865030550429857
6376,3.3957091366005545,2.2054754711105558,1.1902336654899988
6377,3.495031551338827,2.392855862395486,1.102175688943341
6378,3.4421306297110092,2.266107342389837,1.1760232873211725
6379,3.4599789706314903,2.35848684960916,1.1014921210223303
6380,3.5202986116926573,2.362902137976179,1.1573964737164784
6381,3.4582067387732467,2.2898207746012864,1.1683859641719603
6382,3.473736641592403,2.358703869447871,1.1150327721445321
6383,3.373880982898783,2.231673103333734,1.1422078795650492
6384,3.5061960561244554,2.3831684417365175,1.1230276143879379
6385,3.4538346976892345,2.296852385394617,1.1569823122946175
6386,3.422140440709708,2.265513280599615,1.156627160110093
6387,3.455932462663836,2.3222849214593704,1.1336475412044655
6388,3.479287783036115,2.309124062116808,1.170163720919307
6389,3.501796864527297,2.4502026332400755,1.0515942312872215
6390,3.5235177959402852,2.456443218537198,1.0670745774030874
6391,3.5693964059076904,2.570234230447196,0.9991621754604942
6392,3.512151390561633,2.3878801295420096,1.1242712610196235
6393,3.4593308636945865,2.2945006033373283,1.1648302603572582
6394,3.4694178615991964,2.359452821840196,1.1099650397590004
6395,3.4512447882837898,2.290627224836659,1.160617563447131
6396,3.538903295077619,2.5352038667529606,1.0036994283246585
6397,3.459451952470264,2.309316968268013,1.1501349842022512
6398,3.444724877710417,2.303018704508938,1.141706173201479
6399,3.5146988438902342,2.3862488931400576,1.1284499507501766
6400,3.4331825739182733,2.2785670026520535,1.1546155712662198
6401,3.498391441883892,2.5145435534729312,0.9838478884109607
6402,3.4340627871755673,2.2452062069880805,1.1888565801874869
6403,3.3655278846872063,2.198717754617834,1.1668101300693725
6404,3.398931654036895,2.2860189359072653,1.1129127181296297
6405,3.3868928656599,2.2544889671889967,1.1324038984709035
6406,3.5369821019780754,2.4007003305265333,1.136281771451542
6407,3.5081659135819945,2.41775162915369,1.0904142844283045
6408,3.514066078332428,2.4081689804702164,1.1058970978622114
6409,3.4986993568657496,2.3865196497911665,1.1121797070745831
6410,3.4121879866289127,2.272217333945884,1.1399706526830284
6411,3.428033070332725,2.2492881545538386,1.1787449157788865
6412,3.4157613772912225,2.230187089880183,1.1855742874110393
6413,3.5073594614647536,2.371395911356581,1.1359635501081726
6414,3.442784222762963,2.2288929070434182,1.2138913157195446
6415,3.4947864067688013,2.362792796391549,1.1319936103772523
6416,3.495348673411856,2.3367051075251597,1.1586435658866963
6417,3.5300356633453305,2.45015262725111,1.0798830360942206
6418,3.414864400947214,2.2689358472802756,1.1459285536669386
6419,3.4353105184526354,2.301006044876639,1.1343044735759964
6420,3.4334830394174376,2.2962898965636462,1.1371931428537914
6421,3.472267640762793,2.2876235492155295,1.1846440915472636
6422,3.4979846727917123,2.3923549622703497,1.1056297105213626
6423,3.462500961942133,2.330311364470244,1.1321895974718892
6424,3.4681632937541504,2.3764278883299395,1.091735405424211
6425,3.4392802492466195,2.2728591461498096,1.16642110309681
6426,3.370268829714976,2.1677176411103742,1.2025511886046019
6427,3.440631449193213,2.2664171059037725,1.1742143432894405
6428,3.4355338630516203,2.2613586561512737,1.1741752069003466
6429,3.3849342401909195,2.1717802357247953,1.2131540044661242
6430,3.539118613399301,2.4927470590960827,1.0463715543032182
6431,3.5177439027446935,2.3627370641863297,1.1550068385583638
6432,3.444658193773595,2.2658380550268618,1.1788201387467332
6433,3.5038121682734973,2.4040288702536556,1.0997832980198416
6434,3.4634228005024186,2.3943168446209486,1.06910595588147
6435,3.5087773926363406,2.3768629193222264,1.1319144733141142
6436,3.479070542827788,2.3614984328435207,1.1175721099842675
6437,3.4145622850070376,2.2311632874529463,1.1833989975540913
6438,3.5122603709637237,2.422415784904009,1.0898445860597148
6439,3.4099285656035963,2.2381212598078077,1.1718073057957885
6440,3.5156179690288605,2.413876932897175,1.1017410361316853
6441,3.475259481061635,2.367707861882667,1.107551619178968
6442,3.4352608723488958,2.3418454605531163,1.0934154117957795
6443,3.4971543290346885,2.396177847961516,1.1009764810731726
6444,3.4452095660114237,2.269101602985123,1.1761079630263005
6445,3.4962213789942567,2.3743718875856414,1.1218494914086152
6446,3.4709900255616644,2.345691556147106,1.1252984694145582
6447,3.5174368944196215,2.363326078669448,1.1541108157501734
6448,3.4741079522789313,2.3053609842498437,1.1687469680290876
6449,3.4693978068728186,2.3546781348288515,1.1147196720439672
6450,3.4251353111294938,2.2621627620634093,1.1629725490660845
6451,3.4848260456542532,2.3077536256992635,1.1770724199549898
6452,3.498145564062212,2.391239783698114,1.106905780364098
6453,3.4927845079394757,2.346396059985068,1.1463884479544078
6454,3.4890709751879956,2.312390490327089,1.1766804848609067
6455,3.509780942580265,2.430625359827004,1.0791555827532613
6456,3.5010675069128636,2.369406130442376,1.1316613764704875
6457,3.4516646848467314,2.2745943710697354,1.177070313776996
6458,3.5144577403977673,2.4099139776218053,1.104543762775962
6459,3.513312862327277,2.4101841784629574,1.1031286838643197
6460,3.424690082350756,2.2287080096579923,1.1959820726927637
6461,3.4141654630262415,2.233958454357622,1.1802070086686194
6462,3.493493394817836,2.4016137574762806,1.0918796373415556
6463,3.4693056028962257,2.339537580855945,1.1297680220402806
6464,3.4744081112897316,2.329251273077391,1.1451568382123405
6465,3.538808204886885,2.455580588741815,1.08322761614507
6466,3.53707628651403,2.426747684628872,1.1103286018851581
6467,3.4833109807411873,2.3984112635248036,1.0848997172163837
6468,3.4020943327210698,2.2392338789512745,1.1628604537697953
6469,3.482570466446171,2.3359486094001056,1.1466218570460653
6470,3.485219265567804,2.3434366671611553,1.1417825984066488
6471,3.4653543139216705,2.3242612118586305,1.14109310206304
6472,3.47333671794821,2.3863189670740166,1.0870177508741934
6473,3.4406818688549317,2.265681865245105,1.1750000036098265
6474,3.5057227698562614,2.3414700226944376,1.1642527471618238
6475,3.42120673121114,2.245295622077464,1.175911109133676
6476,3.462234477399921,2.318244258596484,1.1439902188034368
6477,3.4315708753541068,2.306205094848216,1.125365780505891
6478,3.5168212947338655,2.4828659937695328,1.0339553009643327
6479,3.45360936125685,2.307180703106022,1.1464286581508278
6480,3.4761478687686695,2.3381576394398915,1.137990229328778
6481,3.4143131827300466,2.301346189736161,1.1129669929938855
6482,3.4782729555451444,2.33810243306211,1.1401705224830345
6483,3.4302342840935665,2.2546816414941415,1.175552642599425
6484,3.467759253733286,2.3053173481973612,1.1624419055359247
6485,3.4032432944894264,2.231961408229891,1.1712818862595356
6486,3.5211669859236667,2.3990327945954637,1.122134191328203
6487,3.517892130045364,2.3827549210755437,1.1351372089698204
6488,3.436129487204033,2.337672510118906,1.0984569770851267
6489,3.4566797824984987,2.398293524292433,1.058386258206066
6490,3.5165430850319694,2.4109014736658563,1.1056416113661132
6491,3.504821907586161,2.4673931970474796,1.0374287105386815
6492,3.4070025913762527,2.209295421959384,1.1977071694168688
6493,3.491525623498913,2.310558679694726,1.180966943804187
6494,3.494743452018057,2.3927012207827274,1.1020422312353295
6495,3.5319033707835277,2.534594353911691,0.9973090168718368
6496,3.4587164558504147,2.322116329808603,1.1366001260418117
6497,3.5120167258460513,2.4150389693524037,1.0969777564936476
6498,3.3937329578498563,2.2985375960253505,1.0951953618245058
6499,3.5100569868009095,2.3913124845128166,1.1187445022880929
6500,3.417851729287318,2.2585688911422226,1.1592828381450953
6501,3.4938926071550696,2.33681104889173,1.1570815582633394
6502,3.531901674912732,2.4795166132055733,1.0523850617071586
6503,3.4471287145955114,2.3167814470048556,1.1303472675906558
6504,3.4882068188620114,2.32815162966667,1.1600551891953415
6505,3.5023500029772614,2.410418780444496,1.0919312225327653
6506,3.457884282078135,2.351486045918231,1.106398236159904
6507,3.5115247649297254,2.3700111440175893,1.1415136209121362
6508,3.502361788174732,2.4287087567002574,1.0736530314744748
6509,3.4647152214675083,2.3717896560497698,1.0929255654177386
6510,3.493700583650707,2.3670626188706803,1.1266379647800266
6511,3.4198010260886007,2.2169487825834864,1.2028522435051143
6512,3.5174231179554587,2.376462567378387,1.1409605505770717
6513,3.527680751533756,2.4804767285237146,1.0472040230100412
6514,3.4941238617043306,2.402862510519937,1.0912613511843938
6515,3.515326576149789,2.375945066776227,1.1393815093735622
6516,3.36183027776494,2.1888323914792043,1.1729978862857355
6517,3.457387437352398,2.297520044183932,1.159867393168466
6518,3.5382994006853488,2.4669644336677155,1.0713349670176333
6519,3.418590861858061,2.2381040300530137,1.1804868318050472
6520,3.47074446149736,2.332937153101812,1.1378073083955482
6521,3.485213484735257,2.327884877667418,1.1573286070678392
6522,3.506326435705731,2.381550794722981,1.12477564098275
6523,3.5173079176820004,2.3837212397254586,1.1335866779565418
6524,3.475466564026018,2.3787621135444392,1.0967044504815786
6525,3.479078198346431,2.3363364289673467,1.1427417693790844
6526,3.5448930984710563,2.496655374215219,1.0482377242558374
6527,3.4726805715202347,2.382440130820516,1.0902404406997186
6528,3.426474857405486,2.2513202117759405,1.1751546456295454
6529,3.495874936125161,2.375471455759635,1.120403480365526
6530,3.441526603885666,2.2772479666220438,1.1642786372636222
6531,3.4671609070952774,2.3104518058571375,1.1567091012381399
6532,3.462199871857559,2.354440064033385,1.107759807824174
6533,3.4807899864285794,2.3726877509707602,1.1081022354578192
6534,3.5449255481283055,2.5065842028271903,1.0383413453011152
6535,3.486200035579287,2.360234416180762,1.1259656193985248
6536,3.416888858063009,2.289806332222389,1.1270825258406196
6537,3.4431541661955123,2.3491621282607587,1.0939920379347536
6538,3.464903195912601,2.3221198598822776,1.1427833360303232
6539,3.4068177915917923,2.250494193873424,1.1563235977183681
6540,3.5044782110252175,2.440522007394401,1.0639562036308163
6541,3.483753813136826,2.335386112457779,1.1483677006790471
6542,3.4151968935770642,2.3000560149945057,1.1151408785825585
6543,3.4750705349332693,2.35474466589217,1.1203258690410993
6544,3.4145059031572007,2.241339779019348,1.1731661241378526
6545,3.5107187666310664,2.378414496190002,1.1323042704410646
6546,3.514045095287777,2.411258195757839,1.1027868995299381
6547,3.5036254473985964,2.3714648984944406,1.1321605489041557
6548,3.474412317243151,2.3097792919833564,1.1646330252597945
6549,3.517757374619757,2.384808490191992,1.132948884427765
6550,3.4400713441537936,2.288236641810084,1.1518347023437094
6551,3.415654512144536,2.248885201537757,1.166769310606779
6552,3.5256012056731687,2.4907435966031315,1.0348576090700372
6553,3.4729784448722048,2.3298788081960162,1.1430996366761885
6554,3.5006047960714435,2.4386237721510517,1.0619810239203917
6555,3.4838290127345455,2.300781436142417,1.1830475765921284
6556,3.5003006091196913,2.3221988340342614,1.17810177508543
6557,3.4862373344167907,2.3867303325510405,1.0995070018657502
6558,3.4365992248189063,2.263138599281649,1.1734606255372575
6559,3.4562397511076357,2.321926962739118,1.1343127883685176
6560,3.4564143469805693,2.2673182467881765,1.1890961001923928
6561,3.5161524209776145,2.4106730750242553,1.1054793459533592
6562,3.482329247687846,2.4451869377502238,1.037142309937622
6563,3.4870164656335625,2.3604798020785123,1.1265366635550502
6564,3.4555743142189774,2.317872275916103,1.1377020383028746
6565,3.457876886459656,2.2928542623311094,1.1650226241285466
6566,3.4991843718451237,2.3656377559020694,1.1335466159430543
6567,3.484414091459322,2.335529066021879,1.1488850254374432
6568,3.4453430969469574,2.2543174083644844,1.191025688582473
6569,3.5241393924287814,2.433893688138835,1.0902457042899463
6570,3.442708277767137,2.2977462133554867,1.1449620644116503
6571,3.5156383335037806,2.412322074622258,1.1033162588815228
6572,3.5130442964065733,2.364309089711298,1.1487352066952754
6573,3.4838763611146466,2.4223492815126235,1.061527079602023
6574,3.535007687332574,2.4735773979397604,1.0614302893928138
6575,3.446068101949386,2.2739809228913033,1.172087179058083
6576,3.4659194695822118,2.3648322007805906,1.101087268801621
6577,3.5127976467259097,2.393320137889919,1.1194775088359905
6578,3.4942902623156065,2.3630421494454903,1.1312481128701162
6579,3.5094242384110523,2.3448785002779706,1.1645457381330817
6580,3.5009523818293697,2.416371660893772,1.0845807209355978
6581,3.454281454236498,2.3061347439643507,1.1481467102721474
6582,3.420597662429287,2.2540664353895505,1.1665312270397363
6583,3.4566240364667644,2.302070906428194,1.1545531300385705
6584,3.4968210620840043,2.3607509571620082,1.1360701049219961
6585,3.4653847349494256,2.283206883223997,1.1821778517254287
6586,3.467901379423053,2.2913460251071873,1.1765553543158656
6587,3.3637802416584113,2.1909206095242286,1.1728596321341827
6588,3.445643811346997,2.2571515042857455,1.1884923070612516
6589,3.421108729249827,2.2817085964571753,1.1394001327926517
6590,3.471414121721841,2.3356051923495498,1.135808929372291
6591,3.4452088183394065,2.325545607259987,1.1196632110794194
6592,3.4731224841839805,2.316409975258942,1.1567125089250383
6593,3.445563050053491,2.28337601244129,1.1621870376122012
6594,3.5090379276734023,2.3799939451542635,1.1290439825191387
6595,3.456753446657034,2.359735185796502,1.0970182608605321
6596,3.502330368516252,2.3835634379823674,1.1187669305338845
6597,3.4739888300107817,2.3418110851418006,1.1321777448689812
6598,3.5156566298008216,2.3213575981198735,1.194299031680948
6599,3.4678561307307283,2.3637395088843958,1.1041166218463325
6600,3.473001336788112,2.347394229165417,1.1256071076226952
6601,3.4684182777285066,2.3658139715005637,1.102604306227943
6602,3.4148437163603353,2.2405821633197265,1.1742615530406089
6603,3.4889517915212873,2.392830146775104,1.0961216447461832
6604,3.499298167950665,2.4026208872630193,1.0966772806876457
6605,3.501858599627702,2.3932551564319806,1.1086034431957215
6606,3.4453869776165194,2.3103012458463783,1.135085731770141
6607,3.402008119060888,2.2222837786080225,1.1797243404528657
6608,3.4937526355683195,2.3767676707687406,1.1169849647995789
6609,3.485120640347713,2.349993737929554,1.135126902418159
6610,3.493557843489375,2.348877743521021,1.1446800999683537
6611,3.4752265658895873,2.391755090401182,1.0834714754884054
6612,3.452091554059624,2.355610003388918,1.0964815506707062
6613,3.4969565448547733,2.3373299152589846,1.1596266295957887
6614,3.489721888884441,2.358483812201094,1.131238076683347
6615,3.4424013905718778,2.287018975000986,1.1553824155708918
6616,3.491165706834391,2.333557557066544,1.1576081497678472
6617,3.4250023247698085,2.2435942010350107,1.1814081237347978
6618,3.433699278126392,2.2545726681770843,1.1791266099493076
6619,3.454614586100651,2.3102554396714376,1.1443591464292133
6620,3.476021213687456,2.286373769596947,1.1896474440905092
6621,3.535939280189456,2.480794140979081,1.0551451392103752
6622,3.4253778397151375,2.2480726436994924,1.177305196015645
6623,3.428516613370265,2.3091887984100428,1.1193278149602222
6624,3.4732876951125857,2.3922894218241546,1.0809982732884311
6625,3.49609965798895,2.31852141768353,1.17757824030542
6626,3.4014341315413508,2.22653279170089,1.1749013398404609
6627,3.511988868364527,2.407916726908178,1.1040721414563492
6628,3.525729048982662,2.367727276821912,1.15800177216075
6629,3.4058764448048335,2.2163298973524763,1.1895465474523572
6630,3.5199950143251058,2.394299734924887,1.1256952794002189
6631,3.4724891555059894,2.4051579968331565,1.067331158672833
6632,3.4874738413852353,2.3517723279236784,1.135701513461557
6633,3.501700715773844,2.343848559371831,1.1578521564020128
6634,3.5016164043642055,2.3361832284861457,1.1654331758780598
6635,3.5083898346839364,2.387015536497514,1.1213742981864225
6636,3.469145396926861,2.3780693164019553,1.0910760805249056
6637,3.4176197964506416,2.3254950815142124,1.0921247149364293
6638,3.473861137789661,2.298190233362352,1.1756709044273088
6639,3.515849919585698,2.3680350746133585,1.1478148449723395
6640,3.529686706959461,2.4316633703387036,1.0980233366207575
6641,3.5149867405996966,2.4405919960634685,1.074394744536228
6642,3.364348077280098,2.253494325432675,1.110853751847423
6643,3.4979088729885617,2.4167538982017165,1.0811549747868452
6644,3.5052067860450253,2.349024793904846,1.1561819921401795
6645,3.4322929008265644,2.243522660040934,1.1887702407856304
6646,3.473526872264046,2.342101563802364,1.131425308461682
6647,3.3841629606279877,2.2579782271968525,1.1261847334311352
6648,3.441181012440576,2.277864151936127,1.163316860504449
6649,3.4391271248438033,2.302873555152213,1.1362535696915903
6650,3.4496096944532972,2.2737397750361685,1.1758699194171287
6651,3.426266629075846,2.2687358971476277,1.1575307319282184
6652,3.530069590327432,2.394397032264906,1.135672558062526
6653,3.509244168830807,2.3735451521913222,1.1356990166394847
6654,3.4248384106943033,2.3115410299198773,1.113297380774426
6655,3.5267673367825636,2.444906272661005,1.0818610641215587
6656,3.4526480268610884,2.2965409357329563,1.1561070911281321
6657,3.496464944559304,2.382996123063035,1.113468821496269
6658,3.475346119614519,2.387262956489503,1.0880831631250159
6659,3.4946553141993246,2.3428595622359345,1.1517957519633901
6660,3.4019657048986174,2.232643164502414,1.1693225403962035
6661,3.4575979284533216,2.2950847777991634,1.1625131506541582
6662,3.493719530154259,2.363319483755754,1.1304000463985053
6663,3.424905200805475,2.230103067777898,1.1948021330275767
6664,3.534090594873735,2.380019870039991,1.154070724833744
6665,3.4881419164846146,2.4393135008308025,1.0488284156538121
6666,3.529280300524531,2.442944927221523,1.0863353733030081
6667,3.424084194136146,2.2420813129555617,1.1820028811805843
6668,3.506971711029111,2.398173765416114,1.1087979456129973
6669,3.4751575853897103,2.3619548193982314,1.113202765991479
6670,3.422017911342587,2.2634875199684164,1.1585303913741707
6671,3.4914669776163807,2.3501846255102934,1.1412823521060873
6672,3.4337177765422924,2.2879729775992668,1.1457447989430256
6673,3.4195215137717465,2.2445718015435396,1.1749497122282069
6674,3.535537078334403,2.4436581562521256,1.0918789220822775
6675,3.47260276097973,2.3100865861933,1.1625161747864299
6676,3.524479099931979,2.4047096542044617,1.1197694457275174
6677,3.509192643765377,2.441009047186492,1.0681835965788853
6678,3.524458920879292,2.513334886695866,1.011124034183426
6679,3.492921516832872,2.3588209333197536,1.1341005835131184
6680,3.4965550625483726,2.359900235497454,1.1366548270509185
6681,3.484864003335356,2.3168949103280627,1.1679690930072932
6682,3.443982858274523,2.249738487236303,1.19424437103822
6683,3.4732989506915097,2.2959111028508623,1.1773878478406474
6684,3.441455912738277,2.300591657639072,1.140864255099205
6685,3.3695445987373476,2.22064402791059,1.1489005708267577
6686,3.44817901820474,2.315551653835676,1.132627364369064
6687,3.4571043622898565,2.2989579922567045,1.158146370033152
6688,3.4258921050310502,2.318912479767193,1.106979625263857
6689,3.50835226678833,2.384774407414506,1.1235778593738242
6690,3.4700210290163653,2.311296052434247,1.1587249765821181
6691,3.4168052019110786,2.2260956003384815,1.190709601572597
6692,3.4788418180631027,2.3316134355422626,1.14722838252084
6693,3.4892345776128164,2.3599999551722735,1.129234622440543
6694,3.48303925621615,2.33699669635973,1.14604255985642
6695,3.496984461187716,2.478417522116918,1.0185669390707979
6696,3.479761506124679,2.3619257477222115,1.1178357584024674
6697,3.504734082415544,2.46250086160357,1.042233220811974
6698,3.3699589933317875,2.159238849534155,1.2107201437976327
6699,3.5245943236856903,2.4071514279823867,1.1174428957033036
6700,3.398817605089588,2.210665267457136,1.1881523376324519
6701,3.4345197608180573,2.25055405597427,1.1839657048437875
6702,3.5207129197639215,2.3737063892927286,1.147006530471193
6703,3.4601316593562186,2.2880955486738865,1.172036110682332
6704,3.478079758607173,2.3162521570486647,1.1618276015585085
6705,3.513762583044101,2.416003746378694,1.097758836665407
6706,3.4630741876205535,2.319957635155928,1.1431165524646256
6707,3.507370818555117,2.42564496157169,1.081725856983427
6708,3.488291635138812,2.3948562830260482,1.0934353521127638
6709,3.5035925185245627,2.333283848674555,1.1703086698500078
6710,3.47543164355374,2.321655269553421,1.1537763740003188
6711,3.483569803036207,2.339283417497264,1.1442863855389431
6712,3.5202478114818017,2.4523155598589352,1.0679322516228664
6713,3.50511048319759,2.35367111123587,1.15143937196172
6714,3.5172833050161256,2.443237525834733,1.0740457791813927
6715,3.4240526738719494,2.2201522227078816,1.2039004511640679
6716,3.423313125430543,2.2910054063335967,1.1323077190969464
6717,3.4696753910662226,2.306080541431584,1.1635948496346384
6718,3.5040098876219297,2.411190167860084,1.0928197197618457
6719,3.440130317221127,2.3574550039644966,1.0826753132566305
6720,3.514085108176665,2.420783344186295,1.09330176399037
6721,3.3758669944659547,2.2011234599424476,1.174743534523507
6722,3.417037679670952,2.2641133437380754,1.1529243359328767
6723,3.5100973559363,2.425803967416307,1.0842933885199928
6724,3.5022438823574515,2.403843899043445,1.0983999833140063
6725,3.434173295866435,2.2832045190920884,1.1509687767743464
6726,3.4753139088612715,2.301045109071031,1.1742687997902403
6727,3.483151301045027,2.3302573071493713,1.1528939938956557
6728,3.520943403905541,2.385440172709015,1.1355032311965259
6729,3.4118651690003325,2.2843860801027795,1.127479088897553
6730,3.4983222697559127,2.3971251435400402,1.1011971262158724
6731,3.4176923875406753,2.2765403005898914,1.1411520869507839
6732,3.5118943672818914,2.474005879046859,1.0378884882350325
6733,3.435578642739761,2.24563150230192,1.189947140437841
6734,3.4807392113959907,2.424244566969163,1.0564946444268277
6735,3.4177555215038926,2.2817448822172928,1.1360106392865998
6736,3.3952009143055766,2.2276460717627615,1.167554842542815
6737,3.5030165506876934,2.4050139543035782,1.0980025963841151
6738,3.4426174210541536,2.3181224600370154,1.1244949610171382
6739,3.472853488873503,2.2954097504590543,1.177443738414449
6740,3.487969924635464,2.422856062283226,1.0651138623522378
6741,3.516397257940819,2.3763836395117837,1.1400136184290353
6742,3.503872795454894,2.42636129734442,1.0775114981104736
6743,3.4220082123613587,2.2635603944728433,1.1584478178885154
6744,3.474456547795294,2.3279001262301584,1.1465564215651356
6745,3.4588624961728525,2.3126130118927635,1.146249484280089
6746,3.4042953444349013,2.2509241425864013,1.1533712018485
6747,3.459577933224337,2.3110328832856037,1.148545049938733
6748,3.4963098215325705,2.367357874264042,1.1289519472685283
6749,3.5019996568504155,2.357355644527475,1.1446440123229404
6750,3.48327269247812,2.3230363215952057,1.1602363708829144
6751,3.506010476232705,2.349517400531168,1.1564930757015373
6752,3.463476775322235,2.363248762109775,1.10022801321246
6753,3.4660105876885723,2.319510426939206,1.1465001607493663
6754,3.5113888088853464,2.3775083817089557,1.1338804271763907
6755,3.503185074440499,2.3930908477785855,1.1100942266619134
6756,3.4374367854168795,2.2753143749623304,1.1621224104545491
6757,3.451990274118607,2.3441782468295216,1.1078120272890852
6758,3.4860171126954533,2.3565716621818433,1.12944545051361
6759,3.4712188131232082,2.4293697472087805,1.0418490659144277
6760,3.4206589038969173,2.277331430668036,1.1433274732288812
6761,3.4835143117006897,2.376177321529622,1.107336990171068
6762,3.44737302969779,2.2750379979222832,1.1723350317755066
6763,3.4440282550138397,2.287103852227823,1.1569244027860166
6764,3.526537608508963,2.407419695218071,1.119117913290892
6765,3.399136834926424,2.2290209322286727,1.1701159026977512
6766,3.515949797417851,2.3529004496872914,1.1630493477305595
6767,3.509926509424307,2.3506772839888193,1.1592492254354876
6768,3.461560572268434,2.3005872717082405,1.1609733005601934
6769,3.4740571738745594,2.373605291809286,1.1004518820652733
6770,3.4904816445400417,2.378253368606218,1.1122282759338238
6771,3.516004717569905,2.457669346608289,1.0583353709616161
6772,3.453419733179561,2.3174808593552148,1.135938873824346
6773,3.526363254050807,2.421708664179508,1.104654589871299
6774,3.4197008166383855,2.3013169527749846,1.118383863863401
6775,3.4936375125685237,2.360982119181992,1.1326553933865315
6776,3.390358575925318,2.2433727965428263,1.1469857793824918
6777,3.5023874202368432,2.442918390495838,1.0594690297410052
6778,3.441147197868685,2.3077512504735234,1.1333959473951616
6779,3.52452831097723,2.4421924828518984,1.0823358281253315
6780,3.3748916208702817,2.191112745200901,1.1837788756693808
6781,3.518069986297786,2.41128823573267,1.1067817505651156
6782,3.408034158993046,2.236172340146498,1.1718618188465482
6783,3.49643737089502,2.389019790936043,1.1074175799589767
6784,3.4479536390467036,2.282708467539939,1.1652451715067644
6785,3.465993525936373,2.336674542877401,1.129318983058972
6786,3.4845352162311203,2.3493655701972074,1.135169646033913
6787,3.4790078448551416,2.354301340880904,1.1247065039742377
6788,3.5157551135810974,2.435125339333328,1.0806297742477695
6789,3.388924298106592,2.204543514516648,1.184380783589944
6790,3.514594973107869,2.3716266693652437,1.1429683037426255
6791,3.51252878478779,2.44756294961506,1.06496583517273
6792,3.513746557244081,2.4013908783946847,1.1123556788493962
6793,3.481244382857639,2.341923629952147,1.1393207529054923
6794,3.464538737452784,2.319240538390257,1.1452981990625268
6795,3.4146784194113136,2.2690701343875976,1.145608285023716
6796,3.522113384538829,2.4142341978026933,1.1078791867361355
6797,3.4977183285826734,2.3677813885519656,1.1299369400307078
6798,3.5071341443356894,2.348388550901509,1.1587455934341802
6799,3.5105530991022866,2.3538895919040606,1.156663507198226
6800,3.450934188780702,2.337809671584257,1.1131245171964448
6801,3.522524058040071,2.477042863840703,1.0454811941993682
6802,3.4955690043774923,2.3825571490081536,1.1130118553693387
6803,3.422986202346636,2.321229774315029,1.101756428031607
6804,3.5190005298793734,2.462000442751788,1.0570000871275855
6805,3.4557716861058707,2.2933877649080165,1.1623839211978542
6806,3.4608841995786577,2.3035163983180853,1.1573678012605724
6807,3.513102739736006,2.379948894957046,1.1331538447789602
6808,3.4823374502149287,2.3383711882272067,1.143966261987722
6809,3.482663158833222,2.4044534290751858,1.0782097297580364
6810,3.4967591363869586,2.3539522130490496,1.142806923337909
6811,3.476051738627816,2.340367449705853,1.1356842889219627
6812,3.4896134448535374,2.351775190884615,1.1378382539689222
6813,3.532329438346908,2.460357206105497,1.0719722322414111
6814,3.482750658795029,2.367662144418245,1.115088514376784
6815,3.5298305584000196,2.4679273553664878,1.0619032030335318
6816,3.4486703315612934,2.2543230310839344,1.194347300477359
6817,3.5127114683322875,2.399485990306678,1.1132254780256097
6818,3.461497639356314,2.319738307539124,1.1417593318171901
6819,3.5371191180907453,2.5127179864904075,1.0244011316003379
6820,3.458759408610266,2.3106764378850597,1.1480829707252065
6821,3.488813083678442,2.340247773610901,1.148565310067541
6822,3.451740490986602,2.2789404981693235,1.1727999928172785
6823,3.5197188690656462,2.440770000125151,1.0789488689404951
6824,3.5025431681741717,2.37536221630558,1.1271809518685916
6825,3.4672838866818716,2.3570739240339056,1.110209962647966
6826,3.437755250340827,2.2943904118101806,1.1433648385306463
6827,3.4796533968678784,2.3449258137775026,1.1347275830903758
6828,3.488358175309685,2.3145967255000772,1.1737614498096076
6829,3.4969793177782544,2.3913171630341528,1.1056621547441017
6830,3.478986122843585,2.3310023402009086,1.1479837826426764
6831,3.529977868487165,2.4170996972296876,1.1128781712574773
6832,3.444099928585935,2.3574081767400696,1.0866917518458652
6833,3.5123077848154356,2.4470232639527194,1.0652845208627162
6834,3.505993315572819,2.3530404421492133,1.1529528734236059
6835,3.504735882910383,2.432745738619099,1.0719901442912843
6836,3.443929812231081,2.2473417967037173,1.1965880155273636
6837,3.4110692449003355,2.285814041437834,1.1252552034625016
6838,3.4066922892542637,2.2190376797268208,1.187654609527443
6839,3.518828455747502,2.3916007796400445,1.1272276761074576
6840,3.4881187630781056,2.376907970928381,1.1112107921497247
6841,3.4821781690460174,2.311702309152858,1.1704758598931595
6842,3.470393793086242,2.347388671170935,1.1230051219153072
6843,3.495946891597588,2.3828791186984035,1.1130677728991847
6844,3.4822336912694003,2.346673867678885,1.135559823590515
6845,3.4404540987694174,2.247000981666779,1.1934531171026386
6846,3.4728024783343896,2.353367512453056,1.1194349658813336
6847,3.4554259493943915,2.3003775795197865,1.155048369874605
6848,3.4639919300830475,2.3482643935078182,1.1157275365752293
6849,3.418147258856431,2.2241299492119735,1.1940173096444573
6850,3.4543324847676367,2.286204508032043,1.1681279767355939
6851,3.448295861248676,2.36214885906274,1.0861470021859359
6852,3.3461384277316055,2.209813787976217,1.1363246397553883
6853,3.4686013243070257,2.376457471083141,1.0921438532238845
6854,3.5058335658430804,2.393005682621891,1.1128278832211893
6855,3.3919079302055724,2.2339791801620517,1.1579287500435207
6856,3.431851462224943,2.264988486552902,1.166862975672041
6857,3.4884226580672215,2.3864051400229065,1.102017518044315
6858,3.461359767234458,2.3542201127580813,1.1071396544763767
6859,3.4502794931150493,2.2989815958407833,1.151297897274266
6860,3.4544552143582905,2.3591009474062243,1.0953542669520662
6861,3.467443400272421,2.326675435599191,1.1407679646732296
6862,3.534776643439168,2.3957917725423314,1.1389848708968366
6863,3.4822937805487832,2.3768760180950412,1.105417762453742
6864,3.532279054758544,2.4359541439618853,1.0963249107966586
6865,3.477108997263888,2.3224908456478444,1.1546181516160434
6866,3.462528099792354,2.35095465691962,1.1115734428727344
6867,3.5263126896342047,2.4594582028858616,1.0668544867483432
6868,3.4712545932402885,2.3912615515658184,1.07999304167447
6869,3.442739078551736,2.2832168247059297,1.1595222538458065
6870,3.5072260364825216,2.381466075196113,1.1257599612864087
6871,3.4994245722998714,2.380328679837417,1.1190958924624543
6872,3.4111530420402816,2.216129658015356,1.1950233840249256
6873,3.4382422683956118,2.3116838385787863,1.1265584298168254
6874,3.484003597573569,2.3661875589119403,1.1178160386616285
6875,3.4403646139366195,2.2811371945033874,1.1592274194332322
6876,3.522574307650088,2.4466264079537683,1.0759478996963199
6877,3.478858673986358,2.346859880863232,1.1319987931231261
6878,3.494577924817727,2.3715510887211924,1.1230268360965345
6879,3.4838356322335224,2.360351755182038,1.1234838770514846
6880,3.534345055724972,2.398527549458286,1.1358175062666858
6881,3.4694974023640786,2.3687855449521913,1.1007118574118873
6882,3.363171277312939,2.189133323260955,1.1740379540519843
6883,3.474076689405858,2.3176074995151925,1.1564691898906654
6884,3.489839337263954,2.3319653005280268,1.1578740367359273
6885,3.4503445845815035,2.25116365906003,1.1991809255214734
6886,3.388790375748958,2.261610637984444,1.1271797377645139
6887,3.48627401087841,2.3227252920938595,1.1635487187845506
6888,3.4845065793196284,2.3457902224421687,1.1387163568774596
6889,3.4986990854989797,2.3407044642046975,1.1579946212942822
6890,3.5296939311216837,2.3844429023200946,1.1452510288015891
6891,3.4641352638744185,2.337818274055798,1.1263169898186205
6892,3.467805391345617,2.340152903850487,1.12765248749513
6893,3.478902240754246,2.421847845123102,1.0570543956311442
6894,3.4741370964742755,2.349505138861553,1.1246319576127224
6895,3.4289498702268824,2.251077136728409,1.1778727334984733
6896,3.461707979129684,2.311114265784025,1.1505937133456592
6897,3.474143964228747,2.326112761941051,1.148031202287696
6898,3.4618238352080097,2.3370524663098995,1.1247713688981102
6899,3.4188718711487027,2.24751908309963,1.1713527880490728
6900,3.5288956581203412,2.4885111982660253,1.040384459854316
6901,3.3888057508320033,2.2239177146132403,1.164888036218763
6902,3.4562187858735234,2.3588735896064077,1.0973451962671157
6903,3.501689775112655,2.3707028047754055,1.1309869703372493
6904,3.5246532399414163,2.446816686086078,1.0778365538553385
6905,3.447337150041941,2.3060588041276704,1.1412783459142708
6906,3.4769253939936826,2.332209265377503,1.1447161286161798
6907,3.4305928803297436,2.2570570101140155,1.1735358702157281
6908,3.4753566952010524,2.364621658488202,1.1107350367128506
6909,3.4989140381986163,2.412608108026466,1.0863059301721503
6910,3.5151667300801686,2.405434116076857,1.1097326140033115
6911,3.5062205666719697,2.372603900353354,1.1336166663186158
6912,3.4749421487133887,2.3613932998894844,1.1135488488239043
6913,3.432327698632864,2.2308644781976033,1.2014632204352607
6914,3.530738303838862,2.4196029667118313,1.1111353371270307
6915,3.5177861007490376,2.4176785717701192,1.1001075289789184
6916,3.488309743110686,2.3897922793081734,1.0985174638025126
6917,3.512771838355182,2.4064313999119165,1.1063404384432656
6918,3.478930619869815,2.39611769338602,1.0828129264837951
6919,3.5115199275805984,2.3876980194929915,1.1238219080876068
6920,3.4440191689885475,2.3248959520762087,1.1191232169123388
6921,3.409783705100894,2.2201963283265047,1.1895873767743894
6922,3.510328072078596,2.428063166109661,1.0822649059689349
6923,3.4552657800719278,2.365533559387111,1.0897322206848168
6924,3.5020449512575578,2.328262150259712,1.173782800997846
6925,3.444294019295371,2.261579969706116,1.1827140495892547
6926,3.4569427841250584,2.3046515449070606,1.1522912392179978
6927,3.4316565892365936,2.309984173699517,1.1216724155370765
6928,3.485960593216502,2.308413136528509,1.1775474566879929
6929,3.480029146447352,2.3533019673045064,1.1267271791428457
6930,3.4092383745493353,2.2384591314935456,1.1707792430557897
6931,3.481511586192311,2.372600022997004,1.1089115631953068
6932,3.4777575933687235,2.316875039961574,1.1608825534071494
6933,3.4748130644061064,2.2955976261646485,1.179215438241458
6934,3.495621673739346,2.411093493702064,1.0845281800372821
6935,3.4154689061139187,2.31774514781405,1.097723758299869
6936,3.521848226878528,2.4611595362167256,1.0606886906618023
6937,3.5121128219178464,2.3669172334191364,1.14519558849871
6938,3.4771514690220915,2.2987989778395876,1.1783524911825038
6939,3.495331436432243,2.36340810846708,1.131923327965163
6940,3.465152606053035,2.35889575032206,1.106256855730975
6941,3.4225601733389115,2.2108700036971762,1.2116901696417353
6942,3.5294761581077423,2.3973529048024447,1.1321232533052976
6943,3.5215819766547973,2.448518351363886,1.0730636252909114
6944,3.478526719342945,2.3863314083212197,1.0921953110217255
6945,3.446039546558369,2.281381011547385,1.1646585350109842
6946,3.3703536650484898,2.2150383925859525,1.1553152724625373
6947,3.4168871836940453,2.2937580325718225,1.1231291511222228
6948,3.495683068929784,2.3918201896032683,1.103862879326516
6949,3.520061465108922,2.464934819709548,1.055126645399374
6950,3.480843302075941,2.3295965081155825,1.1512467939603583
6951,3.4653908971302263,2.35044250413744,1.1149483929927864
6952,3.5017221150282807,2.3834292638445618,1.118292851183719
6953,3.5031697748273665,2.3968363146729463,1.1063334601544201
6954,3.4462464019082004,2.3171252775695503,1.12912112433865
6955,3.426024939103979,2.2578249335154323,1.1682000055885466
6956,3.400827671025388,2.251948267491002,1.1488794035343863
6957,3.5086813074934278,2.4207623451503015,1.0879189623431262
6958,3.4363080414241187,2.2996464555139493,1.1366615859101694
6959,3.4801947124965555,2.392593218050666,1.0876014944458894
6960,3.481062255823076,2.2998257675219778,1.1812364883010984
6961,3.479074405730951,2.3595378267826046,1.1195365789483462
6962,3.4520791399307815,2.288934548389287,1.1631445915414944
6963,3.5110804934096116,2.368989225686079,1.1420912677235324
6964,3.511906453496912,2.397261005375685,1.1146454481212271
6965,3.485666120040681,2.360237775312742,1.125428344727939
6966,3.463888862585881,2.3756136871310263,1.0882751754548545
6967,3.498790438399513,2.364715518043023,1.1340749203564902
6968,3.506934264166146,2.39865763898078,1.1082766251853662
6969,3.5133790934391143,2.4403988919145503,1.072980201524564
6970,3.4718883600483244,2.3310091357685603,1.140879224279764
6971,3.4561184774117346,2.2672260332333205,1.188892444178414
6972,3.447505443580817,2.275011596097041,1.1724938474837758
6973,3.474719282719998,2.29743744586646,1.1772818368535378
6974,3.5057719023886684,2.4702947987711306,1.0354771036175379
6975,3.4830458386458423,2.3652677955842467,1.1177780430615956
6976,3.4335069020190496,2.2556819682727935,1.177824933746256
6977,3.448319839990028,2.292986326452952,1.1553335135370757
6978,3.5039703580484356,2.4098602621431575,1.094110095905278
6979,3.4473095972071186,2.2959625267301487,1.15134707047697
6980,3.4674079103470574,2.334687997828152,1.1327199125189056
6981,3.5187346883121884,2.4356447659815235,1.083089922330665
6982,3.530218070080342,2.41922014109313,1.1109979289872118
6983,3.499758671910201,2.33542696122996,1.164331710680241
6984,3.425976280045956,2.3038662516298083,1.1221100284161478
6985,3.501239858796325,2.334635287862254,1.166604570934071
6986,3.528001476099791,2.515044953894041,1.0129565222057497
6987,3.460379341076086,2.334404745196346,1.12597459587974
6988,3.4905331706665415,2.385928150109429,1.1046050205571123
6989,3.432151437974768,2.321407452953122,1.1107439850216463
6990,3.522521060340562,2.3814283419879327,1.1410927183526294
6991,3.4392417656549767,2.274546118767782,1.164695646887195
6992,3.4613056342051696,2.33687133576717,1.1244342984379996
6993,3.462921561915413,2.324244289678073,1.1386772722373402
6994,3.474557017650186,2.353637430120262,1.120919587529924
6995,3.52322018088751,2.409490437307818,1.1137297435796922
6996,3.4892370587659425,2.3575691053426002,1.1316679534233423
6997,3.5332783321330115,2.3575551740734677,1.1757231580595437
6998,3.396079466054946,2.2150396239254584,1.1810398421294876
6999,3.4651522446885346,2.355466012521771,1.1096862321667635
7000,3.5248841572440077,2.4894812974253377,1.03540285981867
7001,3.472790180998539,2.3043455295251722,1.1684446514733668
7002,3.3760439121981065,2.1713889105266055,1.204655001671501
7003,3.451097378177002,2.329548040452671,1.121549337724331
7004,3.419946717152633,2.2892623865386756,1.1306843306139576
7005,3.48585763959754,2.366668971277734,1.119188668319806
7006,3.4568070539489386,2.3304083436926257,1.1263987102563129
7007,3.452285521339786,2.271318978039825,1.1809665432999608
7008,3.512766549770383,2.4070481092285814,1.1057184405418017
7009,3.45988966342194,2.3845111348592956,1.0753785285626445
7010,3.4867484639677477,2.35115335961283,1.135595104354918
7011,3.494986497615277,2.3371264474074995,1.1578600502077774
7012,3.4843699365378837,2.332083124331416,1.1522868122064676
7013,3.525427422790295,2.387524552302329,1.1379028704879657
7014,3.4684686425473394,2.346988672690544,1.1214799698567957
7015,3.4337982397003457,2.2780171183190507,1.155781121381295
7016,3.479979918816327,2.349743766169492,1.1302361526468352
7017,3.533868670994005,2.4812482339539135,1.0526204370400913
7018,3.459634718796915,2.3086728320671104,1.1509618867298048
7019,3.396685322016566,2.238298828735842,1.158386493280724
7020,3.423029030297675,2.3331208130057575,1.0899082172919177
7021,3.4821480287262387,2.4081676718746667,1.073980356851572
7022,3.50074861100938,2.348898490041925,1.1518501209674552
7023,3.4777803528004854,2.3132765010133727,1.1645038517871127
7024,3.498832761659967,2.4132721346471837,1.085560627012783
7025,3.4685205625795024,2.3177237710322944,1.150796791547208
7026,3.4273695770077275,2.309041557670563,1.1183280193371643
7027,3.501738241907035,2.4467842410538942,1.0549540008531406
7028,3.4706319480739567,2.3178209931185085,1.1528109549554482
7029,3.516052550324572,2.4558924460925162,1.0601601042320556
7030,3.4210921699283423,2.2910490514160022,1.13004311851234
7031,3.467963316407278,2.3198161394219805,1.1481471769852973
7032,3.507809719673369,2.3687452013386876,1.1390645183346813
7033,3.534619517103524,2.469377196499624,1.0652423206039003
7034,3.4060315902709695,2.2259038674871467,1.1801277227838227
7035,3.448397785723435,2.25269787299625,1.1956999127271852
7036,3.515223393342337,2.3822921849033643,1.1329312084389729
7037,3.3865509462397445,2.210126236337132,1.1764247099026126
7038,3.4050389808745134,2.259538387915459,1.1455005929590545
7039,3.4189517282266064,2.242644042898142,1.1763076853284646
7040,3.4508311852076745,2.27790926524124,1.1729219199664347
7041,3.4764904160159738,2.399385016006575,1.077105400009399
7042,3.3695552103451107,2.241175373410293,1.1283798369348177
7043,3.4988212021563188,2.418626397421081,1.0801948047352377
7044,3.44771635646222,2.3535009401578573,1.0942154163043627
7045,3.435671103003849,2.241420117190643,1.194250985813206
7046,3.43042966039587,2.2642785085827195,1.1661511518131507
7047,3.444506232704288,2.373072617449347,1.071433615254941
7048,3.451268637760652,2.283910268320753,1.1673583694398992
7049,3.412079847875237,2.2039356371150642,1.2081442107601728
7050,3.433668536138932,2.2599204051356683,1.1737481310032636
7051,3.4327646726897627,2.2394294919315794,1.1933351807581833
7052,3.4022458754771825,2.273867485886138,1.1283783895910444
7053,3.451895797779743,2.282787564024159,1.1691082337555843
7054,3.520600744042615,2.3983130414660687,1.1222877025765463
7055,3.5011090804930958,2.452934626412768,1.048174454080328
7056,3.4605106142164286,2.310438409994363,1.1500722042220657
7057,3.465795666409092,2.2869218863655196,1.1788737800435722
7058,3.4425910623860516,2.3210468469236125,1.121544215462439
7059,3.4279726581501064,2.242776453046362,1.1851962051037446
7060,3.3927120234664647,2.2396168440735975,1.1530951793928672
7061,3.4645164200277816,2.3147163220867677,1.149800097941014
7062,3.476975688005801,2.325861650952584,1.1511140370532171
7063,3.448380905606814,2.3814411543601253,1.066939751246689
7064,3.5100206839335772,2.3692035246937397,1.1408171592398375
7065,3.5064384984722863,2.3856929915657163,1.12074550690657
7066,3.508729889025976,2.3475695645772623,1.1611603244487139
7067,3.4797674458030587,2.338559833223132,1.1412076125799269
7068,3.5187320740985744,2.3987338587299427,1.1199982153686316
7069,3.407641322361134,2.3026922005873134,1.1049491217738208
7070,3.469771718265192,2.275194126444342,1.1945775918208499
7071,3.446513550214477,2.2540131874950915,1.1925003627193855
7072,3.417002248390559,2.309569583984701,1.107432664405858
7073,3.4697119767973317,2.3253327013760643,1.1443792754212674
7074,3.437524278096553,2.2719497553782064,1.1655745227183467
7075,3.521968511595985,2.3516488418133887,1.1703196697825962
7076,3.4494891041231965,2.2815287875527797,1.1679603165704169
7077,3.513221360322626,2.4200922866999868,1.0931290736226393
7078,3.519444360755892,2.3842868750928052,1.1351574856630866
7079,3.477996094548344,2.342092427036803,1.135903667511541
7080,3.4970311901120836,2.345490098969683,1.1515410911424007
7081,3.503122131526869,2.36109515577159,1.1420269757552788
7082,3.4382271113842204,2.2563536571295506,1.1818734542546698
7083,3.51954676460054,2.4217663481206535,1.0977804164798863
7084,3.4299617548316057,2.2603380426163313,1.1696237122152744
7085,3.4994049001336274,2.3740667720380633,1.125338128095564
7086,3.3943786596813124,2.221568062742245,1.1728105969390672
7087,3.4593928607755458,2.306395780726393,1.1529970800491527
7088,3.45498012033172,2.3227078391079403,1.1322722812237798
7089,3.501232166920376,2.3853847305807236,1.1158474363396524
7090,3.4236261695386747,2.2892833821912393,1.1343427873474354
7091,3.4077572324569116,2.2266637720315905,1.1810934604253212
7092,3.476429207168203,2.3555117811624795,1.1209174260057235
7093,3.488275126500848,2.333054207745558,1.15522091875529
7094,3.4725940358416376,2.3485587052505617,1.124035330591076
7095,3.517677194542076,2.3694195587789877,1.1482576357630885
7096,3.536308846153341,2.4872326716912636,1.0490761744620776
7097,3.506347963307375,2.3559761815781926,1.1503717817291825
7098,3.395775167763259,2.216194339713743,1.1795808280495157
7099,3.4654999729009366,2.3126576118483593,1.1528423610525773
7100,3.447009328237404,2.265560071983158,1.181449256254246
7101,3.473408856880966,2.345298152532724,1.128110704348242
7102,3.498584047463905,2.323988925816712,1.1745951216471928
7103,3.514405543065326,2.4515481620028705,1.0628573810624555
7104,3.508883154213444,2.4046554932182143,1.10422766099523
7105,3.478569227199387,2.338242862761897,1.14032636443749
7106,3.523144112309079,2.3920927383665767,1.1310513739425025
7107,3.436644674104634,2.2763006761086655,1.1603439979959687
7108,3.451850668184955,2.319633083101988,1.1322175850829668
7109,3.384418318317544,2.206284539654663,1.1781337786628812
7110,3.477204250756063,2.350330507353259,1.126873743402804
7111,3.488448142899415,2.3686726634343795,1.1197754794650354
7112,3.4716673430927365,2.35673150009787,1.1149358429948664
7113,3.4691565959753863,2.407596178651264,1.0615604173241224
7114,3.492383280006353,2.344684675341077,1.1476986046652762
7115,3.4986985341341232,2.3745455497967383,1.124152984337385
7116,3.5008269897078828,2.3864027588202004,1.1144242308876824
7117,3.456177104075352,2.363019354623018,1.0931577494523341
7118,3.439486331564719,2.3015587288653343,1.1379276026993845
7119,3.4657034188956644,2.3580585916252317,1.1076448272704327
7120,3.4738067952809724,2.308943589443257,1.1648632058377153
7121,3.4787646838309962,2.3037833373001013,1.174981346530895
7122,3.531789830256666,2.4119891453716207,1.1198006848850452
7123,3.5264967253778967,2.430497943974621,1.0959987814032757
7124,3.461395441137394,2.361192183293597,1.100203257843797
7125,3.4855151221572154,2.3158417017303394,1.169673420426876
7126,3.470790278959473,2.383107057274108,1.087683221685365
7127,3.5234153614732886,2.4525336890704286,1.07088167240286
7128,3.4508070203358625,2.278822638547014,1.1719843817888487
7129,3.3736272657654256,2.212178006162238,1.1614492596031876
7130,3.4695128637395216,2.407145203222292,1.0623676605172294
7131,3.434432018730162,2.2793245140153466,1.1551075047148154
7132,3.4775627117154375,2.3282571598893216,1.149305551826116
7133,3.532002414261481,2.481287216473455,1.0507151977880258
7134,3.5142855573500285,2.389099063100591,1.1251864942494376
7135,3.4759902826268876,2.409555456802465,1.0664348258244227
7136,3.4282018086946446,2.2765296173276246,1.15167219136702
7137,3.506046529237798,2.409469903760927,1.096576625476871
7138,3.4739027052726588,2.331553700956198,1.1423490043164608
7139,3.4968532876400817,2.427719303750577,1.0691339838895049
7140,3.4657010575170126,2.3074240423505734,1.1582770151664392
7141,3.458815694120583,2.330451531882683,1.1283641622379004
7142,3.5118248626657675,2.416342287344892,1.0954825753208755
7143,3.46534710439752,2.354882124854201,1.1104649795433188
7144,3.4973826969099715,2.4207584911837503,1.0766242057262212
7145,3.500151406665181,2.3837024959313418,1.1164489107338391
7146,3.482487215843425,2.337632018157104,1.1448551976863208
7147,3.4367709081232203,2.2683300478966446,1.1684408602265757
7148,3.431921936480052,2.26362907902807,1.168292857451982
7149,3.528918816472935,2.3963429468523363,1.1325758696205988
7150,3.4323247941730575,2.2586809800939163,1.1736438140791412
7151,3.4384465485050137,2.3005804282750124,1.1378661202300013
7152,3.380557231255514,2.1989552090267397,1.1816020222287742
7153,3.4550256596994897,2.303807575647039,1.1512180840524509
7154,3.5177716835051522,2.4377834867567216,1.0799881967484306
7155,3.439375058649256,2.3303582756698136,1.1090167829794426
7156,3.4361899823341218,2.307093454085398,1.129096528248724
7157,3.416144728959914,2.2770705622957137,1.1390741666642001
7158,3.488931008682666,2.351271355559631,1.137659653123035
7159,3.4719341406835498,2.361051880899811,1.1108822597837387
7160,3.4724652500745403,2.3190329879738507,1.1534322621006896
7161,3.528062394037723,2.4564167173638602,1.071645676673863
7162,3.414577827928372,2.2683280737046845,1.1462497542236876
7163,3.4831419210929986,2.3772193189172945,1.105922602175704
7164,3.4861262803593736,2.354485510087527,1.1316407702718467
7165,3.498930579228529,2.3712423923155765,1.1276881869129523
7166,3.457922863047325,2.3330526235657603,1.1248702394815648
7167,3.518958121699693,2.4234147067146106,1.0955434149850825
7168,3.5156574307860446,2.347605909131881,1.1680515216541636
7169,3.427996254062642,2.236696029860093,1.191300224202549
7170,3.458970056751137,2.340960248990105,1.118009807761032
7171,3.4854953184132285,2.3532669037148475,1.132228414698381
7172,3.4186390411494076,2.3018238583723645,1.1168151827770432
7173,3.5086395445391614,2.3658687975147417,1.1427707470244197
7174,3.4247869179241333,2.299089464960476,1.1256974529636574
7175,3.4418211188943433,2.30829594720925,1.1335251716850934
7176,3.4937409231036987,2.3446323903465576,1.149108532757141
7177,3.50520160144241,2.4261233843209107,1.0790782171214994
7178,3.5146074916690813,2.343393113195774,1.1712143784733073
7179,3.4905873213618595,2.3412030799033903,1.1493842414584692
7180,3.4597523601994347,2.328820542175189,1.1309318180242456
7181,3.4408349422600706,2.2311081939803517,1.209726748279719
7182,3.4318197373557213,2.278446390406484,1.1533733469492375
7183,3.4480893056534314,2.267871268202385,1.1802180374510463
7184,3.5241351304637374,2.4275348893002073,1.09660024116353
7185,3.5063195679440065,2.365230920835123,1.1410886471088832
7186,3.450836127070362,2.2690673962438432,1.1817687308265188
7187,3.436922040152885,2.297066607638812,1.1398554325140728
7188,3.4514402228404353,2.3066753680184124,1.1447648548220228
7189,3.506700975031192,2.3883356328462164,1.1183653421849757
7190,3.481607588379066,2.3043912044456962,1.1772163839333696
7191,3.480874089196354,2.306971609676501,1.1739024795198527
7192,3.443221978669932,2.3026556256234296,1.1405663530465024
7193,3.5289505307097926,2.4333149065232593,1.0956356241865333
7194,3.512941422818778,2.439303144328294,1.0736382784904839
7195,3.512853683666684,2.3801875442185727,1.1326661394481112
7196,3.4546263022099386,2.314096575046047,1.1405297271638917
7197,3.494456599782218,2.419412442262772,1.075044157519446
7198,3.387035438235445,2.2307168404709885,1.1563185977644563
7199,3.4711023159937686,2.335390058125388,1.1357122578683807
7200,3.46757860880562,2.3933212212971235,1.0742573875084966
7201,3.429603914327822,2.287951755621689,1.1416521587061332
7202,3.4545788287244887,2.3435910242152955,1.1109878045091932
7203,3.517253816065061,2.3642768103201677,1.1529770057448934
7204,3.490673247981878,2.3339001233950047,1.156773124586873
7205,3.4492110716305926,2.282864371105514,1.1663467005250787
7206,3.4746708166082545,2.3580972396882753,1.1165735769199792
7207,3.5240715036020527,2.387472316032259,1.1365991875697938
7208,3.5074615004388607,2.348616741333594,1.1588447591052669
7209,3.4814038028956786,2.33074908423901,1.1506547186566687
7210,3.5082619177932672,2.4004607220861525,1.1078011957071148
7211,3.4766530307397523,2.3401388220374812,1.136514208702271
7212,3.546903083779527,2.516692033411059,1.0302110503684676
7213,3.484396383498526,2.34349031477398,1.1409060687245463
7214,3.409557309950829,2.223754393211373,1.1858029167394561
7215,3.463769004983483,2.3304063987805654,1.1333626062029176
7216,3.507899776394346,2.3855284904317564,1.1223712859625894
7217,3.4655759615483688,2.3453999966323575,1.1201759649160112
7218,3.481000519214757,2.3719930366606374,1.1090074825541194
7219,3.440229755700423,2.277444458891485,1.1627852968089383
7220,3.482360783483053,2.367798109419263,1.11456267406379
7221,3.5162649063287335,2.422345957847519,1.0939189484812144
7222,3.4249358599393207,2.3029122457002362,1.1220236142390845
7223,3.448532844681864,2.315483769391987,1.1330490752898772
7224,3.4802080957518267,2.3851800123868894,1.0950280833649373
7225,3.4840413998392252,2.3547828333064036,1.1292585665328216
7226,3.479155396605286,2.313376472078313,1.1657789245269727
7227,3.504454434227707,2.400320741088016,1.104133693139691
7228,3.4604479165498425,2.3601536350337575,1.100294281516085
7229,3.524208734991972,2.44449375290445,1.079714982087522
7230,3.4325133072267677,2.321008353255153,1.1115049539716146
7231,3.4224554310593795,2.256850031177405,1.1656053998819744
7232,3.466726795885252,2.3229835464140107,1.1437432494712412
7233,3.472342825519935,2.327062763001681,1.1452800625182538
7234,3.505068513344161,2.3529997735726864,1.1520687397714746
7235,3.47991306800724,2.327499425757834,1.1524136422494062
7236,3.4287940142072983,2.2399261352738953,1.188867878933403
7237,3.431785184896073,2.2715042614769003,1.1602809234191729
7238,3.468257791257555,2.429512403386691,1.038745387870864
7239,3.4915802661585373,2.387877730122717,1.1037025360358204
7240,3.5163669096977617,2.354187478939703,1.1621794307580586
7241,3.4681772493726943,2.3639117752815446,1.1042654740911497
7242,3.5088913008643363,2.347636085415459,1.161255215448877
7243,3.494727051052871,2.361335937635912,1.133391113416959
7244,3.4822377570759016,2.3768301358978037,1.1054076211780979
7245,3.40592500823347,2.2416816070520538,1.1642434011814164
7246,3.429316959445719,2.3237743970808724,1.1055425623648465
7247,3.452257071869428,2.345834269764045,1.1064228021053832
7248,3.5138997949037916,2.5131600089140522,1.0007397859897393
7249,3.4433275790910653,2.2393725270611915,1.2039550520298739
7250,3.423929343134622,2.2893519614624154,1.1345773816722065
7251,3.359762375676431,2.156077565204447,1.2036848104719842
7252,3.5348155230544958,2.467427812813194,1.0673877102413019
7253,3.5268587096209965,2.4225784963247317,1.1042802132962648
7254,3.47303199869759,2.2917868057091186,1.1812451929884715
7255,3.5053500532907034,2.3771243636012254,1.128225689689478
7256,3.5254584425101285,2.3899415695167088,1.1355168729934197
7257,3.4837537137747767,2.3220629766279623,1.1616907371468144
7258,3.4454625706815545,2.2687461760587024,1.176716394622852
7259,3.4165552454880825,2.2598430016465705,1.156712243841512
7260,3.4867280402431415,2.356332395396159,1.1303956448469825
7261,3.507281380215743,2.415739444651713,1.0915419355640301
7262,3.4465846941840224,2.2968159870247127,1.1497687071593097
7263,3.4543994621053464,2.3343111686666393,1.120088293438707
7264,3.443317984054229,2.305902180978441,1.1374158030757884
7265,3.4839254451295694,2.352800483257035,1.1311249618725343
7266,3.532331342224828,2.5153010892604937,1.0170302529643345
7267,3.519322665419007,2.3932152040095027,1.1261074614095041
7268,3.471199949450888,2.3221435544239557,1.1490563950269324
7269,3.4841406957718064,2.384282889668041,1.0998578061037656
7270,3.4941246332348808,2.38268928035301,1.1114353528818706
7271,3.4805201849414455,2.344188330197548,1.1363318547438976
7272,3.475688675223063,2.3661377659919913,1.1095509092310718
7273,3.4187749473312294,2.2325809698145562,1.1861939775166732
7274,3.3736969018165603,2.1617466954221647,1.2119502063943957
7275,3.4895178294556293,2.375252585644958,1.1142652438106713
7276,3.442886578786454,2.2867026041746445,1.1561839746118094
7277,3.503943214125459,2.444371390401547,1.0595718237239122
7278,3.4293706529381405,2.252275517489978,1.1770951354481625
7279,3.4472439954190355,2.291351701274027,1.1558922941450085
7280,3.4888452428480052,2.37915912454446,1.1096861183035451
7281,3.491722465207262,2.304843483292102,1.18687898191516
7282,3.5157289804718577,2.4015183070155,1.1142106734563577
7283,3.449965226810923,2.3297627899957236,1.1202024368151995
7284,3.4529616400383727,2.2906643755870024,1.1622972644513703
7285,3.487525155589469,2.3424477005766113,1.1450774550128577
7286,3.43434119932733,2.277289229889249,1.157051969438081
7287,3.480952247149472,2.3515219028550676,1.1294303442944043
7288,3.4370818692457634,2.3003749863014247,1.1367068829443387
7289,3.4357761912922435,2.281363310678171,1.1544128806140725
7290,3.483735089884461,2.3401065422135465,1.1436285476709145
7291,3.428375520749203,2.314382905467491,1.113992615281712
7292,3.470233216010856,2.3299305291569294,1.1403026868539268
7293,3.4765711972883553,2.3292702321105088,1.1473009651778465
7294,3.4369948250864786,2.264574357108015,1.1724204679784638
7295,3.4515687857698563,2.3399531155388815,1.1116156702309747
7296,3.4368460212410668,2.2651873111358283,1.1716587101052385
7297,3.3448874747193624,2.142526930085859,1.2023605446335033
7298,3.5474290425035475,2.491900683031636,1.0555283594719116
7299,3.448004730271109,2.3217438031103517,1.1262609271607573
7300,3.458301038884536,2.341204225193934,1.117096813690602
7301,3.4552981997437993,2.379607848328307,1.075690351415492
7302,3.5233621572334726,2.440144399517922,1.0832177577155506
7303,3.460491055510196,2.284739643894243,1.1757514116159533
7304,3.4055619396402705,2.255557747254517,1.1500041923857536
7305,3.4062245201166848,2.2454484451996386,1.1607760749170462
7306,3.390207451132421,2.2162403709954708,1.1739670801369502
7307,3.475345703673105,2.335971913447781,1.1393737902253238
7308,3.4683240829139117,2.3452290127418087,1.123095070172103
7309,3.4904569953829636,2.3579271578863756,1.132529837496588
7310,3.48111412298297,2.3770408850226508,1.104073237960319
7311,3.506147721841606,2.4688325750971676,1.0373151467444384
7312,3.409041334178797,2.2582337590900114,1.1508075750887854
7313,3.49350518574867,2.37146215844565,1.12204302730302
7314,3.4419794560127346,2.277516986222564,1.1644624697901707
7315,3.4341998289799083,2.322526581135582,1.111673247844326
7316,3.4798869535852965,2.3613999036532447,1.1184870499320518
7317,3.4668741435969093,2.3303669393287763,1.136507204268133
7318,3.522159490928998,2.414901750279622,1.1072577406493762
7319,3.4784767469369124,2.330317856929861,1.1481588900070516
7320,3.456101082700484,2.3035307566242187,1.1525703260762654
7321,3.460762264051723,2.2817236273775374,1.1790386366741856
7322,3.4917890922442383,2.441447853814897,1.0503412384293411
7323,3.5115007274423804,2.460970322602951,1.0505304048394293
7324,3.515256305271886,2.380004376279349,1.135251928992537
7325,3.52521803952663,2.435664504039277,1.0895535354873531
7326,3.5168203541319145,2.3938269865315673,1.1229933676003472
7327,3.496734521762569,2.3636629789697174,1.1330715427928517
7328,3.4219929132534768,2.2791951764284955,1.1427977368249813
7329,3.4027276202327865,2.3172003380560615,1.085527282176725
7330,3.511252020124584,2.3734215371257026,1.1378304829988815
7331,3.461922430732184,2.353071202212173,1.108851228520011
7332,3.520590553481341,2.4368617110385538,1.0837288424427873
7333,3.506985911407242,2.442913538464324,1.0640723729429178
7334,3.404484237301413,2.2490590464144145,1.1554251908869984
7335,3.514062182057066,2.422470406676936,1.09159177538013
7336,3.4742675672073715,2.3220758683562495,1.152191698851122
7337,3.465514525609974,2.3085356621897617,1.1569788634202123
7338,3.4952219179699884,2.3746833102366445,1.120538607733344
7339,3.5078018366986568,2.440940892316109,1.0668609443825479
7340,3.4044421579968605,2.2269298985865875,1.177512259410273
7341,3.386813164825028,2.2312234444768935,1.1555897203481345
7342,3.526432078952763,2.433838077534028,1.092594001418735
7343,3.4883215840185766,2.3859784788707947,1.1023431051477819
7344,3.479110585335588,2.3608716541163832,1.1182389312192047
7345,3.405289844179888,2.2759951932026343,1.1292946509772537
7346,3.4725449662660353,2.385383266444197,1.0871616998218383
7347,3.475583394172233,2.40730699989649,1.0682763942757427
7348,3.4214167474950905,2.284627567703373,1.1367891797917173
7349,3.44020373157704,2.2571425952428714,1.1830611363341688
7350,3.525824052824749,2.435291246712002,1.0905328061127473
7351,3.5284779884287505,2.462006170276422,1.0664718181523285
7352,3.483460478414824,2.299427427528916,1.1840330508859083
7353,3.444108291704777,2.325326515669243,1.1187817760355343
7354,3.5049514963177537,2.4090286669446965,1.0959228293730572
7355,3.4007719140514925,2.247669531165083,1.1531023828864093
7356,3.5094497845933437,2.396305736185622,1.1131440484077215
7357,3.513562672220062,2.3804832668411575,1.1330794053789046
7358,3.401328644455753,2.1995657915929883,1.2017628528627649
7359,3.5234961164647345,2.3906210283912963,1.1328750880734382
7360,3.5303424356330293,2.424120593631501,1.1062218420015282
7361,3.4600410996621354,2.3234258665419314,1.136615233120204
7362,3.4472573493308154,2.3211365612669286,1.1261207880638868
7363,3.3864660255065044,2.2194590805185244,1.16700694498798
7364,3.4186335458094455,2.2281052694763845,1.190528276333061
7365,3.4651601703795385,2.2716112740790484,1.19354889630049
7366,3.488470391758671,2.4149499965484282,1.0735203952102426
7367,3.517517848188845,2.4302754766083803,1.0872423715804649
7368,3.479029677634661,2.3530860595582515,1.1259436180764095
7369,3.4292091835695806,2.3986224786183343,1.0305867049512463
7370,3.446789709311218,2.2665977214639694,1.1801919878472487
7371,3.5133828704030985,2.4319527492356663,1.0814301211674322
7372,3.529819556045893,2.4538624777595746,1.0759570782863186
7373,3.4059068279236926,2.28949321419763,1.1164136137260625
7374,3.4925301324291675,2.3367063405847097,1.1558237918444578
7375,3.4790640746139507,2.3620299006347856,1.1170341739791652
7376,3.4653861432074535,2.3201468808992085,1.145239262308245
7377,3.4593961920651517,2.3239942556537696,1.135401936411382
7378,3.482396053922913,2.382649825081556,1.0997462288413566
7379,3.4214599361416145,2.2160330393344974,1.2054268968071171
7380,3.4564804131221845,2.2675779926855704,1.188902420436614
7381,3.4370272949986393,2.268895342445074,1.1681319525535652
7382,3.4648553184364057,2.3112081623204057,1.153647156116
7383,3.373951036056249,2.282098781160911,1.091852254895338
7384,3.4842256523322166,2.3069741524514478,1.1772514998807688
7385,3.505172332599141,2.4049637863497173,1.1002085462494238
7386,3.454639140818673,2.2828969037870124,1.1717422370316606
7387,3.5186128217686994,2.511544612955003,1.0070682088136964
7388,3.5263498459431735,2.3582567494873654,1.168093096455808
7389,3.4558199962862077,2.3364410275263126,1.1193789687598952
7390,3.4951167312049236,2.40043387689392,1.0946828543110034
7391,3.4802809365620657,2.3141749823713487,1.166105954190717
7392,3.4679560536649725,2.3482326159282203,1.1197234377367522
7393,3.4824324230525265,2.3415297711896677,1.1409026518628589
7394,3.47312987660097,2.3675654702680546,1.1055644063329155
7395,3.443615953070195,2.3053396929016317,1.1382762601685634
7396,3.4773188252979774,2.3462457709496616,1.1310730543483158
7397,3.506714555884234,2.4041285037796727,1.1025860521045612
7398,3.4953252458188637,2.5016736325140525,0.9936516133048112
7399,3.449790182563122,2.2874012031185815,1.1623889794445406
7400,3.4851068044270384,2.3555457184488757,1.1295610859781626
7401,3.529071829253463,2.3763371858133353,1.1527346434401275
7402,3.52779858387442,2.44514096630354,1.08265761757088
7403,3.4685075599577333,2.318977303153151,1.1495302568045824
7404,3.3547925463485244,2.180235884208967,1.1745566621395573
7405,3.4844281662566003,2.3661729819504305,1.1182551843061699
7406,3.430055912812024,2.326878761713722,1.103177151098302
7407,3.4855210331563655,2.384481345633795,1.1010396875225705
7408,3.4033968059795874,2.174199223888006,1.2291975820915813
7409,3.4155408318200995,2.2715940152101783,1.1439468166099211
7410,3.4617416310668134,2.3527292089460117,1.1090124221208018
7411,3.517660331096645,2.406691722146153,1.110968608950492
7412,3.402427470256605,2.239647202851916,1.1627802674046892
7413,3.5098060862231546,2.3649192417937224,1.1448868444294322
7414,3.4346478710053834,2.3418398747945144,1.092807996210869
7415,3.5034342981496382,2.3699607321773373,1.133473565972301
7416,3.508117896347964,2.375445652093814,1.1326722442541497
7417,3.4736638976929934,2.3208641756628805,1.152799722030113
7418,3.4409239924417987,2.2526569723595435,1.1882670200822552
7419,3.533377017534822,2.499811175803518,1.0335658417313036
7420,3.4593859271947394,2.395038685596995,1.0643472415977442
7421,3.4726874293818804,2.3452762138421948,1.1274112155396856
7422,3.452384892793651,2.315814994971119,1.136569897822532
7423,3.446090969022421,2.308942727658539,1.137148241363882
7424,3.430288575883152,2.298913986343293,1.1313745895398588
7425,3.382304826798938,2.1972259298762493,1.1850788969226889
7426,3.512485368343996,2.3950812154009395,1.1174041529430565
7427,3.484128991532921,2.359990953974819,1.1241380375581023
7428,3.4782346456843656,2.322131932557183,1.1561027131271824
7429,3.5096504580088093,2.410239419988984,1.0994110380198254
7430,3.4476337268071378,2.3133165744740554,1.1343171523330824
7431,3.400263788954239,2.2296873914395627,1.1705763975146763
7432,3.446831258696882,2.2865042116360472,1.160327047060835
7433,3.4415910334514845,2.275097227377057,1.1664938060744277
7434,3.5154024314293126,2.3729000309988653,1.1425024004304474
7435,3.4892564823445795,2.363759206448712,1.1254972758958677
7436,3.508967544150452,2.375431868171965,1.1335356759784871
7437,3.455208699945947,2.3188861407061125,1.1363225592398343
7438,3.4844975135903957,2.3483781607652734,1.1361193528251223
7439,3.5325587964301626,2.430414757667094,1.1021440387630688
7440,3.459496302066861,2.30217802894846,1.1573182731184009
7441,3.4853792518833573,2.3176601030228885,1.1677191488604688
7442,3.4421147663466987,2.269832646831667,1.1722821195150317
7443,3.4759894027509675,2.347971800548171,1.1280176022027963
7444,3.5215283598593765,2.381745518430091,1.1397828414292857
7445,3.4121847366934883,2.2839721873884096,1.1282125493050787
7446,3.5035196478645085,2.3933497718629644,1.1101698760015442
7447,3.4378093630131477,2.334235962876408,1.1035734001367397
7448,3.4652111479123926,2.2976447997212084,1.1675663481911842
7449,3.4971738023495607,2.450270942273236,1.0469028600763246
7450,3.50615704079677,2.3963440748426157,1.1098129659541542
7451,3.5111323043181817,2.399586277054586,1.1115460272635955
7452,3.5247331554955212,2.474381617110209,1.0503515383853124
7453,3.473309676197769,2.3577451765793085,1.1155644996184604
7454,3.4732589830969487,2.3286904110514195,1.1445685720455292
7455,3.5134504856618256,2.5025455178031004,1.0109049678587252
7456,3.460768634891683,2.3689418243148994,1.0918268105767837
7457,3.485314929686016,2.2976062636391013,1.1877086660469147
7458,3.443315994569611,2.2881873213660855,1.1551286732035253
7459,3.5023532139261,2.346412664755316,1.1559405491707841
7460,3.448547224121736,2.2998673625124013,1.1486798616093346
7461,3.4936289941953933,2.3908602265779657,1.1027687676174276
7462,3.4325461655605762,2.280480659286287,1.152065506274289
7463,3.4484078743537894,2.311872838215228,1.1365350361385613
7464,3.509508872346114,2.3497178194081667,1.1597910529379472
7465,3.4768129130929744,2.283673507987221,1.1931394051057533
7466,3.5061181617798582,2.4482009091942167,1.0579172525856415
7467,3.4777376601342795,2.3630402940818205,1.114697366052459
7468,3.4886842668521205,2.3517555786691386,1.1369286881829819
7469,3.4529381222024873,2.3952952395569405,1.0576428826455468
7470,3.5074083131632516,2.5117054323134362,0.9957028808498154
7471,3.49820709929433,2.3720606958135937,1.1261464034807362
7472,3.460265273106506,2.351003025542968,1.1092622475635379
7473,3.380451489594338,2.1860660447853077,1.19438544480903
7474,3.505264954120872,2.3546536509133387,1.1506113032075334
7475,3.477354337429973,2.3505909924764032,1.1267633449535697
7476,3.5128003681871167,2.3832123936674745,1.1295879745196422
7477,3.460255422600601,2.3577997429267983,1.1024556796738025
7478,3.449378856252152,2.3488600739280696,1.1005187823240825
7479,3.440492930292182,2.2823754170787347,1.1581175132134471
7480,3.5170473682054264,2.392360877708607,1.1246864904968192
7481,3.5153687501441686,2.3884120504753006,1.126956699668868
7482,3.43466618202449,2.296330362412117,1.1383358196123732
7483,3.5245536847428296,2.4036932392623482,1.1208604454804814
7484,3.421060356470359,2.3613657107682906,1.0596946457020686
7485,3.457027493016788,2.3137615585954827,1.1432659344213052
7486,3.4409078288263446,2.306565142982298,1.1343426858440466
7487,3.435413007013614,2.283365321222001,1.1520476857916133
7488,3.5224303550790106,2.3620758904692045,1.160354464609806
7489,3.4769294665359047,2.3771558223412925,1.0997736441946122
7490,3.4798784956356075,2.2775062372883834,1.202372258347224
7491,3.4464066133202116,2.3554707888570774,1.0909358244631342
7492,3.5162968796136753,2.5104886453779494,1.005808234235726
7493,3.534647904026377,2.459576404580775,1.075071499445602
7494,3.5451345954983555,2.4967555633863623,1.0483790321119932
7495,3.446945431308096,2.2459174584766446,1.2010279728314512
7496,3.46922429800908,2.3789975214468075,1.0902267765622726
7497,3.4684492073276285,2.3988711207796745,1.069578086547954
7498,3.4795937168472926,2.3199257819293266,1.159667934917966
7499,3.3877953824505727,2.2006002483348306,1.187195134115742
7500,3.4950510431230444,2.3761140257289286,1.1189370173941158
7501,3.5008128996167924,2.3603885715542114,1.140424328062581
7502,3.4859496398254706,2.3788086839970655,1.107140955828405
7503,3.460848687120025,2.284163298471998,1.1766853886480266
7504,3.51279563174113,2.4392599581324865,1.0735356736086437
7505,3.510751460367132,2.373795659412447,1.1369558009546847
7506,3.514436285594785,2.3875548109327114,1.1268814746620737
7507,3.4692032681824414,2.318612007620644,1.1505912605617974
7508,3.497587181058023,2.3335634498259132,1.1640237312321098
7509,3.514780850405308,2.39348688559522,1.121293964810088
7510,3.3915647279813292,2.2661909153759248,1.1253738126054045
7511,3.493919556960347,2.3218635507945766,1.1720560061657705
7512,3.477778260542147,2.3627130315302383,1.1150652290119085
7513,3.4556301786274433,2.3235324361703,1.1320977424571432
7514,3.511329887307547,2.4585879980320886,1.0527418892754583
7515,3.4470659518650355,2.312588573486145,1.1344773783788904
7516,3.5038803541338552,2.4229687618832583,1.080911592250597
7517,3.4144483871210913,2.256289546310737,1.1581588408103545
7518,3.539638062326779,2.453115402330265,1.0865226599965139
7519,3.521518567572291,2.3788219190443693,1.1426966485279215
7520,3.460909322641042,2.3160473296679083,1.1448619929731336
7521,3.4413587592566315,2.295770310001539,1.1455884492550923
7522,3.3572659564010268,2.2019803537420177,1.155285602659009
7523,3.4493554430004254,2.2691051597203455,1.1802502832800799
7524,3.4920772673386375,2.3207420579631948,1.1713352093754428
7525,3.4893953450573334,2.3379121578891735,1.15148318716816
7526,3.477293404995248,2.2966032861263947,1.1806901188688532
7527,3.4159721066831237,2.217786054283138,1.1981860523999859
7528,3.4826875088775755,2.393058010431199,1.0896294984463766
7529,3.48685194425895,2.348619814759323,1.138232129499627
7530,3.4751181001298312,2.3043725952519827,1.1707455048778486
7531,3.4704069848867536,2.3402972515208633,1.1301097333658903
7532,3.4452787621226566,2.289836278104785,1.1554424840178714
7533,3.4975430909752117,2.411200451593885,1.0863426393813267
7534,3.5234254329148573,2.3912043065162845,1.1322211263985729
7535,3.4504154702862917,2.2728340185598883,1.1775814517264034
7536,3.4884399005106697,2.3477011712367677,1.140738729273902
7537,3.4900498793754156,2.330085165803546,1.1599647135718696
7538,3.414600315068975,2.2563359023965934,1.1582644126723816
7539,3.495267496795874,2.3629266745259634,1.1323408222699105
7540,3.4325978354893967,2.246285719733115,1.1863121157562815
7541,3.4603107637817625,2.3264888288682823,1.1338219349134802
7542,3.4443988127699083,2.2995002027565454,1.144898610013363
7543,3.5039307312704273,2.4068415138220485,1.0970892174483788
7544,3.458413928032718,2.291018754692922,1.1673951733397958
7545,3.4353858966458124,2.3102653190285,1.1251205776173125
7546,3.4790033698072174,2.37962666214287,1.0993767076643475
7547,3.3966845648231074,2.2310143056936673,1.1656702591294401
7548,3.5343990332392528,2.4295056474851684,1.1048933857540844
7549,3.4603326811085853,2.404095375562655,1.0562373055459302
7550,3.464106542596944,2.3620610241156417,1.1020455184813023
7551,3.4585603652920827,2.3455338443994194,1.1130265208926633
7552,3.468912318700258,2.3484194517794093,1.120492866920849
7553,3.515035147131521,2.3729918820620326,1.1420432650694883
7554,3.508827869493265,2.455996434090131,1.0528314354031343
7555,3.3824035218911574,2.2356382309476133,1.1467652909435442
7556,3.406729053244374,2.2189826570637314,1.1877463961806427
7557,3.456437208382211,2.315834563009458,1.140602645372753
7558,3.40703330598133,2.2333074559279007,1.173725850053429
7559,3.510521381398226,2.413206829066937,1.097314552331289
7560,3.459193292365141,2.312585929855154,1.1466073625099868
7561,3.495312100633092,2.4277877475620624,1.0675243530710294
7562,3.491996092632872,2.3276140789773003,1.1643820136555716
7563,3.457051575568036,2.27225072412662,1.1848008514414161
7564,3.4163948932103634,2.2691660307397266,1.1472288624706368
7565,3.4949333069013773,2.355027455898367,1.1399058510030105
7566,3.508867898279693,2.4124953488655096,1.0963725494141832
7567,3.423985869696075,2.297873263592303,1.126112606103772
7568,3.5245239541181763,2.4082597660801186,1.1162641880380577
7569,3.4085983021286768,2.2359820578177656,1.1726162443109112
7570,3.4113149061331347,2.201603163718669,1.2097117424144659
7571,3.5198683576551373,2.480645009710073,1.039223347945064
7572,3.4900268912668797,2.3670253265560333,1.1230015647108464
7573,3.4698507952441,2.317922643658291,1.151928151585809
7574,3.5080327654447196,2.376799196715985,1.1312335687287347
7575,3.4600817712097216,2.3212848920670064,1.1387968791427152
7576,3.425634361116164,2.3140598144403577,1.1115745466758065
7577,3.388951715806,2.2115206402592182,1.1774310755467816
7578,3.4757426924247548,2.334004569703974,1.1417381227207808
7579,3.51052489678145,2.4423597445378844,1.0681651522435658
7580,3.3589972967002484,2.189023505649018,1.1699737910512304
7581,3.4616336882879493,2.2970324776963897,1.1646012105915595
7582,3.509019661062607,2.430786203040149,1.0782334580224582
7583,3.527978198786836,2.449891244657708,1.078086954129128
7584,3.534475821845239,2.454456171935499,1.0800196499097399
7585,3.44448907290832,2.3480905370355463,1.096398535872774
7586,3.5038838742201004,2.343984564394054,1.1598993098260464
7587,3.4184942864759047,2.2667867661848424,1.1517075202910623
7588,3.5116633212081174,2.444110466512763,1.0675528546953545
7589,3.4142633856048197,2.2185828654907476,1.195680520114072
7590,3.476433295945966,2.379948837005615,1.0964844589403508
7591,3.416043303075825,2.2358276002739794,1.1802157028018456
7592,3.4805162648770773,2.332651435197603,1.1478648296794742
7593,3.4432070154407,2.3593058470658934,1.0839011683748065
7594,3.409470387872243,2.230484422502868,1.178985965369375
7595,3.411887201743754,2.2421157193187455,1.1697714824250083
7596,3.4278803862839307,2.2898914099870704,1.1379889762968602
7597,3.422527490358826,2.324644209013434,1.0978832813453923
7598,3.5048940704538687,2.385017283318046,1.1198767871358228
7599,3.478351540375267,2.3105025720577568,1.1678489683175104
7600,3.469021362619807,2.3204358685752404,1.1485854940445668
7601,3.4766339470099954,2.31452137984084,1.1621125671691552
7602,3.503790615308283,2.4134368294609443,1.0903537858473387
7603,3.5184618539515147,2.433820364732267,1.0846414892192477
7604,3.5115672234714155,2.4216521779702394,1.0899150455011761
7605,3.475205164026225,2.3558660380264453,1.1193391259997796
7606,3.481423321663525,2.3453912828873595,1.1360320387761655
7607,3.511654986744834,2.3743815639212533,1.1372734228235806
7608,3.431084556352269,2.2369057879933507,1.1941787683589182
7609,3.4325180802102877,2.29612789731235,1.1363901828979377
7610,3.43783895704958,2.308746843589334,1.129092113460246
7611,3.4631011004875423,2.3088448669133377,1.1542562335742046
7612,3.5091683859592386,2.4595285685082255,1.049639817451013
7613,3.468372493005946,2.3246303650380984,1.1437421279678475
7614,3.4312624900470503,2.262319799814523,1.1689426902325275
7615,3.456103838952807,2.331823375685662,1.1242804632671448
7616,3.471074268245538,2.3163967633172478,1.1546775049282902
7617,3.5110955662938848,2.3742716208376446,1.13682394545624
7618,3.4985857823524222,2.3507790581332433,1.147806724219179
7619,3.4804844460453146,2.3581048881297684,1.1223795579155462
7620,3.4490846295119995,2.303771342396785,1.1453132871152145
7621,3.436478679835649,2.3122907396754893,1.1241879401601595
7622,3.487624592678382,2.3137037251843333,1.173920867494049
7623,3.4029066942162105,2.2360360269086272,1.1668706673075833
7624,3.442191056828706,2.291620780363566,1.1505702764651398
7625,3.451553692271284,2.302921479434973,1.148632212836311
7626,3.513732877379837,2.3924676338713033,1.1212652435085335
7627,3.4991686517340344,2.4017233909637157,1.0974452607703187
7628,3.5270846123284243,2.4288924788775637,1.0981921334508606
7629,3.3588743086557606,2.1951765999719153,1.1636977086838454
7630,3.4457136137389512,2.254464027565271,1.1912495861736803
7631,3.4315518156840823,2.2398603132058024,1.19169150247828
7632,3.4914609994342207,2.364849213208788,1.1266117862254328
7633,3.433601167432805,2.2703840597468843,1.1632171076859206
7634,3.4323675614111964,2.3016893157723866,1.1306782456388098
7635,3.462190961876496,2.323108883019694,1.1390820788568017
7636,3.482004405269889,2.3584065214461742,1.1235978838237148
7637,3.484492755698324,2.3321533560027734,1.1523393996955504
7638,3.444536834844766,2.27163819930176,1.1728986355430062
7639,3.5132113196781964,2.381693968006067,1.1315173516721293
7640,3.4524410321848342,2.3390677829376005,1.1133732492472337
7641,3.4754894943662125,2.325935646392124,1.1495538479740883
7642,3.4205001242256903,2.295645889974607,1.1248542342510834
7643,3.5193110443765834,2.3766153587457644,1.142695685630819
7644,3.5187106073857333,2.4712302540468865,1.0474803533388468
7645,3.4799248835999523,2.3489740181933296,1.1309508654066227
7646,3.527847671289882,2.4337354309277934,1.0941122403620884
7647,3.48411976321312,2.375746079104586,1.108373684108534
7648,3.486206720998367,2.37377176471662,1.112434956281747
7649,3.4510210804322066,2.2686482887599286,1.182372791672278
7650,3.4539245117957167,2.2944315929245995,1.1594929188711172
7651,3.5181008343620688,2.407638503858215,1.1104623305038537
7652,3.484197459165159,2.363084068253575,1.1211133909115842
7653,3.439646468318908,2.2980360291793054,1.1416104391396025
7654,3.4233214683771664,2.2882131422681558,1.1351083261090107
7655,3.507958349057585,2.3914454279209894,1.1165129211365956
7656,3.422614258674932,2.2709880254751273,1.1516262331998046
7657,3.505840203782585,2.342407138964934,1.1634330648176512
7658,3.4883887263661975,2.3779085851627033,1.1104801412034941
7659,3.5138131359402123,2.378240966544359,1.1355721693958531
7660,3.3414782595423618,2.112246615628634,1.2292316439137276
7661,3.399188185237913,2.2126880418041406,1.1865001434337725
7662,3.481384196228791,2.344036066061287,1.1373481301675037
7663,3.4705666606918526,2.3454737733543944,1.1250928873374582
7664,3.4365465352392235,2.2765229876095807,1.1600235476296428
7665,3.399047760580558,2.303585190260529,1.095462570320029
7666,3.457990511076085,2.3156759019428588,1.1423146091332264
7667,3.4890971114546514,2.344469018488561,1.1446280929660904
7668,3.426850191317061,2.300385457288197,1.1264647340288638
7669,3.445614400999184,2.3147034258286974,1.1309109751704867
7670,3.4752763901656176,2.365185780348793,1.1100906098168246
7671,3.443172606044451,2.2733690653625263,1.169803540681925
7672,3.5148951831244992,2.3517232643529127,1.1631719187715865
7673,3.430529903164679,2.288485649135064,1.142044254029615
7674,3.5150244405063282,2.3550737392153085,1.1599507012910197
7675,3.505590913396312,2.351123741939818,1.1544671714564942
7676,3.5067608097870093,2.4639662933702318,1.0427945164167776
7677,3.3756217727816353,2.2113218642765755,1.1642999085050598
7678,3.4938851003182116,2.345652747861589,1.1482323524566227
7679,3.44782702041948,2.2571437896341937,1.1906832307852864
7680,3.4787943337054186,2.2928052137506914,1.1859891199547272
7681,3.482743399715917,2.356057239881573,1.1266861598343438
7682,3.446357610845448,2.263912343235882,1.182445267609566
7683,3.468347470869348,2.2913561053345814,1.1769913655347666
7684,3.451499039947681,2.279950153645485,1.1715488863021957
7685,3.4937588262216694,2.407446037508346,1.0863127887133235
7686,3.457686190587552,2.280189399017426,1.1774967915701264
7687,3.526232356689826,2.4335865286486724,1.0926458280411535
7688,3.4380761072845876,2.30160378519572,1.1364723220888675
7689,3.437287372077665,2.24468702482744,1.1926003472502251
7690,3.4127431404678226,2.263195385251742,1.1495477552160804
7691,3.456020121361407,2.3286528795218113,1.1273672418395955
7692,3.3995145368988844,2.229157499376931,1.1703570375219532
7693,3.5182871791196355,2.441616017893212,1.0766711612264235
7694,3.4708434967376824,2.361607046900448,1.1092364498372342
7695,3.5098299468860663,2.3508657244795876,1.1589642224064787
7696,3.4698012955918545,2.329798484813818,1.1400028107780367
7697,3.5000603524759324,2.4158638430171115,1.0841965094588208
7698,3.515683795742842,2.4460406881346697,1.0696431076081723
7699,3.42411266035204,2.284328534689537,1.1397841256625032
7700,3.448571752173615,2.2943052460563624,1.1542665061172523
7701,3.4385170724370853,2.2422972181098717,1.1962198543272136
7702,3.4650811433929016,2.3367314811549993,1.1283496622379023
7703,3.4495527927349445,2.3113262048871257,1.1382265878478188
7704,3.4987495519825855,2.3584608655479373,1.1402886864346482
7705,3.5093841328254998,2.4063336349181506,1.1030504979073492
7706,3.5057295490659084,2.372228316384839,1.1335012326810694
7707,3.4519719124616723,2.389334316036979,1.0626375964246932
7708,3.4619508402891297,2.351465285955947,1.1104855543331826
7709,3.5081530053113648,2.3739551479015693,1.1341978574097955
7710,3.4696677854296785,2.352485024349153,1.1171827610805254
7711,3.5070193551248554,2.4421270026890025,1.064892352435853
7712,3.5108452299889525,2.4269825750178735,1.083862654971079
7713,3.525763789181904,2.4248573219975182,1.1009064671843856
7714,3.4911557852217325,2.37930224975199,1.1118535354697427
7715,3.419785820626026,2.2395083501919615,1.1802774704340644
7716,3.5104003830765147,2.4114159076138315,1.0989844754626832
7717,3.4320168148910577,2.2442035400942704,1.1878132747967873
7718,3.4504341683339543,2.3187612962034243,1.13167287213053
7719,3.4924978090295316,2.3879337769538735,1.104564032075658
7720,3.4765831086005563,2.3775544858985427,1.0990286227020136
7721,3.51130348168011,2.3889933774169783,1.1223101042631316
7722,3.5275615244298484,2.454939725849602,1.0726217985802462
7723,3.4842977354803515,2.338228342011657,1.1460693934686943
7724,3.4904856225248766,2.320109341880658,1.1703762806442186
7725,3.5252871527868166,2.476089222667996,1.0491979301188206
7726,3.5240218571490107,2.401023908459544,1.1229979486894668
7727,3.5196606339912457,2.3891218618869137,1.130538772104332
7728,3.5103390074581573,2.3646720744064913,1.145666933051666
7729,3.4349486458114993,2.289123079542473,1.1458255662690262
7730,3.521158869528058,2.442906936391751,1.0782519331363067
7731,3.373552909780765,2.2076285160732265,1.1659243937075385
7732,3.466128580463969,2.3201236502566043,1.146004930207365
7733,3.497063614347415,2.3786791032778054,1.1183845110696096
7734,3.5308980677236086,2.4887313944023246,1.042166673321284
7735,3.4279118235823223,2.246866540281588,1.181045283300734
7736,3.5227856869395886,2.4585286623334337,1.064257024606155
7737,3.5085275427676534,2.3775505676370168,1.1309769751306367
7738,3.5394040457894023,2.4817162580877077,1.0576877877016946
7739,3.4428831493803,2.3008745378752637,1.142008611505036
7740,3.5201465452569067,2.3942690929272987,1.125877452329608
7741,3.4756497008555427,2.3485772487901206,1.127072452065422
7742,3.5052710685097903,2.367982787860013,1.1372882806497775
7743,3.5083690370743836,2.389198147829795,1.1191708892445886
7744,3.448318470027824,2.337055968416799,1.1112625016110251
7745,3.467521310125178,2.3255697311423504,1.1419515789828276
7746,3.516645755097938,2.367169902276674,1.149475852821264
7747,3.473505171424138,2.3369349957726064,1.1365701756515314
7748,3.5005730491313196,2.3823583828010193,1.1182146663303003
7749,3.5138515816622466,2.4054800076589413,1.1083715740033053
7750,3.4700366573277233,2.3130062741037345,1.1570303832239888
7751,3.42465218601077,2.2590912130598975,1.1655609729508725
7752,3.474004759056625,2.3497814123557563,1.1242233467008687
7753,3.4963759897687687,2.356415280867644,1.1399607089011248
7754,3.403313089336367,2.2321571154770106,1.1711559738593564
7755,3.4528131418385164,2.3994848800271265,1.05332826181139
7756,3.509118536086684,2.3641916060794093,1.1449269300072746
7757,3.482493363513193,2.3650027584735387,1.1174906050396545
7758,3.476023076731005,2.360429356545362,1.1155937201856432
7759,3.4256011538168454,2.254149235231699,1.1714519185851464
7760,3.4484175494991356,2.3357290782357025,1.112688471263433
7761,3.4416689336915582,2.3230576443228683,1.11861128936869
7762,3.4603329690433067,2.2899925123227503,1.1703404567205564
7763,3.4407007891458825,2.280012234324649,1.1606885548212333
7764,3.4985573295072503,2.378376440810972,1.1201808886962783
7765,3.4501280469832065,2.270885313411983,1.1792427335712237
7766,3.470644751547684,2.304527126428297,1.1661176251193872
7767,3.5099735782353916,2.364350945947563,1.1456226322878287
7768,3.45416928169832,2.3007350220011107,1.1534342596972094
7769,3.4507074446552886,2.334236129187518,1.1164713154677703
7770,3.5041142903565197,2.3736570954686105,1.1304571948879092
7771,3.4363517837837665,2.2744979032511767,1.1618538805325898
7772,3.44890764283926,2.3420965147129884,1.1068111281262718
7773,3.430560234412004,2.240497176249213,1.190063058162791
7774,3.5181216818467673,2.3981962000851658,1.1199254817616016
7775,3.455036967017045,2.372590038158797,1.0824469288582477
7776,3.4168456905379476,2.2348772565030695,1.1819684340348782
7777,3.4714125738164587,2.322215945587703,1.1491966282287556
7778,3.46350932169804,2.3459248110146738,1.1175845106833662
7779,3.500993155744492,2.3474323736625893,1.153560782081903
7780,3.4717258420679715,2.3769246871192107,1.0948011549487608
7781,3.4896937143989013,2.3879455142291306,1.1017482001697707
7782,3.4801551082728492,2.3204524449844404,1.1597026632884089
7783,3.4734870112748726,2.3102064719486277,1.1632805393262449
7784,3.4791253404830926,2.3916342586288586,1.087491081854234
7785,3.4936479276650685,2.397371467248347,1.0962764604167217
7786,3.508349609668726,2.3899389141238436,1.1184106955448825
7787,3.4446815707681253,2.2626959959768005,1.1819855747913248
7788,3.4310415876998483,2.2489827435453145,1.1820588441545339
7789,3.5156368482162472,2.357856240566918,1.1577806076493293
7790,3.48561670218915,2.345429307753391,1.1401873944357592
7791,3.4668759752419303,2.324748960287741,1.1421270149541893
7792,3.5178350298155956,2.452425478987107,1.0654095508284884
7793,3.5101803598886985,2.418480532985118,1.0916998269035805
7794,3.5188961306181916,2.3951424752697927,1.1237536553483989
7795,3.4911475406291226,2.335511171648616,1.1556363689805065
7796,3.5156922551163845,2.3671928872404635,1.148499367875921
7797,3.4387210386248444,2.2930671004327894,1.145653938192055
7798,3.492300731475329,2.3639720985308412,1.1283286329444877
7799,3.515227310105607,2.431961069847381,1.0832662402582258
7800,3.5316462260984163,2.4384107863979807,1.0932354397004356
7801,3.499069136955677,2.3642606330667233,1.1348085038889537
7802,3.4512653313916326,2.2860438164190273,1.1652215149726053
7803,3.520679461163135,2.452698757224495,1.0679807039386402
7804,3.4339266769995453,2.3118754007026014,1.122051276296944
7805,3.429935146036728,2.2900277262785647,1.1399074197581633
7806,3.4278455155492593,2.278019309128054,1.1498262064212055
7807,3.502489882068927,2.4340639756543867,1.0684259064145403
7808,3.4562085223351744,2.3343533922837327,1.1218551300514417
7809,3.424360868428049,2.2686329977162023,1.1557278707118468
7810,3.4662513073558974,2.2953705794110144,1.170880727944883
7811,3.511903911787985,2.385609686051014,1.126294225736971
7812,3.4871663099277006,2.3285408985575797,1.1586254113701209
7813,3.480740245119786,2.3593411292338144,1.1213991158859717
7814,3.515924183247024,2.436088309815308,1.079835873431716
7815,3.4544308951790903,2.348466126319676,1.105964768859414
7816,3.489507841847496,2.3400396336458877,1.149468208201608
7817,3.4534241832832637,2.2755765304107443,1.1778476528725195
7818,3.5049718680696205,2.385481242360697,1.1194906257089237
7819,3.493715159099673,2.3348762696764247,1.1588388894232482
7820,3.538379976061244,2.4731841754109922,1.065195800650252
7821,3.4743230178826487,2.297490413429142,1.176832604453507
7822,3.466056910409467,2.3239608712971243,1.1420960391123427
7823,3.418090615601975,2.241225590239349,1.176865025362626
7824,3.523952129209325,2.47536578158693,1.048586347622395
7825,3.502020167445195,2.3380819122311345,1.1639382552140605
7826,3.44115266476031,2.2935311273027783,1.1476215374575318
7827,3.522082895256951,2.4068381838211446,1.1152447114358064
7828,3.401057969387997,2.2241835074380054,1.1768744619499918
7829,3.4649909044500657,2.356698609257412,1.108292295192654
7830,3.4411098057839067,2.288643856356477,1.1524659494274299
7831,3.4480895872668134,2.2609460227086533,1.18714356455816
7832,3.3986962701683874,2.212266741198742,1.1864295289696454
7833,3.5036261510737936,2.356231978865726,1.1473941722080676
7834,3.4714925664104745,2.296663683730911,1.1748288826795634
7835,3.419491792963944,2.2350313234074246,1.1844604695565195
7836,3.4998961179721375,2.331582029103539,1.1683140888685983
7837,3.523495332978502,2.4084707164343424,1.1150246165441597
7838,3.494113482619541,2.3399360455218243,1.1541774370977165
7839,3.524518502596137,2.3721005561931214,1.1524179464030158
7840,3.5138311748920197,2.3765168291307255,1.1373143457612942
7841,3.4398191317436755,2.2860498783845147,1.1537692533591608
7842,3.4794277729801126,2.3607377294577874,1.1186900435223253
7843,3.51571443381336,2.4515182629321597,1.0641961708812002
7844,3.4307370449262216,2.311544642601916,1.1191924023243054
7845,3.547778659544548,2.5271187609313532,1.0206598986131947
7846,3.4294669233436195,2.228595426914242,1.2008714964293774
7847,3.5212737730859005,2.4446375613130638,1.0766362117728367
7848,3.4476633924238302,2.3004711934161275,1.1471921990077028
7849,3.4813422396725264,2.3494652691519935,1.131876970520533
7850,3.3917626841229165,2.1937853520243373,1.1979773320985792
7851,3.5035381458826103,2.3609817707870633,1.142556375095547
7852,3.5191440813329806,2.4301108690514717,1.089033212281509
7853,3.5175408659295213,2.4499105292571075,1.0676303366724138
7854,3.4891818605545675,2.332602048054242,1.1565798125003255
7855,3.453745984452896,2.343290495422943,1.110455489029953
7856,3.4286396072658567,2.2723177572546556,1.1563218500112011
7857,3.463874672991335,2.292418080045074,1.1714565929462606
7858,3.483118154076138,2.3230726900079355,1.1600454640682023
7859,3.4252537219860444,2.268286893423758,1.1569668285622865
7860,3.456507777243925,2.2827126868670162,1.1737950903769088
7861,3.4984299662018175,2.448884414647918,1.0495455515538996
7862,3.471406953977429,2.348264621892881,1.123142332084548
7863,3.3964695810331604,2.2494647642124503,1.14700481682071
7864,3.4118338719577186,2.2462182849492494,1.1656155870084692
7865,3.470753656053046,2.3354397789779804,1.1353138770750655
7866,3.451082229580414,2.2586256202395814,1.1924566093408329
7867,3.4968547106831926,2.383502761644188,1.1133519490390045
7868,3.4290651062245687,2.3218919155144304,1.1071731907101383
7869,3.512571584963191,2.428915037002298,1.083656547960893
7870,3.5010939961385437,2.527910609604688,0.9731833865338557
7871,3.465033949380799,2.294438966157163,1.1705949832236358
7872,3.5009418109093113,2.3938678790551644,1.107073931854147
7873,3.4678310027743864,2.401232589139745,1.0665984136346416
7874,3.518155161245895,2.4302637606778514,1.0878914005680436
7875,3.4539538361164936,2.3058150837149207,1.148138752401573
7876,3.5101328559418645,2.3961327514950845,1.11400010444678
7877,3.4599522448961486,2.3358268609145787,1.12412538398157
7878,3.5129431477381807,2.385277461708352,1.1276656860298289
7879,3.507372977405009,2.3530032260230547,1.1543697513819544
7880,3.529434237213641,2.4284580527129873,1.1009761845006536
7881,3.498501664767945,2.4013035938322047,1.0971980709357405
7882,3.4805430200890815,2.4301387377405193,1.0504042823485622
7883,3.4660044679122173,2.288317670758573,1.1776867971536444
7884,3.4782728214660072,2.388850991908558,1.0894218295574492
7885,3.525175047437382,2.445992916085152,1.0791821313522298
7886,3.516524938863123,2.382432969358533,1.1340919695045897
7887,3.5169516381071633,2.3913138594251953,1.125637778681968
7888,3.4890221075484815,2.349076156415648,1.1399459511328334
7889,3.5105462724954646,2.3921209772226315,1.118425295272833
7890,3.4212462900260014,2.2411448865178936,1.1801014035081079
7891,3.5217403828216036,2.409406296650779,1.1123340861708244
7892,3.469897870308884,2.358541824967186,1.1113560453416982
7893,3.5160363362038005,2.354520576953001,1.1615157592507996
7894,3.432060136609723,2.30519128518973,1.1268688514199932
7895,3.522873123409602,2.4143281285327958,1.108544994876806
7896,3.4768485887336245,2.395477261820829,1.0813713269127954
7897,3.4592092570471564,2.336914487663405,1.1222947693837515
7898,3.4654436215424096,2.333770043763999,1.1316735777784106
7899,3.4636964602151417,2.2820225648281225,1.1816738953870192
7900,3.448438964330233,2.288765232281792,1.1596737320484407
7901,3.5333876105706836,2.463289796698557,1.0700978138721267
7902,3.4922745938796647,2.3545293262176763,1.1377452676619884
7903,3.475557912175298,2.3190064500885277,1.1565514620867705
7904,3.50948140624651,2.3622749590763985,1.1472064471701113
7905,3.5160069859468837,2.418969362454669,1.0970376234922146
7906,3.512193032590145,2.40492925316082,1.1072637794293252
7907,3.510666918633616,2.4277260612373737,1.0829408573962422
7908,3.5127537187321014,2.409825536098891,1.1029281826332102
7909,3.4836414647675733,2.299846655889659,1.1837948088779142
7910,3.4128958478407903,2.2567924733754388,1.1561033744653515
7911,3.517040289759232,2.3625524203730643,1.1544878693861675
7912,3.541339162668384,2.4297742748470257,1.1115648878213582
7913,3.4882735293002614,2.3045285291117534,1.183745000188508
7914,3.4115994104486043,2.26534182740608,1.1462575830425243
7915,3.5006032308154564,2.4189315848042043,1.081671646011252
7916,3.4756550408466493,2.343128909194362,1.1325261316522872
7917,3.490117667829992,2.335949796490134,1.1541678713398578
7918,3.5216314626260927,2.402461149545923,1.1191703130801698
7919,3.497771732334216,2.4429141088850037,1.0548576234492124
7920,3.4800986625605073,2.340557686226723,1.1395409763337843
7921,3.519187028029465,2.4047243841554473,1.1144626438740177
7922,3.499021594182652,2.439315796986714,1.0597057971959378
7923,3.4474604513882756,2.309581399190138,1.1378790521981377
7924,3.493361089386573,2.318977950506155,1.174383138880418
7925,3.531827277098663,2.426308976784506,1.105518300314157
7926,3.5115706776414197,2.385320268723394,1.1262504089180259
7927,3.5031130708030584,2.4322708826606383,1.0708421881424202
7928,3.5091770784866023,2.3601817841779122,1.14899529430869
7929,3.5322767087997704,2.371743384926006,1.1605333238737643
7930,3.399884419349335,2.2696716452791907,1.1302127740701442
7931,3.4576721963759525,2.341230747735853,1.1164414486400993
7932,3.403226827711907,2.21379856553345,1.189428262178457
7933,3.52001309778565,2.4540664590949177,1.0659466386907321
7934,3.5096416544954554,2.330595832043382,1.1790458224520735
7935,3.4665816483364242,2.3089866345293166,1.1575950138071076
7936,3.4738464606344395,2.369484876008721,1.1043615846257184
7937,3.4780597264978015,2.3598457733887757,1.1182139531090258
7938,3.517883031863461,2.399026808923959,1.118856222939502
7939,3.4762202736950867,2.311887020611634,1.1643332530834525
7940,3.524496956794755,2.3919226456269134,1.1325743111678417
7941,3.4304603322323146,2.375611071404283,1.0548492608280315
7942,3.441089989805601,2.2646856154476294,1.1764043743579715
7943,3.4032471872207988,2.225654617942582,1.1775925692782168
7944,3.473212923048587,2.327566666034816,1.1456462570137709
7945,3.4011906188036876,2.2374051923303764,1.1637854264733112
7946,3.4889868772070054,2.3443160257654934,1.144670851441512
7947,3.472355053698881,2.295336411246417,1.177018642452464
7948,3.450027689124777,2.2713189579257036,1.1787087311990736
7949,3.5217093529561447,2.3583175751760077,1.163391777780137
7950,3.5548239554387013,2.557797105232626,0.9970268502060753
7951,3.4668249042226464,2.421388323649868,1.0454365805727783
7952,3.4502694454479914,2.283438477470947,1.1668309679770443
7953,3.5182810302952463,2.442998175048525,1.0752828552467215
7954,3.515560756003497,2.3804925907946206,1.1350681652088763
7955,3.3903483794212583,2.2693243765747724,1.121024002846486
7956,3.4461931162236086,2.2886160773680286,1.15757703885558
7957,3.468259182428332,2.279873159407859,1.188386023020473
7958,3.414984057136083,2.2384502276507723,1.1765338294853107
7959,3.4779012603666875,2.319163980594632,1.1587372797720557
7960,3.4497794201748557,2.3533187043006993,1.0964607158741564
7961,3.4746392002223585,2.3641727779156896,1.110466422306669
7962,3.4934724695151624,2.339513289620852,1.1539591798943105
7963,3.434810441638922,2.321250699819099,1.1135597418198229
7964,3.5143364519177074,2.420143053745051,1.0941933981726564
7965,3.49122341557001,2.3528507765537245,1.1383726390162856
7966,3.5100126148488977,2.4600593294784594,1.0499532853704383
7967,3.487931350389424,2.3935832416758243,1.0943481087135996
7968,3.509219576016131,2.348751416975255,1.1604681590408763
7969,3.535646574791726,2.468691394938062,1.066955179853664
7970,3.4860836678626854,2.321970822493881,1.1641128453688045
7971,3.519993886553886,2.4513508436680933,1.0686430428857925
7972,3.5286915814426933,2.4297642239105346,1.0989273575321588
7973,3.522045415462996,2.4504371935440177,1.0716082219189782
7974,3.5110150484853384,2.4108174627778682,1.1001975857074702
7975,3.5052196800434814,2.3691873260940355,1.136032353949446
7976,3.4110815791683713,2.2379229610451206,1.1731586181232507
7977,3.518905799327853,2.3922091643772774,1.1266966349505756
7978,3.5087174756786776,2.3978426321977957,1.110874843480882
7979,3.507149103435536,2.3595154832725154,1.1476336201630208
7980,3.4744174663703453,2.297779638343795,1.1766378280265504
7981,3.48840532417907,2.4072987288677314,1.0811065953113386
7982,3.4246582836696318,2.239713721042395,1.1849445626272366
7983,3.5089084640590733,2.361021369960337,1.1478870940987362
7984,3.4755409088742986,2.376426816969017,1.0991140919052818
7985,3.398788908746993,2.263044851371523,1.13574405737547
7986,3.4757699957114503,2.2898251665625,1.1859448291489505
7987,3.5006492712179464,2.3758611922055857,1.1247880790123608
7988,3.4832578179421816,2.446086832195662,1.0371709857465197
7989,3.467682028332224,2.3989694421042653,1.0687125862279587
7990,3.491423286903022,2.4390164085795583,1.0524068783234637
7991,3.5137901550582917,2.4058957536388266,1.1078944014194652
7992,3.4827757464040734,2.3571818377647604,1.125593908639313
7993,3.496524344846248,2.356141965928451,1.140382378917797
7994,3.482609988929353,2.316225452624533,1.16638453630482
7995,3.4777424960818855,2.3576706473998623,1.1200718486820231
7996,3.5253302549162506,2.3945861711243275,1.1307440837919231
7997,3.421436592671355,2.2729351083561378,1.1485014843152173
7998,3.543637897151574,2.4638698494808455,1.0797680476707283
7999,3.5256433203888617,2.45576836158264,1.069874958806222
8000,3.4050899243149515,2.2394305531765806,1.165659371138371
8001,3.500174035792856,2.3321612177899573,1.1680128180028988
8002,3.499172922131853,2.349304307917285,1.1498686142145678
8003,3.4603277010456672,2.327790697622251,1.1325370034234163
8004,3.4756713196229216,2.306326595145395,1.1693447244775266
8005,3.4309466381445266,2.2488841797674253,1.1820624583771013
8006,3.4504135327065635,2.29623068626012,1.1541828464464436
8007,3.441410410736245,2.2823501006285407,1.1590603101077042
8008,3.532755732506325,2.489367379851668,1.0433883526546568
8009,3.5235994230225685,2.409968637533939,1.1136307854886294
8010,3.460084062093221,2.283003441785698,1.1770806203075228
8011,3.464388175509817,2.405611629677036,1.0587765458327811
8012,3.513198508627489,2.3498807611563186,1.1633177474711704
8013,3.4637283559097103,2.3345289469844226,1.1291994089252877
8014,3.481952500684465,2.3479326026797094,1.1340198980047558
8015,3.3651313378060266,2.1928907457308084,1.1722405920752181
8016,3.4794776617952237,2.3201999041156616,1.159277757679562
8017,3.4631653027958724,2.367032579502134,1.0961327232937386
8018,3.5332819940164435,2.530414071506283,1.0028679225101604
8019,3.454370346255289,2.306616504927464,1.147753841327825
8020,3.450121299920199,2.3314414880422993,1.1186798118778998
8021,3.4713032488047277,2.3173039694725834,1.1539992793321443
8022,3.509267009744431,2.4528125001368273,1.0564545096076037
8023,3.404419436728227,2.1980337594870263,1.206385677241201
8024,3.417552167347451,2.2628596275066184,1.1546925398408328
8025,3.4409205160723793,2.344883889343816,1.096036626728563
8026,3.532543706909819,2.423592394186084,1.1089513127237351
8027,3.470759903568237,2.3665767892909213,1.1041831142773155
8028,3.45270650402032,2.29573484316891,1.15697166085141
8029,3.4682278901455925,2.3155029704609222,1.1527249196846703
8030,3.447012514887534,2.3064409236342964,1.1405715912532375
8031,3.4478789328756334,2.2942075660866186,1.1536713667890148
8032,3.4599961200478133,2.310185610028242,1.1498105100195715
8033,3.4426549575814276,2.2901900106094764,1.1524649469719512
8034,3.466031032476194,2.3145957881455153,1.1514352443306786
8035,3.386962004698892,2.2309957183917195,1.1559662863071725
8036,3.461743428413371,2.3132445411391713,1.1484988872741995
8037,3.481599445218841,2.3271372592535298,1.1544621859653112
8038,3.4552632959603136,2.265394088706551,1.1898692072537624
8039,3.4747477176670576,2.350264141827757,1.1244835758393008
8040,3.502728960684936,2.3857468469058,1.116982113779136
8041,3.4988833164680435,2.401697212560963,1.0971861039070805
8042,3.46768765090125,2.354522777401099,1.1131648735001511
8043,3.4695983800035055,2.3517734534487515,1.117824926554754
8044,3.4730140490675563,2.310258522848547,1.1627555262190095
8045,3.4665150052206815,2.356083639650537,1.1104313655701445
8046,3.51071996191621,2.3670344212051417,1.1436855407110684
8047,3.4811474756063885,2.353940342025109,1.1272071335812797
8048,3.430036379363237,2.233565585246768,1.1964707941164692
8049,3.4649647806933577,2.3123722367203796,1.152592543972978
8050,3.4856574158450373,2.4187244193253337,1.0669329965197036
8051,3.449559335464401,2.3163154849377134,1.1332438505266875
8052,3.5117239144401937,2.4249610520484914,1.0867628623917023
8053,3.414242161997131,2.2738690426601806,1.1403731193369504
8054,3.472056231239467,2.3095030469508178,1.1625531842886492
8055,3.46070255483477,2.3356637964096363,1.1250387584251338
8056,3.353805598228018,2.132914155566192,1.2208914426618263
8057,3.4660374796800237,2.316526052013101,1.1495114276669227
8058,3.4893723193073365,2.3427685378524727,1.1466037814548637
8059,3.432121227823377,2.376688969238742,1.0554322585846352
8060,3.5111135472499995,2.3269678389799853,1.1841457082700142
8061,3.4866964482676845,2.3438106993190377,1.1428857489486468
8062,3.471663135557898,2.362231315051483,1.109431820506415
8063,3.4729898064461997,2.3661809688356614,1.1068088376105383
8064,3.5047620489402305,2.4484208233989846,1.0563412255412459
8065,3.4527835414374994,2.299822196692845,1.1529613447446545
8066,3.4749476036201523,2.2920298054661843,1.182917798153968
8067,3.4656614559611505,2.3610925232555147,1.1045689327056358
8068,3.480913774714038,2.3658092747418444,1.1151044999721935
8069,3.4862804825788167,2.3559645994122955,1.1303158831665212
8070,3.466041483186473,2.368883515520493,1.0971579676659804
8071,3.4940830081690515,2.385249816858193,1.1088331913108584
8072,3.5194923811760153,2.3987114820060853,1.12078089916993
8073,3.499479768801191,2.3614137170557776,1.1380660517454135
8074,3.518019612304714,2.371355479911822,1.1466641323928917
8075,3.4638315508307413,2.3941402290601497,1.0696913217705917
8076,3.5271140466496536,2.4479238465312383,1.0791902001184153
8077,3.504576036167828,2.38642260965267,1.1181534265151578
8078,3.454456312589325,2.3556451851973845,1.0988111273919405
8079,3.4104137393532046,2.2460453150724415,1.164368424280763
8080,3.468428195652861,2.342664114121405,1.125764081531456
8081,3.5037734753956804,2.3795336604557997,1.1242398149398807
8082,3.4835701368523253,2.363226995185673,1.1203431416666523
8083,3.504181083827721,2.3184704956301827,1.1857105881975385
8084,3.5186273885516406,2.441453189573309,1.0771741989783314
8085,3.4542527346142635,2.2895051718773534,1.1647475627369102
8086,3.503934397411857,2.4009314205273373,1.1030029768845195
8087,3.491127511364286,2.374960528720028,1.1161669826442582
8088,3.4377806396889663,2.267387387211149,1.1703932524778171
8089,3.4565852617330197,2.2905473506883323,1.1660379110446875
8090,3.48451279999603,2.380687014063851,1.103825785932179
8091,3.452350870953244,2.296493184441218,1.155857686512026
8092,3.4473855486814236,2.313858964133046,1.1335265845483775
8093,3.4116908201119047,2.2578817125815496,1.1538091075303551
8094,3.4382026409183726,2.281932692024316,1.1562699488940567
8095,3.452962005016227,2.29825345586182,1.1547085491544067
8096,3.460557564541691,2.3387031646053216,1.1218543999363693
8097,3.4179067022141925,2.274900118898094,1.1430065833160983
8098,3.4992823990826416,2.436891826362931,1.0623905727197105
8099,3.4825469015124275,2.3919060530322147,1.0906408484802128
8100,3.4594253940812103,2.384787836691832,1.0746375573893783
8101,3.432481103957986,2.262876589441657,1.1696045145163287
8102,3.4306232817877493,2.262676452466419,1.1679468293213304
8103,3.5202601652118783,2.4173498171985472,1.102910348013331
8104,3.468092118432934,2.3415644611378688,1.1265276572950653
8105,3.509843069195842,2.4120578157076626,1.0977852534881793
8106,3.4905358524313375,2.355633027790248,1.1349028246410895
8107,3.4004359734846807,2.221980537985185,1.1784554354994956
8108,3.490448820185413,2.3405992562562616,1.1498495639291515
8109,3.4215948302856476,2.289509734532647,1.1320850957530006
8110,3.4601035028085545,2.275273794316504,1.1848297084920505
8111,3.51383474468462,2.4215565179854863,1.0922782266991335
8112,3.473520296344891,2.325269882366858,1.1482504139780332
8113,3.4770554818206074,2.383611908663756,1.0934435731568515
8114,3.3831656741400153,2.2507692416806493,1.132396432459366
8115,3.5291620880344965,2.422899202278529,1.1062628857559673
8116,3.528577628060214,2.4050645673948616,1.1235130606653523
8117,3.4941728966663956,2.4468650994688006,1.047307797197595
8118,3.4995942691896267,2.404524439664157,1.0950698295254697
8119,3.4631625607265337,2.321881955455907,1.1412806052706266
8120,3.4408941843012646,2.2858406793338206,1.155053504967444
8121,3.5117606995829425,2.4155019014412744,1.096258798141668
8122,3.5224966187779474,2.388031310076032,1.1344653087019152
8123,3.487013769796231,2.4050567056591485,1.0819570641370824
8124,3.418808835199074,2.2303347785631127,1.1884740566359615
8125,3.4307045492522086,2.2741174178461963,1.1565871314060123
8126,3.424328032434734,2.248269015367201,1.1760590170675331
8127,3.475541315687199,2.3700526796591896,1.1054886360280092
8128,3.4687245841943306,2.401976088089035,1.0667484961052955
8129,3.482962165953697,2.3749301010641166,1.1080320648895805
8130,3.514024730465616,2.42209761533212,1.0919271151334962
8131,3.4185726201156057,2.3139402762911803,1.1046323438244254
8132,3.520057947967182,2.415647366801032,1.10441058116615
8133,3.4885642774140764,2.359017760586798,1.1295465168272782
8134,3.5305996849855026,2.485439726858811,1.0451599581266917
8135,3.452764813137618,2.311810911457792,1.140953901679826
8136,3.4524859571855195,2.2813163943211268,1.1711695628643928
8137,3.4917861484952835,2.393097018673888,1.0986891298213957
8138,3.454447213619221,2.366665518600914,1.087781695018307
8139,3.3954968136605963,2.2894484111667173,1.106048402493879
8140,3.505908795487929,2.3691988947036067,1.1367099007843224
8141,3.509517693774247,2.330388566223812,1.1791291275504352
8142,3.504855840227116,2.366962758024691,1.137893082202425
8143,3.4630666741160527,2.3632936672641853,1.0997730068518674
8144,3.4579840550299976,2.2870116075411544,1.1709724474888432
8145,3.48187201558108,2.4787448014341233,1.0031272141469567
8146,3.4793207399129757,2.378083381570248,1.1012373583427277
8147,3.514470793554339,2.484542343456455,1.0299284500978838
8148,3.5131609269132156,2.420229544249218,1.0929313826639975
8149,3.500674961079233,2.4340526334096375,1.0666223276695956
8150,3.488648601040809,2.373379989062714,1.1152686119780952
8151,3.514227986659322,2.3653650590342146,1.1488629276251072
8152,3.504602737362179,2.3765596100919053,1.1280431272702738
8153,3.444442572537174,2.3493848228639367,1.0950577496732374
8154,3.501281715851375,2.3657833838443834,1.1354983320069918
8155,3.4464052001989876,2.3285254614456394,1.1178797387533481
8156,3.465819030744957,2.376705430814906,1.0891135999300512
8157,3.5264671038283857,2.410121788869149,1.1163453149592368
8158,3.519332051783696,2.408988197930054,1.1103438538536419
8159,3.47480557281677,2.3241954104000753,1.1506101624166947
8160,3.4712030463290184,2.3180135131022013,1.1531895332268172
8161,3.4940404381702304,2.388162429869447,1.1058780083007833
8162,3.4268992334679775,2.254626217206501,1.1722730162614767
8163,3.461978758154516,2.38113401083701,1.080844747317506
8164,3.479042759914143,2.2996889751248775,1.1793537847892654
8165,3.479121715683391,2.3758624028553412,1.1032593128280497
8166,3.4341022856373975,2.329739424366095,1.1043628612713023
8167,3.4492039294856074,2.2847741050555497,1.1644298244300577
8168,3.4429071904629174,2.2806383111625865,1.1622688793003308
8169,3.3563771630075183,2.186459514088473,1.1699176489190455
8170,3.4981076567527998,2.411310139879488,1.086797516873312
8171,3.5113072880201637,2.3961549299612543,1.1151523580589093
8172,3.4761319807367,2.2960257299221367,1.1801062508145632
8173,3.5072011955843347,2.4242265990291223,1.0829745965552124
8174,3.5224337134244523,2.459765100958133,1.0626686124663194
8175,3.487013523423734,2.3481243202350197,1.1388892031887141
8176,3.431954151385817,2.3050662050085124,1.1268879463773045
8177,3.5180700719160574,2.4733260463643965,1.044744025551661
8178,3.5180445168708494,2.393521575057305,1.1245229418135443
8179,3.414777478812579,2.2411039955949286,1.1736734832176503
8180,3.5093759988627093,2.404323383387774,1.1050526154749352
8181,3.4884876043101736,2.340435262653078,1.1480523416570954
8182,3.469658655548722,2.3196528761531288,1.1500057793955931
8183,3.46414375555647,2.3096865730523106,1.1544571825041592
8184,3.525979922907405,2.4385610273612213,1.0874188955461839
8185,3.4652084988794933,2.306926978998192,1.1582815198813012
8186,3.405957352625923,2.2541227816164735,1.1518345710094495
8187,3.476348770492542,2.3132836785078084,1.1630650919847336
8188,3.513941372074401,2.4254894294095486,1.0884519426648525
8189,3.4831928610927045,2.339992340641,1.1432005204517046
8190,3.4266468561861063,2.2358495665717824,1.190797289614324
8191,3.4040312098177674,2.3110063954749216,1.0930248143428458
8192,3.486167650763909,2.351120536948559,1.1350471138153502
8193,3.452369084026148,2.2717156663121627,1.1806534177139851
8194,3.502291126586464,2.3438963600461102,1.1583947665403538
8195,3.4831119653541758,2.316778286519365,1.1663336788348109
8196,3.4540685626504657,2.266963869215006,1.1871046934354599
8197,3.435805548914319,2.269063139857947,1.166742409056372
8198,3.4727552674028925,2.314466685981601,1.1582885814212913
8199,3.406918482753876,2.2251672301322905,1.1817512526215856
8200,3.464125725833888,2.325604777361043,1.138520948472845
8201,3.496555388369813,2.371074149173635,1.1254812391961782
8202,3.466798825007005,2.290169398475313,1.1766294265316923
8203,3.4851895335558405,2.3053838116024594,1.179805721953381
8204,3.3840086456644207,2.200220740549075,1.183787905115346
8205,3.4993480789843665,2.415494726569504,1.0838533524148626
8206,3.517807712890293,2.380325428791897,1.1374822840983958
8207,3.4753607650236296,2.3343483357872836,1.141012429236346
8208,3.4760925742173856,2.4734899233646708,1.0026026508527148
8209,3.455343700211807,2.3865171395945177,1.068826560617289
8210,3.4187767614225333,2.262085428889766,1.1566913325327675
8211,3.44448310092802,2.3435032510828915,1.1009798498451286
8212,3.4612132841046175,2.3576853765283086,1.103527907576309
8213,3.403209866291113,2.207316426826663,1.19589343946445
8214,3.438531128084204,2.2802822607802335,1.1582488673039704
8215,3.518199015079798,2.408834083834315,1.1093649312454827
8216,3.4201456308489604,2.2850977051871246,1.1350479256618358
8217,3.4731905249486488,2.312550749598986,1.160639775349663
8218,3.4529613937414223,2.3021879333605724,1.15077346038085
8219,3.444313325891244,2.294224695515002,1.150088630376242
8220,3.469415350628345,2.3201906167245907,1.1492247339037545
8221,3.4922429478992503,2.377908488452527,1.1143344594467233
8222,3.405720578813244,2.232146286991739,1.173574291821505
8223,3.4779124679588485,2.3217367437547702,1.1561757242040782
8224,3.461231581032999,2.3136690562055184,1.1475625248274808
8225,3.4447785991642856,2.2795041001561516,1.165274499008134
8226,3.445609327084824,2.2829914208860216,1.1626179061988022
8227,3.5128067909475607,2.362825566959671,1.1499812239878895
8228,3.4724539464917252,2.320141021556496,1.152312924935229
8229,3.4539837969065514,2.3148520536773205,1.139131743229231
8230,3.382113880285263,2.213964107554022,1.1681497727312409
8231,3.515683257224093,2.398650861007191,1.117032396216902
8232,3.442562013353994,2.2934055271506626,1.1491564862033314
8233,3.4583937532465314,2.340546976905835,1.1178467763406963
8234,3.4447751011501446,2.3068042325403004,1.1379708686098442
8235,3.4617158368757663,2.2925958110817324,1.169120025794034
8236,3.477740028009544,2.2889858620949894,1.1887541659145544
8237,3.532526546484669,2.519737745089872,1.0127888013947968
8238,3.51911940852922,2.4036164186461564,1.1155029898830637
8239,3.492628348857952,2.34191673411607,1.150711614741882
8240,3.5193559245053274,2.394327823328163,1.1250281011771643
8241,3.4408046856380152,2.306179533067489,1.1346251525705262
8242,3.515553237198014,2.428400891557077,1.0871523456409369
8243,3.477649906555933,2.365475922406567,1.1121739841493659
8244,3.439154642300268,2.300140029930405,1.1390146123698628
8245,3.4502928312681695,2.315462118000837,1.1348307132673328
8246,3.4936404722221672,2.363924592188253,1.1297158800339142
8247,3.4793288148470136,2.3128051763843955,1.166523638462618
8248,3.4939541063305235,2.343640637755347,1.1503134685751766
8249,3.468494630814483,2.3698251059043374,1.0986695249101457
8250,3.489578860415786,2.3840009437950633,1.1055779166207227
8251,3.532054598852293,2.448367109726817,1.083687489125476
8252,3.4862961664216483,2.379384818673232,1.1069113477484165
8253,3.4366888397812385,2.2679411795923734,1.1687476601888651
8254,3.501180737231403,2.3332070939998513,1.167973643231552
8255,3.4935229549600626,2.3610838056598484,1.1324391493002142
8256,3.419986948367775,2.2704514540537306,1.1495354943140446
8257,3.4833387440737704,2.3277848888533423,1.155553855220428
8258,3.5004419643904674,2.414203061059859,1.0862389033306084
8259,3.5142621013627697,2.3614494100086345,1.1528126913541352
8260,3.5292630638356752,2.5379350347024516,0.9913280291332236
8261,3.4091245624210758,2.2414430985692997,1.167681463851776
8262,3.471857175695274,2.3255639200882263,1.1462932556070475
8263,3.4196579930571582,2.2452174078953813,1.174440585161777
8264,3.5121696261321347,2.4129931796767266,1.0991764464554081
8265,3.489079742873793,2.3208122592899274,1.1682674835838656
8266,3.410263902531823,2.23276065102435,1.1775032515074733
8267,3.4839636938939713,2.322152590001196,1.1618111038927754
8268,3.4519045078197315,2.3375519413202315,1.1143525664995
8269,3.435960844985554,2.2757591500331524,1.1602016949524017
8270,3.469314459705381,2.2923291659491074,1.1769852937562737
8271,3.471445888107159,2.3630055888820687,1.1084402992250904
8272,3.44913799407991,2.313445266883617,1.1356927271962927
8273,3.447773957131556,2.2915638213140115,1.1562101358175445
8274,3.4774799598756143,2.3262468573102586,1.1512331025653557
8275,3.516842060798302,2.425257739023556,1.091584321774746
8276,3.4829892131215194,2.3400062518468387,1.1429829612746807
8277,3.486507735448871,2.4189857600169726,1.0675219754318985
8278,3.4517627600881364,2.313414912442457,1.1383478476456794
8279,3.5115145029530033,2.395424668058348,1.1160898348946553
8280,3.51286765894053,2.3797856768107954,1.1330819821297347
8281,3.5134157544740297,2.4236604433698057,1.089755311104224
8282,3.520098225578365,2.4153010064652647,1.1047972191131001
8283,3.454093563597737,2.3614526322105878,1.092640931387149
8284,3.480764375274369,2.389223974251931,1.091540401022438
8285,3.5084542475122094,2.4274494089713707,1.0810048385408386
8286,3.497027850790983,2.3641899423462935,1.1328379084446896
8287,3.4233653796370183,2.254661932668167,1.168703446968851
8288,3.4782587408393058,2.4108034459720264,1.0674552948672793
8289,3.489112037034255,2.3590930324144326,1.1300190046198226
8290,3.5516516445834925,2.4991281822558555,1.052523462327637
8291,3.4509338834995558,2.284123086889795,1.1668107966097607
8292,3.5120866936573525,2.461755753214525,1.0503309404428274
8293,3.511411523073538,2.405049937583288,1.1063615854902502
8294,3.3882630703699608,2.262984171212535,1.1252788991574256
8295,3.4637987204476373,2.363481069870966,1.1003176505766712
8296,3.496240227805842,2.396508348240512,1.0997318795653301
8297,3.457329139190799,2.305911542376326,1.1514175968144729
8298,3.365710513527141,2.197032137839562,1.1686783756875787
8299,3.5045051140600583,2.4252732554586256,1.0792318586014327
8300,3.445008418362122,2.3127011189417215,1.1323072994204004
8301,3.4390330315469395,2.306639994698507,1.1323930368484327
8302,3.482046782526491,2.364673512850871,1.1173732696756202
8303,3.5329595627203085,2.4206981399088225,1.112261422811486
8304,3.464585643847696,2.305241306400348,1.1593443374473482
8305,3.5203863963446276,2.4337179151292627,1.0866684812153649
8306,3.4972597024157235,2.372097349722454,1.1251623526932697
8307,3.480216768631394,2.3374601685497547,1.1427566000816394
8308,3.4127360646884095,2.2824557935473595,1.13028027114105
8309,3.40632654927507,2.2535700927324753,1.1527564565425945
8310,3.5157568359658877,2.408741754391531,1.1070150815743567
8311,3.5287043761026524,2.4640485219300206,1.0646558541726319
8312,3.4853062345731756,2.4754134982284586,1.009892736344717
8313,3.435175486657087,2.3040299080468176,1.1311455786102695
8314,3.4542149735953482,2.285128196665032,1.1690867769303162
8315,3.4788131217956315,2.420137879112395,1.0586752426832367
8316,3.510730173079707,2.369246970656382,1.1414832024233252
8317,3.446719295204163,2.292006486390083,1.1547128088140801
8318,3.481820687857146,2.3499179181241825,1.1319027697329633
8319,3.4335790993332553,2.3260052007254286,1.1075738986078267
8320,3.527461745613711,2.3991463234888264,1.1283154221248846
8321,3.4504345281949136,2.3487598740739455,1.101674654120968
8322,3.44544015786079,2.37114573681761,1.07429442104318
8323,3.497712013362076,2.385914731269325,1.1117972820927506
8324,3.491927715821583,2.38140906873588,1.1105186470857027
8325,3.3903983582611943,2.2284729119349604,1.1619254463262338
8326,3.4709267359819194,2.3750420393272718,1.0958846966546476
8327,3.448821527814009,2.3237780162392996,1.1250435115747095
8328,3.4305132288544997,2.3043690671594086,1.1261441616950911
8329,3.5234779633928732,2.422542264507046,1.1009356988858272
8330,3.5094907832710542,2.37975514403037,1.129735639240684
8331,3.5168408063516967,2.3793152333268215,1.1375255730248752
8332,3.5032417026718226,2.4180739553175155,1.085167747354307
8333,3.504099020572086,2.4453113255544765,1.0587876950176094
8334,3.4994893588895617,2.383168303377002,1.1163210555125596
8335,3.5349369459502067,2.4516362924272816,1.083300653522925
8336,3.5007859792828695,2.377765215660927,1.1230207636219425
8337,3.4792816848892434,2.3447110720414837,1.1345706128477597
8338,3.4124448027831216,2.259749554152248,1.1526952486308737
8339,3.4775861582219254,2.291975062207265,1.1856110960146604
8340,3.4956832140821787,2.3830416472634255,1.1126415668187533
8341,3.4162899924827195,2.2367812329281023,1.1795087595546172
8342,3.5177245803678256,2.4162881173640867,1.101436463003739
8343,3.4888225022945587,2.351327366734712,1.1374951355598468
8344,3.469423708659175,2.3045777153398626,1.1648459933193123
8345,3.4392541832206964,2.2892196772080307,1.1500345060126658
8346,3.492754231425022,2.3649370273537924,1.1278172040712295
8347,3.512508630317196,2.391553330579845,1.1209552997373513
8348,3.5226181710453686,2.415858348555821,1.1067598224895474
8349,3.408570204036241,2.2133098624338876,1.1952603416023533
8350,3.4651326016258994,2.285090273811016,1.1800423278148835
8351,3.464727325354862,2.284989458468725,1.179737866886137
8352,3.5035992619338447,2.391857567815436,1.1117416941184088
8353,3.5227493745999854,2.4385652867528687,1.0841840878471167
8354,3.4858508282968184,2.3354990499535613,1.150351778343257
8355,3.4052607017554495,2.262345312202045,1.1429153895534045
8356,3.524226921706579,2.520412756897207,1.0038141648093721
8357,3.4737962639767868,2.344594873621078,1.1292013903557088
8358,3.416671673199437,2.3047303697738397,1.1119413034255974
8359,3.466786549547296,2.365407647667779,1.1013789018795173
8360,3.522505958072624,2.491957718194983,1.0305482398776413
8361,3.4852046723384373,2.3763035616021155,1.1089011107363218
8362,3.4918624693374958,2.3505919296646023,1.1412705396728935
8363,3.467379071713396,2.4050195259892826,1.0623595457241133
8364,3.4919693685110462,2.3471209878771333,1.144848380633913
8365,3.515686822908853,2.3860524285346636,1.1296343943741896
8366,3.493112355867109,2.375665893107894,1.117446462759215
8367,3.4466616858879817,2.3173801722650937,1.129281513622888
8368,3.483904399388432,2.334246437938773,1.149657961449659
8369,3.481495197123473,2.3029378416858983,1.1785573554375746
8370,3.5148246185563274,2.3979713678517527,1.1168532507045748
8371,3.397047255204128,2.2129922460126306,1.1840550091914976
8372,3.4265826382474946,2.353140698468985,1.0734419397785095
8373,3.496210888553625,2.3348764012712957,1.1613344872823292
8374,3.4913835896080943,2.372761226290931,1.1186223633171632
8375,3.5209958886436388,2.4079967041163495,1.1129991845272893
8376,3.401712137333399,2.2830745096474985,1.1186376276859007
8377,3.4553741860868534,2.319723412606902,1.1356507734799512
8378,3.4654328656760067,2.3938875928512466,1.07154527282476
8379,3.4973033700280096,2.3914670616014164,1.1058363084265932
8380,3.472269131098,2.307336654369649,1.1649324767283509
8381,3.5199082717442924,2.367557729873314,1.1523505418709785
8382,3.5327879647053644,2.4882367741182443,1.04455119058712
8383,3.5337539809426795,2.473464561980008,1.0602894189626713
8384,3.4269076280709636,2.258544466558961,1.1683631615120027
8385,3.495304948822807,2.3676663824480326,1.1276385663747743
8386,3.5239241567186643,2.372079796006546,1.1518443607121185
8387,3.447654712000879,2.2721311588398385,1.1755235531610406
8388,3.4773610404422097,2.3245464374738494,1.1528146029683604
8389,3.4825282192853773,2.3458260977185623,1.136702121566815
8390,3.527126572358492,2.460844267662348,1.066282304696144
8391,3.4612721685361345,2.354519848262438,1.1067523202736966
8392,3.4876705016052783,2.340926446264401,1.1467440553408772
8393,3.430070155485638,2.3058712264725783,1.1241989290130596
8394,3.4902429689744356,2.4258364861624675,1.0644064828119681
8395,3.450070281506395,2.3221053012018857,1.127964980304509
8396,3.488262313660474,2.299717398172855,1.1885449154876189
8397,3.4786838367216943,2.3961494155362253,1.082534421185469
8398,3.4800579388869655,2.336641648593008,1.1434162902939575
8399,3.503183148914328,2.4017213465233347,1.1014618023909932
8400,3.517553690289322,2.3870001698255816,1.1305535204637405
8401,3.426441756910352,2.290524268327916,1.135917488582436
8402,3.4766536959960135,2.361617508968965,1.1150361870270484
8403,3.490122347918069,2.3247089304246193,1.1654134174934496
8404,3.4440925055067173,2.3150259711672967,1.1290665343394206
8405,3.4892739118065257,2.414449574401388,1.0748243374051376
8406,3.5306052920741053,2.352094550598318,1.1785107414757872
8407,3.433764139808747,2.2890268918610506,1.1447372479476963
8408,3.5187100391883392,2.428591327498208,1.0901187116901312
8409,3.485953078950593,2.418340287015029,1.0676127919355642
8410,3.460100542062934,2.3543459966785085,1.1057545453844253
8411,3.437943225136605,2.2935319149584648,1.1444113101781404
8412,3.3974662210028677,2.247689062388691,1.1497771586141767
8413,3.52285698843568,2.4231301488557575,1.0997268395799225
8414,3.4269591302227647,2.253114342276019,1.1738447879467455
8415,3.4936087693513285,2.335993890139868,1.1576148792114607
8416,3.4256807880321047,2.267364603662377,1.1583161843697276
8417,3.3834214561607117,2.1774309988806477,1.205990457280064
8418,3.4554389714217666,2.3052886555355534,1.1501503158862132
8419,3.4281663842729877,2.2528636043239167,1.175302779949071
8420,3.4032090181680754,2.1993636972382897,1.2038453209297857
8421,3.4336764744759805,2.2607866744086897,1.1728898000672907
8422,3.377180146639816,2.172831516860009,1.204348629779807
8423,3.473020881693883,2.379211977363155,1.0938089043307277
8424,3.4201389364276977,2.2953616206917906,1.1247773157359071
8425,3.4883967030646126,2.3383781379100927,1.1500185651545198
8426,3.4849361606977083,2.3394555850180057,1.1454805756797026
8427,3.5148075393717333,2.383155557845872,1.1316519815258612
8428,3.4803922297697434,2.3374568990016615,1.1429353307680818
8429,3.4659886816656997,2.3093865465332555,1.1566021351324443
8430,3.500116499743273,2.3594325794215263,1.140683920321747
8431,3.4584656991441816,2.3292331466516036,1.129232552492578
8432,3.4794784922527016,2.3610948361403903,1.1183836561123113
8433,3.5171620080202737,2.457094901768822,1.0600671062514517
8434,3.478676588236834,2.335003340939163,1.143673247297671
8435,3.5005840976275944,2.4033341751502,1.0972499224773942
8436,3.489232965362734,2.3589512289271197,1.1302817364356144
8437,3.444146000238781,2.2855321831364486,1.1586138171023324
8438,3.4543921624291274,2.368506253820891,1.0858859086082364
8439,3.4229075663565474,2.2571076667917054,1.165799899564842
8440,3.4617329540612127,2.3361364065572325,1.1255965475039802
8441,3.3750815379714703,2.197468363511039,1.1776131744604315
8442,3.4276345812621427,2.3082471168068044,1.1193874644553383
8443,3.509138045342466,2.404279688691929,1.1048583566505368
8444,3.453953848805054,2.350287485650741,1.1036663631543129
8445,3.437572380448551,2.2782238853328787,1.1593484951156725
8446,3.5086333549204296,2.3846983830431365,1.123934971877293
8447,3.510715545820001,2.3959726224144973,1.1147429234055037
8448,3.5104059372885916,2.3939805674031183,1.1164253698854734
8449,3.5322042718455413,2.3962752222313557,1.1359290496141856
8450,3.4777708961578115,2.3435578117475915,1.13421308441022
8451,3.48744526933246,2.3878060856023087,1.0996391837301513
8452,3.4993863877247833,2.404781909685687,1.0946044780390962
8453,3.4437615526759946,2.340813476226235,1.1029480764497595
8454,3.526394077987888,2.4009405598601803,1.1254535181277077
8455,3.4790864501388166,2.3629832526793235,1.116103197459493
8456,3.4404593295204258,2.2741512352360083,1.1663080942844175
8457,3.4429048605479635,2.3376902443810437,1.1052146161669198
8458,3.4821751898215982,2.3279574949657738,1.1542176948558245
8459,3.4948389929889356,2.4274932715496647,1.067345721439271
8460,3.534308219928481,2.418759978716619,1.115548241211862
8461,3.4946547888763204,2.4134414697980366,1.0812133190782838
8462,3.4763953881580187,2.3916499974827388,1.08474539067528
8463,3.4740311380815734,2.3568100126498055,1.1172211254317679
8464,3.5428628428858753,2.4828696769735488,1.0599931659123265
8465,3.5251285868859448,2.4479743689933278,1.077154217892617
8466,3.4789189159394005,2.3140173015283816,1.164901614411019
8467,3.428305043042972,2.29504346108163,1.1332615819613419
8468,3.5140591407796604,2.378608904401996,1.1354502363776646
8469,3.4787427825116417,2.362803644530732,1.1159391379809098
8470,3.4032468300595276,2.2390858927649493,1.1641609372945783
8471,3.392696708095532,2.247823770692399,1.1448729374031328
8472,3.457081963018205,2.299495160698703,1.1575868023195017
8473,3.472710513482269,2.3195693482974677,1.1531411651848011
8474,3.4906961972905335,2.3267108117204063,1.1639853855701272
8475,3.514035836942084,2.409068084084088,1.1049677528579958
8476,3.501265167525581,2.39415861044033,1.1071065570852512
8477,3.498143640372219,2.3435676026931773,1.1545760376790417
8478,3.513982336354257,2.400028523328082,1.1139538130261748
8479,3.5126663900230963,2.413826394573184,1.0988399954499122
8480,3.4727413987709754,2.317653033085015,1.1550883656859603
8481,3.4694087755266936,2.3533423826955575,1.116066392831136
8482,3.52871168534107,2.4083193392976385,1.1203923460434315
8483,3.4195436978754143,2.3290882575827196,1.0904554402926947
8484,3.4492543712750448,2.3070728671880154,1.1421815040870293
8485,3.395064087814606,2.2382371595895294,1.1568269282250765
8486,3.462916844194606,2.3511647255613664,1.1117521186332397
8487,3.4457810814024614,2.2512115800496693,1.1945695013527922
8488,3.4479243718834143,2.2768721422422566,1.1710522296411576
8489,3.442007777280012,2.382751179151333,1.059256598128679
8490,3.436953814088922,2.2762299738097975,1.1607238402791245
8491,3.466782667135015,2.3470346693903514,1.1197479977446636
8492,3.3878429163960346,2.2588139780711427,1.129028938324892
8493,3.4730958756657184,2.343627516820087,1.1294683588456316
8494,3.480581486511855,2.3075479309680875,1.1730335555437676
8495,3.5364072169381267,2.4307232504849603,1.1056839664531664
8496,3.3169567802461923,2.1794673476736612,1.137489432572531
8497,3.5433225560284103,2.5039815192432253,1.039341036785185
8498,3.4592845726286425,2.275346343846966,1.1839382287816766
8499,3.425494039143454,2.2478646416695254,1.1776293974739285
8500,3.4781983401887304,2.339572338295796,1.1386260018929346
8501,3.4706148015112945,2.3152011873088627,1.1554136142024318
8502,3.3716150419698225,2.189577529510816,1.1820375124590066
8503,3.48627769898771,2.3668099082923884,1.1194677906953214
8504,3.4780407251934147,2.3060210562824026,1.172019668911012
8505,3.4832788132146213,2.328067746864539,1.1552110663500823
8506,3.4716764735326913,2.3264254436079796,1.1452510299247116
8507,3.446955928013094,2.310632634227173,1.136323293785921
8508,3.447678360058671,2.3347885021132866,1.1128898579453845
8509,3.5319141435429096,2.4216672155303187,1.1102469280125908
8510,3.4110339062919746,2.2300200446392724,1.1810138616527022
8511,3.432100103644017,2.2967863952182794,1.1353137084257376
8512,3.4992728028276936,2.3601815449544326,1.139091257873261
8513,3.4586014161413976,2.3349932541186704,1.1236081620227272
8514,3.503770163207025,2.391673504403638,1.1120966588033872
8515,3.415998725628791,2.278726668754145,1.1372720568746457
8516,3.4276923300824014,2.2564747820651947,1.1712175480172067
8517,3.4974681453429444,2.387002392865789,1.1104657524771553
8518,3.4590371888417235,2.3177510573371225,1.141286131504601
8519,3.48947064072661,2.3392596238979824,1.1502110168286275
8520,3.4953243299376395,2.3825584922758516,1.112765837661788
8521,3.3935959598475285,2.2240323505197335,1.169563609327795
8522,3.52195751446035,2.413801988674358,1.108155525785992
8523,3.4270183309367512,2.235479797341453,1.1915385335952982
8524,3.51372154558133,2.3527316516833707,1.1609898938979595
8525,3.404872243709758,2.296091445877657,1.1087807978321007
8526,3.4141863986284444,2.2968731260555484,1.117313272572896
8527,3.4752473219502225,2.3582585634869884,1.116988758463234
8528,3.454716288128185,2.373110063037362,1.0816062250908232
8529,3.3589387925801417,2.212114372441579,1.1468244201385627
8530,3.473979072013826,2.315871037327777,1.158108034686049
8531,3.403460996380205,2.209298021552661,1.194162974827544
8532,3.4411629535794526,2.257249775111946,1.1839131784675065
8533,3.451020263855575,2.34853241915035,1.1024878447052249
8534,3.507040195028054,2.447608487482886,1.0594317075451682
8535,3.5236951244701866,2.5237929710591747,0.999902153411012
8536,3.5044920129162236,2.3839472039648792,1.1205448089513443
8537,3.4616957509712116,2.259823952530171,1.2018717984410405
8538,3.4502871470195715,2.2670784923754557,1.1832086546441158
8539,3.4513856478337295,2.320659885689103,1.1307257621446265
8540,3.5326607341866296,2.4180345056815495,1.11462622850508
8541,3.48465519024158,2.361439910220971,1.123215280020609
8542,3.4266496189796376,2.265700643411403,1.1609489755682345
8543,3.520543473311573,2.4248864685503,1.0956570047612728
8544,3.4452008736970616,2.2707587308586565,1.174442142838405
8545,3.4856516505636805,2.4620786370396424,1.0235730135240382
8546,3.4926545787499834,2.398054758116072,1.0945998206339116
8547,3.4540447719334275,2.315870907720581,1.1381738642128467
8548,3.4578223007032127,2.2886888521173145,1.1691334485858982
8549,3.4836701462717015,2.369203441017272,1.1144667052544293
8550,3.547893542105956,2.4527367428014553,1.0951567993045006
8551,3.4764153011563,2.379527206888068,1.0968880942682322
8552,3.4581421849870133,2.2804995249059763,1.177642660081037
8553,3.512611856373208,2.4403100543124063,1.0723018020608017
8554,3.4335397327818673,2.2403283353274817,1.1932113974543856
8555,3.486077185580893,2.3631970073081447,1.1228801782727484
8556,3.4612914002457793,2.2787425195306503,1.182548880715129
8557,3.51978395185123,2.4895198624371657,1.0302640894140644
8558,3.494496026545484,2.3738806465337183,1.1206153800117655
8559,3.4499356157210754,2.3465369606183692,1.1033986551027062
8560,3.4884214523663557,2.3295729003248873,1.1588485520414684
8561,3.4319184067470836,2.2798393015151857,1.152079105231898
8562,3.4686699214629084,2.3638148260911476,1.1048550953717609
8563,3.4692091049645892,2.3033420304957923,1.165867074468797
8564,3.4655568813157815,2.3080882160973446,1.157468665218437
8565,3.4603840643272235,2.3800048359914268,1.0803792283357967
8566,3.4638254981518073,2.3587741451401714,1.105051353011636
8567,3.4729172294295605,2.3418548768395606,1.1310623525899999
8568,3.505067334070505,2.3956198012990195,1.1094475327714854
8569,3.511761217726515,2.3761899581314543,1.1355712595950607
8570,3.524900818955423,2.461095035718886,1.0638057832365373
8571,3.47596497557554,2.3562148490890005,1.1197501264865397
8572,3.406097069281313,2.2387334983841742,1.1673635708971388
8573,3.480894475232098,2.3561744958428776,1.1247199793892202
8574,3.513958078157004,2.382437012822129,1.131521065334875
8575,3.45637671807284,2.3072813579858473,1.1490953600869926
8576,3.480457839448904,2.375007405298533,1.105450434150371
8577,3.5247009864951093,2.373552370036673,1.1511486164584364
8578,3.4738361098596853,2.378157086307629,1.0956790235520564
8579,3.4595146820125984,2.328437025984548,1.1310776560280504
8580,3.485705346834829,2.3206509255854684,1.1650544212493608
8581,3.482423404571616,2.3398775234992852,1.1425458810723308
8582,3.475000293134736,2.3585103363131656,1.1164899568215705
8583,3.4621315292455703,2.363673829838126,1.0984576994074442
8584,3.500066195865076,2.3872847622515363,1.1127814336135398
8585,3.4272071081750384,2.2852374831932605,1.141969624981778
8586,3.458032797101007,2.3012077435487073,1.1568250535523
8587,3.4553839923406597,2.2846248317660915,1.1707591605745682
8588,3.4475155946663762,2.309311359343861,1.1382042353225152
8589,3.4777226992848633,2.3793287478550567,1.0983939514298067
8590,3.4979034127361808,2.373204141464386,1.124699271271795
8591,3.5196608114792074,2.4175144237442803,1.1021463877349271
8592,3.4567364549454105,2.2891150624484116,1.167621392496999
8593,3.384238597631068,2.1769597888305476,1.2072788088005204
8594,3.438960712812803,2.28568872869695,1.153271984115853
8595,3.468479176283709,2.337919189911126,1.130559986372583
8596,3.53198142425987,2.4332379067854504,1.0987435174744196
8597,3.5031122934670345,2.3855049710996097,1.1176073223674248
8598,3.517649767778852,2.4002491252039118,1.1174006425749403
8599,3.410013554022729,2.2525015554328918,1.1575119985898374
8600,3.421666427154497,2.244016111549556,1.1776503156049412
8601,3.4777446589722527,2.3776800052441907,1.100064653728062
8602,3.4961614524349307,2.404587435880867,1.0915740165540635
8603,3.385988868439757,2.2324491246894964,1.1535397437502608
8604,3.4647196000268377,2.3411793817055084,1.1235402183213292
8605,3.419669212777722,2.265272247345545,1.154396965432177
8606,3.4210836483060865,2.285855496735909,1.1352281515701774
8607,3.4633171065598196,2.302760842643973,1.1605562639158467
8608,3.50897855481108,2.3720901816471303,1.1368883731639499
8609,3.4387608731476402,2.4103498752762627,1.0284109978713776
8610,3.5416082378410816,2.4619728161358205,1.079635421705261
8611,3.466795503311573,2.332927131830944,1.133868371480629
8612,3.405451088613059,2.239279103428937,1.1661719851841217
8613,3.4710207780575257,2.319865747830334,1.1511550302271916
8614,3.508389957925148,2.3910410523099364,1.1173489056152115
8615,3.4681378054984164,2.3511374364028876,1.1170003690955288
8616,3.542948908067229,2.4916629902475913,1.0512859178196376
8617,3.454146968763595,2.2864917599403167,1.1676552088232781
8618,3.4969191228888676,2.4067163169554115,1.090202805933456
8619,3.494545837458648,2.3781216328958186,1.1164242045628296
8620,3.460235497547562,2.330231215960283,1.1300042815872793
8621,3.5227330155484404,2.4765591803147275,1.0461738352337129
8622,3.4370310113331355,2.2708392339554573,1.1661917773776782
8623,3.425990112676527,2.370536703267037,1.0554534094094898
8624,3.4398723878226583,2.266547100873448,1.1733252869492103
8625,3.4234050767969886,2.2687129937752544,1.1546920830217342
8626,3.502375463747334,2.386780492290612,1.115594971456722
8627,3.506435491182448,2.505415831255607,1.0010196599268406
8628,3.48199009920563,2.3951509679821084,1.0868391312235217
8629,3.527351266638768,2.429605988067467,1.0977452785713009
8630,3.462173685024943,2.3612757844978414,1.1008979005271016
8631,3.461674778169636,2.3524147039504633,1.109260074219173
8632,3.52214729854438,2.4688048474395057,1.0533424511048741
8633,3.4651080494378084,2.3558232641671704,1.109284785270638
8634,3.3806317171277684,2.231059776126878,1.1495719410008904
8635,3.5258738176644155,2.417565031092704,1.1083087865717114
8636,3.4850970336910283,2.3840039346670365,1.1010930990239918
8637,3.5040382350805075,2.3426315613660016,1.161406673714506
8638,3.467046359953316,2.378804227401816,1.0882421325514997
8639,3.434252445579802,2.2776561135197326,1.1565963320600692
8640,3.5064876555276063,2.4294222929171583,1.077065362610448
8641,3.529404374875796,2.419402855376511,1.1100015194992854
8642,3.4041537061039566,2.230495836184016,1.1736578699199405
8643,3.443226259257929,2.260630176605617,1.1825960826523119
8644,3.463265030413207,2.3522933937238046,1.1109716366894022
8645,3.388631478709645,2.2293887624514652,1.1592427162581798
8646,3.398131053430677,2.2270554372554896,1.1710756161751874
8647,3.438318822148747,2.240169649956911,1.1981491721918363
8648,3.501935990260277,2.3751627179671275,1.1267732722931494
8649,3.4801296706712743,2.3367268487902932,1.143402821880981
8650,3.386260355737328,2.252082456320243,1.134177899417085
8651,3.506838440818085,2.348567520497036,1.1582709203210486
8652,3.518946443743053,2.437427859583182,1.0815185841598711
8653,3.4416516127559476,2.267720122609331,1.1739314901466167
8654,3.4472829813351695,2.249537713094825,1.1977452682403444
8655,3.4569781616371427,2.2949973108349644,1.1619808508021783
8656,3.5141426477202145,2.372440636084025,1.1417020116361893
8657,3.4633149466005944,2.2758168983231366,1.1874980482774578
8658,3.5129062276900718,2.3516425922239366,1.1612636354661352
8659,3.475159627361116,2.302440433245678,1.1727191941154382
8660,3.4865383712042686,2.360198112701928,1.1263402585023408
8661,3.4523144398922927,2.3226159324548137,1.129698507437479
8662,3.542002718080768,2.5070088071617063,1.0349939109190616
8663,3.470254225190761,2.344980269938123,1.1252739552526378
8664,3.514947148418539,2.341191296277624,1.173755852140915
8665,3.5069962124969893,2.3596968377125394,1.14729937478445
8666,3.41607298298006,2.2924182961851294,1.1236546867949304
8667,3.4820258728920037,2.353174043511122,1.1288518293808818
8668,3.5305302840457,2.4681928948823573,1.0623373891633427
8669,3.4895966099679723,2.350801578598005,1.138795031369967
8670,3.47365229877235,2.3418991182172197,1.1317531805551302
8671,3.4061115136441353,2.2956283189730295,1.1104831946711058
8672,3.5267364528448186,2.494478718723532,1.0322577341212864
8673,3.4926230723123406,2.3772316530753947,1.1153914192369458
8674,3.5255742614432433,2.380445771735188,1.1451284897080551
8675,3.458819381587365,2.347925096545539,1.1108942850418257
8676,3.5125630483428836,2.3866751565858837,1.1258878917569999
8677,3.5197493757921654,2.375703395160403,1.1440459806317622
8678,3.520524644805253,2.4302335999742497,1.0902910448310035
8679,3.475394427757616,2.3733302657962168,1.1020641619613993
8680,3.4116327637498256,2.2272252568727335,1.184407506877092
8681,3.4854752639048705,2.35683329898065,1.1286419649242205
8682,3.462038890397819,2.343486464164994,1.1185524262328252
8683,3.452296144972915,2.2878856124534765,1.1644105325194385
8684,3.420189368517177,2.316382490775373,1.1038068777418037
8685,3.5136591581183847,2.3376521232091014,1.1760070349092833
8686,3.4959704230303545,2.3461888639547968,1.1497815590755578
8687,3.4748744103481215,2.3445696651037964,1.1303047452443251
8688,3.515479872556765,2.405244837139842,1.110235035416923
8689,3.4170720459569957,2.295321720444245,1.1217503255127506
8690,3.4241066202291006,2.3067487657631034,1.1173578544659972
8691,3.500979429700428,2.435451135358262,1.0655282943421662
8692,3.4305185968320773,2.3065196612576866,1.1239989355743907
8693,3.4666964137902045,2.3358636551808494,1.1308327586093552
8694,3.494515700477622,2.3646409066602714,1.1298747938173506
8695,3.4512935409978285,2.315655583793017,1.1356379572048114
8696,3.5137527937720923,2.3762557837183036,1.1374970100537887
8697,3.5024016001041245,2.345160796825258,1.1572408032788664
8698,3.5049191491016365,2.3589916246986995,1.145927524402937
8699,3.4793498299963064,2.343024179616242,1.1363256503800643
8700,3.4071392194141303,2.250548299249815,1.1565909201643154
8701,3.472037888519868,2.329629659914716,1.1424082286051522
8702,3.4930518996544313,2.38274428399679,1.1103076156576415
8703,3.4949136099848155,2.3350844854205404,1.1598291245642751
8704,3.5153037620695184,2.397032104025209,1.1182716580443093
8705,3.5106104597609447,2.380184309021742,1.1304261507392028
8706,3.536982250620392,2.516267867378522,1.0207143832418701
8707,3.450327365222465,2.3164571358308073,1.1338702293916576
8708,3.456288322939465,2.290999057147243,1.165289265792222
8709,3.4905300825588794,2.335946212964842,1.1545838695940374
8710,3.488754022893887,2.3738852887222412,1.1148687341716457
8711,3.4494877541588664,2.307214202676493,1.1422735514823734
8712,3.4726116382188312,2.2958384543418098,1.1767731838770215
8713,3.534294423630077,2.4990474186633924,1.0352470049666844
8714,3.4731150152909556,2.3333649693033007,1.1397500459876548
8715,3.5028744566856913,2.3952801226271134,1.1075943340585779
8716,3.5201202837392325,2.436296687370824,1.0838235963684086
8717,3.4742983420019047,2.3286874636831736,1.145610878318731
8718,3.449738495022195,2.2678318841803624,1.1819066108418328
8719,3.4929393987180224,2.332766352726712,1.1601730459913102
8720,3.517411083612318,2.444716232832936,1.0726948507793819
8721,3.485046662155669,2.420386688688065,1.064659973467604
8722,3.5081756026931865,2.385643246430608,1.1225323562625786
8723,3.5243493443047087,2.4185967713580725,1.1057525729466362
8724,3.40214970352668,2.2186672636447424,1.1834824398819377
8725,3.4663090790309523,2.3251197183833305,1.1411893606476218
8726,3.511329880161104,2.388352972398315,1.122976907762789
8727,3.4667617906203376,2.31505688656923,1.1517049040511078
8728,3.5028748816286948,2.3492045557727006,1.1536703258559942
8729,3.495651256929741,2.324604510823426,1.171046746106315
8730,3.5109246541986985,2.363860177276901,1.1470644769217975
8731,3.4559050906147095,2.380810450456825,1.0750946401578845
8732,3.534823485625644,2.4611128493777317,1.0737106362479123
8733,3.5005427250521035,2.392540454329423,1.1080022707226806
8734,3.4167838588801316,2.266016452075503,1.1507674068046287
8735,3.428275370593624,2.234539856471362,1.1937355141222619
8736,3.411240326960326,2.220344983405884,1.190895343554442
8737,3.4480870853970798,2.3339465793408554,1.1141405060562244
8738,3.4686171292497043,2.340249514429715,1.1283676148199895
8739,3.4810183644406054,2.3554102382693443,1.1256081261712612
8740,3.469150486639748,2.3026618464599347,1.1664886401798134
8741,3.523068807694793,2.395197420410815,1.127871387283978
8742,3.518281925530648,2.4340788780051543,1.0842030475254938
8743,3.4798428236224597,2.375094123780793,1.1047486998416667
8744,3.4470535785862526,2.288238812429521,1.1588147661567314
8745,3.439503634772885,2.3180737744483593,1.1214298603245259
8746,3.4990467397592173,2.372745862088722,1.1263008776704955
8747,3.480419459252816,2.28960129554543,1.190818163707386
8748,3.4193354947137924,2.296098547588627,1.1232369471251653
8749,3.4591787676890946,2.2871857445548716,1.171993023134223
8750,3.3879237461789855,2.2356591337651577,1.1522646124138278
8751,3.483981734427675,2.354292769381753,1.129688965045922
8752,3.5299328312895812,2.418881677165192,1.111051154124389
8753,3.4623842661869237,2.4033444410486093,1.0590398251383144
8754,3.515029510941032,2.395661557324561,1.1193679536164707
8755,3.452229077418971,2.3438691496094237,1.108359927809547
8756,3.4921928588004763,2.366010963068434,1.1261818957320422
8757,3.4755562196816396,2.295848909471113,1.1797073102105267
8758,3.4728616072833387,2.3036033636092643,1.1692582436740744
8759,3.5107636229069925,2.4704460778632145,1.040317545043778
8760,3.4720990876100593,2.36009049804708,1.1120085895629792
8761,3.530129107127066,2.4111957244158053,1.1189333827112606
8762,3.5378447749111723,2.4342711467460725,1.1035736281650999
8763,3.4938632501572924,2.382656509887343,1.1112067402699495
8764,3.4867968303776973,2.320537720768489,1.166259109609208
8765,3.485876222851043,2.366427487798143,1.1194487350529
8766,3.5046497971556736,2.3372597052999753,1.1673900918556983
8767,3.4393118399783806,2.2599410322361386,1.179370807742242
8768,3.524337473338544,2.4502338978617852,1.0741035754767587
8769,3.5072688068788946,2.42651723750828,1.0807515693706145
8770,3.497966098423114,2.398453826281206,1.099512272141908
8771,3.5210157282233183,2.415766767188234,1.1052489610350844
8772,3.377981051122146,2.2006500680555483,1.177330983066598
8773,3.526462584071041,2.488508216123938,1.037954367947103
8774,3.448453094308337,2.3270444613310013,1.1214086329773356
8775,3.465944616625979,2.300815919501778,1.1651286971242012
8776,3.429470685315507,2.295228607209514,1.1342420781059928
8777,3.4483661454298034,2.380035397277905,1.0683307481518982
8778,3.516923594651356,2.4170346094921817,1.0998889851591742
8779,3.4951895586785007,2.4187943103957057,1.076395248282795
8780,3.4924357659602565,2.3577937445311288,1.1346420214291277
8781,3.492197560772408,2.3720391492931836,1.1201584114792245
8782,3.4384878954224845,2.2763004306133046,1.16218746480918
8783,3.493510467364123,2.372514619748962,1.120995847615161
8784,3.4812672313738857,2.352426236839026,1.1288409945348596
8785,3.4693312046462443,2.3189452538167035,1.1503859508295409
8786,3.5208068326297233,2.4259523015610016,1.0948545310687217
8787,3.48578007287143,2.309202055115908,1.176578017755522
8788,3.467655724668929,2.398707766745581,1.0689479579233478
8789,3.466978734672334,2.3366925793222406,1.1302861553500936
8790,3.4818688523736068,2.3251692653862586,1.1566995869873482
8791,3.547062467443465,2.5238249966146364,1.0232374708288288
8792,3.4840105562117567,2.36891221429354,1.1150983419182166
8793,3.4313025006555473,2.2594501714055086,1.1718523292500387
8794,3.4525509123618923,2.35287619401569,1.0996747183462023
8795,3.484052346284248,2.339089021509994,1.1449633247742539
8796,3.5092490798795364,2.4054930483589936,1.1037560315205428
8797,3.48250660804,2.345237497199029,1.137269110840971
8798,3.47444094669928,2.337008064354818,1.137432882344462
8799,3.45032864618968,2.331652217653983,1.118676428535697
8800,3.4712827347534185,2.3688873323509463,1.1023954024024722
8801,3.508369584808366,2.42793004940516,1.080439535403206
8802,3.533489988120822,2.4380413002764976,1.0954486878443244
8803,3.50864063177126,2.391076842482611,1.1175637892886487
8804,3.3987394136069646,2.222286278674834,1.1764531349321308
8805,3.4887468322853548,2.338446476797947,1.1503003554874076
8806,3.4107477316655537,2.2634525397875844,1.1472951918779692
8807,3.4941313209292653,2.3749195477136253,1.11921177321564
8808,3.40143437271774,2.240177068262229,1.161257304455511
8809,3.500543269620743,2.387482862757956,1.113060406862787
8810,3.431068479237942,2.2823922452844436,1.1486762339534984
8811,3.514101371030221,2.469075613058669,1.045025757971552
8812,3.513807985383523,2.382966417732876,1.1308415676506471
8813,3.530499011691403,2.42491845807528,1.105580553616123
8814,3.4544260361142323,2.2779194212672174,1.176506614847015
8815,3.4109762024925043,2.316650924272718,1.0943252782197863
8816,3.454118748103192,2.276832451977938,1.1772862961252542
8817,3.513694244917237,2.400142107167635,1.1135521377496018
8818,3.487326025834399,2.359931749791936,1.127394276042463
8819,3.5361924783440064,2.442345484232093,1.0938469941119133
8820,3.4690674652644127,2.3232016905722745,1.1458657746921381
8821,3.5041879537717517,2.346141960380879,1.1580459933908727
8822,3.4833998143800344,2.374998700142619,1.1084011142374153
8823,3.4214932484851848,2.298861657636628,1.122631590848557
8824,3.494228019471338,2.389916851720727,1.1043111677506108
8825,3.4159288276613213,2.2481523836661017,1.1677764439952196
8826,3.4493993011567072,2.3525987299883044,1.0968005711684028
8827,3.5267566292239367,2.5399473890967603,0.9868092401271764
8828,3.500399269167027,2.3938099992338686,1.1065892699331585
8829,3.4543103764075056,2.31685697444657,1.1374534019609355
8830,3.472101700991747,2.3137720331607756,1.1583296678309716
8831,3.460874325261339,2.3666704414810504,1.0942038837802888
8832,3.386611884624407,2.242365313360122,1.144246571264285
8833,3.4438808492310233,2.293982042993684,1.1498988062373394
8834,3.505109631977091,2.3619306099745567,1.1431790220025344
8835,3.5096231256358243,2.446565462097418,1.0630576635384061
8836,3.4156701415678192,2.251781602234737,1.1638885393330822
8837,3.5169846856171145,2.3812489955340195,1.135735690083095
8838,3.5127417694793195,2.390425198901636,1.1223165705776834
8839,3.5150254406663843,2.401861112553454,1.1131643281129304
8840,3.4242026874250806,2.238554015967214,1.1856486714578667
8841,3.4586387694199,2.3105796934894824,1.1480590759304174
8842,3.522572132800583,2.4490027699297308,1.073569362870852
8843,3.4795670583625924,2.3517572314841164,1.127809826878476
8844,3.48533922604653,2.3382151396843454,1.1471240863621848
8845,3.4493755962998343,2.2671344117398893,1.182241184559945
8846,3.4615348503029573,2.3105094980070904,1.1510253522958669
8847,3.529420070441203,2.485323172948272,1.0440968974929312
8848,3.44773424582961,2.366254736977583,1.081479508852027
8849,3.462369997643692,2.3167197582274373,1.1456502394162547
8850,3.4895574422917153,2.398222314742826,1.0913351275488892
8851,3.4229466082041866,2.255341654797742,1.1676049534064448
8852,3.4376689620897842,2.279937354155299,1.157731607934485
8853,3.4356433480224173,2.2782015312228343,1.157441816799583
8854,3.5465401659156846,2.50505444718949,1.0414857187261943
8855,3.5121965927671566,2.4068389164304858,1.1053576763366708
8856,3.429869942973843,2.272417845167132,1.1574520978067109
8857,3.4575817787258383,2.2891394542353356,1.1684423244905027
8858,3.5218454659898653,2.4398861672157346,1.0819592987741307
8859,3.4491881959740844,2.2861983107670945,1.16298988520699
8860,3.46939328476541,2.3727362993039995,1.0966569854614105
8861,3.482192547693108,2.3605553124373646,1.1216372352557435
8862,3.4747860553488774,2.3504369970798593,1.124349058269018
8863,3.4782486827243124,2.3384140773174846,1.1398346054068278
8864,3.47638436496946,2.375968527512935,1.100415837456525
8865,3.493804769985029,2.3899406113297412,1.1038641586552878
8866,3.545448024028848,2.51246349900216,1.0329845250266882
8867,3.4788969593101076,2.3505880368002394,1.1283089225098681
8868,3.4352096338761795,2.2779076515068746,1.157301982369305
8869,3.5091985830000523,2.4486001430993647,1.0605984399006876
8870,3.4255887629743147,2.303880284203993,1.1217084787703215
8871,3.531986153560327,2.428732853979743,1.103253299580584
8872,3.444862441206633,2.269624714682815,1.175237726523818
8873,3.4438982958703495,2.354979349830893,1.0889189460394566
8874,3.4518424906565315,2.339352063783414,1.1124904268731175
8875,3.510854939516648,2.449596408890381,1.061258530626267
8876,3.4400226071263527,2.3172749890246362,1.1227476181017164
8877,3.4493853182773213,2.3147952262465097,1.1345900920308116
8878,3.436517625340289,2.283294673044433,1.1532229522958564
8879,3.5184359533824527,2.400669626855909,1.1177663265265436
8880,3.500502466561814,2.3723633107611573,1.1281391558006568
8881,3.519346302410524,2.4353848250166177,1.0839614773939061
8882,3.4687500584828306,2.3420847552565545,1.1266653032262761
8883,3.4741331526305372,2.350482241035474,1.123650911595063
8884,3.5078845700720485,2.4415571925894497,1.0663273774825988
8885,3.484745973683609,2.380903753340419,1.1038422203431901
8886,3.531541435887714,2.4551651005960937,1.0763763352916205
8887,3.418649343373915,2.2518999678190177,1.1667493755548972
8888,3.4582164306563272,2.2609207944384373,1.19729563621789
8889,3.4673910693991106,2.3228388215228954,1.1445522478762151
8890,3.43782802387235,2.265566274446201,1.172261749426149
8891,3.376830344514269,2.269681089997655,1.1071492545166142
8892,3.4855333704544527,2.357230151015164,1.1283032194392888
8893,3.5038322172558614,2.4541013164079484,1.049730900847913
8894,3.442698511018775,2.2528223376529852,1.1898761733657897
8895,3.5017061719872915,2.3981968857003473,1.1035092862869442
8896,3.469902861254093,2.30877825983294,1.1611246014211534
8897,3.511352329040987,2.3733471419652967,1.1380051870756902
8898,3.4788945638192414,2.3774093314243063,1.1014852323949351
8899,3.5327934900794937,2.4134131270520838,1.11938036302741
8900,3.438817684060938,2.27670120254562,1.162116481515318
8901,3.4821799112025844,2.3352310941857852,1.1469488170167992
8902,3.518006384815337,2.441018974289499,1.0769874105258381
8903,3.4896023270412955,2.3912137446899173,1.0983885823513782
8904,3.456531478700426,2.360856836405842,1.095674642294584
8905,3.535357639701652,2.4432034329425525,1.0921542067590995
8906,3.486205494252758,2.328498925245131,1.157706569007627
8907,3.4525808561052433,2.297020425432388,1.1555604306728555
8908,3.5334256412077107,2.4665740584702696,1.0668515827374412
8909,3.4368859873806152,2.2666876518160275,1.1701983355645877
8910,3.5209583485072766,2.400940619757907,1.1200177287493696
8911,3.528581989108169,2.4656614235969414,1.0629205655112277
8912,3.532039385668925,2.443432399315794,1.0886069863531311
8913,3.492142387733565,2.3210285449791126,1.1711138427544525
8914,3.4659936839300176,2.3105832526509356,1.155410431279082
8915,3.4792019867600583,2.332324773466273,1.1468772132937852
8916,3.4267143413708614,2.246122265232837,1.1805920761380242
8917,3.512866439048121,2.4149313977584583,1.0979350412896625
8918,3.5325230781507924,2.4161183174727277,1.1164047606780647
8919,3.498651311960429,2.365276362647594,1.133374949312835
8920,3.4081230250116996,2.222315689038869,1.1858073359728305
8921,3.4041740173667905,2.2390973886638657,1.1650766287029248
8922,3.362589659837437,2.1703086972283683,1.1922809626090687
8923,3.4791919843077754,2.334021916416216,1.1451700678915593
8924,3.4832458262014003,2.335657270137736,1.1475885560636643
8925,3.5020227033599802,2.3334312594458226,1.1685914439141576
8926,3.4442615986677247,2.288203204627063,1.1560583940406617
8927,3.453845744880205,2.3839263616157473,1.0699193832644576
8928,3.4326281833548893,2.262954845264178,1.1696733380907114
8929,3.480742062440851,2.3134988319975007,1.1672432304433502
8930,3.4327248006385433,2.3057540280197903,1.126970772618753
8931,3.4476550071117535,2.2682817481830275,1.179373258928726
8932,3.515184861194419,2.4447226535358206,1.0704622076585983
8933,3.470904114162389,2.298585279537794,1.172318834624595
8934,3.487911184772397,2.3600672756784955,1.1278439090939014
8935,3.5178865058174593,2.4386217946719277,1.0792647111455316
8936,3.5030859700607957,2.3869364670731166,1.1161495029876791
8937,3.4201489628248827,2.2509878674946107,1.169161095330272
8938,3.5190328878854973,2.428799684945255,1.0902332029402424
8939,3.448526597777388,2.334251874501379,1.1142747232760088
8940,3.481932645039179,2.304454617087189,1.1774780279519899
8941,3.4652984099957838,2.2824997917968304,1.1827986181989534
8942,3.49167523306283,2.364730760014689,1.1269444730481406
8943,3.4869004016729166,2.3576006017227824,1.1292997999501342
8944,3.5322232459892753,2.4347238426025637,1.0974994033867116
8945,3.52654542757268,2.443318333384188,1.083227094188492
8946,3.47385096984349,2.335242651571862,1.1386083182716282
8947,3.4828159478645886,2.364570617104708,1.1182453307598808
8948,3.5195679278117136,2.406750529277823,1.1128173985338905
8949,3.4397496152471336,2.2596353607221125,1.1801142545250212
8950,3.4373684141455323,2.274331857523916,1.1630365566216163
8951,3.5168235893788653,2.3983867948875788,1.1184367944912865
8952,3.5512550270682706,2.466063731332195,1.0851912957360756
8953,3.499258756481656,2.3769563904649047,1.1223023660167515
8954,3.4755899553220675,2.3742813873539133,1.1013085679681542
8955,3.4766016591462954,2.3162489530751933,1.160352706071102
8956,3.4414994830698546,2.2733242997046452,1.1681751833652094
8957,3.4762844722604895,2.3257416158136226,1.150542856446867
8958,3.482287461269137,2.3288575021994937,1.1534299590696433
8959,3.4028925009694704,2.225585789576521,1.1773067113929492
8960,3.4492051810450985,2.323404635684816,1.1258005453602826
8961,3.483775909399403,2.378354636014468,1.105421273384935
8962,3.447775572870529,2.3384374907877103,1.1093380820828185
8963,3.4586867549836606,2.390561759309146,1.0681249956745145
8964,3.463605820353197,2.309127387341678,1.1544784330115192
8965,3.4757156036940944,2.34865594888244,1.1270596548116543
8966,3.5158784045051483,2.520719552779145,0.9951588517260035
8967,3.4861261713915193,2.331435521246962,1.1546906501445573
8968,3.453772781486262,2.2685973037997473,1.1851754776865149
8969,3.375622835283921,2.1987911144904366,1.1768317207934844
8970,3.4810247424738607,2.3059893036211125,1.1750354388527482
8971,3.452227292822684,2.293586405566959,1.158640887255725
8972,3.5113905312066223,2.406492092648415,1.1048984385582075
8973,3.5117753490817663,2.3812882093346865,1.1304871397470797
8974,3.4515270019418938,2.3009937295664544,1.1505332723754393
8975,3.486018610850594,2.3396433833705808,1.1463752274800134
8976,3.412950414416292,2.2876814177359694,1.1252689966803224
8977,3.4545147466201698,2.355462518602636,1.0990522280175337
8978,3.335968814537691,2.1528985038378834,1.1830703106998075
8979,3.485363110627501,2.332209660392667,1.153153450234834
8980,3.440816397343181,2.28175949398965,1.1590569033535307
8981,3.4105646962696268,2.241467463280344,1.1690972329892828
8982,3.435825326081928,2.2827004041192893,1.1531249219626387
8983,3.4709279847227146,2.372738588863544,1.0981893958591704
8984,3.4439578422574333,2.323456132926916,1.1205017093305174
8985,3.4702370052836184,2.3321705507371315,1.138066454546487
8986,3.5304075583048355,2.431241560166965,1.0991659981378707
8987,3.494058431836715,2.347512757659486,1.1465456741772293
8988,3.524449270041654,2.4808940589761552,1.0435552110654989
8989,3.471054717828483,2.354070960702607,1.116983757125876
8990,3.442480167533514,2.3108357586387984,1.1316444088947155
8991,3.4131178018028465,2.2274670246401307,1.1856507771627158
8992,3.5167255657131578,2.40957272828684,1.1071528374263178
8993,3.4657765477937565,2.3210092186870006,1.144767329106756
8994,3.4705379779288186,2.3270256917810253,1.1435122861477933
8995,3.4910633107857323,2.416461270545594,1.0746020402401384
8996,3.4782371656217608,2.3337024220367453,1.1445347435850155
8997,3.4647272999803413,2.310072687889212,1.1546546120911292
8998,3.524993820755937,2.3775676980652594,1.1474261226906775
8999,3.520739440365084,2.388634879234462,1.132104561130622
9000,3.4241925473281394,2.2507740488457006,1.1734184984824387
9001,3.4386632557353067,2.303851472119076,1.1348117836162306
9002,3.528829083124239,2.423520522473346,1.1053085606508932
9003,3.465329407874866,2.3666645969587066,1.0986648109161594
9004,3.537918353423546,2.440750196667429,1.097168156756117
9005,3.4470727891255857,2.3045181272455824,1.1425546618800033
9006,3.5083330710891367,2.4362787599703686,1.0720543111187681
9007,3.4731757959384444,2.3392574272015154,1.133918368736929
9008,3.4796824355280416,2.3488227140094895,1.130859721518552
9009,3.4678675928381058,2.3256639171390923,1.1422036756990135
9010,3.5249342346350887,2.4606971665177038,1.064237068117385
9011,3.374807942153727,2.184788993065185,1.1900189490885422
9012,3.544553018404281,2.4597756634961634,1.0847773549081174
9013,3.5067734894239964,2.4458546253202935,1.0609188641037028
9014,3.4560181393393234,2.292872651806535,1.1631454875327885
9015,3.462218869992168,2.3208864557590116,1.1413324142331565
9016,3.4338576484833765,2.347282366904046,1.0865752815793304
9017,3.3586892751748505,2.1668710079440405,1.19181826723081
9018,3.426901588236433,2.27128839466976,1.1556131935666727
9019,3.541423648379118,2.440116446738297,1.1013072016408207
9020,3.496701870717231,2.3866444603449275,1.1100574103723035
9021,3.475349210463002,2.357200537327122,1.11814867313588
9022,3.4487845132580066,2.3361950993609586,1.112589413897048
9023,3.5215901304117465,2.448723213056119,1.0728669173556273
9024,3.52589044081512,2.415139632424384,1.110750808390736
9025,3.4022544426859067,2.3173114293486297,1.084943013337277
9026,3.515964371862983,2.399878213602839,1.1160861582601438
9027,3.4844152504239494,2.318123219473422,1.1662920309505274
9028,3.470219651065703,2.3299149848334286,1.1403046662322742
9029,3.4867395960989973,2.406377262477278,1.0803623336217192
9030,3.5204649773132015,2.391925786488176,1.1285391908250255
9031,3.528914335182736,2.431642338769006,1.0972719964137303
9032,3.484664291966586,2.3288096315140585,1.1558546604525275
9033,3.407381345366318,2.2975523825625066,1.1098289628038116
9034,3.4876761564533676,2.3292894491677543,1.1583867072856133
9035,3.513644601716782,2.382785850042092,1.13085875167469
9036,3.474602310329955,2.354659263239546,1.119943047090409
9037,3.4643911168630543,2.2952449427844295,1.1691461740786249
9038,3.4272403752078637,2.212177695960934,1.21506267924693
9039,3.4943028427446503,2.4252184973405075,1.0690843454041428
9040,3.357836705158174,2.173600241413913,1.184236463744261
9041,3.4604612859891835,2.342577218339041,1.1178840676501425
9042,3.497067017144253,2.416718612457862,1.080348404686391
9043,3.522804019942133,2.4052306017080967,1.1175734182340364
9044,3.522671467809929,2.4353507130064287,1.0873207548035002
9045,3.522233046601051,2.411113342933739,1.111119703667312
9046,3.451786403490311,2.322974427288152,1.1288119762021593
9047,3.4937141943348973,2.344040159860204,1.1496740344746934
9048,3.430998989366813,2.2898079346058724,1.1411910547609407
9049,3.5289002864114747,2.3876448221909374,1.1412554642205373
9050,3.5274203499330827,2.4336770680424524,1.0937432818906303
9051,3.408876064680534,2.2328624226486165,1.1760136420319176
9052,3.481353728818986,2.3448053129213315,1.1365484158976544
9053,3.4634581104376077,2.290805046243154,1.1726530641944537
9054,3.4408105793048613,2.2871726084833384,1.153637970821523
9055,3.426535237433051,2.29916448944468,1.1273707479883708
9056,3.4375991584328527,2.270135410899666,1.1674637475331866
9057,3.505044905180649,2.4286624548008997,1.0763824503797492
9058,3.4895988673488665,2.3055365028164103,1.1840623645324562
9059,3.388071423432041,2.1984166240381247,1.1896547993939164
9060,3.5197018702997265,2.4468826071065384,1.072819263193188
9061,3.488547380184536,2.3946439946261164,1.0939033855584195
9062,3.4199385790550925,2.2765968602449163,1.1433417188101762
9063,3.3671567540551672,2.2303804362085033,1.1367763178466639
9064,3.518302814671016,2.3934885908635857,1.1248142238074301
9065,3.4559582534366973,2.318756316376708,1.1372019370599893
9066,3.399721892699787,2.2114404179250204,1.1882814747747665
9067,3.4556086341979753,2.339333698135889,1.1162749360620863
9068,3.4797697950149815,2.4988970306988287,0.9808727643161528
9069,3.4992548077265218,2.4645484949122367,1.034706312814285
9070,3.478623338493953,2.3362769432670984,1.1423463952268547
9071,3.501186785663243,2.4083524704272574,1.0928343152359856
9072,3.4784349001708956,2.353079035267593,1.1253558649033026
9073,3.4883284287485745,2.3803505245012935,1.107977904247281
9074,3.4215730630449612,2.2619145696785137,1.1596584933664476
9075,3.429298813246149,2.226411156007298,1.202887657238851
9076,3.423204240474627,2.2773541912576714,1.1458500492169557
9077,3.4795128054557556,2.3473659881675073,1.1321468172882483
9078,3.488071304557058,2.3744491181604297,1.1136221863966282
9079,3.497711899476259,2.3507107650078773,1.1470011344683817
9080,3.4523784983229513,2.3108604577886003,1.141518040534351
9081,3.4699488503503604,2.346390182830661,1.1235586675196996
9082,3.4308168218775696,2.2657248781734354,1.1650919437041343
9083,3.471369885842744,2.3277216738605113,1.1436482119822329
9084,3.4878851381538896,2.3789415065219406,1.108943631631949
9085,3.5223743203126685,2.450283168253301,1.0720911520593677
9086,3.44217053378974,2.278505706933703,1.1636648268560368
9087,3.4568008101866328,2.3090916732009776,1.1477091369856551
9088,3.3749166399219406,2.29430217795397,1.0806144619679707
9089,3.4467931708176316,2.33493908970376,1.1118540811138717
9090,3.4400074921741193,2.2678234293462847,1.1721840628278346
9091,3.5238765888738963,2.426621019951616,1.0972555689222805
9092,3.518494588728633,2.4251673424137024,1.0933272463149306
9093,3.5258831214413213,2.4458551717064365,1.0800279497348848
9094,3.4249203161796062,2.2771743926474883,1.147745923532118
9095,3.4623581147069498,2.322565335045964,1.139792779660986
9096,3.4101431132451103,2.2335757592655354,1.176567353979575
9097,3.468441740949679,2.365721341473166,1.102720399476513
9098,3.507175053908347,2.4272867730971828,1.079888280811164
9099,3.520321220282809,2.3907032406522406,1.1296179796305683
9100,3.508095151799416,2.441744400851986,1.06635075094743
9101,3.3661967325295383,2.1972851432652414,1.168911589264297
9102,3.4777418393272237,2.348417738644419,1.1293241006828048
9103,3.5229299880813176,2.48866439719648,1.0342655908848375
9104,3.5219773512454853,2.3622231931116597,1.1597541581338255
9105,3.508640302362837,2.4383216117001947,1.0703186906626425
9106,3.4311964447142507,2.274496219159672,1.1567002255545789
9107,3.4541743646857395,2.3195503274887184,1.134624037197021
9108,3.464846951133907,2.3279080594121893,1.1369388917217176
9109,3.4705450811120513,2.3844904037194916,1.0860546773925597
9110,3.532650585649726,2.4507296664231326,1.0819209192265933
9111,3.4456057788718697,2.291407285372971,1.1541984934988987
9112,3.482971800230242,2.3512996934730497,1.1316721067571924
9113,3.354995080041559,2.142741830397108,1.212253249644451
9114,3.520835554395775,2.376928450444373,1.1439071039514022
9115,3.5179546152231245,2.379114787357564,1.1388398278655605
9116,3.5193278743598877,2.446458312368253,1.0728695619916349
9117,3.4389975291266097,2.2470171934143486,1.1919803357122611
9118,3.4778141323240552,2.422234036552189,1.0555800957718664
9119,3.4767768802932517,2.289883708073905,1.1868931722193468
9120,3.5255361366412403,2.4994974771923,1.0260386594489401
9121,3.470726578054398,2.307763869993595,1.1629627080608032
9122,3.47797209359562,2.334297201090996,1.1436748925046238
9123,3.5007753505667756,2.424302164984049,1.0764731855827265
9124,3.4629851744754454,2.328861045065877,1.1341241294095683
9125,3.3894977558593506,2.1929064650477907,1.19659129081156
9126,3.518992269441505,2.4331287153359322,1.0858635541055728
9127,3.444755012638176,2.292895272803778,1.1518597398343982
9128,3.421401744627786,2.270333178537391,1.151068566090395
9129,3.504216326569212,2.4157126750059397,1.0885036515632724
9130,3.516907262774599,2.434399505342699,1.0825077574319
9131,3.502747150707348,2.3522264628257337,1.1505206878816145
9132,3.511422330759923,2.3888308069336275,1.1225915238262956
9133,3.4050251963390243,2.2270517911744054,1.177973405164619
9134,3.486019068531971,2.3501786220800187,1.1358404464519523
9135,3.50426214927895,2.3994695188163804,1.1047926304625695
9136,3.4454021070288414,2.2773510896739233,1.1680510173549181
9137,3.4683116553287783,2.3157576608803123,1.152553994448466
9138,3.443721542558578,2.2897068945964656,1.1540146479621125
9139,3.5031387995662553,2.4341495824511177,1.0689892171151376
9140,3.5127751015527533,2.438485064191772,1.0742900373609814
9141,3.511469621540265,2.4112029381873517,1.1002666833529133
9142,3.4652517663575684,2.337798728615645,1.1274530377419234
9143,3.456793989386917,2.329070761376135,1.1277232280107823
9144,3.4735893037036307,2.378268016002481,1.0953212877011498
9145,3.4955248875526026,2.3985995523977683,1.0969253351548343
9146,3.442227983885414,2.2824611920314966,1.1597667918539174
9147,3.3464147700233435,2.179584763036275,1.1668300069870687
9148,3.50642828186361,2.5150754650778793,0.9913528167857306
9149,3.439442178290408,2.3089843247924824,1.1304578534979255
9150,3.4355475470710326,2.243493228524714,1.1920543185463188
9151,3.4247240654186015,2.305597659894135,1.1191264055244665
9152,3.4571955130921954,2.2828505043220626,1.1743450087701328
9153,3.419533646473655,2.257858140116591,1.161675506357064
9154,3.4594053080034595,2.31199063204757,1.1474146759558894
9155,3.507133001933214,2.385180435501552,1.1219525664316623
9156,3.4772142150166,2.407298154193661,1.0699160608229392
9157,3.507373261674528,2.3626443447897256,1.1447289168848025
9158,3.5135563988714544,2.359423832097672,1.1541325667737823
9159,3.4687476041279917,2.303175291433855,1.1655723126941369
9160,3.5168575042604404,2.3662271615495616,1.1506303427108788
9161,3.459732674138479,2.340687572727867,1.1190451014106122
9162,3.469411049723319,2.3322320846634423,1.1371789650598765
9163,3.4813077647124424,2.3598418579107845,1.121465906801658
9164,3.4355843301223823,2.281665114368688,1.1539192157536942
9165,3.4702114484261983,2.337199488560833,1.1330119598653652
9166,3.414052319350765,2.2643011352824054,1.1497511840683594
9167,3.489302771970032,2.3169400775783258,1.172362694391706
9168,3.4729089144512066,2.3954992396603485,1.0774096747908581
9169,3.509336016433738,2.4499196876765397,1.0594163287571985
9170,3.472545181331122,2.300020138541505,1.172525042789617
9171,3.5088958540128474,2.3811378218180983,1.1277580321947491
9172,3.510196579074826,2.380346279056137,1.1298503000186888
9173,3.4730104005653115,2.325409579700462,1.1476008208648496
9174,3.5318305618777455,2.523761335735561,1.0080692261421844
9175,3.4813028310998306,2.3472630321492343,1.1340397989505964
9176,3.5004924888667115,2.3540485758336303,1.1464439130330812
9177,3.471181896199703,2.342655070355552,1.1285268258441508
9178,3.3984527674322296,2.207673463311876,1.1907793041203534
9179,3.4552434745567746,2.3038531463387337,1.1513903282180409
9180,3.4965259571232354,2.4309241903653676,1.0656017667578679
9181,3.453282375120541,2.355540170326143,1.097742204794398
9182,3.430203417331194,2.2845431936132408,1.1456602237179534
9183,3.4942681320162814,2.344495028968942,1.1497731030473393
9184,3.4972518427582107,2.353263797062664,1.1439880456955467
9185,3.4684948627962995,2.3746293925923414,1.093865470203958
9186,3.353549374499259,2.2065674212072413,1.1469819532920176
9187,3.464718106566937,2.280719044934718,1.183999061632219
9188,3.4110949207154135,2.2490424797809787,1.1620524409344348
9189,3.4680777632032727,2.341573242026411,1.1265045211768618
9190,3.463124593176028,2.3446417513930706,1.1184828417829573
9191,3.524405794986919,2.43526191744538,1.0891438775415394
9192,3.5102055433740156,2.4073384997472393,1.1028670436267762
9193,3.484991088247021,2.333309320712679,1.1516817675343423
9194,3.5241594904700384,2.3492904687291083,1.17486902174093
9195,3.420140781055529,2.3008144941123647,1.1193262869431644
9196,3.507046864086963,2.3663464505988947,1.1407004134880685
9197,3.5129565309439594,2.388697235365038,1.1242592955789212
9198,3.48222482894637,2.423870458452993,1.0583543704933773
9199,3.453775372068149,2.287216649494312,1.166558722573837
9200,3.5051958986410985,2.3913985553159396,1.113797343325159
9201,3.5007364051965166,2.365352985716737,1.1353834194797798
9202,3.4665962686486074,2.353715954004042,1.1128803146445652
9203,3.4715218450065435,2.3532659604649386,1.1182558845416048
9204,3.520107120496115,2.423856261075878,1.0962508594202371
9205,3.339503239272139,2.1489306895505567,1.1905725497215824
9206,3.4560720403305614,2.300284593218649,1.1557874471119125
9207,3.5061122285030266,2.382219215299151,1.1238930132038756
9208,3.4512423530845764,2.3147969781961173,1.136445374888459
9209,3.4580946506725643,2.2663781959997436,1.1917164546728207
9210,3.4939184659956863,2.376786252367823,1.1171322136278632
9211,3.517305666714176,2.4506631535636925,1.0666425131504838
9212,3.5004302677819115,2.381420116830074,1.1190101509518375
9213,3.5074850398467974,2.459866176858771,1.0476188629880263
9214,3.4616043638858707,2.307762645477827,1.1538417184080436
9215,3.4595470172897254,2.3225584244574082,1.1369885928323171
9216,3.44677882294915,2.266585452807283,1.180193370141867
9217,3.4296908913675406,2.2480444313016457,1.181646460065895
9218,3.520319489438111,2.4211644534495464,1.0991550359885647
9219,3.427499418995219,2.2964608872877705,1.1310385317074485
9220,3.397749250751066,2.2316135557974,1.1661356949536659
9221,3.4720309506443363,2.3465695254595595,1.1254614251847768
9222,3.4698991220906032,2.311718822385611,1.1581802997049921
9223,3.487111390714948,2.36777140923559,1.1193399814793579
9224,3.503819371164158,2.350673972537785,1.153145398626373
9225,3.4887971654799625,2.3476634133515866,1.141133752128376
9226,3.4801856100177666,2.367289423571424,1.1128961864463425
9227,3.4027444256079824,2.237212587932817,1.1655318376751653
9228,3.472177459988011,2.356074139092999,1.1161033208950122
9229,3.4780552451955944,2.3628664131160533,1.1151888320795411
9230,3.376887687337424,2.178810238693436,1.1980774486439878
9231,3.5204346445650017,2.3569101841542195,1.1635244604107822
9232,3.5113637297516718,2.442863476179857,1.0685002535718149
9233,3.4364479311945635,2.3213380696967088,1.1151098614978547
9234,3.5314014543005774,2.4029894299199865,1.1284120243805909
9235,3.4684026162965056,2.307409207809356,1.1609934084871494
9236,3.439703180139994,2.3031530464388053,1.136550133701189
9237,3.520844127945048,2.4259210071690034,1.0949231207760448
9238,3.510886778535749,2.3723000485999677,1.1385867299357812
9239,3.376173993342206,2.1875603193,1.1886136740422057
9240,3.533101369967102,2.4476607317074426,1.0854406382596595
9241,3.4187357183550477,2.2666192982951054,1.1521164200599423
9242,3.5055152889967474,2.3872969371843054,1.118218351812442
9243,3.4902958736330234,2.3545348921070923,1.135760981525931
9244,3.512225071095912,2.4051687526271643,1.1070563184687479
9245,3.5201894442795445,2.4608836356419777,1.0593058086375668
9246,3.4931190564378722,2.3648232402789766,1.1282958161588956
9247,3.490481063343783,2.3283953924388703,1.1620856709049128
9248,3.4153399356341767,2.258711203916062,1.1566287317181145
9249,3.508813418131859,2.4059582776560076,1.1028551404758513
9250,3.479422769618967,2.406505612651235,1.0729171569677316
9251,3.462797820389878,2.311037977083191,1.151759843306687
9252,3.464560817756186,2.3470933176709368,1.1174675000852492
9253,3.5019144479647015,2.4618860369216686,1.040028411043033
9254,3.450984779356679,2.3270613450223436,1.1239234343343352
9255,3.4957214539717407,2.327624987175845,1.1680964667958955
9256,3.5014208813179564,2.3445056141226313,1.1569152671953251
9257,3.5152062641863435,2.3386965727143503,1.1765096914719932
9258,3.47788693506802,2.350789811299628,1.127097123768392
9259,3.5182627145754846,2.424628220850959,1.0936344937245255
9260,3.4951802824692995,2.3229439166795456,1.1722363657897539
9261,3.466233090692891,2.335521576900918,1.1307115137919728
9262,3.4842943942131104,2.3265435063745796,1.1577508878385308
9263,3.4994463872407073,2.358361241766146,1.1410851454745612
9264,3.4177220668118524,2.270296193528143,1.1474258732837095
9265,3.4739930863912627,2.306416971525225,1.1675761148660375
9266,3.460422827508853,2.288884353577177,1.171538473931676
9267,3.529657199945896,2.503962545335151,1.0256946546107453
9268,3.4418521949460965,2.2691223202762365,1.17272987466986
9269,3.482888945007168,2.3714699502388195,1.1114189947683486
9270,3.538259027034593,2.441068279567648,1.0971907474669447
9271,3.460271546578224,2.2881354441118598,1.1721361024663643
9272,3.4796983109829016,2.3812673195912653,1.0984309913916364
9273,3.465622623087763,2.330316784347414,1.135305838740349
9274,3.5140445144021157,2.395651990928523,1.1183925234735925
9275,3.450885971395939,2.2951813983173466,1.1557045730785922
9276,3.4978810506594313,2.3852870745549684,1.112593976104463
9277,3.4782269969102804,2.3406717822484957,1.1375552146617847
9278,3.4479717589702585,2.288307615699426,1.1596641432708323
9279,3.362300058178107,2.2015212239517132,1.1607788342263938
9280,3.4965146636838553,2.4208080966489196,1.0757065670349357
9281,3.485908050537998,2.3077305503563306,1.1781775001816674
9282,3.5057120880714465,2.4478398616365755,1.057872226434871
9283,3.479930483559809,2.3557625070395702,1.1241679765202388
9284,3.4472060077794255,2.2839843805116176,1.163221627267808
9285,3.512883193910709,2.3822149976126172,1.1306681962980916
9286,3.4416929128136218,2.290270998520595,1.1514219142930266
9287,3.417105569724971,2.2549687696537974,1.1621368000711736
9288,3.503120329885083,2.3890892549023786,1.1140310749827043
9289,3.5216034238399794,2.4204195827482256,1.1011838410917538
9290,3.406808411686151,2.308797908671562,1.0980105030145886
9291,3.472794871128621,2.3403678618578403,1.1324270092707809
9292,3.4168600352065304,2.2298777502918763,1.186982284914654
9293,3.480205163130667,2.340747426068385,1.139457737062282
9294,3.509276175073021,2.478470406551469,1.0308057685215517
9295,3.5006201037368094,2.4096460832785866,1.0909740204582228
9296,3.4806144277088937,2.4153826118387607,1.065231815870133
9297,3.40909787295979,2.207021844846333,1.2020760281134568
9298,3.4697366088059547,2.336025296310668,1.133711312495287
9299,3.438733543158178,2.327029955586353,1.1117035875718249
9300,3.496394374358344,2.4831981291127825,1.0131962452455614
9301,3.52259188748338,2.385585984929021,1.137005902554359
9302,3.5037185264308977,2.367353147053479,1.1363653793774184
9303,3.5017119085700212,2.4384327931090257,1.0632791154609955
9304,3.48442584615427,2.3554121574513815,1.1290136887028885
9305,3.4679984668035204,2.3368603370998926,1.1311381297036278
9306,3.4999555980642394,2.391614383559104,1.1083412145051352
9307,3.4976522283321767,2.384272655935914,1.1133795723962625
9308,3.468220739983906,2.3102329717259513,1.1579877682579545
9309,3.43777236011252,2.279161709187923,1.1586106509245973
9310,3.441474484549533,2.2430098013821578,1.198464683167375
9311,3.4943577512805977,2.356921108706662,1.1374366425739355
9312,3.48775455092804,2.346916711550507,1.1408378393775327
9313,3.4971415582766934,2.3848633286452707,1.1122782296314226
9314,3.4527037364075337,2.3353149705116736,1.1173887658958601
9315,3.4677304811536747,2.308069151945095,1.1596613292085798
9316,3.496479138701726,2.3746647894074204,1.1218143492943056
9317,3.415308639587516,2.2777632258138802,1.1375454137736356
9318,3.434715541953142,2.337922852167538,1.096792689785604
9319,3.439311558443771,2.273568863891249,1.165742694552522
9320,3.458767133582016,2.346804706119963,1.111962427462053
9321,3.433909160951719,2.25900517892668,1.174903982025039
9322,3.5487385044098905,2.5264679367389293,1.0222705676709611
9323,3.3709819248615673,2.2204998350335847,1.1504820898279826
9324,3.4118064034094795,2.252746668336688,1.1590597350727916
9325,3.5358796683928357,2.43892939480486,1.096950273587976
9326,3.51286850542683,2.431238722430047,1.081629782996783
9327,3.459543691332535,2.366133694401852,1.0934099969306827
9328,3.4497253672836385,2.338668214216685,1.1110571530669535
9329,3.46409598672253,2.3957716971504475,1.0683242895720824
9330,3.4788711327431607,2.392596737103209,1.0862743956399519
9331,3.536225676134549,2.4351503605205673,1.1010753156139819
9332,3.405905109143106,2.276690208646546,1.1292149004965597
9333,3.4865410143049442,2.3469629667377228,1.1395780475672215
9334,3.5116484158303156,2.4002479748940653,1.1114004409362503
9335,3.3909236855654137,2.2271309600014657,1.163792725563948
9336,3.347591663845322,2.160291821571903,1.187299842273419
9337,3.523432686459811,2.3960186712195735,1.1274140152402374
9338,3.4506452086447066,2.3186131747516607,1.1320320338930459
9339,3.493947906905331,2.312326000531998,1.181621906373333
9340,3.5001761488831766,2.404485480174182,1.0956906687089947
9341,3.4421483932284764,2.3469034913062674,1.095244901922209
9342,3.5213430093861193,2.4056760031318207,1.1156670062542986
9343,3.4907048702316716,2.3280250510016995,1.162679819229972
9344,3.471029309910519,2.3037210483786335,1.1673082615318857
9345,3.486703708224574,2.3584554766047603,1.1282482316198137
9346,3.40705412846399,2.2709742738781142,1.136079854585876
9347,3.5019815483317887,2.3649062364346998,1.1370753118970889
9348,3.439596746696198,2.330177423997375,1.1094193226988232
9349,3.4299397525957582,2.377454550798453,1.0524852017973054
9350,3.4736091786399608,2.337498917052464,1.136110261587497
9351,3.5228225754095384,2.407226365082356,1.1155962103271824
9352,3.3938002178638476,2.248091587903247,1.1457086299606005
9353,3.5023984682603495,2.3658859587073087,1.1365125095530408
9354,3.4586717295500637,2.384241416118285,1.0744303134317787
9355,3.4587145199781903,2.2945276326936925,1.1641868872844978
9356,3.487760237216483,2.3576739485407945,1.1300862886756886
9357,3.483382252853396,2.3569417237052908,1.1264405291481054
9358,3.4956309029179504,2.397621498728105,1.0980094041898454
9359,3.476975299202412,2.311916902473193,1.165058396729219
9360,3.392435044461642,2.1930769351852475,1.1993581092763943
9361,3.480920583052695,2.3461255059594865,1.1347950770932083
9362,3.492321071449839,2.334763250448157,1.157557821001682
9363,3.5072366294297463,2.3998033038380955,1.1074333255916509
9364,3.4857645064454084,2.3207876282798803,1.164976878165528
9365,3.4927379619397794,2.360440372404834,1.1322975895349452
9366,3.489534571133681,2.375184151167046,1.1143504199666352
9367,3.5231157209420503,2.4491236169609327,1.0739921039811176
9368,3.4367349514830456,2.2706161276699834,1.1661188238130622
9369,3.454696922456067,2.4064536996445596,1.0482432228115073
9370,3.4584369172844096,2.3097799741911813,1.1486569430932283
9371,3.4628580922036196,2.373319341546232,1.0895387506573875
9372,3.4625891331148995,2.3159293696228342,1.1466597634920652
9373,3.4536020117493273,2.3219693321337203,1.131632679615607
9374,3.4865035679551832,2.4016477217157326,1.0848558462394506
9375,3.436074409426207,2.266927580858034,1.1691468285681728
9376,3.4975483637026836,2.416832101832284,1.0807162618703998
9377,3.5070651012401166,2.4174689747140543,1.0895961265260623
9378,3.444116691882843,2.305088095747814,1.139028596135029
9379,3.487826284144898,2.3797875542022213,1.1080387299426766
9380,3.431900365295493,2.2495770591300275,1.1823233061654657
9381,3.3674273157445005,2.1813109504930788,1.1861163652514217
9382,3.47252820210193,2.394815089330139,1.0777131127717907
9383,3.4326404929894028,2.29050667816259,1.142133814826813
9384,3.394599786840112,2.2872897683750426,1.1073100184650695
9385,3.4105363624968494,2.2813518462212694,1.12918451627558
9386,3.4430861633585246,2.274190813594138,1.1688953497643864
9387,3.4492349504658626,2.2881632600500006,1.161071690415862
9388,3.5027359104465927,2.3734991069960416,1.129236803450551
9389,3.4703485670643692,2.302568291525194,1.167780275539175
9390,3.4321095905423,2.2787435162399645,1.1533660743023355
9391,3.5285941900376145,2.408173394546418,1.1204207954911967
9392,3.4206776440823297,2.325431304220725,1.0952463398616046
9393,3.457115003659129,2.355449322805821,1.101665680853308
9394,3.5008359795215584,2.4086239443749267,1.0922120351466318
9395,3.4637599957856016,2.2980331895424886,1.165726806243113
9396,3.5210912182367764,2.352467546327264,1.1686236719095122
9397,3.4734947308191964,2.314573760537022,1.1589209702821743
9398,3.346067150864473,2.1596888309839666,1.1863783198805065
9399,3.4866420209335653,2.3357526430043465,1.1508893779292189
9400,3.4519951856054716,2.3370661349571016,1.11492905064837
9401,3.482889317984382,2.355236021736352,1.1276532962480301
9402,3.4839753203146486,2.33345512779454,1.1505201925201085
9403,3.509692081148119,2.4561157019088777,1.0535763792392414
9404,3.4537082848124245,2.2610548135535447,1.1926534712588799
9405,3.423911625759035,2.2060275942740524,1.2178840314849828
9406,3.5256736813871634,2.46803287903683,1.0576408023503334
9407,3.4639774740308935,2.2830128527277442,1.1809646213031493
9408,3.4917537340409948,2.3883366356928897,1.103417098348105
9409,3.504823316702302,2.361795921436944,1.1430273952653582
9410,3.523830059780145,2.4310635839646966,1.0927664758154485
9411,3.5266337931791916,2.4405522612352697,1.0860815319439219
9412,3.5180065075052727,2.3673510075680735,1.1506554999371992
9413,3.5354286074470087,2.455960885748866,1.0794677216981428
9414,3.442601037237884,2.30750621055644,1.1350948266814442
9415,3.431488417585376,2.345258145961699,1.086230271623677
9416,3.515261021351306,2.379156495441304,1.1361045259100018
9417,3.4449814706419386,2.3373538842552577,1.107627586386681
9418,3.532667590326031,2.4242621539424967,1.1084054363835345
9419,3.484444886903683,2.3049115774745794,1.1795333094291034
9420,3.444989575726208,2.248779956500072,1.1962096192261362
9421,3.4624091247470217,2.3168220989722124,1.1455870257748093
9422,3.5143597538502314,2.3522584736185292,1.1621012802317021
9423,3.5313242287050657,2.4105968764570433,1.1207273522480223
9424,3.4522900956348974,2.2995572477700374,1.15273284786486
9425,3.469759552484777,2.333636695262785,1.136122857221992
9426,3.4835792030982597,2.321934240397192,1.1616449627010677
9427,3.471109089693042,2.3779042513464494,1.0932048383465927
9428,3.5081853921335484,2.4054975851819447,1.1026878069516037
9429,3.486677799913054,2.3413103701133346,1.1453674297997192
9430,3.4893118011998174,2.4012179508661653,1.0880938503336521
9431,3.508679965212352,2.3754377250471936,1.1332422401651585
9432,3.5299684121887744,2.397273036011568,1.1326953761772063
9433,3.430050537926037,2.2981063493618934,1.1319441885641437
9434,3.497071139059871,2.3895744598971316,1.1074966791627396
9435,3.4983151516531867,2.398150017533893,1.100165134119294
9436,3.512350782783416,2.3867762924636007,1.1255744903198153
9437,3.515892647610105,2.425490629322902,1.090402018287203
9438,3.4763204954233258,2.3496898614294457,1.12663063399388
9439,3.4358588342727647,2.2914167882537475,1.1444420460190172
9440,3.4270644108899084,2.297943434826495,1.1291209760634136
9441,3.491166493309416,2.337589107357824,1.1535773859515923
9442,3.4937080474942923,2.366074667171486,1.1276333803228065
9443,3.4602814342807893,2.28379634169528,1.1764850925855095
9444,3.4940030695791005,2.4457306791504645,1.048272390428636
9445,3.45661728448605,2.3203070060457005,1.1363102784403494
9446,3.4767269239738954,2.3229661695335713,1.153760754440324
9447,3.4606999111303285,2.2842476539579715,1.176452257172357
9448,3.421481552479772,2.232960427995934,1.188521124483838
9449,3.5128027209058814,2.372790860834288,1.1400118600715934
9450,3.5260488252296,2.3883413103130273,1.1377075149165727
9451,3.5140791629566355,2.406194262538208,1.1078849004184277
9452,3.5254840296802445,2.4995459764254364,1.0259380532548081
9453,3.526452333834779,2.3789631177043526,1.1474892161304262
9454,3.4836048462344973,2.3407931489080878,1.1428116973264095
9455,3.512722434036103,2.448823285844361,1.0638991481917421
9456,3.4491157898524403,2.2370309440505705,1.2120848458018698
9457,3.384996348682117,2.2639205154653954,1.1210758332167217
9458,3.4842782937256422,2.330218492018111,1.1540598017075312
9459,3.4420893433364297,2.2466185544131925,1.1954707889232372
9460,3.371805243347965,2.1888234591153766,1.1829817842325885
9461,3.430064553583031,2.324074151798828,1.105990401784203
9462,3.5209978338371064,2.4141780509079145,1.106819782929192
9463,3.4402057931764363,2.245601272462967,1.1946045207134692
9464,3.481916036439811,2.3452684396484296,1.1366475967913816
9465,3.454025570817164,2.3256161724146276,1.1284093984025363
9466,3.446668313137195,2.276186427531005,1.1704818856061903
9467,3.4825955401047963,2.3412286622091116,1.1413668778956847
9468,3.452991058142848,2.30979351538196,1.1431975427608876
9469,3.5069833947278144,2.414566339169583,1.0924170555582315
9470,3.480897997934812,2.311849127124943,1.1690488708098687
9471,3.4694736432628885,2.312355816777612,1.1571178264852766
9472,3.470351668507289,2.2994421726140106,1.1709094958932784
9473,3.497758632599435,2.3831932423198947,1.1145653902795405
9474,3.473088537452887,2.3642320209312735,1.1088565165216133
9475,3.4503023125307384,2.298643576227234,1.1516587363035042
9476,3.4581381751061855,2.339427921889852,1.1187102532163333
9477,3.4502473644743983,2.296228262361385,1.154019102113013
9478,3.4965811669892397,2.3765820243320706,1.1199991426571692
9479,3.481324149479506,2.377868336065338,1.1034558134141679
9480,3.4501946685248583,2.278315364537046,1.1718793039878124
9481,3.443934236763462,2.3066546677452364,1.1372795690182258
9482,3.4263162764868866,2.2515409485600517,1.174775327926835
9483,3.4865299521036266,2.328899787010046,1.1576301650935807
9484,3.477881029777046,2.311465834277439,1.1664151954996074
9485,3.517875064950435,2.3747258798566437,1.1431491850937912
9486,3.530348071379826,2.4483190256078515,1.0820290457719746
9487,3.516715704126181,2.361644428337739,1.1550712757884418
9488,3.4116108386461135,2.251385872079882,1.1602249665662314
9489,3.458370521405835,2.3425310442460896,1.1158394771597453
9490,3.4964344218533143,2.371821414230671,1.1246130076226435
9491,3.477256932260879,2.353732342856759,1.12352458940412
9492,3.3848938284433054,2.2298039589743928,1.1550898694689127
9493,3.422297525346679,2.3072774383472283,1.1150200869994507
9494,3.4785149374058535,2.3638055298014313,1.1147094076044222
9495,3.479969134761601,2.334065026023612,1.145904108737989
9496,3.5313321386823784,2.458748293449649,1.0725838452327294
9497,3.4866555553527867,2.302728880688262,1.1839266746645247
9498,3.4653562145741934,2.33976846945233,1.1255877451218632
9499,3.487550603355579,2.3544105278521035,1.1331400755034755
9500,3.394563753430121,2.23849324732895,1.1560705061011713
9501,3.365298839057576,2.218255577246674,1.1470432618109019
9502,3.465714532717416,2.349780973531341,1.1159335591860753
9503,3.5001358521626424,2.357294566155316,1.1428412860073265
9504,3.5199240151602473,2.4429437575431754,1.076980257617072
9505,3.4904972940422367,2.367426233835776,1.1230710602064606
9506,3.457731571220751,2.3376645097054056,1.1200670615153454
9507,3.4809342163150574,2.3413065190095597,1.1396276973054977
9508,3.4877941851925316,2.339229587889313,1.1485645973032188
9509,3.519403315386547,2.4417869796780765,1.0776163357084707
9510,3.520620990471642,2.492867639766052,1.02775335070559
9511,3.477476948408828,2.368255319847952,1.109221628560876
9512,3.4398592985087415,2.2759033182502204,1.163955980258521
9513,3.496581062622923,2.3705033436293754,1.1260777189935474
9514,3.5092141480942067,2.3681678965223236,1.141046251571883
9515,3.4710200541897,2.3006364718428403,1.1703835823468598
9516,3.4163258610099114,2.257118817343608,1.1592070436663033
9517,3.5080127649747466,2.3806210088853303,1.1273917560894162
9518,3.5137813871357078,2.36786319481742,1.145918192318288
9519,3.4616022446840655,2.334707215024685,1.1268950296593805
9520,3.4998680775467346,2.4039984504470158,1.0958696270997188
9521,3.442017854181079,2.2955166508468925,1.1465012033341866
9522,3.5129397198239514,2.4046369772926934,1.108302742531258
9523,3.502434521221068,2.41872619376496,1.0837083274561081
9524,3.4241371813339363,2.3194587249333636,1.1046784564005727
9525,3.466558332060267,2.3414548193179954,1.1251035127422715
9526,3.4967717374284266,2.3660079601136212,1.1307637773148054
9527,3.428960860707076,2.283546278442017,1.145414582265059
9528,3.3496054419373134,2.141416655565408,1.2081887863719052
9529,3.4747299160269147,2.3959030218644313,1.0788268941624835
9530,3.3899652220787053,2.213184494196345,1.17678072788236
9531,3.500619525538697,2.3959618182105267,1.1046577073281703
9532,3.4839737379046163,2.3538048264374294,1.130168911467187
9533,3.4685038875801646,2.303210444255759,1.1652934433244058
9534,3.4146689158570322,2.2323617282287094,1.1823071876283229
9535,3.4807598331579426,2.3513005355062098,1.1294592976517328
9536,3.5036859886651683,2.3976935396074794,1.105992449057689
9537,3.5161295872809464,2.364865621856776,1.1512639654241705
9538,3.5252242512495378,2.373825816067854,1.151398435181684
9539,3.500714651013092,2.3947930720396307,1.1059215789734615
9540,3.4542985074231027,2.3655993267325393,1.0886991806905635
9541,3.4841067851522447,2.388419553484568,1.095687231667677
9542,3.5103552772417497,2.366927475019353,1.1434278022223965
9543,3.496137250583468,2.352620814892383,1.143516435691085
9544,3.5048543984376264,2.410987844416106,1.0938665540215204
9545,3.4704047430617195,2.345717758198615,1.1246869848631045
9546,3.513364713005332,2.344866115738596,1.1684985972667357
9547,3.5198081727708526,2.409212972420408,1.1105952003504447
9548,3.4494432930307632,2.3012134584781676,1.1482298345525956
9549,3.48635338891068,2.353976635292827,1.1323767536178528
9550,3.481628713800718,2.35839983488329,1.1232288789174278
9551,3.4738745899566315,2.291882856563942,1.1819917333926893
9552,3.464048444891851,2.343145622939652,1.1209028219521988
9553,3.4723450190545675,2.3412665354743436,1.131078483580224
9554,3.4405442242395954,2.3018308459580346,1.1387133782815608
9555,3.424330262742219,2.2465052393433305,1.1778250233988885
9556,3.524469443301518,2.4326826350502433,1.0917868082512747
9557,3.4192408312822655,2.270119395018063,1.1491214362642026
9558,3.4988857550824233,2.403556855343045,1.0953288997393784
9559,3.4980669820592682,2.415765543212639,1.0823014388466294
9560,3.499264937403465,2.335976484280625,1.1632884531228398
9561,3.527285595870153,2.4253026190612395,1.1019829768089133
9562,3.459077683170298,2.3238652649863822,1.1352124181839156
9563,3.469061231530299,2.3833289049578448,1.085732326572454
9564,3.515490515967174,2.3799601658518523,1.1355303501153218
9565,3.515491451326677,2.472334223397798,1.0431572279288788
9566,3.491658552528352,2.3269234386362574,1.1647351138920947
9567,3.485575399069318,2.351753520654833,1.133821878414485
9568,3.4601708477899025,2.3021802247924033,1.1579906229974992
9569,3.4567508496038553,2.334205204703921,1.1225456448999345
9570,3.5108572501489563,2.4248425659719532,1.086014684177003
9571,3.437801703425372,2.3105009528627,1.127300750562672
9572,3.493223097258513,2.371572552604954,1.1216505446535594
9573,3.3978327669438526,2.2105397843833927,1.18729298256046
9574,3.351470753847012,2.203615233545935,1.1478555203010767
9575,3.5010979216122537,2.3851295291353813,1.1159683924768724
9576,3.459174702020556,2.316745209496465,1.1424294925240908
9577,3.483095052754737,2.334455073153749,1.148639979600988
9578,3.505418193174461,2.358739294240546,1.146678898933915
9579,3.462969959837135,2.287052365190327,1.175917594646808
9580,3.4439095004289095,2.303207345048013,1.1407021553808967
9581,3.4829082121340744,2.3186610074442493,1.1642472046898251
9582,3.509857036473776,2.4285698846987476,1.0812871517750282
9583,3.4800441641836826,2.3285361667666162,1.1515079974170663
9584,3.4917059215292587,2.380733634532034,1.110972286997225
9585,3.519867702704107,2.4211668636245087,1.0987008390795983
9586,3.4806502386728866,2.3516099614074433,1.1290402772654433
9587,3.4177760837817663,2.217973645786166,1.1998024379956003
9588,3.4818997548368906,2.3358978117293394,1.1460019431075512
9589,3.4700974493523424,2.336363010796217,1.1337344385561252
9590,3.461617394076035,2.3334766191335974,1.1281407749424375
9591,3.3954728983668367,2.254512964823489,1.1409599335433476
9592,3.4269325973248006,2.2716294172852534,1.1553031800395472
9593,3.4905405179534417,2.319508684417717,1.1710318335357246
9594,3.5335102884982166,2.457209626242882,1.0763006622553344
9595,3.4026741345448475,2.265136475681472,1.1375376588633754
9596,3.4667071111456673,2.310311075621902,1.1563960355237652
9597,3.4555868852958955,2.3659756407942796,1.089611244501616
9598,3.4592859151776207,2.296179334743034,1.1631065804345866
9599,3.514742273784143,2.4427986573975686,1.0719436163865743
9600,3.4459336436297026,2.276676781764818,1.1692568618648846
9601,3.495681782971018,2.4011580852233703,1.0945236977476478
9602,3.419117506736142,2.271676624983175,1.147440881752967
9603,3.505124411045375,2.3596743522874184,1.1454500587579566
9604,3.4315140010484355,2.302197434031495,1.1293165670169407
9605,3.4602161156464466,2.457706900911144,1.0025092147353027
9606,3.546388051653809,2.4490002306440966,1.0973878210097125
9607,3.4109870767009802,2.2277964705429905,1.1831906061579898
9608,3.4982428973243986,2.3242435265759345,1.1739993707484642
9609,3.5052321829426276,2.4023970191184425,1.1028351638241851
9610,3.4547034087544812,2.4610676673421867,0.9936357414122945
9611,3.4064874645233636,2.268408789357846,1.1380786751655174
9612,3.52401561879847,2.5178637475580374,1.0061518712404327
9613,3.4744381865093046,2.3772082210703585,1.0972299654389461
9614,3.3672202834423133,2.182598693241653,1.1846215902006603
9615,3.516526241521042,2.498015402660203,1.018510838860839
9616,3.498270811360276,2.358437059565299,1.1398337517949773
9617,3.4482511131430345,2.326683948574167,1.1215671645688676
9618,3.445734513688122,2.30975828221264,1.1359762314754822
9619,3.4595958663519797,2.3341326535717033,1.1254632127802764
9620,3.480944826098844,2.3135840665474667,1.1673607595513773
9621,3.420266656202656,2.263740184542379,1.156526471660277
9622,3.422077363881366,2.302915603649371,1.1191617602319952
9623,3.492607941980912,2.3334501137959935,1.1591578281849184
9624,3.5007960300959917,2.451857202590039,1.0489388275059528
9625,3.4050885375991746,2.2540672585691235,1.1510212790300511
9626,3.4523495934565656,2.3566222135451818,1.0957273799113838
9627,3.418164338943308,2.235108336613124,1.1830560023301842
9628,3.431430724188587,2.2848937459887257,1.1465369781998613
9629,3.45881729039871,2.3271862256136626,1.1316310647850476
9630,3.4597682498202595,2.333048868551132,1.1267193812691274
9631,3.4700199651682135,2.3349823820247684,1.1350375831434452
9632,3.539567300372762,2.5085132824872165,1.0310540178855456
9633,3.4470378681199327,2.2745975512289984,1.1724403168909343
9634,3.4132250359682144,2.2670409187354594,1.146184117232755
9635,3.4369358337979623,2.3010863594628055,1.1358494743351568
9636,3.4218816510496053,2.2882963831040297,1.1335852679455756
9637,3.485955630480299,2.409014793547036,1.0769408369332631
9638,3.455147617228349,2.337026064127249,1.1181215531011
9639,3.482852987046291,2.385092112583359,1.0977608744629324
9640,3.4538171756472567,2.2890164381614633,1.1648007374857934
9641,3.4522456822473715,2.319409419458972,1.1328362627883997
9642,3.4746592583487277,2.3129814774852884,1.1616777808634393
9643,3.4310172839483273,2.2641450912301426,1.1668721927181847
9644,3.520164128528166,2.408887719402595,1.1112764091255714
9645,3.47259240917445,2.347242860888363,1.1253495482860871
9646,3.4312798343309745,2.2714485464663063,1.1598312878646682
9647,3.529512657879018,2.4127218595444964,1.1167907983345216
9648,3.482435667260157,2.3093392601557587,1.1730964071043983
9649,3.464311708961235,2.3364095720647593,1.1279021368964757
9650,3.3899197395036906,2.2980135247445235,1.0919062147591672
9651,3.4987401084768326,2.4254756598010827,1.0732644486757499
9652,3.5099680276458,2.4254852506658624,1.0844827769799377
9653,3.4185770083044686,2.274544983479321,1.1440320248251474
9654,3.5087599980813757,2.4102840063389652,1.0984759917424105
9655,3.5018383216616376,2.438011402948402,1.0638269187132354
9656,3.5170379814894654,2.4442975538390495,1.072740427650416
9657,3.5048541474684924,2.3693821427660056,1.1354720047024869
9658,3.411649908949482,2.242860096609622,1.1687898123398601
9659,3.4735627654273276,2.3312989335335597,1.142263831893768
9660,3.359470411317453,2.15063050236648,1.208839908950973
9661,3.4691556923724347,2.325756627036355,1.1433990653360797
9662,3.4618089240555974,2.316603985118827,1.1452049389367702
9663,3.5050521597223243,2.3855315881784587,1.1195205715438656
9664,3.481582815502592,2.3517314673303837,1.1298513481722083
9665,3.4863504181866976,2.3525230237903716,1.133827394396326
9666,3.4696812114825835,2.323438338005001,1.1462428734775822
9667,3.449723266737324,2.2888610477550966,1.1608622189822273
9668,3.4952741689026183,2.376171194753819,1.1191029741487992
9669,3.474367742279332,2.309395127713515,1.164972614565817
9670,3.5432366719810515,2.4360053072585606,1.107231364722491
9671,3.4839008698713623,2.358050942240845,1.1258499276305174
9672,3.4421981878589447,2.268488596048401,1.1737095918105438
9673,3.452986211147131,2.339739589195404,1.1132466219517272
9674,3.4970067743303166,2.347183408198153,1.1498233661321637
9675,3.524249590939505,2.411417894024097,1.112831696915408
9676,3.4605536499094645,2.306391107381278,1.1541625425281863
9677,3.5013587396187678,2.391410720892508,1.1099480187262598
9678,3.4981702313695338,2.3454260073285997,1.152744224040934
9679,3.4871115042675362,2.306597880744952,1.1805136235225842
9680,3.467105733933618,2.3126650167756195,1.1544407171579985
9681,3.4646436231214426,2.2883515580728098,1.1762920650486328
9682,3.4290095933619367,2.235775173774158,1.1932344195877786
9683,3.4810058910539277,2.343453805937561,1.1375520851163667
9684,3.510207206396806,2.3610845286264177,1.1491226777703885
9685,3.5131013657656123,2.3727148236693556,1.1403865420962567
9686,3.5107942082001915,2.4250698056644433,1.0857244025357482
9687,3.487918524674748,2.310460602426437,1.177457922248311
9688,3.5056157655472404,2.354760265946572,1.1508554996006684
9689,3.444546000401493,2.31849154299432,1.126054457407173
9690,3.4291616937248373,2.309587802554325,1.1195738911705124
9691,3.4913153859383717,2.424269935243576,1.0670454506947955
9692,3.477000642745269,2.3175725137123533,1.1594281290329156
9693,3.4682849897377865,2.3223239900182313,1.1459609997195552
9694,3.524622961190001,2.4258880253719544,1.0987349358180465
9695,3.416937947491189,2.3025616985333497,1.1143762489578393
9696,3.4219412735699968,2.296090231913819,1.125851041656178
9697,3.4160972112066332,2.2494766879064296,1.1666205233002036
9698,3.472273992325008,2.308146373948398,1.16412761837661
9699,3.4799170509466406,2.372719522417097,1.1071975285295435
9700,3.521832110895547,2.3779238340924196,1.1439082768031272
9701,3.512834884423461,2.382685331751962,1.130149552671499
9702,3.515678288390869,2.3957670034314376,1.1199112849594313
9703,3.4616486795103123,2.307386213123039,1.1542624663872734
9704,3.5126568289277924,2.380970719757794,1.1316861091699986
9705,3.459758994136808,2.306201998319344,1.153556995817464
9706,3.4189408405734825,2.3068926757749497,1.1120481647985327
9707,3.477670216661828,2.3485550928477767,1.129115123814051
9708,3.4839229884627887,2.3304251149470705,1.1534978735157182
9709,3.5108356304638284,2.433260020837179,1.0775756096266496
9710,3.4539378601862705,2.3552181812470523,1.0987196789392182
9711,3.5142329554435086,2.4348749832932906,1.079357972150218
9712,3.492881078459135,2.358648717925057,1.134232360534078
9713,3.510036591535834,2.376746699086629,1.1332898924492052
9714,3.4888771141247426,2.31651202789292,1.1723650862318227
9715,3.5153292051527276,2.4520246683104436,1.063304536842284
9716,3.489559496114585,2.353589283157748,1.135970212956837
9717,3.5251431815694088,2.4326291265009856,1.0925140550684231
9718,3.481255913061899,2.3680620660498533,1.1131938470120457
9719,3.379619051891194,2.1720792676544853,1.2075397842367086
9720,3.515655794343029,2.389753184071504,1.1259026102715248
9721,3.383422927646059,2.2139032676423476,1.1695196600037114
9722,3.4289415932443363,2.239196691341656,1.1897449019026802
9723,3.439469390735645,2.2740090960258477,1.1654602947097974
9724,3.4447468094225466,2.318067683402782,1.1266791260197646
9725,3.4260314014317355,2.2750040502588775,1.151027351172858
9726,3.5008955332803326,2.4361795696784765,1.0647159636018562
9727,3.5078888367639096,2.4010233118050945,1.106865524958815
9728,3.4693477432095143,2.3322958800977234,1.137051863111791
9729,3.5113698898003802,2.3858686919222354,1.1255011978781448
9730,3.472245529564585,2.3544593415483512,1.1177861880162339
9731,3.4408797304330854,2.267077079679041,1.1738026507540442
9732,3.4553772771251494,2.2535271573718423,1.2018501197533071
9733,3.4817435559865557,2.305935719447267,1.1758078365392888
9734,3.517883189150333,2.4062921023844024,1.1115910867659307
9735,3.47416069569577,2.3600497726076353,1.1141109230881345
9736,3.4206426062609743,2.225164749751267,1.195477856509707
9737,3.5091239459141086,2.442833520366301,1.0662904255478076
9738,3.423408563545965,2.2851597085581936,1.1382488549877712
9739,3.5382497585515873,2.4465260110134532,1.091723747538134
9740,3.481674858801829,2.326403431176829,1.1552714276250002
9741,3.4947087716329426,2.3901885219241388,1.1045202497088038
9742,3.491651622367301,2.3401954432831884,1.1514561790841125
9743,3.4422442579621766,2.3142008520285686,1.128043405933608
9744,3.51474627816369,2.436418989924613,1.0783272882390769
9745,3.510501626320002,2.3830663584792804,1.1274352678407218
9746,3.4821759770370284,2.370087805632989,1.1120881714040394
9747,3.498421300335018,2.3431191851248623,1.155302115210156
9748,3.5028769715361867,2.3937993031435014,1.1090776683926853
9749,3.5038718400047406,2.39255261140539,1.1113192285993505
9750,3.484044136004252,2.3457684935504703,1.1382756424537814
9751,3.5215719418311107,2.4759595334137776,1.045612408417333
9752,3.472079632867046,2.3462764813251242,1.1258031515419216
9753,3.528335368704133,2.499876843541071,1.0284585251630616
9754,3.474386408636108,2.318731819464148,1.1556545891719598
9755,3.5166787509080373,2.445463919507534,1.0712148314005034
9756,3.465693865459846,2.3294142201664654,1.1362796452933805
9757,3.43890030719046,2.252098912345151,1.1868013948453089
9758,3.3849831768030745,2.19902234337333,1.1859608334297445
9759,3.5260375298575584,2.428369993314389,1.0976675365431694
9760,3.445127131499827,2.27780612229038,1.1673210092094468
9761,3.4414454172368116,2.3883603069068218,1.0530851103299899
9762,3.5331433042574205,2.459349902128585,1.0737934021288353
9763,3.510111356394775,2.4194133858271374,1.0906979705676374
9764,3.4914278847715865,2.3404436644356195,1.150984220335967
9765,3.463395970824705,2.278304505961512,1.1850914648631927
9766,3.4370824828218187,2.29575812317077,1.1413243596510485
9767,3.51978960544706,2.3945460808502412,1.1252435245968186
9768,3.427407430404082,2.2856441835552506,1.1417632468488312
9769,3.5042411083559446,2.375846364218807,1.1283947441371378
9770,3.492356719320234,2.350872723887606,1.141483995432628
9771,3.4646404184274684,2.2840078254434473,1.1806325929840211
9772,3.4071072864470935,2.2391820098237396,1.1679252766233539
9773,3.4690817848052804,2.3277858943754346,1.1412958904298458
9774,3.4592676580200696,2.2947371454116485,1.164530512608421
9775,3.5393202676077835,2.4548044730867455,1.084515794521038
9776,3.488467543596886,2.3370004811475336,1.1514670624493526
9777,3.4835099704659163,2.341277185280876,1.1422327851850405
9778,3.507490761911818,2.406494033234554,1.1009967286772637
9779,3.4839431264650456,2.354424527155486,1.1295185993095598
9780,3.508024865983797,2.399961600659619,1.1080632653241778
9781,3.4449953511995024,2.265520185330524,1.1794751658689786
9782,3.4599881580896517,2.3264254643728757,1.133562693716776
9783,3.4868646755896346,2.341573582465729,1.1452910931239058
9784,3.4891225894775455,2.3692291571236654,1.11989343235388
9785,3.524699872435967,2.3939147258916846,1.1307851465442824
9786,3.521662550734857,2.4269064447948736,1.0947561059399833
9787,3.527459424512816,2.464823139398144,1.0626362851146718
9788,3.4611379482945894,2.330440291102598,1.1306976571919916
9789,3.485532365633468,2.3543188597261016,1.1312135059073665
9790,3.4817910642395438,2.3573399439505396,1.1244511202890042
9791,3.485393859899417,2.326939623767038,1.1584542361323793
9792,3.4683571626248435,2.3463071972986804,1.122049965326163
9793,3.4891030956617466,2.3465422427978764,1.1425608528638702
9794,3.480542553353898,2.3487520783486002,1.1317904750052978
9795,3.483233792840187,2.352392298995123,1.1308414938450642
9796,3.474584130088058,2.34969062496009,1.124893505127968
9797,3.4901270593093767,2.3064774851428056,1.1836495741665711
9798,3.4812851807424785,2.314834393951126,1.1664507867913527
9799,3.410637262619072,2.2791840828068772,1.131453179812195
9800,3.5168350828023005,2.413686201609164,1.1031488811931367
9801,3.457419960565535,2.3183628535801972,1.1390571069853377
9802,3.500872699656463,2.403710962708574,1.0971617369478892
9803,3.478096902910109,2.366461775172649,1.1116351277374603
9804,3.4832209248665182,2.342937642889877,1.1402832819766413
9805,3.4557763826964654,2.3145630833085375,1.1412132993879278
9806,3.5147758819819677,2.3656589592290946,1.149116922752873
9807,3.5230527749427565,2.415012133668254,1.1080406412745023
9808,3.4718624570964396,2.3706955875852618,1.1011668695111778
9809,3.528150587484224,2.4421595054614302,1.0859910820227938
9810,3.486018773997876,2.316358611262745,1.169660162735131
9811,3.504680606363104,2.3437884541215372,1.160892152241567
9812,3.472063422911832,2.356622048518958,1.1154413743928742
9813,3.4597801044127845,2.3075930057662344,1.1521870986465501
9814,3.4031315131296966,2.209227557271635,1.1939039558580617
9815,3.4931989316184175,2.400988877468207,1.0922100541502107
9816,3.4425888097908572,2.290808701042556,1.151780108748301
9817,3.4135837065210706,2.244757065800004,1.1688266407210666
9818,3.5092279381261156,2.357236361940836,1.1519915761852797
9819,3.474203440435311,2.4100166681964135,1.0641867722388976
9820,3.512325919192427,2.4033531956977474,1.1089727234946798
9821,3.448882256928043,2.2964519747733743,1.1524302821546688
9822,3.444736157445318,2.2490485845338655,1.1956875729114524
9823,3.5149943169112103,2.4266486128949154,1.088345704016295
9824,3.417066148858112,2.2796984772470785,1.1373676716110337
9825,3.421948530829984,2.248119535205884,1.1738289956241
9826,3.475555744833939,2.316578695111389,1.1589770497225498
9827,3.458922272369465,2.30340097517517,1.1555212971942952
9828,3.488699561021977,2.3487555280801677,1.1399440329418091
9829,3.514466935550476,2.386092229196215,1.1283747063542608
9830,3.4229241751845367,2.2313456511722864,1.1915785240122503
9831,3.4726690276715986,2.3484914940262125,1.124177533645386
9832,3.498931686404008,2.4583103674165603,1.0406213189874478
9833,3.494591933823702,2.4057085609188245,1.0888833729048777
9834,3.3651866255090956,2.2164833122337533,1.1487033132753424
9835,3.5060498532702833,2.4096838125289146,1.0963660407413687
9836,3.4899046929240067,2.342158440491818,1.1477462524321886
9837,3.4895280755216143,2.320782855402469,1.168745220119145
9838,3.507312302037536,2.3537441436513995,1.1535681583861366
9839,3.5087882184511225,2.3217439427201847,1.1870442757309378
9840,3.398781023584956,2.226069336491962,1.1727116870929937
9841,3.536402567501688,2.4297333046169585,1.1066692628847297
9842,3.5266651269695934,2.4042639202688676,1.1224012067007259
9843,3.4184014113293224,2.2621502795744592,1.1562511317548632
9844,3.456381283989756,2.2919540400352982,1.1644272439544578
9845,3.4463372763641686,2.30097701354134,1.1453602628228285
9846,3.478703426082126,2.362718473185817,1.115984952896309
9847,3.4315697576813036,2.292327490011371,1.1392422676699328
9848,3.50011803728378,2.412773646747022,1.087344390536758
9849,3.5157816258865977,2.4029404629881426,1.1128411628984551
9850,3.501532761746097,2.406616191032168,1.094916570713929
9851,3.485984773071312,2.352764516726394,1.1332202563449179
9852,3.4990966858653048,2.3486943808897207,1.150402304975584
9853,3.522492796943495,2.4194682094826536,1.1030245874608413
9854,3.399751053403797,2.2677288352330827,1.1320222181707145
9855,3.4766718811640276,2.3535525484323645,1.123119332731663
9856,3.4746716970320755,2.3715127304141856,1.1031589666178898
9857,3.462709392035833,2.4080258094552742,1.0546835825805587
9858,3.5390885660230773,2.4681446066422663,1.070943959380811
9859,3.465822137497156,2.3540717335273684,1.1117504039697876
9860,3.4071849231673546,2.264365649200116,1.1428192739672385
9861,3.4367386315726405,2.301062753763211,1.1356758778094296
9862,3.4390951590880916,2.2589044289217894,1.1801907301663022
9863,3.4086499956009293,2.278634935518438,1.1300150600824912
9864,3.4621849666331825,2.287035916265191,1.1751490503679913
9865,3.5214266312422633,2.4164126076343693,1.105014023607894
9866,3.5074788673360016,2.389243819957984,1.1182350473780174
9867,3.431708602993911,2.2752892923067907,1.1564193106871201
9868,3.4938259044800803,2.3601497882002156,1.1336761162798648
9869,3.479181393422659,2.372509681277262,1.1066717121453968
9870,3.4689633190931333,2.298466560416833,1.1704967586763004
9871,3.4592890297372327,2.2754245539989117,1.183864475738321
9872,3.532780018428726,2.420992646183603,1.1117873722451228
9873,3.434820176883168,2.248268746881178,1.1865514300019897
9874,3.514380361795668,2.4366375054010243,1.0777428563946438
9875,3.473401867678813,2.414539505873103,1.0588623618057103
9876,3.4807310666970572,2.355566993354358,1.1251640733426993
9877,3.4757718904940518,2.3761679806421707,1.099603909851881
9878,3.4720377846410275,2.3403984914521976,1.13163929318883
9879,3.4544502930619343,2.3160278022074725,1.1384224908544618
9880,3.5112307753777676,2.393358636584805,1.1178721387929627
9881,3.4868642736844953,2.338209735578461,1.1486545381060345
9882,3.344532582434966,2.194160480455079,1.1503721019798872
9883,3.5161561941847337,2.425657299661288,1.0904988945234457
9884,3.449447136001599,2.311039676720723,1.138407459280876
9885,3.4362637640274483,2.260734387809094,1.1755293762183543
9886,3.408582888033138,2.2937821193939256,1.1148007686392125
9887,3.3677782502274654,2.178096883626373,1.1896813666010924
9888,3.5026741939160027,2.429992706233125,1.0726814876828779
9889,3.473857604402191,2.331536871388871,1.14232073301332
9890,3.4893543422330477,2.3847267589444696,1.1046275832885781
9891,3.4581758446412283,2.3390094015723,1.119166443068928
9892,3.389552509533034,2.1883759015638207,1.2011766079692134
9893,3.5272951561293517,2.452555011817152,1.0747401443121998
9894,3.514537699715755,2.4165320776010737,1.0980056221146812
9895,3.357566239598845,2.1862305461148424,1.1713356934840027
9896,3.4785090630830164,2.3720863082754513,1.1064227548075651
9897,3.4926922066920145,2.371874793168532,1.1208174135234827
9898,3.465835159276932,2.354810466238322,1.11102469303861
9899,3.411304406782989,2.2914486492258748,1.1198557575571142
9900,3.5230631912566306,2.467933656456033,1.0551295348005976
9901,3.506006119563589,2.3707738103029765,1.1352323092606125
9902,3.474880534353276,2.3536083240847088,1.1212722102685673
9903,3.506951325678878,2.341477935717412,1.1654733899614662
9904,3.433201271845659,2.289488580910791,1.1437126909348678
9905,3.5032138222012543,2.3749983914063018,1.1282154307949526
9906,3.495946891597587,2.3828791186984035,1.1130677728991833
9907,3.5384174818472824,2.422791456111444,1.1156260257358386
9908,3.4237873045043004,2.2399006100719605,1.1838866944323398
9909,3.502174764029329,2.376506984251326,1.125667779778003
9910,3.4619269183353167,2.3341976319083244,1.1277292864269923
9911,3.486408959733257,2.350102834566938,1.136306125166319
9912,3.480619380085894,2.3432340666944445,1.1373853133914498
9913,3.428519484047288,2.315113811285326,1.1134056727619623
9914,3.4373656317943833,2.2628054371992703,1.174560194595113
9915,3.543408014420993,2.5179297356178036,1.0254782788031895
9916,3.4535631122215387,2.2851531960055076,1.168409916216031
9917,3.518737685717328,2.382347227775527,1.136390457941801
9918,3.507437090468999,2.3489923190605944,1.1584447714084045
9919,3.423954455058355,2.2662680854543273,1.1576863696040278
9920,3.422548530338144,2.346549802700652,1.0759987276374918
9921,3.462604655106936,2.3591266926272443,1.1034779624796918
9922,3.477998798320101,2.384245227267596,1.0937535710525053
9923,3.4379458131482137,2.258838859017742,1.1791069541304715
9924,3.481555088818058,2.357982787918843,1.1235723008992151
9925,3.493555320489659,2.368582221296193,1.124973099193466
9926,3.497620129067848,2.373777889227847,1.123842239840001
9927,3.4287543755865006,2.273950215130142,1.1548041604563588
9928,3.3993900634379584,2.242204776308738,1.1571852871292205
9929,3.4948168210279245,2.3602627037009345,1.13455411732699
9930,3.4547793884310476,2.3514211248308703,1.1033582636001773
9931,3.4464159943299606,2.2796289367881655,1.1667870575417951
9932,3.520962436420988,2.370945943686481,1.1500164927345073
9933,3.4753399495574127,2.3367810166770364,1.1385589328803762
9934,3.4672886323092276,2.3444563857583867,1.122832246550841
9935,3.4628350541410424,2.338058629558085,1.1247764245829575
9936,3.4348564578779444,2.249840533237372,1.1850159246405725
9937,3.4691225084342165,2.391352074662017,1.0777704337721996
9938,3.445480465783782,2.3313715813752656,1.1141088844085165
9939,3.520426323817444,2.4424495066991687,1.0779768171182753
9940,3.4902359887644123,2.3398257708062205,1.1504102179581919
9941,3.450656876155268,2.2758941984430536,1.1747626777122142
9942,3.4969407839834408,2.3804772319842886,1.1164635519991521
9943,3.538427156115157,2.502269102579279,1.0361580535358779
9944,3.473236054982184,2.332815206019891,1.1404208489622931
9945,3.478069893398863,2.315399427039698,1.162670466359165
9946,3.5177579272309374,2.4389098488719605,1.078848078358977
9947,3.4790394411041903,2.3068321621218377,1.1722072789823526
9948,3.450820184038364,2.305948105090412,1.144872078947952
9949,3.4780267665094193,2.3653881242134682,1.112638642295951
9950,3.501670466373089,2.3757270022651946,1.1259434641078943
9951,3.4205423014411713,2.282958491341221,1.1375838100999505
9952,3.500962774677065,2.375035994016455,1.1259267806606101
9953,3.48591128533072,2.319972973811726,1.1659383115189943
9954,3.417697182323368,2.2382169309045716,1.1794802514187963
9955,3.46167912771967,2.307340996273967,1.1543381314457033
9956,3.5203702956907548,2.4736984922663696,1.0466718034243851
9957,3.506043426393801,2.407312594588371,1.09873083180543
9958,3.5282690856528123,2.4267653116577974,1.1015037739950149
9959,3.490580257958911,2.3415565816052544,1.1490236763536568
9960,3.346339816461977,2.1531145074462983,1.1932253090156788
9961,3.4205614887719094,2.2635103326336417,1.1570511561382677
9962,3.5248914604861343,2.4099920945858297,1.1148993659003046
9963,3.4765239144180295,2.344133666855407,1.1323902475626224
9964,3.4659515370430727,2.367694789213489,1.0982567478295837
9965,3.478068822763491,2.2981739952376565,1.1798948275258345
9966,3.493074810406343,2.355819843034018,1.137254967372325
9967,3.4554810290181033,2.3478515036056384,1.1076295254124648
9968,3.5231065646581876,2.3478139779917218,1.1752925866664659
9969,3.442223271580289,2.332862257591415,1.1093610139888743
9970,3.463588002110255,2.3853206258618274,1.0782673762484278
9971,3.4607975134100664,2.3130334784444466,1.1477640349656197
9972,3.518224046742709,2.40242216314965,1.115801883593059
9973,3.516971706749421,2.428952069343356,1.0880196374060649
9974,3.506210360118145,2.4459851476970322,1.0602252124211127
9975,3.5172852393348633,2.4302625788751255,1.0870226604597377
9976,3.5068471998517383,2.395302358432847,1.1115448414188913
9977,3.518644340726366,2.3979277030300623,1.1207166376963036
9978,3.4744595125227766,2.333770180823229,1.1406893316995474
9979,3.435500865740294,2.303065863520877,1.1324350022194167
9980,3.510131957206947,2.4421219920849944,1.0680099651219526
9981,3.5022023322679345,2.370017576610616,1.1321847556573186
9982,3.4743988687425555,2.3635858982633646,1.110812970479191
9983,3.5125411739488173,2.425325882729779,1.0872152912190383
9984,3.485330665855773,2.2981746964213405,1.1871559694344325
9985,3.4816022587707063,2.330473140538223,1.1511291182324834
9986,3.532203661208815,2.4865495092593113,1.0456541519495035
9987,3.4126260120812115,2.2778892953523493,1.1347367167288622
9988,3.488375169488872,2.328161463666137,1.1602137058227346
9989,3.423054898994057,2.2910769192769216,1.1319779797171354
9990,3.5067893895797866,2.3612236059165688,1.1455657836632178
9991,3.432244970494815,2.285016715831947,1.1472282546628678
9992,3.4576780568058054,2.338617910420125,1.1190601463856806
9993,3.4763823171038393,2.3697177424422464,1.1066645746615928
9994,3.4356063515726767,2.27752339977035,1.1580829518023266
9995,3.512280007980177,2.410685071065422,1.101594936914755
9996,3.4977575200367466,2.357219330389221,1.1405381896475255
9997,3.443670646815168,2.2887299329559374,1.1549407138592307
9998,3.4957934899267493,2.4273009873610674,1.068492502565682
9999,3.4502581778062567,2.371025830304107,1.0792323475021495
10000,3.4089102121240202,2.2289257426324847,1.1799844694915356
